id,address,zip,match_type,itm_x,itm_y,utm_x,utm_y
001027-073567-00000-X,"מלכה הנרי, דימונה",86011,street,202486.60,552388.56,693367.99,3438300.12
001027-073567-00002-X,"מלכה הנרי 2, דימונה",86011,exact,202574.80,552324.11,693457.47,3438237.43
001027-073567-00262-X,"מלכה הנרי 262, דימונה",86011,street,202486.60,552388.56,693367.99,3438300.12
001027-073567-00265-X,"מלכה הנרי 265, דימונה",86011,exact,202572.64,552349.53,693454.79,3438262.81
001027-073567-00265-א,"מלכה הנרי 265א, דימונה",86011,exact,202572.64,552349.53,693454.79,3438262.81
001027-073567-00265-ב,"מלכה הנרי 265ב, דימונה",86011,exact,202572.64,552349.53,693454.79,3438262.81
001027-073567-00266-X,"מלכה הנרי 266, דימונה",86011,exact,202565.81,552374.22,693447.48,3438287.35
001027-073567-00266-א,"מלכה הנרי 266א, דימונה",86011,exact,202565.81,552374.22,693447.48,3438287.35
001027-073567-00266-ב,"מלכה הנרי 266ב, דימונה",86011,exact,202565.81,552374.22,693447.48,3438287.35
001027-073567-00266-ג,"מלכה הנרי 266ג, דימונה",86011,exact,202565.81,552374.22,693447.48,3438287.35
001027-073567-00267-X,"מלכה הנרי 267, דימונה",86011,exact,202564.00,552400.49,693445.14,3438313.59
001027-073567-00267-ב,"מלכה הנרי 267ב, דימונה",86011,exact,202564.00,552400.49,693445.14,3438313.59
001027-073567-00268-X,"מלכה הנרי 268, דימונה",86011,street,202486.60,552388.56,693367.99,3438300.12
001027-073567-00268-א,"מלכה הנרי 268א, דימונה",86011,street,202486.60,552388.56,693367.99,3438300.12
001027-073567-00268-ב,"מלכה הנרי 268ב, דימונה",86011,street,202486.60,552388.56,693367.99,3438300.12
001027-073567-00268-ג,"מלכה הנרי 268ג, דימונה",86011,street,202486.60,552388.56,693367.99,3438300.12
001027-073567-00268-ה,"מלכה הנרי 268ה, דימונה",86011,street,202486.60,552388.56,693367.99,3438300.12
001027-073567-00269-X,"מלכה הנרי 269, דימונה",86011,street,202486.60,552388.56,693367.99,3438300.12
001027-073567-00269-א,"מלכה הנרי 269א, דימונה",86011,street,202486.60,552388.56,693367.99,3438300.12
001027-073567-00269-ב,"מלכה הנרי 269ב, דימונה",86011,street,202486.60,552388.56,693367.99,3438300.12
001027-073567-00269-ד,"מלכה הנרי 269ד, דימונה",86011,street,202486.60,552388.56,693367.99,3438300.12
001027-073822-00121-X,"? 121, דימונה",86011,none,,,,
001027-073822-00121-א,"? 121א, דימונה",86011,none,,,,
001027-073822-00121-ב,"? 121ב, דימונה",86011,none,,,,
001027-073822-00121-ג,"? 121ג, דימונה",86011,none,,,,
001027-073822-00122-ב,"? 122ב, דימונה",86011,none,,,,
001027-073822-00123-X,"? 123, דימונה",86011,none,,,,
001027-073822-00123-א,"? 123א, דימונה",86011,none,,,,
001027-073822-00123-ב,"? 123ב, דימונה",86011,none,,,,
001027-073822-00124-X,"? 124, דימונה",86011,none,,,,
001027-073822-00124-א,"? 124א, דימונה",86011,none,,,,
001027-073822-00124-ב,"? 124ב, דימונה",86011,none,,,,
001027-073822-00124-ג,"? 124ג, דימונה",86011,none,,,,
001027-073822-00125-X,"? 125, דימונה",86011,none,,,,
001027-073822-00125-א,"? 125א, דימונה",86011,none,,,,
001027-073822-00125-ג,"? 125ג, דימונה",86011,none,,,,
001027-073822-00258-X,"? 258, דימונה",86123,none,,,,
001027-073822-00261-X,"? 261, דימונה",86011,none,,,,
001027-073822-00262-X,"? 262, דימונה",86123,none,,,,
001027-073822-00265-X,"? 265, דימונה",86123,none,,,,
001027-074211-00002-X,"התאנה 2, דימונה",86027,exact,202359.80,552540.39,693238.20,3438449.41
001027-074211-00220-X,"התאנה 220, דימונה",86027,street,202509.70,552600.96,693386.87,3438512.95
001027-074211-00222-X,"התאנה 222, דימונה",86027,street,202509.70,552600.96,693386.87,3438512.95
001027-074211-00224-X,"התאנה 224, דימונה",86027,street,202509.70,552600.96,693386.87,3438512.95
001027-074211-00230-X,"התאנה 230, דימונה",86027,street,202509.70,552600.96,693386.87,3438512.95
001027-074211-00232-X,"התאנה 232, דימונה",86027,street,202509.70,552600.96,693386.87,3438512.95
001027-074211-00234-X,"התאנה 234, דימונה",86027,street,202509.70,552600.96,693386.87,3438512.95
001027-074211-00236-X,"התאנה 236, דימונה",86027,street,202509.70,552600.96,693386.87,3438512.95
001027-074211-00238-X,"התאנה 238, דימונה",86027,street,202509.70,552600.96,693386.87,3438512.95
001027-074211-00240-X,"התאנה 240, דימונה",86027,street,202509.70,552600.96,693386.87,3438512.95
001027-074211-00242-X,"התאנה 242, דימונה",86027,street,202509.70,552600.96,693386.87,3438512.95
001027-074211-00244-X,"התאנה 244, דימונה",86027,street,202509.70,552600.96,693386.87,3438512.95
001027-074211-00246-X,"התאנה 246, דימונה",86027,street,202509.70,552600.96,693386.87,3438512.95
001027-074211-00248-X,"התאנה 248, דימונה",86027,street,202509.70,552600.96,693386.87,3438512.95
001027-074211-00250-X,"התאנה 250, דימונה",86027,street,202509.70,552600.96,693386.87,3438512.95
001027-074211-00254-X,"התאנה 254, דימונה",86027,street,202509.70,552600.96,693386.87,3438512.95
001027-074211-00256-X,"התאנה 256, דימונה",86027,street,202509.70,552600.96,693386.87,3438512.95
001027-074211-00258-X,"התאנה 258, דימונה",86027,street,202509.70,552600.96,693386.87,3438512.95
001027-074211-00260-X,"התאנה 260, דימונה",86027,street,202509.70,552600.96,693386.87,3438512.95
001027-074211-00334-X,"התאנה 334, דימונה",86027,street,202509.70,552600.96,693386.87,3438512.95
001027-074211-00336-X,"התאנה 336, דימונה",86027,street,202509.70,552600.96,693386.87,3438512.95
001027-074211-00338-X,"התאנה 338, דימונה",86027,street,202509.70,552600.96,693386.87,3438512.95
001027-074211-00340-X,"התאנה 340, דימונה",86027,street,202509.70,552600.96,693386.87,3438512.95
001027-074211-00342-X,"התאנה 342, דימונה",86027,street,202509.70,552600.96,693386.87,3438512.95
001027-074211-00344-X,"התאנה 344, דימונה",86027,street,202509.70,552600.96,693386.87,3438512.95
001027-074211-00346-X,"התאנה 346, דימונה",86027,street,202509.70,552600.96,693386.87,3438512.95
001027-074211-00348-X,"התאנה 348, דימונה",86027,street,202509.70,552600.96,693386.87,3438512.95
001027-074211-00350-X,"התאנה 350, דימונה",86027,street,202509.70,552600.96,693386.87,3438512.95
001027-074211-00352-X,"התאנה 352, דימונה",86027,street,202509.70,552600.96,693386.87,3438512.95
001027-074211-00354-X,"התאנה 354, דימונה",86027,street,202509.70,552600.96,693386.87,3438512.95
001027-074211-00356-X,"התאנה 356, דימונה",86027,street,202509.70,552600.96,693386.87,3438512.95
001027-074211-00358-X,"התאנה 358, דימונה",86027,street,202509.70,552600.96,693386.87,3438512.95
001027-074211-00362-X,"התאנה 362, דימונה",86027,street,202509.70,552600.96,693386.87,3438512.95
001027-074211-00364-X,"התאנה 364, דימונה",86027,street,202509.70,552600.96,693386.87,3438512.95
001027-074211-00366-X,"התאנה 366, דימונה",86027,street,202509.70,552600.96,693386.87,3438512.95
001027-074211-00368-X,"התאנה 368, דימונה",86027,street,202509.70,552600.96,693386.87,3438512.95
001027-074211-00374-X,"התאנה 374, דימונה",86027,street,202509.70,552600.96,693386.87,3438512.95
001027-074211-00380-X,"התאנה 380, דימונה",86027,street,202509.70,552600.96,693386.87,3438512.95
001027-074211-00382-X,"התאנה 382, דימונה",86027,street,202509.70,552600.96,693386.87,3438512.95
001027-074430-00001-X,"הגפן 1, דימונה",86028,exact,202669.83,552683.95,693545.33,3438599.11
001027-074430-00002-X,"הגפן 2, דימונה",86028,street,202374.59,552635.90,693251.09,3438545.20
001027-074430-00004-X,"הגפן 4, דימונה",86028,exact,202569.61,552707.25,693444.67,3438620.41
001027-074430-00005-X,"הגפן 5, דימונה",86028,exact,202638.73,552681.53,693514.29,3438596.07
001027-074430-00006-X,"הגפן 6, דימונה",86028,exact,202557.38,552685.74,693432.86,3438598.66
001027-074430-00007-X,"הגפן 7, דימונה",86028,exact,202599.12,552675.90,693474.79,3438589.65
001027-074430-00008-X,"הגפן 8, דימונה",86028,exact,202538.76,552687.98,693414.20,3438600.53
001027-074430-00009-X,"הגפן 9, דימונה",86028,exact,202590.36,552670.36,693466.14,3438583.94
001027-074430-00010-X,"הגפן 10, דימונה",86028,exact,202529.78,552680.96,693405.36,3438593.34
001027-074430-00011-X,"הגפן 11, דימונה",86028,exact,202576.30,552671.43,693452.07,3438584.73
001027-074430-00012-X,"הגפן 12, דימונה",86028,exact,202509.01,552687.92,693384.45,3438599.89
001027-074430-00013-X,"הגפן 13, דימונה",86028,exact,202567.40,552673.63,693443.12,3438586.75
001027-074430-00014-X,"הגפן 14, דימונה",86028,exact,202503.23,552679.09,693378.86,3438590.94
001027-074430-00015-X,"הגפן 15, דימונה",86028,exact,202542.01,552664.37,693417.92,3438576.99
001027-074430-00016-X,"הגפן 16, דימונה",86028,exact,202506.86,552714.60,693381.78,3438626.52
001027-074430-00017-X,"הגפן 17, דימונה",86028,exact,202540.28,552658.31,693416.31,3438570.90
001027-074430-00018-X,"הגפן 18, דימונה",86028,exact,202497.59,552709.48,693372.61,3438621.21
001027-074430-00019-X,"הגפן 19, דימונה",86028,exact,202529.69,552663.83,693405.61,3438576.20
001027-074430-00021-X,"הגפן 21, דימונה",86028,exact,202514.09,552660.05,693390.09,3438572.12
001027-074430-00024-X,"הגפן 24, דימונה",86028,exact,202481.99,552683.99,693357.52,3438595.41
001027-074430-00025-X,"הגפן 25, דימונה",86028,exact,202466.63,552648.64,693342.87,3438559.77
001027-074430-00026-X,"הגפן 26, דימונה",86028,exact,202477.18,552677.27,693352.85,3438588.60
001027-074430-00027-X,"הגפן 27, דימונה",86028,exact,202447.42,552644.93,693323.73,3438555.67
001027-074430-00028-X,"הגפן 28, דימונה",86028,exact,202461.33,552678.25,693336.98,3438589.26
001027-074430-00029-X,"הגפן 29, דימונה",86028,exact,202438.37,552636.98,693314.84,3438547.54
001027-074430-00030-X,"הגפן 30, דימונה",86028,exact,202449.18,552675.94,693324.88,3438586.72
001027-074430-00031-X,"הגפן 31, דימונה",86028,exact,202422.30,552636.32,693298.79,3438546.57
001027-074430-00032-X,"הגפן 32, דימונה",86028,exact,202440.55,552670.84,693316.35,3438581.44
001027-074430-00033-X,"הגפן 33, דימונה",86028,exact,202419.70,552621.46,693296.48,3438531.65
001027-074430-00034-X,"הגפן 34, דימונה",86028,exact,202423.19,552668.54,693299.04,3438578.80
001027-074430-00035-X,"הגפן 35, דימונה",86028,exact,202391.27,552627.79,693267.92,3438537.43
001027-074430-00036-X,"הגפן 36, דימונה",86028,exact,202399.89,552663.89,693275.83,3438573.69
001027-074430-00037-X,"הגפן 37, דימונה",86028,exact,202379.34,552619.02,693256.18,3438528.42
001027-074430-00040-X,"הגפן 40, דימונה",86028,exact,202375.91,552650.72,693252.12,3438560.04
001027-074430-00041-X,"הגפן 41, דימונה",86028,exact,202352.54,552610.90,693229.54,3438519.77
001027-074430-00042-X,"הגפן 42, דימונה",86028,exact,202352.88,552650.35,693229.09,3438559.22
001027-074430-00043-X,"הגפן 43, דימונה",86028,exact,202329.02,552599.77,693206.24,3438508.17
001027-074430-00044-X,"הגפן 44, דימונה",86028,exact,202340.20,552636.36,693216.70,3438544.98
001027-074430-00045-X,"הגפן 45, דימונה",86028,exact,202313.72,552591.61,693191.11,3438499.71
001027-074430-00046-X,"הגפן 46, דימונה",86028,exact,202325.72,552630.49,693202.33,3438538.82
001027-074430-00048-X,"הגפן 48, דימונה",86028,street,202374.59,552635.90,693251.09,3438545.20
001027-074430-00049-X,"הגפן 49, דימונה",86028,exact,202285.69,552573.12,693163.45,3438480.67
001027-074430-00050-X,"הגפן 50, דימונה",86028,street,202374.59,552635.90,693251.09,3438545.20
001027-074430-00051-X,"הגפן 51, דימונה",86028,exact,202269.86,552567.27,693147.74,3438474.51
001027-074730-00000-X,"האשל, דימונה",86025,street,202817.04,552828.53,693689.65,3438746.59
001027-074730-00016-X,"האשל 16, דימונה",86025,exact,202783.89,552847.77,693656.12,3438765.16
001027-074730-00552-X,"האשל 552, דימונה",86025,street,202817.04,552828.53,693689.65,3438746.59
001027-074730-00554-X,"האשל 554, דימונה",86025,street,202817.04,552828.53,693689.65,3438746.59
001027-074730-00555-X,"האשל 555, דימונה",86025,street,202817.04,552828.53,693689.65,3438746.59
001027-074730-00557-X,"האשל 557, דימונה",86025,street,202817.04,552828.53,693689.65,3438746.59
001027-074730-00558-X,"האשל 558, דימונה",86025,street,202817.04,552828.53,693689.65,3438746.59
001027-074730-00560-X,"האשל 560, דימונה",86025,street,202817.04,552828.53,693689.65,3438746.59
001027-074730-00561-X,"האשל 561, דימונה",86025,street,202817.04,552828.53,693689.65,3438746.59
001027-074730-00562-X,"האשל 562, דימונה",86025,street,202817.04,552828.53,693689.65,3438746.59
001027-074730-00563-X,"האשל 563, דימונה",86025,street,202817.04,552828.53,693689.65,3438746.59
001027-074730-00564-X,"האשל 564, דימונה",86025,street,202817.04,552828.53,693689.65,3438746.59
001027-074730-00566-X,"האשל 566, דימונה",86025,street,202817.04,552828.53,693689.65,3438746.59
001027-074730-00567-X,"האשל 567, דימונה",86025,street,202817.04,552828.53,693689.65,3438746.59
001027-074730-00568-X,"האשל 568, דימונה",86025,street,202817.04,552828.53,693689.65,3438746.59
001027-074730-00569-X,"האשל 569, דימונה",86025,street,202817.04,552828.53,693689.65,3438746.59
001027-074730-00570-X,"האשל 570, דימונה",86025,street,202817.04,552828.53,693689.65,3438746.59
001027-075069-00010-X,"ההדס 10, דימונה",86028,exact,202820.66,552615.19,693697.51,3438533.35
001027-075069-00521-X,"ההדס 521, דימונה",86028,street,202812.20,552635.35,693688.65,3438553.34
001027-075069-00522-X,"ההדס 522, דימונה",86028,street,202812.20,552635.35,693688.65,3438553.34
001027-075069-00524-X,"ההדס 524, דימונה",86028,street,202812.20,552635.35,693688.65,3438553.34
001027-075069-00525-X,"ההדס 525, דימונה",86028,street,202812.20,552635.35,693688.65,3438553.34
001027-075069-00526-X,"ההדס 526, דימונה",86028,street,202812.20,552635.35,693688.65,3438553.34
001027-075069-00530-X,"ההדס 530, דימונה",86028,street,202812.20,552635.35,693688.65,3438553.34
001027-075069-00531-X,"ההדס 531, דימונה",86028,street,202812.20,552635.35,693688.65,3438553.34
001027-075520-00000-X,"שד גולדה מאיר, דימונה",86058,street,202958.41,553726.62,693813.16,3439647.35
001027-075520-00149-X,"שד גולדה מאיר 149, דימונה",86058,exact,202919.22,553876.87,693771.00,3439796.80
001027-075520-01001-X,"שד גולדה מאיר 1001, דימונה",86058,street,202958.41,553726.62,693813.16,3439647.35
001027-075520-01001-ב,"שד גולדה מאיר 1001ב, דימונה",86058,street,202958.41,553726.62,693813.16,3439647.35
001027-075520-01002-א,"שד גולדה מאיר 1002א, דימונה",86058,street,202958.41,553726.62,693813.16,3439647.35
001027-075520-01002-ג,"שד גולדה מאיר 1002ג, דימונה",86058,street,202958.41,553726.62,693813.16,3439647.35
001027-075520-01003-א,"שד גולדה מאיר 1003א, דימונה",86058,street,202958.41,553726.62,693813.16,3439647.35
001027-075520-01004-X,"שד גולדה מאיר 1004, דימונה",86058,street,202958.41,553726.62,693813.16,3439647.35
001027-075520-01004-א,"שד גולדה מאיר 1004א, דימונה",86058,street,202958.41,553726.62,693813.16,3439647.35
001027-075520-01004-ג,"שד גולדה מאיר 1004ג, דימונה",86058,street,202958.41,553726.62,693813.16,3439647.35
001027-075520-01005-X,"שד גולדה מאיר 1005, דימונה",86058,street,202958.41,553726.62,693813.16,3439647.35
001027-075520-01005-א,"שד גולדה מאיר 1005א, דימונה",86058,street,202958.41,553726.62,693813.16,3439647.35
001027-075520-01006-X,"שד גולדה מאיר 1006, דימונה",86058,street,202958.41,553726.62,693813.16,3439647.35
001027-075520-01006-א,"שד גולדה מאיר 1006א, דימונה",86058,street,202958.41,553726.62,693813.16,3439647.35
001027-075520-01006-ב,"שד גולדה מאיר 1006ב, דימונה",86058,street,202958.41,553726.62,693813.16,3439647.35
001027-075520-01007-X,"שד גולדה מאיר 1007, דימונה",86058,street,202958.41,553726.62,693813.16,3439647.35
001027-075520-01007-א,"שד גולדה מאיר 1007א, דימונה",86058,street,202958.41,553726.62,693813.16,3439647.35
001027-075520-01007-ד,"שד גולדה מאיר 1007ד, דימונה",86058,street,202958.41,553726.62,693813.16,3439647.35
001027-075520-01007-ה,"שד גולדה מאיר 1007ה, דימונה",86058,street,202958.41,553726.62,693813.16,3439647.35
001027-075520-01020-X,"שד גולדה מאיר 1020, דימונה",86058,street,202958.41,553726.62,693813.16,3439647.35
001027-075520-01020-א,"שד גולדה מאיר 1020א, דימונה",86058,street,202958.41,553726.62,693813.16,3439647.35
001027-075520-01020-ב,"שד גולדה מאיר 1020ב, דימונה",86058,street,202958.41,553726.62,693813.16,3439647.35
001027-075520-01020-ג,"שד גולדה מאיר 1020ג, דימונה",86058,street,202958.41,553726.62,693813.16,3439647.35
001027-075520-01020-ד,"שד גולדה מאיר 1020ד, דימונה",86058,street,202958.41,553726.62,693813.16,3439647.35
001027-075520-01021-ב,"שד גולדה מאיר 1021ב, דימונה",86058,street,202958.41,553726.62,693813.16,3439647.35
001027-075520-01021-ה,"שד גולדה מאיר 1021ה, דימונה",86058,street,202958.41,553726.62,693813.16,3439647.35
001027-075520-01022-X,"שד גולדה מאיר 1022, דימונה",86058,street,202958.41,553726.62,693813.16,3439647.35
001027-075520-01022-א,"שד גולדה מאיר 1022א, דימונה",86058,street,202958.41,553726.62,693813.16,3439647.35
001027-075520-01022-ג,"שד גולדה מאיר 1022ג, דימונה",86058,street,202958.41,553726.62,693813.16,3439647.35
001027-075520-01022-ד,"שד גולדה מאיר 1022ד, דימונה",86058,street,202958.41,553726.62,693813.16,3439647.35
001027-075520-01022-ה,"שד גולדה מאיר 1022ה, דימונה",86058,street,202958.41,553726.62,693813.16,3439647.35
001027-075520-01022-ו,"שד גולדה מאיר 1022ו, דימונה",86058,street,202958.41,553726.62,693813.16,3439647.35
001027-075520-01023-X,"שד גולדה מאיר 1023, דימונה",86058,street,202958.41,553726.62,693813.16,3439647.35
001027-075520-01023-א,"שד גולדה מאיר 1023א, דימונה",86058,street,202958.41,553726.62,693813.16,3439647.35
001027-075520-01023-ב,"שד גולדה מאיר 1023ב, דימונה",86058,street,202958.41,553726.62,693813.16,3439647.35
001027-075520-01023-ג,"שד גולדה מאיר 1023ג, דימונה",86058,street,202958.41,553726.62,693813.16,3439647.35
001027-075520-01023-ד,"שד גולדה מאיר 1023ד, דימונה",86058,street,202958.41,553726.62,693813.16,3439647.35
001027-075520-01033-X,"שד גולדה מאיר 1033, דימונה",86058,street,202958.41,553726.62,693813.16,3439647.35
001027-075520-01033-א,"שד גולדה מאיר 1033א, דימונה",86058,street,202958.41,553726.62,693813.16,3439647.35
001027-075520-01033-ב,"שד גולדה מאיר 1033ב, דימונה",86058,street,202958.41,553726.62,693813.16,3439647.35
001027-075520-01033-ג,"שד גולדה מאיר 1033ג, דימונה",86058,street,202958.41,553726.62,693813.16,3439647.35
001027-075520-01033-ד,"שד גולדה מאיר 1033ד, דימונה",86058,street,202958.41,553726.62,693813.16,3439647.35
001027-075520-01034-X,"שד גולדה מאיר 1034, דימונה",86058,exact,202946.47,553619.45,693803.35,3439539.96
001027-075520-01034-א,"שד גולדה מאיר 1034א, דימונה",86058,exact,202946.47,553619.45,693803.35,3439539.96
001027-075520-01034-ב,"שד גולדה מאיר 1034ב, דימונה",86058,exact,202946.47,553619.45,693803.35,3439539.96
001027-075520-01034-ג,"שד גולדה מאיר 1034ג, דימונה",86058,exact,202946.47,553619.45,693803.35,3439539.96
001027-075520-01034-ד,"שד גולדה מאיר 1034ד, דימונה",86058,exact,202946.47,553619.45,693803.35,3439539.96
001027-075520-01034-ה,"שד גולדה מאיר 1034ה, דימונה",86058,exact,202946.47,553619.45,693803.35,3439539.96
001027-075520-01034-ו,"שד גולדה מאיר 1034ו, דימונה",86058,exact,202946.47,553619.45,693803.35,3439539.96
001027-075520-04021-א,"שד גולדה מאיר 4021א, דימונה",86058,street,202958.41,553726.62,693813.16,3439647.35
001027-075520-04021-ב,"שד גולדה מאיר 4021ב, דימונה",86058,street,202958.41,553726.62,693813.16,3439647.35
001027-075520-04021-ג,"שד גולדה מאיר 4021ג, דימונה",86058,street,202958.41,553726.62,693813.16,3439647.35
001027-075520-04021-ה,"שד גולדה מאיר 4021ה, דימונה",86058,street,202958.41,553726.62,693813.16,3439647.35
001027-075677-00006-X,"השבלים 6, דימונה",86031,exact,202842.00,552481.74,693721.49,3438400.35
001027-075677-00062-X,"השבלים 62, דימונה",86031,exact,202548.82,552487.81,693428.24,3438400.59
001027-075677-00325-X,"השבלים 325, דימונה",86027,street,202629.69,552490.53,693509.04,3438404.91
001027-075677-00327-X,"השבלים 327, דימונה",86027,street,202629.69,552490.53,693509.04,3438404.91
001027-075677-00329-X,"השבלים 329, דימונה",86027,street,202629.69,552490.53,693509.04,3438404.91
001027-075677-00331-X,"השבלים 331, דימונה",86027,street,202629.69,552490.53,693509.04,3438404.91
001027-075677-00333-X,"השבלים 333, דימונה",86027,street,202629.69,552490.53,693509.04,3438404.91
001027-075677-00335-X,"השבלים 335, דימונה",86027,street,202629.69,552490.53,693509.04,3438404.91
001027-075677-00337-X,"השבלים 337, דימונה",86027,street,202629.69,552490.53,693509.04,3438404.91
001027-075677-00339-X,"השבלים 339, דימונה",86027,street,202629.69,552490.53,693509.04,3438404.91
001027-075677-00341-X,"השבלים 341, דימונה",86027,street,202629.69,552490.53,693509.04,3438404.91
001027-075677-00343-X,"השבלים 343, דימונה",86027,street,202629.69,552490.53,693509.04,3438404.91
001027-075677-00345-X,"השבלים 345, דימונה",86027,street,202629.69,552490.53,693509.04,3438404.91
001027-075677-00347-X,"השבלים 347, דימונה",86027,street,202629.69,552490.53,693509.04,3438404.91
001027-075677-00349-X,"השבלים 349, דימונה",86027,street,202629.69,552490.53,693509.04,3438404.91
001027-075677-00353-X,"השבלים 353, דימונה",86027,street,202629.69,552490.53,693509.04,3438404.91
001027-075677-00355-X,"השבלים 355, דימונה",86027,street,202629.69,552490.53,693509.04,3438404.91
001027-075677-00357-X,"השבלים 357, דימונה",86027,street,202629.69,552490.53,693509.04,3438404.91
001027-075677-00359-X,"השבלים 359, דימונה",86027,street,202629.69,552490.53,693509.04,3438404.91
001027-075677-00363-X,"השבלים 363, דימונה",86027,street,202629.69,552490.53,693509.04,3438404.91
001027-075677-00367-X,"השבלים 367, דימונה",86027,street,202629.69,552490.53,693509.04,3438404.91
001027-075677-00371-X,"השבלים 371, דימונה",86027,street,202629.69,552490.53,693509.04,3438404.91
001027-075677-00373-X,"השבלים 373, דימונה",86027,street,202629.69,552490.53,693509.04,3438404.91
001027-075677-00377-X,"השבלים 377, דימונה",86027,street,202629.69,552490.53,693509.04,3438404.91
001027-075677-00379-X,"השבלים 379, דימונה",86027,street,202629.69,552490.53,693509.04,3438404.91
001027-075677-00387-X,"השבלים 387, דימונה",86027,street,202629.69,552490.53,693509.04,3438404.91
001027-075677-00389-X,"השבלים 389, דימונה",86027,street,202629.69,552490.53,693509.04,3438404.91
001027-075677-00391-X,"השבלים 391, דימונה",86027,street,202629.69,552490.53,693509.04,3438404.91
001027-075677-00393-X,"השבלים 393, דימונה",86027,street,202629.69,552490.53,693509.04,3438404.91
001027-075677-00397-X,"השבלים 397, דימונה",86027,street,202629.69,552490.53,693509.04,3438404.91
001027-075677-00399-X,"השבלים 399, דימונה",86027,street,202629.69,552490.53,693509.04,3438404.91
001027-075677-00401-X,"השבלים 401, דימונה",86027,street,202629.69,552490.53,693509.04,3438404.91
001027-075677-00403-X,"השבלים 403, דימונה",86027,street,202629.69,552490.53,693509.04,3438404.91
001027-075677-00407-X,"השבלים 407, דימונה",86027,street,202629.69,552490.53,693509.04,3438404.91
001027-075911-00002-X,"הרימון 2, דימונה",86028,exact,202651.60,552570.26,693529.36,3438485.07
001027-075911-00004-X,"הרימון 4, דימונה",86028,exact,202646.34,552564.82,693524.21,3438479.52
001027-075911-00006-X,"הרימון 6, דימונה",86028,exact,202626.16,552562.31,693504.08,3438476.62
001027-075911-00007-X,"הרימון 7, דימונה",86028,exact,202562.58,552536.46,693441.03,3438449.50
001027-075911-00008-X,"הרימון 8, דימונה",86028,exact,202617.32,552566.29,693495.17,3438480.42
001027-075911-00010-X,"הרימון 10, דימונה",86028,street,202510.01,552536.37,693388.46,3438448.38
001027-075911-00011-X,"הרימון 11, דימונה",86028,exact,202526.39,552527.99,693405.01,3438440.32
001027-075911-00013-X,"הרימון 13, דימונה",86028,exact,202507.40,552524.18,693386.10,3438436.13
001027-075911-00014-X,"הרימון 14, דימונה",86028,exact,202576.77,552566.23,693454.62,3438479.55
001027-075911-00015-X,"הרימון 15, דימונה",86028,exact,202491.35,552519.39,693370.15,3438431.02
001027-075911-00016-X,"הרימון 16, דימונה",86028,exact,202556.49,552562.79,693434.42,3438475.71
001027-075911-00019-X,"הרימון 19, דימונה",86028,exact,202441.11,552497.50,693320.35,3438408.14
001027-075911-00020-X,"הרימון 20, דימונה",86028,exact,202522.22,552554.62,693400.31,3438466.86
001027-075911-00021-X,"הרימון 21, דימונה",86028,exact,202421.13,552493.75,693300.45,3438404.00
001027-075911-00022-X,"הרימון 22, דימונה",86028,exact,202505.47,552548.15,693383.69,3438460.07
001027-075911-00023-X,"הרימון 23, דימונה",86028,exact,202401.25,552490.11,693280.64,3438399.97
001027-075911-00024-X,"הרימון 24, דימונה",86028,exact,202489.92,552544.76,693368.21,3438456.37
001027-075911-00026-X,"הרימון 26, דימונה",86028,exact,202480.30,552536.94,693358.74,3438448.36
001027-075911-00032-X,"הרימון 32, דימונה",86028,exact,202423.45,552527.10,693302.10,3438437.39
001027-075911-00034-X,"הרימון 34, דימונה",86028,exact,202409.17,552519.98,693287.97,3438429.99
001027-075911-00036-X,"הרימון 36, דימונה",86028,exact,202392.75,552518.14,693271.59,3438427.82
001027-075911-00266-X,"הרימון 266, דימונה",86028,street,202510.01,552536.37,693388.46,3438448.38
001027-075911-00268-X,"הרימון 268, דימונה",86028,street,202510.01,552536.37,693388.46,3438448.38
001027-075911-00270-X,"הרימון 270, דימונה",86028,street,202510.01,552536.37,693388.46,3438448.38
001027-075911-00274-X,"הרימון 274, דימונה",86028,street,202510.01,552536.37,693388.46,3438448.38
001027-075911-00276-X,"הרימון 276, דימונה",86028,street,202510.01,552536.37,693388.46,3438448.38
001027-075911-00278-X,"הרימון 278, דימונה",86028,street,202510.01,552536.37,693388.46,3438448.38
001027-075911-00286-X,"הרימון 286, דימונה",86028,street,202510.01,552536.37,693388.46,3438448.38
001027-075911-00288-X,"הרימון 288, דימונה",86028,street,202510.01,552536.37,693388.46,3438448.38
001027-075911-00294-X,"הרימון 294, דימונה",86028,street,202510.01,552536.37,693388.46,3438448.38
001027-075911-00298-X,"הרימון 298, דימונה",86028,street,202510.01,552536.37,693388.46,3438448.38
001027-075911-00299-X,"הרימון 299, דימונה",86028,street,202510.01,552536.37,693388.46,3438448.38
001027-075911-00302-X,"הרימון 302, דימונה",86028,street,202510.01,552536.37,693388.46,3438448.38
001027-075911-00303-X,"הרימון 303, דימונה",86028,street,202510.01,552536.37,693388.46,3438448.38
001027-075911-00304-X,"הרימון 304, דימונה",86028,street,202510.01,552536.37,693388.46,3438448.38
001027-075911-00305-X,"הרימון 305, דימונה",86028,street,202510.01,552536.37,693388.46,3438448.38
001027-075911-00306-X,"הרימון 306, דימונה",86028,street,202510.01,552536.37,693388.46,3438448.38
001027-075911-00307-X,"הרימון 307, דימונה",86028,street,202510.01,552536.37,693388.46,3438448.38
001027-075911-00308-X,"הרימון 308, דימונה",86028,street,202510.01,552536.37,693388.46,3438448.38
001027-075911-00310-X,"הרימון 310, דימונה",86028,street,202510.01,552536.37,693388.46,3438448.38
001027-075911-00311-X,"הרימון 311, דימונה",86028,street,202510.01,552536.37,693388.46,3438448.38
001027-075911-00312-X,"הרימון 312, דימונה",86028,street,202510.01,552536.37,693388.46,3438448.38
001027-075911-00313-X,"הרימון 313, דימונה",86028,street,202510.01,552536.37,693388.46,3438448.38
001027-075911-00314-X,"הרימון 314, דימונה",86028,street,202510.01,552536.37,693388.46,3438448.38
001027-075911-00315-X,"הרימון 315, דימונה",86028,street,202510.01,552536.37,693388.46,3438448.38
001027-075911-00317-X,"הרימון 317, דימונה",86028,street,202510.01,552536.37,693388.46,3438448.38
001027-075911-00318-X,"הרימון 318, דימונה",86028,street,202510.01,552536.37,693388.46,3438448.38
001027-075911-00319-X,"הרימון 319, דימונה",86028,street,202510.01,552536.37,693388.46,3438448.38
001027-075911-00320-X,"הרימון 320, דימונה",86028,street,202510.01,552536.37,693388.46,3438448.38
001027-075911-00321-X,"הרימון 321, דימונה",86028,street,202510.01,552536.37,693388.46,3438448.38
001027-075911-00322-X,"הרימון 322, דימונה",86028,street,202510.01,552536.37,693388.46,3438448.38
001027-075911-00326-X,"הרימון 326, דימונה",86028,street,202510.01,552536.37,693388.46,3438448.38
001027-075911-00328-X,"הרימון 328, דימונה",86028,street,202510.01,552536.37,693388.46,3438448.38
001027-075911-00330-X,"הרימון 330, דימונה",86028,street,202510.01,552536.37,693388.46,3438448.38
001027-075911-00332-X,"הרימון 332, דימונה",86028,street,202510.01,552536.37,693388.46,3438448.38
001027-075911-00334-X,"הרימון 334, דימונה",86028,street,202510.01,552536.37,693388.46,3438448.38
001027-075911-00340-X,"הרימון 340, דימונה",86028,street,202510.01,552536.37,693388.46,3438448.38
001027-075911-00342-X,"הרימון 342, דימונה",86028,street,202510.01,552536.37,693388.46,3438448.38
001027-075911-00344-X,"הרימון 344, דימונה",86028,street,202510.01,552536.37,693388.46,3438448.38
001027-075911-00346-X,"הרימון 346, דימונה",86028,street,202510.01,552536.37,693388.46,3438448.38
001027-075911-00348-X,"הרימון 348, דימונה",86028,street,202510.01,552536.37,693388.46,3438448.38
001027-075911-00350-X,"הרימון 350, דימונה",86028,street,202510.01,552536.37,693388.46,3438448.38
001027-075911-00354-X,"הרימון 354, דימונה",86028,street,202510.01,552536.37,693388.46,3438448.38
001027-075911-00356-X,"הרימון 356, דימונה",86028,street,202510.01,552536.37,693388.46,3438448.38
001027-075911-00358-X,"הרימון 358, דימונה",86028,street,202510.01,552536.37,693388.46,3438448.38
001027-075911-00360-X,"הרימון 360, דימונה",86028,street,202510.01,552536.37,693388.46,3438448.38
001027-075911-00362-X,"הרימון 362, דימונה",86028,street,202510.01,552536.37,693388.46,3438448.38
001027-075911-00366-X,"הרימון 366, דימונה",86028,street,202510.01,552536.37,693388.46,3438448.38
001027-075911-00368-X,"הרימון 368, דימונה",86028,street,202510.01,552536.37,693388.46,3438448.38
001027-076045-00000-X,"אקסודוס, דימונה",86068,street,203176.87,553509.46,694035.90,3439434.56
001027-076045-00066-X,"אקסודוס 66, דימונה",86068,street,203176.87,553509.46,694035.90,3439434.56
001027-076045-00067-X,"אקסודוס 67, דימונה",86068,street,203176.87,553509.46,694035.90,3439434.56
001027-076480-00000-X,"שד יגאל אלון, דימונה",86031,street,203377.16,552484.04,694256.53,3438413.27
001027-076480-00011-X,"שד יגאל אלון 11, דימונה",86031,street,203377.16,552484.04,694256.53,3438413.27
001027-076480-00013-X,"שד יגאל אלון 13, דימונה",86031,exact,203277.79,552499.62,694156.86,3438426.87
001027-076480-00016-X,"שד יגאל אלון 16, דימונה",86031,exact,203125.64,552456.30,694005.59,3438380.54
001027-076480-00030-X,"שד יגאל אלון 30, דימונה",86031,exact,203265.62,552450.33,694145.67,3438377.35
001027-076480-00030-ב,"שד יגאל אלון 30ב, דימונה",86031,exact,203265.62,552450.33,694145.67,3438377.35
001027-076480-00030-ד,"שד יגאל אלון 30ד, דימונה",86031,exact,203265.62,552450.33,694145.67,3438377.35
001027-076480-00031-X,"שד יגאל אלון 31, דימונה",86031,exact,203412.73,552506.07,694291.66,3438436.00
001027-076480-00031-א,"שד יגאל אלון 31א, דימונה",86031,exact,203412.73,552506.07,694291.66,3438436.00
001027-076480-00031-ב,"שד יגאל אלון 31ב, דימונה",86031,exact,203412.73,552506.07,694291.66,3438436.00
001027-076480-00031-ג,"שד יגאל אלון 31ג, דימונה",86031,exact,203412.73,552506.07,694291.66,3438436.00
001027-076480-00031-ד,"שד יגאל אלון 31ד, דימונה",86031,exact,203412.73,552506.07,694291.66,3438436.00
001027-076480-00032-X,"שד יגאל אלון 32, דימונה",86031,exact,203294.29,552454.46,694174.26,3438382.05
001027-076480-00032-א,"שד יגאל אלון 32א, דימונה",86031,exact,203294.29,552454.46,694174.26,3438382.05
001027-076480-00032-ב,"שד יגאל אלון 32ב, דימונה",86031,exact,203294.29,552454.46,694174.26,3438382.05
001027-076480-00032-ג,"שד יגאל אלון 32ג, דימונה",86031,exact,203294.29,552454.46,694174.26,3438382.05
001027-076480-00085-X,"שד יגאל אלון 85, דימונה",86031,street,203377.16,552484.04,694256.53,3438413.27
001027-076480-00085-א,"שד יגאל אלון 85א, דימונה",86031,street,203377.16,552484.04,694256.53,3438413.27
001027-076480-00085-ב,"שד יגאל אלון 85ב, דימונה",86031,street,203377.16,552484.04,694256.53,3438413.27
001027-076480-00085-ג,"שד יגאל אלון 85ג, דימונה",86031,street,203377.16,552484.04,694256.53,3438413.27
001027-076480-00086-X,"שד יגאל אלון 86, דימונה",86031,exact,203760.15,552796.17,694633.26,3438732.96
001027-076480-00086-א,"שד יגאל אלון 86א, דימונה",86031,exact,203760.15,552796.17,694633.26,3438732.96
001027-076480-00086-ב,"שד יגאל אלון 86ב, דימונה",86031,exact,203760.15,552796.17,694633.26,3438732.96
001027-076480-00086-ג,"שד יגאל אלון 86ג, דימונה",86031,exact,203760.15,552796.17,694633.26,3438732.96
001027-076480-00110-X,"שד יגאל אלון 110, דימונה",86031,street,203377.16,552484.04,694256.53,3438413.27
001027-076480-00110-ב,"שד יגאל אלון 110ב, דימונה",86031,street,203377.16,552484.04,694256.53,3438413.27
001027-076480-00110-ג,"שד יגאל אלון 110ג, דימונה",86031,street,203377.16,552484.04,694256.53,3438413.27
001027-076480-00110-ד,"שד יגאל אלון 110ד, דימונה",86031,street,203377.16,552484.04,694256.53,3438413.27
001027-076480-00110-ה,"שד יגאל אלון 110ה, דימונה",86031,street,203377.16,552484.04,694256.53,3438413.27
001027-076480-00110-ו,"שד יגאל אלון 110ו, דימונה",86031,street,203377.16,552484.04,694256.53,3438413.27
001027-076480-00110-ח,"שד יגאל אלון 110ח, דימונה",86031,street,203377.16,552484.04,694256.53,3438413.27
001027-076480-00110-ט,"שד יגאל אלון 110ט, דימונה",86031,street,203377.16,552484.04,694256.53,3438413.27
001027-076480-00111-א,"שד יגאל אלון 111א, דימונה",86031,street,203377.16,552484.04,694256.53,3438413.27
001027-076480-00111-ב,"שד יגאל אלון 111ב, דימונה",86031,street,203377.16,552484.04,694256.53,3438413.27
001027-076480-00111-ג,"שד יגאל אלון 111ג, דימונה",86031,street,203377.16,552484.04,694256.53,3438413.27
001027-076480-00111-ד,"שד יגאל אלון 111ד, דימונה",86031,street,203377.16,552484.04,694256.53,3438413.27
001027-076480-00111-ו,"שד יגאל אלון 111ו, דימונה",86031,street,203377.16,552484.04,694256.53,3438413.27
001027-076480-00111-ח,"שד יגאל אלון 111ח, דימונה",86031,street,203377.16,552484.04,694256.53,3438413.27
001027-076480-00209-X,"שד יגאל אלון 209, דימונה",86031,street,203377.16,552484.04,694256.53,3438413.27
001027-076480-00209-א,"שד יגאל אלון 209א, דימונה",86031,street,203377.16,552484.04,694256.53,3438413.27
001027-076480-00209-ב,"שד יגאל אלון 209ב, דימונה",86031,street,203377.16,552484.04,694256.53,3438413.27
001027-076480-00209-ג,"שד יגאל אלון 209ג, דימונה",86031,street,203377.16,552484.04,694256.53,3438413.27
001027-076480-00209-ד,"שד יגאל אלון 209ד, דימונה",86031,street,203377.16,552484.04,694256.53,3438413.27
001027-076480-00209-ו,"שד יגאל אלון 209ו, דימונה",86031,street,203377.16,552484.04,694256.53,3438413.27
001027-076480-00209-ז,"שד יגאל אלון 209ז, דימונה",86031,street,203377.16,552484.04,694256.53,3438413.27
001027-076480-00209-ח,"שד יגאל אלון 209ח, דימונה",86031,street,203377.16,552484.04,694256.53,3438413.27
001027-076480-00221-X,"שד יגאל אלון 221, דימונה",86031,street,203377.16,552484.04,694256.53,3438413.27
001027-076480-00221-א,"שד יגאל אלון 221א, דימונה",86031,street,203377.16,552484.04,694256.53,3438413.27
001027-076480-00221-ב,"שד יגאל אלון 221ב, דימונה",86031,street,203377.16,552484.04,694256.53,3438413.27
001027-076480-00221-ד,"שד יגאל אלון 221ד, דימונה",86031,street,203377.16,552484.04,694256.53,3438413.27
001027-076480-00221-ה,"שד יגאל אלון 221ה, דימונה",86031,street,203377.16,552484.04,694256.53,3438413.27
001027-076480-00221-ו,"שד יגאל אלון 221ו, דימונה",86031,street,203377.16,552484.04,694256.53,3438413.27
001027-076480-00221-ז,"שד יגאל אלון 221ז, דימונה",86031,street,203377.16,552484.04,694256.53,3438413.27
001027-076480-00221-ח,"שד יגאל אלון 221ח, דימונה",86031,street,203377.16,552484.04,694256.53,3438413.27
001027-076480-00221-ט,"שד יגאל אלון 221ט, דימונה",86031,street,203377.16,552484.04,694256.53,3438413.27
001027-076480-00501-X,"שד יגאל אלון 501, דימונה",86031,street,203377.16,552484.04,694256.53,3438413.27
001027-076480-00501-א,"שד יגאל אלון 501א, דימונה",86031,street,203377.16,552484.04,694256.53,3438413.27
001027-076480-00501-ב,"שד יגאל אלון 501ב, דימונה",86031,street,203377.16,552484.04,694256.53,3438413.27
001027-076793-00000-X,"הנרקיס, דימונה",86036,street,202982.19,552397.73,693863.33,3438319.13
001027-076793-00007-X,"הנרקיס 7, דימונה",86036,exact,202999.62,552410.42,693880.50,3438332.17
001027-076793-00009-X,"הנרקיס 9, דימונה",86036,exact,203026.55,552411.78,693907.40,3438334.06
001027-076793-00010-X,"הנרקיס 10, דימונה",86036,exact,202960.61,552384.74,693842.01,3438305.72
001027-076793-00011-X,"הנרקיס 11, דימונה",86036,exact,203046.24,552411.15,693927.10,3438333.82
001027-076793-00013-X,"הנרקיס 13, דימונה",86036,street,202982.19,552397.73,693863.33,3438319.13
001027-076793-00014-X,"הנרקיס 14, דימונה",86036,exact,202974.41,552384.47,693855.81,3438305.72
001027-076793-00014-א,"הנרקיס 14א, דימונה",86036,exact,202974.41,552384.47,693855.81,3438305.72
001027-076793-00014-ב,"הנרקיס 14ב, דימונה",86036,exact,202974.41,552384.47,693855.81,3438305.72
001027-076793-00749-X,"הנרקיס 749, דימונה",86036,street,202982.19,552397.73,693863.33,3438319.13
001027-076793-00765-X,"הנרקיס 765, דימונה",86036,street,202982.19,552397.73,693863.33,3438319.13
001027-076793-00766-X,"הנרקיס 766, דימונה",86036,street,202982.19,552397.73,693863.33,3438319.13
001027-076793-00767-X,"הנרקיס 767, דימונה",86036,street,202982.19,552397.73,693863.33,3438319.13
001027-076793-00769-X,"הנרקיס 769, דימונה",86036,street,202982.19,552397.73,693863.33,3438319.13
001027-076793-00770-X,"הנרקיס 770, דימונה",86036,street,202982.19,552397.73,693863.33,3438319.13
001027-076793-00771-X,"הנרקיס 771, דימונה",86036,street,202982.19,552397.73,693863.33,3438319.13
001027-076793-00772-X,"הנרקיס 772, דימונה",86036,street,202982.19,552397.73,693863.33,3438319.13
001027-077042-00004-X,"מצדה 4, דימונה",86012,exact,202765.85,552265.24,693649.65,3438182.37
001027-077042-00005-X,"מצדה 5, דימונה",86012,exact,202824.57,552285.64,693707.96,3438203.93
001027-077042-00009-X,"מצדה 9, דימונה",86012,exact,202839.52,552282.86,693722.96,3438201.45
001027-077042-00011-X,"מצדה 11, דימונה",86012,street,202919.76,552256.97,693803.70,3438177.15
001027-077042-00021-X,"מצדה 21, דימונה",86012,street,202919.76,552256.97,693803.70,3438177.15
001027-077042-00021-א,"מצדה 21א, דימונה",86012,street,202919.76,552256.97,693803.70,3438177.15
001027-077042-00021-ב,"מצדה 21ב, דימונה",86012,street,202919.76,552256.97,693803.70,3438177.15
001027-077042-00037-X,"מצדה 37, דימונה",86012,street,202919.76,552256.97,693803.70,3438177.15
001027-077042-00043-X,"מצדה 43, דימונה",86012,exact,202947.47,552269.32,693831.16,3438190.05
001027-077042-00045-X,"מצדה 45, דימונה",86012,exact,202967.40,552264.57,693851.19,3438185.70
001027-077042-00143-X,"מצדה 143, דימונה",86012,street,202919.76,552256.97,693803.70,3438177.15
001027-077042-00144-X,"מצדה 144, דימונה",86012,street,202919.76,552256.97,693803.70,3438177.15
001027-077042-00146-X,"מצדה 146, דימונה",86012,street,202919.76,552256.97,693803.70,3438177.15
001027-077042-00147-X,"מצדה 147, דימונה",86012,street,202919.76,552256.97,693803.70,3438177.15
001027-077042-00148-X,"מצדה 148, דימונה",86012,street,202919.76,552256.97,693803.70,3438177.15
001027-077042-00149-X,"מצדה 149, דימונה",86012,street,202919.76,552256.97,693803.70,3438177.15
001027-077042-00150-X,"מצדה 150, דימונה",86012,street,202919.76,552256.97,693803.70,3438177.15
001027-077042-00153-X,"מצדה 153, דימונה",86012,street,202919.76,552256.97,693803.70,3438177.15
001027-077042-00154-X,"מצדה 154, דימונה",86012,street,202919.76,552256.97,693803.70,3438177.15
001027-077042-00155-X,"מצדה 155, דימונה",86012,street,202919.76,552256.97,693803.70,3438177.15
001027-077042-00156-X,"מצדה 156, דימונה",86012,street,202919.76,552256.97,693803.70,3438177.15
001027-077042-00157-X,"מצדה 157, דימונה",86012,street,202919.76,552256.97,693803.70,3438177.15
001027-077042-00158-X,"מצדה 158, דימונה",86012,street,202919.76,552256.97,693803.70,3438177.15
001027-077164-00000-X,"הכלנית, דימונה",86037,street,202933.93,552334.38,693816.33,3438254.83
001027-077164-00001-X,"הכלנית 1, דימונה",86037,exact,202877.23,552349.51,693759.34,3438268.84
001027-077164-00008-X,"הכלנית 8, דימונה",86037,exact,202856.64,552332.26,693739.10,3438251.18
001027-077164-00025-X,"הכלנית 25, דימונה",86037,exact,203029.94,552347.63,693912.07,3438269.99
001027-077164-00724-X,"הכלנית 724, דימונה",86037,street,202933.93,552334.38,693816.33,3438254.83
001027-077164-00725-X,"הכלנית 725, דימונה",86037,street,202933.93,552334.38,693816.33,3438254.83
001027-077164-00726-X,"הכלנית 726, דימונה",86037,street,202933.93,552334.38,693816.33,3438254.83
001027-077164-00727-X,"הכלנית 727, דימונה",86037,street,202933.93,552334.38,693816.33,3438254.83
001027-077164-00728-X,"הכלנית 728, דימונה",86037,street,202933.93,552334.38,693816.33,3438254.83
001027-077164-00729-X,"הכלנית 729, דימונה",86037,street,202933.93,552334.38,693816.33,3438254.83
001027-077164-00730-X,"הכלנית 730, דימונה",86037,street,202933.93,552334.38,693816.33,3438254.83
001027-077164-00731-X,"הכלנית 731, דימונה",86037,street,202933.93,552334.38,693816.33,3438254.83
001027-077164-00733-X,"הכלנית 733, דימונה",86037,street,202933.93,552334.38,693816.33,3438254.83
001027-077164-00736-X,"הכלנית 736, דימונה",86037,street,202933.93,552334.38,693816.33,3438254.83
001027-077164-00737-X,"הכלנית 737, דימונה",86037,street,202933.93,552334.38,693816.33,3438254.83
001027-077164-00739-X,"הכלנית 739, דימונה",86037,street,202933.93,552334.38,693816.33,3438254.83
001027-077164-00741-X,"הכלנית 741, דימונה",86037,street,202933.93,552334.38,693816.33,3438254.83
001027-077164-00742-X,"הכלנית 742, דימונה",86037,street,202933.93,552334.38,693816.33,3438254.83
001027-077164-00743-X,"הכלנית 743, דימונה",86037,street,202933.93,552334.38,693816.33,3438254.83
001027-077164-00746-X,"הכלנית 746, דימונה",86037,street,202933.93,552334.38,693816.33,3438254.83
001027-077164-00754-X,"הכלנית 754, דימונה",86037,street,202933.93,552334.38,693816.33,3438254.83
001027-077164-00755-X,"הכלנית 755, דימונה",86037,street,202933.93,552334.38,693816.33,3438254.83
001027-077164-00756-X,"הכלנית 756, דימונה",86037,street,202933.93,552334.38,693816.33,3438254.83
001027-077164-00758-X,"הכלנית 758, דימונה",86037,street,202933.93,552334.38,693816.33,3438254.83
001027-077164-00759-X,"הכלנית 759, דימונה",86037,street,202933.93,552334.38,693816.33,3438254.83
001027-077164-00760-X,"הכלנית 760, דימונה",86037,street,202933.93,552334.38,693816.33,3438254.83
001027-077164-00761-X,"הכלנית 761, דימונה",86037,street,202933.93,552334.38,693816.33,3438254.83
001027-077164-00762-X,"הכלנית 762, דימונה",86037,street,202933.93,552334.38,693816.33,3438254.83
001027-077597-00000-X,"נוה מדבר, דימונה",86013,street,202685.35,552167.71,693571.10,3438083.25
001027-077597-00033-X,"נוה מדבר 33, דימונה",86013,exact,202658.77,552158.39,693544.71,3438073.41
001027-077597-00058-X,"נוה מדבר 58, דימונה",86013,exact,202572.78,552204.33,693457.82,3438117.63
001027-077597-00102-X,"נוה מדבר 102, דימונה",86013,street,202685.35,552167.71,693571.10,3438083.25
001027-077597-00104-X,"נוה מדבר 104, דימונה",86013,street,202685.35,552167.71,693571.10,3438083.25
001027-077597-00105-X,"נוה מדבר 105, דימונה",86013,street,202685.35,552167.71,693571.10,3438083.25
001027-077597-00108-X,"נוה מדבר 108, דימונה",86013,street,202685.35,552167.71,693571.10,3438083.25
001027-077597-00112-X,"נוה מדבר 112, דימונה",86013,street,202685.35,552167.71,693571.10,3438083.25
001027-077597-00113-X,"נוה מדבר 113, דימונה",86013,street,202685.35,552167.71,693571.10,3438083.25
001027-077597-00117-X,"נוה מדבר 117, דימונה",86013,street,202685.35,552167.71,693571.10,3438083.25
001027-077597-00119-X,"נוה מדבר 119, דימונה",86013,street,202685.35,552167.71,693571.10,3438083.25
001027-077597-00120-X,"נוה מדבר 120, דימונה",86013,street,202685.35,552167.71,693571.10,3438083.25
001027-077597-00121-X,"נוה מדבר 121, דימונה",86013,street,202685.35,552167.71,693571.10,3438083.25
001027-077597-00122-X,"נוה מדבר 122, דימונה",86013,street,202685.35,552167.71,693571.10,3438083.25
001027-077597-00123-X,"נוה מדבר 123, דימונה",86013,street,202685.35,552167.71,693571.10,3438083.25
001027-077597-00124-X,"נוה מדבר 124, דימונה",86013,street,202685.35,552167.71,693571.10,3438083.25
001027-077597-00126-X,"נוה מדבר 126, דימונה",86013,street,202685.35,552167.71,693571.10,3438083.25
001027-077597-00127-X,"נוה מדבר 127, דימונה",86013,street,202685.35,552167.71,693571.10,3438083.25
001027-077597-00130-X,"נוה מדבר 130, דימונה",86013,street,202685.35,552167.71,693571.10,3438083.25
001027-077597-00131-X,"נוה מדבר 131, דימונה",86013,street,202685.35,552167.71,693571.10,3438083.25
001027-077597-00132-X,"נוה מדבר 132, דימונה",86013,street,202685.35,552167.71,693571.10,3438083.25
001027-077597-00133-X,"נוה מדבר 133, דימונה",86013,street,202685.35,552167.71,693571.10,3438083.25
001027-077597-00134-X,"נוה מדבר 134, דימונה",86013,street,202685.35,552167.71,693571.10,3438083.25
001027-077597-00135-X,"נוה מדבר 135, דימונה",86013,street,202685.35,552167.71,693571.10,3438083.25
001027-077597-00137-X,"נוה מדבר 137, דימונה",86013,street,202685.35,552167.71,693571.10,3438083.25
001027-077597-00141-X,"נוה מדבר 141, דימונה",86013,street,202685.35,552167.71,693571.10,3438083.25
001027-077597-00145-X,"נוה מדבר 145, דימונה",86013,street,202685.35,552167.71,693571.10,3438083.25
001027-077597-00147-X,"נוה מדבר 147, דימונה",86013,street,202685.35,552167.71,693571.10,3438083.25
001027-077597-00149-X,"נוה מדבר 149, דימונה",86013,street,202685.35,552167.71,693571.10,3438083.25
001027-077597-00151-X,"נוה מדבר 151, דימונה",86013,street,202685.35,552167.71,693571.10,3438083.25
001027-077597-00157-X,"נוה מדבר 157, דימונה",86013,street,202685.35,552167.71,693571.10,3438083.25
001027-077597-00159-X,"נוה מדבר 159, דימונה",86013,street,202685.35,552167.71,693571.10,3438083.25
001027-077597-00160-X,"נוה מדבר 160, דימונה",86013,street,202685.35,552167.71,693571.10,3438083.25
001027-077597-00161-X,"נוה מדבר 161, דימונה",86013,street,202685.35,552167.71,693571.10,3438083.25
001027-077597-00162-X,"נוה מדבר 162, דימונה",86013,street,202685.35,552167.71,693571.10,3438083.25
001027-077597-00163-X,"נוה מדבר 163, דימונה",86013,street,202685.35,552167.71,693571.10,3438083.25
001027-077597-00166-X,"נוה מדבר 166, דימונה",86013,street,202685.35,552167.71,693571.10,3438083.25
001027-077597-00167-X,"נוה מדבר 167, דימונה",86013,street,202685.35,552167.71,693571.10,3438083.25
001027-077597-00169-X,"נוה מדבר 169, דימונה",86013,street,202685.35,552167.71,693571.10,3438083.25
001027-077597-00171-X,"נוה מדבר 171, דימונה",86013,street,202685.35,552167.71,693571.10,3438083.25
001027-077597-00172-X,"נוה מדבר 172, דימונה",86013,street,202685.35,552167.71,693571.10,3438083.25
001027-077597-00173-X,"נוה מדבר 173, דימונה",86013,street,202685.35,552167.71,693571.10,3438083.25
001027-077597-00174-X,"נוה מדבר 174, דימונה",86013,street,202685.35,552167.71,693571.10,3438083.25
001027-077597-00176-X,"נוה מדבר 176, דימונה",86013,street,202685.35,552167.71,693571.10,3438083.25
001027-077597-00177-X,"נוה מדבר 177, דימונה",86013,street,202685.35,552167.71,693571.10,3438083.25
001027-077597-00178-X,"נוה מדבר 178, דימונה",86013,street,202685.35,552167.71,693571.10,3438083.25
001027-077597-00181-X,"נוה מדבר 181, דימונה",86013,street,202685.35,552167.71,693571.10,3438083.25
001027-077597-00182-X,"נוה מדבר 182, דימונה",86013,street,202685.35,552167.71,693571.10,3438083.25
001027-077597-00183-X,"נוה מדבר 183, דימונה",86013,street,202685.35,552167.71,693571.10,3438083.25
001027-077597-00185-X,"נוה מדבר 185, דימונה",86013,street,202685.35,552167.71,693571.10,3438083.25
001027-077659-00000-X,"בבא סאלי, דימונה",86017,street,203011.54,552145.06,693897.69,3438067.09
001027-077659-00001-X,"בבא סאלי 1, דימונה",86010,exact,202483.96,552131.08,693370.46,3438042.63
001027-077659-00002-X,"בבא סאלי 2, דימונה",86010,street,203011.54,552145.06,693897.69,3438067.09
001027-077659-00003-X,"בבא סאלי 3, דימונה",86010,exact,202492.35,552132.70,693378.82,3438044.42
001027-077659-00005-X,"בבא סאלי 5, דימונה",86010,exact,202502.13,552119.72,693388.86,3438031.63
001027-077659-00006-X,"בבא סאלי 6, דימונה",86010,street,203011.54,552145.06,693897.69,3438067.09
001027-077659-00007-X,"בבא סאלי 7, דימונה",86010,exact,202512.68,552117.20,693399.45,3438029.32
001027-077659-00008-X,"בבא סאלי 8, דימונה",86010,street,203011.54,552145.06,693897.69,3438067.09
001027-077659-00009-X,"בבא סאלי 9, דימונה",86010,exact,202536.63,552101.78,693423.71,3438014.37
001027-077659-00011-X,"בבא סאלי 11, דימונה",86010,exact,202546.68,552101.09,693433.78,3438013.89
001027-077659-00012-X,"בבא סאלי 12, דימונה",86010,exact,202596.58,552009.73,693485.48,3437923.53
001027-077659-00013-X,"בבא סאלי 13, דימונה",86010,exact,202558.05,552088.39,693445.39,3438001.42
001027-077659-00014-X,"בבא סאלי 14, דימונה",86010,exact,202619.28,552016.40,693508.04,3437930.65
001027-077659-00016-X,"בבא סאלי 16, דימונה",86010,street,203011.54,552145.06,693897.69,3438067.09
001027-077659-00017-X,"בבא סאלי 17, דימונה",86010,exact,202580.03,552080.83,693467.52,3437994.29
001027-077659-00018-X,"בבא סאלי 18, דימונה",86010,exact,202635.34,552017.75,693524.07,3437932.33
001027-077659-00019-X,"בבא סאלי 19, דימונה",86010,exact,202593.89,552080.89,693481.38,3437994.63
001027-077659-00020-X,"בבא סאלי 20, דימונה",86010,exact,202644.45,552019.41,693533.15,3437934.16
001027-077659-00021-X,"בבא סאלי 21, דימונה",86010,exact,202607.41,552066.47,693495.18,3437980.48
001027-077659-00022-X,"בבא סאלי 22, דימונה",86010,exact,202658.99,552021.48,693547.64,3437936.52
001027-077659-00023-X,"בבא סאלי 23, דימונה",86010,exact,202642.11,552090.99,693529.38,3438005.68
001027-077659-00024-X,"בבא סאלי 24, דימונה",86010,exact,202666.47,552023.88,693555.08,3437939.07
001027-077659-00025-X,"בבא סאלי 25, דימונה",86010,exact,202650.87,552084.22,693538.29,3437999.09
001027-077659-00026-X,"בבא סאלי 26, דימונה",86010,exact,202684.18,552024.78,693572.76,3437940.32
001027-077659-00027-X,"בבא סאלי 27, דימונה",86010,exact,202664.90,552083.01,693552.33,3437998.16
001027-077659-00028-X,"בבא סאלי 28, דימונה",86010,exact,202695.17,552029.68,693583.66,3437945.44
001027-077659-00029-X,"בבא סאלי 29, דימונה",86010,exact,202675.94,552084.54,693563.34,3437999.90
001027-077659-00030-X,"בבא סאלי 30, דימונה",86010,exact,202715.85,552028.59,693604.35,3437944.75
001027-077659-00031-X,"בבא סאלי 31, דימונה",86010,exact,202696.85,552077.11,693584.39,3437992.89
001027-077659-00032-X,"בבא סאלי 32, דימונה",86010,exact,202718.97,552025.53,693607.53,3437941.76
001027-077659-00033-X,"בבא סאלי 33, דימונה",86010,exact,202701.30,552080.26,693588.78,3437996.13
001027-077659-00034-X,"בבא סאלי 34, דימונה",86010,exact,202734.25,552025.83,693622.81,3437942.36
001027-077659-00035-X,"בבא סאלי 35, דימונה",86010,exact,202711.95,552069.38,693599.65,3437985.47
001027-077659-00037-X,"בבא סאלי 37, דימונה",86010,exact,202721.79,552060.11,693609.67,3437976.40
001027-077659-00038-X,"בבא סאלי 38, דימונה",86010,exact,202759.72,552018.42,693648.43,3437935.46
001027-077659-00039-X,"בבא סאלי 39, דימונה",86010,exact,202748.07,552070.75,693635.74,3437987.55
001027-077659-00041-X,"בבא סאלי 41, דימונה",86010,exact,202759.19,552073.65,693646.80,3437990.67
001027-077659-00043-X,"בבא סאלי 43, דימונה",86010,exact,202774.59,552070.99,693662.25,3437988.31
001027-077659-00045-X,"בבא סאלי 45, דימונה",86010,exact,202783.85,552059.99,693671.73,3437977.50
001027-077659-00063-X,"בבא סאלי 63, דימונה",86017,street,203011.54,552145.06,693897.69,3438067.09
001027-077659-00064-X,"בבא סאלי 64, דימונה",86017,exact,203010.54,552114.37,693897.30,3438036.38
001027-077659-00064-א,"בבא סאלי 64א, דימונה",86017,exact,203010.54,552114.37,693897.30,3438036.38
001027-077659-00064-ב,"בבא סאלי 64ב, דימונה",86017,exact,203010.54,552114.37,693897.30,3438036.38
001027-077659-00065-X,"בבא סאלי 65, דימונה",86017,exact,203041.68,552127.58,693928.18,3438050.20
001027-077659-00065-א,"בבא סאלי 65א, דימונה",86017,exact,203041.68,552127.58,693928.18,3438050.20
001027-077659-00065-ב,"בבא סאלי 65ב, דימונה",86017,exact,203041.68,552127.58,693928.18,3438050.20
001027-077659-00066-X,"בבא סאלי 66, דימונה",86017,exact,203079.51,552142.89,693965.69,3438066.26
001027-077659-00066-א,"בבא סאלי 66א, דימונה",86017,exact,203079.51,552142.89,693965.69,3438066.26
001027-077659-00067-X,"בבא סאלי 67, דימונה",86017,street,203011.54,552145.06,693897.69,3438067.09
001027-077659-00068-X,"בבא סאלי 68, דימונה",86017,exact,203131.50,552183.06,694016.88,3438107.45
001027-077659-00068-א,"בבא סאלי 68א, דימונה",86017,exact,203131.50,552183.06,694016.88,3438107.45
001027-077659-00069-X,"בבא סאלי 69, דימונה",86017,exact,203176.80,552200.25,694061.83,3438125.55
001027-077659-00069-א,"בבא סאלי 69א, דימונה",86017,exact,203176.80,552200.25,694061.83,3438125.55
001027-077659-00069-ב,"בבא סאלי 69ב, דימונה",86017,exact,203176.80,552200.25,694061.83,3438125.55
001027-077659-00070-X,"בבא סאלי 70, דימונה",86017,exact,203208.81,552212.80,694093.59,3438138.72
001027-077659-00071-X,"בבא סאלי 71, דימונה",86017,exact,203275.86,552229.62,694160.29,3438156.88
001027-077659-00071-א,"בבא סאלי 71א, דימונה",86017,exact,203275.86,552229.62,694160.29,3438156.88
001027-077659-00071-ב,"בבא סאלי 71ב, דימונה",86017,exact,203275.86,552229.62,694160.29,3438156.88
001027-077659-00071-ג,"בבא סאלי 71ג, דימונה",86017,exact,203275.86,552229.62,694160.29,3438156.88
001027-077659-00072-X,"בבא סאלי 72, דימונה",86017,exact,203013.14,552117.26,693899.84,3438039.32
001027-077659-00072-ב,"בבא סאלי 72ב, דימונה",86017,exact,203013.14,552117.26,693899.84,3438039.32
001027-077659-00072-ג,"בבא סאלי 72ג, דימונה",86017,exact,203013.14,552117.26,693899.84,3438039.32
001027-077659-00073-א,"בבא סאלי 73א, דימונה",86017,exact,203062.79,552214.17,693947.56,3438137.20
001027-077659-00074-X,"בבא סאלי 74, דימונה",86017,exact,203045.78,552129.56,693932.23,3438052.26
001027-077659-00074-א,"בבא סאלי 74א, דימונה",86017,exact,203045.78,552129.56,693932.23,3438052.26
001027-077659-00074-ב,"בבא סאלי 74ב, דימונה",86017,exact,203045.78,552129.56,693932.23,3438052.26
001027-077659-00075-X,"בבא סאלי 75, דימונה",86017,exact,203068.47,552209.05,693953.34,3438132.20
001027-077659-00075-א,"בבא סאלי 75א, דימונה",86017,exact,203068.47,552209.05,693953.34,3438132.20
001027-077659-00076-X,"בבא סאלי 76, דימונה",86017,exact,203054.91,552133.94,693941.27,3438056.82
001027-077659-00076-ב,"בבא סאלי 76ב, דימונה",86017,exact,203054.91,552133.94,693941.27,3438056.82
001027-077659-00077-X,"בבא סאלי 77, דימונה",86017,exact,203155.18,552239.97,694039.42,3438164.83
001027-077659-00077-א,"בבא סאלי 77א, דימונה",86017,exact,203155.18,552239.97,694039.42,3438164.83
001027-077659-00077-ב,"בבא סאלי 77ב, דימונה",86017,exact,203155.18,552239.97,694039.42,3438164.83
001027-077659-00077-ג,"בבא סאלי 77ג, דימונה",86017,exact,203155.18,552239.97,694039.42,3438164.83
001027-077659-00078-X,"בבא סאלי 78, דימונה",86017,exact,203070.61,552139.49,693956.86,3438062.68
001027-077659-00078-א,"בבא סאלי 78א, דימונה",86017,exact,203070.61,552139.49,693956.86,3438062.68
001027-077659-00078-ב,"בבא סאלי 78ב, דימונה",86017,exact,203070.61,552139.49,693956.86,3438062.68
001027-077659-00078-ג,"בבא סאלי 78ג, דימונה",86017,exact,203070.61,552139.49,693956.86,3438062.68
001027-077659-00079-X,"בבא סאלי 79, דימונה",86017,exact,203292.62,552274.07,694176.16,3438201.65
001027-077659-00079-ב,"בבא סאלי 79ב, דימונה",86017,exact,203292.62,552274.07,694176.16,3438201.65
001027-077659-00080-X,"בבא סאלי 80, דימונה",86017,exact,203083.79,552144.07,693969.95,3438067.52
001027-077659-00082-X,"בבא סאלי 82, דימונה",86017,exact,203109.29,552176.21,693994.80,3438100.17
001027-077659-00084-X,"בבא סאלי 84, דימונה",86017,exact,203130.18,552184.80,694015.53,3438109.17
001027-077659-00086-X,"בבא סאלי 86, דימונה",86017,exact,203143.85,552189.54,694029.09,3438114.18
001027-077659-00087-X,"בבא סאלי 87, דימונה",86019,exact,203176.99,552236.77,694061.30,3438162.06
001027-077659-00088-X,"בבא סאלי 88, דימונה",86019,exact,203168.14,552197.87,694053.22,3438122.99
001027-077659-00089-X,"בבא סאלי 89, דימונה",86019,exact,203225.14,552252.77,694109.12,3438179.02
001027-077659-00090-X,"בבא סאלי 90, דימונה",86019,exact,203182.05,552204.43,694066.99,3438129.83
001027-077659-00091-X,"בבא סאלי 91, דימונה",86019,exact,203242.57,552256.67,694126.47,3438183.26
001027-077659-00094-X,"בבא סאלי 94, דימונה",86019,exact,203215.65,552216.38,694100.36,3438142.44
001027-077659-00098-X,"בבא סאלי 98, דימונה",86019,exact,203251.26,552223.68,694135.81,3438150.45
001027-077659-00100-X,"בבא סאלי 100, דימונה",86019,exact,203266.34,552228.63,694150.79,3438155.70
001027-077659-00102-X,"בבא סאלי 102, דימונה",86019,exact,203280.51,552233.36,694164.87,3438160.71
001027-077659-00104-X,"בבא סאלי 104, דימונה",86019,exact,203326.99,552249.01,694211.03,3438177.28
001027-077659-00105-X,"בבא סאלי 105, דימונה",86030,street,203011.54,552145.06,693897.69,3438067.09
001027-077659-00106-X,"בבא סאלי 106, דימונה",86019,exact,203342.86,552251.85,694226.84,3438180.43
001027-077659-00110-X,"בבא סאלי 110, דימונה",86019,exact,203373.33,552269.96,694256.95,3438199.15
001027-077659-00112-X,"בבא סאלי 112, דימונה",86019,exact,203389.78,552274.68,694273.31,3438204.19
001027-077659-00114-X,"בבא סאלי 114, דימונה",86019,exact,203407.87,552280.67,694291.27,3438210.54
001027-077659-00127-X,"בבא סאלי 127, דימונה",86017,exact,203431.85,552375.85,694313.36,3438306.18
001027-077659-00129-X,"בבא סאלי 129, דימונה",86017,exact,203433.77,552388.23,694315.03,3438318.60
001027-077659-00141-X,"בבא סאלי 141, דימונה",86017,street,203011.54,552145.06,693897.69,3438067.09
001027-077659-00142-X,"בבא סאלי 142, דימונה",86017,street,203011.54,552145.06,693897.69,3438067.09
001027-077853-00000-X,"?, דימונה",86014,none,,,,
001027-077853-00001-X,"? 1, דימונה",86014,none,,,,
001027-077853-00002-X,"? 2, דימונה",86016,none,,,,
001027-077853-00003-X,"? 3, דימונה",86014,none,,,,
001027-077853-00004-X,"? 4, דימונה",86016,none,,,,
001027-077853-00005-X,"? 5, דימונה",86014,none,,,,
001027-077853-00006-X,"? 6, דימונה",86016,none,,,,
001027-077853-00007-X,"? 7, דימונה",86014,none,,,,
001027-077853-00008-X,"? 8, דימונה",86016,none,,,,
001027-077853-00009-X,"? 9, דימונה",86014,none,,,,
001027-077853-00011-X,"? 11, דימונה",86014,none,,,,
001027-077853-00012-X,"? 12, דימונה",86016,none,,,,
001027-077853-00014-X,"? 14, דימונה",86016,none,,,,
001027-077853-00015-X,"? 15, דימונה",86014,none,,,,
001027-077853-00016-X,"? 16, דימונה",86016,none,,,,
001027-077853-00017-X,"? 17, דימונה",86014,none,,,,
001027-077853-00018-X,"? 18, דימונה",86016,none,,,,
001027-077853-00020-X,"? 20, דימונה",86016,none,,,,
001027-077853-00022-X,"? 22, דימונה",86016,none,,,,
001027-077853-00024-X,"? 24, דימונה",86016,none,,,,
001027-077853-00026-X,"? 26, דימונה",86016,none,,,,
001027-077853-00028-X,"? 28, דימונה",86016,none,,,,
001027-077853-00030-X,"? 30, דימונה",86016,none,,,,
001027-077853-00032-X,"? 32, דימונה",86016,none,,,,
001027-077853-00034-X,"? 34, דימונה",86016,none,,,,
001027-077853-00075-X,"? 75, דימונה",86014,none,,,,
001027-078072-00000-X,"קדש, דימונה",86016,street,202704.82,551950.21,693594.88,3437866.17
001027-078072-00023-X,"קדש 23, דימונה",86016,exact,202722.48,551920.69,693613.12,3437837.01
001027-078072-00025-X,"קדש 25, דימונה",86016,exact,202713.18,551918.63,693603.87,3437834.76
001027-078072-00029-X,"קדש 29, דימונה",86016,exact,202686.22,551910.62,693577.07,3437826.22
001027-078072-00047-X,"קדש 47, דימונה",86016,street,202704.82,551950.21,693594.88,3437866.17
001027-078072-00048-X,"קדש 48, דימונה",86016,street,202704.82,551950.21,693594.88,3437866.17
001027-078072-00049-X,"קדש 49, דימונה",86016,street,202704.82,551950.21,693594.88,3437866.17
001027-078072-00050-X,"קדש 50, דימונה",86016,street,202704.82,551950.21,693594.88,3437866.17
001027-078072-00052-X,"קדש 52, דימונה",86016,street,202704.82,551950.21,693594.88,3437866.17
001027-078072-00053-X,"קדש 53, דימונה",86016,street,202704.82,551950.21,693594.88,3437866.17
001027-078072-00054-X,"קדש 54, דימונה",86016,street,202704.82,551950.21,693594.88,3437866.17
001027-078072-00055-X,"קדש 55, דימונה",86016,street,202704.82,551950.21,693594.88,3437866.17
001027-078072-00056-X,"קדש 56, דימונה",86016,street,202704.82,551950.21,693594.88,3437866.17
001027-078072-00057-X,"קדש 57, דימונה",86016,street,202704.82,551950.21,693594.88,3437866.17
001027-078072-00058-X,"קדש 58, דימונה",86016,street,202704.82,551950.21,693594.88,3437866.17
001027-078072-00059-X,"קדש 59, דימונה",86016,street,202704.82,551950.21,693594.88,3437866.17
001027-078072-00065-X,"קדש 65, דימונה",86016,street,202704.82,551950.21,693594.88,3437866.17
001027-078072-00066-X,"קדש 66, דימונה",86016,street,202704.82,551950.21,693594.88,3437866.17
001027-078072-00067-X,"קדש 67, דימונה",86016,street,202704.82,551950.21,693594.88,3437866.17
001027-078072-00068-X,"קדש 68, דימונה",86016,street,202704.82,551950.21,693594.88,3437866.17
001027-078072-00069-X,"קדש 69, דימונה",86016,street,202704.82,551950.21,693594.88,3437866.17
001027-078072-00071-X,"קדש 71, דימונה",86016,street,202704.82,551950.21,693594.88,3437866.17
001027-078072-00072-X,"קדש 72, דימונה",86016,street,202704.82,551950.21,693594.88,3437866.17
001027-078072-00074-X,"קדש 74, דימונה",86016,street,202704.82,551950.21,693594.88,3437866.17
001027-078072-00129-X,"קדש 129, דימונה",86016,street,202704.82,551950.21,693594.88,3437866.17
001027-078222-00135-X,"ניצנה 135, דימונה",86013,street,202958.16,552147.39,693844.27,3438068.35
001027-078222-00136-X,"ניצנה 136, דימונה",86013,street,202958.16,552147.39,693844.27,3438068.35
001027-078222-00137-X,"ניצנה 137, דימונה",86013,street,202958.16,552147.39,693844.27,3438068.35
001027-078222-00138-X,"ניצנה 138, דימונה",86013,street,202958.16,552147.39,693844.27,3438068.35
001027-078222-00140-X,"ניצנה 140, דימונה",86013,street,202958.16,552147.39,693844.27,3438068.35
001027-078222-00141-X,"ניצנה 141, דימונה",86013,street,202958.16,552147.39,693844.27,3438068.35
001027-078222-00142-X,"ניצנה 142, דימונה",86013,street,202958.16,552147.39,693844.27,3438068.35
001027-079388-00001-X,"עבדת 1, דימונה",86048,exact,203757.32,552675.22,694632.84,3438611.98
001027-079388-00004-X,"עבדת 4, דימונה",86048,exact,203788.94,552675.14,694664.45,3438612.52
001027-079388-00005-X,"עבדת 5, דימונה",86048,exact,203761.04,552695.66,694636.15,3438632.48
001027-079388-00006-X,"עבדת 6, דימונה",86048,exact,203792.15,552689.49,694667.37,3438626.93
001027-079388-00008-X,"עבדת 8, דימונה",86048,exact,203796.06,552695.72,694671.16,3438633.24
001027-079388-00009-X,"עבדת 9, דימונה",86048,exact,203766.80,552716.73,694641.49,3438653.67
001027-079388-00010-X,"עבדת 10, דימונה",86048,exact,203800.92,552708.71,694675.76,3438646.32
001027-079388-00012-X,"עבדת 12, דימונה",86048,exact,203803.87,552717.24,694678.54,3438654.91
001027-079388-00014-X,"עבדת 14, דימונה",86048,street,203895.26,552713.03,694770.00,3438652.52
001027-079388-00015-X,"עבדת 15, דימונה",86048,exact,203778.46,552751.57,694652.45,3438688.73
001027-079388-00016-X,"עבדת 16, דימונה",86048,exact,203890.13,552702.24,694765.09,3438641.63
001027-079388-00019-X,"עבדת 19, דימונה",86048,exact,203780.01,552770.71,694653.63,3438707.90
001027-079388-00020-X,"עבדת 20, דימונה",86048,exact,203942.81,552679.34,694818.21,3438619.77
001027-079388-00021-X,"עבדת 21, דימונה",86048,exact,203802.25,552763.96,694676.00,3438701.59
001027-079388-00023-X,"עבדת 23, דימונה",86048,exact,203808.34,552757.26,694682.21,3438695.01
001027-079388-00024-X,"עבדת 24, דימונה",86048,exact,203968.85,552669.71,694844.44,3438610.66
001027-079388-00025-X,"עבדת 25, דימונה",86048,exact,203823.93,552752.52,694697.90,3438690.59
001027-079388-00027-X,"עבדת 27, דימונה",86048,exact,203830.00,552753.53,694703.95,3438691.72
001027-079388-00029-X,"עבדת 29, דימונה",86048,exact,203847.88,552749.63,694721.90,3438688.17
001027-079388-00030-X,"עבדת 30, דימונה",86048,exact,203998.58,552660.29,694874.35,3438601.84
001027-079388-00031-X,"עבדת 31, דימונה",86048,exact,203852.48,552743.89,694726.62,3438682.52
001027-079388-00033-X,"עבדת 33, דימונה",86048,exact,203872.61,552743.50,694746.75,3438682.54
001027-079388-00035-X,"עבדת 35, דימונה",86048,exact,203880.47,552736.88,694754.74,3438676.07
001027-079388-00037-X,"עבדת 37, דימונה",86048,exact,203893.67,552733.13,694768.02,3438672.58
001027-079388-00039-X,"עבדת 39, דימונה",86048,exact,203901.81,552730.66,694776.20,3438670.28
001027-079388-00041-X,"עבדת 41, דימונה",86048,exact,203922.85,552726.28,694797.33,3438666.31
001027-079388-00043-X,"עבדת 43, דימונה",86048,exact,203926.34,552723.44,694800.87,3438663.54
001027-079388-00045-X,"עבדת 45, דימונה",86048,exact,203948.29,552716.46,694822.96,3438657.00
001027-079388-00047-X,"עבדת 47, דימונה",86048,exact,203950.83,552712.59,694825.57,3438653.18
001027-079388-00051-X,"עבדת 51, דימונה",86048,exact,203975.07,552708.90,694849.88,3438649.97
001027-079388-00053-X,"עבדת 53, דימונה",86048,exact,203990.82,552708.03,694865.64,3438649.42
001027-079388-00055-X,"עבדת 55, דימונה",86048,exact,203994.85,552701.86,694869.80,3438643.33
001027-079550-00008-X,"האורן 8, דימונה",86029,exact,202794.89,552778.88,693668.49,3438696.51
001027-079550-00012-X,"האורן 12, דימונה",86029,exact,202769.43,552781.25,693642.99,3438698.37
001027-079550-00039-X,"האורן 39, דימונה",86029,street,202691.77,552731.07,693566.33,3438646.65
001027-079550-00039-א,"האורן 39א, דימונה",86029,street,202691.77,552731.07,693566.33,3438646.65
001027-079550-00039-ב,"האורן 39ב, דימונה",86029,street,202691.77,552731.07,693566.33,3438646.65
001027-079550-00039-ג,"האורן 39ג, דימונה",86029,street,202691.77,552731.07,693566.33,3438646.65
001027-079550-00039-ד,"האורן 39ד, דימונה",86029,street,202691.77,552731.07,693566.33,3438646.65
001027-079550-00040-X,"האורן 40, דימונה",86029,street,202691.77,552731.07,693566.33,3438646.65
001027-079550-00040-א,"האורן 40א, דימונה",86029,street,202691.77,552731.07,693566.33,3438646.65
001027-079550-00040-ג,"האורן 40ג, דימונה",86029,street,202691.77,552731.07,693566.33,3438646.65
001027-079550-00042-X,"האורן 42, דימונה",86029,street,202691.77,552731.07,693566.33,3438646.65
001027-079550-00042-א,"האורן 42א, דימונה",86029,street,202691.77,552731.07,693566.33,3438646.65
001027-079550-00042-ב,"האורן 42ב, דימונה",86029,street,202691.77,552731.07,693566.33,3438646.65
001027-079550-00536-X,"האורן 536, דימונה",86029,street,202691.77,552731.07,693566.33,3438646.65
001027-079550-00537-X,"האורן 537, דימונה",86029,street,202691.77,552731.07,693566.33,3438646.65
001027-079550-00540-X,"האורן 540, דימונה",86029,street,202691.77,552731.07,693566.33,3438646.65
001027-079550-00542-X,"האורן 542, דימונה",86029,street,202691.77,552731.07,693566.33,3438646.65
001027-079550-00545-X,"האורן 545, דימונה",86029,street,202691.77,552731.07,693566.33,3438646.65
001027-079550-00546-X,"האורן 546, דימונה",86029,street,202691.77,552731.07,693566.33,3438646.65
001027-079550-00547-X,"האורן 547, דימונה",86029,street,202691.77,552731.07,693566.33,3438646.65
001027-079550-00548-X,"האורן 548, דימונה",86029,street,202691.77,552731.07,693566.33,3438646.65
001027-079550-00549-X,"האורן 549, דימונה",86029,street,202691.77,552731.07,693566.33,3438646.65
001027-079550-00550-X,"האורן 550, דימונה",86029,street,202691.77,552731.07,693566.33,3438646.65
001027-079550-00551-X,"האורן 551, דימונה",86029,street,202691.77,552731.07,693566.33,3438646.65
001027-079944-01086-א,"? 1086א, דימונה",86022,none,,,,
001027-079944-01086-ב,"? 1086ב, דימונה",86022,none,,,,
001027-079944-01086-ג,"? 1086ג, דימונה",86022,none,,,,
001027-079944-01086-ד,"? 1086ד, דימונה",86022,none,,,,
001027-079944-01086-ה,"? 1086ה, דימונה",86022,none,,,,
001027-079944-01086-ו,"? 1086ו, דימונה",86022,none,,,,
001027-079944-01086-ח,"? 1086ח, דימונה",86022,none,,,,
001027-079944-01086-ט,"? 1086ט, דימונה",86022,none,,,,
001027-079944-01087-א,"? 1087א, דימונה",86022,none,,,,
001027-079944-01087-ב,"? 1087ב, דימונה",86022,none,,,,
001027-079944-01087-ג,"? 1087ג, דימונה",86022,none,,,,
001027-079944-01088-ב,"? 1088ב, דימונה",86022,none,,,,
001027-079944-01088-ג,"? 1088ג, דימונה",86022,none,,,,
001027-079944-01088-ד,"? 1088ד, דימונה",86022,none,,,,
001027-079944-01089-X,"? 1089, דימונה",86022,none,,,,
001027-079944-01089-א,"? 1089א, דימונה",86022,none,,,,
001027-079944-01089-ב,"? 1089ב, דימונה",86022,none,,,,
001027-079944-01089-ד,"? 1089ד, דימונה",86022,none,,,,
001027-079944-01089-ה,"? 1089ה, דימונה",86022,none,,,,
001027-079944-01090-X,"? 1090, דימונה",86022,none,,,,
001027-079944-01090-א,"? 1090א, דימונה",86022,none,,,,
001027-079944-01090-ב,"? 1090ב, דימונה",86022,none,,,,
001027-079944-01090-ג,"? 1090ג, דימונה",86022,none,,,,
001027-079944-01090-ד,"? 1090ד, דימונה",86022,none,,,,
001027-079944-01090-ה,"? 1090ה, דימונה",86022,none,,,,
001027-079944-01090-ו,"? 1090ו, דימונה",86022,none,,,,
001027-079944-01090-ז,"? 1090ז, דימונה",86022,none,,,,
001027-079944-01090-ח,"? 1090ח, דימונה",86022,none,,,,
001027-079944-01090-ט,"? 1090ט, דימונה",86022,none,,,,
001027-079944-01091-X,"? 1091, דימונה",86022,none,,,,
001027-079944-01091-א,"? 1091א, דימונה",86022,none,,,,
001027-079944-01091-ב,"? 1091ב, דימונה",86022,none,,,,
001027-079944-01091-ד,"? 1091ד, דימונה",86022,none,,,,
001027-079944-01092-X,"? 1092, דימונה",86022,none,,,,
001027-079944-01092-ד,"? 1092ד, דימונה",86022,none,,,,
001027-079944-01092-ה,"? 1092ה, דימונה",86022,none,,,,
001027-079944-01093-X,"? 1093, דימונה",86022,none,,,,
001027-079944-01093-א,"? 1093א, דימונה",86022,none,,,,
001027-079944-01093-ב,"? 1093ב, דימונה",86022,none,,,,
001027-079944-01093-ג,"? 1093ג, דימונה",86022,none,,,,
001027-079944-01093-ד,"? 1093ד, דימונה",86022,none,,,,
001027-079944-01093-ה,"? 1093ה, דימונה",86022,none,,,,
001027-079944-01094-X,"? 1094, דימונה",86022,none,,,,
001027-079944-01094-א,"? 1094א, דימונה",86022,none,,,,
001027-079944-01094-ב,"? 1094ב, דימונה",86022,none,,,,
001027-079944-01094-ג,"? 1094ג, דימונה",86022,none,,,,
001027-079944-01094-ד,"? 1094ד, דימונה",86022,none,,,,
001027-079944-01094-ה,"? 1094ה, דימונה",86022,none,,,,
001027-079944-01094-ו,"? 1094ו, דימונה",86022,none,,,,
001027-079944-01094-ט,"? 1094ט, דימונה",86022,none,,,,
001027-079944-01094-י,"? 1094י, דימונה",86022,none,,,,
001027-079944-01095-א,"? 1095א, דימונה",86022,none,,,,
001027-079944-01095-ב,"? 1095ב, דימונה",86022,none,,,,
001027-079944-01095-ג,"? 1095ג, דימונה",86022,none,,,,
001027-079944-01095-ד,"? 1095ד, דימונה",86022,none,,,,
001027-079944-01095-ה,"? 1095ה, דימונה",86022,none,,,,
001027-079944-01096-X,"? 1096, דימונה",86022,none,,,,
001027-079944-01096-א,"? 1096א, דימונה",86022,none,,,,
001027-079944-01096-ג,"? 1096ג, דימונה",86022,none,,,,
001027-079944-01096-ד,"? 1096ד, דימונה",86022,none,,,,
001027-079944-01097-X,"? 1097, דימונה",86022,none,,,,
001027-079944-01097-א,"? 1097א, דימונה",86022,none,,,,
001027-079944-01097-ב,"? 1097ב, דימונה",86022,none,,,,
001027-079944-01097-ג,"? 1097ג, דימונה",86022,none,,,,
001027-079944-01097-ד,"? 1097ד, דימונה",86022,none,,,,
001027-079944-01098-X,"? 1098, דימונה",86022,none,,,,
001027-079944-01098-א,"? 1098א, דימונה",86022,none,,,,
001027-079944-01098-ב,"? 1098ב, דימונה",86022,none,,,,
001027-079944-01098-ג,"? 1098ג, דימונה",86022,none,,,,
001027-079944-01098-ד,"? 1098ד, דימונה",86022,none,,,,
001027-079944-01098-ה,"? 1098ה, דימונה",86022,none,,,,
001027-079944-01098-ו,"? 1098ו, דימונה",86022,none,,,,
001027-079944-01098-ז,"? 1098ז, דימונה",86022,none,,,,
001027-079944-01098-ח,"? 1098ח, דימונה",86022,none,,,,
001027-079944-01098-ט,"? 1098ט, דימונה",86022,none,,,,
001027-079944-01099-א,"? 1099א, דימונה",86022,none,,,,
001027-079944-01099-ב,"? 1099ב, דימונה",86022,none,,,,
001027-079944-01099-ה,"? 1099ה, דימונה",86022,none,,,,
001027-079944-01100-X,"? 1100, דימונה",86022,none,,,,
001027-079944-01100-ב,"? 1100ב, דימונה",86022,none,,,,
001027-079944-01100-ג,"? 1100ג, דימונה",86022,none,,,,
001027-079944-01101-X,"? 1101, דימונה",86022,none,,,,
001027-079944-01101-א,"? 1101א, דימונה",86022,none,,,,
001027-079944-01101-ד,"? 1101ד, דימונה",86022,none,,,,
001027-080572-00004-X,"רחבת האשלג 4, דימונה",86029,exact,202765.37,552675.52,693641.02,3438592.57
001027-080572-00010-X,"רחבת האשלג 10, דימונה",86029,exact,202764.11,552709.74,693639.09,3438626.76
001027-080572-00012-X,"רחבת האשלג 12, דימונה",86029,exact,202766.57,552724.30,693641.25,3438641.37
001027-080572-00013-X,"רחבת האשלג 13, דימונה",86029,exact,202745.62,552638.39,693622.01,3438555.05
001027-080572-00014-X,"רחבת האשלג 14, דימונה",86029,exact,202761.12,552731.59,693635.66,3438648.55
001027-080572-00015-X,"רחבת האשלג 15, דימונה",86029,exact,202728.70,552648.59,693604.89,3438564.92
001027-080572-00017-X,"רחבת האשלג 17, דימונה",86029,exact,202722.56,552651.78,693598.69,3438567.99
001027-080572-00018-X,"רחבת האשלג 18, דימונה",86029,exact,202729.89,552737.54,693604.32,3438653.88
001027-080572-00019-X,"רחבת האשלג 19, דימונה",86029,exact,202722.20,552675.95,693597.86,3438592.14
001027-080572-00021-X,"רחבת האשלג 21, דימונה",86029,exact,202726.36,552684.59,693601.84,3438600.87
001027-080572-00023-X,"רחבת האשלג 23, דימונה",86029,exact,202717.04,552695.54,693592.30,3438611.63
001027-080572-00025-X,"רחבת האשלג 25, דימונה",86029,exact,202720.59,552704.79,693595.67,3438620.95
001027-080572-00027-X,"רחבת האשלג 27, דימונה",86029,exact,202719.72,552720.21,693594.49,3438636.35
001027-080572-00029-X,"רחבת האשלג 29, דימונה",86029,exact,202714.84,552728.71,693589.44,3438644.75
001027-080618-00001-X,"הצאלה 1, דימונה",86025,exact,202982.07,552735.80,693856.50,3438657.15
001027-080618-00003-X,"הצאלה 3, דימונה",86025,exact,202972.92,552734.02,693847.38,3438655.19
001027-080618-00005-X,"הצאלה 5, דימונה",86025,exact,202956.87,552744.78,693831.13,3438665.62
001027-080618-00007-X,"הצאלה 7, דימונה",86025,exact,202947.44,552749.40,693821.60,3438670.06
001027-080618-00011-X,"הצאלה 11, דימונה",86025,exact,202889.85,552762.76,693763.76,3438682.27
001027-080618-00013-X,"הצאלה 13, דימונה",86025,exact,202883.04,552768.32,693756.83,3438687.70
001027-080618-00015-X,"הצאלה 15, דימונה",86025,exact,202871.04,552768.85,693744.82,3438687.99
001027-080618-00017-X,"הצאלה 17, דימונה",86025,exact,202861.54,552774.78,693735.21,3438693.73
001027-080737-00001-X,"רחבת אורון 1, דימונה",86022,street,202853.17,552528.89,693731.72,3438447.71
001027-080737-00002-X,"רחבת אורון 2, דימונה",86022,street,202853.17,552528.89,693731.72,3438447.71
001027-080737-00004-X,"רחבת אורון 4, דימונה",86022,exact,202849.89,552515.99,693728.70,3438434.75
001027-080737-00005-X,"רחבת אורון 5, דימונה",86022,exact,202854.48,552555.75,693732.50,3438474.59
001027-080737-00006-X,"רחבת אורון 6, דימונה",86022,exact,202863.97,552513.65,693742.82,3438432.69
001027-080737-00007-X,"רחבת אורון 7, דימונה",86022,exact,202873.96,552545.66,693752.17,3438464.89
001027-080737-00009-X,"רחבת אורון 9, דימונה",86022,exact,202889.36,552553.43,693767.42,3438472.97
001027-080737-00010-X,"רחבת אורון 10, דימונה",86022,exact,202893.32,552514.14,693772.16,3438433.76
001027-080737-00011-X,"רחבת אורון 11, דימונה",86022,exact,202917.91,552551.25,693796.01,3438471.35
001027-080737-00012-X,"רחבת אורון 12, דימונה",86022,exact,202912.29,552521.01,693790.99,3438441.01
001027-080737-00013-X,"רחבת אורון 13, דימונה",86022,exact,202929.12,552552.81,693807.18,3438473.13
001027-080737-00014-X,"רחבת אורון 14, דימונה",86022,exact,202910.87,552533.93,693789.31,3438453.89
001027-080737-00018-X,"רחבת אורון 18, דימונה",86022,street,202853.17,552528.89,693731.72,3438447.71
001027-080737-00020-X,"רחבת אורון 20, דימונה",86022,street,202853.17,552528.89,693731.72,3438447.71
001027-080737-00022-X,"רחבת אורון 22, דימונה",86022,street,202853.17,552528.89,693731.72,3438447.71
001027-080737-00024-X,"רחבת אורון 24, דימונה",86022,street,202853.17,552528.89,693731.72,3438447.71
001027-080737-00026-X,"רחבת אורון 26, דימונה",86022,street,202853.17,552528.89,693731.72,3438447.71
001027-080737-00030-X,"רחבת אורון 30, דימונה",86022,street,202853.17,552528.89,693731.72,3438447.71
001027-080737-00032-X,"רחבת אורון 32, דימונה",86022,street,202853.17,552528.89,693731.72,3438447.71
001027-080737-00034-X,"רחבת אורון 34, דימונה",86022,street,202853.17,552528.89,693731.72,3438447.71
001027-080737-00036-X,"רחבת אורון 36, דימונה",86022,street,202853.17,552528.89,693731.72,3438447.71
001027-080737-00038-X,"רחבת אורון 38, דימונה",86022,street,202853.17,552528.89,693731.72,3438447.71
001027-080737-00040-X,"רחבת אורון 40, דימונה",86022,street,202853.17,552528.89,693731.72,3438447.71
001027-080813-00000-X,"קציעות, דימונה",86018,street,203147.61,552282.50,694031.01,3438207.20
001027-080813-00001-X,"קציעות 1, דימונה",86018,street,203147.61,552282.50,694031.01,3438207.20
001027-080813-00002-X,"קציעות 2, דימונה",86011,street,203147.61,552282.50,694031.01,3438207.20
001027-080813-00003-X,"קציעות 3, דימונה",86018,exact,203191.14,552240.92,694075.36,3438166.49
001027-080813-00004-X,"קציעות 4, דימונה",86011,street,203147.61,552282.50,694031.01,3438207.20
001027-080813-00006-X,"קציעות 6, דימונה",86011,street,203147.61,552282.50,694031.01,3438207.20
001027-080813-00007-X,"קציעות 7, דימונה",86018,exact,203134.53,552234.57,694018.88,3438159.02
001027-080813-00008-X,"קציעות 8, דימונה",86011,exact,203172.24,552292.47,694055.44,3438217.66
001027-080813-00012-X,"קציעות 12, דימונה",86011,street,203147.61,552282.50,694031.01,3438207.20
001027-080813-00016-X,"קציעות 16, דימונה",86011,street,203147.61,552282.50,694031.01,3438207.20
001027-080813-00080-X,"קציעות 80, דימונה",86018,street,203147.61,552282.50,694031.01,3438207.20
001027-080813-00080-א,"קציעות 80א, דימונה",86018,street,203147.61,552282.50,694031.01,3438207.20
001027-080813-00080-ב,"קציעות 80ב, דימונה",86018,street,203147.61,552282.50,694031.01,3438207.20
001027-080813-00080-ג,"קציעות 80ג, דימונה",86018,street,203147.61,552282.50,694031.01,3438207.20
001027-080813-00081-א,"קציעות 81א, דימונה",86018,street,203147.61,552282.50,694031.01,3438207.20
001027-080813-00081-ב,"קציעות 81ב, דימונה",86018,street,203147.61,552282.50,694031.01,3438207.20
001027-080813-00081-ג,"קציעות 81ג, דימונה",86018,street,203147.61,552282.50,694031.01,3438207.20
001027-080850-00000-X,"הרצל, דימונה",86021,street,202895.25,552939.24,693765.65,3438858.83
001027-080850-00034-X,"הרצל 34, דימונה",86021,exact,202958.10,552980.51,693827.67,3438901.34
001027-080850-00035-X,"הרצל 35, דימונה",86021,exact,203351.25,552905.42,694222.26,3438834.08
001027-080850-00036-X,"הרצל 36, דימונה",86021,exact,202934.61,552980.74,693804.17,3438901.11
001027-080850-00037-X,"הרצל 37, דימונה",86021,exact,203337.86,552906.86,694208.84,3438835.25
001027-080850-00040-X,"הרצל 40, דימונה",86021,exact,202880.48,552976.40,693750.14,3438895.70
001027-080850-00041-X,"הרצל 41, דימונה",86021,exact,203317.47,552925.54,694188.07,3438853.52
001027-080850-00042-X,"הרצל 42, דימונה",86021,exact,202838.40,552972.43,693708.15,3438890.89
001027-080850-00049-X,"הרצל 49, דימונה",86021,street,202895.25,552939.24,693765.65,3438858.83
001027-080850-00051-X,"הרצל 51, דימונה",86021,street,202895.25,552939.24,693765.65,3438858.83
001027-080850-00055-X,"הרצל 55, דימונה",86021,exact,202979.81,552910.30,693850.77,3438831.58
001027-080850-00057-X,"הרצל 57, דימונה",86021,exact,202966.01,552910.09,693836.98,3438831.09
001027-080850-00059-X,"הרצל 59, דימונה",86021,exact,202953.03,552911.12,693823.98,3438831.86
001027-080850-00061-X,"הרצל 61, דימונה",86021,exact,202929.34,552907.37,693800.37,3438827.65
001027-080850-00061-א,"הרצל 61א, דימונה",86021,exact,202929.34,552907.37,693800.37,3438827.65
001027-080850-00061-ב,"הרצל 61ב, דימונה",86021,exact,202929.34,552907.37,693800.37,3438827.65
001027-080850-00062-X,"הרצל 62, דימונה",86021,exact,202932.34,553073.79,693800.06,3438994.10
001027-080850-00062-א,"הרצל 62א, דימונה",86021,exact,202932.34,553073.79,693800.06,3438994.10
001027-080850-00062-ב,"הרצל 62ב, דימונה",86021,exact,202932.34,553073.79,693800.06,3438994.10
001027-080850-00062-ג,"הרצל 62ג, דימונה",86021,exact,202932.34,553073.79,693800.06,3438994.10
001027-080850-00063-X,"הרצל 63, דימונה",86021,exact,202915.62,552905.68,693786.68,3438825.69
001027-080850-00063-א,"הרצל 63א, דימונה",86021,exact,202915.62,552905.68,693786.68,3438825.69
001027-080850-00063-ב,"הרצל 63ב, דימונה",86021,exact,202915.62,552905.68,693786.68,3438825.69
001027-080850-00063-ג,"הרצל 63ג, דימונה",86021,exact,202915.62,552905.68,693786.68,3438825.69
001027-080850-00114-X,"הרצל 114, דימונה",86021,street,202895.25,552939.24,693765.65,3438858.83
001027-080850-00115-X,"הרצל 115, דימונה",86021,street,202895.25,552939.24,693765.65,3438858.83
001027-080850-00117-X,"הרצל 117, דימונה",86021,exact,202548.08,552817.66,693420.95,3438730.37
001027-080850-00118-X,"הרצל 118, דימונה",86021,street,202895.25,552939.24,693765.65,3438858.83
001027-080850-00231-X,"הרצל 231, דימונה",86041,street,202895.25,552939.24,693765.65,3438858.83
001027-080850-00231-ב,"הרצל 231ב, דימונה",86041,street,202895.25,552939.24,693765.65,3438858.83
001027-080850-00231-ג,"הרצל 231ג, דימונה",86041,street,202895.25,552939.24,693765.65,3438858.83
001027-080850-00231-ד,"הרצל 231ד, דימונה",86041,street,202895.25,552939.24,693765.65,3438858.83
001027-080850-00231-ה,"הרצל 231ה, דימונה",86041,street,202895.25,552939.24,693765.65,3438858.83
001027-080850-00232-X,"הרצל 232, דימונה",86041,street,202895.25,552939.24,693765.65,3438858.83
001027-080850-00232-א,"הרצל 232א, דימונה",86041,street,202895.25,552939.24,693765.65,3438858.83
001027-080850-00232-ב,"הרצל 232ב, דימונה",86041,street,202895.25,552939.24,693765.65,3438858.83
001027-080850-00232-ג,"הרצל 232ג, דימונה",86041,street,202895.25,552939.24,693765.65,3438858.83
001027-080850-00232-ה,"הרצל 232ה, דימונה",86041,street,202895.25,552939.24,693765.65,3438858.83
001027-080850-00233-X,"הרצל 233, דימונה",86041,street,202895.25,552939.24,693765.65,3438858.83
001027-080850-00233-ב,"הרצל 233ב, דימונה",86041,street,202895.25,552939.24,693765.65,3438858.83
001027-080850-00233-ד,"הרצל 233ד, דימונה",86041,street,202895.25,552939.24,693765.65,3438858.83
001027-080850-00233-ה,"הרצל 233ה, דימונה",86041,street,202895.25,552939.24,693765.65,3438858.83
001027-080850-00234-X,"הרצל 234, דימונה",86041,street,202895.25,552939.24,693765.65,3438858.83
001027-080850-00234-א,"הרצל 234א, דימונה",86041,street,202895.25,552939.24,693765.65,3438858.83
001027-080850-00234-ב,"הרצל 234ב, דימונה",86041,street,202895.25,552939.24,693765.65,3438858.83
001027-080850-00234-ג,"הרצל 234ג, דימונה",86041,street,202895.25,552939.24,693765.65,3438858.83
001027-080850-00234-ד,"הרצל 234ד, דימונה",86041,street,202895.25,552939.24,693765.65,3438858.83
001027-080850-00295-X,"הרצל 295, דימונה",86070,street,202895.25,552939.24,693765.65,3438858.83
001027-080850-00295-א,"הרצל 295א, דימונה",86070,street,202895.25,552939.24,693765.65,3438858.83
001027-080850-00295-ג,"הרצל 295ג, דימונה",86070,street,202895.25,552939.24,693765.65,3438858.83
001027-080850-00295-ד,"הרצל 295ד, דימונה",86070,street,202895.25,552939.24,693765.65,3438858.83
001027-080850-00295-ה,"הרצל 295ה, דימונה",86070,street,202895.25,552939.24,693765.65,3438858.83
001027-080850-00295-ו,"הרצל 295ו, דימונה",86070,street,202895.25,552939.24,693765.65,3438858.83
001027-080850-00503-X,"הרצל 503, דימונה",86021,street,202895.25,552939.24,693765.65,3438858.83
001027-080850-00503-א,"הרצל 503א, דימונה",86021,street,202895.25,552939.24,693765.65,3438858.83
001027-080850-00503-ב,"הרצל 503ב, דימונה",86021,street,202895.25,552939.24,693765.65,3438858.83
001027-080850-00503-ג,"הרצל 503ג, דימונה",86021,street,202895.25,552939.24,693765.65,3438858.83
001027-080850-00504-א,"הרצל 504א, דימונה",86021,street,202895.25,552939.24,693765.65,3438858.83
001027-080850-00504-ב,"הרצל 504ב, דימונה",86021,street,202895.25,552939.24,693765.65,3438858.83
001027-080850-00504-ג,"הרצל 504ג, דימונה",86021,street,202895.25,552939.24,693765.65,3438858.83
001027-080850-00504-ד,"הרצל 504ד, דימונה",86021,street,202895.25,552939.24,693765.65,3438858.83
001027-080957-00000-X,"סביון, דימונה",86015,street,203086.79,552236.62,693971.11,3438160.12
001027-080957-00001-X,"סביון 1, דימונה",86015,street,203086.79,552236.62,693971.11,3438160.12
001027-080957-00003-X,"סביון 3, דימונה",86015,street,203086.79,552236.62,693971.11,3438160.12
001027-080957-00005-X,"סביון 5, דימונה",86015,street,203086.79,552236.62,693971.11,3438160.12
001027-081029-00000-X,"עזרא ונחמיה, דימונה",86043,street,203327.35,552696.62,694202.50,3438624.83
001027-081029-00021-X,"עזרא ונחמיה 21, דימונה",86046,street,203327.35,552696.62,694202.50,3438624.83
001027-081029-00220-X,"עזרא ונחמיה 220, דימונה",86046,street,203327.35,552696.62,694202.50,3438624.83
001027-081029-00220-א,"עזרא ונחמיה 220א, דימונה",86046,street,203327.35,552696.62,694202.50,3438624.83
001027-081029-00220-ג,"עזרא ונחמיה 220ג, דימונה",86046,street,203327.35,552696.62,694202.50,3438624.83
001027-081029-00220-ד,"עזרא ונחמיה 220ד, דימונה",86046,street,203327.35,552696.62,694202.50,3438624.83
001027-081029-00220-ה,"עזרא ונחמיה 220ה, דימונה",86046,street,203327.35,552696.62,694202.50,3438624.83
001027-081029-00220-ו,"עזרא ונחמיה 220ו, דימונה",86046,street,203327.35,552696.62,694202.50,3438624.83
001027-081029-00220-ז,"עזרא ונחמיה 220ז, דימונה",86046,street,203327.35,552696.62,694202.50,3438624.83
001027-081029-00243-א,"עזרא ונחמיה 243א, דימונה",86046,exact,203306.75,552713.95,694181.56,3438641.75
001027-081029-00243-ג,"עזרא ונחמיה 243ג, דימונה",86046,exact,203306.75,552713.95,694181.56,3438641.75
001027-081029-00243-ד,"עזרא ונחמיה 243ד, דימונה",86046,exact,203306.75,552713.95,694181.56,3438641.75
001027-081029-00244-X,"עזרא ונחמיה 244, דימונה",86046,street,203327.35,552696.62,694202.50,3438624.83
001027-081029-00244-א,"עזרא ונחמיה 244א, דימונה",86046,street,203327.35,552696.62,694202.50,3438624.83
001027-081029-00244-ב,"עזרא ונחמיה 244ב, דימונה",86046,street,203327.35,552696.62,694202.50,3438624.83
001027-081029-00244-ד,"עזרא ונחמיה 244ד, דימונה",86046,street,203327.35,552696.62,694202.50,3438624.83
001027-081029-00244-ה,"עזרא ונחמיה 244ה, דימונה",86046,street,203327.35,552696.62,694202.50,3438624.83
001027-081029-00244-ו,"עזרא ונחמיה 244ו, דימונה",86046,street,203327.35,552696.62,694202.50,3438624.83
001027-081029-00250-X,"עזרא ונחמיה 250, דימונה",86043,street,203327.35,552696.62,694202.50,3438624.83
001027-081029-00250-א,"עזרא ונחמיה 250א, דימונה",86043,street,203327.35,552696.62,694202.50,3438624.83
001027-081029-00250-ב,"עזרא ונחמיה 250ב, דימונה",86043,street,203327.35,552696.62,694202.50,3438624.83
001027-081029-00250-ג,"עזרא ונחמיה 250ג, דימונה",86043,street,203327.35,552696.62,694202.50,3438624.83
001027-081029-00250-ד,"עזרא ונחמיה 250ד, דימונה",86043,street,203327.35,552696.62,694202.50,3438624.83
001027-081029-00250-ה,"עזרא ונחמיה 250ה, דימונה",86043,street,203327.35,552696.62,694202.50,3438624.83
001027-081029-00250-ו,"עזרא ונחמיה 250ו, דימונה",86043,street,203327.35,552696.62,694202.50,3438624.83
001027-081210-00055-X,"? 55, דימונה",86022,none,,,,
001027-081210-00055-ב,"? 55ב, דימונה",86022,none,,,,
001027-081210-00056-ג,"? 56ג, דימונה",86022,none,,,,
001027-081210-00057-X,"? 57, דימונה",86022,none,,,,
001027-081210-00057-א,"? 57א, דימונה",86022,none,,,,
001027-081210-00057-ב,"? 57ב, דימונה",86022,none,,,,
001027-081210-00057-ג,"? 57ג, דימונה",86022,none,,,,
001027-081210-00057-ד,"? 57ד, דימונה",86022,none,,,,
001027-081210-00058-X,"? 58, דימונה",86022,none,,,,
001027-081210-00058-א,"? 58א, דימונה",86022,none,,,,
001027-081210-00058-ב,"? 58ב, דימונה",86022,none,,,,
001027-081210-00058-ג,"? 58ג, דימונה",86022,none,,,,
001027-081210-00059-א,"? 59א, דימונה",86022,none,,,,
001027-081210-00059-ב,"? 59ב, דימונה",86022,none,,,,
001027-081210-00059-ג,"? 59ג, דימונה",86022,none,,,,
001027-081311-00000-X,"השיטה, דימונה",86122,street,202888.89,552630.16,693765.43,3438549.67
001027-081311-00045-X,"השיטה 45, דימונה",86122,exact,202876.71,552582.65,693754.19,3438501.93
001027-081311-00045-ה,"השיטה 45ה, דימונה",86122,exact,202876.71,552582.65,693754.19,3438501.93
001027-081311-00045-ו,"השיטה 45ו, דימונה",86122,exact,202876.71,552582.65,693754.19,3438501.93
001027-081311-00045-ז,"השיטה 45ז, דימונה",86122,exact,202876.71,552582.65,693754.19,3438501.93
001027-081311-00046-X,"השיטה 46, דימונה",86122,exact,202897.40,552612.42,693774.29,3438532.11
001027-081311-00046-א,"השיטה 46א, דימונה",86122,exact,202897.40,552612.42,693774.29,3438532.11
001027-081311-00046-ב,"השיטה 46ב, דימונה",86122,exact,202897.40,552612.42,693774.29,3438532.11
001027-081311-00046-ג,"השיטה 46ג, דימונה",86122,exact,202897.40,552612.42,693774.29,3438532.11
001027-081311-00046-ד,"השיטה 46ד, דימונה",86122,exact,202897.40,552612.42,693774.29,3438532.11
001027-081311-00047-א,"השיטה 47א, דימונה",86122,exact,202894.55,552640.36,693770.88,3438559.98
001027-081311-00047-ב,"השיטה 47ב, דימונה",86122,exact,202894.55,552640.36,693770.88,3438559.98
001027-081311-00047-ג,"השיטה 47ג, דימונה",86122,exact,202894.55,552640.36,693770.88,3438559.98
001027-081311-00047-ד,"השיטה 47ד, דימונה",86122,exact,202894.55,552640.36,693770.88,3438559.98
001027-081311-00047-ה,"השיטה 47ה, דימונה",86122,exact,202894.55,552640.36,693770.88,3438559.98
001027-081311-00048-X,"השיטה 48, דימונה",86122,exact,202858.93,552630.32,693735.47,3438549.24
001027-081311-00048-א,"השיטה 48א, דימונה",86122,exact,202858.93,552630.32,693735.47,3438549.24
001027-081311-00048-ב,"השיטה 48ב, דימונה",86122,exact,202858.93,552630.32,693735.47,3438549.24
001027-081311-00048-ג,"השיטה 48ג, דימונה",86122,exact,202858.93,552630.32,693735.47,3438549.24
001027-081676-00000-X,"רקפת, דימונה",86038,street,203068.05,552445.44,693948.23,3438368.54
001027-081676-00004-X,"רקפת 4, דימונה",86038,street,203068.05,552445.44,693948.23,3438368.54
001027-081676-00014-X,"רקפת 14, דימונה",86038,street,203068.05,552445.44,693948.23,3438368.54
001027-081676-00022-X,"רקפת 22, דימונה",86038,street,203068.05,552445.44,693948.23,3438368.54
001027-081676-00024-X,"רקפת 24, דימונה",86038,street,203068.05,552445.44,693948.23,3438368.54
001027-081676-00751-X,"רקפת 751, דימונה",86038,street,203068.05,552445.44,693948.23,3438368.54
001027-081676-00752-X,"רקפת 752, דימונה",86038,street,203068.05,552445.44,693948.23,3438368.54
001027-081676-00753-X,"רקפת 753, דימונה",86038,street,203068.05,552445.44,693948.23,3438368.54
001027-081741-00000-X,"?, דימונה",86035,none,,,,
001027-081741-00023-X,"? 23, דימונה",86035,none,,,,
001027-081741-00023-א,"? 23א, דימונה",86035,none,,,,
001027-081741-00024-X,"? 24, דימונה",86035,none,,,,
001027-081741-00024-א,"? 24א, דימונה",86035,none,,,,
001027-081741-00029-X,"? 29, דימונה",86035,none,,,,
001027-081741-00029-א,"? 29א, דימונה",86035,none,,,,
001027-081741-00029-ב,"? 29ב, דימונה",86035,none,,,,
001027-081741-00082-א,"? 82א, דימונה",86035,none,,,,
001027-081741-00082-ב,"? 82ב, דימונה",86035,none,,,,
001027-081741-00082-ג,"? 82ג, דימונה",86035,none,,,,
001027-081741-00083-א,"? 83א, דימונה",86035,none,,,,
001027-081741-00083-ג,"? 83ג, דימונה",86035,none,,,,
001027-081741-00084-א,"? 84א, דימונה",86035,none,,,,
001027-081741-00084-ג,"? 84ג, דימונה",86035,none,,,,
001027-081771-00000-X,"האיריס, דימונה",86033,street,202987.91,552430.19,693868.40,3438351.70
001027-081771-00014-א,"האיריס 14א, דימונה",86033,street,202987.91,552430.19,693868.40,3438351.70
001027-081771-00014-ב,"האיריס 14ב, דימונה",86033,street,202987.91,552430.19,693868.40,3438351.70
001027-081870-00000-X,"מ""ג המעפילים, דימונה",86047,street,203245.96,552726.35,694120.53,3438652.94
001027-081870-00001-X,"מ""ג המעפילים 1, דימונה",86047,street,203245.96,552726.35,694120.53,3438652.94
001027-081870-00002-X,"מ""ג המעפילים 2, דימונה",86136,exact,203265.97,552506.50,694144.91,3438433.52
001027-081870-00005-X,"מ""ג המעפילים 5, דימונה",86136,street,203245.96,552726.35,694120.53,3438652.94
001027-081870-00215-X,"מ""ג המעפילים 215, דימונה",86047,street,203245.96,552726.35,694120.53,3438652.94
001027-081870-00215-א,"מ""ג המעפילים 215א, דימונה",86047,street,203245.96,552726.35,694120.53,3438652.94
001027-081870-00215-ב,"מ""ג המעפילים 215ב, דימונה",86047,street,203245.96,552726.35,694120.53,3438652.94
001027-081870-00215-ד,"מ""ג המעפילים 215ד, דימונה",86047,street,203245.96,552726.35,694120.53,3438652.94
001027-081870-00216-X,"מ""ג המעפילים 216, דימונה",86047,street,203245.96,552726.35,694120.53,3438652.94
001027-081870-00216-א,"מ""ג המעפילים 216א, דימונה",86047,street,203245.96,552726.35,694120.53,3438652.94
001027-081870-00216-ב,"מ""ג המעפילים 216ב, דימונה",86047,street,203245.96,552726.35,694120.53,3438652.94
001027-081870-00216-ג,"מ""ג המעפילים 216ג, דימונה",86047,street,203245.96,552726.35,694120.53,3438652.94
001027-081870-00216-ד,"מ""ג המעפילים 216ד, דימונה",86047,street,203245.96,552726.35,694120.53,3438652.94
001027-081870-00217-X,"מ""ג המעפילים 217, דימונה",86047,street,203245.96,552726.35,694120.53,3438652.94
001027-081870-00217-ב,"מ""ג המעפילים 217ב, דימונה",86047,street,203245.96,552726.35,694120.53,3438652.94
001027-081870-00218-X,"מ""ג המעפילים 218, דימונה",86047,street,203245.96,552726.35,694120.53,3438652.94
001027-081870-00218-ב,"מ""ג המעפילים 218ב, דימונה",86047,street,203245.96,552726.35,694120.53,3438652.94
001027-081870-00218-ג,"מ""ג המעפילים 218ג, דימונה",86047,street,203245.96,552726.35,694120.53,3438652.94
001027-081870-00218-ד,"מ""ג המעפילים 218ד, דימונה",86047,street,203245.96,552726.35,694120.53,3438652.94
001027-081870-00227-ג,"מ""ג המעפילים 227ג, דימונה",86040,exact,203272.26,552823.66,694144.90,3438750.76
001027-081870-00228-א,"מ""ג המעפילים 228א, דימונה",86040,exact,203269.79,552848.63,694141.93,3438775.68
001027-081870-00228-ב,"מ""ג המעפילים 228ב, דימונה",86040,exact,203269.79,552848.63,694141.93,3438775.68
001027-081870-00229-א,"מ""ג המעפילים 229א, דימונה",86040,exact,203267.64,552874.03,694139.28,3438801.03
001027-081870-00229-ב,"מ""ג המעפילים 229ב, דימונה",86040,exact,203267.64,552874.03,694139.28,3438801.03
001027-081870-00230-X,"מ""ג המעפילים 230, דימונה",86040,exact,203269.22,552900.18,694140.33,3438827.20
001027-081870-00230-א,"מ""ג המעפילים 230א, דימונה",86040,exact,203269.22,552900.18,694140.33,3438827.20
001027-081870-00245-X,"מ""ג המעפילים 245, דימונה",86047,exact,203268.27,552770.26,694141.97,3438697.29
001027-081870-00245-א,"מ""ג המעפילים 245א, דימונה",86047,exact,203268.27,552770.26,694141.97,3438697.29
001027-081870-00245-ב,"מ""ג המעפילים 245ב, דימונה",86047,exact,203268.27,552770.26,694141.97,3438697.29
001027-081870-00245-ג,"מ""ג המעפילים 245ג, דימונה",86047,exact,203268.27,552770.26,694141.97,3438697.29
001027-081870-00245-ה,"מ""ג המעפילים 245ה, דימונה",86047,exact,203268.27,552770.26,694141.97,3438697.29
001027-081870-00245-ו,"מ""ג המעפילים 245ו, דימונה",86047,exact,203268.27,552770.26,694141.97,3438697.29
001027-081924-00000-X,"המכבים, דימונה",86041,street,203485.64,552792.70,694358.86,3438724.04
001027-081924-00247-X,"המכבים 247, דימונה",86041,exact,203466.33,552772.84,694339.95,3438703.80
001027-081924-00247-א,"המכבים 247א, דימונה",86041,exact,203466.33,552772.84,694339.95,3438703.80
001027-081924-00247-ב,"המכבים 247ב, דימונה",86041,exact,203466.33,552772.84,694339.95,3438703.80
001027-081924-00247-ג,"המכבים 247ג, דימונה",86041,exact,203466.33,552772.84,694339.95,3438703.80
001027-081924-00247-ד,"המכבים 247ד, דימונה",86041,exact,203466.33,552772.84,694339.95,3438703.80
001027-081924-00247-ו,"המכבים 247ו, דימונה",86041,exact,203466.33,552772.84,694339.95,3438703.80
001027-081924-00247-ז,"המכבים 247ז, דימונה",86041,exact,203466.33,552772.84,694339.95,3438703.80
001027-081924-00248-X,"המכבים 248, דימונה",86041,exact,203501.72,552763.92,694375.51,3438695.58
001027-081924-00248-א,"המכבים 248א, דימונה",86041,exact,203501.72,552763.92,694375.51,3438695.58
001027-081924-00248-ב,"המכבים 248ב, דימונה",86041,exact,203501.72,552763.92,694375.51,3438695.58
001027-081924-00248-ג,"המכבים 248ג, דימונה",86041,exact,203501.72,552763.92,694375.51,3438695.58
001027-081924-00248-ד,"המכבים 248ד, דימונה",86041,exact,203501.72,552763.92,694375.51,3438695.58
001027-081924-00248-ה,"המכבים 248ה, דימונה",86041,exact,203501.72,552763.92,694375.51,3438695.58
001027-081924-00248-ז,"המכבים 248ז, דימונה",86041,exact,203501.72,552763.92,694375.51,3438695.58
001027-082023-00222-א,"מתתיהו הכהן 222א, דימונה",86043,exact,203562.57,552695.84,694437.70,3438628.72
001027-082023-00222-ג,"מתתיהו הכהן 222ג, דימונה",86043,exact,203562.57,552695.84,694437.70,3438628.72
001027-082023-00223-X,"מתתיהו הכהן 223, דימונה",86043,exact,203589.27,552690.50,694464.50,3438623.91
001027-082023-00223-א,"מתתיהו הכהן 223א, דימונה",86043,exact,203589.27,552690.50,694464.50,3438623.91
001027-082023-00223-ב,"מתתיהו הכהן 223ב, דימונה",86043,exact,203589.27,552690.50,694464.50,3438623.91
001027-082023-00223-ג,"מתתיהו הכהן 223ג, דימונה",86043,exact,203589.27,552690.50,694464.50,3438623.91
001027-082023-00224-א,"מתתיהו הכהן 224א, דימונה",86043,exact,203614.44,552681.05,694489.86,3438614.97
001027-082023-00224-ב,"מתתיהו הכהן 224ב, דימונה",86043,exact,203614.44,552681.05,694489.86,3438614.97
001027-082023-00224-ג,"מתתיהו הכהן 224ג, דימונה",86043,exact,203614.44,552681.05,694489.86,3438614.97
001027-082023-00225-א,"מתתיהו הכהן 225א, דימונה",86043,exact,203639.13,552674.57,694514.67,3438608.98
001027-082023-00225-ב,"מתתיהו הכהן 225ב, דימונה",86043,exact,203639.13,552674.57,694514.67,3438608.98
001027-082023-00225-ג,"מתתיהו הכהן 225ג, דימונה",86043,exact,203639.13,552674.57,694514.67,3438608.98
001027-082023-00226-ב,"מתתיהו הכהן 226ב, דימונה",86043,exact,203664.20,552667.04,694539.89,3438601.95
001027-082023-00249-א,"מתתיהו הכהן 249א, דימונה",86043,exact,203628.76,552713.03,694503.54,3438647.22
001027-082023-00249-ג,"מתתיהו הכהן 249ג, דימונה",86043,exact,203628.76,552713.03,694503.54,3438647.22
001027-082023-00249-ד,"מתתיהו הכהן 249ד, דימונה",86043,exact,203628.76,552713.03,694503.54,3438647.22
001027-082023-00249-ה,"מתתיהו הכהן 249ה, דימונה",86043,exact,203628.76,552713.03,694503.54,3438647.22
001027-082023-00249-ז,"מתתיהו הכהן 249ז, דימונה",86043,exact,203628.76,552713.03,694503.54,3438647.22
001027-082052-00000-X,"בר כוכבא, דימונה",86046,street,203406.55,552625.19,694283.11,3438554.99
001027-082052-00205-X,"בר כוכבא 205, דימונה",86046,street,203406.55,552625.19,694283.11,3438554.99
001027-082052-00205-א,"בר כוכבא 205א, דימונה",86046,street,203406.55,552625.19,694283.11,3438554.99
001027-082052-00205-ב,"בר כוכבא 205ב, דימונה",86046,street,203406.55,552625.19,694283.11,3438554.99
001027-082052-00205-ג,"בר כוכבא 205ג, דימונה",86046,street,203406.55,552625.19,694283.11,3438554.99
001027-082052-00205-ד,"בר כוכבא 205ד, דימונה",86046,street,203406.55,552625.19,694283.11,3438554.99
001027-082052-00206-X,"בר כוכבא 206, דימונה",86046,exact,203431.56,552571.73,694309.17,3438502.03
001027-082052-00206-א,"בר כוכבא 206א, דימונה",86046,exact,203431.56,552571.73,694309.17,3438502.03
001027-082052-00206-ב,"בר כוכבא 206ב, דימונה",86046,exact,203431.56,552571.73,694309.17,3438502.03
001027-082052-00206-ד,"בר כוכבא 206ד, דימונה",86046,exact,203431.56,552571.73,694309.17,3438502.03
001027-082052-00207-X,"בר כוכבא 207, דימונה",86046,exact,203431.16,552600.04,694308.22,3438530.33
001027-082052-00207-א,"בר כוכבא 207א, דימונה",86046,exact,203431.16,552600.04,694308.22,3438530.33
001027-082052-00207-ב,"בר כוכבא 207ב, דימונה",86046,exact,203431.16,552600.04,694308.22,3438530.33
001027-082052-00207-ד,"בר כוכבא 207ד, דימונה",86046,exact,203431.16,552600.04,694308.22,3438530.33
001027-082052-00208-X,"בר כוכבא 208, דימונה",86046,street,203406.55,552625.19,694283.11,3438554.99
001027-082052-00208-א,"בר כוכבא 208א, דימונה",86046,street,203406.55,552625.19,694283.11,3438554.99
001027-082052-00208-ג,"בר כוכבא 208ג, דימונה",86046,street,203406.55,552625.19,694283.11,3438554.99
001027-082052-00208-ד,"בר כוכבא 208ד, דימונה",86046,street,203406.55,552625.19,694283.11,3438554.99
001027-082052-00210-X,"בר כוכבא 210, דימונה",86046,street,203406.55,552625.19,694283.11,3438554.99
001027-082052-00211-X,"בר כוכבא 211, דימונה",86046,street,203406.55,552625.19,694283.11,3438554.99
001027-082052-00212-X,"בר כוכבא 212, דימונה",86046,street,203406.55,552625.19,694283.11,3438554.99
001027-082052-00213-X,"בר כוכבא 213, דימונה",86046,street,203406.55,552625.19,694283.11,3438554.99
001027-082052-00270-א,"בר כוכבא 270א, דימונה",86046,street,203406.55,552625.19,694283.11,3438554.99
001027-082052-00270-ב,"בר כוכבא 270ב, דימונה",86046,street,203406.55,552625.19,694283.11,3438554.99
001027-082052-00270-ג,"בר כוכבא 270ג, דימונה",86046,street,203406.55,552625.19,694283.11,3438554.99
001027-082052-00270-ד,"בר כוכבא 270ד, דימונה",86046,street,203406.55,552625.19,694283.11,3438554.99
001027-082052-00270-ה,"בר כוכבא 270ה, דימונה",86046,street,203406.55,552625.19,694283.11,3438554.99
001027-082052-00270-ו,"בר כוכבא 270ו, דימונה",86046,street,203406.55,552625.19,694283.11,3438554.99
001027-082052-00270-ז,"בר כוכבא 270ז, דימונה",86046,street,203406.55,552625.19,694283.11,3438554.99
001027-082052-00270-ט,"בר כוכבא 270ט, דימונה",86046,street,203406.55,552625.19,694283.11,3438554.99
001027-082133-00000-X,"המלאכה, דימונה",86211,street,201685.57,552840.77,692558.11,3438736.35
001027-082133-00003-X,"המלאכה 3, דימונה",86211,street,201685.57,552840.77,692558.11,3438736.35
001027-082133-00012-X,"המלאכה 12, דימונה",86211,street,201685.57,552840.77,692558.11,3438736.35
001027-082133-01026-X,"המלאכה 1026, דימונה",86211,street,201685.57,552840.77,692558.11,3438736.35
001027-082204-00274-X,"הסנהדרין 274, דימונה",86044,exact,203615.09,552610.95,694491.90,3438544.89
001027-082204-00274-ד,"הסנהדרין 274ד, דימונה",86044,exact,203615.09,552610.95,694491.90,3438544.89
001027-082204-00274-ו,"הסנהדרין 274ו, דימונה",86044,exact,203615.09,552610.95,694491.90,3438544.89
001027-082204-00274-ז,"הסנהדרין 274ז, דימונה",86044,exact,203615.09,552610.95,694491.90,3438544.89
001027-082204-00275-א,"הסנהדרין 275א, דימונה",86044,exact,203567.19,552586.12,694444.50,3438519.11
001027-082204-00275-ב,"הסנהדרין 275ב, דימונה",86044,exact,203567.19,552586.12,694444.50,3438519.11
001027-082204-00275-ג,"הסנהדרין 275ג, דימונה",86044,exact,203567.19,552586.12,694444.50,3438519.11
001027-082204-00275-ד,"הסנהדרין 275ד, דימונה",86044,exact,203567.19,552586.12,694444.50,3438519.11
001027-082204-00276-א,"הסנהדרין 276א, דימונה",86044,exact,203568.93,552559.13,694446.78,3438492.16
001027-082204-00276-ב,"הסנהדרין 276ב, דימונה",86044,exact,203568.93,552559.13,694446.78,3438492.16
001027-082204-00276-ד,"הסנהדרין 276ד, דימונה",86044,exact,203568.93,552559.13,694446.78,3438492.16
001027-082204-00277-X,"הסנהדרין 277, דימונה",86044,exact,203626.42,552577.97,694503.88,3438512.14
001027-082204-00277-ג,"הסנהדרין 277ג, דימונה",86044,exact,203626.42,552577.97,694503.88,3438512.14
001027-082204-00277-ד,"הסנהדרין 277ד, דימונה",86044,exact,203626.42,552577.97,694503.88,3438512.14
001027-082292-00000-X,"כובשי אילת, דימונה",86032,street,203751.86,552507.00,694630.71,3438443.66
001027-082292-00001-X,"כובשי אילת 1, דימונה",86032,street,203751.86,552507.00,694630.71,3438443.66
001027-082292-00002-X,"כובשי אילת 2, דימונה",86032,exact,203509.91,552305.20,694392.81,3438237.09
001027-082292-00101-X,"כובשי אילת 101, דימונה",86032,street,203751.86,552507.00,694630.71,3438443.66
001027-082292-00101-א,"כובשי אילת 101א, דימונה",86032,street,203751.86,552507.00,694630.71,3438443.66
001027-082292-00101-ב,"כובשי אילת 101ב, דימונה",86032,street,203751.86,552507.00,694630.71,3438443.66
001027-082292-00101-ג,"כובשי אילת 101ג, דימונה",86032,street,203751.86,552507.00,694630.71,3438443.66
001027-082292-00101-ד,"כובשי אילת 101ד, דימונה",86032,street,203751.86,552507.00,694630.71,3438443.66
001027-082292-00101-ה,"כובשי אילת 101ה, דימונה",86032,street,203751.86,552507.00,694630.71,3438443.66
001027-082292-00102-X,"כובשי אילת 102, דימונה",86032,street,203751.86,552507.00,694630.71,3438443.66
001027-082292-00102-א,"כובשי אילת 102א, דימונה",86032,street,203751.86,552507.00,694630.71,3438443.66
001027-082292-00102-ב,"כובשי אילת 102ב, דימונה",86032,street,203751.86,552507.00,694630.71,3438443.66
001027-082292-00102-ג,"כובשי אילת 102ג, דימונה",86032,street,203751.86,552507.00,694630.71,3438443.66
001027-082292-00102-ד,"כובשי אילת 102ד, דימונה",86032,street,203751.86,552507.00,694630.71,3438443.66
001027-082292-00102-ה,"כובשי אילת 102ה, דימונה",86032,street,203751.86,552507.00,694630.71,3438443.66
001027-082292-00103-X,"כובשי אילת 103, דימונה",86032,exact,203566.80,552308.98,694449.61,3438242.01
001027-082292-00103-א,"כובשי אילת 103א, דימונה",86032,exact,203566.80,552308.98,694449.61,3438242.01
001027-082292-00103-ב,"כובשי אילת 103ב, דימונה",86032,exact,203566.80,552308.98,694449.61,3438242.01
001027-082292-00103-ג,"כובשי אילת 103ג, דימונה",86032,exact,203566.80,552308.98,694449.61,3438242.01
001027-082292-00103-ד,"כובשי אילת 103ד, דימונה",86032,exact,203566.80,552308.98,694449.61,3438242.01
001027-082292-00103-ה,"כובשי אילת 103ה, דימונה",86032,exact,203566.80,552308.98,694449.61,3438242.01
001027-082292-00103-ו,"כובשי אילת 103ו, דימונה",86032,exact,203566.80,552308.98,694449.61,3438242.01
001027-082292-00104-X,"כובשי אילת 104, דימונה",86032,street,203751.86,552507.00,694630.71,3438443.66
001027-082292-00104-ד,"כובשי אילת 104ד, דימונה",86032,street,203751.86,552507.00,694630.71,3438443.66
001027-082292-00104-ה,"כובשי אילת 104ה, דימונה",86032,street,203751.86,552507.00,694630.71,3438443.66
001027-082292-00104-ו,"כובשי אילת 104ו, דימונה",86032,street,203751.86,552507.00,694630.71,3438443.66
001027-082292-00104-ח,"כובשי אילת 104ח, דימונה",86032,street,203751.86,552507.00,694630.71,3438443.66
001027-082292-00104-ט,"כובשי אילת 104ט, דימונה",86032,street,203751.86,552507.00,694630.71,3438443.66
001027-082292-00104-י,"כובשי אילת 104י, דימונה",86032,street,203751.86,552507.00,694630.71,3438443.66
001027-082292-00105-X,"כובשי אילת 105, דימונה",86032,street,203751.86,552507.00,694630.71,3438443.66
001027-082292-00105-א,"כובשי אילת 105א, דימונה",86032,street,203751.86,552507.00,694630.71,3438443.66
001027-082292-00105-ב,"כובשי אילת 105ב, דימונה",86032,street,203751.86,552507.00,694630.71,3438443.66
001027-082292-00105-ג,"כובשי אילת 105ג, דימונה",86032,street,203751.86,552507.00,694630.71,3438443.66
001027-082292-00105-ד,"כובשי אילת 105ד, דימונה",86032,street,203751.86,552507.00,694630.71,3438443.66
001027-082292-00106-א,"כובשי אילת 106א, דימונה",86032,street,203751.86,552507.00,694630.71,3438443.66
001027-082292-00106-ב,"כובשי אילת 106ב, דימונה",86032,street,203751.86,552507.00,694630.71,3438443.66
001027-082292-00106-ג,"כובשי אילת 106ג, דימונה",86032,street,203751.86,552507.00,694630.71,3438443.66
001027-082292-00106-ה,"כובשי אילת 106ה, דימונה",86032,street,203751.86,552507.00,694630.71,3438443.66
001027-082292-00106-ו,"כובשי אילת 106ו, דימונה",86032,street,203751.86,552507.00,694630.71,3438443.66
001027-082292-00107-א,"כובשי אילת 107א, דימונה",86032,street,203751.86,552507.00,694630.71,3438443.66
001027-082292-00107-ג,"כובשי אילת 107ג, דימונה",86032,street,203751.86,552507.00,694630.71,3438443.66
001027-082292-00107-ד,"כובשי אילת 107ד, דימונה",86032,street,203751.86,552507.00,694630.71,3438443.66
001027-082292-00107-ה,"כובשי אילת 107ה, דימונה",86032,street,203751.86,552507.00,694630.71,3438443.66
001027-082292-00108-X,"כובשי אילת 108, דימונה",86032,street,203751.86,552507.00,694630.71,3438443.66
001027-082292-00108-א,"כובשי אילת 108א, דימונה",86032,street,203751.86,552507.00,694630.71,3438443.66
001027-082292-00108-ב,"כובשי אילת 108ב, דימונה",86032,street,203751.86,552507.00,694630.71,3438443.66
001027-082292-00108-ג,"כובשי אילת 108ג, דימונה",86032,street,203751.86,552507.00,694630.71,3438443.66
001027-082292-00108-ד,"כובשי אילת 108ד, דימונה",86032,street,203751.86,552507.00,694630.71,3438443.66
001027-082292-00108-ה,"כובשי אילת 108ה, דימונה",86032,street,203751.86,552507.00,694630.71,3438443.66
001027-082292-00108-ח,"כובשי אילת 108ח, דימונה",86032,street,203751.86,552507.00,694630.71,3438443.66
001027-082292-00502-X,"כובשי אילת 502, דימונה",86032,street,203751.86,552507.00,694630.71,3438443.66
001027-082292-00502-א,"כובשי אילת 502א, דימונה",86032,street,203751.86,552507.00,694630.71,3438443.66
001027-082292-00502-ב,"כובשי אילת 502ב, דימונה",86032,street,203751.86,552507.00,694630.71,3438443.66
001027-082292-00502-ג,"כובשי אילת 502ג, דימונה",86032,street,203751.86,552507.00,694630.71,3438443.66
001027-082292-01612-X,"כובשי אילת 1612, דימונה",86032,street,203751.86,552507.00,694630.71,3438443.66
001027-082292-01613-X,"כובשי אילת 1613, דימונה",86032,street,203751.86,552507.00,694630.71,3438443.66
001027-082292-01614-X,"כובשי אילת 1614, דימונה",86032,street,203751.86,552507.00,694630.71,3438443.66
001027-082292-01617-X,"כובשי אילת 1617, דימונה",86032,street,203751.86,552507.00,694630.71,3438443.66
001027-082292-01622-X,"כובשי אילת 1622, דימונה",86032,street,203751.86,552507.00,694630.71,3438443.66
001027-082292-01623-X,"כובשי אילת 1623, דימונה",86032,street,203751.86,552507.00,694630.71,3438443.66
001027-082292-01624-X,"כובשי אילת 1624, דימונה",86032,street,203751.86,552507.00,694630.71,3438443.66
001027-082292-01627-X,"כובשי אילת 1627, דימונה",86032,street,203751.86,552507.00,694630.71,3438443.66
001027-082292-01629-X,"כובשי אילת 1629, דימונה",86032,street,203751.86,552507.00,694630.71,3438443.66
001027-082292-01631-X,"כובשי אילת 1631, דימונה",86032,street,203751.86,552507.00,694630.71,3438443.66
001027-082292-01632-X,"כובשי אילת 1632, דימונה",86032,street,203751.86,552507.00,694630.71,3438443.66
001027-082292-01633-X,"כובשי אילת 1633, דימונה",86032,street,203751.86,552507.00,694630.71,3438443.66
001027-082292-01634-X,"כובשי אילת 1634, דימונה",86032,street,203751.86,552507.00,694630.71,3438443.66
001027-082292-01635-X,"כובשי אילת 1635, דימונה",86032,street,203751.86,552507.00,694630.71,3438443.66
001027-082292-01636-X,"כובשי אילת 1636, דימונה",86032,street,203751.86,552507.00,694630.71,3438443.66
001027-082292-01637-X,"כובשי אילת 1637, דימונה",86032,street,203751.86,552507.00,694630.71,3438443.66
001027-082292-01639-X,"כובשי אילת 1639, דימונה",86032,street,203751.86,552507.00,694630.71,3438443.66
001027-082292-01640-X,"כובשי אילת 1640, דימונה",86032,street,203751.86,552507.00,694630.71,3438443.66
001027-082292-01641-X,"כובשי אילת 1641, דימונה",86032,street,203751.86,552507.00,694630.71,3438443.66
001027-082292-01642-X,"כובשי אילת 1642, דימונה",86032,street,203751.86,552507.00,694630.71,3438443.66
001027-082292-01643-X,"כובשי אילת 1643, דימונה",86032,street,203751.86,552507.00,694630.71,3438443.66
001027-082292-01644-X,"כובשי אילת 1644, דימונה",86032,street,203751.86,552507.00,694630.71,3438443.66
001027-082292-01645-X,"כובשי אילת 1645, דימונה",86032,street,203751.86,552507.00,694630.71,3438443.66
001027-082292-01646-X,"כובשי אילת 1646, דימונה",86032,street,203751.86,552507.00,694630.71,3438443.66
001027-082292-01648-X,"כובשי אילת 1648, דימונה",86032,street,203751.86,552507.00,694630.71,3438443.66
001027-082292-01650-X,"כובשי אילת 1650, דימונה",86032,street,203751.86,552507.00,694630.71,3438443.66
001027-082292-01651-X,"כובשי אילת 1651, דימונה",86032,street,203751.86,552507.00,694630.71,3438443.66
001027-082292-01653-X,"כובשי אילת 1653, דימונה",86032,street,203751.86,552507.00,694630.71,3438443.66
001027-082292-01654-X,"כובשי אילת 1654, דימונה",86032,street,203751.86,552507.00,694630.71,3438443.66
001027-082292-01655-X,"כובשי אילת 1655, דימונה",86032,street,203751.86,552507.00,694630.71,3438443.66
001027-082292-01656-X,"כובשי אילת 1656, דימונה",86032,street,203751.86,552507.00,694630.71,3438443.66
001027-082292-01657-X,"כובשי אילת 1657, דימונה",86032,street,203751.86,552507.00,694630.71,3438443.66
001027-082292-01658-X,"כובשי אילת 1658, דימונה",86032,street,203751.86,552507.00,694630.71,3438443.66
001027-082292-01659-X,"כובשי אילת 1659, דימונה",86032,street,203751.86,552507.00,694630.71,3438443.66
001027-082292-01660-X,"כובשי אילת 1660, דימונה",86032,street,203751.86,552507.00,694630.71,3438443.66
001027-082334-00235-X,"החשמונאים 235, דימונה",86041,exact,203571.51,552830.03,694443.97,3438763.07
001027-082334-00235-ג,"החשמונאים 235ג, דימונה",86041,exact,203571.51,552830.03,694443.97,3438763.07
001027-082334-00235-ד,"החשמונאים 235ד, דימונה",86041,exact,203571.51,552830.03,694443.97,3438763.07
001027-082334-00236-X,"החשמונאים 236, דימונה",86041,exact,203572.29,552802.95,694445.30,3438736.01
001027-082334-00236-א,"החשמונאים 236א, דימונה",86041,exact,203572.29,552802.95,694445.30,3438736.01
001027-082334-00236-ב,"החשמונאים 236ב, דימונה",86041,exact,203572.29,552802.95,694445.30,3438736.01
001027-082334-00236-ג,"החשמונאים 236ג, דימונה",86041,exact,203572.29,552802.95,694445.30,3438736.01
001027-082334-00236-ד,"החשמונאים 236ד, דימונה",86041,exact,203572.29,552802.95,694445.30,3438736.01
001027-082334-00237-X,"החשמונאים 237, דימונה",86041,exact,203571.26,552777.36,694444.77,3438710.40
001027-082334-00237-א,"החשמונאים 237א, דימונה",86041,exact,203571.26,552777.36,694444.77,3438710.40
001027-082334-00237-ב,"החשמונאים 237ב, דימונה",86041,exact,203571.26,552777.36,694444.77,3438710.40
001027-082334-00237-ג,"החשמונאים 237ג, דימונה",86041,exact,203571.26,552777.36,694444.77,3438710.40
001027-082334-00502-X,"החשמונאים 502, דימונה",86041,street,203614.49,552798.72,694487.57,3438732.62
001027-082334-00502-ב,"החשמונאים 502ב, דימונה",86041,street,203614.49,552798.72,694487.57,3438732.62
001027-082334-00502-ג,"החשמונאים 502ג, דימונה",86041,street,203614.49,552798.72,694487.57,3438732.62
001027-082334-00502-ד,"החשמונאים 502ד, דימונה",86041,street,203614.49,552798.72,694487.57,3438732.62
001027-082456-00000-X,"הברוש, דימונה",86029,street,202871.68,552705.97,693746.71,3438625.13
001027-082456-00003-X,"הברוש 3, דימונה",86029,street,202871.68,552705.97,693746.71,3438625.13
001027-082456-00004-X,"הברוש 4, דימונה",86029,exact,202908.92,552713.15,693783.81,3438633.05
001027-082456-00005-X,"הברוש 5, דימונה",86029,street,202871.68,552705.97,693746.71,3438625.13
001027-082456-00006-X,"הברוש 6, דימונה",86029,street,202871.68,552705.97,693746.71,3438625.13
001027-082456-00007-X,"הברוש 7, דימונה",86029,exact,202935.93,552721.84,693810.64,3438642.28
001027-082456-00008-X,"הברוש 8, דימונה",86029,street,202871.68,552705.97,693746.71,3438625.13
001027-082456-00009-X,"הברוש 9, דימונה",86029,exact,202932.14,552706.96,693807.15,3438627.32
001027-082456-00010-X,"הברוש 10, דימונה",86029,street,202871.68,552705.97,693746.71,3438625.13
001027-082456-00011-X,"הברוש 11, דימונה",86029,exact,202896.62,552684.71,693772.07,3438604.37
001027-082456-00012-X,"הברוש 12, דימונה",86029,street,202871.68,552705.97,693746.71,3438625.13
001027-082456-00013-X,"הברוש 13, דימונה",86029,street,202871.68,552705.97,693746.71,3438625.13
001027-082456-00014-X,"הברוש 14, דימונה",86029,street,202871.68,552705.97,693746.71,3438625.13
001027-082456-00015-X,"הברוש 15, דימונה",86029,street,202871.68,552705.97,693746.71,3438625.13
001027-082456-00017-X,"הברוש 17, דימונה",86029,street,202871.68,552705.97,693746.71,3438625.13
001027-082456-00018-X,"הברוש 18, דימונה",86029,street,202871.68,552705.97,693746.71,3438625.13
001027-082456-00019-X,"הברוש 19, דימונה",86029,exact,202848.27,552719.96,693723.03,3438638.66
001027-082456-00020-X,"הברוש 20, דימונה",86029,street,202871.68,552705.97,693746.71,3438625.13
001027-082456-00021-X,"הברוש 21, דימונה",86029,street,202871.68,552705.97,693746.71,3438625.13
001027-082456-00022-X,"הברוש 22, דימונה",86029,street,202871.68,552705.97,693746.71,3438625.13
001027-082456-00023-X,"הברוש 23, דימונה",86029,street,202871.68,552705.97,693746.71,3438625.13
001027-082456-00024-X,"הברוש 24, דימונה",86029,street,202871.68,552705.97,693746.71,3438625.13
001027-082584-00001-X,"השקד 1, דימונה",86028,street,202668.81,552527.14,693547.42,3438442.30
001027-082584-00002-X,"השקד 2, דימונה",86028,street,202668.81,552527.14,693547.42,3438442.30
001027-082584-00004-X,"השקד 4, דימונה",86028,street,202668.81,552527.14,693547.42,3438442.30
001027-082584-00005-X,"השקד 5, דימונה",86028,street,202668.81,552527.14,693547.42,3438442.30
001027-082584-00006-X,"השקד 6, דימונה",86028,street,202668.81,552527.14,693547.42,3438442.30
001027-082584-00007-X,"השקד 7, דימונה",86028,street,202668.81,552527.14,693547.42,3438442.30
001027-082584-00010-X,"השקד 10, דימונה",86028,street,202668.81,552527.14,693547.42,3438442.30
001027-082584-00011-X,"השקד 11, דימונה",86028,street,202668.81,552527.14,693547.42,3438442.30
001027-082584-00012-X,"השקד 12, דימונה",86028,street,202668.81,552527.14,693547.42,3438442.30
001027-082584-00013-X,"השקד 13, דימונה",86028,street,202668.81,552527.14,693547.42,3438442.30
001027-082584-00014-X,"השקד 14, דימונה",86028,street,202668.81,552527.14,693547.42,3438442.30
001027-082646-00000-X,"התירוש, דימונה",86028,street,202265.62,552491.84,693145.00,3438398.99
001027-082646-00001-X,"התירוש 1, דימונה",86028,street,202265.62,552491.84,693145.00,3438398.99
001027-082646-00002-X,"התירוש 2, דימונה",86028,street,202265.62,552491.84,693145.00,3438398.99
001027-082646-00003-X,"התירוש 3, דימונה",86028,street,202265.62,552491.84,693145.00,3438398.99
001027-082646-00004-X,"התירוש 4, דימונה",86028,street,202265.62,552491.84,693145.00,3438398.99
001027-082646-00005-X,"התירוש 5, דימונה",86028,street,202265.62,552491.84,693145.00,3438398.99
001027-082646-00006-X,"התירוש 6, דימונה",86028,street,202265.62,552491.84,693145.00,3438398.99
001027-082646-00007-X,"התירוש 7, דימונה",86028,street,202265.62,552491.84,693145.00,3438398.99
001027-082646-00009-X,"התירוש 9, דימונה",86028,street,202265.62,552491.84,693145.00,3438398.99
001027-082646-00010-X,"התירוש 10, דימונה",86028,street,202265.62,552491.84,693145.00,3438398.99
001027-082646-00011-X,"התירוש 11, דימונה",86028,street,202265.62,552491.84,693145.00,3438398.99
001027-082646-00012-X,"התירוש 12, דימונה",86028,street,202265.62,552491.84,693145.00,3438398.99
001027-082646-00013-X,"התירוש 13, דימונה",86028,street,202265.62,552491.84,693145.00,3438398.99
001027-082646-00014-X,"התירוש 14, דימונה",86028,street,202265.62,552491.84,693145.00,3438398.99
001027-082696-00013-X,"היורה 13, דימונה",86018,exact,203078.10,552102.60,693965.09,3438025.95
001027-082696-00067-X,"היורה 67, דימונה",86018,street,203066.32,552086.99,693953.62,3438010.11
001027-082696-00067-א,"היורה 67א, דימונה",86018,street,203066.32,552086.99,693953.62,3438010.11
001027-082696-00067-ב,"היורה 67ב, דימונה",86018,street,203066.32,552086.99,693953.62,3438010.11
001027-082696-00774-X,"היורה 774, דימונה",86012,street,203066.32,552086.99,693953.62,3438010.11
001027-082696-00775-X,"היורה 775, דימונה",86012,street,203066.32,552086.99,693953.62,3438010.11
001027-082696-00776-X,"היורה 776, דימונה",86012,street,203066.32,552086.99,693953.62,3438010.11
001027-082696-00777-X,"היורה 777, דימונה",86012,street,203066.32,552086.99,693953.62,3438010.11
001027-082696-00778-X,"היורה 778, דימונה",86012,street,203066.32,552086.99,693953.62,3438010.11
001027-082696-00779-X,"היורה 779, דימונה",86012,street,203066.32,552086.99,693953.62,3438010.11
001027-082696-00780-X,"היורה 780, דימונה",86012,street,203066.32,552086.99,693953.62,3438010.11
001027-082696-00781-X,"היורה 781, דימונה",86012,street,203066.32,552086.99,693953.62,3438010.11
001027-082696-00785-X,"היורה 785, דימונה",86012,street,203066.32,552086.99,693953.62,3438010.11
001027-082696-00786-X,"היורה 786, דימונה",86012,street,203066.32,552086.99,693953.62,3438010.11
001027-082696-00787-X,"היורה 787, דימונה",86012,street,203066.32,552086.99,693953.62,3438010.11
001027-082696-00788-X,"היורה 788, דימונה",86012,street,203066.32,552086.99,693953.62,3438010.11
001027-082696-00790-X,"היורה 790, דימונה",86012,street,203066.32,552086.99,693953.62,3438010.11
001027-082696-00791-X,"היורה 791, דימונה",86012,street,203066.32,552086.99,693953.62,3438010.11
001027-082696-00792-X,"היורה 792, דימונה",86012,street,203066.32,552086.99,693953.62,3438010.11
001027-082696-00793-X,"היורה 793, דימונה",86012,street,203066.32,552086.99,693953.62,3438010.11
001027-082696-00795-X,"היורה 795, דימונה",86012,street,203066.32,552086.99,693953.62,3438010.11
001027-082696-00796-X,"היורה 796, דימונה",86012,street,203066.32,552086.99,693953.62,3438010.11
001027-082696-00797-X,"היורה 797, דימונה",86012,street,203066.32,552086.99,693953.62,3438010.11
001027-082696-00798-X,"היורה 798, דימונה",86012,street,203066.32,552086.99,693953.62,3438010.11
001027-082696-00799-X,"היורה 799, דימונה",86012,street,203066.32,552086.99,693953.62,3438010.11
001027-082759-00025-ב,"הצבר 25ב, דימונה",86033,street,203312.83,552404.85,694193.78,3438332.81
001027-082759-00026-X,"הצבר 26, דימונה",86033,street,203312.83,552404.85,694193.78,3438332.81
001027-082759-00026-א,"הצבר 26א, דימונה",86033,street,203312.83,552404.85,694193.78,3438332.81
001027-082759-00026-ב,"הצבר 26ב, דימונה",86033,street,203312.83,552404.85,694193.78,3438332.81
001027-082759-00027-א,"הצבר 27א, דימונה",86033,street,203312.83,552404.85,694193.78,3438332.81
001027-082759-00027-ב,"הצבר 27ב, דימונה",86033,street,203312.83,552404.85,694193.78,3438332.81
001027-082952-01006-X,"העצמאות 1006, דימונה",86050,street,202751.72,553170.26,693617.55,3439086.97
001027-082952-01009-X,"העצמאות 1009, דימונה",86050,street,202751.72,553170.26,693617.55,3439086.97
001027-082952-01009-א,"העצמאות 1009א, דימונה",86050,street,202751.72,553170.26,693617.55,3439086.97
001027-082952-01012-X,"העצמאות 1012, דימונה",86050,street,202751.72,553170.26,693617.55,3439086.97
001027-082952-01012-א,"העצמאות 1012א, דימונה",86050,street,202751.72,553170.26,693617.55,3439086.97
001027-082952-01012-ב,"העצמאות 1012ב, דימונה",86050,street,202751.72,553170.26,693617.55,3439086.97
001027-082952-01012-ג,"העצמאות 1012ג, דימונה",86050,street,202751.72,553170.26,693617.55,3439086.97
001027-082952-01012-ד,"העצמאות 1012ד, דימונה",86050,street,202751.72,553170.26,693617.55,3439086.97
001027-082952-01012-ה,"העצמאות 1012ה, דימונה",86050,street,202751.72,553170.26,693617.55,3439086.97
001027-082952-01013-X,"העצמאות 1013, דימונה",86050,street,202751.72,553170.26,693617.55,3439086.97
001027-082952-01013-א,"העצמאות 1013א, דימונה",86050,street,202751.72,553170.26,693617.55,3439086.97
001027-082952-01013-ב,"העצמאות 1013ב, דימונה",86050,street,202751.72,553170.26,693617.55,3439086.97
001027-082952-01013-ג,"העצמאות 1013ג, דימונה",86050,street,202751.72,553170.26,693617.55,3439086.97
001027-082952-01013-ד,"העצמאות 1013ד, דימונה",86050,street,202751.72,553170.26,693617.55,3439086.97
001027-082996-00001-X,"המעפיל 1, דימונה",86050,street,203414.10,553423.19,694274.81,3439353.02
001027-082996-00002-X,"המעפיל 2, דימונה",86050,exact,202836.93,553355.42,693699.07,3439273.80
001027-082996-00004-X,"המעפיל 4, דימונה",86050,exact,202856.83,553395.93,693718.16,3439314.69
001027-082996-00006-X,"המעפיל 6, דימונה",86050,exact,202892.30,553398.27,693753.58,3439317.74
001027-082996-00007-X,"המעפיל 7, דימונה",86050,street,203414.10,553423.19,694274.81,3439353.02
001027-082996-00008-X,"המעפיל 8, דימונה",86050,street,203414.10,553423.19,694274.81,3439353.02
001027-082996-00009-X,"המעפיל 9, דימונה",86050,exact,203135.98,553448.62,693996.22,3439372.92
001027-082996-00011-X,"המעפיל 11, דימונה",86050,exact,203146.61,553442.46,694006.98,3439366.97
001027-082996-00012-X,"המעפיל 12, דימונה",86050,exact,203145.34,553407.65,694006.40,3439332.14
001027-082996-00013-X,"המעפיל 13, דימונה",86050,exact,203158.10,553448.46,694018.34,3439373.20
001027-082996-00014-X,"המעפיל 14, דימונה",86050,exact,203153.49,553403.92,694014.62,3439328.57
001027-082996-00015-X,"המעפיל 15, דימונה",86050,exact,203173.79,553442.53,694034.15,3439367.58
001027-082996-00016-X,"המעפיל 16, דימונה",86050,exact,203160.41,553408.10,694021.46,3439332.89
001027-082996-00017-X,"המעפיל 17, דימונה",86050,exact,203184.66,553447.50,694044.92,3439372.77
001027-082996-00018-X,"המעפיל 18, דימונה",86050,street,203414.10,553423.19,694274.81,3439353.02
001027-082996-00019-X,"המעפיל 19, דימונה",86050,exact,203197.75,553443.13,694058.10,3439368.66
001027-082996-00021-X,"המעפיל 21, דימונה",86050,exact,203276.69,553445.51,694136.98,3439372.61
001027-082996-00022-X,"המעפיל 22, דימונה",86050,exact,203287.76,553409.03,694148.77,3439336.35
001027-082996-00026-X,"המעפיל 26, דימונה",86050,exact,203321.04,553409.50,694182.04,3439337.48
001027-082996-00027-X,"המעפיל 27, דימונה",86050,exact,203316.30,553452.31,694176.44,3439380.19
001027-082996-00028-X,"המעפיל 28, דימונה",86050,exact,203337.64,553406.58,694198.69,3439334.89
001027-082996-00029-X,"המעפיל 29, דימונה",86050,exact,203330.36,553458.23,694190.38,3439386.38
001027-082996-00032-X,"המעפיל 32, דימונה",86050,exact,203384.15,553406.65,694245.19,3439335.88
001027-082996-00036-X,"המעפיל 36, דימונה",86050,exact,203421.51,553407.46,694282.53,3439337.43
001027-082996-00038-X,"המעפיל 38, דימונה",86050,exact,203442.13,553406.60,694303.16,3439336.98
001027-082996-00039-X,"המעפיל 39, דימונה",86050,street,203414.10,553423.19,694274.81,3439353.02
001027-082996-00041-X,"המעפיל 41, דימונה",86050,street,203414.10,553423.19,694274.81,3439353.02
001027-082996-00042-X,"המעפיל 42, דימונה",86050,exact,203499.35,553406.65,694360.37,3439338.17
001027-082996-00043-X,"המעפיל 43, דימונה",86050,street,203414.10,553423.19,694274.81,3439353.02
001027-082996-00044-X,"המעפיל 44, דימונה",86050,exact,203517.88,553407.21,694378.89,3439339.10
001027-082996-00045-X,"המעפיל 45, דימונה",86050,street,203414.10,553423.19,694274.81,3439353.02
001027-082996-00047-X,"המעפיל 47, דימונה",86050,exact,203390.82,553447.81,694251.04,3439377.17
001027-082996-00049-X,"המעפיל 49, דימונה",86050,exact,203401.80,553452.83,694261.92,3439382.41
001027-082996-00050-X,"המעפיל 50, דימונה",86050,exact,203576.19,553406.29,694437.21,3439339.34
001027-082996-00051-X,"המעפיל 51, דימונה",86050,exact,203417.01,553455.12,694277.08,3439385.00
001027-082996-00052-X,"המעפיל 52, דימונה",86050,street,203414.10,553423.19,694274.81,3439353.02
001027-082996-00053-X,"המעפיל 53, דימונה",86050,exact,203429.92,553453.12,694290.03,3439383.25
001027-082996-00054-X,"המעפיל 54, דימונה",86078,exact,203680.28,553414.95,694541.11,3439350.07
001027-082996-00055-X,"המעפיל 55, דימונה",86078,exact,203444.84,553460.36,694304.81,3439390.79
001027-082996-00056-X,"המעפיל 56, דימונה",86078,exact,203698.07,553412.43,694558.95,3439347.90
001027-082996-00058-X,"המעפיל 58, דימונה",86078,exact,203717.15,553413.97,694578.00,3439349.82
001027-082996-00059-X,"המעפיל 59, דימונה",86078,exact,203752.27,553440.54,694612.58,3439377.08
001027-082996-00060-X,"המעפיל 60, דימונה",86078,exact,203733.07,553414.52,694593.91,3439350.68
001027-082996-00061-X,"המעפיל 61, דימונה",86078,exact,203783.24,553439.08,694643.58,3439376.24
001027-082996-00064-X,"המעפיל 64, דימונה",86078,exact,203778.09,553406.73,694639.07,3439343.79
001027-082996-00065-X,"המעפיל 65, דימונה",86078,exact,203821.18,553419.81,694681.90,3439357.72
001027-082996-00066-X,"המעפיל 66, דימונה",86078,exact,203799.26,553398.70,694660.40,3439336.18
001027-082996-00067-X,"המעפיל 67, דימונה",86078,exact,203835.03,553412.49,694695.89,3439350.68
001027-082996-00068-X,"המעפיל 68, דימונה",86078,exact,203812.91,553385.30,694674.31,3439323.05
001027-082996-00069-X,"המעפיל 69, דימונה",86078,exact,203850.56,553397.37,694711.72,3439335.87
001027-082996-00070-X,"המעפיל 70, דימונה",86078,exact,203827.32,553372.24,694688.98,3439310.28
001027-082996-00071-X,"המעפיל 71, דימונה",86078,exact,203859.24,553382.70,694720.69,3439321.37
001027-082996-00072-X,"המעפיל 72, דימונה",86078,exact,203839.82,553362.68,694701.67,3439300.97
001027-082996-00073-X,"המעפיל 73, דימונה",86078,exact,203902.83,553339.69,694765.12,3439279.24
001027-082996-00075-X,"המעפיל 75, דימונה",86078,exact,203919.73,553325.58,694782.30,3439265.46
001027-082996-00076-X,"המעפיל 76, דימונה",86078,exact,203866.33,553328.17,694728.86,3439266.99
001027-082996-00077-X,"המעפיל 77, דימונה",86078,exact,203927.39,553308.81,694790.29,3439248.85
001027-082996-00078-X,"המעפיל 78, דימונה",86078,exact,203879.46,553316.60,694742.22,3439255.69
001027-082996-00079-X,"המעפיל 79, דימונה",86078,exact,203933.68,553294.80,694796.86,3439234.96
001027-082996-00081-X,"המעפיל 81, דימונה",86078,exact,203943.87,553276.19,694807.43,3439216.56
001027-082996-00082-X,"המעפיל 82, דימונה",86078,exact,203902.21,553289.55,694765.50,3439229.09
001027-082996-00083-X,"המעפיל 83, דימונה",86078,exact,203950.08,553260.02,694813.95,3439200.52
001027-082996-00084-X,"המעפיל 84, דימונה",86078,exact,203914.23,553270.30,694777.90,3439210.08
001027-082996-00085-X,"המעפיל 85, דימונה",86078,exact,203959.03,553220.57,694823.68,3439161.25
001027-082996-00087-X,"המעפיל 87, דימונה",86078,exact,203971.78,553210.79,694836.62,3439151.73
001027-082996-00088-X,"המעפיל 88, דימונה",86078,exact,203948.70,553187.15,694814.02,3439127.63
001027-082996-00090-X,"המעפיל 90, דימונה",86078,exact,203961.28,553174.93,694826.84,3439115.66
001027-082996-00091-X,"המעפיל 91, דימונה",86050,exact,203992.56,553187.48,694857.87,3439128.84
001027-082996-00092-X,"המעפיל 92, דימונה",86078,exact,203972.65,553166.08,694838.39,3439107.04
001027-082996-00093-X,"המעפיל 93, דימונה",86050,street,203414.10,553423.19,694274.81,3439353.02
001027-082996-00094-X,"המעפיל 94, דימונה",86078,exact,203983.67,553155.00,694849.62,3439096.18
001027-082996-00096-X,"המעפיל 96, דימונה",86078,exact,203995.95,553146.33,694862.08,3439087.76
001027-082996-00098-X,"המעפיל 98, דימונה",86078,exact,204005.14,553132.28,694871.54,3439073.89
001027-082996-00102-X,"המעפיל 102, דימונה",86050,street,203414.10,553423.19,694274.81,3439353.02
001027-082996-01015-X,"המעפיל 1015, דימונה",86141,street,203414.10,553423.19,694274.81,3439353.02
001027-082996-01015-א,"המעפיל 1015א, דימונה",86141,street,203414.10,553423.19,694274.81,3439353.02
001027-082996-01015-ג,"המעפיל 1015ג, דימונה",86141,street,203414.10,553423.19,694274.81,3439353.02
001027-082996-01015-ה,"המעפיל 1015ה, דימונה",86141,street,203414.10,553423.19,694274.81,3439353.02
001027-082996-01015-ו,"המעפיל 1015ו, דימונה",86141,street,203414.10,553423.19,694274.81,3439353.02
001027-082996-01055-X,"המעפיל 1055, דימונה",86142,street,203414.10,553423.19,694274.81,3439353.02
001027-082996-01055-א,"המעפיל 1055א, דימונה",86142,street,203414.10,553423.19,694274.81,3439353.02
001027-082996-01055-ב,"המעפיל 1055ב, דימונה",86142,street,203414.10,553423.19,694274.81,3439353.02
001027-082996-01055-ג,"המעפיל 1055ג, דימונה",86142,street,203414.10,553423.19,694274.81,3439353.02
001027-082996-01055-ד,"המעפיל 1055ד, דימונה",86142,street,203414.10,553423.19,694274.81,3439353.02
001027-082996-01055-ה,"המעפיל 1055ה, דימונה",86142,street,203414.10,553423.19,694274.81,3439353.02
001027-082996-01067-X,"המעפיל 1067, דימונה",86142,street,203414.10,553423.19,694274.81,3439353.02
001027-082996-01067-א,"המעפיל 1067א, דימונה",86142,street,203414.10,553423.19,694274.81,3439353.02
001027-082996-01067-ב,"המעפיל 1067ב, דימונה",86142,street,203414.10,553423.19,694274.81,3439353.02
001027-082996-01067-ג,"המעפיל 1067ג, דימונה",86142,street,203414.10,553423.19,694274.81,3439353.02
001027-082996-01067-ד,"המעפיל 1067ד, דימונה",86142,street,203414.10,553423.19,694274.81,3439353.02
001027-082996-01067-ה,"המעפיל 1067ה, דימונה",86142,street,203414.10,553423.19,694274.81,3439353.02
001027-082996-01067-ו,"המעפיל 1067ו, דימונה",86142,street,203414.10,553423.19,694274.81,3439353.02
001027-082996-01205-א,"המעפיל 1205א, דימונה",86078,exact,203282.68,553445.72,694142.96,3439372.93
001027-082996-01205-ב,"המעפיל 1205ב, דימונה",86078,exact,203282.68,553445.72,694142.96,3439372.93
001027-082996-01205-ג,"המעפיל 1205ג, דימונה",86078,exact,203282.68,553445.72,694142.96,3439372.93
001027-082996-01205-ד,"המעפיל 1205ד, דימונה",86078,exact,203282.68,553445.72,694142.96,3439372.93
001027-082996-01205-ה,"המעפיל 1205ה, דימונה",86078,exact,203282.68,553445.72,694142.96,3439372.93
001027-082996-01209-X,"המעפיל 1209, דימונה",86078,street,203414.10,553423.19,694274.81,3439353.02
001027-082996-01209-א,"המעפיל 1209א, דימונה",86078,street,203414.10,553423.19,694274.81,3439353.02
001027-082996-01209-ג,"המעפיל 1209ג, דימונה",86078,street,203414.10,553423.19,694274.81,3439353.02
001027-082996-01209-ד,"המעפיל 1209ד, דימונה",86078,street,203414.10,553423.19,694274.81,3439353.02
001027-082996-01209-ה,"המעפיל 1209ה, דימונה",86078,street,203414.10,553423.19,694274.81,3439353.02
001027-082996-01215-X,"המעפיל 1215, דימונה",86078,street,203414.10,553423.19,694274.81,3439353.02
001027-082996-01215-א,"המעפיל 1215א, דימונה",86078,street,203414.10,553423.19,694274.81,3439353.02
001027-082996-01215-ב,"המעפיל 1215ב, דימונה",86078,street,203414.10,553423.19,694274.81,3439353.02
001027-082996-01215-ד,"המעפיל 1215ד, דימונה",86078,street,203414.10,553423.19,694274.81,3439353.02
001027-082996-01237-X,"המעפיל 1237, דימונה",86078,street,203414.10,553423.19,694274.81,3439353.02
001027-082996-01237-א,"המעפיל 1237א, דימונה",86078,street,203414.10,553423.19,694274.81,3439353.02
001027-082996-01237-ב,"המעפיל 1237ב, דימונה",86078,street,203414.10,553423.19,694274.81,3439353.02
001027-082996-01237-ג,"המעפיל 1237ג, דימונה",86078,street,203414.10,553423.19,694274.81,3439353.02
001027-082996-01237-ד,"המעפיל 1237ד, דימונה",86078,street,203414.10,553423.19,694274.81,3439353.02
001027-082996-01237-ה,"המעפיל 1237ה, דימונה",86078,street,203414.10,553423.19,694274.81,3439353.02
001027-082996-01238-X,"המעפיל 1238, דימונה",86078,street,203414.10,553423.19,694274.81,3439353.02
001027-082996-01238-ב,"המעפיל 1238ב, דימונה",86078,street,203414.10,553423.19,694274.81,3439353.02
001027-082996-01238-ה,"המעפיל 1238ה, דימונה",86078,street,203414.10,553423.19,694274.81,3439353.02
001027-082996-01239-X,"המעפיל 1239, דימונה",86078,street,203414.10,553423.19,694274.81,3439353.02
001027-082996-01239-א,"המעפיל 1239א, דימונה",86078,street,203414.10,553423.19,694274.81,3439353.02
001027-082996-01239-ב,"המעפיל 1239ב, דימונה",86078,street,203414.10,553423.19,694274.81,3439353.02
001027-082996-01239-ג,"המעפיל 1239ג, דימונה",86078,street,203414.10,553423.19,694274.81,3439353.02
001027-082996-01239-ה,"המעפיל 1239ה, דימונה",86078,street,203414.10,553423.19,694274.81,3439353.02
001027-083058-00000-X,"טיילת הספורט, דימונה",86179,street,203110.71,553353.00,693972.85,3439276.81
001027-083058-00004-X,"טיילת הספורט 4, דימונה",86179,exact,203123.12,553023.36,693991.82,3438947.46
001027-083058-00006-X,"טיילת הספורט 6, דימונה",86179,exact,203123.89,553050.53,693992.05,3438974.65
001027-083058-00008-X,"טיילת הספורט 8, דימונה",86179,exact,203123.32,553078.57,693990.92,3439002.68
001027-083058-00010-X,"טיילת הספורט 10, דימונה",86179,exact,203123.18,553106.61,693990.22,3439030.70
001027-083058-00012-X,"טיילת הספורט 12, דימונה",86179,exact,203123.12,553133.56,693989.63,3439057.65
001027-083058-00016-X,"טיילת הספורט 16, דימונה",86179,street,203110.71,553353.00,693972.85,3439276.81
001027-083058-00018-X,"טיילת הספורט 18, דימונה",86179,exact,203119.88,553267.00,693983.73,3439191.01
001027-083058-00021-X,"טיילת הספורט 21, דימונה",86179,street,203110.71,553353.00,693972.85,3439276.81
001027-083058-00024-X,"טיילת הספורט 24, דימונה",86179,exact,203125.59,553347.79,693987.84,3439271.90
001027-083058-00026-X,"טיילת הספורט 26, דימונה",86179,exact,203123.04,553377.04,693984.71,3439301.09
001027-083058-00028-X,"טיילת הספורט 28, דימונה",86179,exact,203121.89,553405.29,693983.00,3439329.32
001027-083058-00032-X,"טיילת הספורט 32, דימונה",86179,exact,203132.39,553484.17,693991.93,3439408.39
001027-083058-00034-X,"טיילת הספורט 34, דימונה",86179,exact,203133.17,553527.25,693991.85,3439451.48
001027-083058-00036-X,"טיילת הספורט 36, דימונה",86179,exact,203136.30,553582.67,693993.88,3439506.96
001027-083058-00040-X,"טיילת הספורט 40, דימונה",86179,exact,203124.29,553637.86,693980.77,3439561.90
001027-083058-00042-X,"טיילת הספורט 42, דימונה",86179,exact,203124.65,553667.17,693980.56,3439591.21
001027-083058-00046-X,"טיילת הספורט 46, דימונה",86179,exact,203124.85,553721.27,693979.68,3439645.31
001027-083058-00287-X,"טיילת הספורט 287, דימונה",86179,street,203110.71,553353.00,693972.85,3439276.81
001027-083058-00288-X,"טיילת הספורט 288, דימונה",86179,street,203110.71,553353.00,693972.85,3439276.81
001027-083058-01047-א,"טיילת הספורט 1047א, דימונה",86179,street,203110.71,553353.00,693972.85,3439276.81
001027-083058-01047-ב,"טיילת הספורט 1047ב, דימונה",86179,street,203110.71,553353.00,693972.85,3439276.81
001027-083058-01047-ג,"טיילת הספורט 1047ג, דימונה",86179,street,203110.71,553353.00,693972.85,3439276.81
001027-083058-01047-ה,"טיילת הספורט 1047ה, דימונה",86179,street,203110.71,553353.00,693972.85,3439276.81
001027-083058-01047-ו,"טיילת הספורט 1047ו, דימונה",86179,street,203110.71,553353.00,693972.85,3439276.81
001027-083058-01047-ז,"טיילת הספורט 1047ז, דימונה",86179,street,203110.71,553353.00,693972.85,3439276.81
001027-083058-01048-X,"טיילת הספורט 1048, דימונה",86179,street,203110.71,553353.00,693972.85,3439276.81
001027-083058-01048-א,"טיילת הספורט 1048א, דימונה",86179,street,203110.71,553353.00,693972.85,3439276.81
001027-083058-01048-ב,"טיילת הספורט 1048ב, דימונה",86179,street,203110.71,553353.00,693972.85,3439276.81
001027-083058-01048-ג,"טיילת הספורט 1048ג, דימונה",86179,street,203110.71,553353.00,693972.85,3439276.81
001027-083058-01048-ד,"טיילת הספורט 1048ד, דימונה",86179,street,203110.71,553353.00,693972.85,3439276.81
001027-083058-01049-א,"טיילת הספורט 1049א, דימונה",86179,street,203110.71,553353.00,693972.85,3439276.81
001027-083058-01049-ד,"טיילת הספורט 1049ד, דימונה",86179,street,203110.71,553353.00,693972.85,3439276.81
001027-083058-01050-ב,"טיילת הספורט 1050ב, דימונה",86179,street,203110.71,553353.00,693972.85,3439276.81
001027-083058-01050-ג,"טיילת הספורט 1050ג, דימונה",86179,street,203110.71,553353.00,693972.85,3439276.81
001027-083058-01050-ד,"טיילת הספורט 1050ד, דימונה",86179,street,203110.71,553353.00,693972.85,3439276.81
001027-083058-01051-X,"טיילת הספורט 1051, דימונה",86179,street,203110.71,553353.00,693972.85,3439276.81
001027-083058-01051-א,"טיילת הספורט 1051א, דימונה",86179,street,203110.71,553353.00,693972.85,3439276.81
001027-083058-01051-ב,"טיילת הספורט 1051ב, דימונה",86179,street,203110.71,553353.00,693972.85,3439276.81
001027-083058-01051-ג,"טיילת הספורט 1051ג, דימונה",86179,street,203110.71,553353.00,693972.85,3439276.81
001027-083058-01051-ד,"טיילת הספורט 1051ד, דימונה",86179,street,203110.71,553353.00,693972.85,3439276.81
001027-083058-01056-X,"טיילת הספורט 1056, דימונה",86179,street,203110.71,553353.00,693972.85,3439276.81
001027-083058-01056-א,"טיילת הספורט 1056א, דימונה",86179,street,203110.71,553353.00,693972.85,3439276.81
001027-083058-01056-ב,"טיילת הספורט 1056ב, דימונה",86179,street,203110.71,553353.00,693972.85,3439276.81
001027-083058-01056-ג,"טיילת הספורט 1056ג, דימונה",86179,street,203110.71,553353.00,693972.85,3439276.81
001027-083058-01056-ד,"טיילת הספורט 1056ד, דימונה",86179,street,203110.71,553353.00,693972.85,3439276.81
001027-083058-01057-X,"טיילת הספורט 1057, דימונה",86179,street,203110.71,553353.00,693972.85,3439276.81
001027-083058-01057-א,"טיילת הספורט 1057א, דימונה",86179,street,203110.71,553353.00,693972.85,3439276.81
001027-083058-01057-ב,"טיילת הספורט 1057ב, דימונה",86179,street,203110.71,553353.00,693972.85,3439276.81
001027-083058-01057-ג,"טיילת הספורט 1057ג, דימונה",86179,street,203110.71,553353.00,693972.85,3439276.81
001027-083058-01057-ד,"טיילת הספורט 1057ד, דימונה",86179,street,203110.71,553353.00,693972.85,3439276.81
001027-083058-01058-X,"טיילת הספורט 1058, דימונה",86179,street,203110.71,553353.00,693972.85,3439276.81
001027-083058-01058-ד,"טיילת הספורט 1058ד, דימונה",86179,street,203110.71,553353.00,693972.85,3439276.81
001027-083058-01059-X,"טיילת הספורט 1059, דימונה",86179,street,203110.71,553353.00,693972.85,3439276.81
001027-083058-01059-א,"טיילת הספורט 1059א, דימונה",86179,street,203110.71,553353.00,693972.85,3439276.81
001027-083058-01059-ב,"טיילת הספורט 1059ב, דימונה",86179,street,203110.71,553353.00,693972.85,3439276.81
001027-083058-01059-ג,"טיילת הספורט 1059ג, דימונה",86179,street,203110.71,553353.00,693972.85,3439276.81
001027-083058-01059-ד,"טיילת הספורט 1059ד, דימונה",86179,street,203110.71,553353.00,693972.85,3439276.81
001027-083058-01060-א,"טיילת הספורט 1060א, דימונה",86179,street,203110.71,553353.00,693972.85,3439276.81
001027-083058-01060-ב,"טיילת הספורט 1060ב, דימונה",86179,street,203110.71,553353.00,693972.85,3439276.81
001027-083058-01060-ג,"טיילת הספורט 1060ג, דימונה",86179,street,203110.71,553353.00,693972.85,3439276.81
001027-083058-01060-ד,"טיילת הספורט 1060ד, דימונה",86179,street,203110.71,553353.00,693972.85,3439276.81
001027-083058-01066-X,"טיילת הספורט 1066, דימונה",86179,street,203110.71,553353.00,693972.85,3439276.81
001027-083058-01066-א,"טיילת הספורט 1066א, דימונה",86179,street,203110.71,553353.00,693972.85,3439276.81
001027-083058-01066-ב,"טיילת הספורט 1066ב, דימונה",86179,street,203110.71,553353.00,693972.85,3439276.81
001027-083058-01066-ג,"טיילת הספורט 1066ג, דימונה",86179,street,203110.71,553353.00,693972.85,3439276.81
001027-083058-01066-ד,"טיילת הספורט 1066ד, דימונה",86179,street,203110.71,553353.00,693972.85,3439276.81
001027-083058-01066-ה,"טיילת הספורט 1066ה, דימונה",86179,street,203110.71,553353.00,693972.85,3439276.81
001027-083222-00000-X,"המלך דוד, דימונה",86143,street,203266.32,553111.76,694133.24,3439038.70
001027-083222-00285-X,"המלך דוד 285, דימונה",86143,street,203266.32,553111.76,694133.24,3439038.70
001027-083222-00285-א,"המלך דוד 285א, דימונה",86143,street,203266.32,553111.76,694133.24,3439038.70
001027-083222-00285-ג,"המלך דוד 285ג, דימונה",86143,street,203266.32,553111.76,694133.24,3439038.70
001027-083222-00285-ד,"המלך דוד 285ד, דימונה",86143,street,203266.32,553111.76,694133.24,3439038.70
001027-083222-00285-ה,"המלך דוד 285ה, דימונה",86143,street,203266.32,553111.76,694133.24,3439038.70
001027-083222-00285-ו,"המלך דוד 285ו, דימונה",86143,street,203266.32,553111.76,694133.24,3439038.70
001027-083222-00286-א,"המלך דוד 286א, דימונה",86143,street,203266.32,553111.76,694133.24,3439038.70
001027-083222-00286-ד,"המלך דוד 286ד, דימונה",86143,street,203266.32,553111.76,694133.24,3439038.70
001027-083222-00286-ה,"המלך דוד 286ה, דימונה",86143,street,203266.32,553111.76,694133.24,3439038.70
001027-083222-00286-ו,"המלך דוד 286ו, דימונה",86143,street,203266.32,553111.76,694133.24,3439038.70
001027-083222-00286-ח,"המלך דוד 286ח, דימונה",86143,street,203266.32,553111.76,694133.24,3439038.70
001027-083222-00286-ט,"המלך דוד 286ט, דימונה",86143,street,203266.32,553111.76,694133.24,3439038.70
001027-083222-00287-א,"המלך דוד 287א, דימונה",86143,street,203266.32,553111.76,694133.24,3439038.70
001027-083222-00287-ב,"המלך דוד 287ב, דימונה",86143,street,203266.32,553111.76,694133.24,3439038.70
001027-083222-00288-א,"המלך דוד 288א, דימונה",86143,exact,203160.06,553080.42,694027.62,3439005.25
001027-083222-00288-ב,"המלך דוד 288ב, דימונה",86143,exact,203160.06,553080.42,694027.62,3439005.25
001027-083222-00288-ג,"המלך דוד 288ג, דימונה",86143,exact,203160.06,553080.42,694027.62,3439005.25
001027-083222-00289-X,"המלך דוד 289, דימונה",86143,exact,203161.79,553106.39,694028.83,3439031.25
001027-083222-00289-א,"המלך דוד 289א, דימונה",86143,exact,203161.79,553106.39,694028.83,3439031.25
001027-083222-00289-ב,"המלך דוד 289ב, דימונה",86143,exact,203161.79,553106.39,694028.83,3439031.25
001027-083222-00289-ג,"המלך דוד 289ג, דימונה",86143,exact,203161.79,553106.39,694028.83,3439031.25
001027-083222-00293-X,"המלך דוד 293, דימונה",86143,exact,203204.80,553132.23,694071.32,3439057.94
001027-083222-00293-ב,"המלך דוד 293ב, דימונה",86143,exact,203204.80,553132.23,694071.32,3439057.94
001027-083222-00293-ג,"המלך דוד 293ג, דימונה",86143,exact,203204.80,553132.23,694071.32,3439057.94
001027-083222-00293-ד,"המלך דוד 293ד, דימונה",86143,exact,203204.80,553132.23,694071.32,3439057.94
001027-083222-00293-ה,"המלך דוד 293ה, דימונה",86143,exact,203204.80,553132.23,694071.32,3439057.94
001027-083222-00293-ו,"המלך דוד 293ו, דימונה",86143,exact,203204.80,553132.23,694071.32,3439057.94
001027-083222-00293-ז,"המלך דוד 293ז, דימונה",86143,exact,203204.80,553132.23,694071.32,3439057.94
001027-083222-00293-ח,"המלך דוד 293ח, דימונה",86143,exact,203204.80,553132.23,694071.32,3439057.94
001027-083222-00293-ט,"המלך דוד 293ט, דימונה",86143,exact,203204.80,553132.23,694071.32,3439057.94
001027-083463-00000-X,"סטרומה, דימונה",86076,street,203108.71,553748.89,693963.00,3439672.61
001027-083523-00001-X,"רחבת האיסיים 1, דימונה",86047,exact,203632.95,552804.04,694505.92,3438738.31
001027-083523-00002-X,"רחבת האיסיים 2, דימונה",86047,exact,203627.50,552778.71,694500.98,3438712.87
001027-083523-00004-X,"רחבת האיסיים 4, דימונה",86047,exact,203645.19,552777.37,694518.69,3438711.88
001027-083523-00005-X,"רחבת האיסיים 5, דימונה",86047,exact,203672.84,552789.63,694546.10,3438724.69
001027-083523-00006-X,"רחבת האיסיים 6, דימונה",86047,exact,203656.99,552744.12,694531.15,3438678.87
001027-083523-00007-X,"רחבת האיסיים 7, דימונה",86047,exact,203687.78,552786.74,694561.09,3438722.09
001027-083523-00008-X,"רחבת האיסיים 8, דימונה",86047,exact,203676.03,552733.61,694550.39,3438668.74
001027-083523-00009-X,"רחבת האיסיים 9, דימונה",86047,street,203693.44,552766.84,694567.14,3438702.31
001027-083523-00011-X,"רחבת האיסיים 11, דימונה",86047,street,203693.44,552766.84,694567.14,3438702.31
001027-083523-00013-X,"רחבת האיסיים 13, דימונה",86047,street,203693.44,552766.84,694567.14,3438702.31
001027-083523-00014-X,"רחבת האיסיים 14, דימונה",86047,street,203693.44,552766.84,694567.14,3438702.31
001027-083523-00015-X,"רחבת האיסיים 15, דימונה",86047,street,203693.44,552766.84,694567.14,3438702.31
001027-083571-00001-X,"שד בן גוריון 1, דימונה",86076,exact,203221.45,552994.72,694090.70,3438920.78
001027-083571-00003-X,"שד בן גוריון 3, דימונה",86076,exact,203226.62,553020.12,694095.37,3438946.29
001027-083571-00005-X,"שד בן גוריון 5, דימונה",86076,exact,203229.41,553040.97,694097.74,3438967.18
001027-083571-00015-X,"שד בן גוריון 15, דימונה",86076,exact,203228.25,553094.37,694095.51,3439020.56
001027-083571-00017-X,"שד בן גוריון 17, דימונה",86076,exact,203223.78,553131.00,694090.32,3439057.09
001027-083571-00019-X,"שד בן גוריון 19, דימונה",86076,exact,203230.10,553154.28,694096.18,3439080.49
001027-083571-00021-X,"שד בן גוריון 21, דימונה",86076,exact,203227.50,553165.92,694093.35,3439092.08
001027-083571-00023-X,"שד בן גוריון 23, דימונה",86076,exact,203230.40,553177.56,694096.02,3439103.78
001027-083571-00027-X,"שד בן גוריון 27, דימונה",86076,exact,203230.57,553203.03,694095.68,3439129.25
001027-083571-00029-X,"שד בן גוריון 29, דימונה",86076,exact,203229.59,553222.43,694094.32,3439148.62
001027-083571-00031-X,"שד בן גוריון 31, דימונה",86076,exact,203226.83,553233.38,694091.34,3439159.51
001027-083571-00033-X,"שד בן גוריון 33, דימונה",86076,exact,203229.25,553242.34,694093.58,3439168.52
001027-083571-00037-X,"שד בן גוריון 37, דימונה",86076,exact,203228.99,553262.17,694092.92,3439188.35
001027-083571-00039-X,"שד בן גוריון 39, דימונה",86076,exact,203229.28,553292.54,694092.61,3439218.72
001027-083571-00043-X,"שד בן גוריון 43, דימונה",86076,exact,203229.26,553301.23,694092.41,3439227.40
001027-083571-00047-X,"שד בן גוריון 47, דימונה",86076,exact,203229.21,553312.32,694092.15,3439238.49
001027-083571-00051-X,"שד בן גוריון 51, דימונה",86076,exact,203229.18,553322.86,694091.91,3439249.03
001027-083571-00053-X,"שד בן גוריון 53, דימונה",86076,exact,203229.63,553342.18,694091.98,3439268.35
001027-083571-00057-X,"שד בן גוריון 57, דימונה",86076,exact,203229.90,553363.63,694091.82,3439289.81
001027-083571-00063-X,"שד בן גוריון 63, דימונה",86076,exact,203227.23,553393.52,694088.55,3439319.64
001027-083571-00065-X,"שד בן גוריון 65, דימונה",86076,exact,203230.21,553404.10,694091.33,3439330.27
001027-083571-00067-X,"שד בן גוריון 67, דימונה",86076,exact,203208.72,553492.24,694068.09,3439417.97
001027-083571-00069-X,"שד בן גוריון 69, דימונה",86076,exact,203229.29,553468.93,694089.12,3439395.08
001027-083571-00073-X,"שד בן גוריון 73, דימונה",86076,street,203242.08,553470.71,694101.87,3439397.11
001027-083571-00075-X,"שד בן גוריון 75, דימונה",86076,street,203242.08,553470.71,694101.87,3439397.11
001027-083571-00077-X,"שד בן גוריון 77, דימונה",86076,street,203242.08,553470.71,694101.87,3439397.11
001027-083571-00079-X,"שד בן גוריון 79, דימונה",86076,street,203242.08,553470.71,694101.87,3439397.11
001027-083571-00083-X,"שד בן גוריון 83, דימונה",86076,exact,203225.59,553602.38,694082.76,3439528.43
001027-083571-00085-X,"שד בן גוריון 85, דימונה",86076,exact,203227.66,553614.83,694084.59,3439540.93
001027-083571-00087-X,"שד בן גוריון 87, דימונה",86076,exact,203228.96,553637.98,694085.43,3439564.10
001027-083571-00089-X,"שד בן גוריון 89, דימונה",86076,exact,203226.74,553651.00,694082.95,3439577.07
001027-083571-00093-X,"שד בן גוריון 93, דימונה",86076,exact,203226.59,553673.38,694082.35,3439599.44
001027-083571-00095-X,"שד בן גוריון 95, דימונה",86076,exact,203228.86,553684.72,694084.40,3439610.83
001027-083571-00097-X,"שד בן גוריון 97, דימונה",86076,exact,203226.59,553698.36,694081.86,3439624.42
001027-083571-00099-X,"שד בן גוריון 99, דימונה",86076,exact,203214.16,553718.44,694069.03,3439644.25
001027-083571-00122-X,"שד בן גוריון 122, דימונה",86076,street,203242.08,553470.71,694101.87,3439397.11
001027-083571-00126-X,"שד בן גוריון 126, דימונה",86076,street,203242.08,553470.71,694101.87,3439397.11
001027-083571-01041-X,"שד בן גוריון 1041, דימונה",86076,exact,203226.44,553183.66,694091.94,3439109.80
001027-083571-01041-א,"שד בן גוריון 1041א, דימונה",86076,exact,203226.44,553183.66,694091.94,3439109.80
001027-083571-01041-ב,"שד בן גוריון 1041ב, דימונה",86076,exact,203226.44,553183.66,694091.94,3439109.80
001027-083571-01041-ג,"שד בן גוריון 1041ג, דימונה",86076,exact,203226.44,553183.66,694091.94,3439109.80
001027-083571-01041-ד,"שד בן גוריון 1041ד, דימונה",86076,exact,203226.44,553183.66,694091.94,3439109.80
001027-083571-01041-ה,"שד בן גוריון 1041ה, דימונה",86076,exact,203226.44,553183.66,694091.94,3439109.80
001027-083571-01042-X,"שד בן גוריון 1042, דימונה",86076,exact,203223.77,553242.50,694088.10,3439168.57
001027-083571-01042-א,"שד בן גוריון 1042א, דימונה",86076,exact,203223.77,553242.50,694088.10,3439168.57
001027-083571-01042-ב,"שד בן גוריון 1042ב, דימונה",86076,exact,203223.77,553242.50,694088.10,3439168.57
001027-083571-01042-ד,"שד בן גוריון 1042ד, דימונה",86076,exact,203223.77,553242.50,694088.10,3439168.57
001027-083571-01043-X,"שד בן גוריון 1043, דימונה",86076,exact,203225.62,553319.82,694088.41,3439245.92
001027-083571-01043-א,"שד בן גוריון 1043א, דימונה",86076,exact,203225.62,553319.82,694088.41,3439245.92
001027-083571-01043-ב,"שד בן גוריון 1043ב, דימונה",86076,exact,203225.62,553319.82,694088.41,3439245.92
001027-083571-01043-ג,"שד בן גוריון 1043ג, דימונה",86076,exact,203225.62,553319.82,694088.41,3439245.92
001027-083571-01044-X,"שד בן גוריון 1044, דימונה",86139,street,203242.08,553470.71,694101.87,3439397.11
001027-083571-01044-א,"שד בן גוריון 1044א, דימונה",86139,street,203242.08,553470.71,694101.87,3439397.11
001027-083571-01044-ב,"שד בן גוריון 1044ב, דימונה",86139,street,203242.08,553470.71,694101.87,3439397.11
001027-083571-01044-ג,"שד בן גוריון 1044ג, דימונה",86139,street,203242.08,553470.71,694101.87,3439397.11
001027-083571-01044-ד,"שד בן גוריון 1044ד, דימונה",86139,street,203242.08,553470.71,694101.87,3439397.11
001027-083571-01044-ו,"שד בן גוריון 1044ו, דימונה",86139,street,203242.08,553470.71,694101.87,3439397.11
001027-083571-01045-X,"שד בן גוריון 1045, דימונה",86139,street,203242.08,553470.71,694101.87,3439397.11
001027-083571-01045-ב,"שד בן גוריון 1045ב, דימונה",86139,street,203242.08,553470.71,694101.87,3439397.11
001027-083571-01045-ג,"שד בן גוריון 1045ג, דימונה",86139,street,203242.08,553470.71,694101.87,3439397.11
001027-083571-01046-X,"שד בן גוריון 1046, דימונה",86139,exact,203232.71,553715.96,694087.63,3439642.14
001027-083571-01046-א,"שד בן גוריון 1046א, דימונה",86139,exact,203232.71,553715.96,694087.63,3439642.14
001027-083571-01046-ב,"שד בן גוריון 1046ב, דימונה",86139,exact,203232.71,553715.96,694087.63,3439642.14
001027-083571-01046-ג,"שד בן גוריון 1046ג, דימונה",86139,exact,203232.71,553715.96,694087.63,3439642.14
001027-083571-01046-ד,"שד בן גוריון 1046ד, דימונה",86139,exact,203232.71,553715.96,694087.63,3439642.14
001027-083571-01046-ה,"שד בן גוריון 1046ה, דימונה",86139,exact,203232.71,553715.96,694087.63,3439642.14
001027-083571-01046-ו,"שד בן גוריון 1046ו, דימונה",86139,exact,203232.71,553715.96,694087.63,3439642.14
001027-083571-01064-X,"שד בן גוריון 1064, דימונה",86139,exact,203224.88,553544.43,694083.21,3439470.48
001027-083571-01065-X,"שד בן גוריון 1065, דימונה",86139,exact,203223.33,553471.96,694083.10,3439397.99
001027-083571-01100-X,"שד בן גוריון 1100, דימונה",86076,street,203242.08,553470.71,694101.87,3439397.11
001027-083571-01101-X,"שד בן גוריון 1101, דימונה",86076,exact,203263.84,553698.28,694119.10,3439625.08
001027-083571-01102-X,"שד בן גוריון 1102, דימונה",86076,street,203242.08,553470.71,694101.87,3439397.11
001027-083571-01103-X,"שד בן גוריון 1103, דימונה",86076,street,203242.08,553470.71,694101.87,3439397.11
001027-083571-01201-X,"שד בן גוריון 1201, דימונה",86076,street,203242.08,553470.71,694101.87,3439397.11
001027-083571-01316-X,"שד בן גוריון 1316, דימונה",86140,street,203242.08,553470.71,694101.87,3439397.11
001027-083571-01316-א,"שד בן גוריון 1316א, דימונה",86140,street,203242.08,553470.71,694101.87,3439397.11
001027-083571-01316-ב,"שד בן גוריון 1316ב, דימונה",86140,street,203242.08,553470.71,694101.87,3439397.11
001027-083571-01316-ג,"שד בן גוריון 1316ג, דימונה",86140,street,203242.08,553470.71,694101.87,3439397.11
001027-083571-01316-ד,"שד בן גוריון 1316ד, דימונה",86140,street,203242.08,553470.71,694101.87,3439397.11
001027-083571-01316-ו,"שד בן גוריון 1316ו, דימונה",86140,street,203242.08,553470.71,694101.87,3439397.11
001027-083571-01317-X,"שד בן גוריון 1317, דימונה",86140,street,203242.08,553470.71,694101.87,3439397.11
001027-083571-01318-X,"שד בן גוריון 1318, דימונה",86076,exact,203261.49,553895.10,694112.85,3439821.83
001027-083571-01318-א,"שד בן גוריון 1318א, דימונה",86076,exact,203261.49,553895.10,694112.85,3439821.83
001027-083571-01318-ב,"שד בן גוריון 1318ב, דימונה",86076,exact,203261.49,553895.10,694112.85,3439821.83
001027-083571-01318-ג,"שד בן גוריון 1318ג, דימונה",86076,exact,203261.49,553895.10,694112.85,3439821.83
001027-083571-01318-ד,"שד בן גוריון 1318ד, דימונה",86076,exact,203261.49,553895.10,694112.85,3439821.83
001027-083571-01318-ה,"שד בן גוריון 1318ה, דימונה",86076,exact,203261.49,553895.10,694112.85,3439821.83
001027-083571-01318-ו,"שד בן גוריון 1318ו, דימונה",86076,exact,203261.49,553895.10,694112.85,3439821.83
001027-083571-01318-ז,"שד בן גוריון 1318ז, דימונה",86076,exact,203261.49,553895.10,694112.85,3439821.83
001027-083571-01319-X,"שד בן גוריון 1319, דימונה",86140,street,203242.08,553470.71,694101.87,3439397.11
001027-083571-01319-א,"שד בן גוריון 1319א, דימונה",86140,street,203242.08,553470.71,694101.87,3439397.11
001027-083571-01319-ג,"שד בן גוריון 1319ג, דימונה",86140,street,203242.08,553470.71,694101.87,3439397.11
001027-083571-01323-X,"שד בן גוריון 1323, דימונה",86076,street,203242.08,553470.71,694101.87,3439397.11
001027-083571-01323-ב,"שד בן גוריון 1323ב, דימונה",86076,street,203242.08,553470.71,694101.87,3439397.11
001027-083571-01323-ג,"שד בן גוריון 1323ג, דימונה",86076,street,203242.08,553470.71,694101.87,3439397.11
001027-083571-01323-ה,"שד בן גוריון 1323ה, דימונה",86076,street,203242.08,553470.71,694101.87,3439397.11
001027-083571-01324-X,"שד בן גוריון 1324, דימונה",86139,street,203242.08,553470.71,694101.87,3439397.11
001027-083571-01325-X,"שד בן גוריון 1325, דימונה",86076,street,203242.08,553470.71,694101.87,3439397.11
001027-083571-01326-X,"שד בן גוריון 1326, דימונה",86139,street,203242.08,553470.71,694101.87,3439397.11
001027-083571-01327-X,"שד בן גוריון 1327, דימונה",86076,street,203242.08,553470.71,694101.87,3439397.11
001027-083571-01327-א,"שד בן גוריון 1327א, דימונה",86076,street,203242.08,553470.71,694101.87,3439397.11
001027-083571-01327-ג,"שד בן גוריון 1327ג, דימונה",86076,street,203242.08,553470.71,694101.87,3439397.11
001027-083571-01327-ד,"שד בן גוריון 1327ד, דימונה",86076,street,203242.08,553470.71,694101.87,3439397.11
001027-083633-00001-X,"דרך השלום 1, דימונה",86071,exact,203306.21,553544.75,694164.52,3439472.42
001027-083633-00003-X,"דרך השלום 3, דימונה",86071,exact,203308.18,553548.54,694166.41,3439476.25
001027-083633-00004-X,"דרך השלום 4, דימונה",86071,exact,203327.74,553524.91,694186.44,3439453.00
001027-083633-00005-X,"דרך השלום 5, דימונה",86071,exact,203315.55,553549.38,694173.77,3439477.23
001027-083633-00006-X,"דרך השלום 6, דימונה",86071,exact,203330.38,553532.39,694188.94,3439460.54
001027-083633-00009-X,"דרך השלום 9, דימונה",86071,exact,203324.72,553554.51,694182.83,3439482.54
001027-083633-00010-X,"דרך השלום 10, דימונה",86071,exact,203338.52,553534.14,694197.04,3439462.45
001027-083633-00011-X,"דרך השלום 11, דימונה",86071,exact,203329.19,553560.25,694187.19,3439488.37
001027-083633-00013-X,"דרך השלום 13, דימונה",86071,exact,203340.08,553566.59,694197.95,3439494.92
001027-083633-00015-X,"דרך השלום 15, דימונה",86071,exact,203342.63,553573.20,694200.37,3439501.59
001027-083633-00016-X,"דרך השלום 16, דימונה",86071,exact,203353.99,553546.50,694212.26,3439475.11
001027-083633-00017-X,"דרך השלום 17, דימונה",86071,exact,203348.98,553571.67,694206.75,3439500.18
001027-083633-00018-X,"דרך השלום 18, דימונה",86071,exact,203363.20,553548.40,694221.43,3439477.20
001027-083633-00019-X,"דרך השלום 19, דימונה",86071,exact,203351.39,553578.83,694209.02,3439507.39
001027-083633-00021-X,"דרך השלום 21, דימונה",86071,exact,203357.50,553576.58,694215.17,3439505.26
001027-083633-00022-X,"דרך השלום 22, דימונה",86071,exact,203375.45,553557.58,694233.49,3439486.62
001027-083633-00025-X,"דרך השלום 25, דימונה",86071,exact,203371.33,553591.13,694228.71,3439520.08
001027-083633-00026-X,"דרך השלום 26, דימונה",86071,exact,203396.59,553560.65,694254.57,3439490.10
001027-083633-00027-X,"דרך השלום 27, דימונה",86071,exact,203368.68,553597.42,694225.94,3439526.32
001027-083633-00028-X,"דרך השלום 28, דימונה",86071,exact,203428.16,553563.88,694286.07,3439493.96
001027-083633-00029-X,"דרך השלום 29, דימונה",86071,exact,203402.32,553595.73,694259.60,3439525.30
001027-083633-00030-X,"דרך השלום 30, דימונה",86071,exact,203461.18,553573.70,694318.89,3439504.44
001027-083633-00031-X,"דרך השלום 31, דימונה",86071,street,203431.95,553580.41,694289.53,3439510.56
001027-083633-00033-X,"דרך השלום 33, דימונה",86071,street,203431.95,553580.41,694289.53,3439510.56
001027-083633-00034-X,"דרך השלום 34, דימונה",86071,exact,203505.66,553600.46,694362.84,3439532.08
001027-083633-00035-X,"דרך השלום 35, דימונה",86071,street,203431.95,553580.41,694289.53,3439510.56
001027-083633-00037-X,"דרך השלום 37, דימונה",86071,street,203431.95,553580.41,694289.53,3439510.56
001027-083633-00038-X,"דרך השלום 38, דימונה",86071,exact,203514.55,553606.48,694371.60,3439538.28
001027-083633-00039-X,"דרך השלום 39, דימונה",86071,street,203431.95,553580.41,694289.53,3439510.56
001027-083633-00040-X,"דרך השלום 40, דימונה",86071,exact,203517.23,553601.85,694374.38,3439533.70
001027-083633-00041-X,"דרך השלום 41, דימונה",86071,street,203431.95,553580.41,694289.53,3439510.56
001027-083633-00042-X,"דרך השלום 42, דימונה",86071,exact,203524.42,553612.48,694381.35,3439544.47
001027-083633-00044-X,"דרך השלום 44, דימונה",86071,exact,203529.97,553609.55,694386.96,3439541.65
001027-083633-00045-X,"דרך השלום 45, דימונה",86071,street,203431.95,553580.41,694289.53,3439510.56
001027-083633-00047-X,"דרך השלום 47, דימונה",86071,exact,203468.85,553616.25,694325.71,3439547.13
001027-083633-00048-X,"דרך השלום 48, דימונה",86071,exact,203541.38,553612.24,694398.32,3439544.57
001027-083633-00049-X,"דרך השלום 49, דימונה",86071,exact,203487.32,553627.07,694343.96,3439558.32
001027-083633-00050-X,"דרך השלום 50, דימונה",86071,exact,203544.84,553617.92,694401.66,3439550.32
001027-083633-00051-X,"דרך השלום 51, דימונה",86071,exact,203490.30,553622.47,694347.04,3439553.78
001027-083633-00052-X,"דרך השלום 52, דימונה",86071,exact,203548.48,553626.19,694405.14,3439558.66
001027-083633-00055-X,"דרך השלום 55, דימונה",86071,exact,203497.14,553633.07,694353.67,3439564.51
001027-083633-00057-X,"דרך השלום 57, דימונה",86071,exact,203509.09,553634.14,694365.60,3439565.83
001027-083633-00058-X,"דרך השלום 58, דימונה",86071,exact,203558.44,553632.68,694414.96,3439565.34
001027-083633-00059-X,"דרך השלום 59, דימונה",86071,exact,203508.41,553640.33,694364.80,3439572.00
001027-083633-00061-X,"דרך השלום 61, דימונה",86071,exact,203521.61,553642.58,694377.94,3439574.51
001027-083633-00063-X,"דרך השלום 63, דימונה",86071,exact,203529.14,553641.65,694385.49,3439573.73
001027-083633-00065-X,"דרך השלום 65, דימונה",86071,exact,203533.71,553650.19,694389.89,3439582.36
001027-083633-00067-X,"דרך השלום 67, דימונה",86071,street,203431.95,553580.41,694289.53,3439510.56
001027-083633-00069-X,"דרך השלום 69, דימונה",86071,exact,203543.20,553649.84,694399.39,3439582.20
001027-083633-00073-X,"דרך השלום 73, דימונה",86071,exact,203572.48,553673.05,694428.20,3439605.98
001027-083633-00077-X,"דרך השלום 77, דימונה",86071,exact,203584.75,553680.08,694440.33,3439613.26
001027-083633-00081-X,"דרך השלום 81, דימונה",86071,exact,203597.60,553680.57,694453.17,3439614.00
001027-083633-00113-X,"דרך השלום 113, דימונה",86077,street,203431.95,553580.41,694289.53,3439510.56
001027-083633-00114-X,"דרך השלום 114, דימונה",86077,street,203431.95,553580.41,694289.53,3439510.56
001027-083633-00115-X,"דרך השלום 115, דימונה",86077,street,203431.95,553580.41,694289.53,3439510.56
001027-083633-00138-X,"דרך השלום 138, דימונה",86077,street,203431.95,553580.41,694289.53,3439510.56
001027-083633-00139-X,"דרך השלום 139, דימונה",86077,street,203431.95,553580.41,694289.53,3439510.56
001027-083633-00143-X,"דרך השלום 143, דימונה",86077,street,203431.95,553580.41,694289.53,3439510.56
001027-083633-00144-X,"דרך השלום 144, דימונה",86077,street,203431.95,553580.41,694289.53,3439510.56
001027-083633-00145-X,"דרך השלום 145, דימונה",86077,street,203431.95,553580.41,694289.53,3439510.56
001027-083633-00906-X,"דרך השלום 906, דימונה",86177,street,203431.95,553580.41,694289.53,3439510.56
001027-083633-01112-X,"דרך השלום 1112, דימונה",86177,street,203431.95,553580.41,694289.53,3439510.56
