LocationID	Location Name	StreetID	Street Name	House Number	Entrance	ZIP 5	ZIP 7	Remark	Updated
001027	דימונה	073567	מלכה הנרי	00000		86011	8601100	מיקוד ברירת מחדל לרחוב	20090707
001027	דימונה	073567	מלכה הנרי	00002		86011	8601101	כתובת לא בדוקה	20090713
001027	דימונה	073567	מלכה הנרי	00262		86011	8601199		20170321
001027	דימונה	073567	מלכה הנרי	00265		86011	8601102		20170321
001027	דימונה	073567	מלכה הנרי	00265	א	86011	8601103		20170321
001027	דימונה	073567	מלכה הנרי	00265	ב	86011	8601104		20170321
001027	דימונה	073567	מלכה הנרי	00266		86011	8601106		20170321
001027	דימונה	073567	מלכה הנרי	00266	א	86011	8601107		20170321
001027	דימונה	073567	מלכה הנרי	00266	ב	86011	8601108		20170321
001027	דימונה	073567	מלכה הנרי	00266	ג	86011	8601109		20170321
001027	דימונה	073567	מלכה הנרי	00267		86011	8601110		20170321
001027	דימונה	073567	מלכה הנרי	00267	ב	86011	8601112		20170321
001027	דימונה	073567	מלכה הנרי	00268		86011	8601114		20170321
001027	דימונה	073567	מלכה הנרי	00268	א	86011	8601115		20170321
001027	דימונה	073567	מלכה הנרי	00268	ב	86011	8601116		20170321
001027	דימונה	073567	מלכה הנרי	00268	ג	86011	8601117		20170321
001027	דימונה	073567	מלכה הנרי	00268	ה	86011	8601119		20170321
001027	דימונה	073567	מלכה הנרי	00269		86011	8601123		20170321
001027	דימונה	073567	מלכה הנרי	00269	א	86011	8601124		20170321
001027	דימונה	073567	מלכה הנרי	00269	ב	86011	8601125		20170321
001027	דימונה	073567	מלכה הנרי	00269	ד	86011	8601127		20170321
001027	דימונה	073822	?	00121		86011	8601128		20170321
001027	דימונה	073822	?	00121	א	86011	8601129		20170321
001027	דימונה	073822	?	00121	ב	86011	8601130		20170321
001027	דימונה	073822	?	00121	ג	86011	8601131		20170321
001027	דימונה	073822	?	00122	ב	86011	8601135		20170321
001027	דימונה	073822	?	00123		86011	8601137		20170321
001027	דימונה	073822	?	00123	א	86011	8601138		20170321
001027	דימונה	073822	?	00123	ב	86011	8601139		20170321
001027	דימונה	073822	?	00124		86011	8601141		20170321
001027	דימונה	073822	?	00124	א	86011	8601142		20170321
001027	דימונה	073822	?	00124	ב	86011	8601143		20170321
001027	דימונה	073822	?	00124	ג	86011	8601144		20170321
001027	דימונה	073822	?	00125		86011	8601145		20170321
001027	דימונה	073822	?	00125	א	86011	8601146		20170321
001027	דימונה	073822	?	00125	ג	86011	8601148		20170321
001027	דימונה	073822	?	00258		86123	8612302		20170321
001027	דימונה	073822	?	00261		86011	8601149		20170321
001027	דימונה	073822	?	00262		86123	8612305		20170321
001027	דימונה	073822	?	00265		86123	8612308		20170321
001027	דימונה	074211	התאנה	00002		86027	8602701	כתובת לא בדוקה	20090713
001027	דימונה	074211	התאנה	00220		86027	8602704		20170321
001027	דימונה	074211	התאנה	00222		86027	8602705		20170321
001027	דימונה	074211	התאנה	00224		86027	8602706		20170321
001027	דימונה	074211	התאנה	00230		86027	8602709		20170321
001027	דימונה	074211	התאנה	00232		86027	8602710		20170321
001027	דימונה	074211	התאנה	00234		86027	8602711		20170321
001027	דימונה	074211	התאנה	00236		86027	8602712		20170321
001027	דימונה	074211	התאנה	00238		86027	8602713		20170321
001027	דימונה	074211	התאנה	00240		86027	8602714		20170321
001027	דימונה	074211	התאנה	00242		86027	8602715		20170321
001027	דימונה	074211	התאנה	00244		86027	8602716		20170321
001027	דימונה	074211	התאנה	00246		86027	8602717		20170321
001027	דימונה	074211	התאנה	00248		86027	8602718		20170321
001027	דימונה	074211	התאנה	00250		86027	8602719		20170321
001027	דימונה	074211	התאנה	00254		86027	8602721		20170321
001027	דימונה	074211	התאנה	00256		86027	8602722		20170321
001027	דימונה	074211	התאנה	00258		86027	8602723		20170321
001027	דימונה	074211	התאנה	00260		86027	8602724		20170321
001027	דימונה	074211	התאנה	00334		86027	8602725		20170321
001027	דימונה	074211	התאנה	00336		86027	8602726		20170321
001027	דימונה	074211	התאנה	00338		86027	8602727		20170321
001027	דימונה	074211	התאנה	00340		86027	8602728		20170321
001027	דימונה	074211	התאנה	00342		86027	8602729		20170321
001027	דימונה	074211	התאנה	00344		86027	8602730		20170321
001027	דימונה	074211	התאנה	00346		86027	8602731		20170321
001027	דימונה	074211	התאנה	00348		86027	8602732		20170321
001027	דימונה	074211	התאנה	00350		86027	8602733		20170321
001027	דימונה	074211	התאנה	00352		86027	8602734		20170321
001027	דימונה	074211	התאנה	00354		86027	8602735		20170321
001027	דימונה	074211	התאנה	00356		86027	8602736		20170321
001027	דימונה	074211	התאנה	00358		86027	8602737		20170321
001027	דימונה	074211	התאנה	00362		86027	8602739		20170321
001027	דימונה	074211	התאנה	00364		86027	8602740		20170321
001027	דימונה	074211	התאנה	00366		86027	8602741		20170321
001027	דימונה	074211	התאנה	00368		86027	8602742		20170321
001027	דימונה	074211	התאנה	00374		86027	8602745		20170321
001027	דימונה	074211	התאנה	00380		86027	8602748		20170321
001027	דימונה	074211	התאנה	00382		86027	8602749		20170321
001027	דימונה	074430	הגפן	00001		86028	8610565	כתובת לא בדוקה	20130612
001027	דימונה	074430	הגפן	00002		86028	8610566	כתובת לא בדוקה	20130612
001027	דימונה	074430	הגפן	00004		86028	8610568	כתובת לא בדוקה	20130612
001027	דימונה	074430	הגפן	00005		86028	8610569	כתובת לא בדוקה	20130612
001027	דימונה	074430	הגפן	00006		86028	8610570	כתובת לא בדוקה	20130612
001027	דימונה	074430	הגפן	00007		86028	8610571	כתובת לא בדוקה	20130612
001027	דימונה	074430	הגפן	00008		86028	8610572	כתובת לא בדוקה	20130612
001027	דימונה	074430	הגפן	00009		86028	8610573	כתובת לא בדוקה	20130612
001027	דימונה	074430	הגפן	00010		86028	8610574	כתובת לא בדוקה	20130612
001027	דימונה	074430	הגפן	00011		86028	8610575	כתובת לא בדוקה	20130612
001027	דימונה	074430	הגפן	00012		86028	8610576	כתובת לא בדוקה	20130612
001027	דימונה	074430	הגפן	00013		86028	8610577	כתובת לא בדוקה	20130612
001027	דימונה	074430	הגפן	00014		86028	8610578	כתובת לא בדוקה	20130612
001027	דימונה	074430	הגפן	00015		86028	8610579	כתובת לא בדוקה	20130612
001027	דימונה	074430	הגפן	00016		86028	8610580	כתובת לא בדוקה	20130612
001027	דימונה	074430	הגפן	00017		86028	8602801	כתובת לא בדוקה	20090713
001027	דימונה	074430	הגפן	00018		86028	8602802	כתובת לא בדוקה	20090713
001027	דימונה	074430	הגפן	00019		86028	8602803	כתובת לא בדוקה	20090713
001027	דימונה	074430	הגפן	00021		86028	8602805	כתובת לא בדוקה	20090713
001027	דימונה	074430	הגפן	00024		86028	8602808	כתובת לא בדוקה	20090713
001027	דימונה	074430	הגפן	00025		86028	8602809	כתובת לא בדוקה	20090713
001027	דימונה	074430	הגפן	00026		86028	8602810	כתובת לא בדוקה	20090713
001027	דימונה	074430	הגפן	00027		86028	8602811	כתובת לא בדוקה	20090713
001027	דימונה	074430	הגפן	00028		86028	8602812	כתובת לא בדוקה	20090713
001027	דימונה	074430	הגפן	00029		86028	8602813	כתובת לא בדוקה	20090713
001027	דימונה	074430	הגפן	00030		86028	8602814	כתובת לא בדוקה	20090713
001027	דימונה	074430	הגפן	00031		86028	8602815	כתובת לא בדוקה	20090713
001027	דימונה	074430	הגפן	00032		86028	8602816	כתובת לא בדוקה	20090713
001027	דימונה	074430	הגפן	00033		86028	8602817	כתובת לא בדוקה	20090713
001027	דימונה	074430	הגפן	00034		86028	8602818	כתובת לא בדוקה	20090713
001027	דימונה	074430	הגפן	00035		86028	8602819	כתובת לא בדוקה	20090713
001027	דימונה	074430	הגפן	00036		86028	8602820	כתובת לא בדוקה	20090713
001027	דימונה	074430	הגפן	00037		86028	8602821	כתובת לא בדוקה	20090713
001027	דימונה	074430	הגפן	00040		86028	8602824	כתובת לא בדוקה	20090713
001027	דימונה	074430	הגפן	00041		86028	8602825	כתובת לא בדוקה	20090713
001027	דימונה	074430	הגפן	00042		86028	8602826	כתובת לא בדוקה	20090713
001027	דימונה	074430	הגפן	00043		86028	8602827	כתובת לא בדוקה	20090713
001027	דימונה	074430	הגפן	00044		86028	8602828	כתובת לא בדוקה	20090713
001027	דימונה	074430	הגפן	00045		86028	8602829	כתובת לא בדוקה	20090713
001027	דימונה	074430	הגפן	00046		86028	8602830	כתובת לא בדוקה	20090713
001027	דימונה	074430	הגפן	00048		86028	8602832	כתובת לא בדוקה	20090713
001027	דימונה	074430	הגפן	00049		86028	8602833	כתובת לא בדוקה	20090713
001027	דימונה	074430	הגפן	00050		86028	8602834	כתובת לא בדוקה	20090713
001027	דימונה	074430	הגפן	00051		86028	8602835	כתובת לא בדוקה	20090713
001027	דימונה	074730	האשל	00000		86025	8602500	מיקוד ברירת מחדל לרחוב	20090707
001027	דימונה	074730	האשל	00016		86025	8602501	כתובת לא בדוקה	20090713
001027	דימונה	074730	האשל	00552		86025	8602502		20170321
001027	דימונה	074730	האשל	00554		86025	8602504		20170321
001027	דימונה	074730	האשל	00555		86025	8602505		20170321
001027	דימונה	074730	האשל	00557		86025	8602507		20170321
001027	דימונה	074730	האשל	00558		86025	8602508		20170321
001027	דימונה	074730	האשל	00560		86025	8602510		20170321
001027	דימונה	074730	האשל	00561		86025	8602511		20170321
001027	דימונה	074730	האשל	00562		86025	8602512		20170321
001027	דימונה	074730	האשל	00563		86025	8602513		20170321
001027	דימונה	074730	האשל	00564		86025	8602514		20170321
001027	דימונה	074730	האשל	00566		86025	8602516		20170321
001027	דימונה	074730	האשל	00567		86025	8602517		20170321
001027	דימונה	074730	האשל	00568		86025	8602518		20170321
001027	דימונה	074730	האשל	00569		86025	8602519		20170321
001027	דימונה	074730	האשל	00570		86025	8602520		20170321
001027	דימונה	075069	ההדס	00010		86028	8602836	כתובת לא בדוקה	20090713
001027	דימונה	075069	ההדס	00521		86028	8602837		20170321
001027	דימונה	075069	ההדס	00522		86028	8602838		20170321
001027	דימונה	075069	ההדס	00524		86028	8602840		20170321
001027	דימונה	075069	ההדס	00525		86028	8602841		20170321
001027	דימונה	075069	ההדס	00526		86028	8602842		20170321
001027	דימונה	075069	ההדס	00530		86028	8602843		20170321
001027	דימונה	075069	ההדס	00531		86028	8602844		20170321
001027	דימונה	075520	שד גולדה מאיר	00000		86058	8605800	מיקוד ברירת מחדל לרחוב	20090707
001027	דימונה	075520	שד גולדה מאיר	00149		86058	8605887		20130704
001027	דימונה	075520	שד גולדה מאיר	01001		86058	8605801		20170321
001027	דימונה	075520	שד גולדה מאיר	01001	ב	86058	8605803		20170321
001027	דימונה	075520	שד גולדה מאיר	01002	א	86058	8605805		20170321
001027	דימונה	075520	שד גולדה מאיר	01002	ג	86058	8605807		20170321
001027	דימונה	075520	שד גולדה מאיר	01003	א	86058	8605810		20170321
001027	דימונה	075520	שד גולדה מאיר	01004		86058	8605814		20170321
001027	דימונה	075520	שד גולדה מאיר	01004	א	86058	8605815		20170321
001027	דימונה	075520	שד גולדה מאיר	01004	ג	86058	8605817		20170321
001027	דימונה	075520	שד גולדה מאיר	01005		86058	8605818		20170321
001027	דימונה	075520	שד גולדה מאיר	01005	א	86058	8605819		20170321
001027	דימונה	075520	שד גולדה מאיר	01006		86058	8605822		20170321
001027	דימונה	075520	שד גולדה מאיר	01006	א	86058	8605823		20170321
001027	דימונה	075520	שד גולדה מאיר	01006	ב	86058	8605824		20170321
001027	דימונה	075520	שד גולדה מאיר	01007		86058	8605826		20170321
001027	דימונה	075520	שד גולדה מאיר	01007	א	86058	8605827		20170321
001027	דימונה	075520	שד גולדה מאיר	01007	ד	86058	8605830		20170321
001027	דימונה	075520	שד גולדה מאיר	01007	ה	86058	8605831		20170321
001027	דימונה	075520	שד גולדה מאיר	01020		86058	8605832		20170321
001027	דימונה	075520	שד גולדה מאיר	01020	א	86058	8605833		20170321
001027	דימונה	075520	שד גולדה מאיר	01020	ב	86058	8605834		20170321
001027	דימונה	075520	שד גולדה מאיר	01020	ג	86058	8605835		20170321
001027	דימונה	075520	שד גולדה מאיר	01020	ד	86058	8605836		20170321
001027	דימונה	075520	שד גולדה מאיר	01021	ב	86058	8605839		20170321
001027	דימונה	075520	שד גולדה מאיר	01021	ה	86058	8605842		20170321
001027	דימונה	075520	שד גולדה מאיר	01022		86058	8605844		20170321
001027	דימונה	075520	שד גולדה מאיר	01022	א	86058	8605845		20170321
001027	דימונה	075520	שד גולדה מאיר	01022	ג	86058	8605847		20170321
001027	דימונה	075520	שד גולדה מאיר	01022	ד	86058	8605848		20170321
001027	דימונה	075520	שד גולדה מאיר	01022	ה	86058	8605849		20170321
001027	דימונה	075520	שד גולדה מאיר	01022	ו	86058	8605850		20170321
001027	דימונה	075520	שד גולדה מאיר	01023		86058	8605852		20170321
001027	דימונה	075520	שד גולדה מאיר	01023	א	86058	8605853		20170321
001027	דימונה	075520	שד גולדה מאיר	01023	ב	86058	8605854		20170321
001027	דימונה	075520	שד גולדה מאיר	01023	ג	86058	8605855		20170321
001027	דימונה	075520	שד גולדה מאיר	01023	ד	86058	8605856		20170321
001027	דימונה	075520	שד גולדה מאיר	01033		86058	8605857		20170321
001027	דימונה	075520	שד גולדה מאיר	01033	א	86058	8605858		20170321
001027	דימונה	075520	שד גולדה מאיר	01033	ב	86058	8605859		20170321
001027	דימונה	075520	שד גולדה מאיר	01033	ג	86058	8605860		20170321
001027	דימונה	075520	שד גולדה מאיר	01033	ד	86058	8605861		20170321
001027	דימונה	075520	שד גולדה מאיר	01034		86058	8605862		20170321
001027	דימונה	075520	שד גולדה מאיר	01034	א	86058	8605863		20170321
001027	דימונה	075520	שד גולדה מאיר	01034	ב	86058	8605864		20170321
001027	דימונה	075520	שד גולדה מאיר	01034	ג	86058	8605865		20170321
001027	דימונה	075520	שד גולדה מאיר	01034	ד	86058	8605866		20170321
001027	דימונה	075520	שד גולדה מאיר	01034	ה	86058	8605867		20170321
001027	דימונה	075520	שד גולדה מאיר	01034	ו	86058	8605868		20170321
001027	דימונה	075520	שד גולדה מאיר	04021	א	86058	8605870		20170321
001027	דימונה	075520	שד גולדה מאיר	04021	ב	86058	8605871		20170321
001027	דימונה	075520	שד גולדה מאיר	04021	ג	86058	8605872		20170321
001027	דימונה	075520	שד גולדה מאיר	04021	ה	86058	8605874		20170321
001027	דימונה	075677	השבלים	00006		86031	8603101	כתובת לא בדוקה	20090713
001027	דימונה	075677	השבלים	00062		86031	8603174		20130721
001027	דימונה	075677	השבלים	00325		86027	8602751		20170321
001027	דימונה	075677	השבלים	00327		86027	8602752		20170321
001027	דימונה	075677	השבלים	00329		86027	8602753		20170321
001027	דימונה	075677	השבלים	00331		86027	8602754		20170321
001027	דימונה	075677	השבלים	00333		86027	8602755		20170321
001027	דימונה	075677	השבלים	00335		86027	8602756		20170321
001027	דימונה	075677	השבלים	00337		86027	8602757		20170321
001027	דימונה	075677	השבלים	00339		86027	8602758		20170321
001027	דימונה	075677	השבלים	00341		86027	8602759		20170321
001027	דימונה	075677	השבלים	00343		86027	8602760		20170321
001027	דימונה	075677	השבלים	00345		86027	8602761		20170321
001027	דימונה	075677	השבלים	00347		86027	8602762		20170321
001027	דימונה	075677	השבלים	00349		86027	8602763		20170321
001027	דימונה	075677	השבלים	00353		86027	8602765		20170321
001027	דימונה	075677	השבלים	00355		86027	8602766		20170321
001027	דימונה	075677	השבלים	00357		86027	8602767		20170321
001027	דימונה	075677	השבלים	00359		86027	8602768		20170321
001027	דימונה	075677	השבלים	00363		86027	8602770		20170321
001027	דימונה	075677	השבלים	00367		86027	8602772		20170321
001027	דימונה	075677	השבלים	00371		86027	8602774		20170321
001027	דימונה	075677	השבלים	00373		86027	8602775		20170321
001027	דימונה	075677	השבלים	00377		86027	8602777		20170321
001027	דימונה	075677	השבלים	00379		86027	8602778		20170321
001027	דימונה	075677	השבלים	00387		86027	8602782		20170321
001027	דימונה	075677	השבלים	00389		86027	8602783		20170321
001027	דימונה	075677	השבלים	00391		86027	8602784		20170321
001027	דימונה	075677	השבלים	00393		86027	8602785		20170321
001027	דימונה	075677	השבלים	00397		86027	8602787		20170321
001027	דימונה	075677	השבלים	00399		86027	8602788		20170321
001027	דימונה	075677	השבלים	00401		86027	8602789		20170321
001027	דימונה	075677	השבלים	00403		86027	8602790		20170321
001027	דימונה	075677	השבלים	00407		86027	8602792		20170321
001027	דימונה	075911	הרימון	00002		86028	8602845	כתובת לא בדוקה	20090713
001027	דימונה	075911	הרימון	00004		86028	8602846	כתובת לא בדוקה	20090713
001027	דימונה	075911	הרימון	00006		86028	8602847	כתובת לא בדוקה	20090713
001027	דימונה	075911	הרימון	00007		86028	8602848	כתובת לא בדוקה	20090713
001027	דימונה	075911	הרימון	00008		86028	8602849	כתובת לא בדוקה	20090713
001027	דימונה	075911	הרימון	00010		86028	8602851	כתובת לא בדוקה	20090713
001027	דימונה	075911	הרימון	00011		86028	8602852	כתובת לא בדוקה	20090713
001027	דימונה	075911	הרימון	00013		86028	8602854	כתובת לא בדוקה	20090713
001027	דימונה	075911	הרימון	00014		86028	8602855	כתובת לא בדוקה	20090713
001027	דימונה	075911	הרימון	00015		86028	8602856	כתובת לא בדוקה	20090713
001027	דימונה	075911	הרימון	00016		86028	8602857	כתובת לא בדוקה	20090713
001027	דימונה	075911	הרימון	00019		86028	8602860	כתובת לא בדוקה	20090713
001027	דימונה	075911	הרימון	00020		86028	8602861	כתובת לא בדוקה	20090713
001027	דימונה	075911	הרימון	00021		86028	8602862	כתובת לא בדוקה	20090713
001027	דימונה	075911	הרימון	00022		86028	8602863	כתובת לא בדוקה	20090713
001027	דימונה	075911	הרימון	00023		86028	8602864	כתובת לא בדוקה	20090713
001027	דימונה	075911	הרימון	00024		86028	8602865	כתובת לא בדוקה	20090713
001027	דימונה	075911	הרימון	00026		86028	8602866	כתובת לא בדוקה	20090713
001027	דימונה	075911	הרימון	00032		86028	8602868	כתובת לא בדוקה	20090713
001027	דימונה	075911	הרימון	00034		86028	8602869	כתובת לא בדוקה	20090713
001027	דימונה	075911	הרימון	00036		86028	8602870	כתובת לא בדוקה	20090713
001027	דימונה	075911	הרימון	00266		86028	8602871		20170321
001027	דימונה	075911	הרימון	00268		86028	8602872		20170321
001027	דימונה	075911	הרימון	00270		86028	8602873		20170321
001027	דימונה	075911	הרימון	00274		86028	8602875		20170321
001027	דימונה	075911	הרימון	00276		86028	8602876		20170321
001027	דימונה	075911	הרימון	00278		86028	8602877		20170321
001027	דימונה	075911	הרימון	00286		86028	8602881		20161204
001027	דימונה	075911	הרימון	00288		86028	8602882		20170321
001027	דימונה	075911	הרימון	00294		86028	8602885		20170321
001027	דימונה	075911	הרימון	00298		86028	8602887		20170321
001027	דימונה	075911	הרימון	00299		86028	8602888		20170321
001027	דימונה	075911	הרימון	00302		86028	8602891		20170321
001027	דימונה	075911	הרימון	00303		86028	8602892		20170321
001027	דימונה	075911	הרימון	00304		86028	8602893		20170321
001027	דימונה	075911	הרימון	00305		86028	8602894		20170321
001027	דימונה	075911	הרימון	00306		86028	8602895		20170321
001027	דימונה	075911	הרימון	00307		86028	8602896		20170321
001027	דימונה	075911	הרימון	00308		86028	8602897		20170321
001027	דימונה	075911	הרימון	00310		86028	8602899		20170321
001027	דימונה	075911	הרימון	00311		86028	8610501		20170321
001027	דימונה	075911	הרימון	00312		86028	8610502		20170321
001027	דימונה	075911	הרימון	00313		86028	8610503		20170321
001027	דימונה	075911	הרימון	00314		86028	8610504		20170321
001027	דימונה	075911	הרימון	00315		86028	8610505		20170321
001027	דימונה	075911	הרימון	00317		86028	8610507		20170321
001027	דימונה	075911	הרימון	00318		86028	8610508		20170321
001027	דימונה	075911	הרימון	00319		86028	8610509		20170321
001027	דימונה	075911	הרימון	00320		86028	8610510		20170321
001027	דימונה	075911	הרימון	00321		86028	8610511		20170321
001027	דימונה	075911	הרימון	00322		86028	8610512		20170321
001027	דימונה	075911	הרימון	00326		86028	8610515		20170321
001027	דימונה	075911	הרימון	00328		86028	8610516		20170321
001027	דימונה	075911	הרימון	00330		86028	8610517		20170321
001027	דימונה	075911	הרימון	00332		86028	8610518		20170321
001027	דימונה	075911	הרימון	00334		86028	8610519		20170321
001027	דימונה	075911	הרימון	00340		86028	8610522		20170321
001027	דימונה	075911	הרימון	00342		86028	8610523		20170321
001027	דימונה	075911	הרימון	00344		86028	8610524		20170321
001027	דימונה	075911	הרימון	00346		86028	8610525		20170321
001027	דימונה	075911	הרימון	00348		86028	8610526		20170321
001027	דימונה	075911	הרימון	00350		86028	8610527		20170321
001027	דימונה	075911	הרימון	00354		86028	8610529		20170321
001027	דימונה	075911	הרימון	00356		86028	8610530		20170321
001027	דימונה	075911	הרימון	00358		86028	8610531		20170321
001027	דימונה	075911	הרימון	00360		86028	8610532		20170321
001027	דימונה	075911	הרימון	00362		86028	8610533		20170321
001027	דימונה	075911	הרימון	00366		86028	8610535		20170321
001027	דימונה	075911	הרימון	00368		86028	8610536		20170321
001027	דימונה	076045	אקסודוס	00000		86068	8606800	מיקוד ברירת מחדל לרחוב	20090707
001027	דימונה	076045	אקסודוס	00066		86068	8606801	כתובת לא בדוקה	20090713
001027	דימונה	076045	אקסודוס	00067		86068	8606802	כתובת לא בדוקה	20090713
001027	דימונה	076480	שד יגאל אלון	00000		86031	8603100	מיקוד ברירת מחדל לרחוב	20090707
001027	דימונה	076480	שד יגאל אלון	00011		86031	8603103		20170321
001027	דימונה	076480	שד יגאל אלון	00013		86031	8603104		20170321
001027	דימונה	076480	שד יגאל אלון	00016		86031	8603106		20170321
001027	דימונה	076480	שד יגאל אלון	00030		86031	8603109		20170321
001027	דימונה	076480	שד יגאל אלון	00030	ב	86031	8603111		20170321
001027	דימונה	076480	שד יגאל אלון	00030	ד	86031	8603113		20170321
001027	דימונה	076480	שד יגאל אלון	00031		86031	8603114		20170321
001027	דימונה	076480	שד יגאל אלון	00031	א	86031	8603115		20170321
001027	דימונה	076480	שד יגאל אלון	00031	ב	86031	8603116		20170321
001027	דימונה	076480	שד יגאל אלון	00031	ג	86031	8603117		20170321
001027	דימונה	076480	שד יגאל אלון	00031	ד	86031	8603118		20170321
001027	דימונה	076480	שד יגאל אלון	00032		86031	8603119		20170321
001027	דימונה	076480	שד יגאל אלון	00032	א	86031	8603120		20170321
001027	דימונה	076480	שד יגאל אלון	00032	ב	86031	8603121		20170321
001027	דימונה	076480	שד יגאל אלון	00032	ג	86031	8603122		20170321
001027	דימונה	076480	שד יגאל אלון	00085		86031	8603123		20170321
001027	דימונה	076480	שד יגאל אלון	00085	א	86031	8603124		20170321
001027	דימונה	076480	שד יגאל אלון	00085	ב	86031	8603125		20170321
001027	דימונה	076480	שד יגאל אלון	00085	ג	86031	8603126		20170321
001027	דימונה	076480	שד יגאל אלון	00086		86031	8603127		20170321
001027	דימונה	076480	שד יגאל אלון	00086	א	86031	8603128		20170321
001027	דימונה	076480	שד יגאל אלון	00086	ב	86031	8603129		20170321
001027	דימונה	076480	שד יגאל אלון	00086	ג	86031	8603130		20170321
001027	דימונה	076480	שד יגאל אלון	00110		86031	8603132		20170321
001027	דימונה	076480	שד יגאל אלון	00110	ב	86031	8603134		20170321
001027	דימונה	076480	שד יגאל אלון	00110	ג	86031	8603135		20170321
001027	דימונה	076480	שד יגאל אלון	00110	ד	86031	8603136		20170321
001027	דימונה	076480	שד יגאל אלון	00110	ה	86031	8603137		20170321
001027	דימונה	076480	שד יגאל אלון	00110	ו	86031	8603138		20170321
001027	דימונה	076480	שד יגאל אלון	00110	ח	86031	8603140		20170321
001027	דימונה	076480	שד יגאל אלון	00110	ט	86031	8603141		20170321
001027	דימונה	076480	שד יגאל אלון	00111	א	86031	8603143		20170321
001027	דימונה	076480	שד יגאל אלון	00111	ב	86031	8603144		20170321
001027	דימונה	076480	שד יגאל אלון	00111	ג	86031	8603145		20170321
001027	דימונה	076480	שד יגאל אלון	00111	ד	86031	8603146		20170321
001027	דימונה	076480	שד יגאל אלון	00111	ו	86031	8603148		20170321
001027	דימונה	076480	שד יגאל אלון	00111	ח	86031	8603150		20170321
001027	דימונה	076480	שד יגאל אלון	00209		86031	8603152		20170321
001027	דימונה	076480	שד יגאל אלון	00209	א	86031	8603153		20170321
001027	דימונה	076480	שד יגאל אלון	00209	ב	86031	8603154		20170321
001027	דימונה	076480	שד יגאל אלון	00209	ג	86031	8603155		20170321
001027	דימונה	076480	שד יגאל אלון	00209	ד	86031	8603156		20170321
001027	דימונה	076480	שד יגאל אלון	00209	ו	86031	8603158		20170321
001027	דימונה	076480	שד יגאל אלון	00209	ז	86031	8603159		20170321
001027	דימונה	076480	שד יגאל אלון	00209	ח	86031	8603160		20170321
001027	דימונה	076480	שד יגאל אלון	00221		86031	8603161		20170321
001027	דימונה	076480	שד יגאל אלון	00221	א	86031	8603162		20170321
001027	דימונה	076480	שד יגאל אלון	00221	ב	86031	8603163		20170321
001027	דימונה	076480	שד יגאל אלון	00221	ד	86031	8603165		20170321
001027	דימונה	076480	שד יגאל אלון	00221	ה	86031	8603166		20170321
001027	דימונה	076480	שד יגאל אלון	00221	ו	86031	8603167		20170321
001027	דימונה	076480	שד יגאל אלון	00221	ז	86031	8603168		20170321
001027	דימונה	076480	שד יגאל אלון	00221	ח	86031	8603169		20170321
001027	דימונה	076480	שד יגאל אלון	00221	ט	86031	8603170		20170321
001027	דימונה	076480	שד יגאל אלון	00501		86031	8603171		20170321
001027	דימונה	076480	שד יגאל אלון	00501	א	86031	8603172		20170321
001027	דימונה	076480	שד יגאל אלון	00501	ב	86031	8603173		20170321
001027	דימונה	076793	הנרקיס	00000		86036	8603600	מיקוד ברירת מחדל לרחוב	20090707
001027	דימונה	076793	הנרקיס	00007		86036	8603602		20170321
001027	דימונה	076793	הנרקיס	00009		86036	8603604		20170321
001027	דימונה	076793	הנרקיס	00010		86036	8603605		20170321
001027	דימונה	076793	הנרקיס	00011		86036	8603606		20170321
001027	דימונה	076793	הנרקיס	00013		86036	8603607		20170321
001027	דימונה	076793	הנרקיס	00014		86036	8603619		20170321
001027	דימונה	076793	הנרקיס	00014	א	86036	8603620		20170321
001027	דימונה	076793	הנרקיס	00014	ב	86036	8603621		20170321
001027	דימונה	076793	הנרקיס	00749		86036	8603608		20170321
001027	דימונה	076793	הנרקיס	00765		86036	8603610		20170321
001027	דימונה	076793	הנרקיס	00766		86036	8603611		20170321
001027	דימונה	076793	הנרקיס	00767		86036	8603612		20170321
001027	דימונה	076793	הנרקיס	00769		86036	8603614		20170321
001027	דימונה	076793	הנרקיס	00770		86036	8603615		20170321
001027	דימונה	076793	הנרקיס	00771		86036	8603616		20170321
001027	דימונה	076793	הנרקיס	00772		86036	8603617		20170321
001027	דימונה	077042	מצדה	00004		86012	8601252		20170321
001027	דימונה	077042	מצדה	00005		86012	8601201	כתובת לא בדוקה	20090713
001027	דימונה	077042	מצדה	00009		86012	8601203		20170321
001027	דימונה	077042	מצדה	00011		86012	8601204	כתובת לא בדוקה	20090713
001027	דימונה	077042	מצדה	00021		86012	8601205		20170321
001027	דימונה	077042	מצדה	00021	א	86012	8601206		20170321
001027	דימונה	077042	מצדה	00021	ב	86012	8601207		20170321
001027	דימונה	077042	מצדה	00037		86012	8601254		20170321
001027	דימונה	077042	מצדה	00043		86012	8601208	כתובת לא בדוקה	20090713
001027	דימונה	077042	מצדה	00045		86012	8601209	כתובת לא בדוקה	20090713
001027	דימונה	077042	מצדה	00143		86012	8601210		20170321
001027	דימונה	077042	מצדה	00144		86012	8601211		20170321
001027	דימונה	077042	מצדה	00146		86012	8601213		20170321
001027	דימונה	077042	מצדה	00147		86012	8601214		20170321
001027	דימונה	077042	מצדה	00148		86012	8601215		20170321
001027	דימונה	077042	מצדה	00149		86012	8601216		20170321
001027	דימונה	077042	מצדה	00150		86012	8601217		20170321
001027	דימונה	077042	מצדה	00153		86012	8601220		20170321
001027	דימונה	077042	מצדה	00154		86012	8601221		20170321
001027	דימונה	077042	מצדה	00155		86012	8601222		20170321
001027	דימונה	077042	מצדה	00156		86012	8601223		20170321
001027	דימונה	077042	מצדה	00157		86012	8601224		20170321
001027	דימונה	077042	מצדה	00158		86012	8601225		20170321
001027	דימונה	077164	הכלנית	00000		86037	8603700	מיקוד ברירת מחדל לרחוב	20090707
001027	דימונה	077164	הכלנית	00001		86037	8603732		20170321
001027	דימונה	077164	הכלנית	00008		86037	8603733		20140512
001027	דימונה	077164	הכלנית	00025		86037	8603734		20150413
001027	דימונה	077164	הכלנית	00724		86037	8603701		20170321
001027	דימונה	077164	הכלנית	00725		86037	8603702		20170321
001027	דימונה	077164	הכלנית	00726		86037	8603703		20170321
001027	דימונה	077164	הכלנית	00727		86037	8603704		20170321
001027	דימונה	077164	הכלנית	00728		86037	8603705		20170321
001027	דימונה	077164	הכלנית	00729		86037	8603706		20170321
001027	דימונה	077164	הכלנית	00730		86037	8603707		20170321
001027	דימונה	077164	הכלנית	00731		86037	8603708		20170321
001027	דימונה	077164	הכלנית	00733		86037	8603709		20170321
001027	דימונה	077164	הכלנית	00736		86037	8603711		20170321
001027	דימונה	077164	הכלנית	00737		86037	8603712		20170321
001027	דימונה	077164	הכלנית	00739		86037	8603714		20170321
001027	דימונה	077164	הכלנית	00741		86037	8603716		20170321
001027	דימונה	077164	הכלנית	00742		86037	8603717		20170321
001027	דימונה	077164	הכלנית	00743		86037	8603718		20170321
001027	דימונה	077164	הכלנית	00746		86037	8603721		20170321
001027	דימונה	077164	הכלנית	00754		86037	8603723		20170321
001027	דימונה	077164	הכלנית	00755		86037	8603724		20170321
001027	דימונה	077164	הכלנית	00756		86037	8603725		20170321
001027	דימונה	077164	הכלנית	00758		86037	8603727		20170321
001027	דימונה	077164	הכלנית	00759		86037	8603728		20170321
001027	דימונה	077164	הכלנית	00760		86037	8603729		20170321
001027	דימונה	077164	הכלנית	00761		86037	8603730		20170321
001027	דימונה	077164	הכלנית	00762		86037	8603731		20170321
001027	דימונה	077597	נוה מדבר	00000		86013	8601300	מיקוד ברירת מחדל לרחוב	20090707
001027	דימונה	077597	נוה מדבר	00033		86013	8601301	כתובת לא בדוקה	20090713
001027	דימונה	077597	נוה מדבר	00058		86013	8601382		20141222
001027	דימונה	077597	נוה מדבר	00102		86013	8601302		20170321
001027	דימונה	077597	נוה מדבר	00104		86013	8601303		20170321
001027	דימונה	077597	נוה מדבר	00105		86013	8601341		20170321
001027	דימונה	077597	נוה מדבר	00108		86013	8601305		20170321
001027	דימונה	077597	נוה מדבר	00112		86013	8601307		20170321
001027	דימונה	077597	נוה מדבר	00113		86013	8601345		20170321
001027	דימונה	077597	נוה מדבר	00117		86013	8601347		20170321
001027	דימונה	077597	נוה מדבר	00119		86013	8601348		20170321
001027	דימונה	077597	נוה מדבר	00120		86013	8601311		20170321
001027	דימונה	077597	נוה מדבר	00121		86013	8601349		20170321
001027	דימונה	077597	נוה מדבר	00122		86013	8601312		20170321
001027	דימונה	077597	נוה מדבר	00123		86013	8601350		20170321
001027	דימונה	077597	נוה מדבר	00124		86013	8601313		20170321
001027	דימונה	077597	נוה מדבר	00126		86013	8601314		20170321
001027	דימונה	077597	נוה מדבר	00127		86013	8601352		20170321
001027	דימונה	077597	נוה מדבר	00130		86013	8601316		20170321
001027	דימונה	077597	נוה מדבר	00131		86013	8601354		20170321
001027	דימונה	077597	נוה מדבר	00132		86013	8601317		20170321
001027	דימונה	077597	נוה מדבר	00133		86013	8601355		20170321
001027	דימונה	077597	נוה מדבר	00134		86013	8601318		20170321
001027	דימונה	077597	נוה מדבר	00135		86013	8601369		20170321
001027	דימונה	077597	נוה מדבר	00137		86013	8601370		20170321
001027	דימונה	077597	נוה מדבר	00141		86013	8601372		20170321
001027	דימונה	077597	נוה מדבר	00145		86013	8601374		20170321
001027	דימונה	077597	נוה מדבר	00147		86013	8601375		20170321
001027	דימונה	077597	נוה מדבר	00149		86013	8601376		20170321
001027	דימונה	077597	נוה מדבר	00151		86013	8601377		20170321
001027	דימונה	077597	נוה מדבר	00157		86013	8601380		20170321
001027	דימונה	077597	נוה מדבר	00159		86013	8601356		20170321
001027	דימונה	077597	נוה מדבר	00160		86013	8601319		20170321
001027	דימונה	077597	נוה מדבר	00161		86013	8601357		20170321
001027	דימונה	077597	נוה מדבר	00162		86013	8601320		20170321
001027	דימונה	077597	נוה מדבר	00163		86013	8601358		20170321
001027	דימונה	077597	נוה מדבר	00166		86013	8601322		20170321
001027	דימונה	077597	נוה מדבר	00167		86013	8601360		20170321
001027	דימונה	077597	נוה מדבר	00169		86013	8601361		20170321
001027	דימונה	077597	נוה מדבר	00171		86013	8601362		20170321
001027	דימונה	077597	נוה מדבר	00172		86013	8601325		20170321
001027	דימונה	077597	נוה מדבר	00173		86013	8601363		20170321
001027	דימונה	077597	נוה מדבר	00174		86013	8601326		20170321
001027	דימונה	077597	נוה מדבר	00176		86013	8601327		20170321
001027	דימונה	077597	נוה מדבר	00177		86013	8601365		20170321
001027	דימונה	077597	נוה מדבר	00178		86013	8601328		20170321
001027	דימונה	077597	נוה מדבר	00181		86013	8601367		20170321
001027	דימונה	077597	נוה מדבר	00182		86013	8601330		20170321
001027	דימונה	077597	נוה מדבר	00183		86013	8601368		20170321
001027	דימונה	077597	נוה מדבר	00185		86013	8601381		20170321
001027	דימונה	077659	בבא סאלי	00000		86017	8601700	מיקוד ברירת מחדל לרחוב	20090707
001027	דימונה	077659	בבא סאלי	00001		86010	8601001	כתובת לא בדוקה	20090713
001027	דימונה	077659	בבא סאלי	00002		86010	8601002		20170321
001027	דימונה	077659	בבא סאלי	00003		86010	8601003	כתובת לא בדוקה	20090713
001027	דימונה	077659	בבא סאלי	00005		86010	8601005	כתובת לא בדוקה	20090713
001027	דימונה	077659	בבא סאלי	00006		86010	8601006	כתובת לא בדוקה	20090713
001027	דימונה	077659	בבא סאלי	00007		86010	8601007	כתובת לא בדוקה	20090713
001027	דימונה	077659	בבא סאלי	00008		86010	8601008	כתובת לא בדוקה	20090713
001027	דימונה	077659	בבא סאלי	00009		86010	8601009	כתובת לא בדוקה	20090713
001027	דימונה	077659	בבא סאלי	00011		86010	8601011	כתובת לא בדוקה	20090713
001027	דימונה	077659	בבא סאלי	00012		86010	8601012	כתובת לא בדוקה	20090713
001027	דימונה	077659	בבא סאלי	00013		86010	8601013	כתובת לא בדוקה	20090713
001027	דימונה	077659	בבא סאלי	00014		86010	8601014	כתובת לא בדוקה	20090713
001027	דימונה	077659	בבא סאלי	00016		86010	8601016	כתובת לא בדוקה	20090713
001027	דימונה	077659	בבא סאלי	00017		86010	8601017	כתובת לא בדוקה	20090713
001027	דימונה	077659	בבא סאלי	00018		86010	8601018	כתובת לא בדוקה	20090713
001027	דימונה	077659	בבא סאלי	00019		86010	8601019	כתובת לא בדוקה	20090713
001027	דימונה	077659	בבא סאלי	00020		86010	8601020	כתובת לא בדוקה	20090713
001027	דימונה	077659	בבא סאלי	00021		86010	8601021	כתובת לא בדוקה	20090713
001027	דימונה	077659	בבא סאלי	00022		86010	8601022	כתובת לא בדוקה	20090713
001027	דימונה	077659	בבא סאלי	00023		86010	8601023	כתובת לא בדוקה	20090713
001027	דימונה	077659	בבא סאלי	00024		86010	8601024	כתובת לא בדוקה	20090713
001027	דימונה	077659	בבא סאלי	00025		86010	8601025	כתובת לא בדוקה	20090713
001027	דימונה	077659	בבא סאלי	00026		86010	8601026	כתובת לא בדוקה	20090713
001027	דימונה	077659	בבא סאלי	00027		86010	8601027	כתובת לא בדוקה	20090713
001027	דימונה	077659	בבא סאלי	00028		86010	8601028	כתובת לא בדוקה	20090713
001027	דימונה	077659	בבא סאלי	00029		86010	8601029	כתובת לא בדוקה	20090713
001027	דימונה	077659	בבא סאלי	00030		86010	8601030	כתובת לא בדוקה	20090713
001027	דימונה	077659	בבא סאלי	00031		86010	8601031	כתובת לא בדוקה	20090713
001027	דימונה	077659	בבא סאלי	00032		86010	8601032	כתובת לא בדוקה	20090713
001027	דימונה	077659	בבא סאלי	00033		86010	8601033	כתובת לא בדוקה	20090713
001027	דימונה	077659	בבא סאלי	00034		86010	8601034	כתובת לא בדוקה	20090713
001027	דימונה	077659	בבא סאלי	00035		86010	8601035	כתובת לא בדוקה	20090713
001027	דימונה	077659	בבא סאלי	00037		86010	8601037	כתובת לא בדוקה	20090713
001027	דימונה	077659	בבא סאלי	00038		86010	8601038	כתובת לא בדוקה	20090713
001027	דימונה	077659	בבא סאלי	00039		86010	8601039	כתובת לא בדוקה	20090713
001027	דימונה	077659	בבא סאלי	00041		86010	8601041	כתובת לא בדוקה	20090713
001027	דימונה	077659	בבא סאלי	00043		86010	8601042	כתובת לא בדוקה	20090713
001027	דימונה	077659	בבא סאלי	00045		86010	8601043	כתובת לא בדוקה	20090713
001027	דימונה	077659	בבא סאלי	00063		86017	8601702	כתובת לא בדוקה	20090713
001027	דימונה	077659	בבא סאלי	00064		86017	8601703		20170321
001027	דימונה	077659	בבא סאלי	00064	א	86017	8601704		20170321
001027	דימונה	077659	בבא סאלי	00064	ב	86017	8601705		20170321
001027	דימונה	077659	בבא סאלי	00065		86017	8601706		20170321
001027	דימונה	077659	בבא סאלי	00065	א	86017	8601707		20170321
001027	דימונה	077659	בבא סאלי	00065	ב	86017	8601708		20170321
001027	דימונה	077659	בבא סאלי	00066		86017	8601709		20170321
001027	דימונה	077659	בבא סאלי	00066	א	86017	8601710		20170321
001027	דימונה	077659	בבא סאלי	00067		86017	8601712	כתובת לא בדוקה	20090713
001027	דימונה	077659	בבא סאלי	00068		86017	8601713		20170321
001027	דימונה	077659	בבא סאלי	00068	א	86017	8601714		20170321
001027	דימונה	077659	בבא סאלי	00069		86017	8601716		20170321
001027	דימונה	077659	בבא סאלי	00069	א	86017	8601717		20170321
001027	דימונה	077659	בבא סאלי	00069	ב	86017	8601718		20170321
001027	דימונה	077659	בבא סאלי	00070		86017	8601719		20170321
001027	דימונה	077659	בבא סאלי	00071		86017	8601723		20170321
001027	דימונה	077659	בבא סאלי	00071	א	86017	8601724		20170321
001027	דימונה	077659	בבא סאלי	00071	ב	86017	8601725		20170321
001027	דימונה	077659	בבא סאלי	00071	ג	86017	8601726		20170321
001027	דימונה	077659	בבא סאלי	00072		86017	8601727		20170321
001027	דימונה	077659	בבא סאלי	00072	ב	86017	8601729		20170321
001027	דימונה	077659	בבא סאלי	00072	ג	86017	8601730		20170321
001027	דימונה	077659	בבא סאלי	00073	א	86017	8601732		20170321
001027	דימונה	077659	בבא סאלי	00074		86017	8601734		20170321
001027	דימונה	077659	בבא סאלי	00074	א	86017	8601735		20170321
001027	דימונה	077659	בבא סאלי	00074	ב	86017	8601736		20170321
001027	דימונה	077659	בבא סאלי	00075		86017	8601737		20170321
001027	דימונה	077659	בבא סאלי	00075	א	86017	8601738		20170321
001027	דימונה	077659	בבא סאלי	00076		86017	8601740		20170321
001027	דימונה	077659	בבא סאלי	00076	ב	86017	8601742		20170321
001027	דימונה	077659	בבא סאלי	00077		86017	8601744		20170321
001027	דימונה	077659	בבא סאלי	00077	א	86017	8601745		20170321
001027	דימונה	077659	בבא סאלי	00077	ב	86017	8601746		20170321
001027	דימונה	077659	בבא סאלי	00077	ג	86017	8601747		20170321
001027	דימונה	077659	בבא סאלי	00078		86017	8601748		20170321
001027	דימונה	077659	בבא סאלי	00078	א	86017	8601749		20170321
001027	דימונה	077659	בבא סאלי	00078	ב	86017	8601750		20170321
001027	דימונה	077659	בבא סאלי	00078	ג	86017	8601751		20170321
001027	דימונה	077659	בבא סאלי	00079		86017	8601752		20170321
001027	דימונה	077659	בבא סאלי	00079	ב	86017	8601754		20170321
001027	דימונה	077659	בבא סאלי	00080		86017	8601756	כתובת לא בדוקה	20090713
001027	דימונה	077659	בבא סאלי	00082		86017	8601757	כתובת לא בדוקה	20090713
001027	דימונה	077659	בבא סאלי	00084		86017	8601758	כתובת לא בדוקה	20090713
001027	דימונה	077659	בבא סאלי	00086		86017	8601759	כתובת לא בדוקה	20090713
001027	דימונה	077659	בבא סאלי	00087		86019	8601901		20170321
001027	דימונה	077659	בבא סאלי	00088		86019	8601902		20170321
001027	דימונה	077659	בבא סאלי	00089		86019	8601903		20170321
001027	דימונה	077659	בבא סאלי	00090		86019	8601904		20170321
001027	דימונה	077659	בבא סאלי	00091		86019	8601905		20170321
001027	דימונה	077659	בבא סאלי	00094		86019	8601907	כתובת לא בדוקה	20090713
001027	דימונה	077659	בבא סאלי	00098		86019	8601909	כתובת לא בדוקה	20090713
001027	דימונה	077659	בבא סאלי	00100		86019	8601910	כתובת לא בדוקה	20090713
001027	דימונה	077659	בבא סאלי	00102		86019	8601911	כתובת לא בדוקה	20090713
001027	דימונה	077659	בבא סאלי	00104		86019	8601912	כתובת לא בדוקה	20090713
001027	דימונה	077659	בבא סאלי	00105		86030	8603001	כתובת לא בדוקה	20090713
001027	דימונה	077659	בבא סאלי	00106		86019	8601913	כתובת לא בדוקה	20090713
001027	דימונה	077659	בבא סאלי	00110		86019	8601915	כתובת לא בדוקה	20090713
001027	דימונה	077659	בבא סאלי	00112		86019	8601916	כתובת לא בדוקה	20090713
001027	דימונה	077659	בבא סאלי	00114		86019	8601917	כתובת לא בדוקה	20090713
001027	דימונה	077659	בבא סאלי	00127		86017	8601760	כתובת לא בדוקה	20090713
001027	דימונה	077659	בבא סאלי	00129		86017	8601761	כתובת לא בדוקה	20090713
001027	דימונה	077659	בבא סאלי	00141		86017	8601762		20170321
001027	דימונה	077659	בבא סאלי	00142		86017	8601763		20170321
001027	דימונה	077853	?	00000		86014	8601400	מיקוד ברירת מחדל לרחוב	20090707
001027	דימונה	077853	?	00001		86014	8601401		20170321
001027	דימונה	077853	?	00002		86016	8601601		20170321
001027	דימונה	077853	?	00003		86014	8601402		20170321
001027	דימונה	077853	?	00004		86016	8601602		20170321
001027	דימונה	077853	?	00005		86014	8601403		20170321
001027	דימונה	077853	?	00006		86016	8601603		20170321
001027	דימונה	077853	?	00007		86014	8601404		20170321
001027	דימונה	077853	?	00008		86016	8601604		20170321
001027	דימונה	077853	?	00009		86014	8601405		20170321
001027	דימונה	077853	?	00011		86014	8601406		20170321
001027	דימונה	077853	?	00012		86016	8601606		20170321
001027	דימונה	077853	?	00014		86016	8601607		20170321
001027	דימונה	077853	?	00015		86014	8601408		20170321
001027	דימונה	077853	?	00016		86016	8601608		20170321
001027	דימונה	077853	?	00017		86014	8601409		20170321
001027	דימונה	077853	?	00018		86016	8601609		20170321
001027	דימונה	077853	?	00020		86016	8601610		20170321
001027	דימונה	077853	?	00022		86016	8601611		20170321
001027	דימונה	077853	?	00024		86016	8601612		20170321
001027	דימונה	077853	?	00026		86016	8601613		20170321
001027	דימונה	077853	?	00028		86016	8601614		20170321
001027	דימונה	077853	?	00030		86016	8601615		20170321
001027	דימונה	077853	?	00032		86016	8601616		20170321
001027	דימונה	077853	?	00034		86016	8601617		20170321
001027	דימונה	077853	?	00075		86014	8601412		20170321
001027	דימונה	078072	קדש	00000		86016	8601600	מיקוד ברירת מחדל לרחוב	20090707
001027	דימונה	078072	קדש	00023		86016	8601618		20170321
001027	דימונה	078072	קדש	00025		86016	8601620		20170321
001027	דימונה	078072	קדש	00029		86016	8601622	כתובת לא בדוקה	20090713
001027	דימונה	078072	קדש	00047		86016	8601624		20170321
001027	דימונה	078072	קדש	00048		86016	8601625		20170321
001027	דימונה	078072	קדש	00049		86016	8601626		20161204
001027	דימונה	078072	קדש	00050		86016	8601627		20170321
001027	דימונה	078072	קדש	00052		86016	8601629		20170321
001027	דימונה	078072	קדש	00053		86016	8601630		20170321
001027	דימונה	078072	קדש	00054		86016	8601631		20170321
001027	דימונה	078072	קדש	00055		86016	8601632		20170321
001027	דימונה	078072	קדש	00056		86016	8601633		20170321
001027	דימונה	078072	קדש	00057		86016	8601634		20170321
001027	דימונה	078072	קדש	00058		86016	8601635		20170321
001027	דימונה	078072	קדש	00059		86016	8601636		20170321
001027	דימונה	078072	קדש	00065		86016	8601638		20170321
001027	דימונה	078072	קדש	00066		86016	8601639		20170321
001027	דימונה	078072	קדש	00067		86016	8601640		20170321
001027	דימונה	078072	קדש	00068		86016	8601641		20170321
001027	דימונה	078072	קדש	00069		86016	8601642		20170321
001027	דימונה	078072	קדש	00071		86016	8601644		20170321
001027	דימונה	078072	קדש	00072		86016	8601645		20170321
001027	דימונה	078072	קדש	00074		86016	8601647		20170321
001027	דימונה	078072	קדש	00129		86016	8601650		20170321
001027	דימונה	078222	ניצנה	00135		86013	8601332		20170321
001027	דימונה	078222	ניצנה	00136		86013	8601333		20170321
001027	דימונה	078222	ניצנה	00137		86013	8601334		20170321
001027	דימונה	078222	ניצנה	00138		86013	8601335		20170321
001027	דימונה	078222	ניצנה	00140		86013	8601337		20170321
001027	דימונה	078222	ניצנה	00141		86013	8601338		20170321
001027	דימונה	078222	ניצנה	00142		86013	8601339		20170321
001027	דימונה	079388	עבדת	00001		86048	8604801	כתובת לא בדוקה	20090713
001027	דימונה	079388	עבדת	00004		86048	8604804	כתובת לא בדוקה	20090713
001027	דימונה	079388	עבדת	00005		86048	8604805	כתובת לא בדוקה	20090713
001027	דימונה	079388	עבדת	00006		86048	8604806	כתובת לא בדוקה	20090713
001027	דימונה	079388	עבדת	00008		86048	8604808	כתובת לא בדוקה	20090713
001027	דימונה	079388	עבדת	00009		86048	8604809	כתובת לא בדוקה	20090713
001027	דימונה	079388	עבדת	00010		86048	8604810	כתובת לא בדוקה	20090713
001027	דימונה	079388	עבדת	00012		86048	8604812	כתובת לא בדוקה	20090713
001027	דימונה	079388	עבדת	00014		86048	8604814	כתובת לא בדוקה	20090713
001027	דימונה	079388	עבדת	00015		86048	8604815	כתובת לא בדוקה	20090713
001027	דימונה	079388	עבדת	00016		86048	8604816	כתובת לא בדוקה	20090713
001027	דימונה	079388	עבדת	00019		86048	8604819	כתובת לא בדוקה	20090713
001027	דימונה	079388	עבדת	00020		86048	8604820	כתובת לא בדוקה	20090713
001027	דימונה	079388	עבדת	00021		86048	8604821	כתובת לא בדוקה	20090713
001027	דימונה	079388	עבדת	00023		86048	8604823	כתובת לא בדוקה	20090713
001027	דימונה	079388	עבדת	00024		86048	8604824	כתובת לא בדוקה	20090713
001027	דימונה	079388	עבדת	00025		86048	8604825	כתובת לא בדוקה	20090713
001027	דימונה	079388	עבדת	00027		86048	8604827	כתובת לא בדוקה	20090713
001027	דימונה	079388	עבדת	00029		86048	8604829	כתובת לא בדוקה	20090713
001027	דימונה	079388	עבדת	00030		86048	8604830	כתובת לא בדוקה	20090713
001027	דימונה	079388	עבדת	00031		86048	8604831	כתובת לא בדוקה	20090713
001027	דימונה	079388	עבדת	00033		86048	8604832	כתובת לא בדוקה	20090713
001027	דימונה	079388	עבדת	00035		86048	8604833	כתובת לא בדוקה	20090713
001027	דימונה	079388	עבדת	00037		86048	8604834	כתובת לא בדוקה	20090713
001027	דימונה	079388	עבדת	00039		86048	8604835	כתובת לא בדוקה	20090713
001027	דימונה	079388	עבדת	00041		86048	8604836	כתובת לא בדוקה	20090713
001027	דימונה	079388	עבדת	00043		86048	8604837	כתובת לא בדוקה	20090713
001027	דימונה	079388	עבדת	00045		86048	8604838	כתובת לא בדוקה	20090713
001027	דימונה	079388	עבדת	00047		86048	8604839	כתובת לא בדוקה	20090713
001027	דימונה	079388	עבדת	00051		86048	8604841	כתובת לא בדוקה	20090713
001027	דימונה	079388	עבדת	00053		86048	8604842	כתובת לא בדוקה	20090713
001027	דימונה	079388	עבדת	00055		86048	8604843	כתובת לא בדוקה	20090713
001027	דימונה	079550	האורן	00008		86029	8602902	כתובת לא בדוקה	20090713
001027	דימונה	079550	האורן	00012		86029	8602904	כתובת לא בדוקה	20090713
001027	דימונה	079550	האורן	00039		86029	8602906		20170321
001027	דימונה	079550	האורן	00039	א	86029	8602907		20170321
001027	דימונה	079550	האורן	00039	ב	86029	8602908		20170321
001027	דימונה	079550	האורן	00039	ג	86029	8602909		20170321
001027	דימונה	079550	האורן	00039	ד	86029	8602910		20170321
001027	דימונה	079550	האורן	00040		86029	8602911		20170321
001027	דימונה	079550	האורן	00040	א	86029	8602912		20170321
001027	דימונה	079550	האורן	00040	ג	86029	8602914		20170321
001027	דימונה	079550	האורן	00042		86029	8602915		20170321
001027	דימונה	079550	האורן	00042	א	86029	8602916		20170321
001027	דימונה	079550	האורן	00042	ב	86029	8602917		20170321
001027	דימונה	079550	האורן	00536		86029	8602919		20170321
001027	דימונה	079550	האורן	00537		86029	8602920		20170321
001027	דימונה	079550	האורן	00540		86029	8602923		20170321
001027	דימונה	079550	האורן	00542		86029	8602925		20170321
001027	דימונה	079550	האורן	00545		86029	8602926		20170321
001027	דימונה	079550	האורן	00546		86029	8602927		20170321
001027	דימונה	079550	האורן	00547		86029	8602928		20170321
001027	דימונה	079550	האורן	00548		86029	8602929		20170321
001027	דימונה	079550	האורן	00549		86029	8602930		20170321
001027	דימונה	079550	האורן	00550		86029	8602931		20170321
001027	דימונה	079550	האורן	00551		86029	8602932		20170321
001027	דימונה	079944	?	01086	א	86022	8602202		20170321
001027	דימונה	079944	?	01086	ב	86022	8602203		20170321
001027	דימונה	079944	?	01086	ג	86022	8602204		20170321
001027	דימונה	079944	?	01086	ד	86022	8602205		20170321
001027	דימונה	079944	?	01086	ה	86022	8602206		20170321
001027	דימונה	079944	?	01086	ו	86022	8602207		20170321
001027	דימונה	079944	?	01086	ח	86022	8602209		20170321
001027	דימונה	079944	?	01086	ט	86022	8602210		20170321
001027	דימונה	079944	?	01087	א	86022	8602212		20170321
001027	דימונה	079944	?	01087	ב	86022	8602213		20170321
001027	דימונה	079944	?	01087	ג	86022	8602214		20170321
001027	דימונה	079944	?	01088	ב	86022	8602218		20170321
001027	דימונה	079944	?	01088	ג	86022	8602219		20170321
001027	דימונה	079944	?	01088	ד	86022	8602220		20170321
001027	דימונה	079944	?	01089		86022	8602221		20170321
001027	דימונה	079944	?	01089	א	86022	8602222		20170321
001027	דימונה	079944	?	01089	ב	86022	8602223		20170321
001027	דימונה	079944	?	01089	ד	86022	8602225		20170321
001027	דימונה	079944	?	01089	ה	86022	8602226		20170321
001027	דימונה	079944	?	01090		86022	8602227		20170321
001027	דימונה	079944	?	01090	א	86022	8602228		20170321
001027	דימונה	079944	?	01090	ב	86022	8602229		20170321
001027	דימונה	079944	?	01090	ג	86022	8602230		20170321
001027	דימונה	079944	?	01090	ד	86022	8602231		20170321
001027	דימונה	079944	?	01090	ה	86022	8602232		20170321
001027	דימונה	079944	?	01090	ו	86022	8602233		20170321
001027	דימונה	079944	?	01090	ז	86022	8602234		20170321
001027	דימונה	079944	?	01090	ח	86022	8602235		20170321
001027	דימונה	079944	?	01090	ט	86022	8602236		20170321
001027	דימונה	079944	?	01091		86022	8602237		20170321
001027	דימונה	079944	?	01091	א	86022	8602238		20170321
001027	דימונה	079944	?	01091	ב	86022	8602239		20170321
001027	דימונה	079944	?	01091	ד	86022	8602241		20170321
001027	דימונה	079944	?	01092		86022	8602243		20170321
001027	דימונה	079944	?	01092	ד	86022	8602247		20170321
001027	דימונה	079944	?	01092	ה	86022	8602248		20170321
001027	דימונה	079944	?	01093		86022	8602249		20170321
001027	דימונה	079944	?	01093	א	86022	8602250		20170321
001027	דימונה	079944	?	01093	ב	86022	8602251		20170321
001027	דימונה	079944	?	01093	ג	86022	8602252		20170321
001027	דימונה	079944	?	01093	ד	86022	8602253		20170321
001027	דימונה	079944	?	01093	ה	86022	8602254		20170321
001027	דימונה	079944	?	01094		86022	8602255		20170321
001027	דימונה	079944	?	01094	א	86022	8602256		20170321
001027	דימונה	079944	?	01094	ב	86022	8602257		20170321
001027	דימונה	079944	?	01094	ג	86022	8602258		20170321
001027	דימונה	079944	?	01094	ד	86022	8602259		20170321
001027	דימונה	079944	?	01094	ה	86022	8602260		20170321
001027	דימונה	079944	?	01094	ו	86022	8602261		20170321
001027	דימונה	079944	?	01094	ט	86022	8602264		20170321
001027	דימונה	079944	?	01094	י	86022	8602265		20170321
001027	דימונה	079944	?	01095	א	86022	8602267		20170321
001027	דימונה	079944	?	01095	ב	86022	8602268		20170321
001027	דימונה	079944	?	01095	ג	86022	8602269		20170321
001027	דימונה	079944	?	01095	ד	86022	8602270		20170321
001027	דימונה	079944	?	01095	ה	86022	8602271		20170321
001027	דימונה	079944	?	01096		86022	8602272		20170321
001027	דימונה	079944	?	01096	א	86022	8602273		20170321
001027	דימונה	079944	?	01096	ג	86022	8602275		20170321
001027	דימונה	079944	?	01096	ד	86022	8602276		20170321
001027	דימונה	079944	?	01097		86022	8602277		20170321
001027	דימונה	079944	?	01097	א	86022	8602278		20170321
001027	דימונה	079944	?	01097	ב	86022	8602279		20170321
001027	דימונה	079944	?	01097	ג	86022	8602280		20170321
001027	דימונה	079944	?	01097	ד	86022	8602281		20170321
001027	דימונה	079944	?	01098		86022	8602282		20170321
001027	דימונה	079944	?	01098	א	86022	8602283		20170321
001027	דימונה	079944	?	01098	ב	86022	8602284		20170321
001027	דימונה	079944	?	01098	ג	86022	8602285		20170321
001027	דימונה	079944	?	01098	ד	86022	8602286		20170321
001027	דימונה	079944	?	01098	ה	86022	8602287		20170321
001027	דימונה	079944	?	01098	ו	86022	8602288		20170321
001027	דימונה	079944	?	01098	ז	86022	8602289		20170321
001027	דימונה	079944	?	01098	ח	86022	8602290		20170321
001027	דימונה	079944	?	01098	ט	86022	8602291		20170321
001027	דימונה	079944	?	01099	א	86022	8602293		20170321
001027	דימונה	079944	?	01099	ב	86022	8602294		20170321
001027	דימונה	079944	?	01099	ה	86022	8602297		20170321
001027	דימונה	079944	?	01100		86022	8610861		20170321
001027	דימונה	079944	?	01100	ב	86022	8610863		20170321
001027	דימונה	079944	?	01100	ג	86022	8610864		20170321
001027	דימונה	079944	?	01101		86022	8610866		20170321
001027	דימונה	079944	?	01101	א	86022	8610867		20170321
001027	דימונה	079944	?	01101	ד	86022	8610870		20170321
001027	דימונה	080572	רחבת האשלג	00004		86029	8602965		20170321
001027	דימונה	080572	רחבת האשלג	00010		86029	8602969		20170321
001027	דימונה	080572	רחבת האשלג	00012		86029	8602970		20170321
001027	דימונה	080572	רחבת האשלג	00013		86029	8602934		20170321
001027	דימונה	080572	רחבת האשלג	00014		86029	8602971		20170321
001027	דימונה	080572	רחבת האשלג	00015		86029	8602935		20170321
001027	דימונה	080572	רחבת האשלג	00017		86029	8602936		20170321
001027	דימונה	080572	רחבת האשלג	00018		86029	8602973		20170321
001027	דימונה	080572	רחבת האשלג	00019		86029	8602937	כתובת לא בדוקה	20090713
001027	דימונה	080572	רחבת האשלג	00021		86029	8602938	כתובת לא בדוקה	20090713
001027	דימונה	080572	רחבת האשלג	00023		86029	8602939	כתובת לא בדוקה	20090713
001027	דימונה	080572	רחבת האשלג	00025		86029	8602940	כתובת לא בדוקה	20090713
001027	דימונה	080572	רחבת האשלג	00027		86029	8602941	כתובת לא בדוקה	20090713
001027	דימונה	080572	רחבת האשלג	00029		86029	8602942	כתובת לא בדוקה	20090713
001027	דימונה	080618	הצאלה	00001		86025	8602521	כתובת לא בדוקה	20090713
001027	דימונה	080618	הצאלה	00003		86025	8602522	כתובת לא בדוקה	20090713
001027	דימונה	080618	הצאלה	00005		86025	8602523		20170321
001027	דימונה	080618	הצאלה	00007		86025	8602524		20170321
001027	דימונה	080618	הצאלה	00011		86025	8602526		20170321
001027	דימונה	080618	הצאלה	00013		86025	8602527		20170321
001027	דימונה	080618	הצאלה	00015		86025	8602528		20170321
001027	דימונה	080618	הצאלה	00017		86025	8602529		20170321
001027	דימונה	080737	רחבת אורון	00001		86022	8602298	כתובת לא בדוקה	20090713
001027	דימונה	080737	רחבת אורון	00002		86022	8602299	כתובת לא בדוקה	20090713
001027	דימונה	080737	רחבת אורון	00004		86022	8610802	כתובת לא בדוקה	20090714
001027	דימונה	080737	רחבת אורון	00005		86022	8610803	כתובת לא בדוקה	20090714
001027	דימונה	080737	רחבת אורון	00006		86022	8610804	כתובת לא בדוקה	20090714
001027	דימונה	080737	רחבת אורון	00007		86022	8610805	כתובת לא בדוקה	20090714
001027	דימונה	080737	רחבת אורון	00009		86022	8610807	כתובת לא בדוקה	20090714
001027	דימונה	080737	רחבת אורון	00010		86022	8610808	כתובת לא בדוקה	20090714
001027	דימונה	080737	רחבת אורון	00011		86022	8610809	כתובת לא בדוקה	20090714
001027	דימונה	080737	רחבת אורון	00012		86022	8610810	כתובת לא בדוקה	20090714
001027	דימונה	080737	רחבת אורון	00013		86022	8610811	כתובת לא בדוקה	20090714
001027	דימונה	080737	רחבת אורון	00014		86022	8610812	כתובת לא בדוקה	20090714
001027	דימונה	080737	רחבת אורון	00018		86022	8610814	כתובת לא בדוקה	20090714
001027	דימונה	080737	רחבת אורון	00020		86022	8610815	כתובת לא בדוקה	20090714
001027	דימונה	080737	רחבת אורון	00022		86022	8610816	כתובת לא בדוקה	20090714
001027	דימונה	080737	רחבת אורון	00024		86022	8610817	כתובת לא בדוקה	20090714
001027	דימונה	080737	רחבת אורון	00026		86022	8610818	כתובת לא בדוקה	20090714
001027	דימונה	080737	רחבת אורון	00030		86022	8610820	כתובת לא בדוקה	20090714
001027	דימונה	080737	רחבת אורון	00032		86022	8610821	כתובת לא בדוקה	20090714
001027	דימונה	080737	רחבת אורון	00034		86022	8610822	כתובת לא בדוקה	20090714
001027	דימונה	080737	רחבת אורון	00036		86022	8610823	כתובת לא בדוקה	20090714
001027	דימונה	080737	רחבת אורון	00038		86022	8610824	כתובת לא בדוקה	20090714
001027	דימונה	080737	רחבת אורון	00040		86022	8610825	כתובת לא בדוקה	20090714
001027	דימונה	080813	קציעות	00000		86018	8601800	מיקוד ברירת מחדל לרחוב	20090707
001027	דימונה	080813	קציעות	00001		86018	8601801		20170321
001027	דימונה	080813	קציעות	00002		86011	8601150		20170321
001027	דימונה	080813	קציעות	00003		86018	8601802		20170321
001027	דימונה	080813	קציעות	00004		86011	8601151		20170321
001027	דימונה	080813	קציעות	00006		86011	8601152		20170321
001027	דימונה	080813	קציעות	00007		86018	8601804		20170321
001027	דימונה	080813	קציעות	00008		86011	8601153		20170321
001027	דימונה	080813	קציעות	00012		86011	8601155		20170321
001027	דימונה	080813	קציעות	00016		86011	8601157		20170321
001027	דימונה	080813	קציעות	00080		86018	8601806		20170321
001027	דימונה	080813	קציעות	00080	א	86018	8601807		20170321
001027	דימונה	080813	קציעות	00080	ב	86018	8601808		20170321
001027	דימונה	080813	קציעות	00080	ג	86018	8601809		20170321
001027	דימונה	080813	קציעות	00081	א	86018	8601811		20170321
001027	דימונה	080813	קציעות	00081	ב	86018	8601812		20170321
001027	דימונה	080813	קציעות	00081	ג	86018	8601813		20170321
001027	דימונה	080850	הרצל	00000		86021	8602100	מיקוד ברירת מחדל לרחוב	20090707
001027	דימונה	080850	הרצל	00034		86021	8602134		20150105
001027	דימונה	080850	הרצל	00035		86021	8602135		20150105
001027	דימונה	080850	הרצל	00036		86021	8602136		20150105
001027	דימונה	080850	הרצל	00037		86021	8602137		20150105
001027	דימונה	080850	הרצל	00040		86021	8602140		20150105
001027	דימונה	080850	הרצל	00041		86021	8602141		20150105
001027	דימונה	080850	הרצל	00042		86021	8602142		20150105
001027	דימונה	080850	הרצל	00049		86021	8602101	כתובת לא בדוקה	20090713
001027	דימונה	080850	הרצל	00051		86021	8602102	כתובת לא בדוקה	20090713
001027	דימונה	080850	הרצל	00055		86021	8602104	כתובת לא בדוקה	20090713
001027	דימונה	080850	הרצל	00057		86021	8602105	כתובת לא בדוקה	20090713
001027	דימונה	080850	הרצל	00059		86021	8602106	כתובת לא בדוקה	20090713
001027	דימונה	080850	הרצל	00061		86021	8602107		20170321
001027	דימונה	080850	הרצל	00061	א	86021	8602108		20170321
001027	דימונה	080850	הרצל	00061	ב	86021	8602109		20170321
001027	דימונה	080850	הרצל	00062		86021	8602111		20170321
001027	דימונה	080850	הרצל	00062	א	86021	8602112		20170321
001027	דימונה	080850	הרצל	00062	ב	86021	8602113		20170321
001027	דימונה	080850	הרצל	00062	ג	86021	8602114		20170321
001027	דימונה	080850	הרצל	00063		86021	8602115		20170321
001027	דימונה	080850	הרצל	00063	א	86021	8602116		20170321
001027	דימונה	080850	הרצל	00063	ב	86021	8602117		20170321
001027	דימונה	080850	הרצל	00063	ג	86021	8602118		20170321
001027	דימונה	080850	הרצל	00114		86021	8602119		20170321
001027	דימונה	080850	הרצל	00115		86021	8602120		20170321
001027	דימונה	080850	הרצל	00117		86021	8602122		20170321
001027	דימונה	080850	הרצל	00118		86021	8602123		20170321
001027	דימונה	080850	הרצל	00231		86041	8604101		20170321
001027	דימונה	080850	הרצל	00231	ב	86041	8604103		20170321
001027	דימונה	080850	הרצל	00231	ג	86041	8604104		20170321
001027	דימונה	080850	הרצל	00231	ד	86041	8604105		20170321
001027	דימונה	080850	הרצל	00231	ה	86041	8604106		20170321
001027	דימונה	080850	הרצל	00232		86041	8604107		20170321
001027	דימונה	080850	הרצל	00232	א	86041	8604108		20170321
001027	דימונה	080850	הרצל	00232	ב	86041	8604109		20170321
001027	דימונה	080850	הרצל	00232	ג	86041	8604110		20170321
001027	דימונה	080850	הרצל	00232	ה	86041	8604112		20170321
001027	דימונה	080850	הרצל	00233		86041	8604113		20170321
001027	דימונה	080850	הרצל	00233	ב	86041	8604115		20170321
001027	דימונה	080850	הרצל	00233	ד	86041	8604117		20170321
001027	דימונה	080850	הרצל	00233	ה	86041	8604118		20170321
001027	דימונה	080850	הרצל	00234		86041	8604119		20170321
001027	דימונה	080850	הרצל	00234	א	86041	8604120		20170321
001027	דימונה	080850	הרצל	00234	ב	86041	8604121		20170321
001027	דימונה	080850	הרצל	00234	ג	86041	8604122		20170321
001027	דימונה	080850	הרצל	00234	ד	86041	8604123		20170321
001027	דימונה	080850	הרצל	00295		86070	8607002		20170321
001027	דימונה	080850	הרצל	00295	א	86070	8607003		20170321
001027	דימונה	080850	הרצל	00295	ג	86070	8607005		20170321
001027	דימונה	080850	הרצל	00295	ד	86070	8607006		20170321
001027	דימונה	080850	הרצל	00295	ה	86070	8607007		20170321
001027	דימונה	080850	הרצל	00295	ו	86070	8607008		20170321
001027	דימונה	080850	הרצל	00503		86021	8602124		20170321
001027	דימונה	080850	הרצל	00503	א	86021	8602125		20170321
001027	דימונה	080850	הרצל	00503	ב	86021	8602126		20170321
001027	דימונה	080850	הרצל	00503	ג	86021	8602127		20170321
001027	דימונה	080850	הרצל	00504	א	86021	8602130		20170321
001027	דימונה	080850	הרצל	00504	ב	86021	8602131		20170321
001027	דימונה	080850	הרצל	00504	ג	86021	8602132		20170321
001027	דימונה	080850	הרצל	00504	ד	86021	8602133		20170321
001027	דימונה	080957	סביון	00000		86015	8601500	מיקוד ברירת מחדל לרחוב	20090707
001027	דימונה	080957	סביון	00001		86015	8601501	כתובת לא בדוקה	20090713
001027	דימונה	080957	סביון	00003		86015	8601502	כתובת לא בדוקה	20090713
001027	דימונה	080957	סביון	00005		86015	8601503	כתובת לא בדוקה	20090713
001027	דימונה	081029	עזרא ונחמיה	00000		86043	8604300	מיקוד ברירת מחדל לרחוב	20090707
001027	דימונה	081029	עזרא ונחמיה	00021		86046	8604601		20170321
001027	דימונה	081029	עזרא ונחמיה	00220		86046	8604602		20170321
001027	דימונה	081029	עזרא ונחמיה	00220	א	86046	8604603		20170321
001027	דימונה	081029	עזרא ונחמיה	00220	ג	86046	8604605		20170321
001027	דימונה	081029	עזרא ונחמיה	00220	ד	86046	8604606		20170321
001027	דימונה	081029	עזרא ונחמיה	00220	ה	86046	8604607		20170321
001027	דימונה	081029	עזרא ונחמיה	00220	ו	86046	8604608		20170321
001027	דימונה	081029	עזרא ונחמיה	00220	ז	86046	8604609		20170321
001027	דימונה	081029	עזרא ונחמיה	00243	א	86046	8604611		20170321
001027	דימונה	081029	עזרא ונחמיה	00243	ג	86046	8604613		20170321
001027	דימונה	081029	עזרא ונחמיה	00243	ד	86046	8604614		20170321
001027	דימונה	081029	עזרא ונחמיה	00244		86046	8604615		20170321
001027	דימונה	081029	עזרא ונחמיה	00244	א	86046	8604616		20170321
001027	דימונה	081029	עזרא ונחמיה	00244	ב	86046	8604617		20170321
001027	דימונה	081029	עזרא ונחמיה	00244	ד	86046	8604619		20170321
001027	דימונה	081029	עזרא ונחמיה	00244	ה	86046	8604620		20170321
001027	דימונה	081029	עזרא ונחמיה	00244	ו	86046	8604621		20170321
001027	דימונה	081029	עזרא ונחמיה	00250		86043	8604301		20170321
001027	דימונה	081029	עזרא ונחמיה	00250	א	86043	8604302		20170321
001027	דימונה	081029	עזרא ונחמיה	00250	ב	86043	8604303		20170321
001027	דימונה	081029	עזרא ונחמיה	00250	ג	86043	8604304		20170321
001027	דימונה	081029	עזרא ונחמיה	00250	ד	86043	8604305		20170321
001027	דימונה	081029	עזרא ונחמיה	00250	ה	86043	8604306		20170321
001027	דימונה	081029	עזרא ונחמיה	00250	ו	86043	8604307		20170321
001027	דימונה	081210	?	00055		86022	8610827		20170321
001027	דימונה	081210	?	00055	ב	86022	8610829		20170321
001027	דימונה	081210	?	00056	ג	86022	8610833		20170321
001027	דימונה	081210	?	00057		86022	8610834		20170321
001027	דימונה	081210	?	00057	א	86022	8610835		20170321
001027	דימונה	081210	?	00057	ב	86022	8610836		20170321
001027	דימונה	081210	?	00057	ג	86022	8610837		20170321
001027	דימונה	081210	?	00057	ד	86022	8610838		20170321
001027	דימונה	081210	?	00058		86022	8610839		20170321
001027	דימונה	081210	?	00058	א	86022	8610840		20170321
001027	דימונה	081210	?	00058	ב	86022	8610841		20170321
001027	דימונה	081210	?	00058	ג	86022	8610842		20170321
001027	דימונה	081210	?	00059	א	86022	8610844		20170321
001027	דימונה	081210	?	00059	ב	86022	8610845		20170321
001027	דימונה	081210	?	00059	ג	86022	8610846		20170321
001027	דימונה	081311	השיטה	00000		86122	8612200	מיקוד ברירת מחדל לרחוב	20090707
001027	דימונה	081311	השיטה	00045		86122	8612201		20170321
001027	דימונה	081311	השיטה	00045	ה	86122	8612206		20170321
001027	דימונה	081311	השיטה	00045	ו	86122	8612207		20170321
001027	דימונה	081311	השיטה	00045	ז	86122	8612208		20170321
001027	דימונה	081311	השיטה	00046		86122	8612209		20170321
001027	דימונה	081311	השיטה	00046	א	86122	8612210		20170321
001027	דימונה	081311	השיטה	00046	ב	86122	8612211		20170321
001027	דימונה	081311	השיטה	00046	ג	86122	8612212		20170321
001027	דימונה	081311	השיטה	00046	ד	86122	8612213		20170321
001027	דימונה	081311	השיטה	00047	א	86122	8612215		20170321
001027	דימונה	081311	השיטה	00047	ב	86122	8612216		20170321
001027	דימונה	081311	השיטה	00047	ג	86122	8612217		20170321
001027	דימונה	081311	השיטה	00047	ד	86122	8612218		20170321
001027	דימונה	081311	השיטה	00047	ה	86122	8612219		20170321
001027	דימונה	081311	השיטה	00048		86122	8612220		20170321
001027	דימונה	081311	השיטה	00048	א	86122	8612221		20170321
001027	דימונה	081311	השיטה	00048	ב	86122	8612222		20170321
001027	דימונה	081311	השיטה	00048	ג	86122	8612223		20170321
001027	דימונה	081676	רקפת	00000		86038	8603800	מיקוד ברירת מחדל לרחוב	20090707
001027	דימונה	081676	רקפת	00004		86038	8603809		20170321
001027	דימונה	081676	רקפת	00014		86038	8603801	כתובת לא בדוקה	20090713
001027	דימונה	081676	רקפת	00022		86038	8603802		20170321
001027	דימונה	081676	רקפת	00024		86038	8603803	כתובת לא בדוקה	20090713
001027	דימונה	081676	רקפת	00751		86038	8603806		20170321
001027	דימונה	081676	רקפת	00752		86038	8603807		20170321
001027	דימונה	081676	רקפת	00753		86038	8603808		20170321
001027	דימונה	081741	?	00000		86035	8603500	מיקוד ברירת מחדל לרחוב	20090707
001027	דימונה	081741	?	00023		86035	8603501		20170321
001027	דימונה	081741	?	00023	א	86035	8603502		20170321
001027	דימונה	081741	?	00024		86035	8603504		20170321
001027	דימונה	081741	?	00024	א	86035	8603505		20170321
001027	דימונה	081741	?	00029		86035	8603507		20170321
001027	דימונה	081741	?	00029	א	86035	8603508		20170321
001027	דימונה	081741	?	00029	ב	86035	8603509		20170321
001027	דימונה	081741	?	00082	א	86035	8603511		20170321
001027	דימונה	081741	?	00082	ב	86035	8603512		20170321
001027	דימונה	081741	?	00082	ג	86035	8603513		20170321
001027	דימונה	081741	?	00083	א	86035	8603515		20170321
001027	דימונה	081741	?	00083	ג	86035	8603517		20170321
001027	דימונה	081741	?	00084	א	86035	8603519		20170321
001027	דימונה	081741	?	00084	ג	86035	8603521		20170321
001027	דימונה	081771	האיריס	00000		86033	8603300	מיקוד ברירת מחדל לרחוב	20090707
001027	דימונה	081771	האיריס	00014	א	86033	8603302		20170321
001027	דימונה	081771	האיריס	00014	ב	86033	8603303		20170321
001027	דימונה	081870	מ"ג המעפילים	00000		86047	8604700	מיקוד ברירת מחדל לרחוב	20090707
001027	דימונה	081870	מ"ג המעפילים	00001		86047	8604701		20170321
001027	דימונה	081870	מ"ג המעפילים	00002		86136	8613601		20170321
001027	דימונה	081870	מ"ג המעפילים	00005		86136	8613602		20160620
001027	דימונה	081870	מ"ג המעפילים	00215		86047	8604702		20170321
001027	דימונה	081870	מ"ג המעפילים	00215	א	86047	8604703		20170321
001027	דימונה	081870	מ"ג המעפילים	00215	ב	86047	8604704		20170321
001027	דימונה	081870	מ"ג המעפילים	00215	ד	86047	8604706		20170321
001027	דימונה	081870	מ"ג המעפילים	00216		86047	8604707		20170321
001027	דימונה	081870	מ"ג המעפילים	00216	א	86047	8604708		20170321
001027	דימונה	081870	מ"ג המעפילים	00216	ב	86047	8604709		20170321
001027	דימונה	081870	מ"ג המעפילים	00216	ג	86047	8604710		20170321
001027	דימונה	081870	מ"ג המעפילים	00216	ד	86047	8604711		20170321
001027	דימונה	081870	מ"ג המעפילים	00217		86047	8604712		20170321
001027	דימונה	081870	מ"ג המעפילים	00217	ב	86047	8604714		20170321
001027	דימונה	081870	מ"ג המעפילים	00218		86047	8604717		20170321
001027	דימונה	081870	מ"ג המעפילים	00218	ב	86047	8604719		20170321
001027	דימונה	081870	מ"ג המעפילים	00218	ג	86047	8604720		20170321
001027	דימונה	081870	מ"ג המעפילים	00218	ד	86047	8604721		20170321
001027	דימונה	081870	מ"ג המעפילים	00227	ג	86040	8604004		20170321
001027	דימונה	081870	מ"ג המעפילים	00228	א	86040	8604006		20161204
001027	דימונה	081870	מ"ג המעפילים	00228	ב	86040	8604007		20161204
001027	דימונה	081870	מ"ג המעפילים	00229	א	86040	8604010		20170321
001027	דימונה	081870	מ"ג המעפילים	00229	ב	86040	8604011		20170321
001027	דימונה	081870	מ"ג המעפילים	00230		86040	8604013		20170321
001027	דימונה	081870	מ"ג המעפילים	00230	א	86040	8604014		20170321
001027	דימונה	081870	מ"ג המעפילים	00245		86047	8604722		20170321
001027	דימונה	081870	מ"ג המעפילים	00245	א	86047	8604723		20170321
001027	דימונה	081870	מ"ג המעפילים	00245	ב	86047	8604724		20170321
001027	דימונה	081870	מ"ג המעפילים	00245	ג	86047	8604725		20170321
001027	דימונה	081870	מ"ג המעפילים	00245	ה	86047	8604727		20170321
001027	דימונה	081870	מ"ג המעפילים	00245	ו	86047	8604728		20170321
001027	דימונה	081924	המכבים	00000		86041	8604100	מיקוד ברירת מחדל לרחוב	20090707
001027	דימונה	081924	המכבים	00247		86041	8604124		20170321
001027	דימונה	081924	המכבים	00247	א	86041	8604125		20170321
001027	דימונה	081924	המכבים	00247	ב	86041	8604126		20170321
001027	דימונה	081924	המכבים	00247	ג	86041	8604127		20170321
001027	דימונה	081924	המכבים	00247	ד	86041	8604128		20170321
001027	דימונה	081924	המכבים	00247	ו	86041	8604130		20170321
001027	דימונה	081924	המכבים	00247	ז	86041	8604131		20170321
001027	דימונה	081924	המכבים	00248		86041	8604132		20170321
001027	דימונה	081924	המכבים	00248	א	86041	8604133		20170321
001027	דימונה	081924	המכבים	00248	ב	86041	8604134		20170321
001027	דימונה	081924	המכבים	00248	ג	86041	8604135		20170321
001027	דימונה	081924	המכבים	00248	ד	86041	8604136		20170321
001027	דימונה	081924	המכבים	00248	ה	86041	8604137		20170321
001027	דימונה	081924	המכבים	00248	ז	86041	8604139		20170321
001027	דימונה	082023	מתתיהו הכהן	00222	א	86043	8604309		20170321
001027	דימונה	082023	מתתיהו הכהן	00222	ג	86043	8604311		20170321
001027	דימונה	082023	מתתיהו הכהן	00223		86043	8604312		20170321
001027	דימונה	082023	מתתיהו הכהן	00223	א	86043	8604313		20170321
001027	דימונה	082023	מתתיהו הכהן	00223	ב	86043	8604314		20170321
001027	דימונה	082023	מתתיהו הכהן	00223	ג	86043	8604315		20170321
001027	דימונה	082023	מתתיהו הכהן	00224	א	86043	8604317		20170321
001027	דימונה	082023	מתתיהו הכהן	00224	ב	86043	8604318		20170321
001027	דימונה	082023	מתתיהו הכהן	00224	ג	86043	8604319		20170321
001027	דימונה	082023	מתתיהו הכהן	00225	א	86043	8604321		20170321
001027	דימונה	082023	מתתיהו הכהן	00225	ב	86043	8604322		20170321
001027	דימונה	082023	מתתיהו הכהן	00225	ג	86043	8604323		20170321
001027	דימונה	082023	מתתיהו הכהן	00226	ב	86043	8604326		20170321
001027	דימונה	082023	מתתיהו הכהן	00249	א	86043	8604329		20170321
001027	דימונה	082023	מתתיהו הכהן	00249	ג	86043	8604331		20170321
001027	דימונה	082023	מתתיהו הכהן	00249	ד	86043	8604332		20170321
001027	דימונה	082023	מתתיהו הכהן	00249	ה	86043	8604333		20170321
001027	דימונה	082023	מתתיהו הכהן	00249	ז	86043	8604335		20170321
001027	דימונה	082052	בר כוכבא	00000		86046	8604600	מיקוד ברירת מחדל לרחוב	20090707
001027	דימונה	082052	בר כוכבא	00205		86046	8604622		20170321
001027	דימונה	082052	בר כוכבא	00205	א	86046	8604623		20170321
001027	דימונה	082052	בר כוכבא	00205	ב	86046	8604624		20170321
001027	דימונה	082052	בר כוכבא	00205	ג	86046	8604625		20170321
001027	דימונה	082052	בר כוכבא	00205	ד	86046	8604626		20170321
001027	דימונה	082052	בר כוכבא	00206		86046	8604627		20170321
001027	דימונה	082052	בר כוכבא	00206	א	86046	8604628		20170321
001027	דימונה	082052	בר כוכבא	00206	ב	86046	8604629		20170321
001027	דימונה	082052	בר כוכבא	00206	ד	86046	8604631		20170321
001027	דימונה	082052	בר כוכבא	00207		86046	8604632		20170321
001027	דימונה	082052	בר כוכבא	00207	א	86046	8604633		20170321
001027	דימונה	082052	בר כוכבא	00207	ב	86046	8604634		20170321
001027	דימונה	082052	בר כוכבא	00207	ד	86046	8604636		20170321
001027	דימונה	082052	בר כוכבא	00208		86046	8604637		20170321
001027	דימונה	082052	בר כוכבא	00208	א	86046	8604638		20170321
001027	דימונה	082052	בר כוכבא	00208	ג	86046	8604640		20170321
001027	דימונה	082052	בר כוכבא	00208	ד	86046	8604641		20170321
001027	דימונה	082052	בר כוכבא	00210		86046	8604642		20170321
001027	דימונה	082052	בר כוכבא	00211		86046	8604643		20170321
001027	דימונה	082052	בר כוכבא	00212		86046	8604644		20170321
001027	דימונה	082052	בר כוכבא	00213		86046	8604645		20170321
001027	דימונה	082052	בר כוכבא	00270	א	86046	8604648		20170321
001027	דימונה	082052	בר כוכבא	00270	ב	86046	8604649		20170321
001027	דימונה	082052	בר כוכבא	00270	ג	86046	8604650		20170321
001027	דימונה	082052	בר כוכבא	00270	ד	86046	8604651		20170321
001027	דימונה	082052	בר כוכבא	00270	ה	86046	8604652		20170321
001027	דימונה	082052	בר כוכבא	00270	ו	86046	8604653		20170321
001027	דימונה	082052	בר כוכבא	00270	ז	86046	8604654		20170321
001027	דימונה	082052	בר כוכבא	00270	ט	86046	8604656		20170321
001027	דימונה	082133	המלאכה	00000		86211	8621100	מיקוד ברירת מחדל לרחוב	20090707
001027	דימונה	082133	המלאכה	00003		86211	8621106		20170321
001027	דימונה	082133	המלאכה	00012		86211	8621102		20170321
001027	דימונה	082133	המלאכה	01026		86211	8621105		20170321
001027	דימונה	082204	הסנהדרין	00274		86044	8604401		20170321
001027	דימונה	082204	הסנהדרין	00274	ד	86044	8604405		20170321
001027	דימונה	082204	הסנהדרין	00274	ו	86044	8604407		20170321
001027	דימונה	082204	הסנהדרין	00274	ז	86044	8604408		20170321
001027	דימונה	082204	הסנהדרין	00275	א	86044	8604410		20170321
001027	דימונה	082204	הסנהדרין	00275	ב	86044	8604411		20170321
001027	דימונה	082204	הסנהדרין	00275	ג	86044	8604412		20170321
001027	דימונה	082204	הסנהדרין	00275	ד	86044	8604413		20170321
001027	דימונה	082204	הסנהדרין	00276	א	86044	8604415		20170321
001027	דימונה	082204	הסנהדרין	00276	ב	86044	8604416		20170321
001027	דימונה	082204	הסנהדרין	00276	ד	86044	8604418		20170321
001027	דימונה	082204	הסנהדרין	00277		86044	8604419		20170321
001027	דימונה	082204	הסנהדרין	00277	ג	86044	8604422		20170321
001027	דימונה	082204	הסנהדרין	00277	ד	86044	8604423		20170321
001027	דימונה	082292	כובשי אילת	00000		86032	8603200	מיקוד ברירת מחדל לרחוב	20090707
001027	דימונה	082292	כובשי אילת	00001		86032	8603201		20170321
001027	דימונה	082292	כובשי אילת	00002		86032	8603202		20170321
001027	דימונה	082292	כובשי אילת	00101		86032	8603203		20170321
001027	דימונה	082292	כובשי אילת	00101	א	86032	8603204		20170321
001027	דימונה	082292	כובשי אילת	00101	ב	86032	8603205		20170321
001027	דימונה	082292	כובשי אילת	00101	ג	86032	8603206		20170321
001027	דימונה	082292	כובשי אילת	00101	ד	86032	8603207		20170321
001027	דימונה	082292	כובשי אילת	00101	ה	86032	8603208		20170321
001027	דימונה	082292	כובשי אילת	00102		86032	8603209		20170321
001027	דימונה	082292	כובשי אילת	00102	א	86032	8603210		20170321
001027	דימונה	082292	כובשי אילת	00102	ב	86032	8603211		20170321
001027	דימונה	082292	כובשי אילת	00102	ג	86032	8603212		20170321
001027	דימונה	082292	כובשי אילת	00102	ד	86032	8603213		20170321
001027	דימונה	082292	כובשי אילת	00102	ה	86032	8603214		20170321
001027	דימונה	082292	כובשי אילת	00103		86032	8603216		20170321
001027	דימונה	082292	כובשי אילת	00103	א	86032	8603217		20170321
001027	דימונה	082292	כובשי אילת	00103	ב	86032	8603218		20170321
001027	דימונה	082292	כובשי אילת	00103	ג	86032	8603219		20170321
001027	דימונה	082292	כובשי אילת	00103	ד	86032	8603220		20170321
001027	דימונה	082292	כובשי אילת	00103	ה	86032	8603221		20170321
001027	דימונה	082292	כובשי אילת	00103	ו	86032	8603222		20170321
001027	דימונה	082292	כובשי אילת	00104		86032	8603223		20170321
001027	דימונה	082292	כובשי אילת	00104	ד	86032	8603227		20170321
001027	דימונה	082292	כובשי אילת	00104	ה	86032	8603228		20170321
001027	דימונה	082292	כובשי אילת	00104	ו	86032	8603229		20170321
001027	דימונה	082292	כובשי אילת	00104	ח	86032	8603231		20170321
001027	דימונה	082292	כובשי אילת	00104	ט	86032	8603232		20170321
001027	דימונה	082292	כובשי אילת	00104	י	86032	8603233		20170321
001027	דימונה	082292	כובשי אילת	00105		86032	8603234		20170321
001027	דימונה	082292	כובשי אילת	00105	א	86032	8603235		20170321
001027	דימונה	082292	כובשי אילת	00105	ב	86032	8603236		20170321
001027	דימונה	082292	כובשי אילת	00105	ג	86032	8603237		20170321
001027	דימונה	082292	כובשי אילת	00105	ד	86032	8603238		20170321
001027	דימונה	082292	כובשי אילת	00106	א	86032	8603241		20170321
001027	דימונה	082292	כובשי אילת	00106	ב	86032	8603242		20170321
001027	דימונה	082292	כובשי אילת	00106	ג	86032	8603243		20170321
001027	דימונה	082292	כובשי אילת	00106	ה	86032	8603245		20170321
001027	דימונה	082292	כובשי אילת	00106	ו	86032	8603246		20170321
001027	דימונה	082292	כובשי אילת	00107	א	86032	8603248		20170321
001027	דימונה	082292	כובשי אילת	00107	ג	86032	8603250		20170321
001027	דימונה	082292	כובשי אילת	00107	ד	86032	8603251		20170321
001027	דימונה	082292	כובשי אילת	00107	ה	86032	8603252		20170321
001027	דימונה	082292	כובשי אילת	00108		86032	8603253		20170321
001027	דימונה	082292	כובשי אילת	00108	א	86032	8603254		20170321
001027	דימונה	082292	כובשי אילת	00108	ב	86032	8603255		20170321
001027	דימונה	082292	כובשי אילת	00108	ג	86032	8603256		20170321
001027	דימונה	082292	כובשי אילת	00108	ד	86032	8603257		20170321
001027	דימונה	082292	כובשי אילת	00108	ה	86032	8603258		20170321
001027	דימונה	082292	כובשי אילת	00108	ח	86032	8603261		20170321
001027	דימונה	082292	כובשי אילת	00502		86032	8603262		20170321
001027	דימונה	082292	כובשי אילת	00502	א	86032	8603263		20170321
001027	דימונה	082292	כובשי אילת	00502	ב	86032	8603264		20170321
001027	דימונה	082292	כובשי אילת	00502	ג	86032	8603265		20170321
001027	דימונה	082292	כובשי אילת	01612		86032	8603266		20170321
001027	דימונה	082292	כובשי אילת	01613		86032	8603267		20170321
001027	דימונה	082292	כובשי אילת	01614		86032	8603268		20170321
001027	דימונה	082292	כובשי אילת	01617		86032	8603271		20170321
001027	דימונה	082292	כובשי אילת	01622		86032	8603272		20170321
001027	דימונה	082292	כובשי אילת	01623		86032	8603273		20170321
001027	דימונה	082292	כובשי אילת	01624		86032	8603274		20170321
001027	דימונה	082292	כובשי אילת	01627		86032	8603277		20170321
001027	דימונה	082292	כובשי אילת	01629		86032	8603279		20170321
001027	דימונה	082292	כובשי אילת	01631		86032	8603281		20170321
001027	דימונה	082292	כובשי אילת	01632		86032	8603282		20170321
001027	דימונה	082292	כובשי אילת	01633		86032	8603283		20170321
001027	דימונה	082292	כובשי אילת	01634		86032	8603284		20170321
001027	דימונה	082292	כובשי אילת	01635		86032	8603285		20170321
001027	דימונה	082292	כובשי אילת	01636		86032	8603286		20170321
001027	דימונה	082292	כובשי אילת	01637		86032	8603287		20170321
001027	דימונה	082292	כובשי אילת	01639		86032	8603289		20170321
001027	דימונה	082292	כובשי אילת	01640		86032	8603290		20170321
001027	דימונה	082292	כובשי אילת	01641		86032	8603291		20170321
001027	דימונה	082292	כובשי אילת	01642		86032	8603292		20170321
001027	דימונה	082292	כובשי אילת	01643		86032	8603293		20170321
001027	דימונה	082292	כובשי אילת	01644		86032	8603294		20170321
001027	דימונה	082292	כובשי אילת	01645		86032	8603295		20170321
001027	דימונה	082292	כובשי אילת	01646		86032	8603296		20170321
001027	דימונה	082292	כובשי אילת	01648		86032	8603298		20170321
001027	דימונה	082292	כובשי אילת	01650		86032	8603901		20170321
001027	דימונה	082292	כובשי אילת	01651		86032	8603902		20170321
001027	דימונה	082292	כובשי אילת	01653		86032	8603904		20170321
001027	דימונה	082292	כובשי אילת	01654		86032	8603905		20170321
001027	דימונה	082292	כובשי אילת	01655		86032	8603906		20170321
001027	דימונה	082292	כובשי אילת	01656		86032	8603907		20170321
001027	דימונה	082292	כובשי אילת	01657		86032	8603908		20170321
001027	דימונה	082292	כובשי אילת	01658		86032	8603909		20170321
001027	דימונה	082292	כובשי אילת	01659		86032	8603910		20170321
001027	דימונה	082292	כובשי אילת	01660		86032	8603911		20170321
001027	דימונה	082334	החשמונאים	00235		86041	8604140		20170321
001027	דימונה	082334	החשמונאים	00235	ג	86041	8604143		20170321
001027	דימונה	082334	החשמונאים	00235	ד	86041	8604144		20170321
001027	דימונה	082334	החשמונאים	00236		86041	8604145		20170321
001027	דימונה	082334	החשמונאים	00236	א	86041	8604146		20170321
001027	דימונה	082334	החשמונאים	00236	ב	86041	8604147		20170321
001027	דימונה	082334	החשמונאים	00236	ג	86041	8604148		20170321
001027	דימונה	082334	החשמונאים	00236	ד	86041	8604149		20170321
001027	דימונה	082334	החשמונאים	00237		86041	8604150		20170321
001027	דימונה	082334	החשמונאים	00237	א	86041	8604151		20170321
001027	דימונה	082334	החשמונאים	00237	ב	86041	8604152		20170321
001027	דימונה	082334	החשמונאים	00237	ג	86041	8604153		20170321
001027	דימונה	082334	החשמונאים	00502		86041	8604155		20170321
001027	דימונה	082334	החשמונאים	00502	ב	86041	8604157		20170321
001027	דימונה	082334	החשמונאים	00502	ג	86041	8604158		20170321
001027	דימונה	082334	החשמונאים	00502	ד	86041	8604159		20170321
001027	דימונה	082456	הברוש	00000		86029	8602900	מיקוד ברירת מחדל לרחוב	20090707
001027	דימונה	082456	הברוש	00003		86029	8602943		20170321
001027	דימונה	082456	הברוש	00004		86029	8602944		20170321
001027	דימונה	082456	הברוש	00005		86029	8602945		20170321
001027	דימונה	082456	הברוש	00006		86029	8602946	כתובת לא בדוקה	20090713
001027	דימונה	082456	הברוש	00007		86029	8602947		20170321
001027	דימונה	082456	הברוש	00008		86029	8602948		20170321
001027	דימונה	082456	הברוש	00009		86029	8602949		20170321
001027	דימונה	082456	הברוש	00010		86029	8602950		20170321
001027	דימונה	082456	הברוש	00011		86029	8602951		20170321
001027	דימונה	082456	הברוש	00012		86029	8602952	כתובת לא בדוקה	20090713
001027	דימונה	082456	הברוש	00013		86029	8602953		20170321
001027	דימונה	082456	הברוש	00014		86029	8602954	כתובת לא בדוקה	20090713
001027	דימונה	082456	הברוש	00015		86029	8602955		20170321
001027	דימונה	082456	הברוש	00017		86029	8602957		20170321
001027	דימונה	082456	הברוש	00018		86029	8602958	כתובת לא בדוקה	20090713
001027	דימונה	082456	הברוש	00019		86029	8602959		20170321
001027	דימונה	082456	הברוש	00020		86029	8602960	כתובת לא בדוקה	20090713
001027	דימונה	082456	הברוש	00021		86029	8602961		20170321
001027	דימונה	082456	הברוש	00022		86029	8602962	כתובת לא בדוקה	20090713
001027	דימונה	082456	הברוש	00023		86029	8602963		20170321
001027	דימונה	082456	הברוש	00024		86029	8602964	כתובת לא בדוקה	20090713
001027	דימונה	082584	השקד	00001		86028	8610537	כתובת לא בדוקה	20090714
001027	דימונה	082584	השקד	00002		86028	8610538	כתובת לא בדוקה	20090714
001027	דימונה	082584	השקד	00004		86028	8610540	כתובת לא בדוקה	20090714
001027	דימונה	082584	השקד	00005		86028	8610541	כתובת לא בדוקה	20090714
001027	דימונה	082584	השקד	00006		86028	8610542	כתובת לא בדוקה	20090714
001027	דימונה	082584	השקד	00007		86028	8610543	כתובת לא בדוקה	20090714
001027	דימונה	082584	השקד	00010		86028	8610546	כתובת לא בדוקה	20090714
001027	דימונה	082584	השקד	00011		86028	8610547	כתובת לא בדוקה	20090714
001027	דימונה	082584	השקד	00012		86028	8610548	כתובת לא בדוקה	20090714
001027	דימונה	082584	השקד	00013		86028	8610549	כתובת לא בדוקה	20090714
001027	דימונה	082584	השקד	00014		86028	8610550	כתובת לא בדוקה	20090714
001027	דימונה	082646	התירוש	00000		86028	8602800	מיקוד ברירת מחדל לרחוב	20090707
001027	דימונה	082646	התירוש	00001		86028	8610551	כתובת לא בדוקה	20090714
001027	דימונה	082646	התירוש	00002		86028	8610552	כתובת לא בדוקה	20090714
001027	דימונה	082646	התירוש	00003		86028	8610553	כתובת לא בדוקה	20090714
001027	דימונה	082646	התירוש	00004		86028	8610554	כתובת לא בדוקה	20090714
001027	דימונה	082646	התירוש	00005		86028	8610555	כתובת לא בדוקה	20090714
001027	דימונה	082646	התירוש	00006		86028	8610556	כתובת לא בדוקה	20090714
001027	דימונה	082646	התירוש	00007		86028	8610557	כתובת לא בדוקה	20090714
001027	דימונה	082646	התירוש	00009		86028	8610559	כתובת לא בדוקה	20090714
001027	דימונה	082646	התירוש	00010		86028	8610560	כתובת לא בדוקה	20090714
001027	דימונה	082646	התירוש	00011		86028	8610561	כתובת לא בדוקה	20090714
001027	דימונה	082646	התירוש	00012		86028	8610562	כתובת לא בדוקה	20090714
001027	דימונה	082646	התירוש	00013		86028	8610563	כתובת לא בדוקה	20090714
001027	דימונה	082646	התירוש	00014		86028	8610564	כתובת לא בדוקה	20090714
001027	דימונה	082696	היורה	00013		86018	8601818		20130717
001027	דימונה	082696	היורה	00067		86018	8601814		20170321
001027	דימונה	082696	היורה	00067	א	86018	8601815		20170321
001027	דימונה	082696	היורה	00067	ב	86018	8601816		20170321
001027	דימונה	082696	היורה	00774		86012	8601226		20170321
001027	דימונה	082696	היורה	00775		86012	8601227		20170321
001027	דימונה	082696	היורה	00776		86012	8601228		20170321
001027	דימונה	082696	היורה	00777		86012	8601229		20170321
001027	דימונה	082696	היורה	00778		86012	8601230		20170321
001027	דימונה	082696	היורה	00779		86012	8601231		20170321
001027	דימונה	082696	היורה	00780		86012	8601232		20170321
001027	דימונה	082696	היורה	00781		86012	8601233		20170321
001027	דימונה	082696	היורה	00785		86012	8601237		20170321
001027	דימונה	082696	היורה	00786		86012	8601238		20170321
001027	דימונה	082696	היורה	00787		86012	8601239		20170321
001027	דימונה	082696	היורה	00788		86012	8601240		20170321
001027	דימונה	082696	היורה	00790		86012	8601242		20170321
001027	דימונה	082696	היורה	00791		86012	8601243		20170321
001027	דימונה	082696	היורה	00792		86012	8601244		20170321
001027	דימונה	082696	היורה	00793		86012	8601245		20170321
001027	דימונה	082696	היורה	00795		86012	8601247		20170321
001027	דימונה	082696	היורה	00796		86012	8601248		20170321
001027	דימונה	082696	היורה	00797		86012	8601249		20170321
001027	דימונה	082696	היורה	00798		86012	8601250		20170321
001027	דימונה	082696	היורה	00799		86012	8601251		20170321
001027	דימונה	082759	הצבר	00025	ב	86033	8603306		20170321
001027	דימונה	082759	הצבר	00026		86033	8603307		20170321
001027	דימונה	082759	הצבר	00026	א	86033	8603308		20170321
001027	דימונה	082759	הצבר	00026	ב	86033	8603309		20170321
001027	דימונה	082759	הצבר	00027	א	86033	8603311		20170321
001027	דימונה	082759	הצבר	00027	ב	86033	8603312		20170321
001027	דימונה	082952	העצמאות	01006		86050	8616606		20130516
001027	דימונה	082952	העצמאות	01009		86050	8605001		20170321
001027	דימונה	082952	העצמאות	01009	א	86050	8605002		20170321
001027	דימונה	082952	העצמאות	01012		86050	8605004		20170321
001027	דימונה	082952	העצמאות	01012	א	86050	8605005		20170321
001027	דימונה	082952	העצמאות	01012	ב	86050	8605006		20170321
001027	דימונה	082952	העצמאות	01012	ג	86050	8605007		20170321
001027	דימונה	082952	העצמאות	01012	ד	86050	8605008		20170321
001027	דימונה	082952	העצמאות	01012	ה	86050	8605009		20170321
001027	דימונה	082952	העצמאות	01013		86050	8605010		20170321
001027	דימונה	082952	העצמאות	01013	א	86050	8605011		20170321
001027	דימונה	082952	העצמאות	01013	ב	86050	8605012		20170321
001027	דימונה	082952	העצמאות	01013	ג	86050	8605013		20170321
001027	דימונה	082952	העצמאות	01013	ד	86050	8605014		20170321
001027	דימונה	082996	המעפיל	00001		86050	8605048	כתובת לא בדוקה	20130402
001027	דימונה	082996	המעפיל	00002		86050	8605049	כתובת לא בדוקה	20130402
001027	דימונה	082996	המעפיל	00004		86050	8605051	כתובת לא בדוקה	20130402
001027	דימונה	082996	המעפיל	00006		86050	8605053	כתובת לא בדוקה	20130402
001027	דימונה	082996	המעפיל	00007		86050	8605054	כתובת לא בדוקה	20130402
001027	דימונה	082996	המעפיל	00008		86050	8605055	כתובת לא בדוקה	20130402
001027	דימונה	082996	המעפיל	00009		86050	8605056	כתובת לא בדוקה	20130402
001027	דימונה	082996	המעפיל	00011		86050	8605058	כתובת לא בדוקה	20130402
001027	דימונה	082996	המעפיל	00012		86050	8605059	כתובת לא בדוקה	20130402
001027	דימונה	082996	המעפיל	00013		86050	8605060	כתובת לא בדוקה	20130402
001027	דימונה	082996	המעפיל	00014		86050	8605061	כתובת לא בדוקה	20130402
001027	דימונה	082996	המעפיל	00015		86050	8605062	כתובת לא בדוקה	20130402
001027	דימונה	082996	המעפיל	00016		86050	8605063	כתובת לא בדוקה	20130402
001027	דימונה	082996	המעפיל	00017		86050	8605064	כתובת לא בדוקה	20130402
001027	דימונה	082996	המעפיל	00018		86050	8605065	כתובת לא בדוקה	20130402
001027	דימונה	082996	המעפיל	00019		86050	8605066	כתובת לא בדוקה	20130402
001027	דימונה	082996	המעפיל	00021		86050	8605068	כתובת לא בדוקה	20130402
001027	דימונה	082996	המעפיל	00022		86050	8605069	כתובת לא בדוקה	20130402
001027	דימונה	082996	המעפיל	00026		86050	8605073	כתובת לא בדוקה	20130402
001027	דימונה	082996	המעפיל	00027		86050	8605074	כתובת לא בדוקה	20130402
001027	דימונה	082996	המעפיל	00028		86050	8605075	כתובת לא בדוקה	20130402
001027	דימונה	082996	המעפיל	00029		86050	8605076	כתובת לא בדוקה	20130402
001027	דימונה	082996	המעפיל	00032		86050	8605079	כתובת לא בדוקה	20130402
001027	דימונה	082996	המעפיל	00036		86050	8605083	כתובת לא בדוקה	20130402
001027	דימונה	082996	המעפיל	00038		86050	8605085	כתובת לא בדוקה	20130402
001027	דימונה	082996	המעפיל	00039		86050	8605086	כתובת לא בדוקה	20130402
001027	דימונה	082996	המעפיל	00041		86050	8605088	כתובת לא בדוקה	20130402
001027	דימונה	082996	המעפיל	00042		86050	8605089	כתובת לא בדוקה	20130402
001027	דימונה	082996	המעפיל	00043		86050	8605090	כתובת לא בדוקה	20130402
001027	דימונה	082996	המעפיל	00044		86050	8605091	כתובת לא בדוקה	20130402
001027	דימונה	082996	המעפיל	00045		86050	8605092	כתובת לא בדוקה	20130402
001027	דימונה	082996	המעפיל	00047		86050	8605094	כתובת לא בדוקה	20130402
001027	דימונה	082996	המעפיל	00049		86050	8605096	כתובת לא בדוקה	20130402
001027	דימונה	082996	המעפיל	00050		86050	8605097	כתובת לא בדוקה	20130402
001027	דימונה	082996	המעפיל	00051		86050	8605098	כתובת לא בדוקה	20130402
001027	דימונה	082996	המעפיל	00052		86050	8605099	כתובת לא בדוקה	20130402
001027	דימונה	082996	המעפיל	00053		86050	8616601	כתובת לא בדוקה	20130402
001027	דימונה	082996	המעפיל	00054		86078	8607801		20170321
001027	דימונה	082996	המעפיל	00055		86078	8607802		20170321
001027	דימונה	082996	המעפיל	00056		86078	8607803		20170321
001027	דימונה	082996	המעפיל	00058		86078	8607805		20170321
001027	דימונה	082996	המעפיל	00059		86078	8607806		20170321
001027	דימונה	082996	המעפיל	00060		86078	8607807		20170321
001027	דימונה	082996	המעפיל	00061		86078	8607808		20170321
001027	דימונה	082996	המעפיל	00064		86078	8607811		20170321
001027	דימונה	082996	המעפיל	00065		86078	8607812		20170321
001027	דימונה	082996	המעפיל	00066		86078	8607813		20170321
001027	דימונה	082996	המעפיל	00067		86078	8607814		20170321
001027	דימונה	082996	המעפיל	00068		86078	8607815		20170321
001027	דימונה	082996	המעפיל	00069		86078	8607816		20161204
001027	דימונה	082996	המעפיל	00070		86078	8607817		20170321
001027	דימונה	082996	המעפיל	00071		86078	8607818		20170321
001027	דימונה	082996	המעפיל	00072		86078	8607819		20170321
001027	דימונה	082996	המעפיל	00073		86078	8607820		20170321
001027	דימונה	082996	המעפיל	00075		86078	8607822		20170321
001027	דימונה	082996	המעפיל	00076		86078	8607823		20170321
001027	דימונה	082996	המעפיל	00077		86078	8607824		20170321
001027	דימונה	082996	המעפיל	00078		86078	8607825		20170321
001027	דימונה	082996	המעפיל	00079		86078	8607826		20170321
001027	דימונה	082996	המעפיל	00081		86078	8607828		20170321
001027	דימונה	082996	המעפיל	00082		86078	8607829		20170321
001027	דימונה	082996	המעפיל	00083		86078	8607830		20170321
001027	דימונה	082996	המעפיל	00084		86078	8607831		20170321
001027	דימונה	082996	המעפיל	00085		86078	8607832		20170321
001027	דימונה	082996	המעפיל	00087		86078	8607834		20170321
001027	דימונה	082996	המעפיל	00088		86078	8607835		20170321
001027	דימונה	082996	המעפיל	00090		86078	8607837		20170321
001027	דימונה	082996	המעפיל	00091		86050	8616602	כתובת לא בדוקה	20130402
001027	דימונה	082996	המעפיל	00092		86078	8607838		20170321
001027	דימונה	082996	המעפיל	00093		86050	8616603	כתובת לא בדוקה	20130402
001027	דימונה	082996	המעפיל	00094		86078	8607839		20170321
001027	דימונה	082996	המעפיל	00096		86078	8607840		20170321
001027	דימונה	082996	המעפיל	00098		86078	8607841		20170321
001027	דימונה	082996	המעפיל	00102		86050	8616605	כתובת לא בדוקה	20130402
001027	דימונה	082996	המעפיל	01015		86141	8614102		20170321
001027	דימונה	082996	המעפיל	01015	א	86141	8614103		20170321
001027	דימונה	082996	המעפיל	01015	ג	86141	8614105		20170321
001027	דימונה	082996	המעפיל	01015	ה	86141	8614107		20170321
001027	דימונה	082996	המעפיל	01015	ו	86141	8614108		20170321
001027	דימונה	082996	המעפיל	01055		86142	8614201		20170321
001027	דימונה	082996	המעפיל	01055	א	86142	8614202		20170321
001027	דימונה	082996	המעפיל	01055	ב	86142	8614203		20170321
001027	דימונה	082996	המעפיל	01055	ג	86142	8614204		20170321
001027	דימונה	082996	המעפיל	01055	ד	86142	8614205		20170321
001027	דימונה	082996	המעפיל	01055	ה	86142	8614206		20170321
001027	דימונה	082996	המעפיל	01067		86142	8614208		20170321
001027	דימונה	082996	המעפיל	01067	א	86142	8614209		20170321
001027	דימונה	082996	המעפיל	01067	ב	86142	8614210		20170321
001027	דימונה	082996	המעפיל	01067	ג	86142	8614211		20170321
001027	דימונה	082996	המעפיל	01067	ד	86142	8614212		20170321
001027	דימונה	082996	המעפיל	01067	ה	86142	8614213		20170321
001027	דימונה	082996	המעפיל	01067	ו	86142	8614214		20170321
001027	דימונה	082996	המעפיל	01205	א	86078	8607846		20170321
001027	דימונה	082996	המעפיל	01205	ב	86078	8607847		20170321
001027	דימונה	082996	המעפיל	01205	ג	86078	8607848		20170321
001027	דימונה	082996	המעפיל	01205	ד	86078	8607849		20170321
001027	דימונה	082996	המעפיל	01205	ה	86078	8607850		20170321
001027	דימונה	082996	המעפיל	01209		86078	8607851		20170321
001027	דימונה	082996	המעפיל	01209	א	86078	8607852		20170321
001027	דימונה	082996	המעפיל	01209	ג	86078	8607854		20170321
001027	דימונה	082996	המעפיל	01209	ד	86078	8607855		20170321
001027	דימונה	082996	המעפיל	01209	ה	86078	8607856		20170321
001027	דימונה	082996	המעפיל	01215		86078	8607857		20170321
001027	דימונה	082996	המעפיל	01215	א	86078	8607858		20170321
001027	דימונה	082996	המעפיל	01215	ב	86078	8607859		20170321
001027	דימונה	082996	המעפיל	01215	ד	86078	8607861		20170321
001027	דימונה	082996	המעפיל	01237		86078	8607863		20170321
001027	דימונה	082996	המעפיל	01237	א	86078	8607864		20170321
001027	דימונה	082996	המעפיל	01237	ב	86078	8607865		20170321
001027	דימונה	082996	המעפיל	01237	ג	86078	8607866		20170321
001027	דימונה	082996	המעפיל	01237	ד	86078	8607867		20170321
001027	דימונה	082996	המעפיל	01237	ה	86078	8607868		20170321
001027	דימונה	082996	המעפיל	01238		86078	8607869		20170321
001027	דימונה	082996	המעפיל	01238	ב	86078	8607871		20170321
001027	דימונה	082996	המעפיל	01238	ה	86078	8607874		20170321
001027	דימונה	082996	המעפיל	01239		86078	8607875		20170321
001027	דימונה	082996	המעפיל	01239	א	86078	8607876		20170321
001027	דימונה	082996	המעפיל	01239	ב	86078	8607877		20170321
001027	דימונה	082996	המעפיל	01239	ג	86078	8607878		20170321
001027	דימונה	082996	המעפיל	01239	ה	86078	8607880		20170321
001027	דימונה	083058	טיילת הספורט	00000		86179	8617900	מיקוד ברירת מחדל לרחוב	20090707
001027	דימונה	083058	טיילת הספורט	00004		86179	8617961	כתובת לא בדוקה	20130710
001027	דימונה	083058	טיילת הספורט	00006		86179	8617962	כתובת לא בדוקה	20130710
001027	דימונה	083058	טיילת הספורט	00008		86179	8617963	כתובת לא בדוקה	20130710
001027	דימונה	083058	טיילת הספורט	00010		86179	8617964	כתובת לא בדוקה	20130710
001027	דימונה	083058	טיילת הספורט	00012		86179	8617965	כתובת לא בדוקה	20130710
001027	דימונה	083058	טיילת הספורט	00016		86179	8617967	כתובת לא בדוקה	20130710
001027	דימונה	083058	טיילת הספורט	00018		86179	8617968	כתובת לא בדוקה	20130710
001027	דימונה	083058	טיילת הספורט	00021		86179	8617983		20130728
001027	דימונה	083058	טיילת הספורט	00024		86179	8617971	כתובת לא בדוקה	20130710
001027	דימונה	083058	טיילת הספורט	00026		86179	8617972	כתובת לא בדוקה	20130710
001027	דימונה	083058	טיילת הספורט	00028		86179	8617973	כתובת לא בדוקה	20130710
001027	דימונה	083058	טיילת הספורט	00032		86179	8617975	כתובת לא בדוקה	20130710
001027	דימונה	083058	טיילת הספורט	00034		86179	8617976	כתובת לא בדוקה	20130710
001027	דימונה	083058	טיילת הספורט	00036		86179	8617977	כתובת לא בדוקה	20130710
001027	דימונה	083058	טיילת הספורט	00040		86179	8617979	כתובת לא בדוקה	20130710
001027	דימונה	083058	טיילת הספורט	00042		86179	8617980	כתובת לא בדוקה	20130710
001027	דימונה	083058	טיילת הספורט	00046		86179	8617982	כתובת לא בדוקה	20130710
001027	דימונה	083058	טיילת הספורט	00287		86179	8617985		20140206
001027	דימונה	083058	טיילת הספורט	00288		86179	8617984		20130805
001027	דימונה	083058	טיילת הספורט	01047	א	86179	8617902		20170321
001027	דימונה	083058	טיילת הספורט	01047	ב	86179	8617903		20170321
001027	דימונה	083058	טיילת הספורט	01047	ג	86179	8617904		20170321
001027	דימונה	083058	טיילת הספורט	01047	ה	86179	8617906		20170321
001027	דימונה	083058	טיילת הספורט	01047	ו	86179	8617907		20170321
001027	דימונה	083058	טיילת הספורט	01047	ז	86179	8617908		20170321
001027	דימונה	083058	טיילת הספורט	01048		86179	8617909		20170321
001027	דימונה	083058	טיילת הספורט	01048	א	86179	8617910		20170321
001027	דימונה	083058	טיילת הספורט	01048	ב	86179	8617911		20170321
001027	דימונה	083058	טיילת הספורט	01048	ג	86179	8617912		20170321
001027	דימונה	083058	טיילת הספורט	01048	ד	86179	8617913		20170321
001027	דימונה	083058	טיילת הספורט	01049	א	86179	8617915		20170321
001027	דימונה	083058	טיילת הספורט	01049	ד	86179	8617918		20170321
001027	דימונה	083058	טיילת הספורט	01050	ב	86179	8617921		20170321
001027	דימונה	083058	טיילת הספורט	01050	ג	86179	8617922		20170321
001027	דימונה	083058	טיילת הספורט	01050	ד	86179	8617923		20170321
001027	דימונה	083058	טיילת הספורט	01051		86179	8617924		20170321
001027	דימונה	083058	טיילת הספורט	01051	א	86179	8617925		20170321
001027	דימונה	083058	טיילת הספורט	01051	ב	86179	8617926		20170321
001027	דימונה	083058	טיילת הספורט	01051	ג	86179	8617927		20170321
001027	דימונה	083058	טיילת הספורט	01051	ד	86179	8617928		20170321
001027	דימונה	083058	טיילת הספורט	01056		86179	8617929		20170321
001027	דימונה	083058	טיילת הספורט	01056	א	86179	8617930		20170321
001027	דימונה	083058	טיילת הספורט	01056	ב	86179	8617931		20170321
001027	דימונה	083058	טיילת הספורט	01056	ג	86179	8617932		20170321
001027	דימונה	083058	טיילת הספורט	01056	ד	86179	8617933		20170321
001027	דימונה	083058	טיילת הספורט	01057		86179	8617934		20170321
001027	דימונה	083058	טיילת הספורט	01057	א	86179	8617935		20170321
001027	דימונה	083058	טיילת הספורט	01057	ב	86179	8617936		20170321
001027	דימונה	083058	טיילת הספורט	01057	ג	86179	8617937		20170321
001027	דימונה	083058	טיילת הספורט	01057	ד	86179	8617938		20170321
001027	דימונה	083058	טיילת הספורט	01058		86179	8617939		20170321
001027	דימונה	083058	טיילת הספורט	01058	ד	86179	8617943		20170321
001027	דימונה	083058	טיילת הספורט	01059		86179	8617944		20170321
001027	דימונה	083058	טיילת הספורט	01059	א	86179	8617945		20170321
001027	דימונה	083058	טיילת הספורט	01059	ב	86179	8617946		20170321
001027	דימונה	083058	טיילת הספורט	01059	ג	86179	8617947		20170321
001027	דימונה	083058	טיילת הספורט	01059	ד	86179	8617948		20170321
001027	דימונה	083058	טיילת הספורט	01060	א	86179	8617950		20170321
001027	דימונה	083058	טיילת הספורט	01060	ב	86179	8617951		20170321
001027	דימונה	083058	טיילת הספורט	01060	ג	86179	8617952		20170321
001027	דימונה	083058	טיילת הספורט	01060	ד	86179	8617953		20170321
001027	דימונה	083058	טיילת הספורט	01066		86179	8617954		20170321
001027	דימונה	083058	טיילת הספורט	01066	א	86179	8617955		20170321
001027	דימונה	083058	טיילת הספורט	01066	ב	86179	8617956		20170321
001027	דימונה	083058	טיילת הספורט	01066	ג	86179	8617957		20170321
001027	דימונה	083058	טיילת הספורט	01066	ד	86179	8617958		20170321
001027	דימונה	083058	טיילת הספורט	01066	ה	86179	8617959		20170321
001027	דימונה	083222	המלך דוד	00000		86143	8614300	מיקוד ברירת מחדל לרחוב	20090707
001027	דימונה	083222	המלך דוד	00285		86143	8614301		20170321
001027	דימונה	083222	המלך דוד	00285	א	86143	8614302		20170321
001027	דימונה	083222	המלך דוד	00285	ג	86143	8614304		20170321
001027	דימונה	083222	המלך דוד	00285	ד	86143	8614305		20170321
001027	דימונה	083222	המלך דוד	00285	ה	86143	8614306		20170321
001027	דימונה	083222	המלך דוד	00285	ו	86143	8614307		20170321
001027	דימונה	083222	המלך דוד	00286	א	86143	8614309		20170321
001027	דימונה	083222	המלך דוד	00286	ד	86143	8614312		20170321
001027	דימונה	083222	המלך דוד	00286	ה	86143	8614313		20170321
001027	דימונה	083222	המלך דוד	00286	ו	86143	8614314		20170321
001027	דימונה	083222	המלך דוד	00286	ח	86143	8614316		20170321
001027	דימונה	083222	המלך דוד	00286	ט	86143	8614317		20170321
001027	דימונה	083222	המלך דוד	00287	א	86143	8614319		20170321
001027	דימונה	083222	המלך דוד	00287	ב	86143	8614320		20170321
001027	דימונה	083222	המלך דוד	00288	א	86143	8614323		20170321
001027	דימונה	083222	המלך דוד	00288	ב	86143	8614324		20170321
001027	דימונה	083222	המלך דוד	00288	ג	86143	8614325		20170321
001027	דימונה	083222	המלך דוד	00289		86143	8614326		20170321
001027	דימונה	083222	המלך דוד	00289	א	86143	8614327		20170321
001027	דימונה	083222	המלך דוד	00289	ב	86143	8614328		20170321
001027	דימונה	083222	המלך דוד	00289	ג	86143	8614329		20170321
001027	דימונה	083222	המלך דוד	00293		86143	8614330		20170321
001027	דימונה	083222	המלך דוד	00293	ב	86143	8614332		20170321
001027	דימונה	083222	המלך דוד	00293	ג	86143	8614333		20170321
001027	דימונה	083222	המלך דוד	00293	ד	86143	8614334		20170321
001027	דימונה	083222	המלך דוד	00293	ה	86143	8614335		20170321
001027	דימונה	083222	המלך דוד	00293	ו	86143	8614336		20170321
001027	דימונה	083222	המלך דוד	00293	ז	86143	8614337		20170321
001027	דימונה	083222	המלך דוד	00293	ח	86143	8614338		20170321
001027	דימונה	083222	המלך דוד	00293	ט	86143	8614339		20170321
001027	דימונה	083463	סטרומה	00000		86076	8607600	מיקוד ברירת מחדל לרחוב	20090707
001027	דימונה	083523	רחבת האיסיים	00001		86047	8604729		20170321
001027	דימונה	083523	רחבת האיסיים	00002		86047	8604730		20170321
001027	דימונה	083523	רחבת האיסיים	00004		86047	8604732		20170321
001027	דימונה	083523	רחבת האיסיים	00005		86047	8604733		20170321
001027	דימונה	083523	רחבת האיסיים	00006		86047	8604734		20170321
001027	דימונה	083523	רחבת האיסיים	00007		86047	8604735		20170321
001027	דימונה	083523	רחבת האיסיים	00008		86047	8604736		20170321
001027	דימונה	083523	רחבת האיסיים	00009		86047	8604737		20170321
001027	דימונה	083523	רחבת האיסיים	00011		86047	8604739		20170321
001027	דימונה	083523	רחבת האיסיים	00013		86047	8604741		20170321
001027	דימונה	083523	רחבת האיסיים	00014		86047	8604742		20170321
001027	דימונה	083523	רחבת האיסיים	00015		86047	8604743		20170321
001027	דימונה	083571	שד בן גוריון	00001		86076	8607602	כתובת לא בדוקה	20090713
001027	דימונה	083571	שד בן גוריון	00003		86076	8607603	כתובת לא בדוקה	20090713
001027	דימונה	083571	שד בן גוריון	00005		86076	8607604	כתובת לא בדוקה	20090713
001027	דימונה	083571	שד בן גוריון	00015		86076	8607609	כתובת לא בדוקה	20090713
001027	דימונה	083571	שד בן גוריון	00017		86076	8607610	כתובת לא בדוקה	20090713
001027	דימונה	083571	שד בן גוריון	00019		86076	8607611	כתובת לא בדוקה	20090713
001027	דימונה	083571	שד בן גוריון	00021		86076	8607612	כתובת לא בדוקה	20090713
001027	דימונה	083571	שד בן גוריון	00023		86076	8607613	כתובת לא בדוקה	20090713
001027	דימונה	083571	שד בן גוריון	00027		86076	8607615	כתובת לא בדוקה	20090713
001027	דימונה	083571	שד בן גוריון	00029		86076	8607616	כתובת לא בדוקה	20090713
001027	דימונה	083571	שד בן גוריון	00031		86076	8607617	כתובת לא בדוקה	20090713
001027	דימונה	083571	שד בן גוריון	00033		86076	8607618	כתובת לא בדוקה	20090713
001027	דימונה	083571	שד בן גוריון	00037		86076	8607620	כתובת לא בדוקה	20090713
001027	דימונה	083571	שד בן גוריון	00039		86076	8607621	כתובת לא בדוקה	20090713
001027	דימונה	083571	שד בן גוריון	00043		86076	8607623	כתובת לא בדוקה	20090713
001027	דימונה	083571	שד בן גוריון	00047		86076	8607625	כתובת לא בדוקה	20090713
001027	דימונה	083571	שד בן גוריון	00051		86076	8607627	כתובת לא בדוקה	20090713
001027	דימונה	083571	שד בן גוריון	00053		86076	8607628	כתובת לא בדוקה	20090713
001027	דימונה	083571	שד בן גוריון	00057		86076	8607630	כתובת לא בדוקה	20090713
001027	דימונה	083571	שד בן גוריון	00063		86076	8607633	כתובת לא בדוקה	20090713
001027	דימונה	083571	שד בן גוריון	00065		86076	8607634	כתובת לא בדוקה	20090713
001027	דימונה	083571	שד בן גוריון	00067		86076	8607635	כתובת לא בדוקה	20090713
001027	דימונה	083571	שד בן גוריון	00069		86076	8607636	כתובת לא בדוקה	20090713
001027	דימונה	083571	שד בן גוריון	00073		86076	8607638	כתובת לא בדוקה	20090713
001027	דימונה	083571	שד בן גוריון	00075		86076	8607639	כתובת לא בדוקה	20090713
001027	דימונה	083571	שד בן גוריון	00077		86076	8607640	כתובת לא בדוקה	20090713
001027	דימונה	083571	שד בן גוריון	00079		86076	8607641	כתובת לא בדוקה	20090713
001027	דימונה	083571	שד בן גוריון	00083		86076	8607643	כתובת לא בדוקה	20090713
001027	דימונה	083571	שד בן גוריון	00085		86076	8607644	כתובת לא בדוקה	20090713
001027	דימונה	083571	שד בן גוריון	00087		86076	8607645	כתובת לא בדוקה	20090713
001027	דימונה	083571	שד בן גוריון	00089		86076	8607646	כתובת לא בדוקה	20090713
001027	דימונה	083571	שד בן גוריון	00093		86076	8607648	כתובת לא בדוקה	20090713
001027	דימונה	083571	שד בן גוריון	00095		86076	8607649	כתובת לא בדוקה	20090713
001027	דימונה	083571	שד בן גוריון	00097		86076	8607650	כתובת לא בדוקה	20090713
001027	דימונה	083571	שד בן גוריון	00099		86076	8607651	כתובת לא בדוקה	20090713
001027	דימונה	083571	שד בן גוריון	00122		86076	8607652		20170321
001027	דימונה	083571	שד בן גוריון	00126		86076	8607653		20170321
001027	דימונה	083571	שד בן גוריון	01041		86076	8607655		20170321
001027	דימונה	083571	שד בן גוריון	01041	א	86076	8607656		20170321
001027	דימונה	083571	שד בן גוריון	01041	ב	86076	8607657		20170321
001027	דימונה	083571	שד בן גוריון	01041	ג	86076	8607658		20170321
001027	דימונה	083571	שד בן גוריון	01041	ד	86076	8607659		20170321
001027	דימונה	083571	שד בן גוריון	01041	ה	86076	8607660		20170321
001027	דימונה	083571	שד בן גוריון	01042		86076	8607661		20170321
001027	דימונה	083571	שד בן גוריון	01042	א	86076	8607662		20170321
001027	דימונה	083571	שד בן גוריון	01042	ב	86076	8607663		20170321
001027	דימונה	083571	שד בן גוריון	01042	ד	86076	8607665		20170321
001027	דימונה	083571	שד בן גוריון	01043		86076	8607666		20170321
001027	דימונה	083571	שד בן גוריון	01043	א	86076	8607667		20170321
001027	דימונה	083571	שד בן גוריון	01043	ב	86076	8607668		20170321
001027	דימונה	083571	שד בן גוריון	01043	ג	86076	8607669		20170321
001027	דימונה	083571	שד בן גוריון	01044		86139	8613901		20170321
001027	דימונה	083571	שד בן גוריון	01044	א	86139	8613902		20170321
001027	דימונה	083571	שד בן גוריון	01044	ב	86139	8613903		20170321
001027	דימונה	083571	שד בן גוריון	01044	ג	86139	8613904		20170321
001027	דימונה	083571	שד בן גוריון	01044	ד	86139	8613905		20170321
001027	דימונה	083571	שד בן גוריון	01044	ו	86139	8613907		20170321
001027	דימונה	083571	שד בן גוריון	01045		86139	8613908		20170321
001027	דימונה	083571	שד בן גוריון	01045	ב	86139	8613910		20170321
001027	דימונה	083571	שד בן גוריון	01045	ג	86139	8613911		20170321
001027	דימונה	083571	שד בן גוריון	01046		86139	8613912		20170321
001027	דימונה	083571	שד בן גוריון	01046	א	86139	8613913		20170321
001027	דימונה	083571	שד בן גוריון	01046	ב	86139	8613914		20170321
001027	דימונה	083571	שד בן גוריון	01046	ג	86139	8613915		20170321
001027	דימונה	083571	שד בן גוריון	01046	ד	86139	8613916		20170321
001027	דימונה	083571	שד בן גוריון	01046	ה	86139	8613917		20170321
001027	דימונה	083571	שד בן גוריון	01046	ו	86139	8613918		20170321
001027	דימונה	083571	שד בן גוריון	01064		86139	8613919		20170321
001027	דימונה	083571	שד בן גוריון	01065		86139	8613920		20170321
001027	דימונה	083571	שד בן גוריון	01100		86076	8607670		20170321
001027	דימונה	083571	שד בן גוריון	01101		86076	8607671		20170321
001027	דימונה	083571	שד בן גוריון	01102		86076	8607672		20170321
001027	דימונה	083571	שד בן גוריון	01103		86076	8607673		20170321
001027	דימונה	083571	שד בן גוריון	01201		86076	8607674		20170321
001027	דימונה	083571	שד בן גוריון	01316		86140	8614001		20170321
001027	דימונה	083571	שד בן גוריון	01316	א	86140	8614002		20170321
001027	דימונה	083571	שד בן גוריון	01316	ב	86140	8614003		20170321
001027	דימונה	083571	שד בן גוריון	01316	ג	86140	8614004		20170321
001027	דימונה	083571	שד בן גוריון	01316	ד	86140	8614005		20170321
001027	דימונה	083571	שד בן גוריון	01316	ו	86140	8614007		20170321
001027	דימונה	083571	שד בן גוריון	01317		86140	8614008		20170321
001027	דימונה	083571	שד בן גוריון	01318		86076	8607675		20170321
001027	דימונה	083571	שד בן גוריון	01318	א	86076	8607676		20170321
001027	דימונה	083571	שד בן גוריון	01318	ב	86076	8607677		20170321
001027	דימונה	083571	שד בן גוריון	01318	ג	86076	8607678		20170321
001027	דימונה	083571	שד בן גוריון	01318	ד	86076	8607679		20170321
001027	דימונה	083571	שד בן גוריון	01318	ה	86076	8607680		20170321
001027	דימונה	083571	שד בן גוריון	01318	ו	86076	8607681		20170321
001027	דימונה	083571	שד בן גוריון	01318	ז	86076	8607682		20170321
001027	דימונה	083571	שד בן גוריון	01319		86140	8614009		20170321
001027	דימונה	083571	שד בן גוריון	01319	א	86140	8614010		20170321
001027	דימונה	083571	שד בן גוריון	01319	ג	86140	8614012		20170321
001027	דימונה	083571	שד בן גוריון	01323		86076	8607683		20170321
001027	דימונה	083571	שד בן גוריון	01323	ב	86076	8607685		20170321
001027	דימונה	083571	שד בן גוריון	01323	ג	86076	8607686		20170321
001027	דימונה	083571	שד בן גוריון	01323	ה	86076	8607688		20170321
001027	דימונה	083571	שד בן גוריון	01324		86139	8613921		20170321
001027	דימונה	083571	שד בן גוריון	01325		86076	8607689		20170321
001027	דימונה	083571	שד בן גוריון	01326		86139	8613922		20170321
001027	דימונה	083571	שד בן גוריון	01327		86076	8607690		20170321
001027	דימונה	083571	שד בן גוריון	01327	א	86076	8607691		20170321
001027	דימונה	083571	שד בן גוריון	01327	ג	86076	8607693		20170321
001027	דימונה	083571	שד בן גוריון	01327	ד	86076	8607694		20170321
001027	דימונה	083633	דרך השלום	00001		86071	8607101		20130710
001027	דימונה	083633	דרך השלום	00003		86071	8607103	כתובת לא בדוקה	20130710
001027	דימונה	083633	דרך השלום	00004		86071	8607104	כתובת לא בדוקה	20130710
001027	דימונה	083633	דרך השלום	00005		86071	8607105	כתובת לא בדוקה	20130710
001027	דימונה	083633	דרך השלום	00006		86071	8607106	כתובת לא בדוקה	20130710
001027	דימונה	083633	דרך השלום	00009		86071	8607109	כתובת לא בדוקה	20130710
001027	דימונה	083633	דרך השלום	00010		86071	8607110	כתובת לא בדוקה	20130710
001027	דימונה	083633	דרך השלום	00011		86071	8607111	כתובת לא בדוקה	20130710
001027	דימונה	083633	דרך השלום	00013		86071	8607113	כתובת לא בדוקה	20130710
001027	דימונה	083633	דרך השלום	00015		86071	8607115	כתובת לא בדוקה	20130710
001027	דימונה	083633	דרך השלום	00016		86071	8607116	כתובת לא בדוקה	20130710
001027	דימונה	083633	דרך השלום	00017		86071	8607117	כתובת לא בדוקה	20130710
001027	דימונה	083633	דרך השלום	00018		86071	8607118	כתובת לא בדוקה	20130710
001027	דימונה	083633	דרך השלום	00019		86071	8607119	כתובת לא בדוקה	20130710
001027	דימונה	083633	דרך השלום	00021		86071	8607121	כתובת לא בדוקה	20130710
001027	דימונה	083633	דרך השלום	00022		86071	8607122	כתובת לא בדוקה	20130710
001027	דימונה	083633	דרך השלום	00025		86071	8607125	כתובת לא בדוקה	20130710
001027	דימונה	083633	דרך השלום	00026		86071	8607126	כתובת לא בדוקה	20130710
001027	דימונה	083633	דרך השלום	00027		86071	8607127	כתובת לא בדוקה	20130710
001027	דימונה	083633	דרך השלום	00028		86071	8607128	כתובת לא בדוקה	20130710
001027	דימונה	083633	דרך השלום	00029		86071	8607129	כתובת לא בדוקה	20130710
001027	דימונה	083633	דרך השלום	00030		86071	8607130	כתובת לא בדוקה	20130710
001027	דימונה	083633	דרך השלום	00031		86071	8607131	כתובת לא בדוקה	20130710
001027	דימונה	083633	דרך השלום	00033		86071	8607133	כתובת לא בדוקה	20130710
001027	דימונה	083633	דרך השלום	00034		86071	8607134	כתובת לא בדוקה	20130710
001027	דימונה	083633	דרך השלום	00035		86071	8607135	כתובת לא בדוקה	20130710
001027	דימונה	083633	דרך השלום	00037		86071	8607137	כתובת לא בדוקה	20130710
001027	דימונה	083633	דרך השלום	00038		86071	8607138	כתובת לא בדוקה	20130710
001027	דימונה	083633	דרך השלום	00039		86071	8607139	כתובת לא בדוקה	20130710
001027	דימונה	083633	דרך השלום	00040		86071	8607140	כתובת לא בדוקה	20130710
001027	דימונה	083633	דרך השלום	00041		86071	8607141	כתובת לא בדוקה	20130710
001027	דימונה	083633	דרך השלום	00042		86071	8607142	כתובת לא בדוקה	20130710
001027	דימונה	083633	דרך השלום	00044		86071	8607144	כתובת לא בדוקה	20130710
001027	דימונה	083633	דרך השלום	00045		86071	8607145	כתובת לא בדוקה	20130710
001027	דימונה	083633	דרך השלום	00047		86071	8607147	כתובת לא בדוקה	20130710
001027	דימונה	083633	דרך השלום	00048		86071	8607148	כתובת לא בדוקה	20130710
001027	דימונה	083633	דרך השלום	00049		86071	8607149	כתובת לא בדוקה	20130710
001027	דימונה	083633	דרך השלום	00050		86071	8607150	כתובת לא בדוקה	20130710
001027	דימונה	083633	דרך השלום	00051		86071	8607151	כתובת לא בדוקה	20130710
001027	דימונה	083633	דרך השלום	00052		86071	8607152	כתובת לא בדוקה	20130710
001027	דימונה	083633	דרך השלום	00055		86071	8607155	כתובת לא בדוקה	20130710
001027	דימונה	083633	דרך השלום	00057		86071	8607157	כתובת לא בדוקה	20130710
001027	דימונה	083633	דרך השלום	00058		86071	8607158	כתובת לא בדוקה	20130710
001027	דימונה	083633	דרך השלום	00059		86071	8607159	כתובת לא בדוקה	20130710
001027	דימונה	083633	דרך השלום	00061		86071	8607160	כתובת לא בדוקה	20130710
001027	דימונה	083633	דרך השלום	00063		86071	8607161	כתובת לא בדוקה	20130710
001027	דימונה	083633	דרך השלום	00065		86071	8607162	כתובת לא בדוקה	20130710
001027	דימונה	083633	דרך השלום	00067		86071	8607163	כתובת לא בדוקה	20130710
001027	דימונה	083633	דרך השלום	00069		86071	8607164	כתובת לא בדוקה	20130710
001027	דימונה	083633	דרך השלום	00073		86071	8607166	כתובת לא בדוקה	20130710
001027	דימונה	083633	דרך השלום	00077		86071	8607168	כתובת לא בדוקה	20130710
001027	דימונה	083633	דרך השלום	00081		86071	8607170	כתובת לא בדוקה	20130710
001027	דימונה	083633	דרך השלום	00113		86077	8607701		20170321
001027	דימונה	083633	דרך השלום	00114		86077	8607702		20170321
001027	דימונה	083633	דרך השלום	00115		86077	8607703		20170321
001027	דימונה	083633	דרך השלום	00138		86077	8607704		20170321
001027	דימונה	083633	דרך השלום	00139		86077	8607705		20170321
001027	דימונה	083633	דרך השלום	00143		86077	8607706		20170321
001027	דימונה	083633	דרך השלום	00144		86077	8607707		20170321
001027	דימונה	083633	דרך השלום	00145		86077	8607708		20170321
001027	דימונה	083633	דרך השלום	00906		86177	8617701		20170321
001027	דימונה	083633	דרך השלום	01112		86177	8617702		20170321
001027	דימונה	083633	דרך השלום	01203		86077	8607709		20170321
001027	דימונה	083633	דרך השלום	01203	א	86077	8607710		20170321
001027	דימונה	083633	דרך השלום	01203	ב	86077	8607711		20170321
001027	דימונה	083633	דרך השלום	01204		86177	8617703		20170321
001027	דימונה	083633	דרך השלום	01206		86177	8617704		20170321
001027	דימונה	083633	דרך השלום	01212		86177	8617706		20170321
001027	דימונה	083633	דרך השלום	01214		86177	8617707		20170321
001027	דימונה	083633	דרך השלום	01216		86177	8617708		20170321
001027	דימונה	083704	מרחבים	00000		86167	8616700	מיקוד ברירת מחדל לרחוב	20090707
001027	דימונה	083704	מרחבים	01210		86167	8616701		20170321
001027	דימונה	083704	מרחבים	01216		86167	8616725		20170228
001027	דימונה	083704	מרחבים	01301		86168	8616801		20170321
001027	דימונה	083704	מרחבים	01301	א	86168	8616802		20170321
001027	דימונה	083704	מרחבים	01301	ב	86168	8616803		20170321
001027	דימונה	083704	מרחבים	01301	ג	86168	8616804		20170321
001027	דימונה	083704	מרחבים	01301	ד	86168	8616805		20170321
001027	דימונה	083704	מרחבים	01302		86168	8616806		20170321
001027	דימונה	083704	מרחבים	01303		86168	8616807		20170321
001027	דימונה	083704	מרחבים	01303	א	86168	8616808		20170321
001027	דימונה	083704	מרחבים	01303	ב	86168	8616809		20170321
001027	דימונה	083704	מרחבים	01303	ג	86168	8616810		20170321
001027	דימונה	083704	מרחבים	01304		86168	8616812		20170321
001027	דימונה	083704	מרחבים	01305	א	86168	8616814		20170321
001027	דימונה	083704	מרחבים	01305	ב	86168	8616815		20170321
001027	דימונה	083704	מרחבים	01305	ג	86168	8616816		20170321
001027	דימונה	083704	מרחבים	01305	ד	86168	8616817		20170321
001027	דימונה	083704	מרחבים	01305	ה	86168	8616818		20170321
001027	דימונה	083704	מרחבים	01307		86169	8616901		20170321
001027	דימונה	083704	מרחבים	01307	א	86169	8616902		20170321
001027	דימונה	083704	מרחבים	01307	ב	86169	8616903		20170321
001027	דימונה	083704	מרחבים	01307	ד	86169	8616905		20170321
001027	דימונה	083704	מרחבים	01307	ה	86169	8616906		20170321
001027	דימונה	083704	מרחבים	01308		86169	8616909		20170321
001027	דימונה	083704	מרחבים	01308	ב	86169	8616911		20170321
001027	דימונה	083704	מרחבים	01308	ג	86169	8616912		20170321
001027	דימונה	083704	מרחבים	01308	ד	86169	8616913		20170321
001027	דימונה	083704	מרחבים	01308	ה	86169	8616914		20170321
001027	דימונה	083704	מרחבים	01308	ו	86169	8616915		20170321
001027	דימונה	083704	מרחבים	01311		86167	8616703		20170321
001027	דימונה	083704	מרחבים	01312		86167	8616704		20170321
001027	דימונה	083704	מרחבים	01313		86167	8616705		20170321
001027	דימונה	083704	מרחבים	01314		86167	8616706		20170321
001027	דימונה	083704	מרחבים	01315		86167	8616707		20170321
001027	דימונה	083704	מרחבים	01320		86169	8616917		20170321
001027	דימונה	083704	מרחבים	01321		86169	8616918		20170321
001027	דימונה	083704	מרחבים	01322		86169	8616919		20170321
001027	דימונה	083704	מרחבים	01324		86169	8616920		20170321
001027	דימונה	083704	מרחבים	01325		86169	8616921		20170321
001027	דימונה	083704	מרחבים	01327		86169	8616923		20170321
001027	דימונה	083704	מרחבים	01327	א	86169	8616924		20170321
001027	דימונה	083704	מרחבים	01327	ד	86169	8616927		20170321
001027	דימונה	083704	מרחבים	01328		86167	8616708		20170321
001027	דימונה	083704	מרחבים	01329		86167	8616709		20170321
001027	דימונה	083704	מרחבים	01331		86167	8616711		20170321
001027	דימונה	083704	מרחבים	01331	א	86167	8616712		20170321
001027	דימונה	083704	מרחבים	01331	ב	86167	8616713		20170321
001027	דימונה	083704	מרחבים	01331	ג	86167	8616714		20170321
001027	דימונה	083704	מרחבים	01331	ד	86167	8616715		20170321
001027	דימונה	083704	מרחבים	01331	ה	86167	8616716		20170321
001027	דימונה	083704	מרחבים	01331	ו	86167	8616717		20170321
001027	דימונה	083704	מרחבים	01331	ז	86167	8616718		20170321
001027	דימונה	083704	מרחבים	01332		86167	8616719		20170321
001027	דימונה	083704	מרחבים	01332	א	86167	8616720		20170321
001027	דימונה	083704	מרחבים	01332	ב	86167	8616721		20170321
001027	דימונה	083704	מרחבים	01332	ג	86167	8616722		20170321
001027	דימונה	083704	מרחבים	01332	ד	86167	8616723		20170321
001027	דימונה	083744	הפסגה	00000		86171	8617100	מיקוד ברירת מחדל לרחוב	20090707
001027	דימונה	083744	הפסגה	00001		86170	8617001		20170321
001027	דימונה	083744	הפסגה	00002		86170	8617002		20170321
001027	דימונה	083744	הפסגה	00003		86170	8617003		20170321
001027	דימונה	083744	הפסגה	00004		86170	8617004		20170321
001027	דימונה	083744	הפסגה	00005		86170	8617005		20170321
001027	דימונה	083744	הפסגה	00006		86170	8617006		20170321
001027	דימונה	083744	הפסגה	00007		86170	8617007		20170321
001027	דימונה	083744	הפסגה	00010		86170	8617010		20170321
001027	דימונה	083744	הפסגה	00011		86170	8617011		20170321
001027	דימונה	083744	הפסגה	00014		86170	8617014		20170321
001027	דימונה	083744	הפסגה	00017		86170	8617017		20170321
001027	דימונה	083744	הפסגה	00019		86170	8617019		20170321
001027	דימונה	083744	הפסגה	00020		86170	8617020		20170321
001027	דימונה	083744	הפסגה	00021		86170	8617021		20170321
001027	דימונה	083744	הפסגה	00022		86170	8617022		20170321
001027	דימונה	083744	הפסגה	00025		86170	8617025		20170321
001027	דימונה	083744	הפסגה	00026		86170	8617026		20170321
001027	דימונה	083744	הפסגה	00027		86170	8617027		20170321
001027	דימונה	083744	הפסגה	00028		86170	8617028		20170321
001027	דימונה	083744	הפסגה	00029		86170	8617029		20170321
001027	דימונה	083744	הפסגה	00030		86170	8617030		20170321
001027	דימונה	083744	הפסגה	00031		86170	8617031		20170321
001027	דימונה	083744	הפסגה	00033		86170	8617033		20170321
001027	דימונה	083744	הפסגה	00034		86170	8617034		20170321
001027	דימונה	083744	הפסגה	00035		86170	8617035		20170321
001027	דימונה	083744	הפסגה	00036		86170	8617036		20170321
001027	דימונה	083744	הפסגה	00037		86170	8617037		20170321
001027	דימונה	083744	הפסגה	00038		86170	8617038		20170321
001027	דימונה	083744	הפסגה	00039		86170	8617039		20170321
001027	דימונה	083744	הפסגה	00040		86171	8617101		20170321
001027	דימונה	083744	הפסגה	00041		86171	8617102		20170321
001027	דימונה	083744	הפסגה	00044		86171	8617105		20170321
001027	דימונה	083744	הפסגה	00045		86171	8617106		20170321
001027	דימונה	083744	הפסגה	00046		86171	8617107		20170321
001027	דימונה	083744	הפסגה	00047		86171	8617108		20170321
001027	דימונה	083744	הפסגה	00048		86171	8617109		20170321
001027	דימונה	083744	הפסגה	00049		86171	8617110		20170321
001027	דימונה	083744	הפסגה	00050		86171	8617111		20170321
001027	דימונה	083744	הפסגה	00052		86171	8617113		20170321
001027	דימונה	083744	הפסגה	00053		86171	8617114		20170321
001027	דימונה	083744	הפסגה	00055		86171	8617116		20170321
001027	דימונה	083744	הפסגה	00056		86171	8617117		20170321
001027	דימונה	083744	הפסגה	00057		86171	8617118		20170321
001027	דימונה	083744	הפסגה	00058		86171	8617119		20170321
001027	דימונה	083744	הפסגה	00059		86171	8617120		20170321
001027	דימונה	083744	הפסגה	00060		86171	8617121		20170321
001027	דימונה	083744	הפסגה	00061		86171	8617122		20170321
001027	דימונה	083744	הפסגה	00062		86171	8617123		20170321
001027	דימונה	083744	הפסגה	00063		86171	8617124		20170321
001027	דימונה	083744	הפסגה	00066		86171	8617127		20170321
001027	דימונה	083744	הפסגה	00067		86171	8617128		20170321
001027	דימונה	083744	הפסגה	00068		86171	8617129		20170321
001027	דימונה	083744	הפסגה	00069		86171	8617130		20170321
001027	דימונה	083744	הפסגה	00070		86171	8617131		20170321
001027	דימונה	083744	הפסגה	00071		86171	8617132		20170321
001027	דימונה	083744	הפסגה	00072		86171	8617133		20170321
001027	דימונה	083744	הפסגה	00073		86171	8617134		20170321
001027	דימונה	083744	הפסגה	00074		86171	8617135		20170321
001027	דימונה	083744	הפסגה	00075		86171	8617136		20170321
001027	דימונה	083744	הפסגה	00076		86171	8617137		20170321
001027	דימונה	083744	הפסגה	00077		86171	8617138		20170321
001027	דימונה	083744	הפסגה	00078		86171	8617139		20170321
001027	דימונה	083744	הפסגה	00082		86171	8617143		20170321
001027	דימונה	083744	הפסגה	00083		86171	8617144	כתובת לא בדוקה	20090713
001027	דימונה	083744	הפסגה	00084		86171	8617145		20170321
001027	דימונה	083744	הפסגה	00085		86171	8617146	כתובת לא בדוקה	20090713
001027	דימונה	083744	הפסגה	00086		86171	8617147		20170321
001027	דימונה	083744	הפסגה	00087		86171	8617148	כתובת לא בדוקה	20090713
001027	דימונה	083744	הפסגה	00089		86171	8617150	כתובת לא בדוקה	20090713
001027	דימונה	083744	הפסגה	00090		86171	8617151		20170321
001027	דימונה	083744	הפסגה	00091		86171	8617152		20170321
001027	דימונה	083744	הפסגה	00093		86171	8617153		20170321
001027	דימונה	083744	הפסגה	00097		86171	8617155		20170321
001027	דימונה	083744	הפסגה	00099		86171	8617156		20170321
001027	דימונה	083744	הפסגה	00101		86171	8617157		20170321
001027	דימונה	083744	הפסגה	00105		86171	8617159		20170321
001027	דימונה	083744	הפסגה	00109		86171	8617161		20170321
001027	דימונה	083744	הפסגה	00111		86171	8617162		20170321
001027	דימונה	083744	הפסגה	00115		86171	8617164		20170321
001027	דימונה	083744	הפסגה	00117		86171	8617165		20170321
001027	דימונה	083744	הפסגה	00119		86171	8617166		20170321
001027	דימונה	083784	המעלה	00000		86079	8607900	מיקוד ברירת מחדל לרחוב	20090707
001027	דימונה	083784	המעלה	00002		86079	8607902		20170321
001027	דימונה	083784	המעלה	00003		86079	8607903		20170321
001027	דימונה	083784	המעלה	00004		86079	8607904		20170321
001027	דימונה	083784	המעלה	00005		86079	8607905		20170321
001027	דימונה	083784	המעלה	00006		86079	8607906		20170321
001027	דימונה	083784	המעלה	00007		86079	8607907		20170321
001027	דימונה	083784	המעלה	00008		86079	8607908		20170321
001027	דימונה	083784	המעלה	00009		86079	8607909		20170321
001027	דימונה	083784	המעלה	00010		86079	8607910		20170321
001027	דימונה	083784	המעלה	00011		86079	8607911		20170321
001027	דימונה	083784	המעלה	00012		86079	8607912		20170321
001027	דימונה	083784	המעלה	00014		86079	8607914		20170321
001027	דימונה	083784	המעלה	00015		86079	8607915		20170321
001027	דימונה	083784	המעלה	00017		86079	8607917		20170321
001027	דימונה	083784	המעלה	00018		86079	8607918		20170321
001027	דימונה	083784	המעלה	00019		86079	8607919		20170321
001027	דימונה	083784	המעלה	00020		86079	8607920		20170321
001027	דימונה	083784	המעלה	00023		86079	8607923		20170321
001027	דימונה	083784	המעלה	00024		86079	8607924		20170321
001027	דימונה	083784	המעלה	00025		86079	8607925		20170321
001027	דימונה	083784	המעלה	00026		86079	8607926		20170321
001027	דימונה	083784	המעלה	00027		86079	8607927		20170321
001027	דימונה	083784	המעלה	00028		86079	8607928		20170321
001027	דימונה	083784	המעלה	00029		86079	8607929		20170321
001027	דימונה	083784	המעלה	00030		86079	8607930		20170321
001027	דימונה	083784	המעלה	00031		86079	8607931		20170321
001027	דימונה	083784	המעלה	00032		86079	8607932		20170321
001027	דימונה	083784	המעלה	00033		86079	8607933		20170321
001027	דימונה	083850	ערוגות	00004		86074	8607404		20170321
001027	דימונה	083850	ערוגות	00005		86074	8607405		20170321
001027	דימונה	083850	ערוגות	00006		86074	8607406		20170321
001027	דימונה	083850	ערוגות	00007		86074	8607407		20170321
001027	דימונה	083850	ערוגות	00008		86074	8607408		20170321
001027	דימונה	083850	ערוגות	00009		86074	8607409		20170321
001027	דימונה	083850	ערוגות	00010		86074	8607410		20170321
001027	דימונה	083850	ערוגות	00012		86074	8607412		20170321
001027	דימונה	083850	ערוגות	00013		86074	8607413		20170321
001027	דימונה	083850	ערוגות	00014		86074	8607414		20170321
001027	דימונה	083850	ערוגות	00015		86074	8607415		20170321
001027	דימונה	083850	ערוגות	00016		86074	8607416		20170321
001027	דימונה	083910	?	00000		86072	8607200	מיקוד ברירת מחדל לרחוב	20090707
001027	דימונה	083910	?	00001		86072	8607213	כתובת לא בדוקה	20130710
001027	דימונה	083910	?	00002		86072	8607214	כתובת לא בדוקה	20130710
001027	דימונה	083910	?	00003		86072	8607215	כתובת לא בדוקה	20130710
001027	דימונה	083910	?	00004		86072	8607216	כתובת לא בדוקה	20130710
001027	דימונה	083910	?	00005		86072	8607217	כתובת לא בדוקה	20130710
001027	דימונה	083910	?	00006		86072	8607218	כתובת לא בדוקה	20130710
001027	דימונה	083910	?	00007		86072	8607219	כתובת לא בדוקה	20130710
001027	דימונה	083910	?	00008		86072	8607220	כתובת לא בדוקה	20130710
001027	דימונה	083910	?	00009		86072	8607221	כתובת לא בדוקה	20130710
001027	דימונה	083910	?	00010		86072	8607222	כתובת לא בדוקה	20130710
001027	דימונה	083910	?	00011		86072	8607223	כתובת לא בדוקה	20130710
001027	דימונה	083910	?	00012		86072	8607224	כתובת לא בדוקה	20130710
001027	דימונה	083910	?	00013		86072	8607225	כתובת לא בדוקה	20130710
001027	דימונה	083910	?	00015		86072	8607227	כתובת לא בדוקה	20130710
001027	דימונה	083910	?	00016		86072	8607228	כתובת לא בדוקה	20130710
001027	דימונה	083910	?	00146		86072	8607201		20170321
001027	דימונה	083910	?	00147		86072	8607202		20170321
001027	דימונה	083956	הזמיר	00135		86076	8607697		20170321
001027	דימונה	083956	הזמיר	00137		86076	8607699		20170321
001027	דימונה	083956	הזמיר	00142		86076	8611503		20170321
001027	דימונה	083956	הזמיר	00143		86076	8611504		20170321
001027	דימונה	083956	הזמיר	01216		86076	8611505		20170321
001027	דימונה	083998	דוכיפת	00122		86176	8617601		20170321
001027	דימונה	084045	היונה	00004		86072	8607205	כתובת לא בדוקה	20090713
001027	דימונה	084045	היונה	00148		86072	8607206		20170321
001027	דימונה	084045	היונה	00150		86072	8607207		20170321
001027	דימונה	084045	היונה	00151		86072	8607208		20170321
001027	דימונה	084045	היונה	00153		86072	8607209		20170321
001027	דימונה	084045	היונה	00155		86072	8607210		20170321
001027	דימונה	084045	היונה	00156		86072	8607211		20170321
001027	דימונה	084045	היונה	00186		86072	8607212		20170321
001027	דימונה	084092	השלוה	00000		86138	8613800	מיקוד ברירת מחדל לרחוב	20090707
001027	דימונה	084092	השלוה	01157		86137	8613701		20170321
001027	דימונה	084092	השלוה	01157	א	86137	8613702		20170321
001027	דימונה	084092	השלוה	01158		86137	8613704		20170321
001027	דימונה	084092	השלוה	01160		86138	8613801		20170321
001027	דימונה	084092	השלוה	01161		86138	8613804		20170321
001027	דימונה	084092	השלוה	01170		86138	8613806		20170321
001027	דימונה	084092	השלוה	01170	א	86138	8613807		20170321
001027	דימונה	084092	השלוה	01170	ב	86138	8613808		20170321
001027	דימונה	084092	השלוה	01177		86138	8613809		20170321
001027	דימונה	084092	השלוה	01178		86138	8613810		20170321
001027	דימונה	084092	השלוה	01178	א	86138	8613811		20170321
001027	דימונה	084092	השלוה	01178	ב	86138	8613812		20170321
001027	דימונה	084092	השלוה	01179		86138	8613813		20170321
001027	דימונה	084092	השלוה	01179	א	86138	8613814		20170321
001027	דימונה	084092	השלוה	01179	ב	86138	8613815		20170321
001027	דימונה	084092	השלוה	01180	א	86138	8613817		20170321
001027	דימונה	084092	השלוה	01180	ב	86138	8613818		20170321
001027	דימונה	084092	השלוה	01181		86138	8613819		20170321
001027	דימונה	084137	?	00000		86042	8604200	מיקוד ברירת מחדל לרחוב	20090707
001027	דימונה	084137	?	00251		86042	8604201		20170321
001027	דימונה	084137	?	00253		86042	8604203		20170321
001027	דימונה	084137	?	00254		86042	8604204		20170321
001027	דימונה	084216	מילרוד אליעזר	00000		86045	8604500	מיקוד ברירת מחדל לרחוב	20090707
001027	דימונה	084216	מילרוד אליעזר	00001		86045	8604501	כתובת לא בדוקה	20090713
001027	דימונה	084216	מילרוד אליעזר	00002		86045	8604502	כתובת לא בדוקה	20090713
001027	דימונה	084216	מילרוד אליעזר	00005		86045	8604505	כתובת לא בדוקה	20090713
001027	דימונה	084216	מילרוד אליעזר	00006		86045	8604506	כתובת לא בדוקה	20090713
001027	דימונה	084216	מילרוד אליעזר	00008		86045	8604508	כתובת לא בדוקה	20090713
001027	דימונה	084216	מילרוד אליעזר	00010		86045	8604509	כתובת לא בדוקה	20090713
001027	דימונה	084216	מילרוד אליעזר	00012		86045	8604510	כתובת לא בדוקה	20090713
001027	דימונה	084216	מילרוד אליעזר	00014		86045	8604511	כתובת לא בדוקה	20090713
001027	דימונה	084216	מילרוד אליעזר	01618		86045	8604513		20170321
001027	דימונה	084216	מילרוד אליעזר	01619		86045	8604514		20170321
001027	דימונה	084216	מילרוד אליעזר	01620		86045	8604515		20170321
001027	דימונה	084310	נבטים	00001		86074	8607417		20170321
001027	דימונה	084310	נבטים	00002		86074	8607418		20170321
001027	דימונה	084310	נבטים	00003		86074	8607419		20170321
001027	דימונה	084310	נבטים	00004		86074	8607420		20170321
001027	דימונה	084310	נבטים	00006		86074	8607422		20170321
001027	דימונה	084310	נבטים	00008		86074	8607424		20170321
001027	דימונה	084310	נבטים	00009		86074	8607425		20170321
001027	דימונה	084310	נבטים	00010		86074	8607426		20170321
001027	דימונה	084310	נבטים	00011		86074	8607427		20170321
001027	דימונה	084310	נבטים	00012		86074	8607428		20170321
001027	דימונה	084310	נבטים	00013		86074	8607429		20170321
001027	דימונה	084310	נבטים	00015		86074	8607431		20170321
001027	דימונה	084386	?	00000		86074	8607400	מיקוד ברירת מחדל לרחוב	20090707
001027	דימונה	084386	?	00002		86074	8607434		20170321
001027	דימונה	084386	?	00003		86074	8607435		20170321
001027	דימונה	084386	?	00004		86074	8607436		20170321
001027	דימונה	084386	?	00005		86074	8607437		20170321
001027	דימונה	084386	?	00006		86074	8607438		20170321
001027	דימונה	084386	?	00007		86074	8607439		20170321
001027	דימונה	084386	?	00008		86074	8607440		20170321
001027	דימונה	084386	?	00009		86074	8607441		20170321
001027	דימונה	084386	?	00010		86074	8607442		20170321
001027	דימונה	084386	?	00011		86074	8607443		20170321
001027	דימונה	084386	?	00013		86074	8607445		20170321
001027	דימונה	084386	?	00014		86074	8607446		20170321
001027	דימונה	084386	?	00125		86074	8607449		20170321
001027	דימונה	084626	עלית הנוער	00002		86050	8605016	כתובת לא בדוקה	20090713
001027	דימונה	084626	עלית הנוער	00006		86050	8605020	כתובת לא בדוקה	20090713
001027	דימונה	084626	עלית הנוער	00007		86050	8605021	כתובת לא בדוקה	20090713
001027	דימונה	084626	עלית הנוער	00008		86050	8605022	כתובת לא בדוקה	20090713
001027	דימונה	084626	עלית הנוער	00009		86050	8605023	כתובת לא בדוקה	20090713
001027	דימונה	084626	עלית הנוער	00010		86050	8605024	כתובת לא בדוקה	20090713
001027	דימונה	084626	עלית הנוער	00011		86050	8605025	כתובת לא בדוקה	20090713
001027	דימונה	084626	עלית הנוער	00012		86050	8605026	כתובת לא בדוקה	20090713
001027	דימונה	084626	עלית הנוער	00013		86050	8605027	כתובת לא בדוקה	20090713
001027	דימונה	085016	שאול המלך	00035		86179	8617986		20170125
001027	דימונה	085148	נתיב הצפורים	00000		86075	8607500	מיקוד ברירת מחדל לרחוב	20090707
001027	דימונה	085148	נתיב הצפורים	00131		86075	8607501		20170321
001027	דימונה	085148	נתיב הצפורים	00132		86075	8607502		20170321
001027	דימונה	085148	נתיב הצפורים	00133		86075	8607503		20170321
001027	דימונה	085190	הסדנה	00000		86123	8612300	מיקוד ברירת מחדל לרחוב	20090707
001027	דימונה	085190	הסדנה	00001		86123	8612309	כתובת לא בדוקה	20090713
001027	דימונה	085190	הסדנה	00007		86123	8612312	כתובת לא בדוקה	20090713
001027	דימונה	085404	העליה	00000		86048	8604800	מיקוד ברירת מחדל לרחוב	20090707
001027	דימונה	085404	העליה	00002		86048	8604844	כתובת לא בדוקה	20090713
001027	דימונה	085404	העליה	00004		86048	8604845	כתובת לא בדוקה	20090713
001027	דימונה	085404	העליה	00006		86048	8604846	כתובת לא בדוקה	20090713
001027	דימונה	085404	העליה	00008		86048	8604847	כתובת לא בדוקה	20090713
001027	דימונה	085404	העליה	00010		86048	8604848	כתובת לא בדוקה	20090713
001027	דימונה	085404	העליה	00014		86048	8604850	כתובת לא בדוקה	20090713
001027	דימונה	085404	העליה	00016		86048	8604851	כתובת לא בדוקה	20090713
001027	דימונה	085404	העליה	00020		86048	8604853	כתובת לא בדוקה	20090713
001027	דימונה	085404	העליה	00022		86048	8604854	כתובת לא בדוקה	20090713
001027	דימונה	085404	העליה	00024		86048	8604855	כתובת לא בדוקה	20090713
001027	דימונה	085404	העליה	00026		86048	8604856	כתובת לא בדוקה	20090713
001027	דימונה	085404	העליה	00028		86048	8604857	כתובת לא בדוקה	20090713
001027	דימונה	085404	העליה	00030		86048	8604858	כתובת לא בדוקה	20090713
001027	דימונה	085404	העליה	00034		86048	8604860	כתובת לא בדוקה	20090713
001027	דימונה	085404	העליה	00038		86048	8604862	כתובת לא בדוקה	20090713
001027	דימונה	085404	העליה	00040		86048	8604863	כתובת לא בדוקה	20090713
001027	דימונה	085404	העליה	00042		86048	8604864	כתובת לא בדוקה	20090713
001027	דימונה	085404	העליה	00044		86048	8604865	כתובת לא בדוקה	20090713
001027	דימונה	085619	התפוצות	00013		86058	8605875		20130512
001027	דימונה	085619	התפוצות	00031		86058	8605877		20170321
001027	דימונה	085619	התפוצות	00033		86058	8605878		20170321
001027	דימונה	085619	התפוצות	00035		86058	8605879		20170321
001027	דימונה	085619	התפוצות	00037		86058	8605880		20170321
001027	דימונה	085619	התפוצות	00143		86058	8605882		20130512
001027	דימונה	085619	התפוצות	00145		86058	8605884		20130512
001027	דימונה	085619	התפוצות	00149		86058	8605885		20170321
001027	דימונה	085619	התפוצות	00150		86058	8605886		20170321
001027	דימונה	085800	הגיא	00001		86078	8607881		20170321
001027	דימונה	085800	הגיא	00002		86078	8607882		20170321
001027	דימונה	085800	הגיא	00003		86078	8607883		20170321
001027	דימונה	085800	הגיא	00005		86078	8607885		20170321
001027	דימונה	085800	הגיא	00006		86078	8607886		20170321
001027	דימונה	085800	הגיא	00009		86078	8607889		20170321
001027	דימונה	085800	הגיא	00010		86078	8607890		20170321
001027	דימונה	085800	הגיא	00011		86078	8607891		20170321
001027	דימונה	085800	הגיא	00014		86078	8607893	כתובת לא בדוקה	20090713
001027	דימונה	085800	הגיא	00016		86078	8607894	כתובת לא בדוקה	20090713
001027	דימונה	085959	משעול שלדג	00000		86176	8617600	מיקוד ברירת מחדל לרחוב	20090707
001027	דימונה	085959	משעול שלדג	00001		86176	8617604	כתובת לא בדוקה	20090713
001027	דימונה	085959	משעול שלדג	00002		86176	8617605	כתובת לא בדוקה	20090713
001027	דימונה	085959	משעול שלדג	00003		86176	8617606	כתובת לא בדוקה	20090713
001027	דימונה	085959	משעול שלדג	00004		86176	8617607	כתובת לא בדוקה	20090713
001027	דימונה	085959	משעול שלדג	00005		86176	8617608	כתובת לא בדוקה	20090713
001027	דימונה	085959	משעול שלדג	00007		86176	8617610	כתובת לא בדוקה	20090713
001027	דימונה	085959	משעול שלדג	00008		86176	8617611	כתובת לא בדוקה	20090713
001027	דימונה	085959	משעול שלדג	00012		86176	8617615	כתובת לא בדוקה	20090713
001027	דימונה	085959	משעול שלדג	00015		86176	8617618	כתובת לא בדוקה	20090713
001027	דימונה	085959	משעול שלדג	00016		86176	8617619	כתובת לא בדוקה	20090713
001027	דימונה	085959	משעול שלדג	00123		86176	8617620		20170321
001027	דימונה	085959	משעול שלדג	00124		86176	8617621		20170321
001027	דימונה	085959	משעול שלדג	00127		86176	8617622		20170321
001027	דימונה	085959	משעול שלדג	00128		86176	8617623		20170321
001027	דימונה	085985	דוד אלעזר	00000		86161	8616100	מיקוד ברירת מחדל לרחוב	20090707
001027	דימונה	085985	דוד אלעזר	00070		86162	8616201		20170321
001027	דימונה	085985	דוד אלעזר	00071		86162	8616202		20170321
001027	דימונה	085985	דוד אלעזר	00073		86162	8616204		20170321
001027	דימונה	085985	דוד אלעזר	00074		86162	8616205		20170321
001027	דימונה	085985	דוד אלעזר	00076		86162	8616206		20170321
001027	דימונה	085985	דוד אלעזר	00077		86162	8616207		20170321
001027	דימונה	085985	דוד אלעזר	00078		86162	8616208		20170321
001027	דימונה	085985	דוד אלעזר	00083		86162	8616209		20170321
001027	דימונה	085985	דוד אלעזר	00085		86162	8616211		20170321
001027	דימונה	085985	דוד אלעזר	00086		86162	8616212		20170321
001027	דימונה	085985	דוד אלעזר	00088		86162	8616214		20170321
001027	דימונה	085985	דוד אלעזר	00090		86162	8616216		20170321
001027	דימונה	085985	דוד אלעזר	00091		86162	8616217		20170321
001027	דימונה	085985	דוד אלעזר	00092		86162	8616218		20170321
001027	דימונה	085985	דוד אלעזר	00094		86162	8616220		20170321
001027	דימונה	085985	דוד אלעזר	00519		86162	8616221		20170321
001027	דימונה	085985	דוד אלעזר	00519	א	86162	8616222		20170321
001027	דימונה	085985	דוד אלעזר	00519	ב	86162	8616223		20170321
001027	דימונה	085985	דוד אלעזר	00519	ג	86162	8616224		20170321
001027	דימונה	085985	דוד אלעזר	00520		86162	8616225		20170321
001027	דימונה	085985	דוד אלעזר	00520	א	86162	8616226		20170321
001027	דימונה	085985	דוד אלעזר	00520	ב	86162	8616227		20170321
001027	דימונה	085985	דוד אלעזר	00520	ג	86162	8616228		20170321
001027	דימונה	085985	דוד אלעזר	00521		86162	8616229		20170321
001027	דימונה	085985	דוד אלעזר	00521	א	86162	8616230		20170321
001027	דימונה	085985	דוד אלעזר	00521	ב	86162	8616231		20170321
001027	דימונה	085985	דוד אלעזר	00521	ג	86162	8616232		20170321
001027	דימונה	085985	דוד אלעזר	00522		86162	8616233		20170321
001027	דימונה	085985	דוד אלעזר	00522	ב	86162	8616235		20170321
001027	דימונה	085985	דוד אלעזר	00522	ג	86162	8616236		20170321
001027	דימונה	085985	דוד אלעזר	00523		86162	8616237		20170321
001027	דימונה	085985	דוד אלעזר	00523	א	86162	8616238		20170321
001027	דימונה	085985	דוד אלעזר	00523	ב	86162	8616239		20170321
001027	דימונה	085985	דוד אלעזר	00524		86162	8616241		20170321
001027	דימונה	085985	דוד אלעזר	00524	א	86162	8616242		20170321
001027	דימונה	085985	דוד אלעזר	00524	ב	86162	8616243		20170321
001027	דימונה	085985	דוד אלעזר	00524	ג	86162	8616244		20170321
001027	דימונה	085985	דוד אלעזר	00525	א	86162	8616246		20170321
001027	דימונה	085985	דוד אלעזר	00525	ב	86162	8616247		20170321
001027	דימונה	085985	דוד אלעזר	00525	ג	86162	8616248		20170321
001027	דימונה	085985	דוד אלעזר	00526		86162	8616249		20170321
001027	דימונה	085985	דוד אלעזר	00526	א	86162	8616250		20170321
001027	דימונה	085985	דוד אלעזר	00526	ב	86162	8616251		20170321
001027	דימונה	085985	דוד אלעזר	00526	ג	86162	8616252		20170321
001027	דימונה	085985	דוד אלעזר	00574		86162	8616253		20170321
001027	דימונה	085985	דוד אלעזר	00574	ב	86162	8616255		20170321
001027	דימונה	085985	דוד אלעזר	00575		86162	8616256		20170321
001027	דימונה	085985	דוד אלעזר	00581		86162	8616257		20170321
001027	דימונה	085985	דוד אלעזר	00581	א	86162	8616258		20170321
001027	דימונה	085985	דוד אלעזר	00581	ב	86162	8616259		20170321
001027	דימונה	085985	דוד אלעזר	00582		86162	8616260		20170321
001027	דימונה	085985	דוד אלעזר	00582	א	86162	8616261		20170321
001027	דימונה	085985	דוד אלעזר	00582	ג	86162	8616263		20170321
001027	דימונה	085985	דוד אלעזר	01163		86161	8616101		20170321
001027	דימונה	085985	דוד אלעזר	01164		86161	8616102		20170321
001027	דימונה	085985	דוד אלעזר	01167		86161	8616105		20170321
001027	דימונה	085985	דוד אלעזר	01171		86161	8616106		20170321
001027	דימונה	085985	דוד אלעזר	01172		86161	8616107		20170321
001027	דימונה	085985	דוד אלעזר	01173		86161	8616108		20170321
001027	דימונה	085985	דוד אלעזר	01174		86161	8616109		20170321
001027	דימונה	086196	רחבת הבנים	00000		86022	8602200	מיקוד ברירת מחדל לרחוב	20090707
001027	דימונה	086196	רחבת הבנים	00001		86022	8610847	כתובת לא בדוקה	20090714
001027	דימונה	086196	רחבת הבנים	00002		86022	8610848	כתובת לא בדוקה	20090714
001027	דימונה	086196	רחבת הבנים	00003		86022	8610849	כתובת לא בדוקה	20090714
001027	דימונה	086196	רחבת הבנים	00004		86022	8610850	כתובת לא בדוקה	20090714
001027	דימונה	086196	רחבת הבנים	00005		86022	8610851	כתובת לא בדוקה	20090714
001027	דימונה	086196	רחבת הבנים	00006		86022	8610852	כתובת לא בדוקה	20090714
001027	דימונה	086196	רחבת הבנים	00007		86022	8610853	כתובת לא בדוקה	20090714
001027	דימונה	086196	רחבת הבנים	00009		86022	8610855	כתובת לא בדוקה	20090714
001027	דימונה	086196	רחבת הבנים	00010		86022	8610856	כתובת לא בדוקה	20090714
001027	דימונה	086196	רחבת הבנים	00011		86022	8610857	כתובת לא בדוקה	20090714
001027	דימונה	086196	רחבת הבנים	00012		86022	8610858	כתובת לא בדוקה	20090714
001027	דימונה	086196	רחבת הבנים	00013		86022	8610859	כתובת לא בדוקה	20090714
001027	דימונה	086229	חטיבת אלכסנדרוני	00000		86154	8615400	מיקוד ברירת מחדל לרחוב	20090707
001027	דימונה	086229	חטיבת אלכסנדרוני	00002		86154	8615401	כתובת לא בדוקה	20090713
001027	דימונה	086229	חטיבת אלכסנדרוני	00004		86154	8615402	כתובת לא בדוקה	20090713
001027	דימונה	086229	חטיבת אלכסנדרוני	04078	א	86154	8615404		20130512
001027	דימונה	086229	חטיבת אלכסנדרוני	04078	ב	86154	8615405		20130512
001027	דימונה	086229	חטיבת אלכסנדרוני	04079		86154	8615406		20130512
001027	דימונה	086229	חטיבת אלכסנדרוני	04079	א	86154	8615407		20130512
001027	דימונה	086229	חטיבת אלכסנדרוני	04079	ב	86154	8615408		20130512
001027	דימונה	086229	חטיבת אלכסנדרוני	04080		86154	8615409		20130512
001027	דימונה	086229	חטיבת אלכסנדרוני	04081		86154	8615410		20130512
001027	דימונה	086229	חטיבת אלכסנדרוני	04081	א	86154	8615411		20130512
001027	דימונה	086229	חטיבת אלכסנדרוני	04081	ב	86154	8615412		20130512
001027	דימונה	086229	חטיבת אלכסנדרוני	04082		86154	8615413		20130512
001027	דימונה	086229	חטיבת אלכסנדרוני	04082	א	86154	8615414		20130512
001027	דימונה	086229	חטיבת אלכסנדרוני	04083	א	86154	8615417		20170321
001027	דימונה	086229	חטיבת אלכסנדרוני	04084	א	86154	8615420		20130512
001027	דימונה	086229	חטיבת אלכסנדרוני	04084	ב	86154	8615421		20130512
001027	דימונה	086229	חטיבת אלכסנדרוני	04085		86154	8615422		20130512
001027	דימונה	086229	חטיבת אלכסנדרוני	04086		86154	8615423		20130512
001027	דימונה	086229	חטיבת אלכסנדרוני	04086	א	86154	8615424		20130512
001027	דימונה	086229	חטיבת אלכסנדרוני	04086	ב	86154	8615425		20130512
001027	דימונה	086229	חטיבת אלכסנדרוני	04087		86154	8615426		20130512
001027	דימונה	086229	חטיבת אלכסנדרוני	04087	ב	86154	8615428		20130512
001027	דימונה	086284	חטיבת הראל	00000		86156	8615600	מיקוד ברירת מחדל לרחוב	20090707
001027	דימונה	086284	חטיבת הראל	00001		86156	8615601	כתובת לא בדוקה	20090713
001027	דימונה	086284	חטיבת הראל	00003		86156	8615603	כתובת לא בדוקה	20090713
001027	דימונה	086284	חטיבת הראל	00006		86156	8615605	כתובת לא בדוקה	20090713
001027	דימונה	086284	חטיבת הראל	04078		86156	8615607		20170321
001027	דימונה	086284	חטיבת הראל	04078	א	86156	8615608		20170321
001027	דימונה	086284	חטיבת הראל	04078	ב	86156	8615609		20170321
001027	דימונה	086284	חטיבת הראל	04079		86156	8615610		20170321
001027	דימונה	086284	חטיבת הראל	04079	א	86156	8615611		20170321
001027	דימונה	086284	חטיבת הראל	04080		86156	8615613		20170321
001027	דימונה	086284	חטיבת הראל	04081		86156	8615614		20170321
001027	דימונה	086284	חטיבת הראל	04081	א	86156	8615615		20170321
001027	דימונה	086284	חטיבת הראל	04081	ב	86156	8615616		20170321
001027	דימונה	086284	חטיבת הראל	04082		86156	8615617		20170321
001027	דימונה	086284	חטיבת הראל	04082	א	86156	8615618		20170321
001027	דימונה	086341	חטיבת הנגב	00000		86155	8615500	מיקוד ברירת מחדל לרחוב	20090707
001027	דימונה	086341	חטיבת הנגב	00001		86155	8615501	כתובת לא בדוקה	20090713
001027	דימונה	086341	חטיבת הנגב	00003		86155	8615502	כתובת לא בדוקה	20090713
001027	דימונה	086341	חטיבת הנגב	00005		86155	8615503		20170321
001027	דימונה	086341	חטיבת הנגב	00009		86155	8615505		20170321
001027	דימונה	086341	חטיבת הנגב	00011		86155	8615506		20170321
001027	דימונה	086394	חטיבת גולני	00001		86152	8615201		20170321
001027	דימונה	086394	חטיבת גולני	00003		86152	8615202		20170321
001027	דימונה	086394	חטיבת גולני	00153		86152	8615203		20170321
001027	דימונה	086394	חטיבת גולני	00154		86152	8615204		20170321
001027	דימונה	086394	חטיבת גולני	04083		86152	8615205		20170321
001027	דימונה	086433	דרך הצנחנים	00000		86051	8605100	מיקוד ברירת מחדל לרחוב	20090707
001027	דימונה	086433	דרך הצנחנים	01068		86051	8605101		20170321
001027	דימונה	086433	דרך הצנחנים	01068	א	86051	8605102		20170321
001027	דימונה	086433	דרך הצנחנים	01069		86051	8605104		20170321
001027	דימונה	086433	דרך הצנחנים	01069	א	86051	8605105		20170321
001027	דימונה	086433	דרך הצנחנים	01069	ב	86051	8605106		20170321
001027	דימונה	086433	דרך הצנחנים	01070		86051	8605107		20170321
001027	דימונה	086433	דרך הצנחנים	01070	א	86051	8605108		20170321
001027	דימונה	086433	דרך הצנחנים	01070	ב	86051	8605109		20170321
001027	דימונה	086433	דרך הצנחנים	01071	א	86051	8605111		20170321
001027	דימונה	086433	דרך הצנחנים	01071	ב	86051	8605112		20170321
001027	דימונה	086433	דרך הצנחנים	01072		86051	8605113		20170321
001027	דימונה	086433	דרך הצנחנים	01072	א	86051	8605114		20170321
001027	דימונה	086433	דרך הצנחנים	01072	ב	86051	8605115		20170321
001027	דימונה	086433	דרך הצנחנים	01073	א	86051	8605117		20170321
001027	דימונה	086433	דרך הצנחנים	01075	א	86051	8605123		20170321
001027	דימונה	086433	דרך הצנחנים	01075	ב	86051	8605124		20170321
001027	דימונה	086433	דרך הצנחנים	01076	ב	86051	8605127		20170321
001027	דימונה	086433	דרך הצנחנים	01077	א	86051	8605129		20170321
001027	דימונה	086433	דרך הצנחנים	01077	ב	86051	8605130		20170321
001027	דימונה	086486	ההגנה	00002		86055	8605501	כתובת לא בדוקה	20090713
001027	דימונה	086486	ההגנה	00004		86055	8605502	כתובת לא בדוקה	20090713
001027	דימונה	086486	ההגנה	00006		86055	8605503	כתובת לא בדוקה	20090713
001027	דימונה	086486	ההגנה	00008		86055	8605504	כתובת לא בדוקה	20090713
001027	דימונה	086486	ההגנה	00010		86055	8605505	כתובת לא בדוקה	20090713
001027	דימונה	086486	ההגנה	00012		86055	8605506	כתובת לא בדוקה	20090713
001027	דימונה	086486	ההגנה	00016		86055	8605508	כתובת לא בדוקה	20090713
001027	דימונה	086486	ההגנה	00018		86055	8605509	כתובת לא בדוקה	20090713
001027	דימונה	086486	ההגנה	00020		86055	8605510	כתובת לא בדוקה	20090713
001027	דימונה	086486	ההגנה	00022		86055	8605511	כתובת לא בדוקה	20090713
001027	דימונה	086486	ההגנה	00024		86055	8605512	כתובת לא בדוקה	20090713
001027	דימונה	086486	ההגנה	00026		86055	8605513	כתובת לא בדוקה	20090713
001027	דימונה	086486	ההגנה	00030		86055	8605515	כתובת לא בדוקה	20090713
001027	דימונה	086486	ההגנה	00032		86055	8605516	כתובת לא בדוקה	20090713
001027	דימונה	086553	?	00000		86055	8605500	מיקוד ברירת מחדל לרחוב	20090707
001027	דימונה	086553	?	00001		86055	8605517		20170321
001027	דימונה	086553	?	00002		86055	8605518		20170321
001027	דימונה	086553	?	00004		86055	8605537		20170321
001027	דימונה	086553	?	00006		86055	8605538		20170321
001027	דימונה	086553	?	00010		86055	8605540		20170321
001027	דימונה	086553	?	00012		86055	8605541		20170321
001027	דימונה	086553	?	00028		86055	8605542		20170321
001027	דימונה	086553	?	00032		86055	8605544		20170321
001027	דימונה	086553	?	00034		86055	8605545		20170321
001027	דימונה	086607	מבצע חורב	00000		86054	8605400	מיקוד ברירת מחדל לרחוב	20090707
001027	דימונה	086607	מבצע חורב	00001		86054	8605401	כתובת לא בדוקה	20090713
001027	דימונה	086607	מבצע חורב	00004		86054	8605404		20170321
001027	דימונה	086607	מבצע חורב	00005		86054	8605405	כתובת לא בדוקה	20090713
001027	דימונה	086607	מבצע חורב	00007		86054	8605407	כתובת לא בדוקה	20090713
001027	דימונה	086607	מבצע חורב	00008		86054	8605408		20170321
001027	דימונה	086607	מבצע חורב	00010		86054	8605410		20170321
001027	דימונה	086607	מבצע חורב	00011		86054	8605411	כתובת לא בדוקה	20090713
001027	דימונה	086607	מבצע חורב	00012		86054	8605412		20170321
001027	דימונה	086607	מבצע חורב	00014		86054	8605413		20170321
001027	דימונה	086658	משעול רוגל	00001		86054	8605415	כתובת לא בדוקה	20090713
001027	דימונה	086658	משעול רוגל	00007		86054	8605421		20170321
001027	דימונה	086658	משעול רוגל	00008		86054	8605422	כתובת לא בדוקה	20090713
001027	דימונה	086658	משעול רוגל	00009		86054	8605423		20170321
001027	דימונה	086658	משעול רוגל	00010		86054	8605424	כתובת לא בדוקה	20090713
001027	דימונה	086658	משעול רוגל	00011		86054	8605425		20170321
001027	דימונה	086658	משעול רוגל	00014		86054	8605428	כתובת לא בדוקה	20090713
001027	דימונה	086658	משעול רוגל	00015		86054	8605429		20170321
001027	דימונה	086658	משעול רוגל	00016		86054	8605430	כתובת לא בדוקה	20090713
001027	דימונה	086658	משעול רוגל	00017		86054	8605431		20170321
001027	דימונה	086658	משעול רוגל	00018		86054	8605432	כתובת לא בדוקה	20090713
001027	דימונה	086658	משעול רוגל	00019		86054	8605433		20170321
001027	דימונה	086658	משעול רוגל	00021		86054	8605435	כתובת לא בדוקה	20090713
001027	דימונה	086658	משעול רוגל	00022		86054	8605436	כתובת לא בדוקה	20090713
001027	דימונה	086658	משעול רוגל	00023		86054	8605437	כתובת לא בדוקה	20090713
001027	דימונה	086658	משעול רוגל	00024		86054	8605438	כתובת לא בדוקה	20090713
001027	דימונה	086658	משעול רוגל	00025		86054	8605439	כתובת לא בדוקה	20090713
001027	דימונה	086658	משעול רוגל	00026		86054	8605440	כתובת לא בדוקה	20090713
001027	דימונה	086658	משעול רוגל	00027		86054	8605441	כתובת לא בדוקה	20090713
001027	דימונה	086658	משעול רוגל	00028		86054	8605442	כתובת לא בדוקה	20090713
001027	דימונה	086658	משעול רוגל	00029		86054	8605443	כתובת לא בדוקה	20090713
001027	דימונה	086658	משעול רוגל	00031		86054	8605444	כתובת לא בדוקה	20090713
001027	דימונה	086658	משעול רוגל	00033		86054	8605445	כתובת לא בדוקה	20090713
001027	דימונה	086658	משעול רוגל	00035		86054	8605446	כתובת לא בדוקה	20090713
001027	דימונה	086686	דני	00001		86054	8605447	כתובת לא בדוקה	20090713
001027	דימונה	086686	דני	00004		86054	8605450	כתובת לא בדוקה	20090713
001027	דימונה	086686	דני	00005		86054	8605451	כתובת לא בדוקה	20090713
001027	דימונה	086686	דני	00006		86054	8605452	כתובת לא בדוקה	20090713
001027	דימונה	086686	דני	00007		86054	8605453	כתובת לא בדוקה	20090713
001027	דימונה	086686	דני	00008		86054	8605454	כתובת לא בדוקה	20090713
001027	דימונה	086686	דני	00009		86054	8605455	כתובת לא בדוקה	20090713
001027	דימונה	086686	דני	00011		86054	8605457	כתובת לא בדוקה	20090713
001027	דימונה	086686	דני	00012		86054	8605458	כתובת לא בדוקה	20090713
001027	דימונה	086686	דני	00014		86054	8605460	כתובת לא בדוקה	20090713
001027	דימונה	086763	רחבת הפלמ"ח	00001		86055	8605519	כתובת לא בדוקה	20090713
001027	דימונה	086763	רחבת הפלמ"ח	00002		86055	8605520	כתובת לא בדוקה	20090713
001027	דימונה	086763	רחבת הפלמ"ח	00003		86055	8605521	כתובת לא בדוקה	20090713
001027	דימונה	086763	רחבת הפלמ"ח	00004		86055	8605522	כתובת לא בדוקה	20090713
001027	דימונה	086763	רחבת הפלמ"ח	00005		86055	8605523	כתובת לא בדוקה	20090713
001027	דימונה	086763	רחבת הפלמ"ח	00009		86055	8605527		20170321
001027	דימונה	086763	רחבת הפלמ"ח	00010		86055	8605528	כתובת לא בדוקה	20090713
001027	דימונה	086763	רחבת הפלמ"ח	00011		86055	8605529		20170321
001027	דימונה	086763	רחבת הפלמ"ח	00012		86055	8605530	כתובת לא בדוקה	20090713
001027	דימונה	086763	רחבת הפלמ"ח	00013		86055	8605531		20170321
001027	דימונה	086763	רחבת הפלמ"ח	00015		86055	8605532		20170321
001027	דימונה	086763	רחבת הפלמ"ח	00021		86055	8605535	כתובת לא בדוקה	20090713
001027	דימונה	086808	משעול חירם	00002		86056	8605602		20170321
001027	דימונה	086808	משעול חירם	00003		86056	8605603	כתובת לא בדוקה	20090713
001027	דימונה	086808	משעול חירם	00004		86056	8605604		20170321
001027	דימונה	086808	משעול חירם	00005		86056	8605605		20170321
001027	דימונה	086808	משעול חירם	00006		86056	8605606		20170321
001027	דימונה	086808	משעול חירם	00007		86056	8605607		20170321
001027	דימונה	086808	משעול חירם	00008		86056	8605608		20170321
001027	דימונה	086808	משעול חירם	00010		86056	8605610		20170321
001027	דימונה	086808	משעול חירם	00011		86056	8605611		20170321
001027	דימונה	086825	?	00001		86057	8605701		20170321
001027	דימונה	086825	?	00003		86057	8605702		20170321
001027	דימונה	086825	?	00005		86057	8605703		20170321
001027	דימונה	086825	?	00007		86057	8605704		20170321
001027	דימונה	086894	מבצע ברוש	00000		86056	8605600	מיקוד ברירת מחדל לרחוב	20090707
001027	דימונה	086894	מבצע ברוש	00001		86056	8605613	כתובת לא בדוקה	20090713
001027	דימונה	086894	מבצע ברוש	00003		86056	8605615	כתובת לא בדוקה	20090713
001027	דימונה	086894	מבצע ברוש	00004		86056	8605616	כתובת לא בדוקה	20090713
001027	דימונה	086894	מבצע ברוש	00005		86056	8605617	כתובת לא בדוקה	20090713
001027	דימונה	086894	מבצע ברוש	00006		86056	8605618	כתובת לא בדוקה	20090713
001027	דימונה	086894	מבצע ברוש	00007		86056	8605619	כתובת לא בדוקה	20090713
001027	דימונה	086894	מבצע ברוש	00008		86056	8605620	כתובת לא בדוקה	20090713
001027	דימונה	086894	מבצע ברוש	00009		86056	8605621	כתובת לא בדוקה	20090713
001027	דימונה	086894	מבצע ברוש	00010		86056	8605622	כתובת לא בדוקה	20090713
001027	דימונה	086894	מבצע ברוש	00012		86056	8605623	כתובת לא בדוקה	20090713
001027	דימונה	086894	מבצע ברוש	00014		86056	8605624	כתובת לא בדוקה	20090713
001027	דימונה	086894	מבצע ברוש	00016		86056	8605625		20170321
001027	דימונה	086894	מבצע ברוש	00018		86056	8605626		20170321
001027	דימונה	086894	מבצע ברוש	00022		86056	8605628		20170321
001027	דימונה	086938	רחבת האצ"ל	00002		86057	8605705	כתובת לא בדוקה	20090713
001027	דימונה	086938	רחבת האצ"ל	00004		86057	8605706	כתובת לא בדוקה	20090713
001027	דימונה	086938	רחבת האצ"ל	00010		86057	8605709	כתובת לא בדוקה	20090713
001027	דימונה	086938	רחבת האצ"ל	00012		86057	8605710	כתובת לא בדוקה	20090713
001027	דימונה	086938	רחבת האצ"ל	00014		86057	8605711	כתובת לא בדוקה	20090713
001027	דימונה	087102	השיריון	00000		86059	8605900	מיקוד ברירת מחדל לרחוב	20090707
001027	דימונה	087102	השיריון	00142		86059	8605903		20170321
001027	דימונה	087102	השיריון	00144		86059	8605905		20170321
001027	דימונה	087102	השיריון	04084		86059	8605907		20170321
001027	דימונה	087102	השיריון	04084	א	86059	8605908		20170321
001027	דימונה	087102	השיריון	04086		86059	8605911		20170321
001027	דימונה	087102	השיריון	04086	ב	86059	8605913		20170321
001027	דימונה	087102	השיריון	04087		86059	8605914		20170321
001027	דימונה	087102	השיריון	04087	א	86059	8605915		20170321
001027	דימונה	087149	חטיבת גבעתי	00001		86053	8605301	כתובת לא בדוקה	20090713
001027	דימונה	087149	חטיבת גבעתי	00002		86053	8605302	כתובת לא בדוקה	20090713
001027	דימונה	087149	חטיבת גבעתי	00003		86053	8605303	כתובת לא בדוקה	20090713
001027	דימונה	087149	חטיבת גבעתי	00004		86053	8605304	כתובת לא בדוקה	20090713
001027	דימונה	087149	חטיבת גבעתי	00005		86053	8605305	כתובת לא בדוקה	20090713
001027	דימונה	087149	חטיבת גבעתי	00006		86053	8605306	כתובת לא בדוקה	20090713
001027	דימונה	087149	חטיבת גבעתי	00007		86053	8605307	כתובת לא בדוקה	20090713
001027	דימונה	087149	חטיבת גבעתי	00008		86053	8605308	כתובת לא בדוקה	20090713
001027	דימונה	087149	חטיבת גבעתי	00009		86053	8605309	כתובת לא בדוקה	20090713
001027	דימונה	087149	חטיבת גבעתי	00010		86053	8605310	כתובת לא בדוקה	20090713
001027	דימונה	087149	חטיבת גבעתי	00011		86053	8605311	כתובת לא בדוקה	20090713
001027	דימונה	087149	חטיבת גבעתי	00012		86053	8605312	כתובת לא בדוקה	20090713
001027	דימונה	087149	חטיבת גבעתי	00013		86053	8605313	כתובת לא בדוקה	20090713
001027	דימונה	087215	שדה יצחק	01017		86056	8605629		20170321
001027	דימונה	087215	שדה יצחק	01017	א	86056	8605630		20170321
001027	דימונה	087215	שדה יצחק	01017	ג	86056	8605632		20170321
001027	דימונה	087215	שדה יצחק	01017	ד	86056	8605633		20170321
001027	דימונה	087215	שדה יצחק	01017	ה	86056	8605634		20170321
001027	דימונה	087215	שדה יצחק	01018	א	86056	8605636		20170321
001027	דימונה	087215	שדה יצחק	01018	ב	86056	8605637		20170321
001027	דימונה	087215	שדה יצחק	01018	ג	86056	8605638		20170321
001027	דימונה	087215	שדה יצחק	01018	ד	86056	8605639		20170321
001027	דימונה	087215	שדה יצחק	01019	א	86056	8605642		20170321
001027	דימונה	087215	שדה יצחק	01019	ב	86056	8605643		20170321
001027	דימונה	087215	שדה יצחק	01019	ג	86056	8605644		20170321
001027	דימונה	087215	שדה יצחק	01019	ד	86056	8605645		20170321
001027	דימונה	087215	שדה יצחק	01019	ה	86056	8605646		20170321
001027	דימונה	087258	משעול ארז	00002		86056	8605647		20170321
001027	דימונה	087258	משעול ארז	00006		86056	8605649		20170321
001027	דימונה	087258	משעול ארז	00008		86056	8605650		20170321
001027	דימונה	087306	מבצע עובדה	01014		86050	8605029		20170321
001027	דימונה	087306	מבצע עובדה	01014	א	86050	8605030		20170321
001027	דימונה	087306	מבצע עובדה	01014	ב	86050	8605031		20170321
001027	דימונה	087306	מבצע עובדה	01014	ד	86050	8605033		20170321
001027	דימונה	087364	רחבת הלח"י	00000		86057	8605700	מיקוד ברירת מחדל לרחוב	20090707
001027	דימונה	087364	רחבת הלח"י	00005		86057	8605712		20170321
001027	דימונה	087364	רחבת הלח"י	00007		86057	8605713		20170321
001027	דימונה	087364	רחבת הלח"י	00011		86057	8605715		20170321
001027	דימונה	087392	ורדימון יצחק	00002		86151	8615101	כתובת לא בדוקה	20090713
001027	דימונה	087392	ורדימון יצחק	00004		86151	8615102	כתובת לא בדוקה	20090713
001027	דימונה	087392	ורדימון יצחק	00008		86151	8615104	כתובת לא בדוקה	20090713
001027	דימונה	087392	ורדימון יצחק	00010		86151	8615105	כתובת לא בדוקה	20090713
001027	דימונה	087566	מולדה	00000		86052	8605200	מיקוד ברירת מחדל לרחוב	20090707
001027	דימונה	087566	מולדה	00001		86052	8605201	כתובת לא בדוקה	20090713
001027	דימונה	087566	מולדה	00002		86052	8605202		20170321
001027	דימונה	087566	מולדה	00003		86052	8605203	כתובת לא בדוקה	20090713
001027	דימונה	087566	מולדה	00004		86052	8605204		20170321
001027	דימונה	087566	מולדה	00005		86052	8605205	כתובת לא בדוקה	20090713
001027	דימונה	087566	מולדה	00007		86052	8605207	כתובת לא בדוקה	20090713
001027	דימונה	087566	מולדה	00008		86052	8605208		20170321
001027	דימונה	087566	מולדה	00009		86052	8605209	כתובת לא בדוקה	20090713
001027	דימונה	087566	מולדה	00010		86052	8605210		20170321
001027	דימונה	087566	מולדה	00012		86052	8605212	כתובת לא בדוקה	20090713
001027	דימונה	087566	מולדה	00013		86052	8605213	כתובת לא בדוקה	20090713
001027	דימונה	087566	מולדה	00014		86052	8605214	כתובת לא בדוקה	20090713
001027	דימונה	087566	מולדה	00015		86052	8605215	כתובת לא בדוקה	20090713
001027	דימונה	087566	מולדה	00017		86052	8605217	כתובת לא בדוקה	20090713
001027	דימונה	087566	מולדה	00018		86052	8605218	כתובת לא בדוקה	20090713
001027	דימונה	087566	מולדה	00019		86052	8605219	כתובת לא בדוקה	20090713
001027	דימונה	087566	מולדה	00020		86052	8605220	כתובת לא בדוקה	20090713
001027	דימונה	087566	מולדה	00021		86052	8605221	כתובת לא בדוקה	20090713
001027	דימונה	087566	מולדה	00023		86052	8605223	כתובת לא בדוקה	20090713
001027	דימונה	087566	מולדה	00024		86052	8605224	כתובת לא בדוקה	20090713
001027	דימונה	087566	מולדה	00025		86052	8605225	כתובת לא בדוקה	20090713
001027	דימונה	087566	מולדה	00026		86052	8605226	כתובת לא בדוקה	20090713
001027	דימונה	087566	מולדה	00029		86052	8605229	כתובת לא בדוקה	20090713
001027	דימונה	087566	מולדה	00031		86052	8605230	כתובת לא בדוקה	20090713
001027	דימונה	087566	מולדה	00035		86052	8605232	כתובת לא בדוקה	20090713
001027	דימונה	087566	מולדה	00040		86052	8605234		20170321
001027	דימונה	087566	מולדה	00042		86052	8605235		20170321
001027	דימונה	087566	מולדה	00044		86052	8605236		20170321
001027	דימונה	087659	מבצע יואב	00001		86054	8605461		20170321
001027	דימונה	087659	מבצע יואב	00003		86054	8605462		20170321
001027	דימונה	087659	מבצע יואב	00005		86054	8605463		20170321
001027	דימונה	087659	מבצע יואב	00009		86054	8605465		20170321
001027	דימונה	087659	מבצע יואב	00011		86054	8605466		20170321
001027	דימונה	087709	רחבת יונתן	00001		86052	8605238	כתובת לא בדוקה	20090713
001027	דימונה	087709	רחבת יונתן	00002		86052	8605239	כתובת לא בדוקה	20090713
001027	דימונה	087709	רחבת יונתן	00003		86052	8605240	כתובת לא בדוקה	20090713
001027	דימונה	087709	רחבת יונתן	00005		86052	8605242	כתובת לא בדוקה	20090713
001027	דימונה	087709	רחבת יונתן	00006		86052	8605243	כתובת לא בדוקה	20090713
001027	דימונה	087709	רחבת יונתן	00008		86052	8605245	כתובת לא בדוקה	20090713
001027	דימונה	087709	רחבת יונתן	00009		86052	8605246	כתובת לא בדוקה	20090713
001027	דימונה	087709	רחבת יונתן	00010		86052	8605247	כתובת לא בדוקה	20090713
001027	דימונה	087709	רחבת יונתן	00011		86052	8605248	כתובת לא בדוקה	20090713
001027	דימונה	087709	רחבת יונתן	00012		86052	8605249	כתובת לא בדוקה	20090713
001027	דימונה	087709	רחבת יונתן	00013		86052	8605250	כתובת לא בדוקה	20090713
001027	דימונה	087709	רחבת יונתן	00014		86052	8605251	כתובת לא בדוקה	20090713
001027	דימונה	087743	סלא איירין	00001		86052	8605252		20170321
001027	דימונה	087743	סלא איירין	00003		86052	8605253		20170321
001027	דימונה	087743	סלא איירין	00005		86052	8605254		20170321
001027	דימונה	087743	סלא איירין	00007		86052	8605255		20170321
001027	דימונה	087774	טבנקין יצחק	00003		86157	8615702	כתובת לא בדוקה	20090713
001027	דימונה	087774	טבנקין יצחק	00005		86157	8615703	כתובת לא בדוקה	20090713
001027	דימונה	087774	טבנקין יצחק	00007		86157	8615704	כתובת לא בדוקה	20090713
001027	דימונה	087774	טבנקין יצחק	00009		86157	8615705	כתובת לא בדוקה	20090713
001027	דימונה	087774	טבנקין יצחק	00011		86157	8615706	כתובת לא בדוקה	20090713
001027	דימונה	087774	טבנקין יצחק	00013		86157	8615707	כתובת לא בדוקה	20090713
001027	דימונה	087774	טבנקין יצחק	00019		86157	8615710	כתובת לא בדוקה	20090713
001027	דימונה	087774	טבנקין יצחק	00021		86157	8615711	כתובת לא בדוקה	20090713
001027	דימונה	087774	טבנקין יצחק	00025		86157	8615713	כתובת לא בדוקה	20090713
001027	דימונה	087774	טבנקין יצחק	00027		86157	8615714	כתובת לא בדוקה	20090713
001027	דימונה	087774	טבנקין יצחק	00029		86157	8615715	כתובת לא בדוקה	20090713
001027	דימונה	087774	טבנקין יצחק	00033		86157	8615717	כתובת לא בדוקה	20090713
001027	דימונה	087774	טבנקין יצחק	00039		86157	8615720	כתובת לא בדוקה	20090713
001027	דימונה	087827	צוקרמן יצחק רחבה	00000		86157	8615700	מיקוד ברירת מחדל לרחוב	20090707
001027	דימונה	087827	צוקרמן יצחק רחבה	01010		86157	8615721		20170321
001027	דימונה	087827	צוקרמן יצחק רחבה	01010	א	86157	8615722		20170321
001027	דימונה	087827	צוקרמן יצחק רחבה	01010	ב	86157	8615723		20170321
001027	דימונה	087827	צוקרמן יצחק רחבה	01010	ג	86157	8615724		20170321
001027	דימונה	087827	צוקרמן יצחק רחבה	01011		86157	8615725		20170321
001027	דימונה	087827	צוקרמן יצחק רחבה	01011	ב	86157	8615727		20170321
001027	דימונה	087827	צוקרמן יצחק רחבה	01011	ג	86157	8615728		20170321
001027	דימונה	087827	צוקרמן יצחק רחבה	01011	ד	86157	8615729		20170321
001027	דימונה	087827	צוקרמן יצחק רחבה	01011	ה	86157	8615730		20170321
001027	דימונה	087827	צוקרמן יצחק רחבה	01011	ו	86157	8615731		20170321
001027	דימונה	087854	לובטקין צביה	00000		86050	8605000	מיקוד ברירת מחדל לרחוב	20090707
001027	דימונה	087854	לובטקין צביה	00001		86050	8605034	כתובת לא בדוקה	20090713
001027	דימונה	087854	לובטקין צביה	00002		86050	8605035	כתובת לא בדוקה	20090713
001027	דימונה	087854	לובטקין צביה	00003		86050	8605036	כתובת לא בדוקה	20090713
001027	דימונה	087854	לובטקין צביה	00004		86050	8605037	כתובת לא בדוקה	20090713
001027	דימונה	087854	לובטקין צביה	00005		86050	8605038	כתובת לא בדוקה	20090713
001027	דימונה	087854	לובטקין צביה	00006		86050	8605039	כתובת לא בדוקה	20090713
001027	דימונה	087854	לובטקין צביה	00007		86050	8605040	כתובת לא בדוקה	20090713
001027	דימונה	087854	לובטקין צביה	00010		86050	8605043	כתובת לא בדוקה	20090713
001027	דימונה	087854	לובטקין צביה	00011		86050	8605044	כתובת לא בדוקה	20090713
001027	דימונה	087854	לובטקין צביה	00012		86050	8605045	כתובת לא בדוקה	20090713
001027	דימונה	087854	לובטקין צביה	00013		86050	8605046	כתובת לא בדוקה	20090713
001027	דימונה	087854	לובטקין צביה	00014		86050	8605047	כתובת לא בדוקה	20090713
001027	דימונה	087885	הרב אלנקוה	00001		86064	8606401	כתובת לא בדוקה	20090713
001027	דימונה	087885	הרב אלנקוה	00002		86064	8606402	כתובת לא בדוקה	20090713
001027	דימונה	087885	הרב אלנקוה	00003		86064	8606403	כתובת לא בדוקה	20090713
001027	דימונה	087885	הרב אלנקוה	00004		86064	8606404	כתובת לא בדוקה	20090713
001027	דימונה	087885	הרב אלנקוה	00005		86064	8606405	כתובת לא בדוקה	20090713
001027	דימונה	087885	הרב אלנקוה	00006		86064	8606406	כתובת לא בדוקה	20090713
001027	דימונה	087885	הרב אלנקוה	00007		86064	8606407	כתובת לא בדוקה	20090713
001027	דימונה	087885	הרב אלנקוה	00008		86064	8606408	כתובת לא בדוקה	20090713
001027	דימונה	087885	הרב אלנקוה	00009		86064	8606409	כתובת לא בדוקה	20090713
001027	דימונה	087885	הרב אלנקוה	00010		86064	8606410	כתובת לא בדוקה	20090713
001027	דימונה	087885	הרב אלנקוה	00011		86064	8606411	כתובת לא בדוקה	20090713
001027	דימונה	087885	הרב אלנקוה	00012		86064	8606412	כתובת לא בדוקה	20090713
001027	דימונה	087885	הרב אלנקוה	00013		86064	8606413	כתובת לא בדוקה	20090713
001027	דימונה	087885	הרב אלנקוה	00014		86064	8606414	כתובת לא בדוקה	20090713
001027	דימונה	087924	הרב אבוחצירה	00000		86065	8606500	מיקוד ברירת מחדל לרחוב	20090707
001027	דימונה	087924	הרב אבוחצירה	00314		86065	8606503	כתובת לא בדוקה	20090713
001027	דימונה	087924	הרב אבוחצירה	00315		86065	8606504	כתובת לא בדוקה	20090713
001027	דימונה	088005	רחבת רש"י	00000		86062	8606200	מיקוד ברירת מחדל לרחוב	20090707
001027	דימונה	088005	רחבת רש"י	00018		86062	8606202		20141022
001027	דימונה	088005	רחבת רש"י	00308		86062	8606201	כתובת לא בדוקה	20090713
001027	דימונה	088071	פינטו חיים	00000		86063	8606300	מיקוד ברירת מחדל לרחוב	20090707
001027	דימונה	088071	פינטו חיים	00324		86063	8606301	כתובת לא בדוקה	20090713
001027	דימונה	088071	פינטו חיים	00325		86063	8606302	כתובת לא בדוקה	20090713
001027	דימונה	088071	פינטו חיים	00327		86063	8606304	כתובת לא בדוקה	20090713
001027	דימונה	088100	משעול התקוה	00001		86064	8606415	כתובת לא בדוקה	20090713
001027	דימונה	088100	משעול התקוה	00002		86064	8606416	כתובת לא בדוקה	20090713
001027	דימונה	088100	משעול התקוה	00003		86064	8606417	כתובת לא בדוקה	20090713
001027	דימונה	088100	משעול התקוה	00004		86064	8606418	כתובת לא בדוקה	20090713
001027	דימונה	088100	משעול התקוה	00005		86064	8606419	כתובת לא בדוקה	20090713
001027	דימונה	088100	משעול התקוה	00006		86064	8606420	כתובת לא בדוקה	20090713
001027	דימונה	088100	משעול התקוה	00008		86064	8606422	כתובת לא בדוקה	20090713
001027	דימונה	088100	משעול התקוה	00009		86064	8606423	כתובת לא בדוקה	20090713
001027	דימונה	088100	משעול התקוה	00010		86064	8606424	כתובת לא בדוקה	20090713
001027	דימונה	088100	משעול התקוה	00011		86064	8606425	כתובת לא בדוקה	20090713
001027	דימונה	088100	משעול התקוה	00013		86064	8606427	כתובת לא בדוקה	20090713
001027	דימונה	088100	משעול התקוה	00014		86064	8606428	כתובת לא בדוקה	20090713
001027	דימונה	088130	משעול הרעות	00000		86064	8606400	מיקוד ברירת מחדל לרחוב	20090707
001027	דימונה	088130	משעול הרעות	00002		86064	8606430	כתובת לא בדוקה	20090713
001027	דימונה	088130	משעול הרעות	00005		86064	8606433	כתובת לא בדוקה	20090713
001027	דימונה	088130	משעול הרעות	00006		86064	8606434	כתובת לא בדוקה	20090713
001027	דימונה	088130	משעול הרעות	00008		86064	8606436	כתובת לא בדוקה	20090713
001027	דימונה	088130	משעול הרעות	00011		86064	8606439	כתובת לא בדוקה	20090713
001027	דימונה	088130	משעול הרעות	00012		86064	8606440	כתובת לא בדוקה	20090713
001027	דימונה	088130	משעול הרעות	00013		86064	8606441	כתובת לא בדוקה	20090713
001027	דימונה	088130	משעול הרעות	00014		86064	8606442	כתובת לא בדוקה	20090713
001027	דימונה	088175	שד הנשיא	00001	א	86034	8603402		20170321
001027	דימונה	088175	שד הנשיא	00001	ב	86034	8603403		20170321
001027	דימונה	088175	שד הנשיא	00002		86034	8603404		20170321
001027	דימונה	088175	שד הנשיא	00002	א	86034	8603405		20170321
001027	דימונה	088175	שד הנשיא	00002	ב	86034	8603406		20170321
001027	דימונה	088175	שד הנשיא	00003		86034	8603407		20170321
001027	דימונה	088175	שד הנשיא	00003	א	86034	8603408		20170321
001027	דימונה	088175	שד הנשיא	00003	ב	86034	8603409		20170321
001027	דימונה	088175	שד הנשיא	00004		86034	8603410		20170321
001027	דימונה	088175	שד הנשיא	00004	א	86034	8603411		20170321
001027	דימונה	088175	שד הנשיא	00004	ב	86034	8603412		20170321
001027	דימונה	088175	שד הנשיא	00005		86034	8603413		20170321
001027	דימונה	088175	שד הנשיא	00005	א	86034	8603414		20170321
001027	דימונה	088175	שד הנשיא	00005	ב	86034	8603415		20170321
001027	דימונה	088175	שד הנשיא	00006		86034	8603416		20170321
001027	דימונה	088175	שד הנשיא	00006	ב	86034	8603418		20170321
001027	דימונה	088175	שד הנשיא	00007		86034	8603419	כתובת לא בדוקה	20090713
001027	דימונה	088175	שד הנשיא	00009		86034	8603421	כתובת לא בדוקה	20090713
001027	דימונה	088175	שד הנשיא	00010		86034	8603422	כתובת לא בדוקה	20090713
001027	דימונה	088175	שד הנשיא	00011		86034	8603423	כתובת לא בדוקה	20090713
001027	דימונה	088175	שד הנשיא	00012		86034	8603424	כתובת לא בדוקה	20090713
001027	דימונה	088175	שד הנשיא	00014		86034	8603425	כתובת לא בדוקה	20090713
001027	דימונה	088175	שד הנשיא	00016		86034	8603426	כתובת לא בדוקה	20090713
001027	דימונה	088175	שד הנשיא	00018		86034	8603427	כתובת לא בדוקה	20090713
001027	דימונה	088175	שד הנשיא	00019		86034	8603428		20170321
001027	דימונה	088175	שד הנשיא	00019	ב	86034	8603430		20170321
001027	דימונה	088175	שד הנשיא	00020	א	86034	8603432		20170321
001027	דימונה	088175	שד הנשיא	00020	ב	86034	8603433		20170321
001027	דימונה	088175	שד הנשיא	00021		86011	8601158	כתובת לא בדוקה	20090713
001027	דימונה	088175	שד הנשיא	00022		86034	8603434	כתובת לא בדוקה	20090713
001027	דימונה	088175	שד הנשיא	00023		86011	8601159	כתובת לא בדוקה	20090713
001027	דימונה	088175	שד הנשיא	00024		86034	8603435	כתובת לא בדוקה	20090713
001027	דימונה	088175	שד הנשיא	00025		86011	8601160	כתובת לא בדוקה	20090713
001027	דימונה	088175	שד הנשיא	00026		86034	8603436	כתובת לא בדוקה	20090713
001027	דימונה	088175	שד הנשיא	00027		86011	8601161	כתובת לא בדוקה	20090713
001027	דימונה	088175	שד הנשיא	00028		86011	8601162	כתובת לא בדוקה	20090713
001027	דימונה	088175	שד הנשיא	00029		86011	8601163	כתובת לא בדוקה	20090713
001027	דימונה	088175	שד הנשיא	00030		86011	8601164		20170321
001027	דימונה	088175	שד הנשיא	00031		86011	8601165	כתובת לא בדוקה	20090713
001027	דימונה	088175	שד הנשיא	00034		86011	8601168	כתובת לא בדוקה	20090713
001027	דימונה	088175	שד הנשיא	00036		86011	8601170	כתובת לא בדוקה	20090713
001027	דימונה	088175	שד הנשיא	00037		86011	8601171	כתובת לא בדוקה	20090713
001027	דימונה	088175	שד הנשיא	00038		86011	8601172	כתובת לא בדוקה	20090713
001027	דימונה	088175	שד הנשיא	00040		86026	8602602	כתובת לא בדוקה	20090713
001027	דימונה	088175	שד הנשיא	00041		86026	8602603		20170321
001027	דימונה	088175	שד הנשיא	00041	א	86026	8602604		20170321
001027	דימונה	088175	שד הנשיא	00041	ב	86026	8602605		20170321
001027	דימונה	088175	שד הנשיא	00042		86026	8602606	כתובת לא בדוקה	20090713
001027	דימונה	088175	שד הנשיא	00043		86026	8602607		20170321
001027	דימונה	088175	שד הנשיא	00043	א	86026	8602608		20170321
001027	דימונה	088175	שד הנשיא	00044		86026	8602610		20170321
001027	דימונה	088175	שד הנשיא	00044	ב	86026	8602612		20170321
001027	דימונה	088175	שד הנשיא	00044	ג	86026	8602613		20170321
001027	דימונה	088175	שד הנשיא	00044	ד	86026	8602614		20170321
001027	דימונה	088175	שד הנשיא	00044	ה	86026	8602615		20170321
001027	דימונה	088175	שד הנשיא	00045		86026	8602616	כתובת לא בדוקה	20090713
001027	דימונה	088175	שד הנשיא	00046		86026	8602617	כתובת לא בדוקה	20090713
001027	דימונה	088175	שד הנשיא	00047		86026	8602618	כתובת לא בדוקה	20090713
001027	דימונה	088175	שד הנשיא	00048		86026	8602619	כתובת לא בדוקה	20090713
001027	דימונה	088175	שד הנשיא	00049		86026	8602620		20170321
001027	דימונה	088175	שד הנשיא	00049	א	86026	8602621		20170321
001027	דימונה	088175	שד הנשיא	00049	ב	86026	8602622		20170321
001027	דימונה	088175	שד הנשיא	00050		86026	8602623		20170321
001027	דימונה	088175	שד הנשיא	00050	ב	86026	8602625		20170321
001027	דימונה	088175	שד הנשיא	00051		86026	8602626		20170321
001027	דימונה	088175	שד הנשיא	00051	א	86026	8602627		20170321
001027	דימונה	088175	שד הנשיא	00051	ב	86026	8602628		20170321
001027	דימונה	088175	שד הנשיא	00052	א	86026	8602630		20170321
001027	דימונה	088175	שד הנשיא	00053	א	86026	8602633		20170321
001027	דימונה	088175	שד הנשיא	00054		86020	8602001		20170321
001027	דימונה	088175	שד הנשיא	00054	א	86020	8602002		20170321
001027	דימונה	088175	שד הנשיא	00054	ב	86020	8602003		20170321
001027	דימונה	088175	שד הנשיא	00054	ג	86020	8602004		20170321
001027	דימונה	088175	שד הנשיא	00055		86020	8602005		20170321
001027	דימונה	088175	שד הנשיא	00055	א	86020	8602006		20170321
001027	דימונה	088175	שד הנשיא	00055	ב	86020	8602007		20170321
001027	דימונה	088175	שד הנשיא	00056		86020	8602008		20170321
001027	דימונה	088175	שד הנשיא	00056	א	86020	8602009		20170321
001027	דימונה	088175	שד הנשיא	00056	ב	86020	8602010		20170321
001027	דימונה	088175	שד הנשיא	00056	ג	86020	8602011		20170321
001027	דימונה	088175	שד הנשיא	00057		86020	8602012		20170321
001027	דימונה	088175	שד הנשיא	00057	א	86020	8602013		20170321
001027	דימונה	088175	שד הנשיא	00057	ב	86020	8602014		20170321
001027	דימונה	088175	שד הנשיא	00057	ג	86020	8602015		20170321
001027	דימונה	088175	שד הנשיא	00057	ד	86020	8602016		20170321
001027	דימונה	088175	שד הנשיא	00058		86020	8602017		20170321
001027	דימונה	088175	שד הנשיא	00058	א	86020	8602018		20170321
001027	דימונה	088175	שד הנשיא	00058	ב	86020	8602019		20170321
001027	דימונה	088175	שד הנשיא	00058	ג	86020	8602020		20170321
001027	דימונה	088175	שד הנשיא	00059		86020	8602021		20170321
001027	דימונה	088175	שד הנשיא	00059	א	86020	8602022		20170321
001027	דימונה	088175	שד הנשיא	00060		86020	8602025		20170321
001027	דימונה	088175	שד הנשיא	00061		86026	8602635	כתובת לא בדוקה	20090713
001027	דימונה	088175	שד הנשיא	00065		86026	8602637	כתובת לא בדוקה	20090713
001027	דימונה	088175	שד הנשיא	00067		86026	8602638	כתובת לא בדוקה	20090713
001027	דימונה	088175	שד הנשיא	00069		86026	8602639	כתובת לא בדוקה	20090713
001027	דימונה	088175	שד הנשיא	00073		86026	8602641	כתובת לא בדוקה	20090713
001027	דימונה	088175	שד הנשיא	00075		86026	8602642	כתובת לא בדוקה	20090713
001027	דימונה	088175	שד הנשיא	00077		86026	8602643	כתובת לא בדוקה	20090713
001027	דימונה	088175	שד הנשיא	00079		86026	8602644	כתובת לא בדוקה	20090713
001027	דימונה	088175	שד הנשיא	00081		86026	8602645	כתובת לא בדוקה	20090713
001027	דימונה	088175	שד הנשיא	00083		86026	8602646	כתובת לא בדוקה	20090713
001027	דימונה	088175	שד הנשיא	00087		86026	8602647	כתובת לא בדוקה	20090713
001027	דימונה	088175	שד הנשיא	00089		86026	8602648	כתובת לא בדוקה	20090713
001027	דימונה	088175	שד הנשיא	00185		86011	8601173		20170321
001027	דימונה	088175	שד הנשיא	00186		86011	8601174		20170321
001027	דימונה	088175	שד הנשיא	00187		86011	8601175		20170321
001027	דימונה	088175	שד הנשיא	00188		86011	8601176		20170321
001027	דימונה	088175	שד הנשיא	00189		86011	8601177		20170321
001027	דימונה	088175	שד הנשיא	00190		86011	8601178		20170321
001027	דימונה	088175	שד הנשיא	00191		86011	8601179		20170321
001027	דימונה	088175	שד הנשיא	00192		86011	8601180		20170321
001027	דימונה	088175	שד הנשיא	00194		86011	8601182		20170321
001027	דימונה	088175	שד הנשיא	00195		86011	8601183		20170321
001027	דימונה	088175	שד הנשיא	00196		86011	8601184		20170321
001027	דימונה	088175	שד הנשיא	00198		86011	8601186		20170321
001027	דימונה	088175	שד הנשיא	00199		86011	8601187		20170321
001027	דימונה	088175	שד הנשיא	00263		86011	8601189		20170321
001027	דימונה	088175	שד הנשיא	00263	ב	86011	8601191		20170321
001027	דימונה	088175	שד הנשיא	00263	ג	86011	8601192		20170321
001027	דימונה	088175	שד הנשיא	00263	ד	86011	8601193		20170321
001027	דימונה	088175	שד הנשיא	00263	ה	86011	8601194		20170321
001027	דימונה	088175	שד הנשיא	00264		86011	8601195		20170321
001027	דימונה	088175	שד הנשיא	00264	א	86011	8601196		20170321
001027	דימונה	088175	שד הנשיא	00264	ב	86011	8601197		20170321
001027	דימונה	088175	שד הנשיא	00264	ג	86011	8601198		20170321
001027	דימונה	088253	דיין משה	00000		86173	8617300	מיקוד ברירת מחדל לרחוב	20090707
001027	דימונה	088253	דיין משה	00002		86173	8617301		20170321
001027	דימונה	088253	דיין משה	00004		86173	8617302		20170321
001027	דימונה	088253	דיין משה	00006		86173	8617303		20170321
001027	דימונה	088253	דיין משה	00008		86173	8617304		20170321
001027	דימונה	088437	?	00000		86186	8618600	מיקוד ברירת מחדל לרחוב	20090707
001027	דימונה	088437	?	00005		86186	8618601		20170321
001027	דימונה	088437	?	00007		86186	8618602		20170321
001027	דימונה	088437	?	00008		86186	8618603		20170321
001027	דימונה	088437	?	00010		86186	8618605		20170321
001027	דימונה	088437	?	00012		86186	8618606		20170321
001027	דימונה	088437	?	00014		86186	8618607		20170321
001027	דימונה	088437	?	00016		86186	8618608		20170321
001027	דימונה	088437	?	00018		86186	8618609		20170321
001027	דימונה	088437	?	00022		86186	8618611		20170321
001027	דימונה	088462	אבן גבירול	00002		86181	8618102		20170321
001027	דימונה	088462	אבן גבירול	00003		86181	8618103		20170321
001027	דימונה	088462	אבן גבירול	00004		86181	8618104		20170321
001027	דימונה	088462	אבן גבירול	00005		86181	8618105		20170321
001027	דימונה	088462	אבן גבירול	00006		86181	8618106		20170321
001027	דימונה	088462	אבן גבירול	00007		86181	8618107		20170321
001027	דימונה	088462	אבן גבירול	00008		86181	8618108		20170321
001027	דימונה	088462	אבן גבירול	00010		86181	8618110		20170321
001027	דימונה	088462	אבן גבירול	00011		86181	8618111		20170321
001027	דימונה	088462	אבן גבירול	00012		86181	8618112		20170321
001027	דימונה	088462	אבן גבירול	00013		86181	8618113		20170321
001027	דימונה	088462	אבן גבירול	00014		86181	8618114		20170321
001027	דימונה	088462	אבן גבירול	00015		86181	8618115		20170321
001027	דימונה	088462	אבן גבירול	00017		86181	8618117		20170321
001027	דימונה	088462	אבן גבירול	00018		86181	8618118		20170321
001027	דימונה	088462	אבן גבירול	00019		86181	8618119		20170321
001027	דימונה	088462	אבן גבירול	00020		86181	8618120		20170321
001027	דימונה	088462	אבן גבירול	00022		86181	8618122		20170321
001027	דימונה	088462	אבן גבירול	00023		86181	8618123		20170321
001027	דימונה	088462	אבן גבירול	00024		86181	8618124		20170321
001027	דימונה	088462	אבן גבירול	00027		86181	8618127		20170321
001027	דימונה	088462	אבן גבירול	00028		86181	8618128		20170321
001027	דימונה	088462	אבן גבירול	00029		86182	8618201		20170321
001027	דימונה	088462	אבן גבירול	00030		86181	8618129		20170321
001027	דימונה	088462	אבן גבירול	00031		86182	8618202		20170321
001027	דימונה	088462	אבן גבירול	00032		86181	8618130		20170321
001027	דימונה	088462	אבן גבירול	00033		86182	8618203		20170321
001027	דימונה	088462	אבן גבירול	00035		86182	8618204		20161204
001027	דימונה	088462	אבן גבירול	00036		86181	8618132		20170321
001027	דימונה	088462	אבן גבירול	00037		86182	8618205		20170321
001027	דימונה	088462	אבן גבירול	00039		86182	8618206		20170321
001027	דימונה	088462	אבן גבירול	00047		86182	8618210		20170321
001027	דימונה	088462	אבן גבירול	00049		86182	8618211		20170321
001027	דימונה	088462	אבן גבירול	00051		86182	8618212		20170321
001027	דימונה	088499	יהודה הלוי	00001		86085	8608501		20170321
001027	דימונה	088499	יהודה הלוי	00002		86085	8608502		20170321
001027	דימונה	088499	יהודה הלוי	00003		86085	8608503		20170321
001027	דימונה	088499	יהודה הלוי	00004		86085	8608504		20170321
001027	דימונה	088499	יהודה הלוי	00005		86085	8608505		20170321
001027	דימונה	088499	יהודה הלוי	00007		86085	8608506		20170321
001027	דימונה	088499	יהודה הלוי	00009		86085	8608507		20170321
001027	דימונה	088499	יהודה הלוי	00013		86085	8608509		20170321
001027	דימונה	088499	יהודה הלוי	00015		86085	8608510		20170321
001027	דימונה	088499	יהודה הלוי	00017		86085	8608511		20170321
001027	דימונה	088499	יהודה הלוי	00019		86085	8608512		20170321
001027	דימונה	088499	יהודה הלוי	00021		86085	8608513		20170321
001027	דימונה	088499	יהודה הלוי	00023		86085	8608514		20170321
001027	דימונה	088499	יהודה הלוי	00025		86085	8608515		20170321
001027	דימונה	088499	יהודה הלוי	00027		86085	8608516		20161204
001027	דימונה	088499	יהודה הלוי	00029		86085	8608517		20170321
001027	דימונה	088499	יהודה הלוי	00035		86085	8608520		20170321
001027	דימונה	088499	יהודה הלוי	00037		86085	8608521		20170321
001027	דימונה	088499	יהודה הלוי	00039		86085	8608522		20170321
001027	דימונה	088536	שמעון בר יוחאי	00006		86187	8618703	כתובת לא בדוקה	20090713
001027	דימונה	088557	שבזי שלום	00000		86184	8618400	מיקוד ברירת מחדל לרחוב	20090707
001027	דימונה	088557	שבזי שלום	00001		86184	8618401		20170321
001027	דימונה	088557	שבזי שלום	00002		86184	8618402		20170321
001027	דימונה	088557	שבזי שלום	00004		86184	8618404		20170321
001027	דימונה	088557	שבזי שלום	00005		86184	8618405		20170321
001027	דימונה	088557	שבזי שלום	00006		86184	8618406		20170321
001027	דימונה	088557	שבזי שלום	00007		86184	8618407		20170321
001027	דימונה	088557	שבזי שלום	00008		86184	8618408		20170321
001027	דימונה	088557	שבזי שלום	00009		86184	8618409		20170321
001027	דימונה	088557	שבזי שלום	00010		86184	8618410		20170321
001027	דימונה	088557	שבזי שלום	00011		86184	8618411		20170321
001027	דימונה	088557	שבזי שלום	00012		86184	8618412		20170321
001027	דימונה	088557	שבזי שלום	00013		86184	8618413		20170321
001027	דימונה	088557	שבזי שלום	00014		86184	8618414		20170321
001027	דימונה	088557	שבזי שלום	00015		86184	8618415		20170321
001027	דימונה	088557	שבזי שלום	00017		86184	8618417		20170321
001027	דימונה	088557	שבזי שלום	00018		86184	8618418		20170321
001027	דימונה	088557	שבזי שלום	00020		86184	8618420		20170321
001027	דימונה	088557	שבזי שלום	00022		86184	8618421		20170321
001027	דימונה	088557	שבזי שלום	00024		86184	8618422		20170321
001027	דימונה	088557	שבזי שלום	00026		86184	8618423		20170321
001027	דימונה	088557	שבזי שלום	00028		86184	8618424		20170321
001027	דימונה	088557	שבזי שלום	00030		86184	8618425		20170321
001027	דימונה	088557	שבזי שלום	00034		86184	8618427		20170321
001027	דימונה	088557	שבזי שלום	00036		86184	8618428		20170321
001027	דימונה	088557	שבזי שלום	00038		86184	8618429		20170321
001027	דימונה	088557	שבזי שלום	00040		86184	8618430		20170321
001027	דימונה	088557	שבזי שלום	00042		86184	8618431		20170321
001027	דימונה	088557	שבזי שלום	00044		86184	8618432		20170321
001027	דימונה	088557	שבזי שלום	00046		86184	8618433		20170321
001027	דימונה	088579	קארו יוסף	00000		86183	8618300	מיקוד ברירת מחדל לרחוב	20090707
001027	דימונה	088579	קארו יוסף	00001		86183	8618301		20170321
001027	דימונה	088579	קארו יוסף	00002		86183	8618302		20170321
001027	דימונה	088579	קארו יוסף	00004		86183	8618304		20170321
001027	דימונה	088579	קארו יוסף	00006		86183	8618306		20170321
001027	דימונה	088579	קארו יוסף	00009		86183	8618308		20170321
001027	דימונה	088579	קארו יוסף	00011		86183	8618309		20170321
001027	דימונה	088579	קארו יוסף	00015		86183	8618311		20170321
001027	דימונה	088583	אבן עזרא	00000		86185	8618500	מיקוד ברירת מחדל לרחוב	20090707
001027	דימונה	088583	אבן עזרא	00001		86185	8618501		20170321
001027	דימונה	088583	אבן עזרא	00002		86185	8618502		20170321
001027	דימונה	088583	אבן עזרא	00003		86185	8618503		20170321
001027	דימונה	088583	אבן עזרא	00004		86185	8618504		20170321
001027	דימונה	088583	אבן עזרא	00005		86185	8618505		20170321
001027	דימונה	088583	אבן עזרא	00006		86185	8618506		20170321
001027	דימונה	088583	אבן עזרא	00007		86185	8618507		20170321
001027	דימונה	088583	אבן עזרא	00008		86185	8618508		20170321
001027	דימונה	088583	אבן עזרא	00009		86185	8618509		20170321
001027	דימונה	088583	אבן עזרא	00010		86185	8618510		20170321
001027	דימונה	088583	אבן עזרא	00011		86185	8618511		20170321
001027	דימונה	088583	אבן עזרא	00013		86185	8618512		20170321
001027	דימונה	088583	אבן עזרא	00015		86185	8618513		20170321
001027	דימונה	088583	אבן עזרא	00017		86185	8618514		20170321
001027	דימונה	088583	אבן עזרא	00019		86185	8618515		20170321
001027	דימונה	088616	יגור	00001		86052	8605256		20170321
001027	דימונה	088616	יגור	00002		86052	8605257		20170321
001027	דימונה	088616	יגור	00003		86052	8605258		20170321
001027	דימונה	088616	יגור	00004		86052	8605259		20170321
001027	דימונה	088616	יגור	00005		86052	8605260		20170321
001027	דימונה	088616	יגור	00008		86052	8605263		20170321
001027	דימונה	088616	יגור	00009		86052	8605264		20170321
001027	דימונה	088616	יגור	00010		86052	8605265		20170321
001027	דימונה	088616	יגור	00012		86052	8605267		20170321
001027	דימונה	088616	יגור	00016		86052	8605271		20170321
001027	דימונה	088616	יגור	00017		86052	8605272		20170321
001027	דימונה	088616	יגור	00019		86052	8605273		20170321
001027	דימונה	088616	יגור	00021		86052	8605274		20170321
001027	דימונה	088616	יגור	00023		86052	8605275		20170321
001027	דימונה	088616	יגור	00025		86052	8605276		20170321
001027	דימונה	088616	יגור	00027		86052	8605277		20170321
001027	דימונה	088616	יגור	00031		86052	8605279		20170321
001027	דימונה	088616	יגור	00035		86052	8605281		20170321
001027	דימונה	088616	יגור	00037		86052	8605282		20170321
001027	דימונה	088616	יגור	00039		86052	8605283		20170321
001027	דימונה	088616	יגור	00041		86052	8605284		20170321
001027	דימונה	088616	יגור	00045		86052	8605286		20170321
001027	דימונה	088660	רחבת הנח"ל	00001		86154	8615429	כתובת לא בדוקה	20090713
001027	דימונה	088660	רחבת הנח"ל	00002		86154	8615430	כתובת לא בדוקה	20090713
001027	דימונה	088660	רחבת הנח"ל	00003		86154	8615431	כתובת לא בדוקה	20090713
001027	דימונה	088660	רחבת הנח"ל	00004		86154	8615432	כתובת לא בדוקה	20090713
001027	דימונה	088660	רחבת הנח"ל	00005		86154	8615433	כתובת לא בדוקה	20090713
001027	דימונה	088660	רחבת הנח"ל	00006		86154	8615434	כתובת לא בדוקה	20090713
001027	דימונה	088660	רחבת הנח"ל	00007		86154	8615435	כתובת לא בדוקה	20090713
001027	דימונה	088660	רחבת הנח"ל	00008		86154	8615436	כתובת לא בדוקה	20090713
001027	דימונה	088660	רחבת הנח"ל	00010		86154	8615438	כתובת לא בדוקה	20090713
001027	דימונה	088660	רחבת הנח"ל	00012		86154	8615440	כתובת לא בדוקה	20090713
001027	דימונה	088660	רחבת הנח"ל	00013		86154	8615441	כתובת לא בדוקה	20090713
001027	דימונה	088660	רחבת הנח"ל	00014		86154	8615442	כתובת לא בדוקה	20090713
001027	דימונה	088660	רחבת הנח"ל	00146		86154	8615444		20170321
001027	דימונה	088660	רחבת הנח"ל	00147		86154	8615445		20170321
001027	דימונה	088660	רחבת הנח"ל	00148		86154	8615446		20170321
001027	דימונה	088660	רחבת הנח"ל	00150		86154	8615447		20170321
001027	דימונה	088660	רחבת הנח"ל	00151		86154	8615448		20170321
001027	דימונה	088660	רחבת הנח"ל	00152		86154	8615449		20170321
001027	דימונה	088682	קהילת בריטניה	00139		86059	8605917		20170321
001027	דימונה	088682	קהילת בריטניה	00140		86059	8605918		20170321
001027	דימונה	088721	נתיב הל"ה	00002		86157	8615732		20170321
001027	דימונה	088721	נתיב הל"ה	00004		86157	8615733		20170321
001027	דימונה	088721	נתיב הל"ה	00007		86157	8615736		20170321
001027	דימונה	088721	נתיב הל"ה	00008		86157	8615737		20170321
001027	דימונה	088721	נתיב הל"ה	00009		86157	8615738	כתובת לא בדוקה	20090713
001027	דימונה	088721	נתיב הל"ה	00010		86157	8615739		20170321
001027	דימונה	088721	נתיב הל"ה	00011		86157	8615740		20170321
001027	דימונה	088721	נתיב הל"ה	00012		86157	8615741		20170321
001027	דימונה	088721	נתיב הל"ה	00016		86157	8615743		20170321
001027	דימונה	088737	הרכס	00002		86178	8617802		20170321
001027	דימונה	088737	הרכס	00003		86178	8617803		20170321
001027	דימונה	088737	הרכס	00005		86178	8617805		20170321
001027	דימונה	088737	הרכס	00006		86178	8617806		20170321
001027	דימונה	088737	הרכס	00007		86178	8617807		20170321
001027	דימונה	088737	הרכס	00009		86178	8617809		20170321
001027	דימונה	088737	הרכס	00010		86178	8617810		20170321
001027	דימונה	088737	הרכס	00011		86178	8617811		20170321
001027	דימונה	088737	הרכס	00012		86178	8617812		20170321
001027	דימונה	088737	הרכס	00013		86178	8617813		20170321
001027	דימונה	088737	הרכס	00014		86178	8617814		20170321
001027	דימונה	088737	הרכס	00015		86178	8617815		20170321
001027	דימונה	088737	הרכס	00016		86178	8617816		20170321
001027	דימונה	088737	הרכס	00017		86178	8617817		20170321
001027	דימונה	088737	הרכס	00018		86178	8617818		20170321
001027	דימונה	088737	הרכס	00019		86178	8617819		20170321
001027	דימונה	088755	הרמה	00001		86178	8617820		20170321
001027	דימונה	088755	הרמה	00002		86178	8617821		20170321
001027	דימונה	088755	הרמה	00003		86178	8617822		20170321
001027	דימונה	088755	הרמה	00004		86178	8617823		20170321
001027	דימונה	088755	הרמה	00006		86178	8617825		20170321
001027	דימונה	088755	הרמה	00007		86178	8617826		20170321
001027	דימונה	088755	הרמה	00008		86178	8617827		20170321
001027	דימונה	088755	הרמה	00009		86178	8617828		20170321
001027	דימונה	088755	הרמה	00010		86178	8617829		20170321
001027	דימונה	088755	הרמה	00011		86178	8617830		20170321
001027	דימונה	088755	הרמה	00013		86178	8617832		20170321
001027	דימונה	088755	הרמה	00014		86178	8617833		20170321
001027	דימונה	088755	הרמה	00015		86178	8617834		20170321
001027	דימונה	088755	הרמה	00016		86178	8617835		20170321
001027	דימונה	088755	הרמה	00017		86178	8617836		20170321
001027	דימונה	088755	הרמה	00020		86178	8617839		20170321
001027	דימונה	088755	הרמה	00021		86178	8617840		20170321
001027	דימונה	088755	הרמה	00022		86178	8617841		20170321
001027	דימונה	088755	הרמה	00023		86178	8617842		20170321
001027	דימונה	088755	הרמה	00024		86178	8617843		20170321
001027	דימונה	088755	הרמה	00025		86178	8617844		20170321
001027	דימונה	088755	הרמה	00026		86178	8617845		20170321
001027	דימונה	088755	הרמה	00027		86178	8617846		20170321
001027	דימונה	088755	הרמה	00028		86178	8617847		20170321
001027	דימונה	088755	הרמה	00029		86178	8617848		20170321
001027	דימונה	088755	הרמה	00030		86178	8617849		20170321
001027	דימונה	088755	הרמה	00031		86178	8617850		20170321
001027	דימונה	088755	הרמה	00032		86178	8617851		20170321
001027	דימונה	088755	הרמה	00034		86178	8617853		20170321
001027	דימונה	088755	הרמה	00035		86178	8617854		20170321
001027	דימונה	088755	הרמה	00039		86178	8617858		20170321
001027	דימונה	088755	הרמה	00040		86178	8617859		20170321
001027	דימונה	088755	הרמה	00041		86178	8617860		20170321
001027	דימונה	088755	הרמה	00042		86178	8617861		20170321
001027	דימונה	088755	הרמה	00043		86178	8617862		20170321
001027	דימונה	088755	הרמה	00044		86178	8617863		20170321
001027	דימונה	088755	הרמה	00045		86178	8617864		20170321
001027	דימונה	088755	הרמה	00046		86178	8617865		20170321
001027	דימונה	088755	הרמה	00047		86178	8617866		20170321
001027	דימונה	088755	הרמה	00048		86178	8617867		20170321
001027	דימונה	088755	הרמה	00049		86178	8617868		20170321
001027	דימונה	088755	הרמה	00051		86178	8617870		20170321
001027	דימונה	088755	הרמה	00052		86178	8617871		20170321
001027	דימונה	088755	הרמה	00053		86178	8617872		20170321
001027	דימונה	088755	הרמה	00055		86178	8617874		20170321
001027	דימונה	088755	הרמה	00056		86178	8617875		20170321
001027	דימונה	088755	הרמה	00058		86178	8617877		20170321
001027	דימונה	088755	הרמה	00059		86178	8617878		20170321
001027	דימונה	088755	הרמה	00060		86178	8617879		20170321
001027	דימונה	088773	השיא	00000		86178	8617800	מיקוד ברירת מחדל לרחוב	20090707
001027	דימונה	088773	השיא	00002		86178	8617881		20170321
001027	דימונה	088773	השיא	00003		86178	8617882		20170321
001027	דימונה	088773	השיא	00005		86178	8617884		20170321
001027	דימונה	088773	השיא	00007		86178	8617886		20170321
001027	דימונה	088773	השיא	00009		86178	8617888		20170321
001027	דימונה	088773	השיא	00010		86178	8617889		20170321
001027	דימונה	088773	השיא	00011		86178	8617890		20170321
001027	דימונה	088773	השיא	00012		86178	8617891		20170321
001027	דימונה	088773	השיא	00013		86178	8617892		20170321
001027	דימונה	088773	השיא	00014		86178	8617893		20170321
001027	דימונה	088773	השיא	00016		86178	8617895		20170321
001027	דימונה	088773	השיא	00018		86178	8617897		20170321
001027	דימונה	088773	השיא	00019		86178	8617898		20170321
001027	דימונה	088773	השיא	00020		86178	8617899		20170321
001027	דימונה	088855	?	00000		86023	8602300	מיקוד ברירת מחדל לרחוב	20090707
001027	דימונה	088855	?	00001		86023	8602301		20170321
001027	דימונה	088855	?	00002		86023	8602302	כתובת לא בדוקה	20090713
001027	דימונה	088855	?	00003		86023	8602303		20170321
001027	דימונה	088855	?	00005		86023	8602305		20170321
001027	דימונה	088855	?	00008		86023	8602308	כתובת לא בדוקה	20090713
001027	דימונה	088855	?	00009		86023	8602309		20170321
001027	דימונה	088855	?	00010		86023	8602310	כתובת לא בדוקה	20090713
001027	דימונה	088855	?	00011		86023	8602311		20170321
001027	דימונה	088855	?	00012		86023	8602312	כתובת לא בדוקה	20090713
001027	דימונה	088855	?	00016		86023	8602316	כתובת לא בדוקה	20090713
001027	דימונה	088855	?	00021		86023	8602321		20170321
001027	דימונה	088855	?	00022		86023	8602322	כתובת לא בדוקה	20090713
001027	דימונה	088855	?	00023		86023	8602323		20170321
001027	דימונה	088855	?	00025		86023	8602325		20170321
001027	דימונה	088855	?	00026		86023	8602326	כתובת לא בדוקה	20090713
001027	דימונה	088855	?	00027		86023	8602327		20170321
001027	דימונה	088855	?	00028		86023	8602328	כתובת לא בדוקה	20090713
001027	דימונה	088855	?	00029		86023	8602329		20170321
001027	דימונה	088855	?	00033		86023	8602331		20170321
001027	דימונה	088916	שטרן יאיר	00001		86023	8602333	כתובת לא בדוקה	20090713
001027	דימונה	088916	שטרן יאיר	00002		86023	8602334	כתובת לא בדוקה	20090713
001027	דימונה	088916	שטרן יאיר	00003		86023	8602335	כתובת לא בדוקה	20090713
001027	דימונה	088916	שטרן יאיר	00004		86023	8602336	כתובת לא בדוקה	20090713
001027	דימונה	088916	שטרן יאיר	00005		86023	8602337	כתובת לא בדוקה	20090713
001027	דימונה	088916	שטרן יאיר	00006		86023	8602338	כתובת לא בדוקה	20090713
001027	דימונה	088916	שטרן יאיר	00007		86023	8602339	כתובת לא בדוקה	20090713
001027	דימונה	088916	שטרן יאיר	00008		86023	8602340	כתובת לא בדוקה	20090713
001027	דימונה	088916	שטרן יאיר	00010		86023	8602342	כתובת לא בדוקה	20090713
001027	דימונה	088916	שטרן יאיר	00011		86023	8602343	כתובת לא בדוקה	20090713
001027	דימונה	088916	שטרן יאיר	00012		86023	8602344	כתובת לא בדוקה	20090713
001027	דימונה	088916	שטרן יאיר	00014		86023	8602346	כתובת לא בדוקה	20090713
001027	דימונה	088964	רזיאל דוד	00000		86024	8602400	מיקוד ברירת מחדל לרחוב	20090707
001027	דימונה	088964	רזיאל דוד	00001		86024	8602401		20170321
001027	דימונה	088964	רזיאל דוד	00002		86024	8602402		20170321
001027	דימונה	088964	רזיאל דוד	00003		86024	8602403		20170321
001027	דימונה	088964	רזיאל דוד	00005		86024	8602405		20170321
001027	דימונה	088964	רזיאל דוד	00007		86024	8602407		20170321
001027	דימונה	088964	רזיאל דוד	00009		86024	8602409		20170321
001027	דימונה	088964	רזיאל דוד	00012		86024	8602411		20170321
001027	דימונה	088964	רזיאל דוד	00014		86024	8602412		20170321
001027	דימונה	088964	רזיאל דוד	00016		86024	8602413		20170321
001027	דימונה	088964	רזיאל דוד	00020		86024	8602415		20170321
001027	דימונה	088964	רזיאל דוד	00022		86024	8602416		20170321
001027	דימונה	088964	רזיאל דוד	00024		86024	8602417		20170321
001027	דימונה	089057	?	00002		86160	8616001		20170321
001027	דימונה	089057	?	00003		86160	8616002		20170321
001027	דימונה	089057	?	00004		86160	8616003		20170321
001027	דימונה	089057	?	00007		86160	8616006		20170321
001027	דימונה	089057	?	00008		86160	8616007		20170321
001027	דימונה	089057	?	00009		86160	8616008		20170321
001027	דימונה	089057	?	00010		86160	8616009		20170321
001027	דימונה	089057	?	00011		86160	8616010		20170321
001027	דימונה	089057	?	00012		86160	8616011		20170321
001027	דימונה	089057	?	00013		86160	8616012		20170321
001027	דימונה	089057	?	00014		86160	8616013		20170321
001027	דימונה	089057	?	00015		86160	8616014		20170321
001027	דימונה	089057	?	00017		86160	8616016		20170321
001027	דימונה	089140	?	00000		86078	8607800	מיקוד ברירת מחדל לרחוב	20090707
001027	דימונה	089140	?	00001		86078	8607895		20170321
001027	דימונה	089140	?	00002		86078	8607896		20170321
001027	דימונה	089140	?	00004		86078	8607898		20170321
001027	דימונה	089140	?	00006		86078	8611801		20170321
001027	דימונה	089140	?	00007		86078	8611802		20170321
001027	דימונה	089140	?	00009		86078	8611804		20170321
001027	דימונה	089140	?	00011		86078	8611806		20170321
001027	דימונה	089140	?	00012		86078	8611807		20170321
001027	דימונה	089140	?	00013		86078	8611808		20170321
001027	דימונה	089140	?	00014		86078	8611809		20170321
001027	דימונה	089140	?	00015		86078	8611810		20170321
001027	דימונה	089140	?	00016		86078	8611811		20170321
001027	דימונה	089140	?	00017		86078	8611812		20170321
001027	דימונה	089140	?	00018		86078	8611813		20170321
001027	דימונה	089140	?	00019		86078	8611814		20170321
001027	דימונה	089140	?	00020		86078	8611815		20170321
001027	דימונה	089140	?	00021		86078	8611816		20170321
001027	דימונה	089140	?	00022		86078	8611817		20170321
001027	דימונה	089140	?	00025		86078	8611820		20170321
001027	דימונה	089140	?	00027		86078	8611822		20170321
001027	דימונה	089140	?	00029		86078	8611824		20170321
001027	דימונה	089140	?	00030		86078	8611825		20170321
001027	דימונה	089140	?	00033		86078	8611828		20170321
001027	דימונה	089140	?	00034		86078	8611829		20170321
001027	דימונה	089140	?	00035		86078	8611830		20170321
001027	דימונה	089140	?	00038		86078	8611833		20170321
001027	דימונה	089140	?	00041		86078	8611836		20170321
001027	דימונה	089140	?	00042		86078	8611837		20170321
001027	דימונה	089140	?	00043		86078	8611838		20170321
001027	דימונה	089140	?	00045		86078	8611839		20170321
001027	דימונה	089140	?	00049		86078	8611841		20170321
001027	דימונה	089299	המסגר	00001		86124	8612401	כתובת לא בדוקה	20090713
001027	דימונה	089299	המסגר	00002		86124	8612402	כתובת לא בדוקה	20090713
001027	דימונה	089299	המסגר	00003		86124	8612403	כתובת לא בדוקה	20090713
001027	דימונה	089299	המסגר	00004		86124	8612404	כתובת לא בדוקה	20090713
001027	דימונה	089299	המסגר	00005		86124	8612405	כתובת לא בדוקה	20090713
001027	דימונה	089299	המסגר	00006		86124	8612406	כתובת לא בדוקה	20090713
001027	דימונה	089299	המסגר	00007		86124	8612407	כתובת לא בדוקה	20090713
001027	דימונה	089299	המסגר	00009		86124	8612409	כתובת לא בדוקה	20090713
001027	דימונה	089299	המסגר	00010		86124	8612410	כתובת לא בדוקה	20090713
001027	דימונה	089299	המסגר	00012		86124	8612412	כתובת לא בדוקה	20090713
001027	דימונה	089299	המסגר	00014		86124	8612414	כתובת לא בדוקה	20090713
001027	דימונה	089349	העמל	00001		86123	8612313	כתובת לא בדוקה	20090713
001027	דימונה	089349	העמל	00002		86123	8612314	כתובת לא בדוקה	20090713
001027	דימונה	089349	העמל	00004		86123	8612316	כתובת לא בדוקה	20090713
001027	דימונה	089349	העמל	00005		86123	8612317	כתובת לא בדוקה	20090713
001027	דימונה	089349	העמל	00006		86123	8612318	כתובת לא בדוקה	20090713
001027	דימונה	089349	העמל	00007		86123	8612319	כתובת לא בדוקה	20090713
001027	דימונה	089349	העמל	00010		86123	8612322	כתובת לא בדוקה	20090713
001027	דימונה	089349	העמל	00013		86123	8612325	כתובת לא בדוקה	20090713
001027	דימונה	089349	העמל	00014		86123	8612326	כתובת לא בדוקה	20090713
001027	דימונה	089406	הפועלים	00000		86124	8612400	מיקוד ברירת מחדל לרחוב	20090707
001027	דימונה	089406	הפועלים	00018		86124	8612415		20170321
001027	דימונה	089406	הפועלים	00028		86124	8612416		20170321
001027	דימונה	089948	כליל החורש	00001		86083	8608301		20170321
001027	דימונה	089948	כליל החורש	00002		86083	8608302		20170321
001027	דימונה	089948	כליל החורש	00003		86083	8608303		20170321
001027	דימונה	089948	כליל החורש	00004		86083	8608304		20170321
001027	דימונה	089948	כליל החורש	00005		86083	8608305		20170321
001027	דימונה	089948	כליל החורש	00006		86083	8608306		20170321
001027	דימונה	089948	כליל החורש	00007		86083	8608307		20170321
001027	דימונה	089948	כליל החורש	00008		86083	8608308		20170321
001027	דימונה	089948	כליל החורש	00009		86083	8608309		20170321
001027	דימונה	089948	כליל החורש	00010		86083	8608310		20170321
001027	דימונה	089948	כליל החורש	00011		86083	8608311		20170321
001027	דימונה	089948	כליל החורש	00012		86083	8608312		20170321
001027	דימונה	089948	כליל החורש	00015		86083	8608315		20170321
001027	דימונה	089948	כליל החורש	00016		86083	8608316		20170321
001027	דימונה	089948	כליל החורש	00019		86083	8608319		20170321
001027	דימונה	089948	כליל החורש	00020		86083	8608320		20170321
001027	דימונה	089948	כליל החורש	00021		86083	8608321		20170321
001027	דימונה	089948	כליל החורש	00022		86083	8608322		20170321
001027	דימונה	089948	כליל החורש	00023		86083	8608323		20170321
001027	דימונה	089948	כליל החורש	00024		86083	8608324		20170321
001027	דימונה	089948	כליל החורש	00025		86083	8608325		20170321
001027	דימונה	089948	כליל החורש	00026		86083	8608326		20170321
001027	דימונה	089948	כליל החורש	00028		86083	8608328		20170321
001027	דימונה	089948	כליל החורש	00029		86083	8608329		20170321
001027	דימונה	089948	כליל החורש	00030		86083	8608330		20170321
001027	דימונה	089948	כליל החורש	00032		86083	8608332		20170321
001027	דימונה	089948	כליל החורש	00034		86083	8608334		20170321
001027	דימונה	089948	כליל החורש	00035		86083	8608335		20170321
001027	דימונה	089948	כליל החורש	00036		86083	8608336		20170321
001027	דימונה	089948	כליל החורש	00037		86083	8608337		20170321
001027	דימונה	089948	כליל החורש	00038		86083	8608338		20170321
001027	דימונה	089948	כליל החורש	00039		86083	8608339		20170321
001027	דימונה	089948	כליל החורש	00040		86083	8608340		20170321
001027	דימונה	089948	כליל החורש	00041		86083	8608341		20170321
001027	דימונה	089948	כליל החורש	00042		86083	8608342		20170321
001027	דימונה	089948	כליל החורש	00043		86083	8608343		20170321
001027	דימונה	089948	כליל החורש	00045		86083	8608345		20170321
001027	דימונה	089948	כליל החורש	00047		86083	8608347		20170321
001027	דימונה	089948	כליל החורש	00049		86083	8608349		20170321
001027	דימונה	089948	כליל החורש	00050		86083	8608350		20170321
001027	דימונה	089948	כליל החורש	00051		86083	8608351		20170321
001027	דימונה	089948	כליל החורש	00052		86083	8608352		20170321
001027	דימונה	089948	כליל החורש	00053		86083	8608353		20170321
001027	דימונה	089948	כליל החורש	00055		86083	8608355		20170321
001027	דימונה	089948	כליל החורש	00057		86083	8608357		20170321
001027	דימונה	089993	סחלבן החורש	00001		86089	8608901		20170321
001027	דימונה	089993	סחלבן החורש	00002		86089	8608902		20170321
001027	דימונה	089993	סחלבן החורש	00003		86089	8608903		20170321
001027	דימונה	089993	סחלבן החורש	00004		86089	8608904		20170321
001027	דימונה	089993	סחלבן החורש	00005		86089	8608905		20170321
001027	דימונה	089993	סחלבן החורש	00006		86089	8608906		20170321
001027	דימונה	089993	סחלבן החורש	00007		86089	8608907		20170321
001027	דימונה	089993	סחלבן החורש	00008		86089	8608908		20170321
001027	דימונה	089993	סחלבן החורש	00009		86089	8608909		20170321
001027	דימונה	089993	סחלבן החורש	00010		86089	8608910		20170321
001027	דימונה	089993	סחלבן החורש	00011		86089	8608911		20170321
001027	דימונה	089993	סחלבן החורש	00012		86089	8608912		20170321
001027	דימונה	089993	סחלבן החורש	00014		86089	8608914		20170321
001027	דימונה	089993	סחלבן החורש	00015		86089	8608915		20170321
001027	דימונה	089993	סחלבן החורש	00016		86089	8608916		20170321
001027	דימונה	089993	סחלבן החורש	00017		86089	8608917		20170321
001027	דימונה	089993	סחלבן החורש	00018		86089	8608918		20170321
001027	דימונה	089993	סחלבן החורש	00019		86089	8608919		20170321
001027	דימונה	089993	סחלבן החורש	00020		86089	8608920		20170321
001027	דימונה	089993	סחלבן החורש	00021		86089	8608921		20170321
001027	דימונה	089993	סחלבן החורש	00022		86089	8608922		20170321
001027	דימונה	089993	סחלבן החורש	00023		86089	8608923		20170321
001027	דימונה	089993	סחלבן החורש	00024		86089	8608924		20170321
001027	דימונה	089993	סחלבן החורש	00025		86089	8608925		20170321
001027	דימונה	089993	סחלבן החורש	00026		86089	8608926		20170321
001027	דימונה	089993	סחלבן החורש	00027		86089	8608927		20170321
001027	דימונה	089993	סחלבן החורש	00028		86089	8608928		20170321
001027	דימונה	089993	סחלבן החורש	00029		86089	8608929		20170321
001027	דימונה	089993	סחלבן החורש	00031		86089	8608931		20170321
001027	דימונה	089993	סחלבן החורש	00033		86089	8608933		20170321
001027	דימונה	089993	סחלבן החורש	00034		86089	8608934		20170321
001027	דימונה	089993	סחלבן החורש	00035		86089	8608935		20170321
001027	דימונה	089993	סחלבן החורש	00036		86089	8608936		20170321
001027	דימונה	089993	סחלבן החורש	00038		86089	8608938		20170321
001027	דימונה	089993	סחלבן החורש	00040		86089	8608940		20170321
001027	דימונה	089993	סחלבן החורש	00041		86089	8608941		20170321
001027	דימונה	089993	סחלבן החורש	00042		86089	8608942		20170321
001027	דימונה	089993	סחלבן החורש	00043		86089	8608943		20170321
001027	דימונה	089993	סחלבן החורש	00045		86089	8608945		20170321
001027	דימונה	089993	סחלבן החורש	00046		86089	8608946		20170321
001027	דימונה	089993	סחלבן החורש	00047		86089	8608947		20170321
001027	דימונה	089993	סחלבן החורש	00048		86089	8608948		20170321
001027	דימונה	089993	סחלבן החורש	00049		86089	8608949		20170321
001027	דימונה	089993	סחלבן החורש	00050		86089	8608950		20170321
001027	דימונה	089993	סחלבן החורש	00051		86089	8608951		20170321
001027	דימונה	089993	סחלבן החורש	00052		86089	8608952		20170321
001027	דימונה	089993	סחלבן החורש	00053		86089	8608953		20170321
001027	דימונה	089993	סחלבן החורש	00054		86089	8608954		20170321
001027	דימונה	089993	סחלבן החורש	00055		86089	8608955		20170321
001027	דימונה	089993	סחלבן החורש	00057		86089	8608957		20170321
001027	דימונה	089993	סחלבן החורש	00059		86089	8608959		20170321
001027	דימונה	089993	סחלבן החורש	00062		86089	8608962		20170321
001027	דימונה	089993	סחלבן החורש	00063		86089	8608963		20170321
001027	דימונה	089993	סחלבן החורש	00064		86089	8608964		20170321
001027	דימונה	089993	סחלבן החורש	00065		86089	8608965		20170321
001027	דימונה	089993	סחלבן החורש	00066		86089	8608966		20170321
001027	דימונה	089993	סחלבן החורש	00067		86089	8608967		20170321
001027	דימונה	089993	סחלבן החורש	00068		86089	8608968		20170321
001027	דימונה	089993	סחלבן החורש	00069		86089	8608969		20170321
001027	דימונה	089993	סחלבן החורש	00070		86089	8608970		20170321
001027	דימונה	089993	סחלבן החורש	00073		86089	8608973		20170321
001027	דימונה	089993	סחלבן החורש	00074		86089	8608974		20170321
001027	דימונה	089993	סחלבן החורש	00075		86089	8608975		20170321
001027	דימונה	089993	סחלבן החורש	00076		86089	8608976		20170321
001027	דימונה	089993	סחלבן החורש	00078		86089	8608977		20170321
001027	דימונה	089993	סחלבן החורש	00079		86089	8608978		20170321
001027	דימונה	089993	סחלבן החורש	00080		86089	8608979		20170321
001027	דימונה	089993	סחלבן החורש	00081		86089	8608980		20170321
001027	דימונה	089993	סחלבן החורש	00082		86089	8608981		20170321
001027	דימונה	089993	סחלבן החורש	00083		86089	8608982		20170321
001027	דימונה	089993	סחלבן החורש	00088		86089	8608987		20170321
001027	דימונה	089993	סחלבן החורש	00091		86089	8608990		20170321
001027	דימונה	089993	סחלבן החורש	00092		86089	8608991		20170321
001027	דימונה	090041	קטלב	00001		86080	8608001		20170321
001027	דימונה	090041	קטלב	00002		86080	8608002	כתובת לא בדוקה	20090713
001027	דימונה	090041	קטלב	00003		86080	8608003		20170321
001027	דימונה	090041	קטלב	00004		86080	8608004	כתובת לא בדוקה	20090713
001027	דימונה	090041	קטלב	00005		86080	8608005		20170321
001027	דימונה	090041	קטלב	00006		86080	8608006	כתובת לא בדוקה	20090713
001027	דימונה	090041	קטלב	00007		86080	8608007		20170321
001027	דימונה	090041	קטלב	00008		86080	8608008	כתובת לא בדוקה	20090713
001027	דימונה	090041	קטלב	00009		86080	8608009		20170321
001027	דימונה	090041	קטלב	00012		86080	8608012	כתובת לא בדוקה	20090713
001027	דימונה	090041	קטלב	00014		86080	8608014	כתובת לא בדוקה	20090713
001027	דימונה	090041	קטלב	00015		86080	8608015		20170321
001027	דימונה	090041	קטלב	00017		86080	8608017		20170321
001027	דימונה	090041	קטלב	00018		86080	8608018	כתובת לא בדוקה	20090713
001027	דימונה	090041	קטלב	00021		86080	8608021		20170321
001027	דימונה	090041	קטלב	00023		86080	8608023		20170321
001027	דימונה	090041	קטלב	00025		86080	8608024		20170321
001027	דימונה	090041	קטלב	00027		86080	8608025		20170321
001027	דימונה	090041	קטלב	00029		86080	8608026		20170321
001027	דימונה	090041	קטלב	00031		86080	8608027		20170321
001027	דימונה	090041	קטלב	00033		86080	8608028		20170321
001027	דימונה	090041	קטלב	00037		86080	8608030		20170321
001027	דימונה	090041	קטלב	00041		86080	8608032		20170321
001027	דימונה	090041	קטלב	00043		86080	8608033		20170321
001027	דימונה	090041	קטלב	00045		86080	8608034		20170321
001027	דימונה	090041	קטלב	00047		86080	8608035		20170321
001027	דימונה	090041	קטלב	00049		86080	8608036	כתובת לא בדוקה	20090713
001027	דימונה	090041	קטלב	00051		86080	8608037	כתובת לא בדוקה	20090713
001027	דימונה	090054	אקליפטוס	00001		86087	8608701		20170321
001027	דימונה	090054	אקליפטוס	00002		86087	8608702	כתובת לא בדוקה	20090713
001027	דימונה	090054	אקליפטוס	00003		86087	8608703		20170321
001027	דימונה	090054	אקליפטוס	00004		86087	8608704	כתובת לא בדוקה	20090713
001027	דימונה	090054	אקליפטוס	00005		86087	8608705		20170321
001027	דימונה	090054	אקליפטוס	00006		86087	8608706	כתובת לא בדוקה	20090713
001027	דימונה	090054	אקליפטוס	00007		86087	8608707		20170321
001027	דימונה	090054	אקליפטוס	00008		86087	8608708	כתובת לא בדוקה	20090713
001027	דימונה	090054	אקליפטוס	00009		86087	8608709		20170321
001027	דימונה	090054	אקליפטוס	00011		86087	8608711		20170321
001027	דימונה	090054	אקליפטוס	00012		86087	8608712	כתובת לא בדוקה	20090713
001027	דימונה	090054	אקליפטוס	00013		86087	8608713		20170321
001027	דימונה	090054	אקליפטוס	00014		86087	8608714	כתובת לא בדוקה	20090713
001027	דימונה	090054	אקליפטוס	00016		86087	8608716	כתובת לא בדוקה	20090713
001027	דימונה	090054	אקליפטוס	00017		86087	8608717		20170321
001027	דימונה	090054	אקליפטוס	00018		86087	8608718		20170321
001027	דימונה	090054	אקליפטוס	00019		86087	8608719		20170321
001027	דימונה	090054	אקליפטוס	00021		86087	8608720		20170321
001027	דימונה	090054	אקליפטוס	00023		86087	8608721		20170321
001027	דימונה	090054	אקליפטוס	00025		86087	8608722		20170321
001027	דימונה	090054	אקליפטוס	00027		86087	8608723		20170321
001027	דימונה	090054	אקליפטוס	00029		86087	8608724		20170321
001027	דימונה	090054	אקליפטוס	00031		86087	8608725		20170321
001027	דימונה	090054	אקליפטוס	00033		86087	8608726		20170321
001027	דימונה	090054	אקליפטוס	00035		86087	8608727		20170321
001027	דימונה	090054	אקליפטוס	00037		86087	8608728		20170321
001027	דימונה	090054	אקליפטוס	00043		86087	8608731		20170321
001027	דימונה	090054	אקליפטוס	00045		86087	8608732		20170321
001027	דימונה	090054	אקליפטוס	00047		86087	8608733		20170321
001027	דימונה	090054	אקליפטוס	00051		86087	8608735		20170321
001027	דימונה	090054	אקליפטוס	00055		86087	8608737		20170321
001027	דימונה	090054	אקליפטוס	00057		86087	8608738		20170321
001027	דימונה	090128	שיזף	00001		86086	8608601	כתובת לא בדוקה	20090713
001027	דימונה	090128	שיזף	00002		86086	8608602	כתובת לא בדוקה	20090713
001027	דימונה	090128	שיזף	00004		86086	8608604	כתובת לא בדוקה	20090713
001027	דימונה	090128	שיזף	00005		86086	8608605	כתובת לא בדוקה	20090713
001027	דימונה	090128	שיזף	00006		86086	8608606	כתובת לא בדוקה	20090713
001027	דימונה	090128	שיזף	00007		86086	8608607	כתובת לא בדוקה	20090713
001027	דימונה	090128	שיזף	00009		86086	8608609	כתובת לא בדוקה	20090713
001027	דימונה	090128	שיזף	00010		86086	8608610	כתובת לא בדוקה	20090713
001027	דימונה	090128	שיזף	00011		86086	8608611	כתובת לא בדוקה	20090713
001027	דימונה	090128	שיזף	00013		86086	8608613		20170321
001027	דימונה	090128	שיזף	00014		86086	8608614	כתובת לא בדוקה	20090713
001027	דימונה	090128	שיזף	00015		86086	8608615		20170321
001027	דימונה	090128	שיזף	00017		86086	8608617		20170321
001027	דימונה	090128	שיזף	00019		86086	8608619		20170321
001027	דימונה	090128	שיזף	00020		86086	8608620	כתובת לא בדוקה	20090713
001027	דימונה	090128	שיזף	00022		86086	8608622	כתובת לא בדוקה	20090713
001027	דימונה	090128	שיזף	00024		86086	8608624	כתובת לא בדוקה	20090713
001027	דימונה	090128	שיזף	00025		86086	8608625		20170321
001027	דימונה	090128	שיזף	00026		86086	8608626	כתובת לא בדוקה	20090713
001027	דימונה	090128	שיזף	00027		86086	8608627		20170321
001027	דימונה	090128	שיזף	00028		86086	8608628	כתובת לא בדוקה	20090713
001027	דימונה	090128	שיזף	00029		86086	8608629		20170321
001027	דימונה	090128	שיזף	00030		86086	8608630	כתובת לא בדוקה	20090713
001027	דימונה	090128	שיזף	00031		86086	8608631		20170321
001027	דימונה	090128	שיזף	00032		86086	8608632	כתובת לא בדוקה	20090713
001027	דימונה	090128	שיזף	00034		86086	8608634	כתובת לא בדוקה	20090713
001027	דימונה	090128	שיזף	00035		86086	8608635	כתובת לא בדוקה	20090713
001027	דימונה	090128	שיזף	00036		86086	8608636	כתובת לא בדוקה	20090713
001027	דימונה	090128	שיזף	00038		86086	8608638	כתובת לא בדוקה	20090713
001027	דימונה	090128	שיזף	00039		86086	8608639	כתובת לא בדוקה	20090713
001027	דימונה	090128	שיזף	00042		86086	8608642	כתובת לא בדוקה	20090713
001027	דימונה	090128	שיזף	00043		86086	8608643	כתובת לא בדוקה	20090713
001027	דימונה	090128	שיזף	00045		86086	8608645	כתובת לא בדוקה	20090713
001027	דימונה	090128	שיזף	00046		86086	8608646	כתובת לא בדוקה	20090713
001027	דימונה	090128	שיזף	00047		86086	8608647	כתובת לא בדוקה	20090713
001027	דימונה	090128	שיזף	00048		86086	8608648	כתובת לא בדוקה	20090713
001027	דימונה	090128	שיזף	00050		86086	8608650	כתובת לא בדוקה	20090713
001027	דימונה	090128	שיזף	00051		86086	8608651	כתובת לא בדוקה	20090713
001027	דימונה	090128	שיזף	00052		86086	8608652		20170321
001027	דימונה	090128	שיזף	00053		86086	8608653	כתובת לא בדוקה	20090713
001027	דימונה	090128	שיזף	00055		86086	8608655	כתובת לא בדוקה	20090713
001027	דימונה	090128	שיזף	00056		86086	8608656		20170321
001027	דימונה	090128	שיזף	00058		86086	8608658		20170321
001027	דימונה	090128	שיזף	00059		86086	8608659	כתובת לא בדוקה	20090713
001027	דימונה	090128	שיזף	00060		86086	8608660		20170321
001027	דימונה	090128	שיזף	00061		86086	8608661	כתובת לא בדוקה	20090713
001027	דימונה	090128	שיזף	00063		86086	8608663	כתובת לא בדוקה	20090713
001027	דימונה	090128	שיזף	00064		86086	8608664		20170321
001027	דימונה	090128	שיזף	00065		86086	8608665	כתובת לא בדוקה	20090713
001027	דימונה	090128	שיזף	00066		86086	8608666		20170321
001027	דימונה	090128	שיזף	00067		86086	8608667	כתובת לא בדוקה	20090713
001027	דימונה	090128	שיזף	00068		86086	8608668		20170321
001027	דימונה	090128	שיזף	00069		86086	8608669	כתובת לא בדוקה	20090713
001027	דימונה	090128	שיזף	00072		86086	8608672		20170321
001027	דימונה	090128	שיזף	00073		86086	8608673	כתובת לא בדוקה	20090713
001027	דימונה	090128	שיזף	00074		86086	8608674		20170321
001027	דימונה	090128	שיזף	00075		86086	8608675	כתובת לא בדוקה	20090713
001027	דימונה	090128	שיזף	00076		86086	8608676		20170321
001027	דימונה	090128	שיזף	00077		86086	8608677		20170321
001027	דימונה	090128	שיזף	00078		86086	8608678		20170321
001027	דימונה	090128	שיזף	00079		86086	8608679		20170321
001027	דימונה	090128	שיזף	00080		86086	8608680		20170321
001027	דימונה	090128	שיזף	00081		86086	8608681	כתובת לא בדוקה	20090713
001027	דימונה	090128	שיזף	00083		86086	8608683	כתובת לא בדוקה	20090713
001027	דימונה	090128	שיזף	00084		86086	8608684		20170321
001027	דימונה	090128	שיזף	00085		86086	8608685		20170321
001027	דימונה	090128	שיזף	00086		86086	8608686		20170321
001027	דימונה	090128	שיזף	00087		86086	8608687		20170321
001027	דימונה	090128	שיזף	00088		86086	8608688		20170321
001027	דימונה	090128	שיזף	00089		86086	8608689		20170321
001027	דימונה	090128	שיזף	00092		86086	8608691		20170321
001027	דימונה	090128	שיזף	00096		86086	8608693		20170321
001027	דימונה	090128	שיזף	00098		86086	8608694		20170321
001027	דימונה	090128	שיזף	00104		86086	8608697		20170321
001027	דימונה	090128	שיזף	00108		86086	8608699		20170321
001027	דימונה	090128	שיזף	00112		86086	8612002		20170321
001027	דימונה	090128	שיזף	00116		86086	8612004		20170321
001027	דימונה	090128	שיזף	00118		86086	8612005		20170321
001027	דימונה	090128	שיזף	00120		86086	8612006		20170321
001027	דימונה	090128	שיזף	00122		86086	8612007		20170321
001027	דימונה	090128	שיזף	00124		86086	8612008		20170321
001027	דימונה	090128	שיזף	00126		86086	8612009		20170321
001027	דימונה	090128	שיזף	00128		86086	8612010		20170321
001027	דימונה	090128	שיזף	00130		86086	8612011		20170321
001027	דימונה	090128	שיזף	00132		86086	8612012		20170321
001027	דימונה	090128	שיזף	00134		86086	8612013		20170321
001027	דימונה	090128	שיזף	00136		86086	8612014		20170321
001027	דימונה	090128	שיזף	00138		86086	8612015		20170321
001027	דימונה	090128	שיזף	00142		86086	8612017		20170321
001027	דימונה	090128	שיזף	00144		86086	8612018		20170321
001027	דימונה	090128	שיזף	00146		86086	8612019		20170321
001027	דימונה	090128	שיזף	00156		86086	8611103		20170321
001027	דימונה	090128	שיזף	00158		86086	8611104		20170321
001027	דימונה	090128	שיזף	00160		86086	8611105		20170321
001027	דימונה	090128	שיזף	00162		86086	8611106		20170321
001027	דימונה	090128	שיזף	00164		86086	8611107		20170321
001027	דימונה	090128	שיזף	00166		86086	8611108		20170321
001027	דימונה	090128	שיזף	00168		86086	8611109		20170321
001027	דימונה	090128	שיזף	00170		86086	8611110		20170321
001027	דימונה	090128	שיזף	00172		86086	8611111		20170321
001027	דימונה	090128	שיזף	00174		86086	8611112		20170321
001027	דימונה	090128	שיזף	00176		86086	8611113		20170321
001027	דימונה	090149	מורן החורש	00000		86082	8608200	מיקוד ברירת מחדל לרחוב	20090707
001027	דימונה	090149	מורן החורש	00001		86082	8608201		20170321
001027	דימונה	090149	מורן החורש	00002		86082	8608202		20170321
001027	דימונה	090149	מורן החורש	00005		86082	8608205		20170321
001027	דימונה	090149	מורן החורש	00006		86082	8608206		20170321
001027	דימונה	090149	מורן החורש	00007		86082	8608207		20170321
001027	דימונה	090149	מורן החורש	00009		86082	8608209		20170321
001027	דימונה	090149	מורן החורש	00010		86082	8608210		20170321
001027	דימונה	090149	מורן החורש	00011		86082	8608211		20170321
001027	דימונה	090149	מורן החורש	00012		86082	8608212		20170321
001027	דימונה	090149	מורן החורש	00014		86082	8608214		20170321
001027	דימונה	090149	מורן החורש	00015		86082	8608215		20170321
001027	דימונה	090149	מורן החורש	00017		86082	8608217	כתובת לא בדוקה	20090713
001027	דימונה	090149	מורן החורש	00019		86082	8608219	כתובת לא בדוקה	20090713
001027	דימונה	090149	מורן החורש	00020		86082	8608220		20170321
001027	דימונה	090149	מורן החורש	00021		86082	8608221	כתובת לא בדוקה	20090713
001027	דימונה	090149	מורן החורש	00023		86082	8608223	כתובת לא בדוקה	20090713
001027	דימונה	090149	מורן החורש	00025		86082	8608225	כתובת לא בדוקה	20090713
001027	דימונה	090149	מורן החורש	00026		86082	8608226		20170321
001027	דימונה	090149	מורן החורש	00028		86082	8608228	כתובת לא בדוקה	20090713
001027	דימונה	090149	מורן החורש	00029		86082	8608229		20170321
001027	דימונה	090149	מורן החורש	00030		86082	8608230	כתובת לא בדוקה	20090713
001027	דימונה	090149	מורן החורש	00032		86082	8608232	כתובת לא בדוקה	20090713
001027	דימונה	090149	מורן החורש	00033		86082	8608233		20170321
001027	דימונה	090149	מורן החורש	00034		86082	8608234		20170321
001027	דימונה	090149	מורן החורש	00035		86082	8608235		20170321
001027	דימונה	090149	מורן החורש	00036		86082	8608236		20170321
001027	דימונה	090149	מורן החורש	00037		86082	8608237		20170321
001027	דימונה	090149	מורן החורש	00039		86082	8608239		20170321
001027	דימונה	090149	מורן החורש	00041		86082	8608241		20170321
001027	דימונה	090149	מורן החורש	00042		86082	8608242		20170321
001027	דימונה	090149	מורן החורש	00043		86082	8608243		20170321
001027	דימונה	090149	מורן החורש	00044		86082	8608244		20170321
001027	דימונה	090149	מורן החורש	00045		86082	8608245		20170321
001027	דימונה	090149	מורן החורש	00046		86082	8608246		20170321
001027	דימונה	090149	מורן החורש	00047		86082	8608247		20170321
001027	דימונה	090149	מורן החורש	00048		86082	8608248		20170321
001027	דימונה	090149	מורן החורש	00049		86082	8608249		20170321
001027	דימונה	090149	מורן החורש	00050		86082	8608250		20170321
001027	דימונה	090149	מורן החורש	00051		86082	8608251	כתובת לא בדוקה	20090713
001027	דימונה	090149	מורן החורש	00052		86082	8608252		20161204
001027	דימונה	090149	מורן החורש	00054		86082	8608254		20170321
001027	דימונה	090149	מורן החורש	00056		86082	8608255		20170321
001027	דימונה	090149	מורן החורש	00060		86082	8608257		20170321
001027	דימונה	090149	מורן החורש	00064		86082	8608259		20170321
001027	דימונה	090149	מורן החורש	00068		86082	8608261		20170321
001027	דימונה	090149	מורן החורש	00072		86082	8608263		20170321
001027	דימונה	090149	מורן החורש	00124		86082	8608264		20170321
001027	דימונה	090149	מורן החורש	00126		86082	8608266		20170321
001027	דימונה	090149	מורן החורש	00129		86082	8608269		20170321
001027	דימונה	090185	חרוב	00001		86081	8608101		20170321
001027	דימונה	090185	חרוב	00002		86081	8608102		20170321
001027	דימונה	090185	חרוב	00004		86081	8608104		20170321
001027	דימונה	090185	חרוב	00005		86081	8608105		20170321
001027	דימונה	090185	חרוב	00006		86081	8608106		20170321
001027	דימונה	090185	חרוב	00007		86081	8608107		20170321
001027	דימונה	090185	חרוב	00009		86081	8608109		20170321
001027	דימונה	090185	חרוב	00010		86081	8608110		20170321
001027	דימונה	090185	חרוב	00011		86081	8608111		20170321
001027	דימונה	090185	חרוב	00012		86081	8608112		20170321
001027	דימונה	090185	חרוב	00013		86081	8608113		20170321
001027	דימונה	090185	חרוב	00014		86081	8608114		20170321
001027	דימונה	090185	חרוב	00015		86081	8608115		20170321
001027	דימונה	090185	חרוב	00016		86081	8608116		20170321
001027	דימונה	090185	חרוב	00017		86081	8608117		20170321
001027	דימונה	090185	חרוב	00018		86081	8608118		20170321
001027	דימונה	090185	חרוב	00019		86081	8608119		20170321
001027	דימונה	090185	חרוב	00020		86081	8608120		20170321
001027	דימונה	090185	חרוב	00021		86081	8608121		20170321
001027	דימונה	090185	חרוב	00022		86081	8608122		20170321
001027	דימונה	090185	חרוב	00023		86081	8608123		20170321
001027	דימונה	090185	חרוב	00024		86081	8608124		20170321
001027	דימונה	090185	חרוב	00025		86081	8608125		20170321
001027	דימונה	090185	חרוב	00027		86081	8608127		20170321
001027	דימונה	090185	חרוב	00028		86081	8608128		20170321
001027	דימונה	090185	חרוב	00029		86081	8608129		20170321
001027	דימונה	090185	חרוב	00030		86081	8608130		20170321
001027	דימונה	090185	חרוב	00031		86081	8608131		20170321
001027	דימונה	090185	חרוב	00032		86081	8608132		20170321
001027	דימונה	090185	חרוב	00033		86081	8608133		20170321
001027	דימונה	090185	חרוב	00034		86081	8608134		20170321
001027	דימונה	090185	חרוב	00035		86081	8608135		20170321
001027	דימונה	090185	חרוב	00037		86081	8608137		20170321
001027	דימונה	090185	חרוב	00038		86081	8608138		20170321
001027	דימונה	090185	חרוב	00039		86081	8608139		20170321
001027	דימונה	090185	חרוב	00041		86081	8608141		20170321
001027	דימונה	090185	חרוב	00042		86081	8608142		20170321
001027	דימונה	090185	חרוב	00043		86081	8608143		20170321
001027	דימונה	090185	חרוב	00044		86081	8608144		20170321
001027	דימונה	090185	חרוב	00045		86081	8608145		20170321
001027	דימונה	090185	חרוב	00046		86081	8608146		20170321
001027	דימונה	090185	חרוב	00047		86081	8608147		20170321
001027	דימונה	090185	חרוב	00049		86081	8608149		20170321
001027	דימונה	090185	חרוב	00051		86081	8608151	כתובת לא בדוקה	20090713
001027	דימונה	090185	חרוב	00052		86081	8608152		20170321
001027	דימונה	090185	חרוב	00054		86081	8608153		20170321
001027	דימונה	090185	חרוב	00058		86081	8608155		20170321
001027	דימונה	090225	ליבנה	00000		86083	8608300	מיקוד ברירת מחדל לרחוב	20090707
001027	דימונה	090225	ליבנה	00001		86083	8608359	כתובת לא בדוקה	20090713
001027	דימונה	090225	ליבנה	00002		86083	8608360		20170321
001027	דימונה	090225	ליבנה	00003		86083	8608361	כתובת לא בדוקה	20090713
001027	דימונה	090225	ליבנה	00004		86083	8608362		20170321
001027	דימונה	090225	ליבנה	00005		86083	8608363	כתובת לא בדוקה	20090713
001027	דימונה	090225	ליבנה	00007		86083	8608365	כתובת לא בדוקה	20090713
001027	דימונה	090225	ליבנה	00009		86083	8608367	כתובת לא בדוקה	20090713
001027	דימונה	090225	ליבנה	00010		86083	8608368		20170321
001027	דימונה	090225	ליבנה	00013		86083	8608371	כתובת לא בדוקה	20090713
001027	דימונה	090225	ליבנה	00014		86083	8608372		20170321
001027	דימונה	090225	ליבנה	00015		86083	8608373	כתובת לא בדוקה	20090713
001027	דימונה	090225	ליבנה	00016		86083	8608374		20170321
001027	דימונה	090225	ליבנה	00017		86083	8608375	כתובת לא בדוקה	20090713
001027	דימונה	090225	ליבנה	00018		86083	8608376		20170321
001027	דימונה	090225	ליבנה	00022		86083	8608378		20170321
001027	דימונה	090225	ליבנה	00026		86083	8608380		20170321
001027	דימונה	090225	ליבנה	00028		86083	8608381		20170321
001027	דימונה	090225	ליבנה	00030		86083	8608382		20170321
001027	דימונה	090225	ליבנה	00032		86083	8608383		20170321
001027	דימונה	090225	ליבנה	00034		86083	8608384		20170321
001027	דימונה	090225	ליבנה	00036		86083	8608385		20170321
001027	דימונה	090225	ליבנה	00038		86083	8608386		20170321
001027	דימונה	090225	ליבנה	00040		86083	8608387		20170321
001027	דימונה	090225	ליבנה	00044		86083	8608389		20170321
001027	דימונה	090225	ליבנה	00046		86083	8608390		20170321
001027	דימונה	090225	ליבנה	00048		86083	8608391		20170321
001027	דימונה	090225	ליבנה	00050		86083	8608392		20170321
001027	דימונה	090225	ליבנה	00052		86083	8608393		20170321
001027	דימונה	090244	אדר	00001		86082	8608270		20170321
001027	דימונה	090244	אדר	00002		86082	8608271		20170321
001027	דימונה	090244	אדר	00003		86082	8608272		20170321
001027	דימונה	090244	אדר	00005		86082	8608274		20170321
001027	דימונה	090244	אדר	00007		86082	8608276		20170321
001027	דימונה	090244	אדר	00008		86082	8608277		20170321
001027	דימונה	090244	אדר	00010		86082	8608279		20170321
001027	דימונה	090244	אדר	00011		86082	8608280		20170321
001027	דימונה	090244	אדר	00012		86082	8608281		20170321
001027	דימונה	090244	אדר	00013		86082	8608282		20170321
001027	דימונה	090244	אדר	00014		86082	8608283		20170321
001027	דימונה	090244	אדר	00015		86082	8608284		20170321
001027	דימונה	090244	אדר	00016		86082	8608285		20170321
001027	דימונה	090244	אדר	00018		86082	8608287		20170321
001027	דימונה	090244	אדר	00019		86082	8608288		20170321
001027	דימונה	090244	אדר	00020		86082	8608289		20170321
001027	דימונה	090244	אדר	00021		86082	8608290		20170321
001027	דימונה	090244	אדר	00022		86082	8608291	כתובת לא בדוקה	20090713
001027	דימונה	090283	ברקן	00000		86081	8608100	מיקוד ברירת מחדל לרחוב	20090707
001027	דימונה	090283	ברקן	00001		86081	8608156		20170321
001027	דימונה	090283	ברקן	00002		86081	8608157		20170321
001027	דימונה	090283	ברקן	00003		86081	8608158		20170321
001027	דימונה	090283	ברקן	00004		86081	8608159		20170321
001027	דימונה	090283	ברקן	00005		86081	8608160		20170321
001027	דימונה	090283	ברקן	00006		86081	8608161		20170321
001027	דימונה	090283	ברקן	00008		86081	8608163		20170321
001027	דימונה	090283	ברקן	00009		86081	8608164		20170321
001027	דימונה	090283	ברקן	00010		86081	8608165		20170321
001027	דימונה	090283	ברקן	00011		86081	8608166		20170321
001027	דימונה	090283	ברקן	00012		86081	8608167		20170321
001027	דימונה	090283	ברקן	00013		86081	8608168		20170321
001027	דימונה	090283	ברקן	00014		86081	8608169		20170321
001027	דימונה	090283	ברקן	00015		86081	8608170		20170321
001027	דימונה	090283	ברקן	00017		86081	8608172		20170321
001027	דימונה	090283	ברקן	00018		86081	8608173	כתובת לא בדוקה	20090713
001027	דימונה	090283	ברקן	00019		86081	8608174		20170321
001027	דימונה	090283	ברקן	00023		86081	8608176		20170321
001027	דימונה	090317	דפנה	00001		86080	8608039		20170321
001027	דימונה	090317	דפנה	00003		86080	8608041		20170321
001027	דימונה	090317	דפנה	00005		86080	8608043		20170321
001027	דימונה	090317	דפנה	00006		86080	8608044		20170321
001027	דימונה	090317	דפנה	00007		86080	8608045		20170321
001027	דימונה	090317	דפנה	00009		86080	8608047		20170321
001027	דימונה	090317	דפנה	00010		86080	8608048		20170321
001027	דימונה	090317	דפנה	00011		86080	8608049		20170321
001027	דימונה	090317	דפנה	00012		86080	8608050		20170321
001027	דימונה	090317	דפנה	00014		86080	8608052		20170321
001027	דימונה	090317	דפנה	00016		86080	8608054		20170321
001027	דימונה	090317	דפנה	00017		86080	8608055		20170321
001027	דימונה	090317	דפנה	00018		86080	8608056		20170321
001027	דימונה	090317	דפנה	00019		86080	8608057		20170321
001027	דימונה	090317	דפנה	00021		86080	8608059		20170321
001027	דימונה	090317	דפנה	00022		86080	8608060		20170321
001027	דימונה	090317	דפנה	00023		86080	8608061		20170321
001027	דימונה	090317	דפנה	00024		86080	8608062		20170321
001027	דימונה	090317	דפנה	00025		86080	8608063		20170321
001027	דימונה	090317	דפנה	00027		86080	8608064		20170321
001027	דימונה	090317	דפנה	00029		86080	8608065		20170321
001027	דימונה	090369	פרג	00000		86080	8608000	מיקוד ברירת מחדל לרחוב	20090707
001027	דימונה	090369	פרג	00002		86080	8608067		20170321
001027	דימונה	090369	פרג	00005		86080	8608070		20170321
001027	דימונה	090369	פרג	00006		86080	8608071		20170321
001027	דימונה	090369	פרג	00007		86080	8608072		20170321
001027	דימונה	090369	פרג	00009		86080	8608074		20170321
001027	דימונה	090369	פרג	00010		86080	8608075		20170321
001027	דימונה	090369	פרג	00011		86080	8608076		20170321
001027	דימונה	090369	פרג	00012		86080	8608077		20170321
001027	דימונה	090369	פרג	00013		86080	8608078		20170321
001027	דימונה	090369	פרג	00014		86080	8608079		20170321
001027	דימונה	090369	פרג	00015		86080	8608080		20170321
001027	דימונה	090369	פרג	00016		86080	8608081		20170321
001027	דימונה	090369	פרג	00018		86080	8608083		20170321
001027	דימונה	090369	פרג	00022		86080	8608087		20170321
001027	דימונה	090369	פרג	00023		86080	8608088		20170321
001027	דימונה	090369	פרג	00024		86080	8608089		20170321
001027	דימונה	090369	פרג	00025		86080	8608090		20170321
001027	דימונה	090369	פרג	00027		86080	8608092		20170321
001027	דימונה	090369	פרג	00028		86080	8608093		20170321
001027	דימונה	090369	פרג	00029		86080	8608094		20170321
001027	דימונה	090369	פרג	00031		86080	8608096		20170321
001027	דימונה	090369	פרג	00032		86080	8608097		20170321
001027	דימונה	090369	פרג	00034		86080	8608099		20170321
001027	דימונה	090369	פרג	00036		86080	8612101		20170321
001027	דימונה	090369	פרג	00037		86080	8612102		20170321
001027	דימונה	090369	פרג	00038		86080	8612103		20170321
001027	דימונה	090380	אשחר	00000		86088	8608800	מיקוד ברירת מחדל לרחוב	20090707
001027	דימונה	090380	אשחר	00001		86088	8608801		20170321
001027	דימונה	090380	אשחר	00002		86088	8608802		20170321
001027	דימונה	090380	אשחר	00003		86088	8608803		20170321
001027	דימונה	090380	אשחר	00004		86088	8608804		20170321
001027	דימונה	090380	אשחר	00005		86088	8608805		20170321
001027	דימונה	090380	אשחר	00006		86088	8608806		20170321
001027	דימונה	090380	אשחר	00007		86088	8608807		20170321
001027	דימונה	090380	אשחר	00008		86088	8608808		20170321
001027	דימונה	090380	אשחר	00009		86088	8608809		20170321
001027	דימונה	090380	אשחר	00010		86088	8608810		20170321
001027	דימונה	090380	אשחר	00011		86088	8608811		20170321
001027	דימונה	090380	אשחר	00013		86088	8608813		20170321
001027	דימונה	090380	אשחר	00014		86088	8608814		20170321
001027	דימונה	090380	אשחר	00015		86088	8608815		20170321
001027	דימונה	090380	אשחר	00016		86088	8608816		20170321
001027	דימונה	090380	אשחר	00017		86088	8608817		20170321
001027	דימונה	090380	אשחר	00018		86088	8608818		20170321
001027	דימונה	090380	אשחר	00021		86088	8608821		20170321
001027	דימונה	090380	אשחר	00022		86088	8608822		20170321
001027	דימונה	090380	אשחר	00023		86088	8608823		20170321
001027	דימונה	090380	אשחר	00024		86088	8608824		20170321
001027	דימונה	090380	אשחר	00025		86088	8608825		20170321
001027	דימונה	090380	אשחר	00026		86088	8608826		20170321
001027	דימונה	090380	אשחר	00027		86088	8608827		20170321
001027	דימונה	090380	אשחר	00028		86088	8608828		20170321
001027	דימונה	090380	אשחר	00030		86088	8608830		20170321
001027	דימונה	090380	אשחר	00033		86088	8608833		20170321
001027	דימונה	090380	אשחר	00034		86088	8608834		20170321
001027	דימונה	090380	אשחר	00035		86088	8608835		20170321
001027	דימונה	090407	אזוב	00001		86088	8608837		20170321
001027	דימונה	090407	אזוב	00003		86088	8608839		20170321
001027	דימונה	090407	אזוב	00004		86088	8608840		20170321
001027	דימונה	090407	אזוב	00005		86088	8608841		20170321
001027	דימונה	090407	אזוב	00006		86088	8608842		20170321
001027	דימונה	090407	אזוב	00007		86088	8608843		20170321
001027	דימונה	090407	אזוב	00008		86088	8608844		20170321
001027	דימונה	090407	אזוב	00010		86088	8608846		20170321
001027	דימונה	090407	אזוב	00011		86088	8608847		20170321
001027	דימונה	090407	אזוב	00012		86088	8608848		20170321
001027	דימונה	090437	בשמת	00000		86087	8608700	מיקוד ברירת מחדל לרחוב	20090707
001027	דימונה	090437	בשמת	00001		86087	8608740		20170321
001027	דימונה	090437	בשמת	00002		86087	8608741		20170321
001027	דימונה	090437	בשמת	00003		86087	8608742		20170321
001027	דימונה	090437	בשמת	00004		86087	8608743		20170321
001027	דימונה	090437	בשמת	00005		86087	8608744		20170321
001027	דימונה	090437	בשמת	00006		86087	8608745		20170321
001027	דימונה	090437	בשמת	00007		86087	8608746		20170321
001027	דימונה	090437	בשמת	00008		86087	8608747		20170321
001027	דימונה	090437	בשמת	00009		86087	8608748		20170321
001027	דימונה	090437	בשמת	00011		86087	8608750		20170321
001027	דימונה	090437	בשמת	00012		86087	8608751		20170321
001027	דימונה	090437	בשמת	00013		86087	8608752		20170321
001027	דימונה	090437	בשמת	00014		86087	8608753		20170321
001027	דימונה	090437	בשמת	00016		86087	8608755		20170321
001027	דימונה	090437	בשמת	00018		86087	8608757		20170321
001027	דימונה	090437	בשמת	00020		86087	8608759		20170321
001027	דימונה	090437	בשמת	00021		86087	8608760		20170321
001027	דימונה	090437	בשמת	00022		86087	8608761		20170321
001027	דימונה	090437	בשמת	00023		86087	8608762		20170321
001027	דימונה	090437	בשמת	00024		86087	8608763		20170321
001027	דימונה	090437	בשמת	00025		86087	8608764		20170321
001027	דימונה	090437	בשמת	00028		86087	8608767		20170321
001027	דימונה	090437	בשמת	00030		86087	8608768	כתובת לא בדוקה	20090713
001027	דימונה	090467	דולב	00001		86086	8612020		20170321
001027	דימונה	090467	דולב	00002		86086	8612021		20170321
001027	דימונה	090467	דולב	00003		86086	8612022		20170321
001027	דימונה	090467	דולב	00004		86086	8612023		20170321
001027	דימונה	090467	דולב	00005		86086	8612024		20170321
001027	דימונה	090467	דולב	00006		86086	8612025		20170321
001027	דימונה	090467	דולב	00007		86086	8612026		20170321
001027	דימונה	090467	דולב	00012		86086	8612031		20170321
001027	דימונה	090467	דולב	00013		86086	8612032	כתובת לא בדוקה	20090714
001027	דימונה	090467	דולב	00014		86086	8612033		20170321
001027	דימונה	090467	דולב	00017		86086	8612036		20170321
001027	דימונה	090467	דולב	00018		86086	8612037		20170321
001027	דימונה	090467	דולב	00019		86086	8612038		20170321
001027	דימונה	090467	דולב	00021		86086	8612040		20170321
001027	דימונה	090467	דולב	00022		86086	8612041		20170321
001027	דימונה	090467	דולב	00023		86086	8612042		20170321
001027	דימונה	090467	דולב	00024		86086	8612043		20170321
001027	דימונה	090467	דולב	00025		86086	8612044		20170321
001027	דימונה	090467	דולב	00026		86086	8612045	כתובת לא בדוקה	20090714
001027	דימונה	090467	דולב	00027		86086	8612046		20170321
001027	דימונה	090467	דולב	00029		86086	8612048		20170321
001027	דימונה	090502	הרדוף הנחלים	00000		86086	8608600	מיקוד ברירת מחדל לרחוב	20090707
001027	דימונה	090502	הרדוף הנחלים	00001		86086	8612049		20170321
001027	דימונה	090502	הרדוף הנחלים	00003		86086	8612051		20170321
001027	דימונה	090502	הרדוף הנחלים	00004		86086	8612052		20170321
001027	דימונה	090502	הרדוף הנחלים	00006		86086	8612054		20170321
001027	דימונה	090502	הרדוף הנחלים	00008		86086	8612056		20170321
001027	דימונה	090502	הרדוף הנחלים	00009		86086	8612057		20170321
001027	דימונה	090502	הרדוף הנחלים	00010		86086	8612058		20170321
001027	דימונה	090502	הרדוף הנחלים	00013		86086	8612061		20170321
001027	דימונה	090502	הרדוף הנחלים	00014		86086	8612062		20170321
001027	דימונה	090502	הרדוף הנחלים	00015		86086	8612063		20170321
001027	דימונה	090502	הרדוף הנחלים	00019		86086	8612066		20170321
001027	דימונה	090502	הרדוף הנחלים	00021		86086	8612067		20170321
001027	דימונה	090502	הרדוף הנחלים	00023		86086	8612068		20170321
001027	דימונה	090530	חרצית	00001		86084	8608401		20170321
001027	דימונה	090530	חרצית	00002		86084	8608402		20170321
001027	דימונה	090530	חרצית	00003		86084	8608403		20170321
001027	דימונה	090530	חרצית	00004		86084	8608404		20170321
001027	דימונה	090530	חרצית	00005		86084	8608405		20170321
001027	דימונה	090530	חרצית	00006		86084	8608406		20170321
001027	דימונה	090530	חרצית	00007		86084	8608407		20170321
001027	דימונה	090530	חרצית	00008		86084	8608408		20170321
001027	דימונה	090530	חרצית	00009		86084	8608409		20170321
001027	דימונה	090530	חרצית	00010		86084	8608410		20170321
001027	דימונה	090530	חרצית	00012		86084	8608412		20170321
001027	דימונה	090530	חרצית	00013		86084	8608413		20170321
001027	דימונה	090530	חרצית	00014		86084	8608414		20170321
001027	דימונה	090530	חרצית	00016		86084	8608416		20170321
001027	דימונה	090530	חרצית	00017		86084	8608417		20170321
001027	דימונה	090530	חרצית	00021		86084	8608420	כתובת לא בדוקה	20090713
001027	דימונה	090563	טופח	00001		86083	8608395		20170321
001027	דימונה	090563	טופח	00004		86083	8608398		20170321
001027	דימונה	090563	טופח	00006		86083	8612501		20170321
001027	דימונה	090563	טופח	00007		86083	8612502		20170321
001027	דימונה	090563	טופח	00008		86083	8612503		20170321
001027	דימונה	090563	טופח	00010		86083	8612505		20170321
001027	דימונה	090563	טופח	00011		86083	8612506		20170321
001027	דימונה	090563	טופח	00012		86083	8612507		20170321
001027	דימונה	090563	טופח	00013		86083	8612508		20170321
001027	דימונה	090563	טופח	00014		86083	8612509		20170321
001027	דימונה	090563	טופח	00015		86083	8612510		20170321
001027	דימונה	090563	טופח	00016		86083	8612511		20170321
001027	דימונה	090563	טופח	00017		86083	8612512		20170321
001027	דימונה	090563	טופח	00018		86083	8612513		20170321
001027	דימונה	090563	טופח	00019		86083	8612514		20170321
001027	דימונה	090563	טופח	00020		86083	8612515		20170321
001027	דימונה	090563	טופח	00021		86083	8612516		20170321
001027	דימונה	090563	טופח	00023		86083	8612518		20170321
001027	דימונה	090563	טופח	00024		86083	8612519		20170321
001027	דימונה	090563	טופח	00025		86083	8612520		20170321
001027	דימונה	090563	טופח	00026		86083	8612521		20170321
001027	דימונה	090563	טופח	00027		86083	8612522		20170321
001027	דימונה	090563	טופח	00028		86083	8612523		20170321
001027	דימונה	090563	טופח	00029		86083	8612524		20170321
001027	דימונה	090563	טופח	00031		86083	8612526		20170321
001027	דימונה	090563	טופח	00032		86083	8612527		20170321
001027	דימונה	090563	טופח	00034		86083	8612529		20170321
001027	דימונה	090563	טופח	00035		86083	8612530		20170321
001027	דימונה	090563	טופח	00036		86083	8612531		20170321
001027	דימונה	090563	טופח	00037		86083	8612532		20170321
001027	דימונה	090563	טופח	00038		86083	8612533		20170321
001027	דימונה	090563	טופח	00039		86083	8612534		20170321
001027	דימונה	090592	סיגלון	00000		86084	8608400	מיקוד ברירת מחדל לרחוב	20090707
001027	דימונה	090592	סיגלון	00001		86084	8608421	כתובת לא בדוקה	20090713
001027	דימונה	090592	סיגלון	00003		86084	8608423	כתובת לא בדוקה	20090713
001027	דימונה	090592	סיגלון	00004		86084	8608424		20170321
001027	דימונה	090592	סיגלון	00006		86084	8608426		20170321
001027	דימונה	090592	סיגלון	00007		86084	8608427	כתובת לא בדוקה	20090713
001027	דימונה	090592	סיגלון	00008		86084	8608428		20170321
001027	דימונה	090592	סיגלון	00010		86084	8608429		20170321
001027	דימונה	090592	סיגלון	00012		86084	8608430		20170321
001027	דימונה	090592	סיגלון	00016		86084	8608432		20170321
001027	דימונה	090592	סיגלון	00020		86084	8608434		20170321
001027	דימונה	090592	סיגלון	00022		86084	8608435		20170321
001027	דימונה	090592	סיגלון	00024		86084	8608436		20170321
001027	דימונה	090605	אלה	00002		86089	8608992		20170321
001027	דימונה	090605	אלה	00004		86089	8608993		20170321
001027	דימונה	090605	אלה	00006		86089	8608994		20170321
001027	דימונה	090605	אלה	00010		86089	8608996		20170321
001027	דימונה	090642	חצב	00001		86089	8608997		20170321
001027	דימונה	090642	חצב	00002		86089	8608998		20170321
001027	דימונה	090642	חצב	00004		86089	8612601		20170321
001027	דימונה	090642	חצב	00005		86089	8612602		20170321
001027	דימונה	090642	חצב	00006		86089	8612603		20170321
001027	דימונה	090642	חצב	00007		86089	8612604		20170321
001027	דימונה	090642	חצב	00008		86089	8612605		20170321
001027	דימונה	090642	חצב	00010		86089	8612607		20170321
001027	דימונה	090642	חצב	00011		86089	8612608		20170321
001027	דימונה	090642	חצב	00012		86089	8612609		20170321
001027	דימונה	090642	חצב	00013		86089	8612610		20170321
001027	דימונה	090642	חצב	00014		86089	8612611		20170321
001027	דימונה	090642	חצב	00015		86089	8612612		20170321
001027	דימונה	090642	חצב	00016		86089	8612613		20170321
001027	דימונה	090642	חצב	00017		86089	8612614		20170321
001027	דימונה	090642	חצב	00018		86089	8612615		20170321
001027	דימונה	090642	חצב	00019		86089	8612616		20170321
001027	דימונה	090642	חצב	00020		86089	8612617		20170321
001027	דימונה	090642	חצב	00021		86089	8612618		20170321
001027	דימונה	090642	חצב	00022		86089	8612619		20170321
001027	דימונה	090642	חצב	00024		86089	8612621		20170321
001027	דימונה	090642	חצב	00025		86089	8612622		20170321
001027	דימונה	090642	חצב	00026		86089	8612623		20170321
001027	דימונה	090642	חצב	00027		86089	8612624		20170321
001027	דימונה	090642	חצב	00028		86089	8612625		20170321
001027	דימונה	090642	חצב	00029		86089	8612626		20170321
001027	דימונה	090642	חצב	00031		86089	8612628		20170321
001027	דימונה	090642	חצב	00032		86089	8612629		20170321
001027	דימונה	090642	חצב	00033		86089	8612630		20170321
001027	דימונה	090642	חצב	00034		86089	8612631		20170321
001027	דימונה	090642	חצב	00035		86089	8612632		20170321
001027	דימונה	090642	חצב	00036		86089	8612633		20170321
001027	דימונה	090642	חצב	00037		86089	8612634		20170321
001027	דימונה	090642	חצב	00038		86089	8612635		20170321
001027	דימונה	090642	חצב	00042		86089	8612639		20170321
001027	דימונה	090642	חצב	00043		86089	8612640		20170321
001027	דימונה	090642	חצב	00044		86089	8612641		20170321
001027	דימונה	090642	חצב	00045		86089	8612642		20170321
001027	דימונה	090642	חצב	00046		86089	8612643		20170321
001027	דימונה	090642	חצב	00048		86089	8612645		20170321
001027	דימונה	090642	חצב	00049		86089	8612646		20170321
001027	דימונה	090642	חצב	00050		86089	8612647		20170321
001027	דימונה	090642	חצב	00051		86089	8612648		20170321
001027	דימונה	090642	חצב	00052		86089	8612649		20170321
001027	דימונה	090642	חצב	00054		86089	8612651		20170321
001027	דימונה	090642	חצב	00055		86089	8612652		20170321
001027	דימונה	090642	חצב	00056		86089	8612653		20170321
001027	דימונה	090642	חצב	00057		86089	8612654		20170321
001027	דימונה	090642	חצב	00058		86089	8612655		20170321
001027	דימונה	090642	חצב	00059		86089	8612656		20170321
001027	דימונה	090642	חצב	00062		86089	8612659		20170321
001027	דימונה	090642	חצב	00064		86089	8612661		20170321
001027	דימונה	090642	חצב	00065		86089	8612662		20170321
001027	דימונה	090675	מרווה	00001		86089	8612663	כתובת לא בדוקה	20090714
001027	דימונה	090675	מרווה	00002		86089	8612664		20170321
001027	דימונה	090675	מרווה	00003		86089	8612665		20170321
001027	דימונה	090675	מרווה	00004		86089	8612666		20170321
001027	דימונה	090675	מרווה	00005		86089	8612667		20170321
001027	דימונה	090675	מרווה	00007		86089	8612669		20170321
001027	דימונה	090675	מרווה	00008		86089	8612670	כתובת לא בדוקה	20090714
001027	דימונה	090675	מרווה	00011		86089	8612672		20170321
001027	דימונה	090675	מרווה	00015		86089	8612674		20170321
001027	דימונה	090675	מרווה	00017		86089	8612675		20170321
001027	דימונה	090675	מרווה	00019		86089	8612676		20170321
001027	דימונה	090675	מרווה	00023		86089	8612678		20170321
001027	דימונה	090701	נורית	00001		86089	8612679		20170321
001027	דימונה	090701	נורית	00003		86089	8612681		20170321
001027	דימונה	090701	נורית	00004		86089	8612682		20170321
001027	דימונה	090701	נורית	00005		86089	8612683		20170321
001027	דימונה	090701	נורית	00006		86089	8612684		20170321
001027	דימונה	090701	נורית	00010		86089	8612688		20170321
001027	דימונה	090701	נורית	00011		86089	8612689		20170321
001027	דימונה	090701	נורית	00012		86089	8612690		20170321
001027	דימונה	090701	נורית	00013		86089	8612691		20170321
001027	דימונה	090701	נורית	00014		86089	8612692		20170321
001027	דימונה	090701	נורית	00016		86089	8612694		20170321
001027	דימונה	090701	נורית	00017		86089	8612695		20170321
001027	דימונה	090701	נורית	00018		86089	8612696		20170321
001027	דימונה	090701	נורית	00019		86089	8612697		20170321
001027	דימונה	090701	נורית	00020		86089	8612698		20170321
001027	דימונה	090701	נורית	00021		86089	8612699		20170321
001027	דימונה	090701	נורית	00022		86089	8612701		20170321
001027	דימונה	090701	נורית	00023		86089	8612702		20170321
001027	דימונה	090701	נורית	00024		86089	8612703		20170321
001027	דימונה	090731	צבעוני	00001		86089	8612704		20170321
001027	דימונה	090731	צבעוני	00002		86089	8612705		20170321
001027	דימונה	090731	צבעוני	00003		86089	8612706		20170321
001027	דימונה	090731	צבעוני	00004		86089	8612707		20170321
001027	דימונה	090731	צבעוני	00006		86089	8612709		20170321
001027	דימונה	090731	צבעוני	00007		86089	8612710		20170321
001027	דימונה	090731	צבעוני	00008		86089	8612711		20170321
001027	דימונה	090731	צבעוני	00009		86089	8612712		20170321
001027	דימונה	090731	צבעוני	00010		86089	8612713		20170321
001027	דימונה	090731	צבעוני	00011		86089	8612714		20170321
001027	דימונה	090731	צבעוני	00012		86089	8612715		20170321
001027	דימונה	090731	צבעוני	00013		86089	8612716		20170321
001027	דימונה	090731	צבעוני	00014		86089	8612717		20170321
001027	דימונה	090760	ציפורן	00001		86089	8612718		20170321
001027	דימונה	090760	ציפורן	00002		86089	8612719		20170321
001027	דימונה	090760	ציפורן	00003		86089	8612720		20170321
001027	דימונה	090760	ציפורן	00004		86089	8612721		20170321
001027	דימונה	090760	ציפורן	00007		86089	8612724		20170321
001027	דימונה	090760	ציפורן	00009		86089	8612726		20170321
001027	דימונה	090760	ציפורן	00010		86089	8612727		20170321
001027	דימונה	090760	ציפורן	00011		86089	8612728		20170321
001027	דימונה	090760	ציפורן	00012		86089	8612729		20170321
001027	דימונה	090760	ציפורן	00013		86089	8612730		20170321
001027	דימונה	090760	ציפורן	00014		86089	8612731		20170321
001027	דימונה	090760	ציפורן	00015		86089	8612732		20170321
001027	דימונה	090760	ציפורן	00017		86089	8612734		20170321
001027	דימונה	090760	ציפורן	00019		86089	8612736		20170321
001027	דימונה	090760	ציפורן	00020		86089	8612737		20170321
001027	דימונה	090760	ציפורן	00021		86089	8612738		20170321
001027	דימונה	090760	ציפורן	00022		86089	8612739		20170321
001027	דימונה	090760	ציפורן	00023		86089	8612740		20170321
001027	דימונה	090760	ציפורן	00024		86089	8612741		20170321
001027	דימונה	090760	ציפורן	00025		86089	8612742		20170321
001027	דימונה	090760	ציפורן	00026		86089	8612743		20170321
001027	דימונה	090760	ציפורן	00027		86089	8612744		20170321
001027	דימונה	090760	ציפורן	00031		86089	8612748		20170321
001027	דימונה	090760	ציפורן	00032		86089	8612749		20170321
001027	דימונה	090760	ציפורן	00033		86089	8612750		20170321
001027	דימונה	090760	ציפורן	00034		86089	8612751		20170321
001027	דימונה	090760	ציפורן	00035		86089	8612752		20170321
001027	דימונה	090760	ציפורן	00036		86089	8612753		20170321
001027	דימונה	090760	ציפורן	00037		86089	8612754		20170321
001027	דימונה	090760	ציפורן	00038		86089	8612755		20170321
001027	דימונה	090760	ציפורן	00040		86089	8612757		20170321
001027	דימונה	090760	ציפורן	00041		86089	8612758		20170321
001027	דימונה	090760	ציפורן	00042		86089	8612759		20170321
001027	דימונה	090760	ציפורן	00043		86089	8612760		20170321
001027	דימונה	090760	ציפורן	00044		86089	8612761		20170321
001027	דימונה	090760	ציפורן	00045		86089	8612762		20170321
001027	דימונה	090760	ציפורן	00046		86089	8612763		20170321
001027	דימונה	090760	ציפורן	00047		86089	8612764		20170321
001027	דימונה	090798	סיתונית	00003		86057	8605718		20170321
001027	דימונה	090798	סיתונית	00004		86057	8605719		20170321
001027	דימונה	090798	סיתונית	00005		86057	8605720		20170321
001027	דימונה	090798	סיתונית	00007		86057	8605722		20170321
001027	דימונה	090798	סיתונית	00008		86057	8605723		20170321
001027	דימונה	090798	סיתונית	00009		86057	8605724		20170321
001027	דימונה	090798	סיתונית	00010		86057	8605725		20170321
001027	דימונה	090798	סיתונית	00011		86057	8605726		20170321
001027	דימונה	090798	סיתונית	00012		86057	8605727		20170321
001027	דימונה	090798	סיתונית	00013		86057	8605728		20170321
001027	דימונה	090798	סיתונית	00015		86057	8605730		20170321
001027	דימונה	090798	סיתונית	00017		86057	8605732		20170321
001027	דימונה	090798	סיתונית	00018		86057	8605733		20170321
001027	דימונה	090798	סיתונית	00019		86057	8605734		20170321
001027	דימונה	090798	סיתונית	00021		86057	8605736		20170321
001027	דימונה	090798	סיתונית	00022		86057	8605737		20170321
001027	דימונה	090798	סיתונית	00023		86057	8605738		20170321
001027	דימונה	090798	סיתונית	00024		86057	8605739	כתובת לא בדוקה	20090713
001027	דימונה	090798	סיתונית	00025		86057	8605740		20170321
001027	דימונה	090798	סיתונית	00027		86057	8605741		20170321
001027	דימונה	090798	סיתונית	00029		86057	8605742		20170321
001027	דימונה	090825	לילך	00001		86057	8605744		20170321
001027	דימונה	090825	לילך	00002		86057	8605745		20170321
001027	דימונה	090825	לילך	00003		86057	8605746	כתובת לא בדוקה	20090713
001027	דימונה	090825	לילך	00006		86057	8605749		20170321
001027	דימונה	090825	לילך	00007		86057	8605750	כתובת לא בדוקה	20090713
001027	דימונה	090825	לילך	00008		86057	8605751		20170321
001027	דימונה	090825	לילך	00010		86057	8605752		20170321
001027	דימונה	090825	לילך	00012		86057	8605753		20161204
001027	דימונה	090825	לילך	00014		86057	8605754		20170321
001027	דימונה	090825	לילך	00016		86057	8605755		20170321
001027	דימונה	090825	לילך	00018		86057	8605756		20170321
001027	דימונה	090825	לילך	00020		86057	8605757		20170321
001027	דימונה	090825	לילך	00022		86057	8605758		20170321
001027	דימונה	090825	לילך	00024		86057	8605759		20170321
001027	דימונה	090843	בת חן	00001		86057	8605761		20170321
001027	דימונה	090843	בת חן	00002		86057	8605762		20170321
001027	דימונה	090843	בת חן	00005		86057	8605765		20170321
001027	דימונה	090843	בת חן	00007		86057	8605767		20170321
001027	דימונה	090843	בת חן	00008		86057	8605768		20170321
001027	דימונה	090843	בת חן	00009		86057	8605769		20170321
001027	דימונה	090843	בת חן	00010		86057	8605770		20170321
001027	דימונה	090843	בת חן	00011		86057	8605771		20170321
001027	דימונה	090843	בת חן	00013		86057	8605773		20170321
001027	דימונה	090843	בת חן	00014		86057	8605774		20170321
001027	דימונה	090843	בת חן	00015		86057	8605775		20170321
001027	דימונה	090843	בת חן	00017		86057	8605777		20170321
001027	דימונה	090843	בת חן	00018		86057	8605778		20170321
001027	דימונה	090843	בת חן	00019		86057	8605779		20170321
001027	דימונה	090932	שושן צחור	00001		86057	8605780		20170321
001027	דימונה	090932	שושן צחור	00003		86057	8605782		20170321
001027	דימונה	090932	שושן צחור	00004		86057	8605783		20170321
001027	דימונה	090932	שושן צחור	00005		86057	8605784		20170321
001027	דימונה	090932	שושן צחור	00007		86057	8605786		20170321
001027	דימונה	090932	שושן צחור	00008		86057	8605787		20170321
001027	דימונה	090932	שושן צחור	00009		86057	8605788		20170321
001027	דימונה	090932	שושן צחור	00010		86057	8605789		20170321
001027	דימונה	090932	שושן צחור	00011		86057	8605790		20170321
001027	דימונה	090932	שושן צחור	00012		86057	8605791		20170321
001027	דימונה	090932	שושן צחור	00014		86057	8605793		20170321
001027	דימונה	090932	שושן צחור	00015		86057	8605794		20170321
001027	דימונה	090932	שושן צחור	00016		86057	8605795	כתובת לא בדוקה	20090713
001027	דימונה	090932	שושן צחור	00017		86057	8605796		20170321
001027	דימונה	090932	שושן צחור	00018		86057	8605797		20170321
001027	דימונה	090932	שושן צחור	00019		86057	8605798		20170321
001027	דימונה	090932	שושן צחור	00020		86057	8605799		20170321
001027	דימונה	090932	שושן צחור	00022		86057	8612801		20170321
001027	דימונה	090932	שושן צחור	00024		86057	8612802		20170321
001027	דימונה	090932	שושן צחור	00028		86057	8612804		20170321
001027	דימונה	090937	אמנון ותמר	00001		86057	8612805		20170321
001027	דימונה	090937	אמנון ותמר	00002		86057	8612806	כתובת לא בדוקה	20090714
001027	דימונה	090937	אמנון ותמר	00003		86057	8612807		20170321
001027	דימונה	090937	אמנון ותמר	00004		86057	8612808	כתובת לא בדוקה	20090714
001027	דימונה	090937	אמנון ותמר	00005		86057	8612809		20170321
001027	דימונה	090937	אמנון ותמר	00006		86057	8612810	כתובת לא בדוקה	20090714
001027	דימונה	090937	אמנון ותמר	00009		86057	8612813		20170321
001027	דימונה	090937	אמנון ותמר	00011		86057	8612814		20170321
001027	דימונה	090937	אמנון ותמר	00013		86057	8612815		20170321
001027	דימונה	090937	אמנון ותמר	00015		86057	8612816		20170321
001027	דימונה	090937	אמנון ותמר	00017		86057	8612817		20170321
001027	דימונה	090937	אמנון ותמר	00019		86057	8612818		20170321
001027	דימונה	090937	אמנון ותמר	00021		86057	8612819		20170321
001027	דימונה	091071	צפצפה	00000		86089	8608900	מיקוד ברירת מחדל לרחוב	20090707
001027	דימונה	091071	צפצפה	00001		86089	8612766		20170321
001027	דימונה	091071	צפצפה	00002		86089	8612767		20170321
001027	דימונה	091071	צפצפה	00003		86089	8612768		20170321
001027	דימונה	091071	צפצפה	00004		86089	8612769		20170321
001027	דימונה	091071	צפצפה	00005		86089	8612770		20170321
001027	דימונה	091071	צפצפה	00006		86089	8612771		20170321
001027	דימונה	091071	צפצפה	00007		86089	8612772		20170321
001027	דימונה	091071	צפצפה	00008		86089	8612773		20170321
001027	דימונה	091071	צפצפה	00009		86089	8612774		20170321
001027	דימונה	091071	צפצפה	00010		86089	8612775		20170321
001027	דימונה	091071	צפצפה	00011		86089	8612776		20170321
001027	דימונה	091071	צפצפה	00013		86089	8612778		20170321
001027	דימונה	091071	צפצפה	00014		86089	8612779		20170321
001027	דימונה	091071	צפצפה	00015		86089	8612780		20170321
001027	דימונה	091108	שיקמה	00001		86089	8612781		20170321
001027	דימונה	091108	שיקמה	00002		86089	8612782		20170321
001027	דימונה	091108	שיקמה	00003		86089	8612783		20170321
001027	דימונה	091108	שיקמה	00004		86089	8612784		20170321
001027	דימונה	091108	שיקמה	00005		86089	8612785		20170321
001027	דימונה	091108	שיקמה	00006		86089	8612786		20170321
001027	דימונה	091108	שיקמה	00007		86089	8612787		20170321
001027	דימונה	091108	שיקמה	00008		86089	8612788		20170321
001027	דימונה	091108	שיקמה	00009		86089	8612789		20170321
001027	דימונה	091108	שיקמה	00010		86089	8612790		20170321
001027	דימונה	091108	שיקמה	00011		86089	8612791		20170321
001027	דימונה	091108	שיקמה	00012		86089	8612792		20170321
001027	דימונה	091108	שיקמה	00013		86089	8612793		20170321
001027	דימונה	091108	שיקמה	00014		86089	8612794		20170321
001027	דימונה	091108	שיקמה	00015		86089	8612795		20170321
001027	דימונה	091108	שיקמה	00016		86089	8612796		20170321
001027	דימונה	091108	שיקמה	00017		86089	8612797		20170321
001027	דימונה	091108	שיקמה	00018		86089	8612798		20170321
001027	דימונה	091108	שיקמה	00019		86089	8612799		20170321
001027	דימונה	091108	שיקמה	00020		86089	8612901		20170321
001027	דימונה	091108	שיקמה	00021		86089	8612902		20170321
001027	דימונה	091108	שיקמה	00022		86089	8612903		20170321
001027	דימונה	091108	שיקמה	00023		86089	8612904		20170321
001027	דימונה	091108	שיקמה	00024		86089	8612905		20170321
001027	דימונה	091108	שיקמה	00025		86089	8612906		20170321
001027	דימונה	091108	שיקמה	00026		86089	8612907		20170321
001027	דימונה	091108	שיקמה	00030		86089	8612909		20170321
001027	דימונה	091108	שיקמה	00032		86089	8612910		20170321
001027	דימונה	091108	שיקמה	00034		86089	8612911		20170321
001027	דימונה	091108	שיקמה	00038		86089	8612913		20170321
001027	דימונה	091132	?	00001		86089	8612914		20170321
001027	דימונה	091132	?	00003		86089	8612916		20170321
001027	דימונה	091132	?	00004		86089	8612917		20170321
001027	דימונה	091132	?	00005		86089	8612918		20170321
001027	דימונה	091132	?	00006		86089	8612919		20170321
001027	דימונה	091132	?	00008		86089	8612921		20170321
001027	דימונה	091132	?	00010		86089	8612923		20170321
001027	דימונה	091132	?	00013		86089	8612926		20170321
001027	דימונה	091132	?	00014		86089	8612927		20170321
001027	דימונה	091132	?	00015		86089	8612928		20170321
001027	דימונה	091132	?	00016		86089	8612929		20170321
001027	דימונה	091132	?	00017		86089	8612930		20170321
001027	דימונה	091132	?	00018		86089	8612931		20170321
001027	דימונה	091132	?	00019		86089	8612932		20170321
001027	דימונה	091132	?	00020		86089	8612933		20170321
001027	דימונה	091132	?	00021		86089	8612934		20170321
001027	דימונה	091132	?	00022		86089	8612935		20170321
001027	דימונה	091132	?	00023		86089	8612936		20170321
001027	דימונה	091132	?	00024		86089	8612937		20170321
001027	דימונה	091132	?	00026		86089	8612939		20170321
001027	דימונה	091132	?	00028		86089	8612940		20170321
001027	דימונה	091132	?	00030		86089	8612941		20170321
001027	דימונה	091132	?	00032		86089	8612942		20170321
001027	דימונה	091316	ישעיה	00002		86069	8606902	כתובת לא בדוקה	20090713
001027	דימונה	091316	ישעיה	00003		86069	8606903		20170321
001027	דימונה	091316	ישעיה	00004		86069	8606904		20170321
001027	דימונה	091316	ישעיה	00005		86069	8606905		20170321
001027	דימונה	091316	ישעיה	00006		86069	8606906		20170321
001027	דימונה	091316	ישעיה	00008		86069	8606908		20170321
001027	דימונה	091316	ישעיה	00009		86069	8606909		20170321
001027	דימונה	091316	ישעיה	00011		86069	8606911		20170321
001027	דימונה	091316	ישעיה	00012		86069	8606912		20170321
001027	דימונה	091316	ישעיה	00013		86069	8606913		20170321
001027	דימונה	091316	ישעיה	00014		86069	8606914		20170321
001027	דימונה	091316	ישעיה	00015		86069	8606915		20170321
001027	דימונה	091316	ישעיה	00016		86069	8606916		20170321
001027	דימונה	091316	ישעיה	00017		86069	8606917		20170321
001027	דימונה	091316	ישעיה	00018		86069	8606918		20170321
001027	דימונה	091316	ישעיה	00019		86069	8606919		20170321
001027	דימונה	091316	ישעיה	00020		86069	8606920		20170321
001027	דימונה	091316	ישעיה	00021		86069	8606921		20170321
001027	דימונה	091316	ישעיה	00022		86069	8606922		20170321
001027	דימונה	091316	ישעיה	00023		86069	8606923		20170321
001027	דימונה	091316	ישעיה	00024		86069	8606924		20170321
001027	דימונה	091316	ישעיה	00025		86069	8606925		20170321
001027	דימונה	091316	ישעיה	00026		86069	8606926		20170321
001027	דימונה	091316	ישעיה	00027		86069	8606927		20170321
001027	דימונה	091316	ישעיה	00028		86069	8606928		20170321
001027	דימונה	091316	ישעיה	00029		86069	8606929	כתובת לא בדוקה	20090713
001027	דימונה	091316	ישעיה	00030		86069	8606930		20170321
001027	דימונה	091316	ישעיה	00036		86069	8606933		20170321
001027	דימונה	091316	ישעיה	00040		86069	8606935		20170321
001027	דימונה	091316	ישעיה	00042		86069	8606936		20170321
001027	דימונה	091316	ישעיה	00044		86069	8606937		20170321
001027	דימונה	091316	ישעיה	00046		86069	8606938		20170321
001027	דימונה	091316	ישעיה	00048		86069	8606939		20170321
001027	דימונה	091316	ישעיה	00050		86069	8606940		20170321
001027	דימונה	091316	ישעיה	00054		86069	8606942		20170321
001027	דימונה	091343	ירמיה	00001		86069	8606943		20170321
001027	דימונה	091343	ירמיה	00002		86069	8606944	כתובת לא בדוקה	20090713
001027	דימונה	091343	ירמיה	00003		86069	8606945		20170321
001027	דימונה	091343	ירמיה	00004		86069	8606946		20170321
001027	דימונה	091343	ירמיה	00005		86069	8606947		20170321
001027	דימונה	091343	ירמיה	00006		86069	8606948		20170321
001027	דימונה	091343	ירמיה	00008		86069	8606950		20170321
001027	דימונה	091343	ירמיה	00009		86069	8606951		20170321
001027	דימונה	091343	ירמיה	00010		86069	8606952		20170321
001027	דימונה	091343	ירמיה	00012		86069	8606954		20170321
001027	דימונה	091343	ירמיה	00014		86069	8606956		20170321
001027	דימונה	091343	ירמיה	00015		86069	8606957	כתובת לא בדוקה	20090713
001027	דימונה	091343	ירמיה	00016		86069	8606958		20170321
001027	דימונה	091343	ירמיה	00017		86069	8606959		20170321
001027	דימונה	091343	ירמיה	00019		86069	8606961		20170321
001027	דימונה	091343	ירמיה	00020		86069	8606962		20170321
001027	דימונה	091343	ירמיה	00021		86069	8606963		20170321
001027	דימונה	091343	ירמיה	00022		86069	8606964		20170321
001027	דימונה	091343	ירמיה	00024		86069	8606966		20170321
001027	דימונה	091343	ירמיה	00025		86069	8606967	כתובת לא בדוקה	20090713
001027	דימונה	091343	ירמיה	00028		86069	8606970		20170321
001027	דימונה	091343	ירמיה	00029		86069	8606971	כתובת לא בדוקה	20090713
001027	דימונה	091343	ירמיה	00030		86069	8606972		20170321
001027	דימונה	091343	ירמיה	00031		86069	8606973	כתובת לא בדוקה	20090713
001027	דימונה	091343	ירמיה	00032		86069	8606974		20170321
001027	דימונה	091343	ירמיה	00034		86069	8606976		20170321
001027	דימונה	091343	ירמיה	00036		86069	8606977		20170321
001027	דימונה	091343	ירמיה	00038		86069	8606978		20170321
001027	דימונה	091343	ירמיה	00040		86069	8606979		20170321
001027	דימונה	091343	ירמיה	00042		86069	8606980		20170321
001027	דימונה	091373	?	00001		86069	8606981		20170321
001027	דימונה	091373	?	00005		86069	8606983		20170321
001027	דימונה	091373	?	00007		86069	8606984		20170321
001027	דימונה	091373	?	00009		86069	8606985		20170321
001027	דימונה	091395	נתן הנביא	00000		86163	8616300	מיקוד ברירת מחדל לרחוב	20090707
001027	דימונה	091395	נתן הנביא	00002		86163	8616302		20170321
001027	דימונה	091395	נתן הנביא	00004		86163	8616303		20170321
001027	דימונה	091410	יואל	00001		86069	8606986	כתובת לא בדוקה	20090713
001027	דימונה	091410	יואל	00002		86069	8606987	כתובת לא בדוקה	20090713
001027	דימונה	091410	יואל	00003		86069	8606988		20170321
001027	דימונה	091410	יואל	00004		86069	8606989		20170321
001027	דימונה	091410	יואל	00009		86069	8606991		20170321
001027	דימונה	091422	?	00000		86069	8606900	מיקוד ברירת מחדל לרחוב	20090707
001027	דימונה	091422	?	00002		86069	8606993	כתובת לא בדוקה	20090713
001027	דימונה	091422	?	00003		86069	8606994		20170321
001027	דימונה	091422	?	00004		86069	8606995		20170321
001027	דימונה	091422	?	00005		86069	8606996		20170321
001027	דימונה	091422	?	00006		86069	8606997		20170321
001027	דימונה	091422	?	00007		86069	8606998		20170321
001027	דימונה	091422	?	00008		86069	8606999		20170321
001027	דימונה	091422	?	00009		86069	8606001		20170321
001027	דימונה	091422	?	00011		86069	8606003	כתובת לא בדוקה	20090714
001027	דימונה	091422	?	00012		86069	8606004		20170321
001027	דימונה	091422	?	00014		86069	8606005		20170321
001027	דימונה	091422	?	00016		86069	8606006		20170321
001027	דימונה	091450	חגי	00001		86069	8606009		20170321
001027	דימונה	091450	חגי	00002		86069	8606010		20170321
001027	דימונה	091450	חגי	00003		86069	8606011		20170321
001027	דימונה	091450	חגי	00004		86069	8606012		20170321
001027	דימונה	091450	חגי	00005		86069	8606013		20170321
001027	דימונה	091450	חגי	00006		86069	8606014		20170321
001027	דימונה	091450	חגי	00007		86069	8606015		20170321
001027	דימונה	091450	חגי	00008		86069	8606016		20170321
001027	דימונה	091450	חגי	00011		86069	8606019		20170321
001027	דימונה	091450	חגי	00012		86069	8606020		20170321
001027	דימונה	091450	חגי	00013		86069	8606021		20170321
001027	דימונה	091450	חגי	00014		86069	8606022		20170321
001027	דימונה	091450	חגי	00015		86069	8606023		20170321
001027	דימונה	091450	חגי	00016		86069	8606024		20170321
001027	דימונה	091450	חגי	00017		86069	8606025		20170321
001027	דימונה	091450	חגי	00018		86069	8606026		20170321
001027	דימונה	091450	חגי	00021		86069	8606029		20170321
001027	דימונה	091450	חגי	00023		86069	8606031		20170321
001027	דימונה	091450	חגי	00024		86069	8606032		20170321
001027	דימונה	091450	חגי	00025		86069	8606033		20170321
001027	דימונה	091450	חגי	00027		86069	8606035		20170321
001027	דימונה	091450	חגי	00028		86069	8606036		20170321
001027	דימונה	091450	חגי	00029		86069	8606037		20170321
001027	דימונה	091450	חגי	00030		86069	8606038		20170321
001027	דימונה	091450	חגי	00031		86069	8606039		20170321
001027	דימונה	091450	חגי	00033		86069	8606041		20170321
001027	דימונה	091450	חגי	00034		86069	8606042		20170321
001027	דימונה	091450	חגי	00035		86069	8606043		20170321
001027	דימונה	091450	חגי	00036		86069	8606044		20170321
001027	דימונה	091450	חגי	00037		86069	8606045		20170321
001027	דימונה	091450	חגי	00038		86069	8606046		20170321
001027	דימונה	091450	חגי	00040		86069	8606048		20170321
001027	דימונה	091450	חגי	00041		86069	8606049		20170321
001027	דימונה	091450	חגי	00043		86069	8606051		20170321
001027	דימונה	091450	חגי	00044		86069	8606052		20170321
001027	דימונה	091450	חגי	00046		86069	8606053		20170321
001027	דימונה	091450	חגי	00048		86069	8606054		20170321
001027	דימונה	091450	חגי	00050		86069	8606055		20170321
001027	דימונה	091450	חגי	00054		86069	8606057		20170321
001027	דימונה	091450	חגי	00056		86069	8606058	כתובת לא בדוקה	20090714
001027	דימונה	091450	חגי	00058		86069	8606059		20170321
001027	דימונה	091474	?	00001		86069	8606060		20170321
001027	דימונה	091474	?	00002		86069	8606061		20170321
001027	דימונה	091474	?	00003		86069	8606062		20170321
001027	דימונה	091474	?	00005		86069	8606064		20170321
001027	דימונה	091474	?	00007		86069	8606066		20170321
001027	דימונה	091497	עמוס	00003		86069	8606071		20170321
001027	דימונה	091497	עמוס	00004		86069	8606072		20170321
001027	דימונה	091497	עמוס	00005		86069	8606073	כתובת לא בדוקה	20090714
001027	דימונה	091497	עמוס	00006		86069	8606074		20170321
001027	דימונה	091497	עמוס	00008		86069	8606075	כתובת לא בדוקה	20090714
001027	דימונה	091516	מלאכי	00001		86069	8606076		20170321
001027	דימונה	091516	מלאכי	00003		86069	8606078		20170321
001027	דימונה	091875	?	00002		86096	8609602	כתובת לא בדוקה	20090713
001027	דימונה	091875	?	00004		86096	8609604	כתובת לא בדוקה	20090713
001027	דימונה	091875	?	00005		86096	8609605		20170321
001027	דימונה	091875	?	00008		86096	8609608		20170321
001027	דימונה	091875	?	00009		86096	8609609		20170321
001027	דימונה	091875	?	00010		86096	8609610		20170321
001027	דימונה	091875	?	00011		86096	8609611		20170321
001027	דימונה	091875	?	00012		86096	8609612		20170321
001027	דימונה	091875	?	00013		86096	8609613		20170321
001027	דימונה	091875	?	00014		86096	8609614		20170321
001027	דימונה	091875	?	00015		86096	8609615		20170321
001027	דימונה	091875	?	00016		86096	8609616		20170321
001027	דימונה	091875	?	00017		86096	8609617		20170321
001027	דימונה	091875	?	00019		86096	8609619		20170321
001027	דימונה	091875	?	00020		86096	8609620		20170321
001027	דימונה	091875	?	00022		86096	8609622		20170321
001027	דימונה	091875	?	00023		86096	8609623		20170321
001027	דימונה	091875	?	00024		86096	8609624		20170321
001027	דימונה	091875	?	00025		86096	8609625		20170321
001027	דימונה	091875	?	00026		86096	8609626	כתובת לא בדוקה	20090713
001027	דימונה	091875	?	00027		86096	8609627		20170321
001027	דימונה	091875	?	00031		86096	8609629		20170321
001027	דימונה	091875	?	00033		86096	8609630		20170321
001027	דימונה	091897	מבצר עכו	00000		86096	8609600	מיקוד ברירת מחדל לרחוב	20090707
001027	דימונה	091897	מבצר עכו	00001		86096	8609632		20170321
001027	דימונה	091897	מבצר עכו	00002		86096	8609633		20170321
001027	דימונה	091897	מבצר עכו	00003		86096	8609634		20170321
001027	דימונה	091897	מבצר עכו	00004		86096	8609635		20170321
001027	דימונה	091897	מבצר עכו	00005		86096	8609636		20170321
001027	דימונה	091897	מבצר עכו	00006		86096	8609637		20170321
001027	דימונה	091897	מבצר עכו	00008		86096	8609639		20170321
001027	דימונה	091897	מבצר עכו	00009		86096	8609640		20170321
001027	דימונה	091897	מבצר עכו	00010		86096	8609641		20170321
001027	דימונה	091897	מבצר עכו	00011		86096	8609642		20170321
001027	דימונה	091897	מבצר עכו	00013		86096	8609644		20170321
001027	דימונה	091897	מבצר עכו	00014		86096	8609645		20170321
001027	דימונה	091897	מבצר עכו	00015		86096	8609646		20170321
001027	דימונה	091897	מבצר עכו	00017		86096	8609648		20170321
001027	דימונה	091897	מבצר עכו	00018		86096	8609649		20170321
001027	דימונה	091897	מבצר עכו	00020		86096	8609651		20170321
001027	דימונה	091897	מבצר עכו	00021		86096	8609652		20170321
001027	דימונה	091897	מבצר עכו	00022		86096	8609653		20170321
001027	דימונה	091897	מבצר עכו	00023		86096	8609654		20170321
001027	דימונה	091897	מבצר עכו	00024		86096	8609655		20170321
001027	דימונה	091897	מבצר עכו	00025		86096	8609656		20170321
001027	דימונה	091897	מבצר עכו	00026		86096	8609657		20170321
001027	דימונה	091897	מבצר עכו	00027		86096	8609658		20170321
001027	דימונה	091897	מבצר עכו	00028		86096	8609659	כתובת לא בדוקה	20090713
001027	דימונה	091897	מבצר עכו	00029		86096	8609660	כתובת לא בדוקה	20090713
001027	דימונה	091950	?	00000		86099	8609900	מיקוד ברירת מחדל לרחוב	20090707
001027	דימונה	091950	?	00001		86099	8609901		20170321
001027	דימונה	091950	?	00002		86099	8609902		20170321
001027	דימונה	091950	?	00003		86099	8609903		20170321
001027	דימונה	091950	?	00004		86099	8609904		20170321
001027	דימונה	091950	?	00005		86099	8609905		20170321
001027	דימונה	091950	?	00006		86099	8609906		20170321
001027	דימונה	091950	?	00007		86099	8609907		20170321
001027	דימונה	091950	?	00008		86099	8609908		20170321
001027	דימונה	091950	?	00009		86099	8609909		20170321
001027	דימונה	091950	?	00011		86099	8609911		20170321
001027	דימונה	091950	?	00012		86099	8609912		20170321
001027	דימונה	091950	?	00013		86099	8609913		20170321
001027	דימונה	091950	?	00014		86099	8609914		20170321
001027	דימונה	091950	?	00015		86099	8609915		20170321
001027	דימונה	091950	?	00017		86099	8609917		20170321
001027	דימונה	091950	?	00018		86099	8609918		20170321
001027	דימונה	091950	?	00019		86099	8609919		20170321
001027	דימונה	091950	?	00022		86099	8609922		20170321
001027	דימונה	091950	?	00024		86099	8609924		20170321
001027	דימונה	091950	?	00026		86099	8609926		20170321
001027	דימונה	091950	?	00027		86099	8609927		20170321
001027	דימונה	091950	?	00028		86099	8609928		20170321
001027	דימונה	091950	?	00029		86099	8609929		20170321
001027	דימונה	091950	?	00030		86099	8609930		20170321
001027	דימונה	091950	?	00032		86099	8609932		20170321
001027	דימונה	091950	?	00033		86099	8609933		20170321
001027	דימונה	091971	כורזין	00000		86094	8609400	מיקוד ברירת מחדל לרחוב	20090707
001027	דימונה	091971	כורזין	00001		86094	8609401	כתובת לא בדוקה	20090713
001027	דימונה	091971	כורזין	00003		86094	8609403		20170321
001027	דימונה	091971	כורזין	00004		86094	8609404		20170321
001027	דימונה	091971	כורזין	00006		86094	8609406		20170321
001027	דימונה	091971	כורזין	00008		86094	8609408		20170321
001027	דימונה	091971	כורזין	00010		86094	8609410		20170321
001027	דימונה	091971	כורזין	00012		86094	8609412		20170321
001027	דימונה	091971	כורזין	00013		86094	8609413		20170321
001027	דימונה	091971	כורזין	00014		86094	8609414		20170321
001027	דימונה	091971	כורזין	00015		86094	8609415		20170321
001027	דימונה	091971	כורזין	00017		86094	8609417		20170321
001027	דימונה	091971	כורזין	00018		86094	8609418		20170321
001027	דימונה	091971	כורזין	00019		86094	8609419		20170321
001027	דימונה	091971	כורזין	00020		86094	8609420		20170321
001027	דימונה	091971	כורזין	00022		86094	8609422		20170321
001027	דימונה	091971	כורזין	00023		86094	8609423		20170321
001027	דימונה	091971	כורזין	00024		86094	8609424		20170321
001027	דימונה	091971	כורזין	00025		86094	8609425		20170321
001027	דימונה	091971	כורזין	00026		86094	8609426		20170321
001027	דימונה	091971	כורזין	00027		86094	8609427		20170321
001027	דימונה	091971	כורזין	00028		86094	8609428		20170321
001027	דימונה	091971	כורזין	00029		86094	8609429		20170321
001027	דימונה	091971	כורזין	00030		86094	8609430		20170321
001027	דימונה	091971	כורזין	00031		86094	8609431	כתובת לא בדוקה	20090713
001027	דימונה	091971	כורזין	00032		86094	8609432		20170321
001027	דימונה	091971	כורזין	00034		86094	8609433		20170321
001027	דימונה	091971	כורזין	00036		86094	8609434		20170321
001027	דימונה	092016	ציפורי	00000		86192	8619200	מיקוד ברירת מחדל לרחוב	20090707
001027	דימונה	092016	ציפורי	00001		86191	8619101		20170321
001027	דימונה	092016	ציפורי	00002		86191	8619102	כתובת לא בדוקה	20090713
001027	דימונה	092016	ציפורי	00003		86191	8619103		20170321
001027	דימונה	092016	ציפורי	00004		86191	8619104	כתובת לא בדוקה	20090713
001027	דימונה	092016	ציפורי	00005		86191	8619105		20170321
001027	דימונה	092016	ציפורי	00006		86191	8619106	כתובת לא בדוקה	20090713
001027	דימונה	092016	ציפורי	00007		86191	8619107		20170321
001027	דימונה	092016	ציפורי	00008		86191	8619108		20170321
001027	דימונה	092016	ציפורי	00009		86191	8619109		20170321
001027	דימונה	092016	ציפורי	00010		86191	8619110		20170321
001027	דימונה	092016	ציפורי	00012		86191	8619112		20170321
001027	דימונה	092016	ציפורי	00013		86191	8619113		20170321
001027	דימונה	092016	ציפורי	00014		86191	8619114		20170321
001027	דימונה	092016	ציפורי	00015		86191	8619115		20170321
001027	דימונה	092016	ציפורי	00016		86191	8619116		20170321
001027	דימונה	092016	ציפורי	00017		86191	8619117		20170321
001027	דימונה	092016	ציפורי	00019		86191	8619119		20170321
001027	דימונה	092016	ציפורי	00021		86191	8619121		20170321
001027	דימונה	092016	ציפורי	00023		86191	8619123		20170321
001027	דימונה	092016	ציפורי	00025		86191	8619125		20170321
001027	דימונה	092016	ציפורי	00026		86191	8619126	כתובת לא בדוקה	20090713
001027	דימונה	092016	ציפורי	00027		86191	8619127		20170321
001027	דימונה	092016	ציפורי	00031		86191	8619129		20170321
001027	דימונה	092016	ציפורי	00035		86192	8619202		20170321
001027	דימונה	092016	ציפורי	00039		86192	8619203	כתובת לא בדוקה	20090713
001027	דימונה	092016	ציפורי	00041		86192	8619204	כתובת לא בדוקה	20090713
001027	דימונה	092016	ציפורי	00043		86192	8619205		20170321
001027	דימונה	092016	ציפורי	00047		86192	8619207		20170321
001027	דימונה	092016	ציפורי	00049		86192	8619208		20170321
001027	דימונה	092016	ציפורי	00051		86192	8619209		20170321
001027	דימונה	092016	ציפורי	00053		86192	8619210		20170321
001027	דימונה	092016	ציפורי	00057		86192	8619212		20170321
001027	דימונה	092016	ציפורי	00061		86192	8619214		20170321
001027	דימונה	092016	ציפורי	00065		86192	8619216	כתובת לא בדוקה	20090713
001027	דימונה	092016	ציפורי	00067		86192	8619217		20170321
001027	דימונה	092016	ציפורי	00069		86192	8619218		20170321
001027	דימונה	092050	קרני חיטין	00000		86095	8609500	מיקוד ברירת מחדל לרחוב	20090707
001027	דימונה	092050	קרני חיטין	00001		86095	8609501		20170321
001027	דימונה	092050	קרני חיטין	00004		86095	8609504		20170321
001027	דימונה	092050	קרני חיטין	00005		86095	8609505		20170321
001027	דימונה	092050	קרני חיטין	00006		86095	8609506		20170321
001027	דימונה	092050	קרני חיטין	00008		86095	8609508		20170321
001027	דימונה	092050	קרני חיטין	00009		86095	8609509		20170321
001027	דימונה	092050	קרני חיטין	00010		86095	8609518		20170321
001027	דימונה	092050	קרני חיטין	00011		86095	8609510		20170321
001027	דימונה	092050	קרני חיטין	00012		86095	8609519		20170321
001027	דימונה	092050	קרני חיטין	00013		86095	8609511		20170321
001027	דימונה	092050	קרני חיטין	00014		86095	8609520		20170321
001027	דימונה	092050	קרני חיטין	00015		86095	8609512		20170321
001027	דימונה	092050	קרני חיטין	00016		86095	8609521		20170321
001027	דימונה	092050	קרני חיטין	00019		86095	8609514		20170321
001027	דימונה	092050	קרני חיטין	00024		86095	8609525		20170321
001027	דימונה	092050	קרני חיטין	00028		86095	8609527		20170321
001027	דימונה	092050	קרני חיטין	00030		86095	8609528		20170321
001027	דימונה	092050	קרני חיטין	00034		86095	8609530		20170321
001027	דימונה	092050	קרני חיטין	00036		86095	8609531		20170321
001027	דימונה	092050	קרני חיטין	00040		86095	8609533		20170321
001027	דימונה	092093	שיבטה	00000		86097	8609700	מיקוד ברירת מחדל לרחוב	20090707
001027	דימונה	092093	שיבטה	00001		86097	8609701		20170321
001027	דימונה	092093	שיבטה	00002		86097	8609702		20170321
001027	דימונה	092093	שיבטה	00004		86097	8609704		20170321
001027	דימונה	092093	שיבטה	00005		86097	8609705		20170321
001027	דימונה	092093	שיבטה	00006		86097	8609706		20170321
001027	דימונה	092093	שיבטה	00007		86097	8609707		20170321
001027	דימונה	092093	שיבטה	00008		86097	8609708		20170321
001027	דימונה	092093	שיבטה	00009		86097	8609709		20170321
001027	דימונה	092093	שיבטה	00010		86097	8609710		20170321
001027	דימונה	092093	שיבטה	00011		86097	8609711		20170321
001027	דימונה	092093	שיבטה	00012		86097	8609712		20170321
001027	דימונה	092093	שיבטה	00013		86097	8609713		20170321
001027	דימונה	092093	שיבטה	00014		86097	8609714		20170321
001027	דימונה	092093	שיבטה	00015		86097	8609715		20170321
001027	דימונה	092093	שיבטה	00016		86097	8609716		20170321
001027	דימונה	092093	שיבטה	00019		86097	8609718		20170321
001027	דימונה	092093	שיבטה	00021		86097	8609719		20170321
001027	דימונה	092093	שיבטה	00023		86097	8609720		20170321
001027	דימונה	092093	שיבטה	00025		86097	8609721		20170321
001027	דימונה	092122	פטרה	00000		86093	8609300	מיקוד ברירת מחדל לרחוב	20090707
001027	דימונה	092122	פטרה	00001		86093	8609301	כתובת לא בדוקה	20090713
001027	דימונה	092122	פטרה	00002		86093	8609302		20170321
001027	דימונה	092122	פטרה	00003		86093	8609303		20170321
001027	דימונה	092122	פטרה	00005		86093	8609305		20170321
001027	דימונה	092122	פטרה	00006		86093	8609306		20170321
001027	דימונה	092122	פטרה	00008		86093	8609308		20170321
001027	דימונה	092122	פטרה	00009		86093	8609309		20170321
001027	דימונה	092122	פטרה	00012		86093	8609312		20170321
001027	דימונה	092122	פטרה	00014		86093	8609314		20170321
001027	דימונה	092122	פטרה	00015		86093	8609315		20170321
001027	דימונה	092122	פטרה	00016		86093	8609316		20170321
001027	דימונה	092122	פטרה	00017		86093	8609317		20170321
001027	דימונה	092122	פטרה	00018		86093	8609318		20170321
001027	דימונה	092122	פטרה	00019		86093	8609319		20170321
001027	דימונה	092122	פטרה	00020		86093	8609320		20170321
001027	דימונה	092122	פטרה	00021		86093	8609321		20170321
001027	דימונה	092122	פטרה	00022		86093	8609322		20170321
001027	דימונה	092122	פטרה	00023		86093	8609323		20170321
001027	דימונה	092122	פטרה	00024		86093	8609324	כתובת לא בדוקה	20090713
001027	דימונה	092122	פטרה	00026		86093	8609325	כתובת לא בדוקה	20090713
001027	דימונה	092136	גמלא	00000		86091	8609100	מיקוד ברירת מחדל לרחוב	20090707
001027	דימונה	092136	גמלא	00001		86090	8609001		20170321
001027	דימונה	092136	גמלא	00002		86090	8609002		20170321
001027	דימונה	092136	גמלא	00003		86090	8609003		20170321
001027	דימונה	092136	גמלא	00004		86090	8609004		20170321
001027	דימונה	092136	גמלא	00005		86090	8609005		20170321
001027	דימונה	092136	גמלא	00006		86090	8609006		20170321
001027	דימונה	092136	גמלא	00007		86090	8609007		20170321
001027	דימונה	092136	גמלא	00010		86090	8609010		20170321
001027	דימונה	092136	גמלא	00011		86090	8609011		20170321
001027	דימונה	092136	גמלא	00012		86090	8609012		20170321
001027	דימונה	092136	גמלא	00013		86090	8609013		20170321
001027	דימונה	092136	גמלא	00014		86090	8609014		20170321
001027	דימונה	092136	גמלא	00015		86090	8609015		20170321
001027	דימונה	092136	גמלא	00016		86090	8609016		20170321
001027	דימונה	092136	גמלא	00017		86090	8609017		20170321
001027	דימונה	092136	גמלא	00018		86090	8609018		20170321
001027	דימונה	092136	גמלא	00019		86090	8609019		20170321
001027	דימונה	092136	גמלא	00020		86090	8609020		20170321
001027	דימונה	092136	גמלא	00021		86090	8609021		20170321
001027	דימונה	092136	גמלא	00023		86090	8609023		20170321
001027	דימונה	092136	גמלא	00024		86090	8609024		20170321
001027	דימונה	092136	גמלא	00025		86090	8609025		20170321
001027	דימונה	092136	גמלא	00027		86090	8609027		20170321
001027	דימונה	092136	גמלא	00028		86090	8609028		20170321
001027	דימונה	092136	גמלא	00030		86090	8609029		20170321
001027	דימונה	092136	גמלא	00032		86090	8609030		20170321
001027	דימונה	092136	גמלא	00034		86090	8609031		20170321
001027	דימונה	092136	גמלא	00036		86090	8609032		20170321
001027	דימונה	092136	גמלא	00040		86091	8609101		20170321
001027	דימונה	092136	גמלא	00042		86091	8609102		20170321
001027	דימונה	092136	גמלא	00044		86091	8609103		20170321
001027	דימונה	092136	גמלא	00046		86091	8609104		20170321
001027	דימונה	092136	גמלא	00050		86091	8609106		20170321
001027	דימונה	092136	גמלא	00052		86091	8609107		20170321
001027	דימונה	092136	גמלא	00056		86091	8609109		20170321
001027	דימונה	092136	גמלא	00058		86091	8609110		20170321
001027	דימונה	092136	גמלא	00062		86091	8609112		20170321
001027	דימונה	092136	גמלא	00064		86091	8609113		20170321
001027	דימונה	092136	גמלא	00068		86091	8609115		20170321
001027	דימונה	092193	קצרין	00000		86092	8609200	מיקוד ברירת מחדל לרחוב	20090707
001027	דימונה	092193	קצרין	00001		86092	8609201		20170321
001027	דימונה	092193	קצרין	00003		86092	8609202		20170321
001027	דימונה	092193	קצרין	00005		86092	8609203		20170321
001027	דימונה	092193	קצרין	00007		86092	8609204		20170321
001027	דימונה	092193	קצרין	00009		86092	8609205		20170321
001027	דימונה	092193	קצרין	00011		86092	8609206		20170321
001027	דימונה	092193	קצרין	00015		86092	8609208		20170321
001027	דימונה	092193	קצרין	00023		86092	8609212		20170321
001027	דימונה	092193	קצרין	00025		86092	8609213		20170321
001027	דימונה	092193	קצרין	00027		86092	8609214		20170321
001027	דימונה	092228	קיסריה	00002		86146	8614601		20170321
001027	דימונה	092228	קיסריה	00004		86146	8614602		20170321
001027	דימונה	092228	קיסריה	00005		86146	8614620		20170321
001027	דימונה	092228	קיסריה	00006		86146	8614603		20170321
001027	דימונה	092228	קיסריה	00008		86146	8614604		20170321
001027	דימונה	092228	קיסריה	00010		86146	8614606		20170321
001027	דימונה	092228	קיסריה	00011		86146	8614607		20170321
001027	דימונה	092228	קיסריה	00012		86146	8614608		20170321
001027	דימונה	092228	קיסריה	00014		86146	8614610		20170321
001027	דימונה	092228	קיסריה	00015		86146	8614611		20170321
001027	דימונה	092228	קיסריה	00016		86146	8614612		20170321
001027	דימונה	092228	קיסריה	00017		86146	8614613		20170321
001027	דימונה	092228	קיסריה	00018		86146	8614614		20170321
001027	דימונה	092228	קיסריה	00019		86146	8614615		20170321
001027	דימונה	092228	קיסריה	00020		86146	8614616		20170321
001027	דימונה	092228	קיסריה	00021		86146	8614617		20170321
001027	דימונה	092228	קיסריה	00024		86146	8614619		20170321
001027	דימונה	092272	תל פורן	00000		86144	8614400	מיקוד ברירת מחדל לרחוב	20090707
001027	דימונה	092272	תל פורן	00001		86144	8614401		20170321
001027	דימונה	092272	תל פורן	00005		86144	8614403		20170321
001027	דימונה	092272	תל פורן	00007		86144	8614404		20170321
001027	דימונה	092272	תל פורן	00009		86144	8614405		20170321
001027	דימונה	092286	?	00000		86193	8619300	מיקוד ברירת מחדל לרחוב	20090707
001027	דימונה	092286	?	00001		86193	8619301		20170321
001027	דימונה	092286	?	00002		86193	8619302		20170321
001027	דימונה	092286	?	00004		86193	8619304		20170321
001027	דימונה	092286	?	00005		86193	8619305		20170321
001027	דימונה	092286	?	00006		86193	8619306		20170321
001027	דימונה	092286	?	00007		86193	8619307		20170321
001027	דימונה	092286	?	00008		86193	8619308		20170321
001027	דימונה	092286	?	00009		86193	8619309		20170321
001027	דימונה	092286	?	00012		86193	8619312		20170321
001027	דימונה	092286	?	00016		86193	8619314		20170321
001027	דימונה	092286	?	00018		86193	8619315		20170321
001027	דימונה	092286	?	00022		86193	8619317		20170321
001027	דימונה	092286	?	00024		86193	8619318		20170321
001027	דימונה	092286	?	00026		86193	8619319		20170321
001027	דימונה	092286	?	00028		86193	8619320		20170321
001027	דימונה	092339	?	00002		86147	8614701		20170321
001027	דימונה	092339	?	00003		86147	8614702		20170321
001027	דימונה	092339	?	00004		86147	8614703		20170321
001027	דימונה	092339	?	00005		86147	8614704		20170321
001027	דימונה	092339	?	00007		86147	8614706		20170321
001027	דימונה	092339	?	00008		86147	8614707		20170321
001027	דימונה	092339	?	00009		86147	8614708		20170321
001027	דימונה	092339	?	00010		86147	8614709		20170321
001027	דימונה	092339	?	00012		86147	8614711		20170321
001027	דימונה	092339	?	00013		86147	8614712		20170321
001027	דימונה	092339	?	00015		86147	8614714		20170321
001027	דימונה	092339	?	00016		86147	8614715		20170321
001027	דימונה	092339	?	00017		86147	8614716		20170321
001027	דימונה	092339	?	00018		86147	8614717		20170321
001027	דימונה	092339	?	00019		86147	8614718		20170321
001027	דימונה	092339	?	00021		86147	8614720		20170321
001027	דימונה	092339	?	00023		86147	8614722		20170321
001027	דימונה	092339	?	00024		86147	8614723		20170321
001027	דימונה	092339	?	00025		86147	8614724		20170321
001027	דימונה	092339	?	00027		86147	8614726		20170321
001027	דימונה	092339	?	00029		86147	8614728		20170321
001027	דימונה	092339	?	00030		86147	8614729		20170321
001027	דימונה	092339	?	00031		86147	8614730		20170321
001027	דימונה	092339	?	00033		86147	8614732		20170321
001027	דימונה	092339	?	00035		86147	8614734		20170321
001027	דימונה	092339	?	00037		86147	8614735		20170321
001027	דימונה	092371	פקיעין	00000		86148	8614800	מיקוד ברירת מחדל לרחוב	20090707
001027	דימונה	092371	פקיעין	00001		86148	8614801		20170321
001027	דימונה	092371	פקיעין	00003		86148	8614803		20170321
001027	דימונה	092371	פקיעין	00006		86148	8614806		20170321
001027	דימונה	092371	פקיעין	00007		86148	8614807		20170321
001027	דימונה	092371	פקיעין	00008		86148	8614808		20170321
001027	דימונה	092371	פקיעין	00011		86148	8614811		20170321
001027	דימונה	092371	פקיעין	00012		86148	8614812		20170321
001027	דימונה	092371	פקיעין	00013		86148	8614813		20170321
001027	דימונה	092371	פקיעין	00014		86148	8614814		20170321
001027	דימונה	092371	פקיעין	00015		86148	8614815		20170321
001027	דימונה	092371	פקיעין	00016		86148	8614816		20170321
001027	דימונה	092371	פקיעין	00017		86148	8614817		20170321
001027	דימונה	092371	פקיעין	00018		86148	8614818		20170321
001027	דימונה	092371	פקיעין	00019		86148	8614819		20170321
001027	דימונה	092371	פקיעין	00021		86148	8614821		20170321
001027	דימונה	092371	פקיעין	00022		86148	8614822		20170321
001027	דימונה	092371	פקיעין	00023		86148	8614823		20170321
001027	דימונה	092371	פקיעין	00024		86148	8614824		20170321
001027	דימונה	092371	פקיעין	00025		86148	8614825		20170321
001027	דימונה	092371	פקיעין	00027		86148	8614826		20170321
001027	דימונה	092378	בית שערים	00000		86194	8619400	מיקוד ברירת מחדל לרחוב	20090707
001027	דימונה	092378	בית שערים	00001		86194	8619401		20170321
001027	דימונה	092378	בית שערים	00002		86194	8619402		20170321
001027	דימונה	092378	בית שערים	00003		86194	8619403		20170321
001027	דימונה	092378	בית שערים	00004		86194	8619404		20170321
001027	דימונה	092378	בית שערים	00005		86194	8619405		20170321
001027	דימונה	092378	בית שערים	00009		86194	8619409		20170321
001027	דימונה	092378	בית שערים	00010		86194	8619410		20170321
001027	דימונה	092378	בית שערים	00011		86194	8619411		20170321
001027	דימונה	092378	בית שערים	00012		86194	8619412		20170321
001027	דימונה	092378	בית שערים	00013		86194	8619413		20170321
001027	דימונה	092378	בית שערים	00014		86194	8619414		20170321
001027	דימונה	092378	בית שערים	00015		86194	8619415		20170321
001027	דימונה	092378	בית שערים	00016		86194	8619416		20170321
001027	דימונה	092378	בית שערים	00017		86194	8619417		20170321
001027	דימונה	092378	בית שערים	00018		86194	8619418		20170321
001027	דימונה	092378	בית שערים	00019		86194	8619419		20170321
001027	דימונה	092378	בית שערים	00020		86194	8619420		20170321
001027	דימונה	092378	בית שערים	00021		86194	8619421		20170321
001027	דימונה	092378	בית שערים	00022		86194	8619422		20170321
001027	דימונה	092378	בית שערים	00024		86194	8619424		20170321
001027	דימונה	092378	בית שערים	00025		86194	8619425		20170321
001027	דימונה	092378	בית שערים	00026		86194	8619426		20170321
001027	דימונה	092378	בית שערים	00027		86194	8619427		20170321
001027	דימונה	092378	בית שערים	00028		86194	8619428	כתובת לא בדוקה	20090713
001027	דימונה	092378	בית שערים	00029		86194	8619429		20170321
001027	דימונה	092378	בית שערים	00030		86194	8619430		20170321
001027	דימונה	092378	בית שערים	00031		86194	8619431		20170321
001027	דימונה	092378	בית שערים	00034		86194	8619434		20170321
001027	דימונה	092378	בית שערים	00035		86194	8619435		20170321
001027	דימונה	092378	בית שערים	00036		86194	8619436		20170321
001027	דימונה	092378	בית שערים	00038		86194	8619437		20170321
001027	דימונה	092378	בית שערים	00040		86194	8619438		20170321
001027	דימונה	092446	תל אפק	00000		86198	8619800	מיקוד ברירת מחדל לרחוב	20090707
001027	דימונה	092446	תל אפק	00001		86198	8619801		20170321
001027	דימונה	092446	תל אפק	00002		86198	8619802		20170321
001027	דימונה	092446	תל אפק	00003		86198	8619803		20170321
001027	דימונה	092446	תל אפק	00004		86198	8619804		20170321
001027	דימונה	092446	תל אפק	00005		86198	8619805		20170321
001027	דימונה	092446	תל אפק	00007		86198	8619807		20170321
001027	דימונה	092446	תל אפק	00008		86198	8619808		20170321
001027	דימונה	092446	תל אפק	00009		86198	8619809		20170321
001027	דימונה	092446	תל אפק	00010		86198	8619810		20170321
001027	דימונה	092446	תל אפק	00011		86198	8619811		20170321
001027	דימונה	092446	תל אפק	00012		86198	8619812		20170321
001027	דימונה	092446	תל אפק	00013		86198	8619813		20170321
001027	דימונה	092446	תל אפק	00014		86198	8619814		20170321
001027	דימונה	092446	תל אפק	00016		86198	8619816		20170321
001027	דימונה	092446	תל אפק	00018		86198	8619818		20170321
001027	דימונה	092446	תל אפק	00019		86198	8619819		20170321
001027	דימונה	092446	תל אפק	00020		86198	8619820		20170321
001027	דימונה	092446	תל אפק	00022		86198	8619822		20170321
001027	דימונה	092446	תל אפק	00023		86198	8619823		20170321
001027	דימונה	092446	תל אפק	00025		86198	8619825		20170321
001027	דימונה	092446	תל אפק	00026		86198	8619826		20170321
001027	דימונה	092446	תל אפק	00027		86198	8619827	כתובת לא בדוקה	20090713
001027	דימונה	092446	תל אפק	00030		86198	8619830		20170321
001027	דימונה	092446	תל אפק	00031		86198	8619831	כתובת לא בדוקה	20090713
001027	דימונה	092446	תל אפק	00034		86198	8619833		20170321
001027	דימונה	092446	תל אפק	00036		86198	8619834		20170321
001027	דימונה	092446	תל אפק	00038		86198	8619835		20170321
001027	דימונה	092446	תל אפק	00040		86198	8619836		20170321
001027	דימונה	092446	תל אפק	00042		86198	8619837		20170321
001027	דימונה	092446	תל אפק	00046		86198	8619839		20170321
001027	דימונה	092446	תל אפק	00048		86198	8619840		20170321
001027	דימונה	092446	תל אפק	00052		86198	8619842		20170321
001027	דימונה	092472	קלעת נמרוד	00000		86199	8619900	מיקוד ברירת מחדל לרחוב	20090707
001027	דימונה	092472	קלעת נמרוד	00001		86199	8619901		20170321
001027	דימונה	092472	קלעת נמרוד	00003		86199	8619902		20170321
001027	דימונה	092472	קלעת נמרוד	00005		86199	8619903		20170321
001027	דימונה	092472	קלעת נמרוד	00009		86199	8619905		20170321
001027	דימונה	092472	קלעת נמרוד	00013		86199	8619907		20170321
001027	דימונה	092472	קלעת נמרוד	00015		86199	8619908		20170321
001027	דימונה	092472	קלעת נמרוד	00019		86199	8619910		20170321
001027	דימונה	092472	קלעת נמרוד	00021		86199	8619911		20170321
001027	דימונה	092472	קלעת נמרוד	00027		86199	8619914		20170321
001027	דימונה	092472	קלעת נמרוד	00033		86199	8619917		20170321
001027	דימונה	092472	קלעת נמרוד	00035		86199	8619918		20170321
001027	דימונה	092472	קלעת נמרוד	00037		86199	8619919	כתובת לא בדוקה	20090713
001027	דימונה	092497	מונפור	00000		86196	8619600	מיקוד ברירת מחדל לרחוב	20090707
001027	דימונה	092497	מונפור	00001		86196	8619601	כתובת לא בדוקה	20090713
001027	דימונה	092497	מונפור	00002		86196	8619602		20170321
001027	דימונה	092497	מונפור	00003		86196	8619603	כתובת לא בדוקה	20090713
001027	דימונה	092497	מונפור	00004		86196	8619604		20170321
001027	דימונה	092497	מונפור	00006		86196	8619606		20170321
001027	דימונה	092497	מונפור	00007		86196	8619607	כתובת לא בדוקה	20090713
001027	דימונה	092497	מונפור	00008		86196	8619608		20170321
001027	דימונה	092497	מונפור	00009		86196	8619609	כתובת לא בדוקה	20090713
001027	דימונה	092497	מונפור	00010		86196	8619610		20170321
001027	דימונה	092497	מונפור	00011		86196	8619611	כתובת לא בדוקה	20090713
001027	דימונה	092497	מונפור	00012		86196	8619612		20170321
001027	דימונה	092497	מונפור	00014		86196	8619613		20170321
001027	דימונה	092497	מונפור	00016		86196	8619614		20170321
001027	דימונה	092497	מונפור	00018		86196	8619615		20170321
001027	דימונה	092497	מונפור	00020		86196	8619616		20170321
001027	דימונה	092497	מונפור	00022		86196	8619617		20170321
001027	דימונה	092497	מונפור	00024		86196	8619618		20170321
001027	דימונה	092497	מונפור	00026		86196	8619619		20170321
001027	דימונה	092497	מונפור	00030		86196	8619621		20170321
001027	דימונה	092497	מונפור	00032		86196	8619622		20170321
001027	דימונה	092497	מונפור	00034		86196	8619623		20170321
001027	דימונה	092497	מונפור	00036		86196	8619624		20170321
001027	דימונה	092524	יודפת	00000		86197	8619700	מיקוד ברירת מחדל לרחוב	20090707
001027	דימונה	092524	יודפת	00002		86197	8619702		20170321
001027	דימונה	092524	יודפת	00003		86197	8619703		20170321
001027	דימונה	092524	יודפת	00004		86197	8619704		20170321
001027	דימונה	092524	יודפת	00005		86197	8619705		20170321
001027	דימונה	092524	יודפת	00006		86197	8619706		20170321
001027	דימונה	092524	יודפת	00007		86197	8619707		20170321
001027	דימונה	092524	יודפת	00009		86197	8619709		20170321
001027	דימונה	092524	יודפת	00010		86197	8619710		20170321
001027	דימונה	092524	יודפת	00011		86197	8619711		20170321
001027	דימונה	092524	יודפת	00012		86197	8619712		20170321
001027	דימונה	092524	יודפת	00014		86197	8619714		20170321
001027	דימונה	092524	יודפת	00015		86197	8619715		20170321
001027	דימונה	092524	יודפת	00017		86197	8619717		20170321
001027	דימונה	092524	יודפת	00018		86197	8619718		20170321
001027	דימונה	092524	יודפת	00019		86197	8619719		20170321
001027	דימונה	092524	יודפת	00020		86197	8619720		20170321
001027	דימונה	092524	יודפת	00022		86197	8619721		20170321
001027	דימונה	092524	יודפת	00024		86197	8619722		20170321
001027	דימונה	092550	?	00002		86195	8619502		20170321
001027	דימונה	092550	?	00003		86195	8619503		20170321
001027	דימונה	092550	?	00004		86195	8619504		20170321
001027	דימונה	092550	?	00005		86195	8619505		20170321
001027	דימונה	092550	?	00006		86195	8619506		20170321
001027	דימונה	092550	?	00008		86195	8619508		20170321
001027	דימונה	092550	?	00010		86195	8619510		20170321
001027	דימונה	092550	?	00012		86195	8619512		20170321
001027	דימונה	092550	?	00013		86195	8619513		20170321
001027	דימונה	092550	?	00014		86195	8619514		20170321
001027	דימונה	092550	?	00016		86195	8619516		20170321
001027	דימונה	092550	?	00017		86195	8619517		20170321
001027	דימונה	092550	?	00018		86195	8619518		20170321
001027	דימונה	092550	?	00020		86195	8619520		20170321
001027	דימונה	092550	?	00021		86195	8619521		20170321
001027	דימונה	092550	?	00022		86195	8619522		20170321
001027	דימונה	092550	?	00024		86195	8619524		20170321
001027	דימונה	092550	?	00025		86195	8619525		20170321
001027	דימונה	092550	?	00026		86195	8619526		20170321
001027	דימונה	092550	?	00027		86195	8619527		20170321
001027	דימונה	092550	?	00028		86195	8619528		20170321
001027	דימונה	092550	?	00029		86195	8619529		20170321
001027	דימונה	092550	?	00030		86195	8619530		20170321
001027	דימונה	092550	?	00031		86195	8619531		20170321
001027	דימונה	092614	ירושלים	00000		86195	8619500	מיקוד ברירת מחדל לרחוב	20090707
001027	דימונה	092614	ירושלים	00006		86195	8619547		20170321
001027	דימונה	092614	ירושלים	00010		86195	8619549		20170321
001027	דימונה	092614	ירושלים	00014		86195	8619532		20170321
001027	דימונה	092614	ירושלים	00014	א	86195	8619533		20170321
001027	דימונה	092614	ירושלים	00014	ב	86195	8619534		20170321
001027	דימונה	092614	ירושלים	00014	ג	86195	8619535		20170321
001027	דימונה	092614	ירושלים	00014	ד	86195	8619536		20170321
001027	דימונה	092614	ירושלים	00014	ה	86195	8619537		20170321
001027	דימונה	092614	ירושלים	00016		86195	8619538		20170321
001027	דימונה	092614	ירושלים	00016	א	86195	8619539		20170321
001027	דימונה	092614	ירושלים	00016	ב	86195	8619540		20170321
001027	דימונה	092614	ירושלים	00018	א	86195	8619542		20170321
001027	דימונה	092614	ירושלים	00018	ב	86195	8619543		20170321
001027	דימונה	092614	ירושלים	00018	ג	86195	8619544		20170321
001027	דימונה	092614	ירושלים	00018	ד	86195	8619545		20170321
001027	דימונה	092614	ירושלים	00022		86195	8619551		20170321
001027	דימונה	092614	ירושלים	00024		86195	8619552		20170321
001027	דימונה	092614	ירושלים	00028		86195	8619554		20170321
001027	דימונה	092614	ירושלים	00030		86195	8619555		20170321
001027	דימונה	092614	ירושלים	00032		86195	8619556		20170321
001027	דימונה	092614	ירושלים	00034		86195	8619557		20170321
001027	דימונה	092614	ירושלים	00038		86195	8619559		20170321
001027	דימונה	092614	ירושלים	00040		86195	8619560		20170321
001027	דימונה	092614	ירושלים	00042		86195	8619561		20170321
001027	דימונה	092614	ירושלים	00044		86195	8619562		20170321
001027	דימונה	092614	ירושלים	00046		86195	8619563		20170321
001027	דימונה	092614	ירושלים	00048		86195	8619564		20170321
001027	דימונה	092614	ירושלים	00050		86195	8619565		20170321
001027	דימונה	092614	ירושלים	00054		86195	8619567		20170321
001027	דימונה	092614	ירושלים	00058		86195	8619569		20170321
001027	דימונה	092614	ירושלים	00060		86195	8619570		20170321
001027	דימונה	110053	עין גדי	00001		86147	8614736		20170321
001027	דימונה	110053	עין גדי	00003		86147	8614738		20170321
001027	דימונה	110053	עין גדי	00004		86147	8614739		20170321
001027	דימונה	110053	עין גדי	00005		86147	8614740		20170321
001027	דימונה	110053	עין גדי	00007		86147	8614741		20170321
001027	דימונה	110319	הר חרמון	00001		86180	8618001		20170321
001027	דימונה	110319	הר חרמון	00002		86180	8618002		20170321
001027	דימונה	110319	הר חרמון	00003		86180	8618003		20170321
001027	דימונה	110319	הר חרמון	00004		86180	8618004		20170321
001027	דימונה	110319	הר חרמון	00005		86180	8618005		20170321
001027	דימונה	110319	הר חרמון	00006		86180	8618006		20170321
001027	דימונה	110319	הר חרמון	00007		86180	8618007		20170321
001027	דימונה	110319	הר חרמון	00008		86180	8618008		20170321
001027	דימונה	110319	הר חרמון	00009		86180	8618009		20170321
001027	דימונה	110319	הר חרמון	00010		86180	8618010		20170321
001027	דימונה	110319	הר חרמון	00011		86180	8618011		20170321
001027	דימונה	110319	הר חרמון	00012		86180	8618012		20170321
001027	דימונה	110319	הר חרמון	00014		86180	8618014		20170321
001027	דימונה	110319	הר חרמון	00016		86180	8618016	כתובת לא בדוקה	20111221
001027	דימונה	110319	הר חרמון	00017		86180	8618017		20170321
001027	דימונה	110320	הר תבור	00001		86180	8618018		20170321
001027	דימונה	110320	הר תבור	00002		86180	8618019		20170321
001027	דימונה	110320	הר תבור	00004		86180	8618021		20170321
001027	דימונה	110320	הר תבור	00005		86180	8618022		20170321
001027	דימונה	110320	הר תבור	00006		86180	8618023		20170321
001027	דימונה	110320	הר תבור	00007		86180	8618024		20170321
001027	דימונה	110320	הר תבור	00008		86180	8618025		20170321
001027	דימונה	110321	הר ארבל	00007		86180	8618029		20170321
001027	דימונה	110321	הר ארבל	00009		86180	8618030		20170321
001027	דימונה	110321	הר ארבל	00013		86180	8618031		20170321
001027	דימונה	110321	הר ארבל	00015		86180	8618032		20170321
001027	דימונה	110321	הר ארבל	00017		86180	8618033		20170321
001027	דימונה	110321	הר ארבל	00019		86180	8618034		20170321
001027	דימונה	110321	הר ארבל	00021		86180	8618035		20170321
001027	דימונה	110321	הר ארבל	00023		86180	8618036		20170321
001027	דימונה	110321	הר ארבל	00025		86180	8618037		20170321
001027	דימונה	110321	הר ארבל	00027		86180	8618038		20170321
001027	דימונה	110321	הר ארבל	00029		86180	8618039		20170321
001027	דימונה	110321	הר ארבל	00031		86180	8618040		20170321
001027	דימונה	110321	הר ארבל	00035		86180	8618042		20170321
001027	דימונה	110321	הר ארבל	00037		86180	8618043		20170321
001027	דימונה	110321	הר ארבל	00039		86180	8618044		20170321
001027	דימונה	110321	הר ארבל	00041		86180	8618045		20170321
001027	דימונה	110321	הר ארבל	00043		86180	8618046		20170321
001027	דימונה	110322	הר מירון	00000		86180	8618000	מיקוד ברירת מחדל לרחוב	20081117
001027	דימונה	110322	הר מירון	00001		86180	8618047		20170321
001027	דימונה	110322	הר מירון	00002		86180	8618048		20170321
001027	דימונה	110322	הר מירון	00003		86180	8618049		20170321
001027	דימונה	110322	הר מירון	00004		86180	8618050		20170321
001027	דימונה	110322	הר מירון	00005		86180	8618051		20170321
001027	דימונה	110322	הר מירון	00006		86180	8618052		20170321
001027	דימונה	110322	הר מירון	00007		86180	8618053		20170321
001027	דימונה	110322	הר מירון	00008		86180	8618054		20170321
001027	דימונה	110322	הר מירון	00011		86180	8618057	כתובת לא בדוקה	20111221
001027	דימונה	110322	הר מירון	00012		86180	8618058		20170321
001027	דימונה	110323	הר כנען	00001		86180	8618059		20170321
001027	דימונה	110323	הר כנען	00003		86180	8618061		20170321
001027	דימונה	110323	הר כנען	00004		86180	8618062		20170321
001027	דימונה	110323	הר כנען	00005		86180	8618063		20170321
001027	דימונה	110323	הר כנען	00006		86180	8618064		20170321
001027	דימונה	110323	הר כנען	00009		86180	8618067		20170321
001027	דימונה	110323	הר כנען	00011		86180	8618069		20170321
001027	דימונה	110323	הר כנען	00012		86180	8618070		20170321
001027	דימונה	110324	הר כרמל	00003		86180	8618071		20170321
001027	דימונה	110324	הר כרמל	00004		86180	8618072		20170321
001027	דימונה	110324	הר כרמל	00005		86180	8618073		20170321
001027	דימונה	110324	הר כרמל	00006		86180	8618074		20170321
001027	דימונה	110324	הר כרמל	00008		86180	8618076		20170321
001027	דימונה	110324	הר כרמל	00009		86180	8618077		20170321
001027	דימונה	110324	הר כרמל	00011		86180	8618079		20170321
001027	דימונה	110324	הר כרמל	00012		86180	8618080		20170321
001027	דימונה	110324	הר כרמל	00014		86180	8618082		20170321
001027	דימונה	110324	הר כרמל	00017		86180	8618085		20170321
001027	דימונה	110324	הר כרמל	00018		86180	8618086		20170321
001027	דימונה	110324	הר כרמל	00020		86180	8618088		20170321
001027	דימונה	110324	הר כרמל	00021		86180	8618089		20170321
001027	דימונה	110324	הר כרמל	00022		86180	8618090		20170321
001027	דימונה	110324	הר כרמל	00024		86180	8618092	כתובת לא בדוקה	20111221
001027	דימונה	110324	הר כרמל	00025		86180	8618093		20170321
001027	דימונה	110325	הר כרכום	00002		86180	8618094		20170321
001027	דימונה	110325	הר כרכום	00006		86180	8618096		20170321
001027	דימונה	112409	הר שניר	00001		86180	8618098		20170321
001027	דימונה	112409	הר שניר	00002		86180	8618099		20170321
001027	דימונה	112409	הר שניר	00004		86180	8619002		20170321
001027	דימונה	112409	הר שניר	00005		86180	8619003		20170321
001027	דימונה	112409	הר שניר	00007		86180	8619005		20170321
001027	דימונה	112409	הר שניר	00008		86180	8619006		20170321
001027	דימונה	112409	הר שניר	00009		86180	8619007		20170321
001027	דימונה	112409	הר שניר	00010		86180	8619008		20170321
001027	דימונה	112409	הר שניר	00011		86180	8619009		20170321
001027	דימונה	112409	הר שניר	00012		86180	8619010		20170321
001027	דימונה	112409	הר שניר	00013		86180	8619011		20170321
001027	דימונה	112409	הר שניר	00015		86180	8619013		20170321
001027	דימונה	112409	הר שניר	00016		86180	8619014		20170321
001027	דימונה	112409	הר שניר	00018		86180	8619016		20170321
001027	דימונה	112409	הר שניר	00019		86180	8619017		20170321
001027	דימונה	112409	הר שניר	00020		86180	8619018		20170321
001027	דימונה	112409	הר שניר	00021		86180	8619019		20170321
001027	דימונה	112409	הר שניר	00022		86180	8619020		20170321
001027	דימונה	112409	הר שניר	00024		86180	8619021		20170321
001027	דימונה	112409	הר שניר	00026		86180	8619022		20170321
001027	דימונה	112410	הר שגיא	00002		86180	8619024		20170321
001027	דימונה	112410	הר שגיא	00003		86180	8619025		20170321
001027	דימונה	112410	הר שגיא	00004		86180	8619026		20170321
001027	דימונה	112410	הר שגיא	00006		86180	8619028		20170321
001027	דימונה	112410	הר שגיא	00007		86180	8619029		20170321
001027	דימונה	112410	הר שגיא	00008		86180	8619030		20170321
001027	דימונה	112410	הר שגיא	00009		86180	8619031		20170321
001027	דימונה	112410	הר שגיא	00010		86180	8619032		20170321
001027	דימונה	112410	הר שגיא	00011		86180	8619033		20170321
001027	דימונה	112410	הר שגיא	00012		86180	8619034		20170321
001027	דימונה	112410	הר שגיא	00013		86180	8619035		20170321
001027	דימונה	112411	הר גולן	00001		86180	8619036		20170321
001027	דימונה	112411	הר גולן	00002		86180	8619037		20170321
001027	דימונה	112411	הר גולן	00003		86180	8619038		20170321
001027	דימונה	112411	הר גולן	00006		86180	8619041		20170321
001027	דימונה	112411	הר גולן	00007		86180	8619042		20170321
001027	דימונה	112411	הר גולן	00008		86180	8619043		20170321
001027	דימונה	112411	הר גולן	00009		86180	8619044		20170321
001027	דימונה	115832	תל לכיש	00012		86195	8619573		20170321
001027	דימונה	115832	תל לכיש	00014		86195	8619574		20170321
001027	דימונה	115832	תל לכיש	00018		86195	8619575		20170321
001027	דימונה	115832	תל לכיש	00020		86195	8619576		20170321
001027	דימונה	115832	תל לכיש	00022		86195	8619577		20170321
001027	דימונה	115832	תל לכיש	00024		86195	8619578		20170321
001027	דימונה	115832	תל לכיש	00028		86195	8619580		20170321
001027	דימונה	118555	משעול התקומה	00011		86052	8605287		20160913