id,address,city,street,house_number,entrance,zip,match_type,itm_x,itm_y,utm_x,utm_y
001027-073567-00000-X,"אבן גבירול 26, דימונה",דימונה,אבן גבירול,26,,,exact,204095.45,553728.79,,
001027-073567-00001-X,"אבן גבירול 20, דימונה",דימונה,אבן גבירול,20,,,exact,204114.25,553793.90,,
001027-073567-00002-X,"אבן גבירול 21, דימונה",דימונה,אבן גבירול,21,,,exact,204106.73,553926.11,,
001027-073567-00003-X,"אבן גבירול 33, דימונה",דימונה,אבן גבירול,33,,,exact,204167.29,553839.37,,
001027-073567-00004-X,"אבן גבירול 17, דימונה",דימונה,אבן גבירול,17,,,exact,204073.57,553927.98,,
001027-073567-00005-X,"אבן גבירול 18, דימונה",דימונה,אבן גבירול,18,,,exact,204095.77,553802.08,,
001027-073567-00006-X,"אבן גבירול 36, דימונה",דימונה,אבן גבירול,36,,,exact,204113.59,553646.56,,
001027-073567-00007-X,"אבן גבירול 9, דימונה",דימונה,אבן גבירול,9,,,exact,203991.86,553909.08,,
001027-073567-00008-X,"אבן גבירול 29, דימונה",דימונה,אבן גבירול,29,,,exact,204171.66,553889.26,,
001027-073567-00009-X,"אבן גבירול 28, דימונה",דימונה,אבן גבירול,28,,,exact,204114.83,553721.23,,
001027-073567-00010-X,"אבן גבירול 14, דימונה",דימונה,אבן גבירול,14,,,exact,204097.41,553840.27,,
001027-073567-00011-X,"אבן גבירול 35, דימונה",דימונה,אבן גבירול,35,,,exact,204174.33,553823.66,,
001027-073567-00012-X,"אבן גבירול 22, דימונה",דימונה,אבן גבירול,22,,,exact,204095.65,553763.44,,
001027-073567-00013-X,"אבן גבירול 51, דימונה",דימונה,אבן גבירול,51,,,exact,204166.37,553650.45,,
001027-073567-00014-X,"אבן גבירול 19, דימונה",דימונה,אבן גבירול,19,,,exact,204079.56,553909.90,,
001027-073567-00015-X,"אבן גבירול 4, דימונה",דימונה,אבן גבירול,4,,,exact,203968.16,553858.84,,
001027-073567-00016-X,"אבן גבירול 16, דימונה",דימונה,אבן גבירול,16,,,exact,204088.50,553820.68,,
001027-073567-00017-X,"אבן גבירול 24, דימונה",דימונה,אבן גבירול,24,,,exact,204089.59,553745.38,,
001027-073567-00018-X,"אבן גבירול 43, דימונה",דימונה,אבן גבירול,43,,,exact,204168.27,553735.94,,
001027-073567-00019-X,"אבן גבירול 47, דימונה",דימונה,אבן גבירול,47,,,exact,204175.32,553684.90,,
001027-073567-00020-X,"אבן גבירול 1, דימונה",דימונה,אבן גבירול,1,,,exact,203943.00,553908.81,,
001027-073567-00021-X,"אבן גבירול 15, דימונה",דימונה,אבן גבירול,15,,,exact,204055.26,553935.22,,
001027-073567-00022-X,"אבן גבירול 2, דימונה",דימונה,אבן גבירול,2,,,exact,203953.25,553862.86,,
001027-073567-00023-X,"אבן גבירול 30, דימונה",דימונה,אבן גבירול,30,,,exact,204095.52,553688.89,,
001027-073567-00024-X,"אבן גבירול 45, דימונה",דימונה,אבן גבירול,45,,,exact,204168.78,553701.52,,
001027-073567-00025-X,"אבן גבירול 5, דימונה",דימונה,אבן גבירול,5,,,exact,203966.66,553935.14,,
001027-073567-00026-X,"אבן גבירול 11, דימונה",דימונה,אבן גבירול,11,,,exact,204030.42,553909.30,,
001027-073567-00027-X,"אבן גבירול 31, דימונה",דימונה,אבן גבירול,31,,,exact,204164.18,553871.98,,
001027-073567-00028-X,"אבן גבירול 7, דימונה",דימונה,אבן גבירול,7,,,exact,203984.57,553928.08,,
001027-073567-00029-X,"אבן גבירול 34, דימונה",דימונה,אבן גבירול,34,,,exact,204096.23,553653.60,,
001027-073567-00030-X,"אבן גבירול 23, דימונה",דימונה,אבן גבירול,23,,,exact,204123.25,553935.75,,
001027-073567-00031-X,"אבן גבירול 10, דימונה",דימונה,אבן גבירול,10,,,exact,204056.89,553858.56,,
001027-073567-00032-X,"אבן גבירול 8, דימונה",דימונה,אבן גבירול,8,,,exact,204037.68,553865.11,,
001027-073567-00033-X,"אבן גבירול 25, דימונה",דימונה,אבן גבירול,25,,,exact,204140.67,553927.53,,
001027-073567-00034-X,"אבן גבירול 3, דימונה",דימונה,אבן גבירול,3,,,exact,203949.49,553926.61,,
001027-073567-00035-X,"אבן גבירול 37, דימונה",דימונה,אבן גבירול,37,,,exact,204166.37,553805.73,,
001027-073567-00036-X,"אבן גבירול 6, דימונה",דימונה,אבן גבירול,6,,,exact,203986.43,553865.49,,
001027-073567-00037-X,"אבן גבירול 41, דימונה",דימונה,אבן גבירול,41,,,exact,204174.58,553753.87,,
001027-073567-00038-X,"אבן גבירול 13, דימונה",דימונה,אבן גבירול,13,,,exact,204041.18,553929.52,,
001027-073567-00039-X,"אבן גבירול 12, דימונה",דימונה,אבן גבירול,12,,,exact,204076.67,553865.11,,
001027-073567-00040-X,"אבן גבירול 32, דימונה",דימונה,אבן גבירול,32,,,exact,204089.75,553671.45,,
001027-073567-00041-X,"אבן עזרא 5, דימונה",דימונה,אבן עזרא,5,,,exact,204067.36,553575.45,,
001027-073567-00042-X,"אבן עזרא 4, דימונה",דימונה,אבן עזרא,4,,,exact,204021.59,553587.94,,
001027-073567-00043-X,"אבן עזרא 19, דימונה",דימונה,אבן עזרא,19,,,exact,204064.94,553465.66,,
001027-073567-00044-X,"אבן עזרא 2, דימונה",דימונה,אבן עזרא,2,,,exact,204025.06,553601.02,,
001027-073567-00045-X,"אבן עזרא 13, דימונה",דימונה,אבן עזרא,13,,,exact,204067.19,553508.02,,
001027-073567-00046-X,"אבן עזרא 8, דימונה",דימונה,אבן עזרא,8,,,exact,204023.45,553556.27,,
001027-073567-00047-X,"אבן עזרא 1, דימונה",דימונה,אבן עזרא,1,,,exact,204066.98,553605.35,,
001027-073567-00048-X,"אבן עזרא 10, דימונה",דימונה,אבן עזרא,10,,,exact,204025.84,553542.11,,
001027-073567-00049-X,"אבן עזרא 3, דימונה",דימונה,אבן עזרא,3,,,exact,204065.87,553591.51,,
001027-073567-00050-X,"אבן עזרא 7, דימונה",דימונה,אבן עזרא,7,,,exact,204065.94,553563.20,,
001027-073567-00051-X,"אבן עזרא 9, דימונה",דימונה,אבן עזרא,9,,,exact,204067.06,553547.11,,
001027-073567-00052-X,"אדר 4, דימונה",דימונה,אדר,4,,,exact,203754.92,554079.35,,
001027-073567-00053-X,"אדר 21, דימונה",דימונה,אדר,21,,,exact,203843.73,554113.92,,
001027-073567-00054-X,"אדר 17, דימונה",דימונה,אדר,17,,,exact,203824.35,554115.39,,
001027-073567-00055-X,"אדר 12, דימונה",דימונה,אדר,12,,,exact,203791.29,554079.20,,
001027-073567-00056-X,"אדר 16, דימונה",דימונה,אדר,16,,,exact,203809.15,554078.10,,
001027-073567-00057-X,"אורון 6, דימונה",דימונה,אורון,6,,,exact,202863.97,552513.65,,
001027-073567-00058-X,"אורון 5, דימונה",דימונה,אורון,5,,,exact,202854.48,552555.75,,
001027-073567-00059-X,"אורון 11, דימונה",דימונה,אורון,11,,,exact,202917.91,552551.25,,
001027-073567-00060-X,"אורון 4, דימונה",דימונה,אורון,4,,,exact,202849.89,552515.99,,
001027-073567-00061-X,"אזוב 10, דימונה",דימונה,אזוב,10,,,exact,204193.11,554077.47,,
001027-073567-00062-X,"אזוב 4, דימונה",דימונה,אזוב,4,,,exact,204195.23,554045.63,,
001027-073567-00063-X,"אזוב 6, דימונה",דימונה,אזוב,6,,,exact,204192.90,554056.55,,
001027-073567-00064-X,"אלחריזי 9, דימונה",דימונה,אלחריזי,9,,,exact,204034.49,553703.74,,
001027-073567-00065-X,"אלחריזי 5, דימונה",דימונה,אלחריזי,5,,,exact,203969.71,553796.68,,
001027-073567-00066-X,"אלחריזי 7, דימונה",דימונה,אלחריזי,7,,,exact,204001.19,553751.92,,
001027-073567-00067-X,"אלחריזי 14, דימונה",דימונה,אלחריזי,14,,,exact,203989.33,553679.51,,
001027-073567-00068-X,"אלחריזי 22, דימונה",דימונה,אלחריזי,22,,,exact,204029.14,553633.91,,
001027-073567-00069-X,"אמנון ותמר 11, דימונה",דימונה,אמנון ותמר,11,,,exact,202994.83,553842.81,,
001027-073567-00070-X,"אמנון ותמר 9, דימונה",דימונה,אמנון ותמר,9,,,exact,202989.60,553828.06,,
001027-073567-00071-X,"אמנון ותמר 3, דימונה",דימונה,אמנון ותמר,3,,,exact,202992.94,553786.96,,
001027-073567-00072-X,"אמנון ותמר 19, דימונה",דימונה,אמנון ותמר,19,,,exact,202987.71,553904.56,,
001027-073567-00073-X,"אסף 1019, דימונה",דימונה,אסף,1019,,,exact,202617.21,553466.15,,
001027-073567-00074-X,"אסף 3, דימונה",דימונה,אסף,3,,,exact,202654.81,553554.09,,
001027-073567-00075-X,"אסף 18, דימונה",דימונה,אסף,18,,,exact,202666.26,553497.90,,
001027-073567-00076-X,"אקליפטוס איקליפטוס 11, דימונה",דימונה,אקליפטוס,איקליפטוס 11,,,none,,,,
001027-073567-00077-X,"אקליפטוס איקליפטוס 55, דימונה",דימונה,אקליפטוס,איקליפטוס 55,,,none,,,,
001027-073567-00078-X,"אקליפטוס איקליפטוס 57, דימונה",דימונה,אקליפטוס,איקליפטוס 57,,,none,,,,
001027-073567-00079-X,"אקליפטוס איקליפטוס 31, דימונה",דימונה,אקליפטוס,איקליפטוס 31,,,none,,,,
001027-073567-00080-X,"אקליפטוס איקליפטוס 9, דימונה",דימונה,אקליפטוס,איקליפטוס 9,,,none,,,,
001027-073567-00081-X,"אקליפטוס איקליפטוס 20, דימונה",דימונה,אקליפטוס,איקליפטוס 20,,,none,,,,
001027-073567-00082-X,"אקליפטוס איקליפטוס 1, דימונה",דימונה,אקליפטוס,איקליפטוס 1,,,none,,,,
001027-073567-00083-X,"אקליפטוס איקליפטוס 22, דימונה",דימונה,אקליפטוס,איקליפטוס 22,,,none,,,,
001027-073567-00084-X,"אקליפטוס איקליפטוס 51, דימונה",דימונה,אקליפטוס,איקליפטוס 51,,,none,,,,
001027-073567-00085-X,"אקליפטוס איקליפטוס 7, דימונה",דימונה,אקליפטוס,איקליפטוס 7,,,none,,,,
001027-073567-00086-X,"אקליפטוס איקליפטוס 21, דימונה",דימונה,אקליפטוס,איקליפטוס 21,,,none,,,,
001027-073567-00087-X,"אקליפטוס איקליפטוס 25, דימונה",דימונה,אקליפטוס,איקליפטוס 25,,,none,,,,
001027-073567-00088-X,"אשחר 5, דימונה",דימונה,אשחר,5,,,exact,204018.81,554113.70,,
001027-073567-00089-X,"אשחר 23, דימונה",דימונה,אשחר,23,,,exact,204100.29,554113.57,,
001027-073567-00090-X,"אשחר 25, דימונה",דימונה,אשחר,25,,,exact,204118.42,554110.28,,
001027-073567-00091-X,"אשחר 17, דימונה",דימונה,אשחר,17,,,exact,204080.68,554112.61,,
001027-073567-00092-X,"אשחר 20, דימונה",דימונה,אשחר,20,,,exact,204097.39,554085.66,,
001027-073567-00093-X,"אשחר 13, דימונה",דימונה,אשחר,13,,,exact,204058.45,554115.39,,
001027-073567-00094-X,"אשחר 6, דימונה",דימונה,אשחר,6,,,exact,204027.34,554081.58,,
001027-073567-00095-X,"אשחר 28, דימונה",דימונה,אשחר,28,,,exact,204133.92,554080.38,,
001027-073567-00096-X,"אשחר 16, דימונה",דימונה,אשחר,16,,,exact,204078.17,554082.22,,
001027-073567-00097-X,"אשחר 3, דימונה",דימונה,אשחר,3,,,exact,204005.84,554113.33,,
001027-073567-00098-X,"אשחר 24, דימונה",דימונה,אשחר,24,,,exact,204115.18,554081.70,,
001027-073567-00099-X,"אשחר 26, דימונה",דימונה,אשחר,26,,,exact,204121.95,554077.65,,
001027-073567-00100-X,"אשחר 31, דימונה",דימונה,אשחר,31,,,exact,204152.92,554116.50,,
001027-073567-00101-X,"בבא סאלי 53, דימונה",דימונה,בבא סאלי,53,,,exact,202855.79,552074.75,,
001027-073567-00102-X,"בבא סאלי 79, דימונה",דימונה,בבא סאלי,79,,,exact,203292.62,552274.07,,
001027-073567-00103-X,"בבא סאלי 74, דימונה",דימונה,בבא סאלי,74,,,exact,203042.71,552129.03,,
001027-073567-00104-X,"בבא סאלי 113, דימונה",דימונה,בבא סאלי,113,,,exact,203379.81,552323.71,,
001027-073567-00105-X,"בבא סאלי 121, דימונה",דימונה,בבא סאלי,121,,,exact,203431.84,552338.68,,
001027-073567-00106-X,"בבא סאלי 25, דימונה",דימונה,בבא סאלי,25,,,exact,202650.87,552084.22,,
001027-073567-00107-X,"בבא סאלי 126, דימונה",דימונה,בבא סאלי,126,,,exact,203463.78,552407.02,,
001027-073567-00108-X,"בבא סאלי 70, דימונה",דימונה,בבא סאלי,70,,,exact,203024.82,552121.51,,
001027-073567-00109-X,"בבא סאלי 31, דימונה",דימונה,בבא סאלי,31,,,exact,202690.76,552075.46,,
001027-073567-00110-X,"בבא סאלי 72, דימונה",דימונה,בבא סאלי,72,,,exact,203013.14,552117.26,,
001027-073567-00111-X,"בבא סאלי 49, דימונה",דימונה,בבא סאלי,49,,,exact,202828.66,552073.84,,
001027-073567-00112-X,"בבא סאלי 78, דימונה",דימונה,בבא סאלי,78,,,exact,203085.43,552146.50,,
001027-073567-00113-X,"בבא סאלי 20, דימונה",דימונה,בבא סאלי,20,,,exact,202644.45,552019.41,,
001027-073567-00114-X,"בבא סאלי 12, דימונה",דימונה,בבא סאלי,12,,,exact,202596.58,552009.73,,
001027-073567-00115-X,"בבא סאלי 54, דימונה",דימונה,בבא סאלי,54,,,exact,202880.53,552043.87,,
001027-073567-00116-X,"בבא סאלי 76, דימונה",דימונה,בבא סאלי,76,,,exact,203054.91,552133.94,,
001027-073567-00117-X,"בבא סאלי 66, דימונה",דימונה,בבא סאלי,66,,,none,,,,
001027-073567-00118-X,"בבא סאלי 71, דימונה",דימונה,בבא סאלי,71,,,none,,,,
001027-073567-00119-X,"בבא סאלי 77, דימונה",דימונה,בבא סאלי,77,,,none,,,,
001027-073567-00120-X,"בבא סאלי 60, דימונה",דימונה,בבא סאלי,60,,,exact,202956.73,552079.81,,
001027-073567-00121-X,"בבא סאלי 1, דימונה",דימונה,בבא סאלי,1,,,exact,202483.96,552131.08,,
001027-073567-00122-X,"בבא סאלי 7, דימונה",דימונה,בבא סאלי,7,,,exact,202512.68,552117.20,,
001027-073567-00123-X,"בבא סאלי 21, דימונה",דימונה,בבא סאלי,21,,,none,,,,
001027-073567-00124-X,"בבא סאלי 56, דימונה",דימונה,בבא סאלי,56,,,exact,202926.14,552057.61,,
001027-073567-00125-X,"בבא סאלי 69, דימונה",דימונה,בבא סאלי,69,,,none,,,,
001027-073567-00126-X,"בבא סאלי 52, דימונה",דימונה,בבא סאלי,52,,,exact,202869.27,552011.83,,
001027-073567-00127-X,"בבא סאלי 35, דימונה",דימונה,בבא סאלי,35,,,exact,202711.95,552069.38,,
001027-073567-00128-X,"בבא סאלי 58, דימונה",דימונה,בבא סאלי,58,,,exact,202957.15,552046.79,,
001027-073567-00129-X,"בבא סאלי 73, דימונה",דימונה,בבא סאלי,73,,,exact,203062.79,552214.17,,
001027-073567-00130-X,"בבא סאלי 5, דימונה",דימונה,בבא סאלי,5,,,exact,202502.13,552119.72,,
001027-073567-00131-X,"בית שערים 21, דימונה",דימונה,בית שערים,21,,,exact,203315.09,551726.23,,
001027-073567-00132-X,"בית שערים 16, דימונה",דימונה,בית שערים,16,,,exact,203182.41,551745.77,,
001027-073567-00133-X,"בית שערים 29, דימונה",דימונה,בית שערים,29,,,exact,203356.67,551712.26,,
001027-073567-00134-X,"בית שערים 20, דימונה",דימונה,בית שערים,20,,,exact,203228.88,551730.73,,
001027-073567-00135-X,"בן גוריון בן-גוריון 1101, דימונה",דימונה,בן גוריון,בן-גוריון 1101,,,exact,203263.84,553698.28,,
001027-073567-00136-X,"בן גוריון בן-גוריון 1203, דימונה",דימונה,בן גוריון,בן-גוריון 1203,,,none,,,,
001027-073567-00137-X,"בן גוריון בן-גוריון 102, דימונה",דימונה,בן גוריון,בן-גוריון 102,,,exact,203273.05,553677.61,,
001027-073567-00138-X,"בן גוריון בן-גוריון 1065, דימונה",דימונה,בן גוריון,בן-גוריון 1065,,,none,,,,
001027-073567-00139-X,"בן גוריון 55, דימונה",דימונה,בן גוריון,55,,,exact,203227.12,553353.21,,
001027-073567-00140-X,"בן גוריון 5, דימונה",דימונה,בן גוריון,5,,,exact,203229.41,553040.97,,
001027-073567-00141-X,"בן גוריון בן-גוריון 67, דימונה",דימונה,בן גוריון,בן-גוריון 67,,,exact,203209.11,553489.92,,
001027-073567-00142-X,"בן גוריון בן-גוריון 1064, דימונה",דימונה,בן גוריון,בן-גוריון 1064,,,none,,,,
001027-073567-00143-X,"בן גוריון 17, דימונה",דימונה,בן גוריון,17,,,exact,203223.78,553131.00,,
001027-073567-00144-X,"בן גוריון בן-גוריון 1318, דימונה",דימונה,בן גוריון,בן-גוריון 1318,,,exact,203261.49,553895.10,,
001027-073567-00145-X,"בן גוריון בן-גוריון 3, דימונה",דימונה,בן גוריון,בן-גוריון 3,,,exact,203226.62,553020.12,,
001027-073567-00146-X,"בן גוריון 39, דימונה",דימונה,בן גוריון,39,,,exact,203229.28,553292.54,,
001027-073567-00147-X,"בן גוריון בן-גוריון 1, דימונה",דימונה,בן גוריון,בן-גוריון 1,,,exact,203221.45,552994.72,,
001027-073567-00148-X,"בן גוריון בן-גוריון 66, דימונה",דימונה,בן גוריון,בן-גוריון 66,,,exact,203207.83,553523.34,,
001027-073567-00149-X,"בן גוריון 87, דימונה",דימונה,בן גוריון,87,,,exact,203228.96,553637.98,,
001027-073567-00150-X,"בן גוריון 19, דימונה",דימונה,בן גוריון,19,,,exact,203230.10,553154.28,,
001027-073567-00151-X,"בן גוריון בן-גוריון 81, דימונה",דימונה,בן גוריון,בן-גוריון 81,,,exact,203227.33,553590.62,,
001027-073567-00152-X,"בן גוריון 29, דימונה",דימונה,בן גוריון,29,,,exact,203229.59,553222.43,,
001027-073567-00153-X,"בן גוריון 91, דימונה",דימונה,בן גוריון,91,,,exact,203229.29,553662.65,,
001027-073567-00154-X,"בן גוריון בן-גוריון 91, דימונה",דימונה,בן גוריון,בן-גוריון 91,,,exact,203229.29,553662.65,,
001027-073567-00155-X,"בן גוריון 89, דימונה",דימונה,בן גוריון,89,,,exact,203226.74,553651.00,,
001027-073567-00156-X,"בר כוכבא בר-כוכבא 3, דימונה",דימונה,בר כוכבא,בר-כוכבא 3,,,exact,203427.02,552629.86,,
001027-073567-00157-X,"בר כוכבא בר-כוכבא 4, דימונה",דימונה,בר כוכבא,בר-כוכבא 4,,,exact,203396.31,552648.04,,
001027-073567-00158-X,"בר כוכבא בר-כוכבא 1, דימונה",דימונה,בר כוכבא,בר-כוכבא 1,,,exact,203427.14,552670.79,,
001027-073567-00159-X,"בר כוכבא בר-כוכבא 2, דימונה",דימונה,בר כוכבא,בר-כוכבא 2,,,exact,203391.53,552674.56,,
001027-073567-00160-X,"בר כוכבא בר-כוכבא 5, דימונה",דימונה,בר כוכבא,בר-כוכבא 5,,,exact,203426.46,552600.71,,
001027-073567-00161-X,"בר כוכבא בר-כוכבא 7, דימונה",דימונה,בר כוכבא,בר-כוכבא 7,,,exact,203427.78,552573.34,,
001027-073567-00162-X,"בר כוכבא בר-כוכבא 10, דימונה",דימונה,בר כוכבא,בר-כוכבא 10,,,exact,203392.17,552563.35,,
001027-073567-00163-X,"בר כוכבא בר-כוכבא 9, דימונה",דימונה,בר כוכבא,בר-כוכבא 9,,,exact,203432.10,552545.00,,
001027-073567-00164-X,"בר כוכבא בר-כוכבא 6, דימונה",דימונה,בר כוכבא,בר-כוכבא 6,,,exact,203393.23,552618.89,,
001027-073567-00165-X,"ברקן 23, דימונה",דימונה,ברקן,23,,,exact,203840.52,554241.92,,
001027-073567-00166-X,"ברקן 15, דימונה",דימונה,ברקן,15,,,exact,203807.45,554240.15,,
001027-073567-00167-X,"ברקן 7, דימונה",דימונה,ברקן,7,,,exact,203771.02,554239.38,,
001027-073567-00168-X,"ברקן 2, דימונה",דימונה,ברקן,2,,,exact,203749.28,554207.52,,
001027-073567-00169-X,"בשמת 13, דימונה",דימונה,בשמת,13,,,exact,204055.45,554239.42,,
001027-073567-00170-X,"בשמת 22, דימונה",דימונה,בשמת,22,,,exact,204097.77,554208.71,,
001027-073567-00171-X,"בשמת 16, דימונה",דימונה,בשמת,16,,,exact,204061.57,554204.45,,
001027-073567-00172-X,"בשמת 8, דימונה",דימונה,בשמת,8,,,exact,204024.86,554204.07,,
001027-073567-00173-X,"בשמת 7, דימונה",דימונה,בשמת,7,,,exact,204023.77,554235.55,,
001027-073567-00174-X,"בשמת 17, דימונה",דימונה,בשמת,17,,,exact,204080.89,554239.29,,
001027-073567-00175-X,"בשמת 4, דימונה",דימונה,בשמת,4,,,exact,204006.77,554206.80,,
001027-073567-00176-X,"בשמת 26, דימונה",דימונה,בשמת,26,,,exact,204114.24,554209.04,,
001027-073567-00177-X,"בשמת 18, דימונה",דימונה,בשמת,18,,,exact,204080.49,554210.91,,
001027-073567-00178-X,"בשמת 6, דימונה",דימונה,בשמת,6,,,exact,204017.35,554205.48,,
001027-073567-00179-X,"בשמת 5, דימונה",דימונה,בשמת,5,,,exact,204020.51,554239.12,,
001027-073567-00180-X,"בשמת 21, דימונה",דימונה,בשמת,21,,,exact,204098.61,554239.76,,
001027-073567-00181-X,"בת חן בת-חן 2, דימונה",דימונה,בת חן,בת-חן 2,,,exact,203016.93,553837.32,,
001027-073567-00182-X,"בת חן בת-חן 14, דימונה",דימונה,בת חן,בת-חן 14,,,exact,203159.41,553834.48,,
001027-073567-00183-X,"בת חן בת-חן 15, דימונה",דימונה,בת חן,בת-חן 15,,,exact,203155.41,553865.04,,
001027-073567-00184-X,"בת חן בת-חן 7, דימונה",דימונה,בת חן,בת-חן 7,,,exact,203062.07,553863.85,,
001027-073567-00185-X,"גדולי התורה 20, דימונה",דימונה,גדולי התורה,20,,,exact,203481.13,553835.16,,
001027-073567-00186-X,"גדולי התורה 14, דימונה",דימונה,גדולי התורה,14,,,exact,203436.88,553831.72,,
001027-073567-00187-X,"גדולי התורה 7, דימונה",דימונה,גדולי התורה,7,,,exact,203316.29,553840.75,,
001027-073567-00188-X,"גדולי התורה 1308, דימונה",דימונה,גדולי התורה,1308,,,exact,203401.08,553838.75,,
001027-073567-00189-X,"גולדה מאיר 3, דימונה",דימונה,גולדה מאיר,3,,,exact,202879.44,553313.74,,
001027-073567-00190-X,"גולדה מאיר 5, דימונה",דימונה,גולדה מאיר,5,,,exact,202955.35,553325.75,,
001027-073567-00191-X,"גולדה מאיר 1034, דימונה",דימונה,גולדה מאיר,1034,,,exact,202946.47,553619.45,,
001027-073567-00192-X,"גולדה מאיר 2, דימונה",דימונה,גולדה מאיר,2,,,exact,202916.59,553263.11,,
001027-073567-00193-X,"גולדה מאיר 4, דימונה",דימונה,גולדה מאיר,4,,,exact,202960.78,553284.39,,
001027-073567-00194-X,"גמלא 68, דימונה",דימונה,גמלא,68,,,exact,203703.51,551741.90,,
001027-073567-00195-X,"גמלא 16, דימונה",דימונה,גמלא,16,,,exact,203264.60,551780.47,,
001027-073567-00196-X,"גמלא 30, דימונה",דימונה,גמלא,30,,,exact,203392.50,551740.72,,
001027-073567-00197-X,"גמלא 54, דימונה",דימונה,גמלא,54,,,exact,203659.76,551673.07,,
001027-073567-00198-X,"דבורה הנביאה 6, דימונה",דימונה,דבורה הנביאה,6,,,exact,203339.62,554070.85,,
001027-073567-00199-X,"דבורה הנביאה 20, דימונה",דימונה,דבורה הנביאה,20,,,exact,203443.98,554065.86,,
001027-073567-00200-X,"דבורה הנביאה 18, דימונה",דימונה,דבורה הנביאה,18,,,exact,203425.23,554071.74,,
001027-073567-00201-X,"דבורה הנביאה 1, דימונה",דימונה,דבורה הנביאה,1,,,exact,203303.93,554099.25,,
001027-073567-00202-X,"דוגית 31, דימונה",דימונה,דוגית,31,,,exact,203665.01,553164.76,,
001027-073567-00203-X,"דוגית 10, דימונה",דימונה,דוגית,10,,,exact,203886.09,553106.90,,
001027-073567-00204-X,"דוגית 37, דימונה",דימונה,דוגית,37,,,exact,203664.27,553204.39,,
001027-073567-00205-X,"דוגית 6, דימונה",דימונה,דוגית,6,,,exact,203909.95,553083.70,,
001027-073567-00206-X,"דוגית 43, דימונה",דימונה,דוגית,43,,,exact,203676.19,553225.52,,
001027-073567-00207-X,"דוגית 17, דימונה",דימונה,דוגית,17,,,exact,203754.77,553108.28,,
001027-073567-00208-X,"דוגית 29, דימונה",דימונה,דוגית,29,,,exact,203681.37,553139.16,,
001027-073567-00209-X,"דוגית 21, דימונה",דימונה,דוגית,21,,,exact,203731.52,553074.76,,
001027-073567-00210-X,"דוגית 41, דימונה",דימונה,דוגית,41,,,exact,203680.09,553208.30,,
001027-073567-00211-X,"דוגית 25, דימונה",דימונה,דוגית,25,,,exact,203729.98,553122.39,,
001027-073567-00212-X,"דוגית 15, דימונה",דימונה,דוגית,15,,,exact,203774.90,553093.42,,
001027-073567-00213-X,"דוגית 33, דימונה",דימונה,דוגית,33,,,exact,203700.11,553163.57,,
001027-073567-00214-X,"דוגית 20, דימונה",דימונה,דוגית,20,,,exact,203790.18,553133.66,,
001027-073567-00215-X,"דוגית 47, דימונה",דימונה,דוגית,47,,,exact,203651.59,553263.09,,
001027-073567-00216-X,"דוגית 35, דימונה",דימונה,דוגית,35,,,exact,203689.97,553177.64,,
001027-073567-00217-X,"דוגית 8, דימונה",דימונה,דוגית,8,,,exact,203898.53,553093.70,,
001027-073567-00218-X,"דוד אלעזר 6, דימונה",דימונה,דוד אלעזר,6,,,exact,203702.41,553613.10,,
001027-073567-00219-X,"דוד אלעזר 2, דימונה",דימונה,דוד אלעזר,2,,,exact,203664.69,553614.23,,
001027-073567-00220-X,"דוד אלעזר 1, דימונה",דימונה,דוד אלעזר,1,,,exact,203661.85,553641.58,,
001027-073567-00221-X,"דוד אלעזר 11, דימונה",דימונה,דוד אלעזר,11,,,exact,203746.70,553653.49,,
001027-073567-00222-X,"דוד אלעזר 4, דימונה",דימונה,דוד אלעזר,4,,,exact,203693.79,553615.61,,
001027-073567-00223-X,"דוד אלעזר 166, דימונה",דימונה,דוד אלעזר,166,,,exact,203791.28,553618.63,,
001027-073567-00224-X,"דוכיפת 12, דימונה",דימונה,דוכיפת,12,,,exact,203382.37,553651.34,,
001027-073567-00225-X,"דוכיפת 1, דימונה",דימונה,דוכיפת,1,,,exact,203369.23,553722.26,,
001027-073567-00226-X,"דוכיפת 10, דימונה",דימונה,דוכיפת,10,,,exact,203374.26,553665.97,,
001027-073567-00227-X,"דוכיפת 127, דימונה",דימונה,דוכיפת,127,,,exact,203422.88,553619.04,,
001027-073567-00228-X,"דוכיפת 7, דימונה",דימונה,דוכיפת,7,,,exact,203393.84,553663.87,,
001027-073567-00229-X,"דוכיפת 3, דימונה",דימונה,דוכיפת,3,,,exact,203374.66,553697.08,,
001027-073567-00230-X,"דוכיפת 9, דימונה",דימונה,דוכיפת,9,,,exact,203404.53,553647.09,,
001027-073567-00231-X,"דוכיפת 5, דימונה",דימונה,דוכיפת,5,,,exact,203387.14,553680.41,,
001027-073567-00232-X,"דוכיפת 8, דימונה",דימונה,דוכיפת,8,,,exact,203361.76,553686.19,,
001027-073567-00233-X,"דוכיפת 2, דימונה",דימונה,דוכיפת,2,,,exact,203333.91,553711.70,,
001027-073567-00234-X,"דוכיפת 14, דימונה",דימונה,דוכיפת,14,,,exact,203391.37,553635.53,,
001027-073567-00235-X,"דולב 4, דימונה",דימונה,דולב,4,,,exact,204007.05,554267.49,,
001027-073567-00236-X,"דולב 8, דימונה",דימונה,דולב,8,,,exact,204025.00,554265.73,,
001027-073567-00237-X,"דולב 17, דימונה",דימונה,דולב,17,,,exact,204144.51,554354.54,,
001027-073567-00238-X,"דולב 22, דימונה",דימונה,דולב,22,,,exact,204094.61,554265.17,,
001027-073567-00239-X,"דולב 13, דימונה",דימונה,דולב,13,,,exact,204131.59,554337.30,,
001027-073567-00240-X,"דולב 18, דימונה",דימונה,דולב,18,,,exact,204076.05,554269.24,,
001027-073567-00241-X,"דולב 9, דימונה",דימונה,דולב,9,,,exact,204118.88,554327.58,,
001027-073567-00242-X,"דולב 7, דימונה",דימונה,דולב,7,,,exact,204109.52,554320.19,,
001027-073567-00243-X,"דיין משה משה דיין 72, דימונה",דימונה,דיין משה,משה דיין 72,,,exact,203763.66,553770.36,,
001027-073567-00244-X,"דיין משה משה דיין 76, דימונה",דימונה,דיין משה,משה דיין 76,,,exact,203829.61,553812.94,,
001027-073567-00245-X,"דיין משה משה דיין 177, דימונה",דימונה,דיין משה,משה דיין 177,,,exact,203812.93,553740.70,,
001027-073567-00246-X,"דפנה 23, דימונה",דימונה,דפנה,23,,,exact,203819.65,554301.95,,
001027-073567-00247-X,"דפנה 8, דימונה",דימונה,דפנה,8,,,exact,203772.94,554264.94,,
001027-073567-00248-X,"דפנה 15, דימונה",דימונה,דפנה,15,,,exact,203783.59,554302.75,,
001027-073567-00249-X,"דפנה 11, דימונה",דימונה,דפנה,11,,,exact,203767.23,554300.37,,
001027-073567-00250-X,"דפנה 2, דימונה",דימונה,דפנה,2,,,exact,203748.96,554267.67,,
001027-073567-00251-X,"דפנה 18, דימונה",דימונה,דפנה,18,,,exact,203822.58,554269.35,,
001027-073567-00252-X,"האורן 15, דימונה",דימונה,האורן,15,,,exact,202731.62,552768.47,,
001027-073567-00253-X,"האורן 6, דימונה",דימונה,האורן,6,,,exact,202802.24,552781.83,,
001027-073567-00254-X,"האורן 7, דימונה",דימונה,האורן,7,,,exact,202785.37,552749.58,,
001027-073567-00255-X,"האיריס 2, דימונה",דימונה,האיריס,2,,,exact,202953.39,552438.02,,
001027-073567-00256-X,"האיריס 6, דימונה",דימונה,האיריס,6,,,exact,203031.78,552439.57,,
001027-073567-00257-X,"האיריס 4, דימונה",דימונה,האיריס,4,,,exact,202974.66,552438.68,,
001027-073567-00258-X,"האלון 6, דימונה",דימונה,האלון,6,,,exact,202946.51,552822.53,,
001027-073567-00259-X,"האלון 16, דימונה",דימונה,האלון,16,,,exact,202947.31,552880.72,,
001027-073567-00260-X,"האלון 24, דימונה",דימונה,האלון,24,,,exact,202872.64,552873.94,,
001027-073567-00261-X,"האלון 2, דימונה",דימונה,האלון,2,,,exact,202943.11,552792.35,,
001027-073567-00262-X,"האלון 18, דימונה",דימונה,האלון,18,,,exact,202924.15,552876.07,,
001027-073567-00263-X,"האשל 2, דימונה",דימונה,האשל,2,,,exact,202860.14,552831.89,,
001027-073567-00264-X,"האשל 9, דימונה",דימונה,האשל,9,,,exact,202790.55,552818.69,,
001027-073567-00265-X,"האשל 12, דימונה",דימונה,האשל,12,,,exact,202809.02,552847.00,,
001027-073567-00266-X,"האשלג 12, דימונה",דימונה,האשלג,12,,,exact,202766.57,552724.30,,
001027-073567-00267-X,"האשלג 4, דימונה",דימונה,האשלג,4,,,exact,202765.37,552675.52,,
001027-073567-00268-X,"האשלג 23, דימונה",דימונה,האשלג,23,,,exact,202717.04,552695.54,,
001027-073567-00269-X,"האשלג 27, דימונה",דימונה,האשלג,27,,,exact,202719.72,552720.21,,
001027-073567-00270-X,"האשלג 8, דימונה",דימונה,האשלג,8,,,exact,202768.64,552700.15,,
001027-073567-00271-X,"האשלג 19, דימונה",דימונה,האשלג,19,,,exact,202722.20,552675.95,,
001027-073567-00272-X,"האשלג 11, דימונה",דימונה,האשלג,11,,,exact,202765.80,552626.14,,
001027-073567-00273-X,"הגיא 14, דימונה",דימונה,הגיא,14,,,exact,203854.53,553296.69,,
001027-073567-00274-X,"הגפן 5, דימונה",דימונה,הגפן,5,,,exact,202638.73,552681.53,,
001027-073567-00275-X,"הגפן 3, דימונה",דימונה,הגפן,3,,,exact,202662.15,552681.62,,
001027-073567-00276-X,"הגפן 24, דימונה",דימונה,הגפן,24,,,exact,202481.99,552683.99,,
001027-073567-00277-X,"הגפן 28, דימונה",דימונה,הגפן,28,,,exact,202461.33,552678.25,,
001027-073567-00278-X,"הגפן 43, דימונה",דימונה,הגפן,43,,,exact,202329.02,552599.77,,
001027-073567-00279-X,"הגפן 51, דימונה",דימונה,הגפן,51,,,exact,202269.86,552567.27,,
001027-073567-00280-X,"הגפן 49, דימונה",דימונה,הגפן,49,,,exact,202285.69,552573.12,,
001027-073567-00281-X,"הגפן 25, דימונה",דימונה,הגפן,25,,,exact,202466.63,552648.64,,
001027-073567-00282-X,"הגפן 45, דימונה",דימונה,הגפן,45,,,exact,202313.72,552591.61,,
001027-073567-00283-X,"הגפן 31, דימונה",דימונה,הגפן,31,,,exact,202422.30,552636.32,,
001027-073567-00284-X,"הגפן 15, דימונה",דימונה,הגפן,15,,,exact,202542.01,552664.37,,
001027-073567-00285-X,"הגפן 33, דימונה",דימונה,הגפן,33,,,exact,202419.70,552621.46,,
001027-073567-00286-X,"הגפן 35, דימונה",דימונה,הגפן,35,,,exact,202391.27,552627.79,,
001027-073567-00287-X,"הגפן 21, דימונה",דימונה,הגפן,21,,,exact,202514.09,552660.05,,
001027-073567-00288-X,"הדרור 13, דימונה",דימונה,הדרור,13,,,exact,203532.70,553573.53,,
001027-073567-00289-X,"הדרור 14, דימונה",דימונה,הדרור,14,,,exact,203525.44,553577.29,,
001027-073567-00290-X,"הדרור 1, דימונה",דימונה,הדרור,1,,,exact,203580.13,553597.51,,
001027-073567-00291-X,"ההגנה 2, דימונה",דימונה,ההגנה,2,,,exact,202812.24,553574.35,,
001027-073567-00292-X,"ההגנה 8, דימונה",דימונה,ההגנה,8,,,exact,202784.03,553569.06,,
001027-073567-00293-X,"ההגנה 28, דימונה",דימונה,ההגנה,28,,,exact,202810.59,553612.35,,
001027-073567-00294-X,"ההדס 19, דימונה",דימונה,ההדס,19,,,exact,202800.87,552680.67,,
001027-073567-00295-X,"ההדס 23, דימונה",דימונה,ההדס,23,,,exact,202814.97,552700.64,,
001027-073567-00296-X,"ההדס 11, דימונה",דימונה,ההדס,11,,,exact,202788.87,552609.53,,
001027-073567-00297-X,"הזית 261, דימונה",דימונה,הזית,261,,,none,,,,
001027-073567-00298-X,"הזית 123, דימונה",דימונה,הזית,123,,,none,,,,
001027-073567-00299-X,"הזית 33, דימונה",דימונה,הזית,33,,,street,202326.85,552531.84,,
001027-073567-00300-X,"הזמיר 135, דימונה",דימונה,הזמיר,135,,,exact,203513.92,553678.50,,
001027-073567-00301-X,"הזמיר 13, דימונה",דימונה,הזמיר,13,,,exact,203522.36,553675.35,,
001027-073567-00302-X,"הזמיר 7, דימונה",דימונה,הזמיר,7,,,exact,203563.60,553695.69,,
001027-073567-00303-X,"הזמיר 5, דימונה",דימונה,הזמיר,5,,,exact,203571.47,553704.00,,
001027-073567-00304-X,"הזמיר 23, דימונה",דימונה,הזמיר,23,,,exact,203492.00,553647.91,,
001027-073567-00305-X,"החשמונאים 237, דימונה",דימונה,החשמונאים,237,,,none,,,,
001027-073567-00306-X,"החשמונאים 6, דימונה",דימונה,החשמונאים,6,,,exact,203574.49,552802.49,,
001027-073567-00307-X,"החשמונאים 236, דימונה",דימונה,החשמונאים,236,,,none,,,,
001027-073567-00308-X,"החשמונאים 2, דימונה",דימונה,החשמונאים,2,,,exact,203569.47,552848.58,,
001027-073567-00309-X,"החשמונאים 258, דימונה",דימונה,החשמונאים,258,,,exact,203594.05,552758.49,,
001027-073567-00310-X,"החשמונאים 235, דימונה",דימונה,החשמונאים,235,,,none,,,,
001027-073567-00311-X,"היונה 156, דימונה",דימונה,היונה,156,,,exact,203582.27,553478.28,,
001027-073567-00312-X,"היונה 3, דימונה",דימונה,היונה,3,,,exact,203594.75,553550.26,,
001027-073567-00313-X,"היונה 8, דימונה",דימונה,היונה,8,,,exact,203582.64,553563.49,,
001027-073567-00314-X,"היונה 59, דימונה",דימונה,היונה,59,,,exact,203563.79,553466.31,,
001027-073567-00315-X,"היונה 16, דימונה",דימונה,היונה,16,,,exact,203532.56,553543.28,,
001027-073567-00316-X,"היורה 38, דימונה",דימונה,היורה,38,,,exact,203112.41,552162.17,,
001027-073567-00317-X,"היורה 17, דימונה",דימונה,היורה,17,,,exact,203102.16,552110.72,,
001027-073567-00318-X,"הכלנית 36, דימונה",דימונה,הכלנית,36,,,exact,203022.97,552311.66,,
001027-073567-00319-X,"הכלנית 23, דימונה",דימונה,הכלנית,23,,,exact,203018.38,552347.46,,
001027-073567-00320-X,"הכלנית 14, דימונה",דימונה,הכלנית,14,,,exact,202840.31,552312.35,,
001027-073567-00321-X,"הכלנית 38, דימונה",דימונה,הכלנית,38,,,exact,203030.79,552315.92,,
001027-073567-00322-X,"הכלנית 11, דימונה",דימונה,הכלנית,11,,,exact,202948.53,552340.91,,
001027-073567-00323-X,"הכלנית 42, דימונה",דימונה,הכלנית,42,,,exact,203057.24,552316.14,,
001027-073567-00324-X,"הכלנית 27, דימונה",דימונה,הכלנית,27,,,exact,203043.52,552351.56,,
001027-073567-00325-X,"הכלנית 19, דימונה",דימונה,הכלנית,19,,,exact,202994.48,552346.20,,
001027-073567-00326-X,"הכלנית 22, דימונה",דימונה,הכלנית,22,,,exact,202897.97,552307.38,,
001027-073567-00327-X,"הכלנית 25, דימונה",דימונה,הכלנית,25,,,exact,203029.94,552347.63,,
001027-073567-00328-X,"הלח""י 2, דימונה",דימונה,"הלח""י",2,,,exact,202907.99,553451.76,,
001027-073567-00329-X,"הלח""י 1, דימונה",דימונה,"הלח""י",1,,,exact,202886.99,553457.01,,
001027-073567-00330-X,"המכבים 247, דימונה",דימונה,המכבים,247,,,none,,,,
001027-073567-00331-X,"המכבים 248, דימונה",דימונה,המכבים,248,,,none,,,,
001027-073567-00332-X,"המכבים 246, דימונה",דימונה,המכבים,246,,,none,,,,
001027-073567-00333-X,"המכתש 26, דימונה",דימונה,המכתש,26,,,exact,202575.00,551917.43,,
001027-073567-00334-X,"המכתש 15, דימונה",דימונה,המכתש,15,,,exact,202646.29,551888.90,,
001027-073567-00335-X,"המכתש 34, דימונה",דימונה,המכתש,34,,,exact,202602.36,551874.84,,
001027-073567-00336-X,"המכתש 21, דימונה",דימונה,המכתש,21,,,exact,202657.19,551870.47,,
001027-073567-00337-X,"המכתש 11, דימונה",דימונה,המכתש,11,,,exact,202589.15,551931.11,,
001027-073567-00338-X,"המכתש 32, דימונה",דימונה,המכתש,32,,,exact,202594.57,551882.60,,
001027-073567-00339-X,"המכתש 12, דימונה",דימונה,המכתש,12,,,exact,202524.91,551987.62,,
001027-073567-00340-X,"המלאכה 8, דימונה",דימונה,המלאכה,8,,,exact,202314.08,552314.72,,
001027-073567-00341-X,"המלאכה 6, דימונה",דימונה,המלאכה,6,,,exact,202331.57,552298.04,,
001027-073567-00342-X,"המלאכה 4, דימונה",דימונה,המלאכה,4,,,exact,202353.77,552268.40,,
001027-073567-00343-X,"המעלה 1, דימונה",דימונה,המעלה,1,,,exact,203828.25,553499.16,,
001027-073567-00344-X,"המעלה 11, דימונה",דימונה,המעלה,11,,,exact,203897.84,553437.78,,
001027-073567-00345-X,"המעלה 19, דימונה",דימונה,המעלה,19,,,exact,203947.28,553377.13,,
001027-073567-00346-X,"המעלה 2, דימונה",דימונה,המעלה,2,,,exact,203804.36,553469.54,,
001027-073567-00347-X,"המעלה 4, דימונה",דימונה,המעלה,4,,,exact,203824.83,553462.30,,
001027-073567-00348-X,"המעלה 6, דימונה",דימונה,המעלה,6,,,exact,203836.83,553447.48,,
001027-073567-00349-X,"המעלה 20, דימונה",דימונה,המעלה,20,,,exact,203953.60,553329.10,,
001027-073567-00350-X,"המעלה 21, דימונה",דימונה,המעלה,21,,,exact,203960.10,553365.43,,
001027-073567-00351-X,"המעלה 16, דימונה",דימונה,המעלה,16,,,exact,203923.26,553352.42,,
001027-073567-00352-X,"המעפיל 22, דימונה",דימונה,המעפיל,22,,,exact,203287.76,553409.03,,
001027-073567-00353-X,"המעפיל 94, דימונה",דימונה,המעפיל,94,,,exact,203983.67,553155.00,,
001027-073567-00354-X,"המעפיל 72, דימונה",דימונה,המעפיל,72,,,exact,203841.41,553363.21,,
001027-073567-00355-X,"המעפיל 47, דימונה",דימונה,המעפיל,47,,,exact,203390.82,553447.81,,
001027-073567-00356-X,"המעפיל 6, דימונה",דימונה,המעפיל,6,,,exact,202892.30,553398.27,,
001027-073567-00357-X,"המעפיל 77, דימונה",דימונה,המעפיל,77,,,exact,203927.39,553308.81,,
001027-073567-00358-X,"המעפיל 1014, דימונה",דימונה,המעפיל,1014,,,exact,202822.60,553456.16,,
001027-073567-00359-X,"המעפיל 1205, דימונה",דימונה,המעפיל,1205,,,none,,,,
001027-073567-00360-X,"המעפיל 4, דימונה",דימונה,המעפיל,4,,,exact,202856.83,553395.93,,
001027-073567-00361-X,"המעפיל 83, דימונה",דימונה,המעפיל,83,,,exact,203950.08,553260.02,,
001027-073567-00362-X,"המעפיל 9, דימונה",דימונה,המעפיל,9,,,exact,203135.98,553448.62,,
001027-073567-00363-X,"המעפיל 42, דימונה",דימונה,המעפיל,42,,,exact,203499.35,553406.65,,
001027-073567-00364-X,"המעפיל 86, דימונה",דימונה,המעפיל,86,,,exact,203939.73,553198.58,,
001027-073567-00365-X,"המעפיל 10, דימונה",דימונה,המעפיל,10,,,exact,203137.19,553404.76,,
001027-073567-00366-X,"המעפיל 32, דימונה",דימונה,המעפיל,32,,,exact,203384.15,553406.65,,
001027-073567-00367-X,"המעפיל 60, דימונה",דימונה,המעפיל,60,,,exact,203733.07,553414.52,,
001027-073567-00368-X,"המעפיל 68, דימונה",דימונה,המעפיל,68,,,exact,203812.91,553385.30,,
001027-073567-00369-X,"המעפיל 79, דימונה",דימונה,המעפיל,79,,,exact,203933.68,553294.80,,
001027-073567-00370-X,"המעפיל 71, דימונה",דימונה,המעפיל,71,,,exact,203859.24,553382.70,,
001027-073567-00371-X,"הנח""ל 147, דימונה",דימונה,"הנח""ל",147,,,exact,202868.42,553882.25,,
001027-073567-00372-X,"הנח""ל 148, דימונה",דימונה,"הנח""ל",148,,,exact,202890.66,553884.60,,
001027-073567-00373-X,"הנח""ל 146, דימונה",דימונה,"הנח""ל",146,,,exact,202846.70,553881.74,,
001027-073567-00374-X,"הנרקיס 24, דימונה",דימונה,הנרקיס,24,,,exact,203042.63,552386.64,,
001027-073567-00375-X,"הנרקיס 22, דימונה",דימונה,הנרקיס,22,,,exact,203028.04,552386.28,,
001027-073567-00376-X,"הנרקיס 2, דימונה",דימונה,הנרקיס,2,,,exact,202901.68,552386.26,,
001027-073567-00377-X,"הנרקיס 18, דימונה",דימונה,הנרקיס,18,,,exact,203005.51,552384.22,,
001027-073567-00378-X,"הנרקיס 11, דימונה",דימונה,הנרקיס,11,,,exact,203046.24,552411.15,,
001027-073567-00379-X,"הנרקיס 7, דימונה",דימונה,הנרקיס,7,,,exact,202999.62,552410.42,,
001027-073567-00380-X,"הנשיא אריאל שרון 65, דימונה",דימונה,הנשיא,אריאל שרון 65,,,none,,,,
001027-073567-00381-X,"הנשיא 15, דימונה",דימונה,הנשיא,15,,,street,202408.16,552262.66,,
001027-073567-00382-X,"הנשיא אריאל שרון 75, דימונה",דימונה,הנשיא,אריאל שרון 75,,,none,,,,
001027-073567-00383-X,"הנשיא אריאל שרון 77, דימונה",דימונה,הנשיא,אריאל שרון 77,,,none,,,,
001027-073567-00384-X,"הנשיא אריאל שרון 23, דימונה",דימונה,הנשיא,אריאל שרון 23,,,none,,,,
001027-073567-00385-X,"הנשיא אריאל שרון 61, דימונה",דימונה,הנשיא,אריאל שרון 61,,,none,,,,
001027-073567-00386-X,"הנשיא אריאל שרון 57, דימונה",דימונה,הנשיא,אריאל שרון 57,,,none,,,,
001027-073567-00387-X,"הנשיא אריאל שרון 40, דימונה",דימונה,הנשיא,אריאל שרון 40,,,none,,,,
001027-073567-00388-X,"הנשיא אריאל שרון 79, דימונה",דימונה,הנשיא,אריאל שרון 79,,,none,,,,
001027-073567-00389-X,"הנשיא אריאל שרון 45, דימונה",דימונה,הנשיא,אריאל שרון 45,,,none,,,,
001027-073567-00390-X,"הנשיא אריאל שרון 87, דימונה",דימונה,הנשיא,אריאל שרון 87,,,none,,,,
001027-073567-00391-X,"הנשיא אריאל שרון 41, דימונה",דימונה,הנשיא,אריאל שרון 41,,,none,,,,
001027-073567-00392-X,"הנשיא אריאל שרון 81, דימונה",דימונה,הנשיא,אריאל שרון 81,,,none,,,,
001027-073567-00393-X,"הנשיא אריאל שרון 53, דימונה",דימונה,הנשיא,אריאל שרון 53,,,none,,,,
001027-073567-00394-X,"הסדנה 5, דימונה",דימונה,הסדנה,5,,,exact,202347.77,552366.52,,
001027-073567-00395-X,"הסנהדרין 24, דימונה",דימונה,הסנהדרין,24,,,exact,203572.68,552559.89,,
001027-073567-00396-X,"הסנהדרין 16, דימונה",דימונה,הסנהדרין,16,,,exact,203572.88,552584.65,,
001027-073567-00397-X,"הסנהדרין 14, דימונה",דימונה,הסנהדרין,14,,,exact,203527.78,552611.49,,
001027-073567-00398-X,"הסנהדרין 1, דימונה",דימונה,הסנהדרין,1,,,exact,203629.78,552582.46,,
001027-073567-00399-X,"הספורט 38, דימונה",דימונה,הספורט,38,,,exact,203126.34,553607.88,,
001027-073567-00400-X,"הספורט 46, דימונה",דימונה,הספורט,46,,,exact,203124.85,553721.27,,
001027-073567-00401-X,"הספורט 26, דימונה",דימונה,הספורט,26,,,exact,203123.04,553377.04,,
001027-073567-00402-X,"הספורט 22, דימונה",דימונה,הספורט,22,,,exact,203124.06,553319.29,,
001027-073567-00403-X,"הספורט 42, דימונה",דימונה,הספורט,42,,,exact,203124.65,553667.17,,
001027-073567-00404-X,"הספורט 24, דימונה",דימונה,הספורט,24,,,exact,203125.59,553347.79,,
001027-073567-00405-X,"הספורט 40, דימונה",דימונה,הספורט,40,,,exact,203124.29,553637.86,,
001027-073567-00406-X,"הספורט 10, דימונה",דימונה,הספורט,10,,,exact,203123.18,553106.61,,
001027-073567-00407-X,"הספורט 44, דימונה",דימונה,הספורט,44,,,exact,203124.71,553695.30,,
001027-073567-00408-X,"הספורט 20, דימונה",דימונה,הספורט,20,,,exact,203123.67,553290.44,,
001027-073567-00409-X,"הספורט 6, דימונה",דימונה,הספורט,6,,,exact,203123.89,553050.53,,
001027-073567-00410-X,"הספורט 8, דימונה",דימונה,הספורט,8,,,exact,203123.32,553078.57,,
001027-073567-00411-X,"הספורט 34, דימונה",דימונה,הספורט,34,,,exact,203133.17,553527.25,,
001027-073567-00412-X,"העליה העלייה 40, דימונה",דימונה,העליה,העלייה 40,,,exact,203999.08,552731.32,,
001027-073567-00413-X,"העליה העלייה 8, דימונה",דימונה,העליה,העלייה 8,,,exact,203809.62,552791.34,,
001027-073567-00414-X,"העליה העלייה 4, דימונה",דימונה,העליה,העלייה 4,,,exact,203781.60,552798.27,,
001027-073567-00415-X,"העליה העלייה 24, דימונה",דימונה,העליה,העלייה 24,,,exact,203905.81,552759.44,,
001027-073567-00416-X,"העליה העלייה 16, דימונה",דימונה,העליה,העלייה 16,,,exact,203857.13,552773.65,,
001027-073567-00417-X,"העצמאות 6, דימונה",דימונה,העצמאות,6,,,exact,202767.79,553299.24,,
001027-073567-00418-X,"העצמאות 12, דימונה",דימונה,העצמאות,12,,,exact,202771.70,553259.92,,
001027-073567-00419-X,"העצמאות 13, דימונה",דימונה,העצמאות,13,,,exact,202761.75,553336.50,,
001027-073567-00420-X,"העצמאות 9, דימונה",דימונה,העצמאות,9,,,exact,202769.46,553389.79,,
001027-073567-00421-X,"הפלמ""ח 5, דימונה",דימונה,"הפלמ""ח",5,,,exact,202706.31,553482.18,,
001027-073567-00422-X,"הפלמ""ח 1, דימונה",דימונה,"הפלמ""ח",1,,,exact,202706.78,553441.58,,
001027-073567-00423-X,"הפסגה 84, דימונה",דימונה,הפסגה,84,,,exact,204080.42,553029.05,,
001027-073567-00424-X,"הפסגה 17, דימונה",דימונה,הפסגה,17,,,exact,203758.87,553579.47,,
001027-073567-00425-X,"הפסגה 113, דימונה",דימונה,הפסגה,113,,,exact,204107.58,553015.04,,
001027-073567-00426-X,"הפסגה 39, דימונה",דימונה,הפסגה,39,,,exact,203935.44,553492.94,,
001027-073567-00427-X,"הפסגה 29, דימונה",דימונה,הפסגה,29,,,exact,203873.72,553562.33,,
001027-073567-00428-X,"הפסגה 31, דימונה",דימונה,הפסגה,31,,,exact,203884.14,553549.75,,
001027-073567-00429-X,"הפסגה 22, דימונה",דימונה,הפסגה,22,,,exact,203853.58,553533.44,,
001027-073567-00430-X,"הפסגה 1, דימונה",דימונה,הפסגה,1,,,exact,203693.56,553443.67,,
001027-073567-00431-X,"הפסגה 63, דימונה",דימונה,הפסגה,63,,,exact,204103.68,553363.73,,
001027-073567-00432-X,"הפסגה 54, דימונה",דימונה,הפסגה,54,,,exact,204059.62,553298.98,,
001027-073567-00433-X,"הפסגה 15, דימונה",דימונה,הפסגה,15,,,exact,203735.06,553569.80,,
001027-073567-00434-X,"הפסגה 33, דימונה",דימונה,הפסגה,33,,,exact,203902.05,553537.64,,
001027-073567-00435-X,"הפסגה 69, דימונה",דימונה,הפסגה,69,,,exact,204148.46,553337.16,,
001027-073567-00436-X,"הפסגה 48, דימונה",דימונה,הפסגה,48,,,exact,204012.67,553353.58,,
001027-073567-00437-X,"הפסגה 86, דימונה",דימונה,הפסגה,86,,,exact,204078.42,553012.94,,
001027-073567-00438-X,"הפסגה 27, דימונה",דימונה,הפסגה,27,,,exact,203845.23,553573.79,,
001027-073567-00439-X,"הפסגה 50, דימונה",דימונה,הפסגה,50,,,exact,204032.13,553331.92,,
001027-073567-00440-X,"הפסגה 117, דימונה",דימונה,הפסגה,117,,,exact,204108.91,552978.45,,
001027-073567-00441-X,"הפסגה 42, דימונה",דימונה,הפסגה,42,,,exact,203974.26,553394.96,,
001027-073567-00442-X,"הפסגה 38, דימונה",דימונה,הפסגה,38,,,exact,203954.74,553425.22,,
001027-073567-00443-X,"הפסגה 90, דימונה",דימונה,הפסגה,90,,,exact,204073.49,552978.76,,
001027-073567-00444-X,"הפסגה 72, דימונה",דימונה,הפסגה,72,,,exact,204069.66,553124.42,,
001027-073567-00445-X,"הפסגה 35, דימונה",דימונה,הפסגה,35,,,exact,203912.29,553521.11,,
001027-073567-00446-X,"הפסגה 4, דימונה",דימונה,הפסגה,4,,,exact,203729.69,553463.59,,
001027-073567-00447-X,"הפסגה 87, דימונה",דימונה,הפסגה,87,,,exact,204101.69,553225.05,,
001027-073567-00448-X,"הפסגה 56, דימונה",דימונה,הפסגה,56,,,exact,204070.14,553280.66,,
001027-073567-00449-X,"הפסגה 43, דימונה",דימונה,הפסגה,43,,,exact,203956.92,553465.06,,
001027-073567-00450-X,"הפסגה 101, דימונה",דימונה,הפסגה,101,,,exact,204108.99,553116.52,,
001027-073567-00451-X,"הפסגה 58, דימונה",דימונה,הפסגה,58,,,exact,204076.83,553263.26,,
001027-073567-00452-X,"הפסגה 79, דימונה",דימונה,הפסגה,79,,,exact,204082.02,553322.76,,
001027-073567-00453-X,"הצאלה 5, דימונה",דימונה,הצאלה,5,,,exact,202956.87,552744.78,,
001027-073567-00454-X,"הצאלה 7, דימונה",דימונה,הצאלה,7,,,exact,202947.44,552749.40,,
001027-073567-00455-X,"הצאלה 1, דימונה",דימונה,הצאלה,1,,,exact,202982.07,552735.80,,
001027-073567-00456-X,"הצבר 10, דימונה",דימונה,הצבר,10,,,exact,203376.90,552349.58,,
001027-073567-00457-X,"הצבר 12, דימונה",דימונה,הצבר,12,,,exact,203354.27,552373.53,,
001027-073567-00458-X,"הצבר 14, דימונה",דימונה,הצבר,14,,,exact,203353.16,552397.48,,
001027-073567-00459-X,"הצנחנים 68, דימונה",דימונה,הצנחנים,68,,,street,202838.77,553701.19,,
001027-073567-00460-X,"הצפורים הציפורים 134, דימונה",דימונה,הצפורים,הציפורים 134,,,exact,203495.30,553668.25,,
001027-073567-00461-X,"הצפורים הציפורים 132, דימונה",דימונה,הצפורים,הציפורים 132,,,exact,203482.58,553688.45,,
001027-073567-00462-X,"הקנאים האיסיים 10, דימונה",דימונה,הקנאים,האיסיים 10,,,none,,,,
001027-073567-00463-X,"הקנאים האיסיים 6, דימונה",דימונה,הקנאים,האיסיים 6,,,none,,,,
001027-073567-00464-X,"הר גולן 1, דימונה",דימונה,הר גולן,1,,,exact,203292.32,555017.41,,
001027-073567-00465-X,"הר שניר 20, דימונה",דימונה,הר שניר,20,,,exact,203240.93,555083.49,,
001027-073567-00466-X,"הר שניר 7, דימונה",דימונה,הר שניר,7,,,exact,203312.30,554936.79,,
001027-073567-00467-X,"הר שניר 26, דימונה",דימונה,הר שניר,26,,,exact,203179.48,555128.91,,
001027-073567-00468-X,"הר שניר 3, דימונה",דימונה,הר שניר,3,,,exact,203263.41,554925.19,,
001027-073567-00469-X,"הר שניר 11, דימונה",דימונה,הר שניר,11,,,exact,203351.81,554961.87,,
001027-073567-00470-X,"הר שניר 9, דימונה",דימונה,הר שניר,9,,,exact,203338.37,554948.43,,
001027-073567-00471-X,"הר שניר 5, דימונה",דימונה,הר שניר,5,,,exact,203289.08,554933.00,,
001027-073567-00472-X,"הרב אבוחצירה הרב אבוחצירא 17, דימונה",דימונה,הרב אבוחצירה,הרב אבוחצירא 17,,,none,,,,
001027-073567-00473-X,"הרב אבוחצירה הרב אבוחצירא 13, דימונה",דימונה,הרב אבוחצירה,הרב אבוחצירא 13,,,none,,,,
001027-073567-00474-X,"הרב אבוחצירה הרב אבוחצירא 15, דימונה",דימונה,הרב אבוחצירה,הרב אבוחצירא 15,,,none,,,,
001027-073567-00475-X,"הרב אלנקוה הרב אלנקווה 1319, דימונה",דימונה,הרב אלנקוה,הרב אלנקווה 1319,,,none,,,,
001027-073567-00476-X,"הרדוף הנחלים 21, דימונה",דימונה,הרדוף הנחלים,21,,,exact,204129.59,554427.22,,
001027-073567-00477-X,"הרדוף הנחלים 13, דימונה",דימונה,הרדוף הנחלים,13,,,exact,204101.43,554402.85,,
001027-073567-00478-X,"הרדוף הנחלים 11, דימונה",דימונה,הרדוף הנחלים,11,,,exact,204094.85,554389.46,,
001027-073567-00479-X,"הרדוף הנחלים 16, דימונה",דימונה,הרדוף הנחלים,16,,,exact,204131.01,554379.53,,
001027-073567-00480-X,"הרדוף הנחלים 17, דימונה",דימונה,הרדוף הנחלים,17,,,exact,204115.21,554409.00,,
001027-073567-00481-X,"הרדוף הנחלים 2, דימונה",דימונה,הרדוף הנחלים,2,,,exact,204089.05,554336.15,,
001027-073567-00482-X,"הרדוף הנחלים 14, דימונה",דימונה,הרדוף הנחלים,14,,,exact,204123.63,554374.34,,
001027-073567-00483-X,"הרדוף הנחלים 9, דימונה",דימונה,הרדוף הנחלים,9,,,exact,204089.81,554383.22,,
001027-073567-00484-X,"הרדוף הנחלים 7, דימונה",דימונה,הרדוף הנחלים,7,,,exact,204079.22,554372.39,,
001027-073567-00485-X,"הרודיון 24, דימונה",דימונה,הרודיון,24,,,exact,203259.26,551570.47,,
001027-073567-00486-X,"הרודיון 31, דימונה",דימונה,הרודיון,31,,,exact,203296.13,551547.08,,
001027-073567-00487-X,"הרודיון 27, דימונה",דימונה,הרודיון,27,,,exact,203288.12,551566.65,,
001027-073567-00488-X,"הרודיון 25, דימונה",דימונה,הרודיון,25,,,exact,203287.16,551570.92,,
001027-073567-00489-X,"הרודיון 22, דימונה",דימונה,הרודיון,22,,,exact,203250.70,551586.23,,
001027-073567-00490-X,"הרודיון 28, דימונה",דימונה,הרודיון,28,,,exact,203264.58,551550.23,,
001027-073567-00491-X,"הרודיון 11, דימונה",דימונה,הרודיון,11,,,exact,203280.07,551655.96,,
001027-073567-00492-X,"הרודיון 16, דימונה",דימונה,הרודיון,16,,,exact,203249.61,551615.89,,
001027-073567-00493-X,"הרודיון 14, דימונה",דימונה,הרודיון,14,,,exact,203247.99,551629.43,,
001027-073567-00494-X,"הרודיון 17, דימונה",דימונה,הרודיון,17,,,exact,203276.69,551615.61,,
001027-073567-00495-X,"הרודיון 1, דימונה",דימונה,הרודיון,1,,,exact,203281.89,551700.53,,
001027-073567-00496-X,"הרימון 24, דימונה",דימונה,הרימון,24,,,exact,202489.92,552544.76,,
001027-073567-00497-X,"הרימון 13, דימונה",דימונה,הרימון,13,,,exact,202507.40,552524.18,,
001027-073567-00498-X,"הרימון 2, דימונה",דימונה,הרימון,2,,,exact,202651.60,552570.26,,
001027-073567-00499-X,"הרימון 21, דימונה",דימונה,הרימון,21,,,exact,202421.13,552493.75,,
001027-073567-00500-X,"הרכס 9, דימונה",דימונה,הרכס,9,,,exact,204014.59,553030.33,,
001027-073567-00501-X,"הרכס 18, דימונה",דימונה,הרכס,18,,,exact,204051.21,553107.94,,
001027-073567-00502-X,"הרכס 7, דימונה",דימונה,הרכס,7,,,exact,204016.76,553015.07,,
001027-073567-00503-X,"הרכס 12, דימונה",דימונה,הרכס,12,,,exact,204046.36,553063.51,,
001027-073567-00504-X,"הרכס 19, דימונה",דימונה,הרכס,19,,,exact,204027.05,553119.62,,
001027-073567-00505-X,"הרכס 5, דימונה",דימונה,הרכס,5,,,exact,204017.35,552996.88,,
001027-073567-00506-X,"הרכס 11, דימונה",דימונה,הרכס,11,,,exact,204016.10,553046.51,,
001027-073567-00507-X,"הרכס 14, דימונה",דימונה,הרכס,14,,,exact,204049.67,553078.54,,
001027-073567-00508-X,"הרכס 15, דימונה",דימונה,הרכס,15,,,exact,204001.76,553095.87,,
001027-073567-00509-X,"הרמה 12, דימונה",דימונה,הרמה,12,,,exact,203800.93,553241.89,,
001027-073567-00510-X,"הרמה 1, דימונה",דימונה,הרמה,1,,,exact,203774.33,553309.33,,
001027-073567-00511-X,"הרמה 8, דימונה",דימונה,הרמה,8,,,exact,203777.35,553263.60,,
001027-073567-00512-X,"הרמה 44, דימונה",דימונה,הרמה,44,,,exact,203948.64,553045.42,,
001027-073567-00513-X,"הרמה 7, דימונה",דימונה,הרמה,7,,,exact,203806.54,553274.37,,
001027-073567-00514-X,"הרמה 49, דימונה",דימונה,הרמה,49,,,exact,203983.09,553000.13,,
001027-073567-00515-X,"הרמה 9, דימונה",דימונה,הרמה,9,,,exact,203818.93,553262.03,,
001027-073567-00516-X,"הרמה 48, דימונה",דימונה,הרמה,48,,,exact,203949.54,552998.93,,
001027-073567-00517-X,"הרמה 45, דימונה",דימונה,הרמה,45,,,exact,203982.37,553034.57,,
001027-073567-00518-X,"הרמה 14, דימונה",דימונה,הרמה,14,,,exact,203812.67,553231.69,,
001027-073567-00519-X,"הרמה 35, דימונה",דימונה,הרמה,35,,,exact,203966.98,553116.92,,
001027-073567-00520-X,"הרצל 55, דימונה",דימונה,הרצל,55,,,exact,202979.81,552910.30,,
001027-073567-00521-X,"הרצל 101, דימונה",דימונה,הרצל,101,,,exact,202577.25,552830.43,,
001027-073567-00522-X,"הרצל 58, דימונה",דימונה,הרצל,58,,,exact,202916.48,553067.27,,
001027-073567-00523-X,"הרצל 90, דימונה",דימונה,הרצל,90,,,exact,202838.60,552983.89,,
001027-073567-00524-X,"הרצל 50, דימונה",דימונה,הרצל,50,,,exact,202832.63,553076.60,,
001027-073567-00525-X,"הרצל 61, דימונה",דימונה,הרצל,61,,,exact,202929.34,552907.37,,
001027-073567-00526-X,"הרצל 75, דימונה",דימונה,הרצל,75,,,exact,202815.01,552904.11,,
001027-073567-00527-X,"הרצל 54, דימונה",דימונה,הרצל,54,,,exact,202874.24,553090.62,,
001027-073567-00528-X,"הרצל 36, דימונה",דימונה,הרצל,36,,,exact,202934.61,552980.74,,
001027-073567-00529-X,"הרצל 44, דימונה",דימונה,הרצל,44,,,exact,202810.13,552977.67,,
001027-073567-00530-X,"הרצל 34, דימונה",דימונה,הרצל,34,,,exact,202958.10,552980.51,,
001027-073567-00531-X,"הרצל 48, דימונה",דימונה,הרצל,48,,,exact,202785.70,552971.96,,
001027-073567-00532-X,"הרצל 42, דימונה",דימונה,הרצל,42,,,exact,202838.40,552972.43,,
001027-073567-00533-X,"הרצל 62, דימונה",דימונה,הרצל,62,,,exact,202932.34,553073.79,,
001027-073567-00534-X,"הרצל 40, דימונה",דימונה,הרצל,40,,,exact,202880.48,552976.40,,
001027-073567-00535-X,"הרצל 67, דימונה",דימונה,הרצל,67,,,exact,202877.43,552905.76,,
001027-073567-00536-X,"הרצל 29, דימונה",דימונה,הרצל,29,,,exact,203397.43,552906.24,,
001027-073567-00537-X,"הרצל 38, דימונה",דימונה,הרצל,38,,,exact,202907.82,552974.79,,
001027-073567-00538-X,"הרצל 64, דימונה",דימונה,הרצל,64,,,exact,202948.41,553074.86,,
001027-073567-00539-X,"הרצל 60, דימונה",דימונה,הרצל,60,,,exact,202915.86,553076.25,,
001027-073567-00540-X,"הרצל 19, דימונה",דימונה,הרצל,19,,,exact,203456.73,552886.89,,
001027-073567-00541-X,"הרצל 103, דימונה",דימונה,הרצל,103,,,exact,202561.77,552867.21,,
001027-073567-00542-X,"הרצל 99, דימונה",דימונה,הרצל,99,,,exact,202592.83,552875.91,,
001027-073567-00543-X,"הרצל 52, דימונה",דימונה,הרצל,52,,,exact,202833.25,553087.01,,
001027-073567-00544-X,"הרצל 56, דימונה",דימונה,הרצל,56,,,exact,202874.86,553079.84,,
001027-073567-00545-X,"הרצל 97, דימונה",דימונה,הרצל,97,,,exact,202634.77,552886.94,,
001027-073567-00546-X,"הרצל 89, דימונה",דימונה,הרצל,89,,,exact,202705.43,552893.95,,
001027-073567-00547-X,"הרצל 95, דימונה",דימונה,הרצל,95,,,exact,202649.79,552893.07,,
001027-073567-00548-X,"הרצל 91, דימונה",דימונה,הרצל,91,,,exact,202678.84,552897.31,,
001027-073567-00549-X,"הרצל 93, דימונה",דימונה,הרצל,93,,,exact,202663.81,552886.99,,
001027-073567-00550-X,"הרצל 85, דימונה",דימונה,הרצל,85,,,exact,202734.26,552900.18,,
001027-073567-00551-X,"הרצל 107, דימונה",דימונה,הרצל,107,,,exact,202527.34,552856.87,,
001027-073567-00552-X,"הרצל 105, דימונה",דימונה,הרצל,105,,,exact,202544.86,552823.58,,
001027-073567-00553-X,"הרצל 83, דימונה",דימונה,הרצל,83,,,exact,202749.29,552904.96,,
001027-073567-00554-X,"הרצל 87, דימונה",דימונה,הרצל,87,,,exact,202717.37,552902.26,,
001027-073567-00555-X,"השבלים השיבולים 13, דימונה",דימונה,השבלים,השיבולים 13,,,exact,202832.14,552439.49,,
001027-073567-00556-X,"השבלים השיבולים 81, דימונה",דימונה,השבלים,השיבולים 81,,,exact,202457.83,552438.19,,
001027-073567-00557-X,"השבלים השיבולים 4, דימונה",דימונה,השבלים,השיבולים 4,,,exact,202854.89,552481.99,,
001027-073567-00558-X,"השבלים השיבולים 10, דימונה",דימונה,השבלים,השיבולים 10,,,exact,202785.53,552501.73,,
001027-073567-00559-X,"השבלים השיבולים 58, דימונה",דימונה,השבלים,השיבולים 58,,,exact,202573.35,552492.01,,
001027-073567-00560-X,"השבלים השיבולים 69, דימונה",דימונה,השבלים,השיבולים 69,,,exact,202543.33,552455.08,,
001027-073567-00561-X,"השבלים השיבולים 49, דימונה",דימונה,השבלים,השיבולים 49,,,exact,202677.36,552480.58,,
001027-073567-00562-X,"השבלים השיבולים 78, דימונה",דימונה,השבלים,השיבולים 78,,,exact,202444.55,552458.88,,
001027-073567-00563-X,"השבלים השיבולים 62, דימונה",דימונה,השבלים,השיבולים 62,,,exact,202548.82,552487.81,,
001027-073567-00564-X,"השבלים השיבולים 72, דימונה",דימונה,השבלים,השיבולים 72,,,exact,202494.62,552473.83,,
001027-073567-00565-X,"השבלים השיבולים 66, דימונה",דימונה,השבלים,השיבולים 66,,,exact,202524.22,552486.66,,
001027-073567-00566-X,"השיטה 48, דימונה",דימונה,השיטה,48,,,none,,,,
001027-073567-00567-X,"השיטה 47, דימונה",דימונה,השיטה,47,,,none,,,,
001027-073567-00568-X,"השיטה 45, דימונה",דימונה,השיטה,45,,,none,,,,
001027-073567-00569-X,"השיטה 24, דימונה",דימונה,השיטה,24,,,street,202892.49,552614.20,,
001027-073567-00570-X,"השיריון השריון 87, דימונה",דימונה,השיריון,השריון 87,,,exact,202777.44,553873.96,,
001027-073567-00571-X,"השיריון השריון 86, דימונה",דימונה,השיריון,השריון 86,,,exact,202802.72,553876.25,,
001027-073567-00572-X,"השיריון השריון 84, דימונה",דימונה,השיריון,השריון 84,,,exact,202752.42,553902.59,,
001027-073567-00573-X,"השיריון השריון 83, דימונה",דימונה,השיריון,השריון 83,,,exact,202737.92,553868.78,,
001027-073567-00574-X,"השלוה השלווה 18, דימונה",דימונה,השלוה,השלווה 18,,,exact,203646.37,553723.05,,
001027-073567-00575-X,"השלוה השלווה 6, דימונה",דימונה,השלוה,השלווה 6,,,exact,203635.79,553509.66,,
001027-073567-00576-X,"השלוה השלווה 2, דימונה",דימונה,השלוה,השלווה 2,,,exact,203655.11,553450.59,,
001027-073567-00577-X,"השלוה השלווה 8, דימונה",דימונה,השלוה,השלווה 8,,,exact,203636.91,553547.14,,
001027-073567-00578-X,"השלום 9, דימונה",דימונה,השלום,9,,,exact,203324.72,553554.51,,
001027-073567-00579-X,"השלום 32, דימונה",דימונה,השלום,32,,,exact,203492.95,553585.78,,
001027-073567-00580-X,"השלום 12, דימונה",דימונה,השלום,12,,,exact,203346.84,553533.91,,
001027-073567-00581-X,"השלום 23, דימונה",דימונה,השלום,23,,,exact,203359.67,553583.81,,
001027-073567-00582-X,"השלום 22, דימונה",דימונה,השלום,22,,,exact,203375.45,553557.58,,
001027-073567-00583-X,"השלום 204, דימונה",דימונה,השלום,204,,,exact,203310.00,553511.83,,
001027-073567-00584-X,"השלום 26, דימונה",דימונה,השלום,26,,,exact,203396.59,553560.65,,
001027-073567-00585-X,"השלום 71, דימונה",דימונה,השלום,71,,,exact,203545.92,553657.43,,
001027-073567-00586-X,"השלום 47, דימונה",דימונה,השלום,47,,,exact,203468.85,553616.25,,
001027-073567-00587-X,"השלום 59, דימונה",דימונה,השלום,59,,,exact,203508.41,553640.33,,
001027-073567-00588-X,"השלום 34, דימונה",דימונה,השלום,34,,,exact,203505.66,553600.46,,
001027-073567-00589-X,"השלום 25, דימונה",דימונה,השלום,25,,,exact,203371.33,553591.13,,
001027-073567-00590-X,"השלום 52, דימונה",דימונה,השלום,52,,,exact,203548.48,553626.19,,
001027-073567-00591-X,"התאנה 43, דימונה",דימונה,התאנה,43,,,exact,202647.75,552636.68,,
001027-073567-00592-X,"התאנה 27, דימונה",דימונה,התאנה,27,,,exact,202533.84,552620.33,,
001027-073567-00593-X,"התאנה 14, דימונה",דימונה,התאנה,14,,,exact,202434.95,552568.79,,
001027-073567-00594-X,"התאנה 1, דימונה",דימונה,התאנה,1,,,exact,202335.07,552556.91,,
001027-073567-00595-X,"התאנה 21, דימונה",דימונה,התאנה,21,,,exact,202474.43,552610.54,,
001027-073567-00596-X,"התאנה 11, דימונה",דימונה,התאנה,11,,,exact,202391.31,552582.48,,
001027-073567-00597-X,"התאנה 34, דימונה",דימונה,התאנה,34,,,exact,202548.86,552599.83,,
001027-073567-00598-X,"התאנה 22, דימונה",דימונה,התאנה,22,,,exact,202481.31,552584.25,,
001027-073567-00599-X,"התאנה 48, דימונה",דימונה,התאנה,48,,,exact,202628.10,552606.73,,
001027-073567-00600-X,"ורדימון יצחק יצחק ורדימון 1, דימונה",דימונה,ורדימון יצחק,יצחק ורדימון 1,,,exact,202182.03,553582.91,,
001027-073567-00601-X,"חגי 52, דימונה",דימונה,חגי,52,,,exact,203502.16,554010.98,,
001027-073567-00602-X,"חגי 24, דימונה",דימונה,חגי,24,,,exact,203301.84,554007.67,,
001027-073567-00603-X,"חגי 56, דימונה",דימונה,חגי,56,,,exact,203527.33,554005.16,,
001027-073567-00604-X,"חגי 42, דימונה",דימונה,חגי,42,,,exact,203423.11,554009.22,,
001027-073567-00605-X,"חגי 2, דימונה",דימונה,חגי,2,,,exact,203274.44,554131.34,,
001027-073567-00606-X,"חגי 6, דימונה",דימונה,חגי,6,,,exact,203263.82,554114.54,,
001027-073567-00607-X,"חגי 50, דימונה",דימונה,חגי,50,,,exact,203486.34,554007.28,,
001027-073567-00608-X,"חגי 12, דימונה",דימונה,חגי,12,,,exact,203275.54,554073.09,,
001027-073567-00609-X,"חגי 16, דימונה",דימונה,חגי,16,,,exact,203272.79,554044.08,,
001027-073567-00610-X,"חטיבת אלכסנדרוני 143, דימונה",דימונה,חטיבת אלכסנדרוני,143,,,street,202848.77,553905.60,,
001027-073567-00611-X,"חטיבת גבעתי 176, דימונה",דימונה,חטיבת גבעתי,176,,,exact,202555.46,553802.20,,
001027-073567-00612-X,"חטיבת גבעתי 174, דימונה",דימונה,חטיבת גבעתי,174,,,exact,202525.41,553799.95,,
001027-073567-00613-X,"חטיבת גולני 1, דימונה",דימונה,חטיבת גולני,1,,,exact,202895.12,553764.30,,
001027-073567-00614-X,"חטיבת גולני 3, דימונה",דימונה,חטיבת גולני,3,,,exact,202884.75,553768.42,,
001027-073567-00615-X,"חטיבת גולני 154, דימונה",דימונה,חטיבת גולני,154,,,exact,202912.49,553805.34,,
001027-073567-00616-X,"חטיבת גולני 153, דימונה",דימונה,חטיבת גולני,153,,,exact,202885.20,553804.73,,
001027-073567-00617-X,"חטיבת גולני 152, דימונה",דימונה,חטיבת גולני,152,,,exact,202901.16,553830.38,,
001027-073567-00618-X,"חטיבת הנגב 78, דימונה",דימונה,חטיבת הנגב,78,,,exact,202641.34,553868.32,,
001027-073567-00619-X,"חטיבת הנגב 166, דימונה",דימונה,חטיבת הנגב,166,,,exact,202552.55,553892.05,,
001027-073567-00620-X,"חטיבת הנגב 5, דימונה",דימונה,חטיבת הנגב,5,,,exact,202621.32,553838.07,,
001027-073567-00621-X,"חטיבת הנגב 159, דימונה",דימונה,חטיבת הנגב,159,,,exact,202556.95,553867.69,,
001027-073567-00622-X,"חטיבת הנגב 165, דימונה",דימונה,חטיבת הנגב,165,,,exact,202561.21,553888.54,,
001027-073567-00623-X,"חטיבת הנגב 164, דימונה",דימונה,חטיבת הנגב,164,,,exact,202581.91,553892.67,,
001027-073567-00624-X,"חטיבת הנגב 79, דימונה",דימונה,חטיבת הנגב,79,,,exact,202626.29,553879.97,,
001027-073567-00625-X,"חטיבת הראל 81, דימונה",דימונה,חטיבת הראל,81,,,exact,202690.50,553901.65,,
001027-073567-00626-X,"חטיבת הראל 18, דימונה",דימונה,חטיבת הראל,18,,,exact,202697.31,553879.32,,
001027-073567-00627-X,"חטיבת הראל 15, דימונה",דימונה,חטיבת הראל,15,,,exact,202733.98,553885.05,,
001027-073567-00628-X,"חטיבת הראל 80, דימונה",דימונה,חטיבת הראל,80,,,exact,202652.29,553894.02,,
001027-073567-00629-X,"חירם 2, דימונה",דימונה,חירם,2,,,street,202691.93,553550.05,,
001027-073567-00630-X,"חמת גדר 20, דימונה",דימונה,חמת גדר,20,,,exact,203435.05,551606.16,,
001027-073567-00631-X,"חמת גדר 12, דימונה",דימונה,חמת גדר,12,,,exact,203428.75,551655.44,,
001027-073567-00632-X,"חמת גדר 8, דימונה",דימונה,חמת גדר,8,,,exact,203435.57,551674.92,,
001027-073567-00633-X,"חמת גדר 2, דימונה",דימונה,חמת גדר,2,,,exact,203449.16,551698.99,,
001027-073567-00634-X,"חמת גדר 4, דימונה",דימונה,חמת גדר,4,,,exact,203443.38,551693.12,,
001027-073567-00635-X,"חמת גדר 5, דימונה",דימונה,חמת גדר,5,,,exact,203460.00,551612.87,,
001027-073567-00636-X,"חמת גדר 22, דימונה",דימונה,חמת גדר,22,,,exact,203441.21,551592.27,,
001027-073567-00637-X,"חמת גדר 24, דימונה",דימונה,חמת גדר,24,,,exact,203441.34,551585.31,,
001027-073567-00638-X,"חמת גדר 26, דימונה",דימונה,חמת גדר,26,,,exact,203450.70,551572.30,,
001027-073567-00639-X,"חצב 26, דימונה",דימונה,חצב,26,,,exact,203651.41,554119.25,,
001027-073567-00640-X,"חצב 2, דימונה",דימונה,חצב,2,,,exact,203659.41,554135.24,,
001027-073567-00641-X,"חצב 9, דימונה",דימונה,חצב,9,,,exact,203685.10,554055.15,,
001027-073567-00642-X,"חצב 18, דימונה",דימונה,חצב,18,,,exact,203620.34,554071.25,,
001027-073567-00643-X,"חצב 21, דימונה",דימונה,חצב,21,,,exact,203663.13,553998.50,,
001027-073567-00644-X,"חצב 37, דימונה",דימונה,חצב,37,,,exact,203596.56,554019.16,,
001027-073567-00645-X,"חצב 27, דימונה",דימונה,חצב,27,,,exact,203628.12,554005.25,,
001027-073567-00646-X,"חרוב 56, דימונה",דימונה,חרוב,56,,,exact,204113.10,554450.21,,
001027-073567-00647-X,"חרוב 8, דימונה",דימונה,חרוב,8,,,exact,203771.34,554325.41,,
001027-073567-00648-X,"חרוב 35, דימונה",דימונה,חרוב,35,,,exact,204020.92,554406.13,,
001027-073567-00649-X,"חרוב 36, דימונה",דימונה,חרוב,36,,,exact,204046.38,554380.81,,
001027-073567-00650-X,"חרוב 52, דימונה",דימונה,חרוב,52,,,exact,204096.40,554432.19,,
001027-073567-00651-X,"חרוב 19, דימונה",דימונה,חרוב,19,,,exact,203825.61,554368.99,,
001027-073567-00652-X,"חרוב 47, דימונה",דימונה,חרוב,47,,,exact,204059.92,554440.05,,
001027-073567-00653-X,"חרוב 7, דימונה",דימונה,חרוב,7,,,exact,203771.68,554365.94,,
001027-073567-00654-X,"חרוב 48, דימונה",דימונה,חרוב,48,,,exact,204083.08,554420.57,,
001027-073567-00655-X,"חרוב 23, דימונה",דימונה,חרוב,23,,,exact,203844.09,554367.20,,
001027-073567-00656-X,"חרוב 40, דימונה",דימונה,חרוב,40,,,exact,204060.47,554396.01,,
001027-073567-00657-X,"חרוב 22, דימונה",דימונה,חרוב,22,,,exact,203838.82,554329.10,,
001027-073567-00658-X,"חרוב 20, דימונה",דימונה,חרוב,20,,,exact,203826.44,554327.23,,
001027-073567-00659-X,"חרצית 10, דימונה",דימונה,חרצית,10,,,exact,204023.47,554454.15,,
001027-073567-00660-X,"חרצית 8, דימונה",דימונה,חרצית,8,,,exact,204016.69,554438.59,,
001027-073567-00661-X,"חרצית 2, דימונה",דימונה,חרצית,2,,,exact,203999.14,554427.24,,
001027-073567-00662-X,"חרצית 19, דימונה",דימונה,חרצית,19,,,exact,204004.54,554476.54,,
001027-073567-00663-X,"טופח 10, דימונה",דימונה,טופח,10,,,exact,203911.79,554415.11,,
001027-073567-00664-X,"טופח 16, דימונה",דימונה,טופח,16,,,exact,203933.14,554439.16,,
001027-073567-00665-X,"טופח 35, דימונה",דימונה,טופח,35,,,exact,203973.60,554525.50,,
001027-073567-00666-X,"טופח 28, דימונה",דימונה,טופח,28,,,exact,203984.01,554494.07,,
001027-073567-00667-X,"טופח 18, דימונה",דימונה,טופח,18,,,exact,203937.66,554441.92,,
001027-073567-00668-X,"טופח 11, דימונה",דימונה,טופח,11,,,exact,203871.29,554430.07,,
001027-073567-00669-X,"טופח 12, דימונה",דימונה,טופח,12,,,exact,203919.89,554428.07,,
001027-073567-00670-X,"טופח 37, דימונה",דימונה,טופח,37,,,exact,203971.92,554530.81,,
001027-073567-00671-X,"יגאל אלון 58, דימונה",דימונה,יגאל אלון,58,,,exact,203563.07,552465.86,,
001027-073567-00672-X,"יגאל אלון 2, דימונה",דימונה,יגאל אלון,2,,,exact,202983.71,552465.03,,
001027-073567-00673-X,"יגאל אלון 29, דימונה",דימונה,יגאל אלון,29,,,exact,203398.49,552503.35,,
001027-073567-00674-X,"יגאל אלון 47, דימונה",דימונה,יגאל אלון,47,,,exact,203530.49,552500.42,,
001027-073567-00675-X,"יגאל אלון 32, דימונה",דימונה,יגאל אלון,32,,,exact,203294.29,552454.46,,
001027-073567-00676-X,"יגאל אלון 18, דימונה",דימונה,יגאל אלון,18,,,exact,203166.33,552446.89,,
001027-073567-00677-X,"יגאל אלון 24, דימונה",דימונה,יגאל אלון,24,,,exact,203230.22,552451.45,,
001027-073567-00678-X,"יגאל אלון 60, דימונה",דימונה,יגאל אלון,60,,,exact,203633.44,552491.30,,
001027-073567-00679-X,"יגאל אלון 49, דימונה",דימונה,יגאל אלון,49,,,exact,203551.76,552502.29,,
001027-073567-00680-X,"יגאל אלון 44, דימונה",דימונה,יגאל אלון,44,,,exact,203391.67,552458.19,,
001027-073567-00681-X,"יגאל אלון 78, דימונה",דימונה,יגאל אלון,78,,,exact,203747.74,552749.41,,
001027-073567-00682-X,"יגאל אלון 8, דימונה",דימונה,יגאל אלון,8,,,exact,203043.84,552469.80,,
001027-073567-00683-X,"יגאל אלון 48, דימונה",דימונה,יגאל אלון,48,,,exact,203495.86,552443.33,,
001027-073567-00684-X,"יגאל אלון 4, דימונה",דימונה,יגאל אלון,4,,,exact,203002.34,552463.79,,
001027-073567-00685-X,"יגאל אלון 6, דימונה",דימונה,יגאל אלון,6,,,exact,203027.85,552469.47,,
001027-073567-00686-X,"יגאל אלון 82, דימונה",דימונה,יגאל אלון,82,,,exact,203754.68,552771.74,,
001027-073567-00687-X,"יגאל אלון 66, דימונה",דימונה,יגאל אלון,66,,,exact,203727.36,552688.01,,
001027-073567-00688-X,"יהודה הלוי 4, דימונה",דימונה,יהודה הלוי,4,,,exact,203831.50,553867.51,,
001027-073567-00689-X,"יהודה הלוי 5, דימונה",דימונה,יהודה הלוי,5,,,exact,203788.45,553935.58,,
001027-073567-00690-X,"יהודה הלוי 17, דימונה",דימונה,יהודה הלוי,17,,,exact,203891.25,553929.29,,
001027-073567-00691-X,"יהודה הלוי 15, דימונה",דימונה,יהודה הלוי,15,,,exact,203872.53,553936.22,,
001027-073567-00692-X,"יהודה הלוי 35, דימונה",דימונה,יהודה הלוי,35,,,exact,203919.53,553748.18,,
001027-073567-00693-X,"יהודה הלוי 21, דימונה",דימונה,יהודה הלוי,21,,,exact,203897.08,553880.88,,
001027-073567-00694-X,"יהודה הלוי 13, דימונה",דימונה,יהודה הלוי,13,,,exact,203855.77,553928.96,,
001027-073567-00695-X,"יהודה הלוי 2, דימונה",דימונה,יהודה הלוי,2,,,exact,203773.52,553866.78,,
001027-073567-00696-X,"יהודה הלוי 3, דימונה",דימונה,יהודה הלוי,3,,,exact,203768.59,553927.69,,
001027-073567-00697-X,"יהודה הלוי 31, דימונה",דימונה,יהודה הלוי,31,,,exact,203924.69,553784.17,,
001027-073567-00698-X,"יהודה הלוי 33, דימונה",דימונה,יהודה הלוי,33,,,exact,203930.41,553765.78,,
001027-073567-00699-X,"יהודה הלוי 27, דימונה",דימונה,יהודה הלוי,27,,,exact,203904.26,553836.21,,
001027-073567-00700-X,"יהודה הלוי 9, דימונה",דימונה,יהודה הלוי,9,,,exact,203811.14,553908.10,,
001027-073567-00701-X,"יהודה הלוי 1, דימונה",דימונה,יהודה הלוי,1,,,exact,203761.55,553909.02,,
001027-073567-00702-X,"יהודה הלוי 7, דימונה",דימונה,יהודה הלוי,7,,,exact,203804.98,553927.66,,
001027-073567-00703-X,"יהודה הלוי 37, דימונה",דימונה,יהודה הלוי,37,,,exact,203907.58,553740.83,,
001027-073567-00704-X,"יהודה הלוי 39, דימונה",דימונה,יהודה הלוי,39,,,exact,203885.88,553740.13,,
001027-073567-00705-X,"יהודה הלוי 11, דימונה",דימונה,יהודה הלוי,11,,,exact,203848.39,553909.75,,
001027-073567-00706-X,"יודפת 8, דימונה",דימונה,יודפת,8,,,exact,203307.65,551644.53,,
001027-073567-00707-X,"יודפת 24, דימונה",דימונה,יודפת,24,,,exact,203322.47,551551.01,,
001027-073567-00708-X,"יודפת 4, דימונה",דימונה,יודפת,4,,,exact,203310.23,551665.31,,
001027-073567-00709-X,"יודפת 14, דימונה",דימונה,יודפת,14,,,exact,203311.62,551613.37,,
001027-073567-00710-X,"יודפת 20, דימונה",דימונה,יודפת,20,,,exact,203313.48,551569.38,,
001027-073567-00711-X,"יודפת 17, דימונה",דימונה,יודפת,17,,,exact,203346.27,551563.22,,
001027-073567-00712-X,"יודפת 3, דימונה",דימונה,יודפת,3,,,exact,203342.24,551661.35,,
001027-073567-00713-X,"יודפת 16, דימונה",דימונה,יודפת,16,,,exact,203311.52,551594.91,,
001027-073567-00714-X,"ירושלים 34, דימונה",דימונה,ירושלים,34,,,exact,203806.24,551774.34,,
001027-073567-00715-X,"ירושלים 32, דימונה",דימונה,ירושלים,32,,,exact,203798.62,551776.45,,
001027-073567-00716-X,"ירושלים 30, דימונה",דימונה,ירושלים,30,,,exact,203784.61,551782.04,,
001027-073567-00717-X,"ירושלים 26, דימונה",דימונה,ירושלים,26,,,exact,203763.36,551790.17,,
001027-073567-00718-X,"ירושלים 48, דימונה",דימונה,ירושלים,48,,,exact,203884.64,551740.13,,
001027-073567-00719-X,"ירושלים 22, דימונה",דימונה,ירושלים,22,,,exact,203743.46,551796.69,,
001027-073567-00720-X,"ירושלים 46, דימונה",דימונה,ירושלים,46,,,exact,203872.87,551746.31,,
001027-073567-00721-X,"ירושלים 44, דימונה",דימונה,ירושלים,44,,,exact,203865.93,551749.61,,
001027-073567-00722-X,"ירמיה 2, דימונה",דימונה,ירמיה,2,,,exact,203360.62,554104.67,,
001027-073567-00723-X,"ירמיה 25, דימונה",דימונה,ירמיה,25,,,exact,203416.87,554239.80,,
001027-073567-00724-X,"ירמיה 6, דימונה",דימונה,ירמיה,6,,,exact,203360.90,554131.63,,
001027-073567-00725-X,"ירמיה 3, דימונה",דימונה,ירמיה,3,,,exact,203327.89,554111.33,,
001027-073567-00726-X,"ירמיה 22, דימונה",דימונה,ירמיה,22,,,exact,203411.72,554195.30,,
001027-073567-00727-X,"ירמיה 30, דימונה",דימונה,ירמיה,30,,,exact,203445.45,554143.05,,
001027-073567-00728-X,"ישעיה 16, דימונה",דימונה,ישעיה,16,,,exact,203396.02,554329.58,,
001027-073567-00729-X,"ישעיה 54, דימונה",דימונה,ישעיה,54,,,exact,203275.38,554176.60,,
001027-073567-00730-X,"ישעיה 52, דימונה",דימונה,ישעיה,52,,,exact,203276.11,554191.15,,
001027-073567-00731-X,"ישעיה 48, דימונה",דימונה,ישעיה,48,,,exact,203270.39,554216.79,,
001027-073567-00732-X,"ישעיה 44, דימונה",דימונה,ישעיה,44,,,exact,203275.76,554245.74,,
001027-073567-00733-X,"ישעיה 19, דימונה",דימונה,ישעיה,19,,,exact,203321.58,554306.84,,
001027-073567-00734-X,"ישעיה 24, דימונה",דימונה,ישעיה,24,,,exact,203346.14,554341.95,,
001027-073567-00735-X,"ישעיה 2, דימונה",דימונה,ישעיה,2,,,exact,203467.50,554265.07,,
001027-073567-00736-X,"כובשי אילת 32, דימונה",דימונה,כובשי אילת,32,,,exact,203841.65,552640.84,,
001027-073567-00737-X,"כובשי אילת 12, דימונה",דימונה,כובשי אילת,12,,,exact,203676.88,552291.84,,
001027-073567-00738-X,"כובשי אילת 14, דימונה",דימונה,כובשי אילת,14,,,exact,203711.50,552380.27,,
001027-073567-00739-X,"כובשי אילת 3, דימונה",דימונה,כובשי אילת,3,,,exact,203505.69,552376.02,,
001027-073567-00740-X,"כובשי אילת 6, דימונה",דימונה,כובשי אילת,6,,,exact,203618.00,552316.04,,
001027-073567-00741-X,"כובשי אילת 24, דימונה",דימונה,כובשי אילת,24,,,exact,203816.38,552589.99,,
001027-073567-00742-X,"כובשי אילת 11, דימונה",דימונה,כובשי אילת,11,,,exact,203618.07,552386.36,,
001027-073567-00743-X,"כובשי אילת 4, דימונה",דימונה,כובשי אילת,4,,,exact,203555.38,552348.20,,
001027-073567-00744-X,"כובשי אילת 36, דימונה",דימונה,כובשי אילת,36,,,exact,203855.80,552671.31,,
001027-073567-00745-X,"כובשי אילת 7, דימונה",דימונה,כובשי אילת,7,,,exact,203560.15,552409.01,,
001027-073567-00746-X,"כורזין 30, דימונה",דימונה,כורזין,30,,,exact,203784.43,551509.39,,
001027-073567-00747-X,"כורזין 9, דימונה",דימונה,כורזין,9,,,exact,203723.35,551574.11,,
001027-073567-00748-X,"כורזין 10, דימונה",דימונה,כורזין,10,,,exact,203686.68,551548.14,,
001027-073567-00749-X,"כורזין 27, דימונה",דימונה,כורזין,27,,,exact,203811.75,551531.63,,
001027-073567-00750-X,"כורזין 29, דימונה",דימונה,כורזין,29,,,exact,203818.62,551537.25,,
001027-073567-00751-X,"כורזין 18, דימונה",דימונה,כורזין,18,,,exact,203728.94,551533.43,,
001027-073567-00752-X,"כורזין 20, דימונה",דימונה,כורזין,20,,,exact,203733.05,551528.18,,
001027-073567-00753-X,"כורזין 21, דימונה",דימונה,כורזין,21,,,exact,203781.17,551548.37,,
001027-073567-00754-X,"כורזין 22, דימונה",דימונה,כורזין,22,,,exact,203747.96,551523.68,,
001027-073567-00755-X,"כורזין 17, דימונה",דימונה,כורזין,17,,,exact,203759.19,551555.93,,
001027-073567-00756-X,"כורזין 16, דימונה",דימונה,כורזין,16,,,exact,203711.11,551538.05,,
001027-073567-00757-X,"כורזין 2, דימונה",דימונה,כורזין,2,,,exact,203654.25,551562.93,,
001027-073567-00758-X,"כורזין 14, דימונה",דימונה,כורזין,14,,,exact,203705.57,551541.25,,
001027-073567-00759-X,"כורזין 5, דימונה",דימונה,כורזין,5,,,exact,203704.77,551580.08,,
001027-073567-00760-X,"כליל החורש 2, דימונה",דימונה,כליל החורש,2,,,exact,203943.49,554052.44,,
001027-073567-00761-X,"כליל החורש 12, דימונה",דימונה,כליל החורש,12,,,exact,203943.30,554093.88,,
001027-073567-00762-X,"כליל החורש 14, דימונה",דימונה,כליל החורש,14,,,exact,203941.63,554104.99,,
001027-073567-00763-X,"כליל החורש 32, דימונה",דימונה,כליל החורש,32,,,exact,203940.90,554215.07,,
001027-073567-00764-X,"כליל החורש 18, דימונה",דימונה,כליל החורש,18,,,exact,203941.30,554121.89,,
001027-073567-00765-X,"כליל החורש 23, דימונה",דימונה,כליל החורש,23,,,exact,203906.54,554141.42,,
001027-073567-00766-X,"כליל החורש 11, דימונה",דימונה,כליל החורש,11,,,exact,203904.08,554089.53,,
001027-073567-00767-X,"כליל החורש 39, דימונה",דימונה,כליל החורש,39,,,exact,203898.97,554238.11,,
001027-073567-00768-X,"כליל החורש 1, דימונה",דימונה,כליל החורש,1,,,exact,203902.83,554053.33,,
001027-073567-00769-X,"כליל החורש 22, דימונה",דימונה,כליל החורש,22,,,exact,203948.15,554139.69,,
001027-073567-00770-X,"כליל החורש 6, דימונה",דימונה,כליל החורש,6,,,exact,203942.82,554068.93,,
001027-073567-00771-X,"כליל החורש 19, דימונה",דימונה,כליל החורש,19,,,exact,203898.39,554126.56,,
001027-073567-00772-X,"כליל החורש 56, דימונה",דימונה,כליל החורש,56,,,exact,203941.24,554327.19,,
001027-073567-00773-X,"כליל החורש 10, דימונה",דימונה,כליל החורש,10,,,exact,203940.70,554085.78,,
001027-073567-00774-X,"כליל החורש 40, דימונה",דימונה,כליל החורש,40,,,exact,203946.66,554253.81,,
001027-073567-00775-X,"כליל החורש 21, דימונה",דימונה,כליל החורש,21,,,exact,203899.84,554140.63,,
001027-073567-00776-X,"כליל החורש 17, דימונה",דימונה,כליל החורש,17,,,exact,203900.89,554120.69,,
001027-073567-00777-X,"ליבנה 46, דימונה",דימונה,ליבנה,46,,,exact,203876.73,554271.20,,
001027-073567-00778-X,"ליבנה 1, דימונה",דימונה,ליבנה,1,,,exact,203842.00,554058.11,,
001027-073567-00779-X,"ליבנה 30, דימונה",דימונה,ליבנה,30,,,exact,203873.37,554195.72,,
001027-073567-00780-X,"לילך 4, דימונה",דימונה,לילך,4,,,exact,203219.31,553786.17,,
001027-073567-00781-X,"לילך 2, דימונה",דימונה,לילך,2,,,exact,203217.84,553766.04,,
001027-073567-00782-X,"לילך 12, דימונה",דימונה,לילך,12,,,exact,203213.59,553845.53,,
001027-073567-00783-X,"לילך 20, דימונה",דימונה,לילך,20,,,exact,203211.93,553909.54,,
001027-073567-00784-X,"לילך 22, דימונה",דימונה,לילך,22,,,exact,203217.40,553919.18,,
001027-073567-00785-X,"מ""ג המעפילים 4, דימונה",דימונה,"מ""ג המעפילים",4,,,exact,203236.82,552539.56,,
001027-073567-00786-X,"מ""ג המעפילים 10, דימונה",דימונה,"מ""ג המעפילים",10,,,exact,203271.39,552625.06,,
001027-073567-00787-X,"מ""ג המעפילים 2, דימונה",דימונה,"מ""ג המעפילים",2,,,exact,203265.97,552506.50,,
001027-073567-00788-X,"מ""ג המעפילים 6, דימונה",דימונה,"מ""ג המעפילים",6,,,exact,203238.06,552570.43,,
001027-073567-00789-X,"מ""ג המעפילים 245, דימונה",דימונה,"מ""ג המעפילים",245,,,none,,,,
001027-073567-00790-X,"מ""ג המעפילים 34, דימונה",דימונה,"מ""ג המעפילים",34,,,exact,203265.21,552875.65,,
001027-073567-00791-X,"מ""ג המעפילים 8, דימונה",דימונה,"מ""ג המעפילים",8,,,exact,203238.79,552600.67,,
001027-073567-00792-X,"מ""ג המעפילים 30, דימונה",דימונה,"מ""ג המעפילים",30,,,exact,203265.29,552824.96,,
001027-073567-00793-X,"מ""ג המעפילים 228, דימונה",דימונה,"מ""ג המעפילים",228,,,none,,,,
001027-073567-00794-X,"מ""ג המעפילים 230, דימונה",דימונה,"מ""ג המעפילים",230,,,none,,,,
001027-073567-00795-X,"מ""ג המעפילים 38, דימונה",דימונה,"מ""ג המעפילים",38,,,exact,203263.84,552927.09,,
001027-073567-00796-X,"מבצע חורב 2, דימונה",דימונה,מבצע חורב,2,,,exact,202770.68,553624.25,,
001027-073567-00797-X,"מבצע חורב 10, דימונה",דימונה,מבצע חורב,10,,,exact,202709.70,553621.08,,
001027-073567-00798-X,"מבצע יואב 1, דימונה",דימונה,מבצע יואב,1,,,exact,202810.59,553600.44,,
001027-073567-00799-X,"מבצר עכו 2, דימונה",דימונה,מבצר עכו,2,,,exact,203731.50,551656.64,,
001027-073567-00800-X,"מבצר עכו 9, דימונה",דימונה,מבצר עכו,9,,,exact,203778.17,551675.56,,
001027-073567-00801-X,"מבצר עכו 13, דימונה",דימונה,מבצר עכו,13,,,exact,203799.37,551668.35,,
001027-073567-00802-X,"מבצר עכו 15, דימונה",דימונה,מבצר עכו,15,,,exact,203804.65,551663.76,,
001027-073567-00803-X,"מבצר עכו 26, דימונה",דימונה,מבצר עכו,26,,,exact,203854.54,551615.71,,
001027-073567-00804-X,"מבצר עכו 25, דימונה",דימונה,מבצר עכו,25,,,exact,203857.80,551641.83,,
001027-073567-00805-X,"מבצר עכו 12, דימונה",דימונה,מבצר עכו,12,,,exact,203788.38,551641.44,,
001027-073567-00806-X,"מבצר עכו 24, דימונה",דימונה,מבצר עכו,24,,,exact,203848.12,551617.04,,
001027-073567-00807-X,"מבצר עכו 11, דימונה",דימונה,מבצר עכו,11,,,exact,203785.86,551677.23,,
001027-073567-00808-X,"מודיעין 2, דימונה",דימונה,מודיעין,2,,,exact,203435.71,552779.75,,
001027-073567-00809-X,"מודיעין 3, דימונה",דימונה,מודיעין,3,,,exact,203435.76,552816.69,,
001027-073567-00810-X,"מודיעין 4, דימונה",דימונה,מודיעין,4,,,exact,203435.92,552847.60,,
001027-073567-00811-X,"מודיעין 1, דימונה",דימונה,מודיעין,1,,,exact,203434.32,552748.57,,
001027-073567-00812-X,"מולדה 156, דימונה",דימונה,מולדה,156,,,exact,202718.32,553759.20,,
001027-073567-00813-X,"מולדה 157, דימונה",דימונה,מולדה,157,,,exact,202739.12,553758.02,,
001027-073567-00814-X,"מולדה 141, דימונה",דימונה,מולדה,141,,,exact,202813.73,553845.57,,
001027-073567-00815-X,"מולדה 52, דימונה",דימונה,מולדה,52,,,exact,202677.61,553756.66,,
001027-073567-00816-X,"מולדה 46, דימונה",דימונה,מולדה,46,,,exact,202703.61,553783.53,,
001027-073567-00817-X,"מולדה 50, דימונה",דימונה,מולדה,50,,,exact,202628.34,553789.21,,
001027-073567-00818-X,"מולדה 54, דימונה",דימונה,מולדה,54,,,exact,202812.08,553793.84,,
001027-073567-00819-X,"מולדה 155, דימונה",דימונה,מולדה,155,,,exact,202699.53,553755.34,,
001027-073567-00820-X,"מולדה 158, דימונה",דימונה,מולדה,158,,,exact,202758.29,553761.70,,
001027-073567-00821-X,"מולדה 55, דימונה",דימונה,מולדה,55,,,exact,202793.09,553767.87,,
001027-073567-00822-X,"מולדה 51, דימונה",דימונה,מולדה,51,,,exact,202629.24,553764.08,,
001027-073567-00823-X,"מולדה 139, דימונה",דימונה,מולדה,139,,,exact,202791.29,553843.30,,
001027-073567-00824-X,"מונפור 2, דימונה",דימונה,מונפור,2,,,exact,203224.26,551514.86,,
001027-073567-00825-X,"מונפור 28, דימונה",דימונה,מונפור,28,,,exact,203355.14,551520.73,,
001027-073567-00826-X,"מורג 5, דימונה",דימונה,מורג,5,,,exact,203772.89,553171.37,,
001027-073567-00827-X,"מורג 4, דימונה",דימונה,מורג,4,,,exact,203841.02,553152.26,,
001027-073567-00828-X,"מורג 14, דימונה",דימונה,מורג,14,,,exact,203784.71,553208.81,,
001027-073567-00829-X,"מורן החורש 18, דימונה",דימונה,מורן החורש,18,,,exact,203819.52,554140.34,,
001027-073567-00830-X,"מורן החורש 39, דימונה",דימונה,מורן החורש,39,,,exact,204057.44,554176.87,,
001027-073567-00831-X,"מורן החורש 37, דימונה",דימונה,מורן החורש,37,,,exact,204041.60,554179.89,,
001027-073567-00832-X,"מורן החורש 12, דימונה",דימונה,מורן החורש,12,,,exact,203792.07,554139.68,,
001027-073567-00833-X,"מורן החורש 66, דימונה",דימונה,מורן החורש,66,,,exact,204185.92,554146.59,,
001027-073567-00834-X,"מורן החורש 38, דימונה",דימונה,מורן החורש,38,,,exact,204039.60,554143.63,,
001027-073567-00835-X,"מורן החורש 47, דימונה",דימונה,מורן החורש,47,,,exact,204096.63,554182.02,,
001027-073567-00836-X,"מורן החורש 68, דימונה",דימונה,מורן החורש,68,,,exact,204193.55,554144.42,,
001027-073567-00837-X,"מורן החורש 20, דימונה",דימונה,מורן החורש,20,,,exact,203827.56,554145.10,,
001027-073567-00838-X,"מורן החורש 7, דימונה",דימונה,מורן החורש,7,,,exact,203770.93,554179.07,,
001027-073567-00839-X,"מורן החורש 43, דימונה",דימונה,מורן החורש,43,,,exact,204077.54,554181.96,,
001027-073567-00840-X,"מילרוד אליעזר אליעזר מילרוד 14, דימונה",דימונה,מילרוד אליעזר,אליעזר מילרוד 14,,,exact,203788.61,552632.37,,
001027-073567-00841-X,"מלאכי 4, דימונה",דימונה,מלאכי,4,,,exact,203419.67,554270.27,,
001027-073567-00842-X,"מלכה הנרי הנרי מלכה 265, דימונה",דימונה,מלכה הנרי,הנרי מלכה 265,,,none,,,,
001027-073567-00843-X,"מלכה הנרי הנרי מלכה 32, דימונה",דימונה,מלכה הנרי,הנרי מלכה 32,,,exact,202417.26,552387.71,,
001027-073567-00844-X,"מלכה הנרי הנרי מלכה 266, דימונה",דימונה,מלכה הנרי,הנרי מלכה 266,,,none,,,,
001027-073567-00845-X,"מלכה הנרי הנרי מלכה 2, דימונה",דימונה,מלכה הנרי,הנרי מלכה 2,,,exact,202574.80,552324.11,,
001027-073567-00846-X,"מלכה הנרי הנרי מלכה 10, דימונה",דימונה,מלכה הנרי,הנרי מלכה 10,,,exact,202570.00,552428.91,,
001027-073567-00847-X,"מלכה הנרי הנרי מלכה 8, דימונה",דימונה,מלכה הנרי,הנרי מלכה 8,,,exact,202556.14,552399.12,,
001027-073567-00848-X,"מצדה 32, דימונה",דימונה,מצדה,32,,,exact,202998.69,552207.32,,
001027-073567-00849-X,"מצדה 12, דימונה",דימונה,מצדה,12,,,exact,202869.27,552243.02,,
001027-073567-00850-X,"מצדה 1, דימונה",דימונה,מצדה,1,,,exact,202809.61,552333.92,,
001027-073567-00851-X,"מצדה 24, דימונה",דימונה,מצדה,24,,,exact,202954.34,552229.37,,
001027-073567-00852-X,"מצדה 14, דימונה",דימונה,מצדה,14,,,exact,202879.69,552246.81,,
001027-073567-00853-X,"מרווה 21, דימונה",דימונה,מרווה,21,,,exact,203674.72,554172.11,,
001027-073567-00854-X,"מרווה 13, דימונה",דימונה,מרווה,13,,,exact,203641.52,554190.95,,
001027-073567-00855-X,"מרווה 19, דימונה",דימונה,מרווה,19,,,exact,203688.05,554191.16,,
001027-073567-00856-X,"מרחבים 30, דימונה",דימונה,מרחבים,30,,,exact,203639.20,553780.41,,
001027-073567-00857-X,"מרחבים 68, דימונה",דימונה,מרחבים,68,,,exact,203698.49,553749.30,,
001027-073567-00858-X,"מרחבים 2, דימונה",דימונה,מרחבים,2,,,exact,203350.11,553765.91,,
001027-073567-00859-X,"מרחבים 21, דימונה",דימונה,מרחבים,21,,,exact,203505.30,553797.79,,
001027-073567-00860-X,"מרחבים 22, דימונה",דימונה,מרחבים,22,,,exact,203484.13,553769.95,,
001027-073567-00861-X,"מרחבים 3, דימונה",דימונה,מרחבים,3,,,exact,203424.42,553763.88,,
001027-073567-00862-X,"מרחבים 62, דימונה",דימונה,מרחבים,62,,,exact,203544.03,553730.45,,
001027-073567-00863-X,"מרחבים 1331, דימונה",דימונה,מרחבים,1331,,,none,,,,
001027-073567-00864-X,"מרחבים 1, דימונה",דימונה,מרחבים,1,,,exact,203295.41,553765.08,,
001027-073567-00865-X,"מרחבים 29, דימונה",דימונה,מרחבים,29,,,exact,203664.66,553792.76,,
001027-073567-00866-X,"מרחבים 1327, דימונה",דימונה,מרחבים,1327,,,none,,,,
001027-073567-00867-X,"מרחבים 54, דימונה",דימונה,מרחבים,54,,,exact,203420.72,553714.89,,
001027-073567-00868-X,"מרחבים 28, דימונה",דימונה,מרחבים,28,,,exact,203690.05,553803.99,,
001027-073567-00869-X,"מרחבים 5, דימונה",דימונה,מרחבים,5,,,exact,203382.70,553809.13,,
001027-073567-00870-X,"מרחבים 48, דימונה",דימונה,מרחבים,48,,,exact,203307.79,553714.19,,
001027-073567-00871-X,"מרחבים 32, דימונה",דימונה,מרחבים,32,,,exact,203594.77,553829.57,,
001027-073567-00872-X,"מרחבים 60, דימונה",דימונה,מרחבים,60,,,exact,203534.89,553715.72,,
001027-073567-00873-X,"מרחבים 56, דימונה",דימונה,מרחבים,56,,,exact,203432.55,553729.87,,
001027-073567-00874-X,"מרחבים 64, דימונה",דימונה,מרחבים,64,,,exact,203574.96,553730.25,,
001027-073567-00875-X,"מתתיהו הכהן 226, דימונה",דימונה,מתתיהו הכהן,226,,,none,,,,
001027-073567-00876-X,"מתתיהו הכהן 225, דימונה",דימונה,מתתיהו הכהן,225,,,none,,,,
001027-073567-00877-X,"מתתיהו הכהן 249, דימונה",דימונה,מתתיהו הכהן,249,,,none,,,,
001027-073567-00878-X,"מתתיהו הכהן 250, דימונה",דימונה,מתתיהו הכהן,250,,,none,,,,
001027-073567-00879-X,"מתתיהו הכהן 222, דימונה",דימונה,מתתיהו הכהן,222,,,none,,,,
001027-073567-00880-X,"מתתיהו הכהן 224, דימונה",דימונה,מתתיהו הכהן,224,,,none,,,,
001027-073567-00881-X,"מתתיהו הכהן 7, דימונה",דימונה,מתתיהו הכהן,7,,,street,203589.46,552692.32,,
001027-073567-00882-X,"מתתיהו הכהן 223, דימונה",דימונה,מתתיהו הכהן,223,,,none,,,,
001027-073567-00883-X,"נבטים 21, דימונה",דימונה,נבטים,21,,,exact,203351.15,553473.14,,
001027-073567-00884-X,"נבטים 4, דימונה",דימונה,נבטים,4,,,exact,203346.76,553492.56,,
001027-073567-00885-X,"נבטים 14, דימונה",דימונה,נבטים,14,,,exact,203389.61,553519.71,,
001027-073567-00886-X,"נבטים 31, דימונה",דימונה,נבטים,31,,,exact,203394.28,553492.23,,
001027-073567-00887-X,"נבטים 7, דימונה",דימונה,נבטים,7,,,exact,203354.40,553511.53,,
001027-073567-00888-X,"נבטים 13, דימונה",דימונה,נבטים,13,,,exact,203379.49,553522.77,,
001027-073567-00889-X,"נבטים 16, דימונה",דימונה,נבטים,16,,,exact,203398.36,553520.53,,
001027-073567-00890-X,"נוה מדבר נווה מדבר 19, דימונה",דימונה,נוה מדבר,נווה מדבר 19,,,exact,202748.68,552145.14,,
001027-073567-00891-X,"נוה מדבר נווה מדבר 20, דימונה",דימונה,נוה מדבר,נווה מדבר 20,,,exact,202834.21,552155.70,,
001027-073567-00892-X,"נוה מדבר נווה מדבר 3, דימונה",דימונה,נוה מדבר,נווה מדבר 3,,,exact,202855.15,552129.71,,
001027-073567-00893-X,"נוה מדבר נווה מדבר 47, דימונה",דימונה,נוה מדבר,נווה מדבר 47,,,exact,202554.58,552184.78,,
001027-073567-00894-X,"נוה מדבר נווה מדבר 23, דימונה",דימונה,נוה מדבר,נווה מדבר 23,,,exact,202720.99,552149.63,,
001027-073567-00895-X,"נוה מדבר נווה מדבר 17, דימונה",דימונה,נוה מדבר,נווה מדבר 17,,,exact,202764.76,552138.94,,
001027-073567-00896-X,"נוה מדבר נווה מדבר 12, דימונה",דימונה,נוה מדבר,נווה מדבר 12,,,exact,202887.54,552164.80,,
001027-073567-00897-X,"נוה מדבר נווה מדבר 56, דימונה",דימונה,נוה מדבר,נווה מדבר 56,,,exact,202584.27,552205.58,,
001027-073567-00898-X,"נוה מדבר נווה מדבר 60, דימונה",דימונה,נוה מדבר,נווה מדבר 60,,,exact,202559.09,552209.38,,
001027-073567-00899-X,"נוה מדבר נווה מדבר 27, דימונה",דימונה,נוה מדבר,נווה מדבר 27,,,exact,202694.64,552155.52,,
001027-073567-00900-X,"נוה מדבר נווה מדבר 40, דימונה",דימונה,נוה מדבר,נווה מדבר 40,,,exact,202695.40,552175.12,,
001027-073567-00901-X,"נוה מדבר נווה מדבר 35, דימונה",דימונה,נוה מדבר,נווה מדבר 35,,,exact,202640.71,552163.80,,
001027-073567-00902-X,"נוה מדבר נווה מדבר 26, דימונה",דימונה,נוה מדבר,נווה מדבר 26,,,exact,202791.63,552163.18,,
001027-073567-00903-X,"נוה מדבר נווה מדבר 11, דימונה",דימונה,נוה מדבר,נווה מדבר 11,,,exact,202800.06,552136.26,,
001027-073567-00904-X,"נוה מדבר נווה מדבר 43, דימונה",דימונה,נוה מדבר,נווה מדבר 43,,,exact,202586.50,552172.62,,
001027-073567-00905-X,"נורית 6, דימונה",דימונה,נורית,6,,,exact,203700.08,554297.67,,
001027-073567-00906-X,"נורית 7, דימונה",דימונה,נורית,7,,,exact,203671.54,554260.92,,
001027-073567-00907-X,"נורית 2, דימונה",דימונה,נורית,2,,,exact,203714.76,554297.91,,
001027-073567-00908-X,"נטעים 2, דימונה",דימונה,נטעים,2,,,exact,203293.04,553573.47,,
001027-073567-00909-X,"נטעים 1, דימונה",דימונה,נטעים,1,,,exact,203287.41,553578.26,,
001027-073567-00910-X,"נטעים 13, דימונה",דימונה,נטעים,13,,,exact,203334.44,553606.30,,
001027-073567-00911-X,"נטעים 8, דימונה",דימונה,נטעים,8,,,exact,203328.85,553583.76,,
001027-073567-00912-X,"נטעים 15, דימונה",דימונה,נטעים,15,,,exact,203341.20,553613.48,,
001027-073567-00913-X,"ניצנה 1, דימונה",דימונה,ניצנה,1,,,exact,202955.91,552141.36,,
001027-073567-00914-X,"ניצנה 3, דימונה",דימונה,ניצנה,3,,,exact,202949.45,552141.28,,
001027-073567-00915-X,"נצרים 1, דימונה",דימונה,נצרים,1,,,exact,203776.23,553064.42,,
001027-073567-00916-X,"נצרים 7, דימונה",דימונה,נצרים,7,,,exact,203818.89,553064.50,,
001027-073567-00917-X,"סחלבן החורש 17, דימונה",דימונה,סחלבן החורש,17,,,exact,203821.60,554053.95,,
001027-073567-00918-X,"סחלבן החורש 9, דימונה",דימונה,סחלבן החורש,9,,,exact,203781.62,554053.45,,
001027-073567-00919-X,"סחלבן החורש 45, דימונה",דימונה,סחלבן החורש,45,,,exact,204056.49,554056.22,,
001027-073567-00920-X,"סחלבן החורש 41, דימונה",דימונה,סחלבן החורש,41,,,exact,204037.36,554052.28,,
001027-073567-00921-X,"סחלבן החורש 53, דימונה",דימונה,סחלבן החורש,53,,,exact,204099.56,554056.09,,
001027-073567-00922-X,"סחלבן החורש 25, דימונה",דימונה,סחלבן החורש,25,,,exact,203873.87,554048.59,,
001027-073567-00923-X,"סחלבן החורש 92, דימונה",דימונה,סחלבן החורש,92,,,exact,204187.73,554023.30,,
001027-073567-00924-X,"סחלבן החורש 36, דימונה",דימונה,סחלבן החורש,36,,,exact,203872.86,554021.43,,
001027-073567-00925-X,"סחלבן החורש 26, דימונה",דימונה,סחלבן החורש,26,,,exact,203841.86,554021.03,,
001027-073567-00926-X,"סחלבן החורש 82, דימונה",דימונה,סחלבן החורש,82,,,exact,204153.27,554026.50,,
001027-073567-00927-X,"סחלבן החורש 3, דימונה",דימונה,סחלבן החורש,3,,,exact,203753.01,554055.97,,
001027-073567-00928-X,"סחלבן החורש 10, דימונה",דימונה,סחלבן החורש,10,,,exact,203752.01,554008.34,,
001027-073567-00929-X,"סחלבן החורש 8, דימונה",דימונה,סחלבן החורש,8,,,exact,203720.56,554017.78,,
001027-073567-00930-X,"סחלבן החורש 48, דימונה",דימונה,סחלבן החורש,48,,,exact,203970.82,554012.75,,
001027-073567-00931-X,"סחלבן החורש 21, דימונה",דימונה,סחלבן החורש,21,,,exact,203837.23,554055.37,,
001027-073567-00932-X,"סחלבן החורש 74, דימונה",דימונה,סחלבן החורש,74,,,exact,204095.62,554001.40,,
001027-073567-00933-X,"סחלבן החורש 43, דימונה",דימונה,סחלבן החורש,43,,,exact,204039.29,554054.98,,
001027-073567-00934-X,"סחלבן החורש 64, דימונה",דימונה,סחלבן החורש,64,,,exact,204067.55,553997.49,,
001027-073567-00935-X,"סחלבן החורש 68, דימונה",דימונה,סחלבן החורש,68,,,exact,204071.29,554025.34,,
001027-073567-00936-X,"סחלבן החורש 5, דימונה",דימונה,סחלבן החורש,5,,,exact,203763.34,554050.95,,
001027-073567-00937-X,"סיגלון 6, דימונה",דימונה,סיגלון,6,,,exact,204069.39,554480.43,,
001027-073567-00938-X,"סיגלון 10, דימונה",דימונה,סיגלון,10,,,exact,204055.06,554491.59,,
001027-073567-00939-X,"סיגלון 2, דימונה",דימונה,סיגלון,2,,,exact,204086.93,554468.84,,
001027-073567-00940-X,"סיגלון 4, דימונה",דימונה,סיגלון,4,,,exact,204084.62,554475.56,,
001027-073567-00941-X,"סיתונית סתוונית 21, דימונה",דימונה,סיתונית,סתוונית 21,,,none,,,,
001027-073567-00942-X,"סיתונית סתוונית 22, דימונה",דימונה,סיתונית,סתוונית 22,,,none,,,,
001027-073567-00943-X,"סיתונית סתוונית 4, דימונה",דימונה,סיתונית,סתוונית 4,,,none,,,,
001027-073567-00944-X,"סיתונית סתוונית 20, דימונה",דימונה,סיתונית,סתוונית 20,,,none,,,,
001027-073567-00945-X,"סיתונית סתוונית 14, דימונה",דימונה,סיתונית,סתוונית 14,,,none,,,,
001027-073567-00946-X,"סיתונית סתוונית 8, דימונה",דימונה,סיתונית,סתוונית 8,,,none,,,,
001027-073567-00947-X,"סיתונית סתוונית 7, דימונה",דימונה,סיתונית,סתוונית 7,,,none,,,,
001027-073567-00948-X,"סיתונית סתוונית 19, דימונה",דימונה,סיתונית,סתוונית 19,,,none,,,,
001027-073567-00949-X,"סיתונית סתוונית 26, דימונה",דימונה,סיתונית,סתוונית 26,,,none,,,,
001027-073567-00950-X,"עבדת 28, דימונה",דימונה,עבדת,28,,,exact,203993.68,552666.46,,
001027-073567-00951-X,"עבדת 17, דימונה",דימונה,עבדת,17,,,exact,203778.60,552763.68,,
001027-073567-00952-X,"עבדת 29, דימונה",דימונה,עבדת,29,,,exact,203847.88,552749.63,,
001027-073567-00953-X,"עבדת 33, דימונה",דימונה,עבדת,33,,,exact,203872.61,552743.50,,
001027-073567-00954-X,"עבדת 45, דימונה",דימונה,עבדת,45,,,exact,203948.29,552716.46,,
001027-073567-00955-X,"עבדת 8, דימונה",דימונה,עבדת,8,,,exact,203796.06,552695.72,,
001027-073567-00956-X,"עבדת 21, דימונה",דימונה,עבדת,21,,,exact,203802.25,552763.96,,
001027-073567-00957-X,"עבדת 53, דימונה",דימונה,עבדת,53,,,exact,203990.82,552708.03,,
001027-073567-00958-X,"עבדת 10, דימונה",דימונה,עבדת,10,,,exact,203800.92,552708.71,,
001027-073567-00959-X,"עולי הגרדום 13, דימונה",דימונה,עולי הגרדום,13,,,exact,202436.98,552734.40,,
001027-073567-00960-X,"עולי הגרדום 15, דימונה",דימונה,עולי הגרדום,15,,,exact,202433.29,552721.90,,
001027-073567-00961-X,"עולי הגרדום 1, דימונה",דימונה,עולי הגרדום,1,,,exact,202489.10,552778.91,,
001027-073567-00962-X,"עופר אברהם אברהם עופר 1161, דימונה",דימונה,עופר אברהם,אברהם עופר 1161,,,street,203682.96,553554.51,,
001027-073567-00963-X,"עזרא ונחמיה 7, דימונה",דימונה,עזרא ונחמיה,7,,,exact,203315.70,552711.80,,
001027-073567-00964-X,"עזרא ונחמיה 9, דימונה",דימונה,עזרא ונחמיה,9,,,exact,203344.09,552714.93,,
001027-073567-00965-X,"עזרא ונחמיה 27, דימונה",דימונה,עזרא ונחמיה,27,,,exact,203410.48,552712.16,,
001027-073567-00966-X,"עזרא ונחמיה 243, דימונה",דימונה,עזרא ונחמיה,243,,,none,,,,
001027-073567-00967-X,"עמוס 3, דימונה",דימונה,עמוס,3,,,exact,203344.07,554274.86,,
001027-073567-00968-X,"עמוס 1, דימונה",דימונה,עמוס,1,,,exact,203347.75,554253.01,,
001027-073567-00969-X,"ערוגות 10, דימונה",דימונה,ערוגות,10,,,exact,203307.10,553627.83,,
001027-073567-00970-X,"ערוגות 1, דימונה",דימונה,ערוגות,1,,,exact,203262.49,553619.50,,
001027-073567-00971-X,"ערוגות 9, דימונה",דימונה,ערוגות,9,,,exact,203298.23,553635.28,,
001027-073567-00972-X,"ערוגות 2, דימונה",דימונה,ערוגות,2,,,exact,203272.76,553607.26,,
001027-073567-00973-X,"פטרה 22, דימונה",דימונה,פטרה,22,,,exact,203560.07,551497.14,,
001027-073567-00974-X,"פטרה 16, דימונה",דימונה,פטרה,16,,,exact,203583.57,551527.88,,
001027-073567-00975-X,"פטרה 14, דימונה",דימונה,פטרה,14,,,exact,203592.81,551529.67,,
001027-073567-00976-X,"פטרה 20, דימונה",דימונה,פטרה,20,,,exact,203571.45,551506.11,,
001027-073567-00977-X,"פטרה 5, דימונה",דימונה,פטרה,5,,,exact,203634.30,551542.22,,
001027-073567-00978-X,"פטרה 4, דימונה",דימונה,פטרה,4,,,exact,203616.16,551577.62,,
001027-073567-00979-X,"פטרה 18, דימונה",דימונה,פטרה,18,,,exact,203570.50,551516.15,,
001027-073567-00980-X,"פינטו חיים חיים פינטו 23, דימונה",דימונה,פינטו חיים,חיים פינטו 23,,,exact,203711.72,553944.63,,
001027-073567-00981-X,"פינטו חיים חיים פינטו 25, דימונה",דימונה,פינטו חיים,חיים פינטו 25,,,exact,203707.46,553903.93,,
001027-073567-00982-X,"פינטו חיים חיים פינטו 24, דימונה",דימונה,פינטו חיים,חיים פינטו 24,,,exact,203709.78,553922.14,,
001027-073567-00983-X,"פרג 6, דימונה",דימונה,פרג,6,,,exact,203701.77,554366.47,,
001027-073567-00984-X,"פרג 30, דימונה",דימונה,פרג,30,,,exact,203582.39,554359.80,,
001027-073567-00985-X,"פרג 12, דימונה",דימונה,פרג,12,,,exact,203669.36,554369.02,,
001027-073567-00986-X,"פרג 4, דימונה",דימונה,פרג,4,,,exact,203715.06,554368.49,,
001027-073567-00987-X,"פרג 25, דימונה",דימונה,פרג,25,,,exact,203618.83,554325.07,,
001027-073567-00988-X,"פרג 18, דימונה",דימונה,פרג,18,,,exact,203653.01,554367.50,,
001027-073567-00989-X,"פרג 23, דימונה",דימונה,פרג,23,,,exact,203621.05,554330.23,,
001027-073567-00990-X,"פרג 20, דימונה",דימונה,פרג,20,,,exact,203636.04,554368.94,,
001027-073567-00991-X,"פרג 27, דימונה",דימונה,פרג,27,,,exact,203598.41,554327.24,,
001027-073567-00992-X,"פרחי ארצנו 22, דימונה",דימונה,פרחי ארצנו,22,,,exact,203295.78,552419.31,,
001027-073567-00993-X,"פרחי ארצנו 10, דימונה",דימונה,פרחי ארצנו,10,,,exact,203165.76,552412.93,,
001027-073567-00994-X,"פרחי ארצנו 34, דימונה",דימונה,פרחי ארצנו,34,,,exact,203398.72,552425.50,,
001027-073567-00995-X,"פרחי ארצנו 28, דימונה",דימונה,פרחי ארצנו,28,,,exact,203346.23,552422.65,,
001027-073567-00996-X,"פרחי ארצנו 14, דימונה",דימונה,פרחי ארצנו,14,,,exact,203205.48,552416.02,,
001027-073567-00997-X,"פרחי ארצנו 4, דימונה",דימונה,פרחי ארצנו,4,,,exact,203133.52,552431.00,,
001027-073567-00998-X,"פרחי ארצנו 8, דימונה",דימונה,פרחי ארצנו,8,,,exact,203132.24,552388.53,,
001027-073567-00999-X,"צבעוני 3, דימונה",דימונה,צבעוני,3,,,exact,203498.38,554421.25,,
001027-073567-01000-X,"צבעוני 14, דימונה",דימונה,צבעוני,14,,,exact,203509.53,554373.77,,
001027-073567-01001-X,"צבעוני 9, דימונה",דימונה,צבעוני,9,,,exact,203533.46,554383.24,,
001027-073567-01002-X,"צבעוני 4, דימונה",דימונה,צבעוני,4,,,exact,203469.49,554397.18,,
001027-073567-01003-X,"צבעוני 10, דימונה",דימונה,צבעוני,10,,,exact,203492.92,554381.73,,
001027-073567-01004-X,"צבעוני 2, דימונה",דימונה,צבעוני,2,,,exact,203468.53,554413.82,,
001027-073567-01005-X,"צוקרמן יצחק רחבה יצחק צוקרמן 1011, דימונה",דימונה,צוקרמן יצחק רחבה,יצחק צוקרמן 1011,,,none,,,,
001027-073567-01006-X,"צורית 14, דימונה",דימונה,צורית,14,,,exact,203433.91,554497.24,,
001027-073567-01007-X,"צורית 6, דימונה",דימונה,צורית,6,,,exact,203484.62,554550.83,,
001027-073567-01008-X,"צורית 2, דימונה",דימונה,צורית,2,,,exact,203515.86,554554.84,,
001027-073567-01009-X,"צורית 5, דימונה",דימונה,צורית,5,,,exact,203483.57,554523.05,,
001027-073567-01010-X,"ציפורי 63, דימונה",דימונה,ציפורי,63,,,exact,203727.47,551489.48,,
001027-073567-01011-X,"ציפורי 55, דימונה",דימונה,ציפורי,55,,,exact,203685.66,551484.99,,
001027-073567-01012-X,"ציפורי 29, דימונה",דימונה,ציפורי,29,,,exact,203417.00,551568.29,,
001027-073567-01013-X,"ציפורי 5, דימונה",דימונה,ציפורי,5,,,exact,203414.01,551701.91,,
001027-073567-01014-X,"ציפורי 67, דימונה",דימונה,ציפורי,67,,,exact,203745.76,551486.52,,
001027-073567-01015-X,"ציפורי 15, דימונה",דימונה,ציפורי,15,,,exact,203404.55,551652.30,,
001027-073567-01016-X,"ציפורי 65, דימונה",דימונה,ציפורי,65,,,exact,203732.01,551481.92,,
001027-073567-01017-X,"ציפורי 33, דימונה",דימונה,ציפורי,33,,,exact,203428.65,551545.15,,
001027-073567-01018-X,"ציפורי 20, דימונה",דימונה,ציפורי,20,,,exact,203371.07,551585.86,,
001027-073567-01019-X,"ציפורי 8, דימונה",דימונה,ציפורי,8,,,exact,203369.20,551655.82,,
001027-073567-01020-X,"ציפורי 14, דימונה",דימונה,ציפורי,14,,,exact,203370.26,551625.74,,
001027-073567-01021-X,"ציפורי 3, דימונה",דימונה,ציפורי,3,,,exact,203424.09,551714.96,,
001027-073567-01022-X,"ציפורן 4, דימונה",דימונה,ציפורן,4,,,exact,203564.25,554484.78,,
001027-073567-01023-X,"ציפורן 27, דימונה",דימונה,ציפורן,27,,,exact,203803.60,554446.59,,
001027-073567-01024-X,"ציפורן 42, דימונה",דימונה,ציפורן,42,,,exact,203850.33,554453.91,,
001027-073567-01025-X,"ציפורן 14, דימונה",דימונה,ציפורן,14,,,exact,203627.81,554421.69,,
001027-073567-01026-X,"ציפורן 48, דימונה",דימונה,ציפורן,48,,,exact,203885.99,554492.81,,
001027-073567-01027-X,"ציפורן 24, דימונה",דימונה,ציפורן,24,,,exact,203699.20,554398.47,,
001027-073567-01028-X,"ציפורן 17, דימונה",דימונה,ציפורן,17,,,exact,203674.96,554426.88,,
001027-073567-01029-X,"ציפורן 26, דימונה",דימונה,ציפורן,26,,,exact,203717.16,554398.93,,
001027-073567-01030-X,"ציפורן 16, דימונה",דימונה,ציפורן,16,,,exact,203642.47,554412.75,,
001027-073567-01031-X,"ציפורן 23, דימונה",דימונה,ציפורן,23,,,exact,203770.06,554428.79,,
001027-073567-01032-X,"צפצפה 6, דימונה",דימונה,צפצפה,6,,,exact,203537.45,554432.17,,
001027-073567-01033-X,"צפצפה 5, דימונה",דימונה,צפצפה,5,,,exact,203552.24,554449.77,,
001027-073567-01034-X,"צפצפה 13, דימונה",דימונה,צפצפה,13,,,exact,203604.74,554402.27,,
001027-073567-01035-X,"קארו יוסף יוסף קארו 470, דימונה",דימונה,קארו יוסף,יוסף קארו 470,,,exact,204112.00,553565.76,,
001027-073567-01036-X,"קארו יוסף יוסף קארו 1, דימונה",דימונה,קארו יוסף,יוסף קארו 1,,,exact,204158.48,553588.65,,
001027-073567-01037-X,"קארו יוסף יוסף קארו 7, דימונה",דימונה,קארו יוסף,יוסף קארו 7,,,exact,204163.89,553538.09,,
001027-073567-01038-X,"קארו יוסף יוסף קארו 471, דימונה",דימונה,קארו יוסף,יוסף קארו 471,,,exact,204112.01,553513.08,,
001027-073567-01039-X,"קארו יוסף יוסף קארו 472, דימונה",דימונה,קארו יוסף,יוסף קארו 472,,,exact,204112.04,553458.22,,
001027-073567-01040-X,"קארו יוסף יוסף קארו 3, דימונה",דימונה,קארו יוסף,יוסף קארו 3,,,exact,204166.17,553570.66,,
001027-073567-01041-X,"קארו יוסף יוסף קארו 9, דימונה",דימונה,קארו יוסף,יוסף קארו 9,,,exact,204160.66,553506.66,,
001027-073567-01042-X,"קארו יוסף יוסף קארו 11, דימונה",דימונה,קארו יוסף,יוסף קארו 11,,,exact,204170.93,553488.05,,
001027-073567-01043-X,"קדש 30, דימונה",דימונה,קדש,30,,,exact,202633.11,551943.65,,
001027-073567-01044-X,"קדש 27, דימונה",דימונה,קדש,27,,,exact,202696.76,551911.45,,
001027-073567-01045-X,"קדש 23, דימונה",דימונה,קדש,23,,,exact,202722.48,551920.69,,
001027-073567-01046-X,"קדש 10, דימונה",דימונה,קדש,10,,,exact,202758.75,551965.12,,
001027-073567-01047-X,"קדש 22, דימונה",דימונה,קדש,22,,,exact,202678.19,551958.39,,
001027-073567-01048-X,"קדש 8, דימונה",דימונה,קדש,8,,,exact,202769.68,551970.77,,
001027-073567-01049-X,"קטלב 33, דימונה",דימונה,קטלב,33,,,exact,203714.56,554211.16,,
001027-073567-01050-X,"קטלב 27, דימונה",דימונה,קטלב,27,,,exact,203715.61,554179.27,,
001027-073567-01051-X,"קטלב 29, דימונה",דימונה,קטלב,29,,,exact,203712.04,554193.09,,
001027-073567-01052-X,"קטלב 31, דימונה",דימונה,קטלב,31,,,exact,203716.70,554194.55,,
001027-073567-01053-X,"קטלב 39, דימונה",דימונה,קטלב,39,,,exact,203713.66,554228.32,,
001027-073567-01054-X,"קטלב 11, דימונה",דימונה,קטלב,11,,,exact,203713.40,554083.69,,
001027-073567-01055-X,"קטלב 19, דימונה",דימונה,קטלב,19,,,exact,203714.21,554126.31,,
001027-073567-01056-X,"קלעת נמרוד 31, דימונה",דימונה,קלעת נמרוד,31,,,exact,203383.16,551489.07,,
001027-073567-01057-X,"קלעת נמרוד 25, דימונה",דימונה,קלעת נמרוד,25,,,exact,203346.17,551483.57,,
001027-073567-01058-X,"קלעת נמרוד 9, דימונה",דימונה,קלעת נמרוד,9,,,exact,203260.41,551485.88,,
001027-073567-01059-X,"קלעת נמרוד 33, דימונה",דימונה,קלעת נמרוד,33,,,exact,203386.22,551504.20,,
001027-073567-01060-X,"קלעת נמרוד 1, דימונה",דימונה,קלעת נמרוד,1,,,exact,203220.90,551484.35,,
001027-073567-01061-X,"קציעות 9, דימונה",דימונה,קציעות,9,,,exact,203114.42,552262.83,,
001027-073567-01062-X,"קציעות 18, דימונה",דימונה,קציעות,18,,,exact,203102.24,552291.11,,
001027-073567-01063-X,"קציעות 5, דימונה",דימונה,קציעות,5,,,exact,203170.51,552271.57,,
001027-073567-01064-X,"קצרין 7, דימונה",דימונה,קצרין,7,,,exact,203575.83,551561.52,,
001027-073567-01065-X,"קצרין 1, דימונה",דימונה,קצרין,1,,,exact,203589.03,551588.00,,
001027-073567-01066-X,"קצרין 21, דימונה",דימונה,קצרין,21,,,exact,203528.47,551493.41,,
001027-073567-01067-X,"קצרין 13, דימונה",דימונה,קצרין,13,,,exact,203552.60,551528.62,,
001027-073567-01068-X,"קצרין 3, דימונה",דימונה,קצרין,3,,,exact,203585.48,551582.18,,
001027-073567-01069-X,"קצרין 17, דימונה",דימונה,קצרין,17,,,exact,203539.92,551510.90,,
001027-073567-01070-X,"קצרין 15, דימונה",דימונה,קצרין,15,,,exact,203546.46,551528.36,,
001027-073567-01071-X,"קצרין 25, דימונה",דימונה,קצרין,25,,,exact,203514.87,551478.91,,
001027-073567-01072-X,"קרני חיטין 3, דימונה",דימונה,קרני חיטין,3,,,exact,203886.32,551659.20,,
001027-073567-01073-X,"קרני חיטין 40, דימונה",דימונה,קרני חיטין,40,,,exact,203940.21,551683.89,,
001027-073567-01074-X,"קרני חיטין 42, דימונה",דימונה,קרני חיטין,42,,,exact,203945.16,551693.34,,
001027-073567-01075-X,"קרני חיטין 32, דימונה",דימונה,קרני חיטין,32,,,exact,203920.36,551637.65,,
001027-073567-01076-X,"קרני חיטין 24, דימונה",דימונה,קרני חיטין,24,,,exact,203905.25,551596.25,,
001027-073567-01077-X,"קרני חיטין 20, דימונה",דימונה,קרני חיטין,20,,,exact,203896.55,551575.68,,
001027-073567-01078-X,"קרני חיטין 30, דימונה",דימונה,קרני חיטין,30,,,exact,203916.42,551624.83,,
001027-073567-01079-X,"קרני חיטין 12, דימונה",דימונה,קרני חיטין,12,,,exact,203880.80,551535.48,,
001027-073567-01080-X,"קרני חיטין 10, דימונה",דימונה,קרני חיטין,10,,,exact,203877.31,551523.67,,
001027-073567-01081-X,"קרני חיטין 16, דימונה",דימונה,קרני חיטין,16,,,exact,203889.12,551556.05,,
001027-073567-01082-X,"קרני חיטין 13, דימונה",דימונה,קרני חיטין,13,,,exact,203864.53,551585.06,,
001027-073567-01083-X,"קרני חיטין 23, דימונה",דימונה,קרני חיטין,23,,,exact,203826.03,551492.05,,
001027-073567-01084-X,"קרני חיטין 9, דימונה",דימונה,קרני חיטין,9,,,exact,203873.50,551607.09,,
001027-073567-01085-X,"קרני חיטין 2, דימונה",דימונה,קרני חיטין,2,,,exact,203859.35,551481.34,,
001027-073567-01086-X,"קרני חיטין 18, דימונה",דימונה,קרני חיטין,18,,,exact,203892.68,551563.87,,
001027-073567-01087-X,"קרני חיטין 1, דימונה",דימונה,קרני חיטין,1,,,exact,203885.32,551667.87,,
001027-073567-01088-X,"רוגל 71, דימונה",דימונה,רוגל,71,,,exact,202797.70,553666.03,,
001027-073567-01089-X,"רוגל 74, דימונה",דימונה,רוגל,74,,,exact,202705.33,553662.96,,
001027-073567-01090-X,"רוגל 17, דימונה",דימונה,רוגל,17,,,exact,202690.82,553650.32,,
001027-073567-01091-X,"רוגל 5, דימונה",דימונה,רוגל,5,,,exact,202771.04,553652.55,,
001027-073567-01092-X,"רקפת 1, דימונה",דימונה,רקפת,1,,,exact,203079.58,552453.41,,
001027-073567-01093-X,"רקפת 5, דימונה",דימונה,רקפת,5,,,exact,203082.99,552412.46,,
001027-073567-01094-X,"רקפת 3, דימונה",דימונה,רקפת,3,,,exact,203082.71,552434.61,,
001027-073567-01095-X,"רש""י 14, דימונה",דימונה,"רש""י",14,,,exact,203373.05,553919.74,,
001027-073567-01096-X,"רש""י 16, דימונה",דימונה,"רש""י",16,,,exact,203420.35,553943.48,,
001027-073567-01097-X,"שאול המלך 6, דימונה",דימונה,שאול המלך,6,,,street,203198.17,553201.27,,
001027-073567-01098-X,"שבזי שלום שלום שבזי 24, דימונה",דימונה,שבזי שלום,שלום שבזי 24,,,exact,204017.35,553451.77,,
001027-073567-01099-X,"שבזי שלום שלום שבזי 11, דימונה",דימונה,שבזי שלום,שלום שבזי 11,,,exact,203997.41,553604.28,,
001027-073567-01100-X,"שבזי שלום שלום שבזי 14, דימונה",דימונה,שבזי שלום,שלום שבזי 14,,,exact,203916.57,553567.06,,
001027-073567-01101-X,"שבזי שלום הרב שלום שבזי 10, דימונה",דימונה,שבזי שלום,הרב שלום שבזי 10,,,exact,203949.48,553617.61,,
001027-073567-01102-X,"שבזי שלום שלום שבזי 34, דימונה",דימונה,שבזי שלום,שלום שבזי 34,,,exact,204073.61,553400.48,,
001027-073567-01103-X,"שבזי שלום הרב שלום שבזי 12, דימונה",דימונה,שבזי שלום,הרב שלום שבזי 12,,,exact,203959.12,553607.64,,
001027-073567-01104-X,"שבזי שלום הרב שלום שבזי 1, דימונה",דימונה,שבזי שלום,הרב שלום שבזי 1,,,exact,203955.39,553684.92,,
001027-073567-01105-X,"שבזי שלום שלום שבזי 44, דימונה",דימונה,שבזי שלום,שלום שבזי 44,,,exact,204165.29,553407.70,,
001027-073567-01106-X,"שבזי שלום הרב שלום שבזי 5, דימונה",דימונה,שבזי שלום,הרב שלום שבזי 5,,,exact,203971.77,553661.55,,
001027-073567-01107-X,"שבזי שלום הרב שלום שבזי 3, דימונה",דימונה,שבזי שלום,הרב שלום שבזי 3,,,exact,203962.68,553673.49,,
001027-073567-01108-X,"שבזי שלום הרב שלום שבזי 6, דימונה",דימונה,שבזי שלום,הרב שלום שבזי 6,,,exact,203928.92,553652.06,,
001027-073567-01109-X,"שבזי שלום הרב שלום שבזי 2, דימונה",דימונה,שבזי שלום,הרב שלום שבזי 2,,,exact,203912.67,553675.74,,
001027-073567-01110-X,"שבזי שלום הרב שלום שבזי 9, דימונה",דימונה,שבזי שלום,הרב שלום שבזי 9,,,exact,203990.66,553636.79,,
001027-073567-01111-X,"שבזי שלום שלום שבזי 46, דימונה",דימונה,שבזי שלום,שלום שבזי 46,,,exact,204173.28,553391.47,,
001027-073567-01112-X,"שבזי שלום הרב שלום שבזי 8, דימונה",דימונה,שבזי שלום,הרב שלום שבזי 8,,,exact,203943.58,553630.32,,
001027-073567-01113-X,"שבזי שלום הרב שלום שבזי 7, דימונה",דימונה,שבזי שלום,הרב שלום שבזי 7,,,exact,203979.48,553648.66,,
001027-073567-01114-X,"שדה יצחק יצחק שדה 21, דימונה",דימונה,שדה יצחק,יצחק שדה 21,,,exact,202535.56,553521.08,,
001027-073567-01115-X,"שדה יצחק יצחק שדה 20, דימונה",דימונה,שדה יצחק,יצחק שדה 20,,,exact,202540.61,553433.11,,
001027-073567-01116-X,"שדה יצחק יצחק שדה 170, דימונה",דימונה,שדה יצחק,יצחק שדה 170,,,exact,202524.35,553859.34,,
001027-073567-01117-X,"שדה יצחק יצחק שדה 169, דימונה",דימונה,שדה יצחק,יצחק שדה 169,,,exact,202516.47,553863.12,,
001027-073567-01118-X,"שושן צחור 6, דימונה",דימונה,שושן צחור,6,,,exact,203035.10,553767.79,,
001027-073567-01119-X,"שושן צחור 26, דימונה",דימונה,שושן צחור,26,,,exact,203182.25,553767.98,,
001027-073567-01120-X,"שושן צחור 22, דימונה",דימונה,שושן צחור,22,,,exact,203153.58,553768.82,,
001027-073567-01121-X,"שושן צחור 14, דימונה",דימונה,שושן צחור,14,,,exact,203084.45,553768.04,,
001027-073567-01122-X,"שושן צחור 8, דימונה",דימונה,שושן צחור,8,,,exact,203050.67,553770.60,,
001027-073567-01123-X,"שושן צחור 2, דימונה",דימונה,שושן צחור,2,,,exact,203009.08,553767.58,,
001027-073567-01124-X,"שושן צחור 20, דימונה",דימונה,שושן צחור,20,,,exact,203144.47,553772.50,,
001027-073567-01125-X,"שטרן יאיר יאיר שטרן 13, דימונה",דימונה,שטרן יאיר,יאיר שטרן 13,,,street,202308.53,552640.06,,
001027-073567-01126-X,"שיבטה שבטה 15, דימונה",דימונה,שיבטה,שבטה 15,,,none,,,,
001027-073567-01127-X,"שיבטה שבטה 3, דימונה",דימונה,שיבטה,שבטה 3,,,none,,,,
001027-073567-01128-X,"שיבטה שבטה 4, דימונה",דימונה,שיבטה,שבטה 4,,,none,,,,
001027-073567-01129-X,"שיבטה שבטה 19, דימונה",דימונה,שיבטה,שבטה 19,,,none,,,,
001027-073567-01130-X,"שיבטה שבטה 12, דימונה",דימונה,שיבטה,שבטה 12,,,none,,,,
001027-073567-01131-X,"שיזף 71, דימונה",דימונה,שיזף,71,,,exact,203533.61,554484.36,,
001027-073567-01132-X,"שיזף 22, דימונה",דימונה,שיזף,22,,,exact,204153.40,554256.90,,
001027-073567-01133-X,"שיזף 87, דימונה",דימונה,שיזף,87,,,exact,203445.11,554405.21,,
001027-073567-01134-X,"שיזף 14, דימונה",דימונה,שיזף,14,,,exact,204156.47,554211.82,,
001027-073567-01135-X,"שיזף 156, דימונה",דימונה,שיזף,156,,,exact,203418.11,554422.08,,
001027-073567-01136-X,"שיזף 52, דימונה",דימונה,שיזף,52,,,exact,203913.75,554519.92,,
001027-073567-01137-X,"שיזף 72, דימונה",דימונה,שיזף,72,,,exact,203840.34,554584.46,,
001027-073567-01138-X,"שיזף 138, דימונה",דימונה,שיזף,138,,,exact,203567.46,554569.99,,
001027-073567-01139-X,"שיזף 13, דימונה",דימונה,שיזף,13,,,exact,204080.06,554298.84,,
001027-073567-01140-X,"שיזף 21, דימונה",דימונה,שיזף,21,,,exact,204050.94,554327.42,,
001027-073567-01141-X,"שיזף 70, דימונה",דימונה,שיזף,70,,,exact,203845.60,554578.21,,
001027-073567-01142-X,"שיזף 6, דימונה",דימונה,שיזף,6,,,exact,204156.69,554175.13,,
001027-073567-01143-X,"שיזף 2, דימונה",דימונה,שיזף,2,,,exact,204143.18,554123.69,,
001027-073567-01144-X,"שיזף 120, דימונה",דימונה,שיזף,120,,,exact,203645.32,554611.79,,
001027-073567-01145-X,"שיזף 126, דימונה",דימונה,שיזף,126,,,exact,203627.34,554601.21,,
001027-073567-01146-X,"שיזף 47, דימונה",דימונה,שיזף,47,,,exact,203848.05,554531.53,,
001027-073567-01147-X,"שיזף 61, דימונה",דימונה,שיזף,61,,,exact,203588.98,554538.73,,
001027-073567-01148-X,"שיזף 90, דימונה",דימונה,שיזף,90,,,exact,203779.41,554613.66,,
001027-073567-01149-X,"שיזף 19, דימונה",דימונה,שיזף,19,,,exact,204060.14,554315.26,,
001027-073567-01150-X,"שיזף 28, דימונה",דימונה,שיזף,28,,,exact,204141.09,554282.63,,
001027-073567-01151-X,"שיזף 116, דימונה",דימונה,שיזף,116,,,exact,203668.02,554616.77,,
001027-073567-01152-X,"שיזף 114, דימונה",דימונה,שיזף,114,,,exact,203684.37,554614.23,,
001027-073567-01153-X,"שיזף 112, דימונה",דימונה,שיזף,112,,,exact,203686.99,554615.48,,
001027-073567-01154-X,"שיזף 8, דימונה",דימונה,שיזף,8,,,exact,204155.96,554181.54,,
001027-073567-01155-X,"שיזף 142, דימונה",דימונה,שיזף,142,,,exact,203554.53,554558.41,,
001027-073567-01156-X,"שיזף 23, דימונה",דימונה,שיזף,23,,,exact,204045.25,554330.22,,
001027-073567-01157-X,"שיזף 94, דימונה",דימונה,שיזף,94,,,exact,203761.16,554615.03,,
001027-073567-01158-X,"שיזף 60, דימונה",דימונה,שיזף,60,,,exact,203880.53,554546.86,,
001027-073567-01159-X,"שיזף 69, דימונה",דימונה,שיזף,69,,,exact,203544.84,554496.01,,
001027-073567-01160-X,"שיקמה שקמה 11, דימונה",דימונה,שיקמה,שקמה 11,,,none,,,,
001027-073567-01161-X,"שיקמה שקמה 30, דימונה",דימונה,שיקמה,שקמה 30,,,none,,,,
001027-073567-01162-X,"שיקמה שקמה 21, דימונה",דימונה,שיקמה,שקמה 21,,,none,,,,
001027-073567-01163-X,"שיקמה שקמה 13, דימונה",דימונה,שיקמה,שקמה 13,,,none,,,,
001027-073567-01164-X,"שיקמה שקמה 7, דימונה",דימונה,שיקמה,שקמה 7,,,none,,,,
001027-073567-01165-X,"שיקמה שקמה 17, דימונה",דימונה,שיקמה,שקמה 17,,,none,,,,
001027-073567-01166-X,"שיקמה שקמה 1, דימונה",דימונה,שיקמה,שקמה 1,,,none,,,,
001027-073567-01167-X,"שיקמה שקמה 15, דימונה",דימונה,שיקמה,שקמה 15,,,none,,,,
001027-073567-01168-X,"שיקמה שקמה 10, דימונה",דימונה,שיקמה,שקמה 10,,,none,,,,
001027-073567-01169-X,"שיקמה שקמה 9, דימונה",דימונה,שיקמה,שקמה 9,,,none,,,,
001027-073567-01170-X,"שיקמה שקמה 3, דימונה",דימונה,שיקמה,שקמה 3,,,none,,,,
001027-073567-01171-X,"שיקמה שקמה 5, דימונה",דימונה,שיקמה,שקמה 5,,,none,,,,
001027-073567-01172-X,"שיקמה שקמה 16, דימונה",דימונה,שיקמה,שקמה 16,,,none,,,,
001027-073567-01173-X,"שיקמה שקמה 25, דימונה",דימונה,שיקמה,שקמה 25,,,none,,,,
001027-073567-01174-X,"שיקמה שקמה 19, דימונה",דימונה,שיקמה,שקמה 19,,,none,,,,
001027-073567-01175-X,"שמעון בר יוחאי שמעון בר-יוחאי 2, דימונה",דימונה,שמעון בר יוחאי,שמעון בר-יוחאי 2,,,none,,,,
001027-073567-01176-X,"שמעון בר יוחאי שמעון בר-יוחאי 4, דימונה",דימונה,שמעון בר יוחאי,שמעון בר-יוחאי 4,,,none,,,,
001027-073567-01177-X,"תל אפק 38, דימונה",דימונה,תל אפק,38,,,exact,203196.15,551546.00,,
001027-073567-01178-X,"תל אפק 50, דימונה",דימונה,תל אפק,50,,,exact,203184.24,551487.16,,
001027-073567-01179-X,"תל אפק 26, דימונה",דימונה,תל אפק,26,,,exact,203190.75,551607.25,,
001027-073567-01180-X,"תל אפק 34, דימונה",דימונה,תל אפק,34,,,exact,203191.73,551566.67,,
001027-073567-01181-X,"תל אפק 10, דימונה",דימונה,תל אפק,10,,,exact,203184.07,551688.35,,
001027-073567-01182-X,"תל אפק 6, דימונה",דימונה,תל אפק,6,,,exact,203187.12,551709.27,,
001027-073567-01183-X,"תל אפק 8, דימונה",דימונה,תל אפק,8,,,exact,203182.40,551702.26,,
001027-073567-01184-X,"תל אפק 5, דימונה",דימונה,תל אפק,5,,,exact,203224.03,551690.99,,
001027-073567-01185-X,"תל אפק 22, דימונה",דימונה,תל אפק,22,,,exact,203189.29,551626.79,,
001027-073567-01186-X,"תל אפק 20, דימונה",דימונה,תל אפק,20,,,exact,203186.10,551642.25,,
001027-073567-01187-X,"תל אפק 13, דימונה",דימונה,תל אפק,13,,,exact,203219.59,551632.68,,
001027-073567-01188-X,"תל אפק 30, דימונה",דימונה,תל אפק,30,,,exact,203193.02,551586.73,,
001027-073567-01189-X,"תל חמה 12, דימונה",דימונה,תל חמה,12,,,exact,203789.75,551702.67,,
001027-073567-01190-X,"תל חמה 15, דימונה",דימונה,תל חמה,15,,,exact,203809.73,551731.43,,
001027-073567-01191-X,"תל חמה 33, דימונה",דימונה,תל חמה,33,,,exact,203907.26,551693.30,,
001027-073567-01192-X,"תל חמה 14, דימונה",דימונה,תל חמה,14,,,exact,203808.59,551700.69,,
001027-073567-01193-X,"תל חמה 24, דימונה",דימונה,תל חמה,24,,,exact,203862.97,551672.59,,
001027-073567-01194-X,"תל חמה 16, דימונה",דימונה,תל חמה,16,,,exact,203813.64,551694.50,,
001027-073567-01195-X,"תל חמה 5, דימונה",דימונה,תל חמה,5,,,exact,203761.12,551752.54,,
001027-073567-01196-X,"תל חמה 1, דימונה",דימונה,תל חמה,1,,,exact,203726.95,551768.66,,
001027-073567-01197-X,"תל חמה 6, דימונה",דימונה,תל חמה,6,,,exact,203760.80,551718.16,,
001027-073567-01198-X,"תל חמה 7, דימונה",דימונה,תל חמה,7,,,exact,203773.66,551745.77,,
001027-073567-01199-X,"תל ערד 12, דימונה",דימונה,תל ערד,12,,,exact,203747.70,551593.41,,
001027-073567-01200-X,"תל ערד 5, דימונה",דימונה,תל ערד,5,,,exact,203718.33,551634.87,,
001027-073567-01201-X,"תל ערד 16, דימונה",דימונה,תל ערד,16,,,exact,203765.43,551583.95,,
001027-073567-01202-X,"תל ערד 1, דימונה",דימונה,תל ערד,1,,,exact,203701.69,551637.98,,
001027-073567-01203-X,"תל ערד 7, דימונה",דימונה,תל ערד,7,,,exact,203726.50,551637.76,,
001027-073567-01204-X,"תל ערד 28, דימונה",דימונה,תל ערד,28,,,exact,203826.44,551560.72,,
001027-073567-01205-X,"תל ערד 15, דימונה",דימונה,תל ערד,15,,,exact,203763.68,551622.55,,
001027-073567-01206-X,"תל ערד 13, דימונה",דימונה,תל ערד,13,,,exact,203755.21,551619.38,,
001027-073567-01207-X,"מרחבים 1332, דימונה",דימונה,מרחבים,1332,,,none,,,,
001027-073567-01208-X,"טיילת הספורט 1066, דימונה",דימונה,טיילת הספורט,1066,,,none,,,,
001027-073567-01209-X,"הגפן 44, דימונה",דימונה,הגפן,44,,,exact,202340.20,552636.36,,
001027-073567-01210-X,"שד הנשיא 5, דימונה",דימונה,שד הנשיא,5,,,none,,,,
001027-073567-01211-X,"עלית הנוער 2, דימונה",דימונה,עלית הנוער,2,,,none,,,,
001027-073567-01212-X,"כובשי אילת 1633, דימונה",דימונה,כובשי אילת,1633,,,none,,,,
001027-073567-01213-X,"פקיעין 8, דימונה",דימונה,פקיעין,8,,,exact,203315.29,551836.95,,
001027-073567-01214-X,"שד יגאל אלון 86, דימונה",דימונה,שד יגאל אלון,86,,,exact,203760.15,552796.17,,
001027-073567-01215-X,"הרימון 23, דימונה",דימונה,הרימון,23,,,exact,202401.25,552490.11,,
001027-073567-01216-X,"פטרה 17, דימונה",דימונה,פטרה,17,,,exact,203605.63,551509.73,,
001027-073567-01217-X,"חגי 27, דימונה",דימונה,חגי,27,,,exact,203423.25,554033.21,,
001027-073567-01218-X,"הרמה 3, דימונה",דימונה,הרמה,3,,,exact,203785.55,553296.29,,
001027-073567-01219-X,"קדש 49, דימונה",דימונה,קדש,49,,,none,,,,
001027-073567-01220-X,"שד בן גוריון 1042, דימונה",דימונה,שד בן גוריון,1042,,,none,,,,
001027-073567-01221-X,"אקליפטוס 51, דימונה",דימונה,אקליפטוס,51,,,exact,203968.55,554293.73,,
001027-073567-01222-X,"שיזף 63, דימונה",דימונה,שיזף,63,,,exact,203578.02,554527.11,,
001027-073567-01223-X,"? 1098, דימונה",דימונה,?,1098,,,none,,,,
001027-073567-01224-X,"דרך השלום 906, דימונה",דימונה,דרך השלום,906,,,none,,,,
001027-073567-01225-X,"הפסגה 44, דימונה",דימונה,הפסגה,44,,,exact,203989.06,553383.56,,
001027-073567-01226-X,"בית שערים 40, דימונה",דימונה,בית שערים,40,,,exact,203373.04,551674.36,,
001027-073567-01227-X,"מורן החורש 36, דימונה",דימונה,מורן החורש,36,,,exact,204025.80,554142.18,,
001027-073567-01228-X,"שטרן יאיר 10, דימונה",דימונה,שטרן יאיר,10,,,none,,,,
001027-073567-01229-X,"רזיאל דוד 2, דימונה",דימונה,רזיאל דוד,2,,,none,,,,
001027-073567-01230-X,"חרוב 6, דימונה",דימונה,חרוב,6,,,exact,203764.49,554329.07,,
001027-073567-01231-X,"שד הנשיא 87, דימונה",דימונה,שד הנשיא,87,,,exact,202980.76,552786.76,,
001027-073567-01232-X,"דולב 2, דימונה",דימונה,דולב,2,,,exact,203999.82,554269.07,,
001027-073567-01233-X,"דוד אלעזר 519, דימונה",דימונה,דוד אלעזר,519,,,none,,,,
001027-073567-01234-X,"שד בן גוריון 63, דימונה",דימונה,שד בן גוריון,63,,,exact,203227.23,553393.52,,
001027-073567-01235-X,"טופח 25, דימונה",דימונה,טופח,25,,,exact,203933.51,554490.07,,
001027-073567-01236-X,"נוה מדבר 151, דימונה",דימונה,נוה מדבר,151,,,none,,,,
001027-073567-01237-X,"חרוב 2, דימונה",דימונה,חרוב,2,,,exact,203748.07,554328.18,,
001027-073567-01238-X,"האיריס 14, דימונה",דימונה,האיריס,14,,,none,,,,
001027-073567-01239-X,"סיגלון 1, דימונה",דימונה,סיגלון,1,,,none,,,,
001027-073567-01240-X,"בבא סאלי 65, דימונה",דימונה,בבא סאלי,65,,,none,,,,
001027-073567-01241-X,"התאנה 374, דימונה",דימונה,התאנה,374,,,none,,,,
001027-073567-01242-X,"ציפורי 4, דימונה",דימונה,ציפורי,4,,,none,,,,
001027-073567-01243-X,"נוה מדבר 123, דימונה",דימונה,נוה מדבר,123,,,none,,,,
001027-073567-01244-X,"השיריון 142, דימונה",דימונה,השיריון,142,,,none,,,,
001027-073567-01245-X,"סחלבן החורש 14, דימונה",דימונה,סחלבן החורש,14,,,exact,203780.71,554022.65,,
001027-073567-01246-X,"מורן החורש 17, דימונה",דימונה,מורן החורש,17,,,exact,203832.17,554175.36,,
001027-073567-01247-X,"שד יגאל אלון 110, דימונה",דימונה,שד יגאל אלון,110,,,none,,,,
001027-073567-01248-X,"בבא סאלי 37, דימונה",דימונה,בבא סאלי,37,,,exact,202721.79,552060.11,,
001027-073567-01249-X,"שד גולדה מאיר 1021, דימונה",דימונה,שד גולדה מאיר,1021,,,none,,,,
001027-073567-01250-X,"בת חן 13, דימונה",דימונה,בת חן,13,,,exact,203136.95,553867.54,,
001027-073567-01251-X,"? 22, דימונה",דימונה,?,22,,,exact,203170.69,552994.57,,
001027-073567-01252-X,"? 10, דימונה",דימונה,?,10,,,exact,202547.74,552263.68,,
001027-073567-01253-X,"טופח 13, דימונה",דימונה,טופח,13,,,exact,203880.75,554439.02,,
001027-073567-01254-X,"? 265, דימונה",דימונה,?,265,,,none,,,,
001027-073567-01255-X,"המסגר 14, דימונה",דימונה,המסגר,14,,,none,,,,
001027-073567-01256-X,"דוד אלעזר 523, דימונה",דימונה,דוד אלעזר,523,,,none,,,,
001027-073567-01257-X,"הרב אלנקוה 5, דימונה",דימונה,הרב אלנקוה,5,,,none,,,,
001027-073567-01258-X,"שד בן גוריון 1041, דימונה",דימונה,שד בן גוריון,1041,,,none,,,,
001027-073567-01259-X,"שד הנשיא 56, דימונה",דימונה,שד הנשיא,56,,,none,,,,
001027-073567-01260-X,"מורן החורש 48, דימונה",דימונה,מורן החורש,48,,,exact,204078.40,554141.17,,
001027-073567-01261-X,"הרצל 233, דימונה",דימונה,הרצל,233,,,none,,,,
001027-073567-01262-X,"שד גולדה מאיר 1001, דימונה",דימונה,שד גולדה מאיר,1001,,,none,,,,
001027-073567-01263-X,"המעפיל 1237, דימונה",דימונה,המעפיל,1237,,,none,,,,
001027-073567-01264-X,"קדש 129, דימונה",דימונה,קדש,129,,,none,,,,
001027-073567-01265-X,"הברוש 4, דימונה",דימונה,הברוש,4,,,exact,202908.92,552713.15,,
001027-073567-01266-X,"דפנה 21, דימונה",דימונה,דפנה,21,,,exact,203803.44,554297.17,,
001027-073567-01267-X,"שד בן גוריון 1325, דימונה",דימונה,שד בן גוריון,1325,,,none,,,,
001027-073567-01268-X,"הגיא 2, דימונה",דימונה,הגיא,2,,,exact,203768.67,553370.44,,
001027-073567-01269-X,"קארו יוסף 4, דימונה",דימונה,קארו יוסף,4,,,none,,,,
001027-073567-01270-X,"ההגנה 12, דימונה",דימונה,ההגנה,12,,,exact,202759.15,553567.21,,
001027-073567-01271-X,"חטיבת גבעתי 1, דימונה",דימונה,חטיבת גבעתי,1,,,none,,,,
001027-073567-01272-X,"משעול שלדג 12, דימונה",דימונה,משעול שלדג,12,,,none,,,,
001027-073567-01273-X,"מרחבים 1313, דימונה",דימונה,מרחבים,1313,,,none,,,,
001027-073567-01274-X,"? 2, דימונה",דימונה,?,2,,,exact,202916.59,553263.11,,
001027-073567-01275-X,"הפסגה 52, דימונה",דימונה,הפסגה,52,,,exact,204045.36,553313.16,,
001027-073567-01276-X,"המלך דוד 293, דימונה",דימונה,המלך דוד,293,,,none,,,,
001027-073567-01277-X,"הרימון 36, דימונה",דימונה,הרימון,36,,,exact,202392.75,552518.14,,
001027-073567-01278-X,"הגפן 10, דימונה",דימונה,הגפן,10,,,exact,202529.78,552680.96,,
001027-073567-01279-X,"חרצית 5, דימונה",דימונה,חרצית,5,,,exact,203951.50,554418.15,,
001027-073567-01280-X,"קטלב 14, דימונה",דימונה,קטלב,14,,,none,,,,
001027-073567-01281-X,"החשמונאים 502, דימונה",דימונה,החשמונאים,502,,,none,,,,
001027-073567-01282-X,"שיבטה 8, דימונה",דימונה,שיבטה,8,,,none,,,,
001027-073567-01283-X,"הגפן 29, דימונה",דימונה,הגפן,29,,,exact,202438.37,552636.98,,
001027-073567-01284-X,"האשל 568, דימונה",דימונה,האשל,568,,,none,,,,
001027-073567-01285-X,"דיין משה 2, דימונה",דימונה,דיין משה,2,,,exact,203818.28,553651.46,,
001027-073567-01286-X,"ציפורן 31, דימונה",דימונה,ציפורן,31,,,exact,203824.66,554472.31,,
001027-073567-01287-X,"טבנקין יצחק 33, דימונה",דימונה,טבנקין יצחק,33,,,none,,,,
001027-073567-01288-X,"הר חרמון 5, דימונה",דימונה,הר חרמון,5,,,exact,203735.81,555010.48,,
001027-073567-01289-X,"ההגנה 32, דימונה",דימונה,ההגנה,32,,,exact,202810.46,553634.21,,
001027-073567-01290-X,"הגפן 42, דימונה",דימונה,הגפן,42,,,exact,202352.88,552650.35,,
001027-073567-01291-X,"מבצר עכו 18, דימונה",דימונה,מבצר עכו,18,,,exact,203816.54,551629.62,,
001027-073567-01292-X,"? 57, דימונה",דימונה,?,57,,,exact,202966.01,552910.09,,
001027-073567-01293-X,"ישעיה 18, דימונה",דימונה,ישעיה,18,,,exact,203385.50,554337.13,,
001027-073567-01294-X,"טיילת הספורט 1056, דימונה",דימונה,טיילת הספורט,1056,,,none,,,,
001027-073567-01295-X,"חצב 17, דימונה",דימונה,חצב,17,,,exact,203684.79,554004.18,,
001027-073567-01296-X,"כובשי אילת 105, דימונה",דימונה,כובשי אילת,105,,,none,,,,
001027-073567-01297-X,"הר חרמון 12, דימונה",דימונה,הר חרמון,12,,,exact,203844.92,555001.12,,
001027-073567-01298-X,"השיא 11, דימונה",דימונה,השיא,11,,,exact,204084.52,552830.07,,
001027-073567-01299-X,"שד הנשיא 6, דימונה",דימונה,שד הנשיא,6,,,exact,202529.17,552245.68,,
001027-073567-01300-X,"דפנה 29, דימונה",דימונה,דפנה,29,,,exact,203842.04,554301.24,,
001027-073567-01301-X,"דרך הצנחנים 1070, דימונה",דימונה,דרך הצנחנים,1070,,,none,,,,
001027-073567-01302-X,"פרג 29, דימונה",דימונה,פרג,29,,,exact,203600.86,554322.20,,
001027-073567-01303-X,"רחבת האיסיים 4, דימונה",דימונה,רחבת האיסיים,4,,,none,,,,
001027-073567-01304-X,"חטיבת גבעתי 2, דימונה",דימונה,חטיבת גבעתי,2,,,none,,,,
001027-073567-01305-X,"הר כרמל 18, דימונה",דימונה,הר כרמל,18,,,exact,203524.77,554977.47,,
001027-073567-01306-X,"כליל החורש 4, דימונה",דימונה,כליל החורש,4,,,exact,203944.33,554058.56,,
001027-073567-01307-X,"צפצפה 3, דימונה",דימונה,צפצפה,3,,,exact,203539.24,554462.77,,
001027-073567-01308-X,"השיטה 46, דימונה",דימונה,השיטה,46,,,none,,,,
001027-073567-01309-X,"כובשי אילת 108, דימונה",דימונה,כובשי אילת,108,,,none,,,,
001027-073567-01310-X,"המעפיל 69, דימונה",דימונה,המעפיל,69,,,exact,203850.56,553397.37,,
001027-073567-01311-X,"דולב 26, דימונה",דימונה,דולב,26,,,exact,204114.66,554266.98,,
001027-073567-01312-X,"לילך 7, דימונה",דימונה,לילך,7,,,none,,,,
001027-073567-01313-X,"כובשי אילת 1641, דימונה",דימונה,כובשי אילת,1641,,,none,,,,
001027-073567-01314-X,"שד הנשיא 4, דימונה",דימונה,שד הנשיא,4,,,exact,202519.98,552241.62,,
001027-073567-01315-X,"דרך השלום 1, דימונה",דימונה,דרך השלום,1,,,exact,203306.21,553544.75,,
001027-073567-01316-X,"ליבנה 40, דימונה",דימונה,ליבנה,40,,,exact,203875.41,554242.66,,
001027-073567-01317-X,"טופח 4, דימונה",דימונה,טופח,4,,,exact,203890.85,554403.02,,
001027-073567-01318-X,"המעפיל 65, דימונה",דימונה,המעפיל,65,,,exact,203821.18,553419.81,,
001027-073567-01319-X,"הר שגיא 10, דימונה",דימונה,הר שגיא,10,,,exact,203217.03,554978.67,,
001027-073567-01320-X,"בבא סאלי 64, דימונה",דימונה,בבא סאלי,64,,,none,,,,
001027-073567-01321-X,"המלך דוד 288, דימונה",דימונה,המלך דוד,288,,,none,,,,
001027-073567-01322-X,"דוד אלעזר 1167, דימונה",דימונה,דוד אלעזר,1167,,,none,,,,
001027-073567-01323-X,"קטלב 3, דימונה",דימונה,קטלב,3,,,exact,203713.49,554041.69,,
001027-073567-01324-X,"המעפיל 1015, דימונה",דימונה,המעפיל,1015,,,none,,,,
001027-073567-01325-X,"הר שגיא 8, דימונה",דימונה,הר שגיא,8,,,exact,203244.34,554977.83,,
001027-073567-01326-X,"רזיאל דוד 3, דימונה",דימונה,רזיאל דוד,3,,,none,,,,
001027-073567-01327-X,"בר כוכבא 208, דימונה",דימונה,בר כוכבא,208,,,none,,,,
001027-073567-01328-X,"טיילת הספורט 288, דימונה",דימונה,טיילת הספורט,288,,,none,,,,
001027-073567-01329-X,"? 253, דימונה",דימונה,?,253,,,none,,,,
001027-073567-01330-X,"שד גולדה מאיר 1034, דימונה",דימונה,שד גולדה מאיר,1034,,,exact,202946.47,553619.45,,
001027-073567-01331-X,"שיזף 104, דימונה",דימונה,שיזף,104,,,exact,203720.97,554615.95,,
001027-073567-01332-X,"משעול חירם 6, דימונה",דימונה,משעול חירם,6,,,exact,202689.83,553569.68,,
001027-073567-01333-X,"הרמה 20, דימונה",דימונה,הרמה,20,,,exact,203844.37,553197.86,,
001027-073567-01334-X,"תל אפק 16, דימונה",דימונה,תל אפק,16,,,exact,203183.11,551661.70,,
001027-073567-01335-X,"בת חן 18, דימונה",דימונה,בת חן,18,,,exact,203194.42,553840.12,,
001027-073567-01336-X,"בבא סאלי 11, דימונה",דימונה,בבא סאלי,11,,,exact,202546.68,552101.09,,
001027-073567-01337-X,"הר ארבל 25, דימונה",דימונה,הר ארבל,25,,,exact,203693.83,554951.36,,
001027-073567-01338-X,"טיילת הספורט 40, דימונה",דימונה,טיילת הספורט,40,,,exact,203124.29,553637.86,,
001027-073567-01339-X,"חצב 57, דימונה",דימונה,חצב,57,,,exact,203596.39,554106.79,,
001027-073567-01340-X,"השיא 16, דימונה",דימונה,השיא,16,,,exact,204034.19,552798.91,,
001027-073567-01341-X,"דרך השלום 35, דימונה",דימונה,דרך השלום,35,,,none,,,,
001027-073567-01342-X,"ההדס 531, דימונה",דימונה,ההדס,531,,,none,,,,
001027-073567-01343-X,"מ""ג המעפילים 217, דימונה",דימונה,"מ""ג המעפילים",217,,,none,,,,
001027-073567-01344-X,"הרימון 298, דימונה",דימונה,הרימון,298,,,none,,,,
001027-073567-01345-X,"ירמיה 5, דימונה",דימונה,ירמיה,5,,,exact,203333.98,554126.18,,
001027-073567-01346-X,"העצמאות 1012, דימונה",דימונה,העצמאות,1012,,,none,,,,
001027-073567-01347-X,"תל אפק 31, דימונה",דימונה,תל אפק,31,,,none,,,,
001027-073567-01348-X,"רחבת האיסיים 9, דימונה",דימונה,רחבת האיסיים,9,,,none,,,,
001027-073567-01349-X,"שד הנשיא 22, דימונה",דימונה,שד הנשיא,22,,,exact,202638.00,552275.94,,
001027-073567-01350-X,"נורית 5, דימונה",דימונה,נורית,5,,,exact,203676.82,554268.37,,
001027-073567-01351-X,"מורן החורש 29, דימונה",דימונה,מורן החורש,29,,,exact,204003.71,554179.91,,
001027-073567-01352-X,"חצב 13, דימונה",דימונה,חצב,13,,,exact,203683.20,554022.82,,
001027-073567-01353-X,"שבזי שלום 13, דימונה",דימונה,שבזי שלום,13,,,exact,203998.13,553588.91,,
001027-073567-01354-X,"ירמיה 38, דימונה",דימונה,ירמיה,38,,,none,,,,
001027-073567-01355-X,"הגפן 7, דימונה",דימונה,הגפן,7,,,exact,202599.12,552675.90,,
001027-073567-01356-X,"ירמיה 29, דימונה",דימונה,ירמיה,29,,,none,,,,
001027-073567-01357-X,"מלאכי 3, דימונה",דימונה,מלאכי,3,,,exact,203400.57,554279.52,,
001027-073567-01358-X,"כובשי אילת 1612, דימונה",דימונה,כובשי אילת,1612,,,none,,,,
001027-073567-01359-X,"? 23, דימונה",דימונה,?,23,,,exact,203431.39,552887.49,,
001027-073567-01360-X,"חטיבת הראל 4079, דימונה",דימונה,חטיבת הראל,4079,,,none,,,,
001027-073567-01361-X,"הר שניר 13, דימונה",דימונה,הר שניר,13,,,none,,,,
001027-073567-01362-X,"שד גולדה מאיר 1020, דימונה",דימונה,שד גולדה מאיר,1020,,,none,,,,
001027-073567-01363-X,"סחלבן החורש 73, דימונה",דימונה,סחלבן החורש,73,,,none,,,,
001027-073567-01364-X,"הר כנען 1, דימונה",דימונה,הר כנען,1,,,exact,203522.42,555045.88,,
001027-073567-01365-X,"רחבת אורון 1, דימונה",דימונה,רחבת אורון,1,,,none,,,,
001027-073567-01366-X,"האורן 39, דימונה",דימונה,האורן,39,,,none,,,,
001027-073567-01367-X,"הר שניר 16, דימונה",דימונה,הר שניר,16,,,exact,203283.02,555059.42,,
001027-073567-01368-X,"הזמיר 1216, דימונה",דימונה,הזמיר,1216,,,none,,,,
001027-073567-01369-X,"הר גולן 2, דימונה",דימונה,הר גולן,2,,,exact,203264.31,555032.75,,
001027-073567-01370-X,"הרימון 4, דימונה",דימונה,הרימון,4,,,exact,202646.34,552564.82,,
001027-073567-01371-X,"הרכס 2, דימונה",דימונה,הרכס,2,,,exact,204053.17,552978.76,,
001027-073567-01372-X,"שד הנשיא 57, דימונה",דימונה,שד הנשיא,57,,,exact,202921.93,552487.41,,
001027-073567-01373-X,"חרוב 33, דימונה",דימונה,חרוב,33,,,none,,,,
001027-073567-01374-X,"שושן צחור 15, דימונה",דימונה,שושן צחור,15,,,exact,203156.81,553798.95,,
001027-073567-01375-X,"ליבנה 18, דימונה",דימונה,ליבנה,18,,,exact,203875.11,554125.37,,
001027-073567-01376-X,"העמל 1, דימונה",דימונה,העמל,1,,,none,,,,
001027-073567-01377-X,"דני 11, דימונה",דימונה,דני,11,,,none,,,,
001027-073567-01378-X,"המלך דוד 287, דימונה",דימונה,המלך דוד,287,,,none,,,,
001027-073567-01379-X,"חרוב 17, דימונה",דימונה,חרוב,17,,,exact,203820.23,554366.63,,
001027-073567-01380-X,"שד בן גוריון 85, דימונה",דימונה,שד בן גוריון,85,,,exact,203227.66,553614.83,,
001027-073567-01381-X,"בשמת 20, דימונה",דימונה,בשמת,20,,,exact,204086.30,554206.22,,
001027-073567-01382-X,"דרך השלום 18, דימונה",דימונה,דרך השלום,18,,,exact,203363.20,553548.40,,
001027-073567-01383-X,"שד יגאל אלון 30, דימונה",דימונה,שד יגאל אלון,30,,,exact,203265.62,552450.33,,
001027-073567-01384-X,"נוה מדבר 147, דימונה",דימונה,נוה מדבר,147,,,none,,,,
001027-073567-01385-X,"הרמה 46, דימונה",דימונה,הרמה,46,,,exact,203953.15,553015.34,,
001027-073567-01386-X,"לובטקין צביה 13, דימונה",דימונה,לובטקין צביה,13,,,none,,,,
001027-073567-01387-X,"הנרקיס 772, דימונה",דימונה,הנרקיס,772,,,none,,,,
001027-073567-01388-X,"סחלבן החורש 40, דימונה",דימונה,סחלבן החורש,40,,,exact,203903.85,554016.29,,
001027-073567-01389-X,"משעול הרעות 6, דימונה",דימונה,משעול הרעות,6,,,none,,,,
001027-073567-01390-X,"הרצל 231, דימונה",דימונה,הרצל,231,,,none,,,,
001027-073567-01391-X,"רחבת יונתן 9, דימונה",דימונה,רחבת יונתן,9,,,none,,,,
001027-073567-01392-X,"סחלבן החורש 34, דימונה",דימונה,סחלבן החורש,34,,,exact,203873.79,554007.57,,
001027-073567-01393-X,"הכלנית 728, דימונה",דימונה,הכלנית,728,,,none,,,,
001027-073567-01394-X,"ירושלים 6, דימונה",דימונה,ירושלים,6,,,none,,,,
001027-073567-01395-X,"קיסריה 12, דימונה",דימונה,קיסריה,12,,,exact,203518.81,551791.51,,
001027-073567-01396-X,"בשמת 23, דימונה",דימונה,בשמת,23,,,exact,204098.44,554235.43,,
001027-073567-01397-X,"מולדה 31, דימונה",דימונה,מולדה,31,,,none,,,,
001027-073567-01398-X,"פינטו חיים 324, דימונה",דימונה,פינטו חיים,324,,,none,,,,
001027-073567-01399-X,"טופח 39, דימונה",דימונה,טופח,39,,,none,,,,
001027-073567-01400-X,"המעפיל 49, דימונה",דימונה,המעפיל,49,,,exact,203401.80,553452.83,,
001027-073567-01401-X,"? 12, דימונה",דימונה,?,12,,,exact,202582.00,552250.78,,
001027-073567-01402-X,"פקיעין 24, דימונה",דימונה,פקיעין,24,,,exact,203442.24,551788.85,,
001027-073567-01403-X,"התפוצות 145, דימונה",דימונה,התפוצות,145,,,none,,,,
001027-073567-01404-X,"הרימון 6, דימונה",דימונה,הרימון,6,,,exact,202626.16,552562.31,,
001027-073567-01405-X,"התפוצות 31, דימונה",דימונה,התפוצות,31,,,none,,,,
001027-073567-01406-X,"טיילת הספורט 287, דימונה",דימונה,טיילת הספורט,287,,,none,,,,
001027-073567-01407-X,"היורה 786, דימונה",דימונה,היורה,786,,,none,,,,
001027-073567-01408-X,"רחבת הבנים 1, דימונה",דימונה,רחבת הבנים,1,,,none,,,,
001027-073567-01409-X,"? 5, דימונה",דימונה,?,5,,,exact,203679.89,552822.15,,
001027-073567-01410-X,"? 55, דימונה",דימונה,?,55,,,exact,202979.81,552910.30,,
001027-073567-01411-X,"האורן 547, דימונה",דימונה,האורן,547,,,none,,,,
001027-073567-01412-X,"מרחבים 1315, דימונה",דימונה,מרחבים,1315,,,none,,,,
001027-073567-01413-X,"מצדה 21, דימונה",דימונה,מצדה,21,,,none,,,,
001027-073567-01414-X,"שד הנשיא 65, דימונה",דימונה,שד הנשיא,65,,,exact,202975.58,552542.44,,
001027-073567-01415-X,"מבצע ברוש 9, דימונה",דימונה,מבצע ברוש,9,,,none,,,,
001027-073567-01416-X,"שטרן יאיר 8, דימונה",דימונה,שטרן יאיר,8,,,none,,,,
001027-073567-01417-X,"ורדימון יצחק 10, דימונה",דימונה,ורדימון יצחק,10,,,none,,,,
001027-073567-01418-X,"משעול התקוה 13, דימונה",דימונה,משעול התקוה,13,,,none,,,,
001027-073567-01419-X,"הרמה 42, דימונה",דימונה,הרמה,42,,,exact,203947.66,553059.30,,
001027-073567-01420-X,"משעול שלדג 1, דימונה",דימונה,משעול שלדג,1,,,none,,,,
001027-073567-01421-X,"משעול חירם 3, דימונה",דימונה,משעול חירם,3,,,none,,,,
001027-073567-01422-X,"שד בן גוריון 17, דימונה",דימונה,שד בן גוריון,17,,,exact,203223.78,553131.00,,
001027-073567-01423-X,"חצב 10, דימונה",דימונה,חצב,10,,,none,,,,
001027-073567-01424-X,"חצב 8, דימונה",דימונה,חצב,8,,,exact,203657.55,554048.20,,
001027-073567-01425-X,"ציפורי 19, דימונה",דימונה,ציפורי,19,,,exact,203402.07,551630.23,,
001027-073567-01426-X,"רזיאל דוד 7, דימונה",דימונה,רזיאל דוד,7,,,none,,,,
001027-073567-01427-X,"הכלנית 746, דימונה",דימונה,הכלנית,746,,,none,,,,
001027-073567-01428-X,"מרחבים 1307, דימונה",דימונה,מרחבים,1307,,,none,,,,
001027-073567-01429-X,"שד יגאל אלון 111, דימונה",דימונה,שד יגאל אלון,111,,,none,,,,
001027-073567-01430-X,"טופח 32, דימונה",דימונה,טופח,32,,,exact,204000.51,554501.83,,
001027-073567-01431-X,"התאנה 358, דימונה",דימונה,התאנה,358,,,none,,,,
001027-073567-01432-X,"? 27, דימונה",דימונה,?,27,,,exact,203400.08,552887.24,,
001027-073567-01433-X,"שיזף 45, דימונה",דימונה,שיזף,45,,,exact,203865.50,554514.18,,
001027-073567-01434-X,"רחבת הנח""ל 8, דימונה",דימונה,"רחבת הנח""ל",8,,,none,,,,
001027-073567-01435-X,"? 16, דימונה",דימונה,?,16,,,exact,203205.10,552991.66,,
001027-073567-01436-X,"בבא סאלי 86, דימונה",דימונה,בבא סאלי,86,,,exact,203143.85,552189.54,,
001027-073567-01437-X,"טופח 7, דימונה",דימונה,טופח,7,,,exact,203858.52,554417.84,,
001027-073567-01438-X,"המעפיל 8, דימונה",דימונה,המעפיל,8,,,none,,,,
001027-073567-01439-X,"הפסגה 99, דימונה",דימונה,הפסגה,99,,,exact,204103.94,553131.57,,
001027-073567-01440-X,"השבלים 331, דימונה",דימונה,השבלים,331,,,none,,,,
001027-073567-01441-X,"חצב 4, דימונה",דימונה,חצב,4,,,exact,203655.46,554085.71,,
001027-073567-01442-X,"? 1097, דימונה",דימונה,?,1097,,,none,,,,
001027-073567-01443-X,"כובשי אילת 107, דימונה",דימונה,כובשי אילת,107,,,none,,,,
001027-073567-01444-X,"השבלים 393, דימונה",דימונה,השבלים,393,,,none,,,,
001027-073567-01445-X,"נורית 14, דימונה",דימונה,נורית,14,,,exact,203657.02,554297.07,,
001027-073567-01446-X,"דרך השלום 27, דימונה",דימונה,דרך השלום,27,,,exact,203368.68,553597.42,,
001027-073567-01447-X,"מילרוד אליעזר 6, דימונה",דימונה,מילרוד אליעזר,6,,,exact,203740.56,552646.32,,
001027-073567-01448-X,"סיתונית 9, דימונה",דימונה,סיתונית,9,,,exact,203050.03,553934.33,,
001027-073567-01449-X,"האשל 16, דימונה",דימונה,האשל,16,,,exact,202783.89,552847.77,,
001027-073567-01450-X,"טבנקין יצחק 11, דימונה",דימונה,טבנקין יצחק,11,,,none,,,,
001027-073567-01451-X,"מצדה 147, דימונה",דימונה,מצדה,147,,,none,,,,
001027-073567-01452-X,"דני 7, דימונה",דימונה,דני,7,,,exact,202784.20,553617.99,,
001027-073567-01453-X,"חרוב 18, דימונה",דימונה,חרוב,18,,,exact,203818.11,554324.32,,
001027-073567-01454-X,"צבעוני 13, דימונה",דימונה,צבעוני,13,,,none,,,,
001027-073567-01455-X,"? 1096, דימונה",דימונה,?,1096,,,none,,,,
001027-073567-01456-X,"פרג 34, דימונה",דימונה,פרג,34,,,exact,203567.28,554355.00,,
001027-073567-01457-X,"ציפורי 9, דימונה",דימונה,ציפורי,9,,,exact,203410.18,551680.54,,
001027-073567-01458-X,"התפוצות 13, דימונה",דימונה,התפוצות,13,,,none,,,,
001027-073567-01459-X,"מבצע ברוש 3, דימונה",דימונה,מבצע ברוש,3,,,none,,,,
001027-073567-01460-X,"אדר 8, דימונה",דימונה,אדר,8,,,exact,203773.21,554078.91,,
001027-073567-01461-X,"שד בן גוריון 21, דימונה",דימונה,שד בן גוריון,21,,,exact,203227.50,553165.92,,
001027-073567-01462-X,"אדר 11, דימונה",דימונה,אדר,11,,,exact,203803.34,554110.91,,
001027-073567-01463-X,"המעפיל 81, דימונה",דימונה,המעפיל,81,,,exact,203943.87,553276.19,,
001027-073567-01464-X,"עבדת 16, דימונה",דימונה,עבדת,16,,,exact,203890.13,552702.24,,
001027-073567-01465-X,"חטיבת הראל 4078, דימונה",דימונה,חטיבת הראל,4078,,,none,,,,
001027-073567-01466-X,"שושן צחור 3, דימונה",דימונה,שושן צחור,3,,,exact,203035.85,553800.86,,
001027-073567-01467-X,"האשל 558, דימונה",דימונה,האשל,558,,,none,,,,
001027-073567-01468-X,"? 6, דימונה",דימונה,?,6,,,exact,202529.17,552245.68,,
001027-073567-01469-X,"חגי 40, דימונה",דימונה,חגי,40,,,exact,203408.29,554011.44,,
001027-073567-01470-X,"הרימון 314, דימונה",דימונה,הרימון,314,,,none,,,,
001027-073567-01471-X,"העליה 4, דימונה",דימונה,העליה,4,,,exact,203781.60,552798.27,,
001027-073567-01472-X,"דרך השלום 114, דימונה",דימונה,דרך השלום,114,,,none,,,,
001027-073567-01473-X,"שד הנשיא 44, דימונה",דימונה,שד הנשיא,44,,,exact,202877.92,552386.94,,
001027-073567-01474-X,"? 3, דימונה",דימונה,?,3,,,exact,203698.91,552815.65,,
001027-073567-01475-X,"רזיאל דוד 16, דימונה",דימונה,רזיאל דוד,16,,,none,,,,
001027-073567-01476-X,"עלית הנוער 11, דימונה",דימונה,עלית הנוער,11,,,none,,,,
001027-073567-01477-X,"בבא סאלי 43, דימונה",דימונה,בבא סאלי,43,,,exact,202774.59,552070.99,,
001027-073567-01478-X,"הר מירון 5, דימונה",דימונה,הר מירון,5,,,exact,203614.35,555058.79,,
001027-073567-01479-X,"שד הנשיא 195, דימונה",דימונה,שד הנשיא,195,,,none,,,,
001027-073567-01480-X,"מלכה הנרי 265, דימונה",דימונה,מלכה הנרי,265,,,none,,,,
001027-073567-01481-X,"הרימון 311, דימונה",דימונה,הרימון,311,,,none,,,,
001027-073567-01482-X,"הפסגה 61, דימונה",דימונה,הפסגה,61,,,exact,204078.58,553357.80,,
001027-073567-01483-X,"בבא סאלי 100, דימונה",דימונה,בבא סאלי,100,,,exact,203266.34,552228.63,,
001027-073567-01484-X,"שיזף 176, דימונה",דימונה,שיזף,176,,,exact,203317.05,554383.30,,
001027-073567-01485-X,"טיילת הספורט 1047, דימונה",דימונה,טיילת הספורט,1047,,,none,,,,
001027-073567-01486-X,"ישעיה 13, דימונה",דימונה,ישעיה,13,,,exact,203370.36,554317.50,,
001027-073567-01487-X,"כובשי אילת 106, דימונה",דימונה,כובשי אילת,106,,,none,,,,
001027-073567-01488-X,"דיין משה 4, דימונה",דימונה,דיין משה,4,,,exact,203821.50,553663.08,,
001027-073567-01489-X,"הר שניר 21, דימונה",דימונה,הר שניר,21,,,exact,203246.02,555045.89,,
001027-073567-01490-X,"הרצל 35, דימונה",דימונה,הרצל,35,,,exact,203351.25,552905.42,,
001027-073567-01491-X,"האורן 542, דימונה",דימונה,האורן,542,,,none,,,,
001027-073567-01492-X,"חטיבת גבעתי 13, דימונה",דימונה,חטיבת גבעתי,13,,,none,,,,
001027-073567-01493-X,"הר שניר 10, דימונה",דימונה,הר שניר,10,,,exact,203344.09,555021.54,,
001027-073567-01494-X,"קציעות 12, דימונה",דימונה,קציעות,12,,,none,,,,
001027-073567-01495-X,"הרימון 8, דימונה",דימונה,הרימון,8,,,exact,202617.32,552566.29,,
001027-073567-01496-X,"קטלב 49, דימונה",דימונה,קטלב,49,,,none,,,,
001027-073567-01497-X,"שד הנשיא 58, דימונה",דימונה,שד הנשיא,58,,,none,,,,
001027-073567-01498-X,"קדש 74, דימונה",דימונה,קדש,74,,,none,,,,
001027-073567-01499-X,"? 122, דימונה",דימונה,?,122,,,none,,,,
001027-073567-01500-X,"נוה מדבר 141, דימונה",דימונה,נוה מדבר,141,,,none,,,,
001027-073567-01501-X,"השבלים 357, דימונה",דימונה,השבלים,357,,,none,,,,
001027-073567-01502-X,"סטרומה, דימונה",דימונה,סטרומה,,,,street,203108.24,553745.36,,
001027-073567-01503-X,"המסגר 6, דימונה",דימונה,המסגר,6,,,none,,,,
001027-073567-01504-X,"חגי 36, דימונה",דימונה,חגי,36,,,exact,203380.75,554009.32,,
001027-073567-01505-X,"חטיבת גולני 4083, דימונה",דימונה,חטיבת גולני,4083,,,none,,,,
001027-073567-01506-X,"היורה 781, דימונה",דימונה,היורה,781,,,none,,,,
001027-073567-01507-X,"שיקמה 16, דימונה",דימונה,שיקמה,16,,,exact,203683.09,554459.26,,
001027-073567-01508-X,"מלכה הנרי 267, דימונה",דימונה,מלכה הנרי,267,,,none,,,,
001027-073567-01509-X,"בית שערים 28, דימונה",דימונה,בית שערים,28,,,exact,203287.75,551701.26,,
001027-073567-01510-X,"נוה מדבר 130, דימונה",דימונה,נוה מדבר,130,,,none,,,,
001027-073567-01511-X,"קיסריה 17, דימונה",דימונה,קיסריה,17,,,exact,203610.19,551820.38,,
001027-073567-01512-X,"ברקן 11, דימונה",דימונה,ברקן,11,,,exact,203789.76,554238.33,,
001027-073567-01513-X,"שיקמה 9, דימונה",דימונה,שיקמה,9,,,exact,203708.35,554502.34,,
001027-073567-01514-X,"אקליפטוס 14, דימונה",דימונה,אקליפטוס,14,,,none,,,,
001027-073567-01515-X,"הר שניר 2, דימונה",דימונה,הר שניר,2,,,none,,,,
001027-073567-01516-X,"חרוב 29, דימונה",דימונה,חרוב,29,,,exact,203879.00,554368.35,,
001027-073567-01517-X,"רחבת הבנים 7, דימונה",דימונה,רחבת הבנים,7,,,none,,,,
001027-073567-01518-X,"השבלים 335, דימונה",דימונה,השבלים,335,,,none,,,,
001027-073567-01519-X,"תל אפק 27, דימונה",דימונה,תל אפק,27,,,none,,,,
001027-073567-01520-X,"היורה 779, דימונה",דימונה,היורה,779,,,none,,,,
001027-073567-01521-X,"נורית 16, דימונה",דימונה,נורית,16,,,exact,203649.61,554299.79,,
001027-073567-01522-X,"? 8, דימונה",דימונה,?,8,,,exact,202537.39,552256.35,,
001027-073567-01523-X,"חטיבת אלכסנדרוני 4085, דימונה",דימונה,חטיבת אלכסנדרוני,4085,,,none,,,,
001027-073567-01524-X,"בית שערים 2, דימונה",דימונה,בית שערים,2,,,exact,203159.38,551869.89,,
001027-073567-01525-X,"בשמת 25, דימונה",דימונה,בשמת,25,,,exact,204117.09,554240.46,,
001027-073567-01526-X,"המעפיל 1239, דימונה",דימונה,המעפיל,1239,,,none,,,,
001027-073567-01527-X,"? 82, דימונה",דימונה,?,82,,,exact,203754.68,552771.74,,
001027-073567-01528-X,"שד גולדה מאיר 1002, דימונה",דימונה,שד גולדה מאיר,1002,,,none,,,,
001027-073567-01529-X,"צוקרמן יצחק רחבה 1010, דימונה",דימונה,צוקרמן יצחק רחבה,1010,,,none,,,,
001027-073567-01530-X,"? 1089, דימונה",דימונה,?,1089,,,none,,,,
001027-073567-01531-X,"המעלה 29, דימונה",דימונה,המעלה,29,,,exact,204033.71,553300.25,,
001027-073567-01532-X,"רזיאל דוד 5, דימונה",דימונה,רזיאל דוד,5,,,none,,,,
001027-073567-01533-X,"המעפיל 11, דימונה",דימונה,המעפיל,11,,,exact,203146.61,553442.46,,
001027-073567-01534-X,"? 1088, דימונה",דימונה,?,1088,,,none,,,,
001027-073567-01535-X,"חגי 30, דימונה",דימונה,חגי,30,,,exact,203338.64,554009.45,,
001027-073567-01536-X,"כליל החורש 5, דימונה",דימונה,כליל החורש,5,,,exact,203901.09,554065.71,,
001027-073567-01537-X,"שיקמה 23, דימונה",דימונה,שיקמה,23,,,none,,,,
001027-073567-01538-X,"חצב 36, דימונה",דימונה,חצב,36,,,none,,,,
001027-073567-01539-X,"מ""ג המעפילים 216, דימונה",דימונה,"מ""ג המעפילים",216,,,none,,,,
001027-073567-01540-X,"? 4, דימונה",דימונה,?,4,,,exact,202519.98,552241.62,,
001027-073567-01541-X,"סחלבן החורש 2, דימונה",דימונה,סחלבן החורש,2,,,none,,,,
001027-073567-01542-X,"שדה יצחק 1019, דימונה",דימונה,שדה יצחק,1019,,,none,,,,
001027-073567-01543-X,"יגור 4, דימונה",דימונה,יגור,4,,,none,,,,
001027-073567-01544-X,"שד יגאל אלון 16, דימונה",דימונה,שד יגאל אלון,16,,,exact,203125.64,552456.30,,
001027-073567-01545-X,"גמלא 14, דימונה",דימונה,גמלא,14,,,exact,203251.05,551794.78,,
001027-073567-01546-X,"נוה מדבר 135, דימונה",דימונה,נוה מדבר,135,,,none,,,,
001027-073567-01547-X,"חרוב 15, דימונה",דימונה,חרוב,15,,,exact,203808.16,554365.72,,
001027-073567-01548-X,"חטיבת הראל 4082, דימונה",דימונה,חטיבת הראל,4082,,,none,,,,
001027-073567-01549-X,"המסגר 3, דימונה",דימונה,המסגר,3,,,none,,,,
001027-073567-01550-X,"שד הנשיא 263, דימונה",דימונה,שד הנשיא,263,,,none,,,,
001027-073567-01551-X,"שבזי שלום 36, דימונה",דימונה,שבזי שלום,36,,,exact,204088.33,553396.94,,
001027-073567-01552-X,"צבעוני 1, דימונה",דימונה,צבעוני,1,,,exact,203487.37,554433.16,,
001027-073567-01553-X,"ציפורן 19, דימונה",דימונה,ציפורן,19,,,exact,203694.66,554429.45,,
001027-073567-01554-X,"רחבת אורון 10, דימונה",דימונה,רחבת אורון,10,,,exact,202893.32,552514.14,,
001027-073567-01555-X,"השבלים 341, דימונה",דימונה,השבלים,341,,,none,,,,
001027-073567-01556-X,"? 29, דימונה",דימונה,?,29,,,exact,203397.43,552906.24,,
001027-073567-01557-X,"אקליפטוס 2, דימונה",דימונה,אקליפטוס,2,,,none,,,,
001027-073567-01558-X,"מורן החורש 49, דימונה",דימונה,מורן החורש,49,,,exact,204102.70,554177.79,,
001027-073567-01559-X,"? 9, דימונה",דימונה,?,9,,,exact,203643.15,552834.69,,
001027-073567-01560-X,"היורה 790, דימונה",דימונה,היורה,790,,,none,,,,
001027-073567-01561-X,"? 18, דימונה",דימונה,?,18,,,exact,203193.36,552994.31,,
001027-073567-01562-X,"שד בן גוריון 1316, דימונה",דימונה,שד בן גוריון,1316,,,none,,,,
001027-073567-01563-X,"השלוה 1179, דימונה",דימונה,השלוה,1179,,,none,,,,
001027-073567-01564-X,"אלה 4, דימונה",דימונה,אלה,4,,,exact,203590.37,554191.32,,
001027-073567-01565-X,"הרימון 342, דימונה",דימונה,הרימון,342,,,none,,,,
001027-073567-01566-X,"ירושלים 16, דימונה",דימונה,ירושלים,16,,,exact,203531.41,551875.16,,
001027-073567-01567-X,"המעפיל 1067, דימונה",דימונה,המעפיל,1067,,,none,,,,
001027-073567-01568-X,"השבלים 363, דימונה",דימונה,השבלים,363,,,none,,,,
001027-073567-01569-X,"נתיב הל""ה 10, דימונה",דימונה,"נתיב הל""ה",10,,,none,,,,
001027-073567-01570-X,"ירמיה 14, דימונה",דימונה,ירמיה,14,,,exact,203363.06,554187.74,,
001027-073567-01571-X,"הרמה 58, דימונה",דימונה,הרמה,58,,,exact,204007.78,552939.89,,
001027-073567-01572-X,"הרצל 503, דימונה",דימונה,הרצל,503,,,none,,,,
001027-073567-01573-X,"מרחבים 1322, דימונה",דימונה,מרחבים,1322,,,none,,,,
001027-073567-01574-X,"דרך השלום 145, דימונה",דימונה,דרך השלום,145,,,none,,,,
001027-073567-01575-X,"חטיבת אלכסנדרוני 4081, דימונה",דימונה,חטיבת אלכסנדרוני,4081,,,none,,,,
001027-073567-01576-X,"הר מירון 2, דימונה",דימונה,הר מירון,2,,,exact,203603.82,555021.69,,
001027-073567-01577-X,"? 1086, דימונה",דימונה,?,1086,,,none,,,,
001027-073567-01578-X,"שד הנשיא 7, דימונה",דימונה,שד הנשיא,7,,,none,,,,
001027-073567-01579-X,"סחלבן החורש 70, דימונה",דימונה,סחלבן החורש,70,,,exact,204091.05,554025.82,,
001027-073567-01580-X,"רחבת אורון 32, דימונה",דימונה,רחבת אורון,32,,,none,,,,
001027-073567-01581-X,"מונפור 34, דימונה",דימונה,מונפור,34,,,exact,203387.26,551540.17,,
001027-073567-01582-X,"הרדוף הנחלים 23, דימונה",דימונה,הרדוף הנחלים,23,,,exact,204130.66,554430.69,,
001027-073567-01583-X,"המעפיל 39, דימונה",דימונה,המעפיל,39,,,none,,,,
001027-073567-01584-X,"בת חן 10, דימונה",דימונה,בת חן,10,,,exact,203086.13,553836.51,,
001027-073567-01585-X,"הפסגה 34, דימונה",דימונה,הפסגה,34,,,exact,203926.90,553457.95,,
001027-073567-01586-X,"משעול רוגל 14, דימונה",דימונה,משעול רוגל,14,,,none,,,,
001027-073567-01587-X,"חצב 20, דימונה",דימונה,חצב,20,,,exact,203618.34,554088.25,,
001027-073567-01588-X,"שבזי שלום 17, דימונה",דימונה,שבזי שלום,17,,,exact,203997.88,553559.08,,
001027-073567-01589-X,"שיזף 46, דימונה",דימונה,שיזף,46,,,none,,,,
001027-073567-01590-X,"כליל החורש 15, דימונה",דימונה,כליל החורש,15,,,exact,203899.55,554108.88,,
001027-073567-01591-X,"שיבטה 12, דימונה",דימונה,שיבטה,12,,,exact,203725.47,551665.09,,
001027-073567-01592-X,"אדר 1, דימונה",דימונה,אדר,1,,,exact,203751.06,554113.88,,
001027-073567-01593-X,"ירמיה 31, דימונה",דימונה,ירמיה,31,,,none,,,,
001027-073567-01594-X,"סחלבן החורש 29, דימונה",דימונה,סחלבן החורש,29,,,exact,203947.43,554047.63,,
001027-073567-01595-X,"עזרא ונחמיה 250, דימונה",דימונה,עזרא ונחמיה,250,,,none,,,,
001027-073567-01596-X,"חגי 17, דימונה",דימונה,חגי,17,,,exact,203351.80,554032.92,,
001027-073567-01597-X,"שד יגאל אלון 221, דימונה",דימונה,שד יגאל אלון,221,,,none,,,,
001027-073567-01598-X,"השיא 12, דימונה",דימונה,השיא,12,,,exact,204057.91,552830.24,,
001027-073567-01599-X,"? 1093, דימונה",דימונה,?,1093,,,none,,,,
001027-073567-01600-X,"אקליפטוס 9, דימונה",דימונה,אקליפטוס,9,,,exact,203972.77,554087.03,,
001027-073567-01601-X,"מבצע ברוש 7, דימונה",דימונה,מבצע ברוש,7,,,none,,,,
001027-073567-01602-X,"תל אפק 25, דימונה",דימונה,תל אפק,25,,,exact,203226.43,551572.49,,
001027-073567-01603-X,"הרמה 60, דימונה",דימונה,הרמה,60,,,exact,204027.72,552934.62,,
001027-073567-01604-X,"גמלא 28, דימונה",דימונה,גמלא,28,,,exact,203378.54,551749.64,,
001027-073567-01605-X,"העליה 42, דימונה",דימונה,העליה,42,,,exact,204006.15,552726.24,,
001027-073567-01606-X,"נוה מדבר 182, דימונה",דימונה,נוה מדבר,182,,,none,,,,
001027-073567-01607-X,"דרך הצנחנים 1075, דימונה",דימונה,דרך הצנחנים,1075,,,none,,,,
001027-073567-01608-X,"העצמאות 1006, דימונה",דימונה,העצמאות,1006,,,none,,,,
001027-073567-01609-X,"קדש 56, דימונה",דימונה,קדש,56,,,none,,,,
001027-073567-01610-X,"ערוגות 16, דימונה",דימונה,ערוגות,16,,,exact,203331.98,553637.48,,
001027-073567-01611-X,"קטלב 37, דימונה",דימונה,קטלב,37,,,exact,203713.98,554232.37,,
001027-073567-01612-X,"שד הנשיא 48, דימונה",דימונה,שד הנשיא,48,,,none,,,,
001027-073567-01613-X,"טיילת הספורט 34, דימונה",דימונה,טיילת הספורט,34,,,exact,203133.17,553527.25,,
001027-073567-01614-X,"דרך השלום 6, דימונה",דימונה,דרך השלום,6,,,exact,203330.38,553532.39,,
001027-073567-01615-X,"? 41, דימונה",דימונה,?,41,,,exact,203317.47,552925.54,,
001027-073567-01616-X,"בר כוכבא 270, דימונה",דימונה,בר כוכבא,270,,,none,,,,
001027-073567-01617-X,"השבלים 343, דימונה",דימונה,השבלים,343,,,none,,,,
001027-073567-01618-X,"המעפיל 12, דימונה",דימונה,המעפיל,12,,,exact,203145.34,553407.65,,
001027-073567-01619-X,"חרוב 21, דימונה",דימונה,חרוב,21,,,exact,203838.90,554368.06,,
001027-073567-01620-X,"עלית הנוער 9, דימונה",דימונה,עלית הנוער,9,,,none,,,,
001027-073567-01621-X,"ירושלים 14, דימונה",דימונה,ירושלים,14,,,exact,203517.39,551883.91,,
001027-073567-01622-X,"אזוב 3, דימונה",דימונה,אזוב,3,,,none,,,,
001027-073567-01623-X,"יודפת 2, דימונה",דימונה,יודפת,2,,,exact,203313.09,551685.87,,
001027-073567-01624-X,"הרימון 270, דימונה",דימונה,הרימון,270,,,none,,,,
001027-073567-01625-X,"נוה מדבר 33, דימונה",דימונה,נוה מדבר,33,,,exact,202658.77,552158.39,,
001027-073567-01626-X,"המעפיל 27, דימונה",דימונה,המעפיל,27,,,exact,203316.30,553452.31,,
001027-073567-01627-X,"שד יגאל אלון 209, דימונה",דימונה,שד יגאל אלון,209,,,none,,,,
001027-073567-01628-X,"הר שניר 18, דימונה",דימונה,הר שניר,18,,,exact,203258.02,555073.70,,
001027-073567-01629-X,"הר ארבל 29, דימונה",דימונה,הר ארבל,29,,,exact,203651.66,554970.93,,
001027-073567-01630-X,"העמל 14, דימונה",דימונה,העמל,14,,,none,,,,
001027-073567-01631-X,"אמנון ותמר 1, דימונה",דימונה,אמנון ותמר,1,,,exact,202995.83,553767.26,,
001027-073567-01632-X,"דרך השלום 1203, דימונה",דימונה,דרך השלום,1203,,,none,,,,
001027-073567-01633-X,"שיבטה 19, דימונה",דימונה,שיבטה,19,,,exact,203709.49,551707.77,,
001027-073567-01634-X,"חטיבת אלכסנדרוני 4078, דימונה",דימונה,חטיבת אלכסנדרוני,4078,,,none,,,,
001027-073567-01635-X,"דוכיפת 122, דימונה",דימונה,דוכיפת,122,,,none,,,,
001027-073567-01636-X,"דפנה 5, דימונה",דימונה,דפנה,5,,,none,,,,
001027-073567-01637-X,"מרווה 17, דימונה",דימונה,מרווה,17,,,exact,203679.12,554191.22,,
001027-073567-01638-X,"שיזף 122, דימונה",דימונה,שיזף,122,,,exact,203647.33,554608.01,,
001027-073567-01639-X,"המעפיל 1, דימונה",דימונה,המעפיל,1,,,none,,,,
001027-073567-01640-X,"שד בן גוריון 67, דימונה",דימונה,שד בן גוריון,67,,,exact,203209.11,553489.92,,
001027-073567-01641-X,"קלעת נמרוד 27, דימונה",דימונה,קלעת נמרוד,27,,,exact,203350.14,551475.15,,
001027-073567-01642-X,"שד הנשיא 199, דימונה",דימונה,שד הנשיא,199,,,none,,,,
001027-073567-01643-X,"ברקן 8, דימונה",דימונה,ברקן,8,,,exact,203770.55,554204.66,,
001027-073567-01644-X,"רחבת האיסיים 6, דימונה",דימונה,רחבת האיסיים,6,,,none,,,,
001027-073567-01645-X,"חגי 48, דימונה",דימונה,חגי,48,,,exact,203473.08,554007.96,,
001027-073567-01646-X,"הר מירון 11, דימונה",דימונה,הר מירון,11,,,none,,,,
001027-073567-01647-X,"הנרקיס 14, דימונה",דימונה,הנרקיס,14,,,exact,202974.41,552384.47,,
001027-073567-01648-X,"? 1087, דימונה",דימונה,?,1087,,,none,,,,
001027-073567-01649-X,"צפצפה 11, דימונה",דימונה,צפצפה,11,,,exact,203589.81,554414.83,,
001027-073567-01650-X,"הפסגה 5, דימונה",דימונה,הפסגה,5,,,exact,203695.74,553477.82,,
001027-073567-01651-X,"הגפן 46, דימונה",דימונה,הגפן,46,,,exact,202325.72,552630.49,,
001027-073567-01652-X,"מרחבים 1325, דימונה",דימונה,מרחבים,1325,,,none,,,,
001027-073567-01653-X,"טיילת הספורט 1057, דימונה",דימונה,טיילת הספורט,1057,,,none,,,,
001027-073567-01654-X,"ציפורי 39, דימונה",דימונה,ציפורי,39,,,none,,,,
001027-073567-01655-X,"הגיא 6, דימונה",דימונה,הגיא,6,,,exact,203801.98,553355.15,,
001027-073567-01656-X,"טופח 19, דימונה",דימונה,טופח,19,,,exact,203896.84,554454.23,,
001027-073567-01657-X,"השלוה 1180, דימונה",דימונה,השלוה,1180,,,none,,,,
001027-073567-01658-X,"מרווה 2, דימונה",דימונה,מרווה,2,,,exact,203622.74,554147.38,,
001027-073567-01659-X,"קדש 67, דימונה",דימונה,קדש,67,,,none,,,,
001027-073567-01660-X,"שבזי שלום 46, דימונה",דימונה,שבזי שלום,46,,,exact,204173.28,553391.47,,
001027-073567-01661-X,"אשחר 34, דימונה",דימונה,אשחר,34,,,exact,204155.06,554082.23,,
001027-073567-01662-X,"העליה 24, דימונה",דימונה,העליה,24,,,exact,203905.81,552759.44,,
001027-073567-01663-X,"דני 1, דימונה",דימונה,דני,1,,,none,,,,
001027-073567-01664-X,"קציעות 7, דימונה",דימונה,קציעות,7,,,exact,203134.53,552234.57,,
001027-073567-01665-X,"גמלא 58, דימונה",דימונה,גמלא,58,,,exact,203667.52,551696.78,,
001027-073567-01666-X,"נוה מדבר 105, דימונה",דימונה,נוה מדבר,105,,,none,,,,
001027-073567-01667-X,"ציפורן 2, דימונה",דימונה,ציפורן,2,,,exact,203553.42,554497.97,,
001027-073567-01668-X,"מורן החורש 23, דימונה",דימונה,מורן החורש,23,,,exact,203945.97,554173.23,,
001027-073567-01669-X,"רחבת הנח""ל 5, דימונה",דימונה,"רחבת הנח""ל",5,,,none,,,,
001027-073567-01670-X,"שיבטה 14, דימונה",דימונה,שיבטה,14,,,none,,,,
001027-073567-01671-X,"קדש 55, דימונה",דימונה,קדש,55,,,none,,,,
001027-073567-01672-X,"שד הנשיא 24, דימונה",דימונה,שד הנשיא,24,,,exact,202706.42,552302.45,,
001027-073567-01673-X,"שד הנשיא 21, דימונה",דימונה,שד הנשיא,21,,,exact,202456.12,552287.17,,
001027-073567-01674-X,"הרימון 308, דימונה",דימונה,הרימון,308,,,none,,,,
001027-073567-01675-X,"פינטו חיים 327, דימונה",דימונה,פינטו חיים,327,,,none,,,,
001027-073567-01676-X,"עבדת 5, דימונה",דימונה,עבדת,5,,,exact,203761.04,552695.66,,
001027-073567-01677-X,"הרימון 299, דימונה",דימונה,הרימון,299,,,none,,,,
001027-073567-01678-X,"התאנה 346, דימונה",דימונה,התאנה,346,,,none,,,,
001027-073567-01679-X,"דפנה 25, דימונה",דימונה,דפנה,25,,,exact,203824.44,554296.13,,
001027-073567-01680-X,"שד בן גוריון 57, דימונה",דימונה,שד בן גוריון,57,,,exact,203229.91,553363.63,,
001027-073567-01681-X,"טבנקין יצחק 7, דימונה",דימונה,טבנקין יצחק,7,,,none,,,,
001027-073567-01682-X,"מרחבים 1308, דימונה",דימונה,מרחבים,1308,,,none,,,,
001027-073567-01683-X,"יודפת 12, דימונה",דימונה,יודפת,12,,,exact,203309.29,551620.86,,
001027-073567-01684-X,"הר ארבל 35, דימונה",דימונה,הר ארבל,35,,,none,,,,
001027-073567-01685-X,"התאנה 380, דימונה",דימונה,התאנה,380,,,none,,,,
001027-073567-01686-X,"המעפיל 96, דימונה",דימונה,המעפיל,96,,,exact,203995.95,553146.33,,
001027-073567-01687-X,"יגור 9, דימונה",דימונה,יגור,9,,,none,,,,
001027-073567-01688-X,"? 7, דימונה",דימונה,?,7,,,exact,203662.46,552830.64,,
001027-073567-01689-X,"הר שניר 8, דימונה",דימונה,הר שניר,8,,,none,,,,
001027-073567-01690-X,"טופח 26, דימונה",דימונה,טופח,26,,,exact,203976.21,554481.93,,
001027-073567-01691-X,"עזרא ונחמיה 244, דימונה",דימונה,עזרא ונחמיה,244,,,none,,,,
001027-073567-01692-X,"המעפיל 1055, דימונה",דימונה,המעפיל,1055,,,none,,,,
001027-073567-01693-X,"קרני חיטין 8, דימונה",דימונה,קרני חיטין,8,,,exact,203872.80,551515.29,,
001027-073567-01694-X,"חרוב 24, דימונה",דימונה,חרוב,24,,,exact,203845.59,554326.02,,
001027-073567-01695-X,"כובשי אילת 102, דימונה",דימונה,כובשי אילת,102,,,none,,,,
001027-073567-01696-X,"אדר 10, דימונה",דימונה,אדר,10,,,exact,203783.37,554083.11,,
001027-073567-01697-X,"ירושלים 10, דימונה",דימונה,ירושלים,10,,,exact,203338.96,551957.55,,
001027-073567-01698-X,"פינטו חיים 325, דימונה",דימונה,פינטו חיים,325,,,none,,,,
001027-073567-01699-X,"אבן עזרא 17, דימונה",דימונה,אבן עזרא,17,,,exact,204067.69,553477.73,,
001027-073567-01700-X,"ההדס 526, דימונה",דימונה,ההדס,526,,,none,,,,
001027-073567-01701-X,"בבא סאלי 27, דימונה",דימונה,בבא סאלי,27,,,exact,202664.90,552083.01,,
001027-073567-01702-X,"אדר 2, דימונה",דימונה,אדר,2,,,exact,203749.35,554084.65,,
001027-073567-01703-X,"רחבת יונתן 6, דימונה",דימונה,רחבת יונתן,6,,,none,,,,
001027-073567-01704-X,"המעפיל 1209, דימונה",דימונה,המעפיל,1209,,,none,,,,
001027-073567-01705-X,"שיזף 170, דימונה",דימונה,שיזף,170,,,exact,203342.73,554389.28,,
001027-073567-01706-X,"הנרקיס 771, דימונה",דימונה,הנרקיס,771,,,none,,,,
001027-073567-01707-X,"מונפור 20, דימונה",דימונה,מונפור,20,,,exact,203312.80,551511.63,,
001027-073567-01708-X,"שד הנשיא 37, דימונה",דימונה,שד הנשיא,37,,,exact,202610.97,552328.95,,
001027-073567-01709-X,"הרב אלנקוה 11, דימונה",דימונה,הרב אלנקוה,11,,,none,,,,
001027-073567-01710-X,"פקיעין 16, דימונה",דימונה,פקיעין,16,,,exact,203382.39,551821.07,,
001027-073567-01711-X,"ישעיה 15, דימונה",דימונה,ישעיה,15,,,exact,203354.30,554313.22,,
001027-073567-01712-X,"נתיב הל""ה 2, דימונה",דימונה,"נתיב הל""ה",2,,,none,,,,
001027-073567-01713-X,"שיזף 48, דימונה",דימונה,שיזף,48,,,none,,,,
001027-073567-01714-X,"משעול התקוה 14, דימונה",דימונה,משעול התקוה,14,,,none,,,,
001027-073567-01715-X,"הרימון 288, דימונה",דימונה,הרימון,288,,,none,,,,
001027-073567-01716-X,"ברקן 18, דימונה",דימונה,ברקן,18,,,exact,203824.67,554210.17,,
001027-073567-01717-X,"רחבת האצ""ל 2, דימונה",דימונה,"רחבת האצ""ל",2,,,none,,,,
001027-073567-01718-X,"היורה 796, דימונה",דימונה,היורה,796,,,none,,,,
001027-073567-01719-X,"מולדה 35, דימונה",דימונה,מולדה,35,,,none,,,,
001027-073567-01720-X,"הרב אלנקוה 10, דימונה",דימונה,הרב אלנקוה,10,,,none,,,,
001027-073567-01721-X,"? 1, דימונה",דימונה,?,1,,,exact,203717.95,552811.34,,
001027-073567-01722-X,"הר כרמל 14, דימונה",דימונה,הר כרמל,14,,,exact,203569.91,554966.86,,
001027-073567-01723-X,"שד בן גוריון 23, דימונה",דימונה,שד בן גוריון,23,,,exact,203230.40,553177.56,,
001027-073567-01724-X,"שיבטה 15, דימונה",דימונה,שיבטה,15,,,exact,203699.39,551688.93,,
001027-073567-01725-X,"חגי 5, דימונה",דימונה,חגי,5,,,none,,,,
001027-073567-01726-X,"אקליפטוס 7, דימונה",דימונה,אקליפטוס,7,,,exact,203970.71,554073.93,,
001027-073567-01727-X,"נוה מדבר 132, דימונה",דימונה,נוה מדבר,132,,,none,,,,
001027-073567-01728-X,"הר חרמון 6, דימונה",דימונה,הר חרמון,6,,,none,,,,
001027-073567-01729-X,"שד הנשיא 54, דימונה",דימונה,שד הנשיא,54,,,none,,,,
001027-073567-01730-X,"שד הנשיא 60, דימונה",דימונה,שד הנשיא,60,,,none,,,,
001027-073567-01731-X,"טיילת הספורט 26, דימונה",דימונה,טיילת הספורט,26,,,exact,203123.04,553377.04,,
001027-073567-01732-X,"רחבת האשלג 13, דימונה",דימונה,רחבת האשלג,13,,,exact,202742.55,552639.66,,
001027-073567-01733-X,"הרצל 232, דימונה",דימונה,הרצל,232,,,none,,,,
001027-073567-01734-X,"נוה מדבר 133, דימונה",דימונה,נוה מדבר,133,,,none,,,,
001027-073567-01735-X,"דפנה 19, דימונה",דימונה,דפנה,19,,,exact,203801.55,554301.74,,
001027-073567-01736-X,"חצב 59, דימונה",דימונה,חצב,59,,,exact,203590.85,554120.44,,
001027-073567-01737-X,"לובטקין צביה 10, דימונה",דימונה,לובטקין צביה,10,,,none,,,,
001027-073567-01738-X,"האורן 12, דימונה",דימונה,האורן,12,,,exact,202769.43,552781.25,,
001027-073567-01739-X,"המעלה 25, דימונה",דימונה,המעלה,25,,,exact,203987.03,553335.90,,
001027-073567-01740-X,"התאנה 238, דימונה",דימונה,התאנה,238,,,none,,,,
001027-073567-01741-X,"בשמת 14, דימונה",דימונה,בשמת,14,,,exact,204054.82,554206.37,,
001027-073567-01742-X,"שיקמה 4, דימונה",דימונה,שיקמה,4,,,exact,203609.60,554527.73,,
001027-073567-01743-X,"מרחבים 1301, דימונה",דימונה,מרחבים,1301,,,none,,,,
001027-073567-01744-X,"מרחבים 1321, דימונה",דימונה,מרחבים,1321,,,none,,,,
001027-073567-01745-X,"נורית 21, דימונה",דימונה,נורית,21,,,none,,,,
001027-073567-01746-X,"שד הנשיא 50, דימונה",דימונה,שד הנשיא,50,,,none,,,,
001027-073567-01747-X,"דולב 21, דימונה",דימונה,דולב,21,,,none,,,,
001027-073567-01748-X,"הרימון 274, דימונה",דימונה,הרימון,274,,,none,,,,
001027-073567-01749-X,"נוה מדבר 174, דימונה",דימונה,נוה מדבר,174,,,none,,,,
001027-073567-01750-X,"גמלא 46, דימונה",דימונה,גמלא,46,,,none,,,,
001027-073567-01751-X,"טיילת הספורט 1048, דימונה",דימונה,טיילת הספורט,1048,,,none,,,,
001027-073567-01752-X,"הברוש 13, דימונה",דימונה,הברוש,13,,,none,,,,
001027-073567-01753-X,"הרצל 63, דימונה",דימונה,הרצל,63,,,exact,202915.62,552905.68,,
001027-073567-01754-X,"לובטקין צביה 5, דימונה",דימונה,לובטקין צביה,5,,,none,,,,
001027-073567-01755-X,"לובטקין צביה 14, דימונה",דימונה,לובטקין צביה,14,,,none,,,,
001027-073567-01756-X,"חרוב 16, דימונה",דימונה,חרוב,16,,,exact,203809.30,554326.08,,
001027-073567-01757-X,"היורה 791, דימונה",דימונה,היורה,791,,,none,,,,
001027-073567-01758-X,"הר מירון 8, דימונה",דימונה,הר מירון,8,,,exact,203659.70,555053.72,,
001027-073567-01759-X,"? 19, דימונה",דימונה,?,19,,,exact,203456.73,552886.89,,
001027-073567-01760-X,"הכלנית 727, דימונה",דימונה,הכלנית,727,,,none,,,,
001027-073567-01761-X,"אקליפטוס 18, דימונה",דימונה,אקליפטוס,18,,,exact,204027.36,554308.71,,
001027-073567-01762-X,"שד בן גוריון 1318, דימונה",דימונה,שד בן גוריון,1318,,,exact,203261.49,553895.10,,
001027-073567-01763-X,"יודפת 7, דימונה",דימונה,יודפת,7,,,exact,203338.62,551643.79,,
001027-073567-01764-X,"? 13, דימונה",דימונה,?,13,,,exact,203545.33,552859.59,,
001027-073567-01765-X,"? 30, דימונה",דימונה,?,30,,,exact,202740.56,552306.90,,
001027-073567-01766-X,"הרכס 10, דימונה",דימונה,הרכס,10,,,exact,204049.93,553047.54,,
001027-073567-01767-X,"עבדת 1, דימונה",דימונה,עבדת,1,,,exact,203757.32,552675.22,,
001027-073567-01768-X,"מצדה 155, דימונה",דימונה,מצדה,155,,,none,,,,
001027-073567-01769-X,"? 25, דימונה",דימונה,?,25,,,exact,203415.33,552886.29,,
001027-073567-01770-X,"רחבת אורון 4, דימונה",דימונה,רחבת אורון,4,,,exact,202849.89,552515.99,,
001027-073567-01771-X,"יואל 4, דימונה",דימונה,יואל,4,,,exact,203300.37,554146.59,,
001027-073567-01772-X,"דפנה 24, דימונה",דימונה,דפנה,24,,,exact,203845.26,554265.17,,
001027-073567-01773-X,"שיקמה 26, דימונה",דימונה,שיקמה,26,,,exact,203781.81,554475.13,,
001027-073567-01774-X,"אמנון ותמר 21, דימונה",דימונה,אמנון ותמר,21,,,exact,202987.17,553911.81,,
001027-073567-01775-X,"? 21, דימונה",דימונה,?,21,,,exact,203444.17,552886.28,,
001027-073567-01776-X,"הרב אבוחצירה 314, דימונה",דימונה,הרב אבוחצירה,314,,,none,,,,
001027-073567-01777-X,"הצבר 26, דימונה",דימונה,הצבר,26,,,none,,,,
001027-073567-01778-X,"שד גולדה מאיר 1006, דימונה",דימונה,שד גולדה מאיר,1006,,,none,,,,
001027-073567-01779-X,"עבדת 14, דימונה",דימונה,עבדת,14,,,none,,,,
001027-073567-01780-X,"קדש 52, דימונה",דימונה,קדש,52,,,none,,,,
001027-073567-01781-X,"קיסריה 14, דימונה",דימונה,קיסריה,14,,,exact,203538.78,551796.73,,
001027-073567-01782-X,"מורן החורש 45, דימונה",דימונה,מורן החורש,45,,,exact,204078.45,554179.55,,
001027-073567-01783-X,"רחבת הבנים 12, דימונה",דימונה,רחבת הבנים,12,,,none,,,,
001027-073567-01784-X,"בבא סאלי 8, דימונה",דימונה,בבא סאלי,8,,,none,,,,
001027-073567-01785-X,"ישעיה 29, דימונה",דימונה,ישעיה,29,,,none,,,,
001027-073567-01786-X,"מבצר עכו 5, דימונה",דימונה,מבצר עכו,5,,,exact,203759.12,551683.34,,
001027-073567-01787-X,"שושן צחור 7, דימונה",דימונה,שושן צחור,7,,,exact,203066.82,553797.55,,
001027-073567-01788-X,"רחבת יונתן 10, דימונה",דימונה,רחבת יונתן,10,,,none,,,,
001027-073567-01789-X,"הרצל 57, דימונה",דימונה,הרצל,57,,,exact,202966.01,552910.09,,
001027-073567-01790-X,"מרווה 11, דימונה",דימונה,מרווה,11,,,exact,203630.83,554190.72,,
001027-073567-01791-X,"הרב אלנקוה 12, דימונה",דימונה,הרב אלנקוה,12,,,none,,,,
001027-073567-01792-X,"הרמה 52, דימונה",דימונה,הרמה,52,,,exact,203966.23,552969.31,,
001027-073567-01793-X,"הפסגה 6, דימונה",דימונה,הפסגה,6,,,exact,203729.46,553479.51,,
001027-073567-01794-X,"הרימון 356, דימונה",דימונה,הרימון,356,,,none,,,,
001027-073567-01795-X,"שיקמה 3, דימונה",דימונה,שיקמה,3,,,exact,203634.27,554548.66,,
001027-073567-01796-X,"העמל 10, דימונה",דימונה,העמל,10,,,none,,,,
001027-073567-01797-X,"הברוש 8, דימונה",דימונה,הברוש,8,,,none,,,,
001027-073567-01798-X,"עזרא ונחמיה 220, דימונה",דימונה,עזרא ונחמיה,220,,,none,,,,
001027-073567-01799-X,"קדש 57, דימונה",דימונה,קדש,57,,,none,,,,
001027-073567-01800-X,"המסגר 10, דימונה",דימונה,המסגר,10,,,none,,,,
001027-073567-01801-X,"ההדס 524, דימונה",דימונה,ההדס,524,,,none,,,,
001027-073567-01802-X,"דוד אלעזר 575, דימונה",דימונה,דוד אלעזר,575,,,none,,,,
001027-073567-01803-X,"סחלבן החורש 88, דימונה",דימונה,סחלבן החורש,88,,,exact,204183.97,553998.33,,
001027-073567-01804-X,"סחלבן החורש 4, דימונה",דימונה,סחלבן החורש,4,,,none,,,,
001027-073567-01805-X,"פרג 32, דימונה",דימונה,פרג,32,,,exact,203567.11,554360.32,,
001027-073567-01806-X,"ציפורי 41, דימונה",דימונה,ציפורי,41,,,none,,,,
001027-073567-01807-X,"חצב 48, דימונה",דימונה,חצב,48,,,none,,,,
001027-073567-01808-X,"חצב 35, דימונה",דימונה,חצב,35,,,exact,203591.10,554015.16,,
001027-073567-01809-X,"שד יגאל אלון 13, דימונה",דימונה,שד יגאל אלון,13,,,exact,203277.79,552499.62,,
001027-073567-01810-X,"העליה 30, דימונה",דימונה,העליה,30,,,exact,203934.26,552746.27,,
001027-073567-01811-X,"נוה מדבר 167, דימונה",דימונה,נוה מדבר,167,,,none,,,,
001027-073567-01812-X,"השיא 19, דימונה",דימונה,השיא,19,,,exact,204076.39,552779.71,,
001027-073567-01813-X,"טופח 14, דימונה",דימונה,טופח,14,,,exact,203923.91,554431.94,,
001027-073567-01814-X,"חצב 24, דימונה",דימונה,חצב,24,,,exact,203637.36,554120.28,,
001027-073567-01815-X,"דרך הצנחנים 1068, דימונה",דימונה,דרך הצנחנים,1068,,,none,,,,
001027-073567-01816-X,"? 28, דימונה",דימונה,?,28,,,exact,203134.64,552991.59,,
001027-073567-01817-X,"רחבת האשלג 25, דימונה",דימונה,רחבת האשלג,25,,,exact,202720.59,552704.79,,
001027-073567-01818-X,"רחבת האשלג 14, דימונה",דימונה,רחבת האשלג,14,,,exact,202761.12,552731.59,,
001027-073567-01819-X,"הפסגה 74, דימונה",דימונה,הפסגה,74,,,exact,204077.71,553107.43,,
001027-073567-01820-X,"שבזי שלום 12, דימונה",דימונה,שבזי שלום,12,,,exact,203959.12,553607.64,,
001027-073567-01821-X,"התאנה 254, דימונה",דימונה,התאנה,254,,,none,,,,
001027-073567-01822-X,"מלכה הנרי 266, דימונה",דימונה,מלכה הנרי,266,,,none,,,,
001027-073567-01823-X,"הסנהדרין 277, דימונה",דימונה,הסנהדרין,277,,,none,,,,
001027-073567-01824-X,"מצדה 154, דימונה",דימונה,מצדה,154,,,none,,,,
001027-073567-01825-X,"האשל 566, דימונה",דימונה,האשל,566,,,none,,,,
001027-073567-01826-X,"רחבת הנח""ל 4, דימונה",דימונה,"רחבת הנח""ל",4,,,none,,,,
001027-073567-01827-X,"מבצע עובדה 1014, דימונה",דימונה,מבצע עובדה,1014,,,none,,,,
001027-073567-01828-X,"הרימון 16, דימונה",דימונה,הרימון,16,,,exact,202556.49,552562.79,,
001027-073567-01829-X,"הרימון 14, דימונה",דימונה,הרימון,14,,,exact,202576.77,552566.23,,
001027-073567-01830-X,"הרימון 366, דימונה",דימונה,הרימון,366,,,none,,,,
001027-073567-01831-X,"מבצע חורב 14, דימונה",דימונה,מבצע חורב,14,,,exact,202688.52,553619.97,,
001027-073567-01832-X,"שד הנשיא 20, דימונה",דימונה,שד הנשיא,20,,,exact,202628.00,552271.17,,
001027-073567-01833-X,"דפנה 27, דימונה",דימונה,דפנה,27,,,exact,203839.06,554299.37,,
001027-073567-01834-X,"כליל החורש 9, דימונה",דימונה,כליל החורש,9,,,exact,203901.25,554085.59,,
001027-073567-01835-X,"חרוב 42, דימונה",דימונה,חרוב,42,,,exact,204064.04,554394.50,,
001027-073567-01836-X,"שד בן גוריון 1327, דימונה",דימונה,שד בן גוריון,1327,,,none,,,,
001027-073567-01837-X,"הגפן 11, דימונה",דימונה,הגפן,11,,,exact,202576.30,552671.43,,
001027-073567-01838-X,"חטיבת אלכסנדרוני 4083, דימונה",דימונה,חטיבת אלכסנדרוני,4083,,,none,,,,
001027-073567-01839-X,"יודפת 10, דימונה",דימונה,יודפת,10,,,exact,203311.18,551636.49,,
001027-073567-01840-X,"חצב 5, דימונה",דימונה,חצב,5,,,exact,203681.83,554083.48,,
001027-073567-01841-X,"שד הנשיא 192, דימונה",דימונה,שד הנשיא,192,,,none,,,,
001027-073567-01842-X,"חרוב 11, דימונה",דימונה,חרוב,11,,,exact,203789.84,554368.30,,
001027-073567-01843-X,"המעפיל 84, דימונה",דימונה,המעפיל,84,,,exact,203914.23,553270.30,,
001027-073567-01844-X,"דרך השלום 143, דימונה",דימונה,דרך השלום,143,,,none,,,,
001027-073567-01845-X,"העליה 6, דימונה",דימונה,העליה,6,,,exact,203787.04,552791.84,,
001027-073567-01846-X,"דרך השלום 40, דימונה",דימונה,דרך השלום,40,,,exact,203517.23,553601.85,,
001027-073567-01847-X,"הרימון 360, דימונה",דימונה,הרימון,360,,,none,,,,
001027-073567-01848-X,"השבלים 349, דימונה",דימונה,השבלים,349,,,none,,,,
001027-073567-01849-X,"ציפורן 10, דימונה",דימונה,ציפורן,10,,,exact,203602.96,554448.80,,
001027-073567-01850-X,"היורה 776, דימונה",דימונה,היורה,776,,,none,,,,
001027-073567-01851-X,"התאנה 382, דימונה",דימונה,התאנה,382,,,none,,,,
001027-073567-01852-X,"ציפורן 21, דימונה",דימונה,ציפורן,21,,,none,,,,
001027-073567-01853-X,"הר תבור 6, דימונה",דימונה,הר תבור,6,,,exact,203705.48,555017.65,,
001027-073567-01854-X,"נתיב הצפורים 131, דימונה",דימונה,נתיב הצפורים,131,,,none,,,,
001027-073567-01855-X,"מונפור 9, דימונה",דימונה,מונפור,9,,,none,,,,
001027-073567-01856-X,"בת חן 17, דימונה",דימונה,בת חן,17,,,exact,203175.27,553868.19,,
001027-073567-01857-X,"קטלב 8, דימונה",דימונה,קטלב,8,,,none,,,,
001027-073567-01858-X,"צפצפה 9, דימונה",דימונה,צפצפה,9,,,exact,203574.26,554428.82,,
001027-073567-01859-X,"הגפן 13, דימונה",דימונה,הגפן,13,,,exact,202567.40,552673.63,,
001027-073567-01860-X,"שד הנשיא 3, דימונה",דימונה,שד הנשיא,3,,,none,,,,
001027-073567-01861-X,"דרך השלום 13, דימונה",דימונה,דרך השלום,13,,,exact,203340.08,553566.59,,
001027-073567-01862-X,"השיריון 4086, דימונה",דימונה,השיריון,4086,,,none,,,,
001027-073567-01863-X,"? 26, דימונה",דימונה,?,26,,,exact,203146.59,552994.31,,
001027-073567-01864-X,"שד בן גוריון 1102, דימונה",דימונה,שד בן גוריון,1102,,,none,,,,
001027-073567-01865-X,"אשחר 11, דימונה",דימונה,אשחר,11,,,exact,204041.51,554115.90,,
001027-073567-01866-X,"המעפיל 15, דימונה",דימונה,המעפיל,15,,,exact,203173.79,553442.53,,
001027-073567-01867-X,"המעפיל 2, דימונה",דימונה,המעפיל,2,,,exact,202836.93,553355.42,,
001027-073567-01868-X,"המעפיל 14, דימונה",דימונה,המעפיל,14,,,exact,203153.49,553403.92,,
001027-073567-01869-X,"שיזף 51, דימונה",דימונה,שיזף,51,,,exact,203802.16,554559.73,,
001027-073567-01870-X,"הפסגה 83, דימונה",דימונה,הפסגה,83,,,exact,204108.26,553257.56,,
001027-073567-01871-X,"שיזף 172, דימונה",דימונה,שיזף,172,,,exact,203356.89,554386.91,,
001027-073567-01872-X,"הכלנית 725, דימונה",דימונה,הכלנית,725,,,none,,,,
001027-073567-01873-X,"השלוה 1177, דימונה",דימונה,השלוה,1177,,,none,,,,
001027-073567-01874-X,"נתן הנביא 2, דימונה",דימונה,נתן הנביא,2,,,exact,203325.67,554234.74,,
001027-073567-01875-X,"שד הנשיא 40, דימונה",דימונה,שד הנשיא,40,,,exact,202868.76,552370.43,,
001027-073567-01876-X,"ירושלים 18, דימונה",דימונה,ירושלים,18,,,exact,203661.81,551833.71,,
001027-073567-01877-X,"כורזין 4, דימונה",דימונה,כורזין,4,,,exact,203654.88,551557.78,,
001027-073567-01878-X,"הרימון 19, דימונה",דימונה,הרימון,19,,,exact,202441.11,552497.50,,
001027-073567-01879-X,"ברקן 17, דימונה",דימונה,ברקן,17,,,exact,203821.79,554237.98,,
001027-073567-01880-X,"מרחבים 1328, דימונה",דימונה,מרחבים,1328,,,none,,,,
001027-073567-01881-X,"דרך השלום 10, דימונה",דימונה,דרך השלום,10,,,exact,203338.52,553534.14,,
001027-073567-01882-X,"הכלנית 754, דימונה",דימונה,הכלנית,754,,,none,,,,
001027-073567-01883-X,"הר כרמל 20, דימונה",דימונה,הר כרמל,20,,,exact,203502.50,554988.98,,
001027-073567-01884-X,"רחבת הנח""ל 1, דימונה",דימונה,"רחבת הנח""ל",1,,,none,,,,
001027-073567-01885-X,"אשחר 21, דימונה",דימונה,אשחר,21,,,exact,204093.53,554117.75,,
001027-073567-01886-X,"שד בן גוריון 1044, דימונה",דימונה,שד בן גוריון,1044,,,none,,,,
001027-073567-01887-X,"שד גולדה מאיר 1022, דימונה",דימונה,שד גולדה מאיר,1022,,,none,,,,
001027-073567-01888-X,"ציפורן 3, דימונה",דימונה,ציפורן,3,,,exact,203582.94,554507.63,,
001027-073567-01889-X,"חצב 6, דימונה",דימונה,חצב,6,,,exact,203656.97,554068.00,,
001027-073567-01890-X,"כובשי אילת 1654, דימונה",דימונה,כובשי אילת,1654,,,none,,,,
001027-073567-01891-X,"הכלנית 1, דימונה",דימונה,הכלנית,1,,,exact,202877.23,552349.51,,
001027-073567-01892-X,"הפסגה 89, דימונה",דימונה,הפסגה,89,,,exact,204096.79,553210.33,,
001027-073567-01893-X,"שד בן גוריון 1045, דימונה",דימונה,שד בן גוריון,1045,,,none,,,,
001027-073567-01894-X,"תל אפק 11, דימונה",דימונה,תל אפק,11,,,exact,203215.97,551636.86,,
001027-073567-01895-X,"שיקמה 24, דימונה",דימונה,שיקמה,24,,,exact,203768.26,554461.62,,
001027-073567-01896-X,"שד הנשיא 41, דימונה",דימונה,שד הנשיא,41,,,exact,202782.86,552394.56,,
001027-073567-01897-X,"היונה 4, דימונה",דימונה,היונה,4,,,exact,203582.61,553572.27,,
001027-073567-01898-X,"רחבת הנח""ל 13, דימונה",דימונה,"רחבת הנח""ל",13,,,none,,,,
001027-073567-01899-X,"חרוב 10, דימונה",דימונה,חרוב,10,,,exact,203782.96,554326.98,,
001027-073567-01900-X,"אדר 20, דימונה",דימונה,אדר,20,,,exact,203826.91,554078.75,,
001027-073567-01901-X,"שד הנשיא 81, דימונה",דימונה,שד הנשיא,81,,,exact,202996.94,552704.88,,
001027-073567-01902-X,"שיזף 59, דימונה",דימונה,שיזף,59,,,exact,203589.39,554547.28,,
001027-073567-01903-X,"הרמה 6, דימונה",דימונה,הרמה,6,,,exact,203768.07,553275.55,,
001027-073567-01904-X,"הרמה 2, דימונה",דימונה,הרמה,2,,,exact,203745.45,553296.77,,
001027-073567-01905-X,"ערוגות 8, דימונה",דימונה,ערוגות,8,,,exact,203298.03,553616.83,,
001027-073567-01906-X,"? 20, דימונה",דימונה,?,20,,,exact,203183.05,552991.68,,
001027-073567-01907-X,"אקליפטוס 4, דימונה",דימונה,אקליפטוס,4,,,none,,,,
001027-073567-01908-X,"אקליפטוס 47, דימונה",דימונה,אקליפטוס,47,,,exact,203967.37,554273.52,,
001027-073567-01909-X,"סיתונית 18, דימונה",דימונה,סיתונית,18,,,exact,203160.81,553904.90,,
001027-073567-01910-X,"שיקמה 19, דימונה",דימונה,שיקמה,19,,,exact,203769.82,554560.17,,
001027-073567-01911-X,"בבא סאלי 98, דימונה",דימונה,בבא סאלי,98,,,exact,203251.26,552223.68,,
001027-073567-01912-X,"הר כרמל 3, דימונה",דימונה,הר כרמל,3,,,exact,203719.21,554901.91,,
001027-073567-01913-X,"מונפור 16, דימונה",דימונה,מונפור,16,,,exact,203288.66,551512.76,,
001027-073567-01914-X,"הכלנית 736, דימונה",דימונה,הכלנית,736,,,none,,,,
001027-073567-01915-X,"המעפיל 1215, דימונה",דימונה,המעפיל,1215,,,none,,,,
001027-073567-01916-X,"הפסגה 25, דימונה",דימונה,הפסגה,25,,,exact,203830.39,553580.99,,
001027-073567-01917-X,"הברוש 5, דימונה",דימונה,הברוש,5,,,none,,,,
001027-073567-01918-X,"הר שניר 24, דימונה",דימונה,הר שניר,24,,,exact,203194.43,555109.73,,
001027-073567-01919-X,"מונפור 18, דימונה",דימונה,מונפור,18,,,exact,203306.27,551509.22,,
001027-073567-01920-X,"הר כנען 9, דימונה",דימונה,הר כנען,9,,,exact,203584.65,555100.54,,
001027-073567-01921-X,"משעול רוגל 22, דימונה",דימונה,משעול רוגל,22,,,none,,,,
001027-073567-01922-X,"משעול התקומה 11, דימונה",דימונה,משעול התקומה,11,,,none,,,,
001027-073567-01923-X,"המעלה 15, דימונה",דימונה,המעלה,15,,,exact,203923.58,553404.80,,
001027-073567-01924-X,"האורן 549, דימונה",דימונה,האורן,549,,,none,,,,
001027-073567-01925-X,"התאנה 260, דימונה",דימונה,התאנה,260,,,none,,,,
001027-073567-01926-X,"חצב 29, דימונה",דימונה,חצב,29,,,exact,203620.44,553999.22,,
001027-073567-01927-X,"המעפיל 55, דימונה",דימונה,המעפיל,55,,,exact,203444.84,553460.36,,
001027-073567-01928-X,"טיילת הספורט 1059, דימונה",דימונה,טיילת הספורט,1059,,,none,,,,
001027-073567-01929-X,"המלך דוד 286, דימונה",דימונה,המלך דוד,286,,,none,,,,
001027-073567-01930-X,"מונפור 3, דימונה",דימונה,מונפור,3,,,none,,,,
001027-073567-01931-X,"השקד 11, דימונה",דימונה,השקד,11,,,none,,,,
001027-073567-01932-X,"הרמה 32, דימונה",דימונה,הרמה,32,,,exact,203912.78,553128.93,,
001027-073567-01933-X,"דפנה 1, דימונה",דימונה,דפנה,1,,,none,,,,
001027-073567-01934-X,"קיסריה 16, דימונה",דימונה,קיסריה,16,,,exact,203556.94,551796.41,,
001027-073567-01935-X,"? 38, דימונה",דימונה,?,38,,,exact,202907.82,552974.79,,
001027-073567-01936-X,"חצב 25, דימונה",דימונה,חצב,25,,,exact,203643.28,553998.97,,
001027-073567-01937-X,"סחלבן החורש 31, דימונה",דימונה,סחלבן החורש,31,,,exact,203968.18,554049.63,,
001027-073567-01938-X,"שיבטה 23, דימונה",דימונה,שיבטה,23,,,exact,203722.53,551721.76,,
001027-073567-01939-X,"פטרה 12, דימונה",דימונה,פטרה,12,,,exact,203592.51,551547.19,,
001027-073567-01940-X,"נורית 20, דימונה",דימונה,נורית,20,,,exact,203627.03,554301.37,,
001027-073567-01941-X,"התאנה 362, דימונה",דימונה,התאנה,362,,,none,,,,
001027-073567-01942-X,"מצדה 146, דימונה",דימונה,מצדה,146,,,none,,,,
001027-073567-01943-X,"דרך השלום 1206, דימונה",דימונה,דרך השלום,1206,,,none,,,,
001027-073567-01944-X,"רחבת אורון 40, דימונה",דימונה,רחבת אורון,40,,,none,,,,
001027-073567-01945-X,"שד הנשיא 59, דימונה",דימונה,שד הנשיא,59,,,exact,202936.41,552486.99,,
001027-073567-01946-X,"רחבת הפלמ""ח 9, דימונה",דימונה,"רחבת הפלמ""ח",9,,,exact,202720.39,553550.78,,
001027-073567-01947-X,"גמלא 64, דימונה",דימונה,גמלא,64,,,exact,203688.03,551725.43,,
001027-073567-01948-X,"טיילת הספורט 1050, דימונה",דימונה,טיילת הספורט,1050,,,none,,,,
001027-073567-01949-X,"מורן החורש 1, דימונה",דימונה,מורן החורש,1,,,exact,203750.09,554176.17,,
001027-073567-01950-X,"הר שניר 12, דימונה",דימונה,הר שניר,12,,,exact,203323.77,555035.34,,
001027-073567-01951-X,"מילרוד אליעזר 5, דימונה",דימונה,מילרוד אליעזר,5,,,none,,,,
001027-073567-01952-X,"הפסגה 2, דימונה",דימונה,הפסגה,2,,,exact,203731.37,553444.65,,
001027-073567-01953-X,"מולדה 19, דימונה",דימונה,מולדה,19,,,none,,,,
001027-073567-01954-X,"שדה יצחק 1017, דימונה",דימונה,שדה יצחק,1017,,,none,,,,
001027-073567-01955-X,"שושן צחור 11, דימונה",דימונה,שושן צחור,11,,,none,,,,
001027-073567-01956-X,"רחבת אורון 6, דימונה",דימונה,רחבת אורון,6,,,exact,202863.97,552513.65,,
001027-073567-01957-X,"מולדה 23, דימונה",דימונה,מולדה,23,,,none,,,,
001027-073567-01958-X,"מצדה 37, דימונה",דימונה,מצדה,37,,,none,,,,
001027-073567-01959-X,"השבלים 62, דימונה",דימונה,השבלים,62,,,exact,202548.82,552487.81,,
001027-073567-01960-X,"הרימון 276, דימונה",דימונה,הרימון,276,,,none,,,,
001027-073567-01961-X,"המעפיל 76, דימונה",דימונה,המעפיל,76,,,exact,203866.33,553328.17,,
001027-073567-01962-X,"? 11, דימונה",דימונה,?,11,,,exact,203611.63,552843.69,,
001027-073567-01963-X,"הפסגה 111, דימונה",דימונה,הפסגה,111,,,exact,204111.43,553029.14,,
001027-073567-01964-X,"פרג 13, דימונה",דימונה,פרג,13,,,exact,203668.13,554324.25,,
001027-073567-01965-X,"אקסודוס 67, דימונה",דימונה,אקסודוס,67,,,none,,,,
001027-073567-01966-X,"שיזף 25, דימונה",דימונה,שיזף,25,,,exact,204038.33,554338.88,,
001027-073567-01967-X,"שד הנשיא 1, דימונה",דימונה,שד הנשיא,1,,,exact,202960.37,552502.00,,
001027-073567-01968-X,"שד הנשיא 69, דימונה",דימונה,שד הנשיא,69,,,exact,202976.52,552569.12,,
001027-073567-01969-X,"דני 9, דימונה",דימונה,דני,9,,,exact,202786.59,553609.05,,
001027-073567-01970-X,"? 1099, דימונה",דימונה,?,1099,,,none,,,,
001027-073567-01971-X,"חרצית 7, דימונה",דימונה,חרצית,7,,,exact,203953.17,554425.14,,
001027-073567-01972-X,"היורה 793, דימונה",דימונה,היורה,793,,,none,,,,
001027-073567-01973-X,"ישעיה 27, דימונה",דימונה,ישעיה,27,,,exact,203301.71,554248.93,,
001027-073567-01974-X,"דרך השלום 55, דימונה",דימונה,דרך השלום,55,,,exact,203497.14,553633.07,,
001027-073567-01975-X,"סחלבן החורש 27, דימונה",דימונה,סחלבן החורש,27,,,exact,203899.58,554049.13,,
001027-073567-01976-X,"אדר 5, דימונה",דימונה,אדר,5,,,exact,203771.34,554113.92,,
001027-073567-01977-X,"האורן 42, דימונה",דימונה,האורן,42,,,none,,,,
001027-073567-01978-X,"בית שערים 15, דימונה",דימונה,בית שערים,15,,,exact,203229.51,551769.89,,
001027-073567-01979-X,"בת חן 11, דימונה",דימונה,בת חן,11,,,exact,203120.44,553867.28,,
001027-073567-01980-X,"הרמה 31, דימונה",דימונה,הרמה,31,,,exact,203943.51,553143.03,,
001027-073567-01981-X,"עבדת 35, דימונה",דימונה,עבדת,35,,,exact,203880.47,552736.88,,
001027-073567-01982-X,"רחבת הבנים 10, דימונה",דימונה,רחבת הבנים,10,,,none,,,,
001027-073567-01983-X,"שד הנשיא 55, דימונה",דימונה,שד הנשיא,55,,,exact,202911.50,552461.91,,
001027-073567-01984-X,"שיזף 30, דימונה",דימונה,שיזף,30,,,exact,204131.75,554302.13,,
001027-073567-01985-X,"התירוש 2, דימונה",דימונה,התירוש,2,,,none,,,,
001027-073567-01986-X,"שד הנשיא 67, דימונה",דימונה,שד הנשיא,67,,,exact,202969.59,552556.80,,
001027-073567-01987-X,"מורן החורש 42, דימונה",דימונה,מורן החורש,42,,,exact,204056.52,554141.09,,
001027-073567-01988-X,"הר מירון 6, דימונה",דימונה,הר מירון,6,,,exact,203637.98,555042.71,,
001027-073567-01989-X,"העמל 5, דימונה",דימונה,העמל,5,,,none,,,,
001027-073567-01990-X,"שד יגאל אלון 501, דימונה",דימונה,שד יגאל אלון,501,,,none,,,,
001027-073567-01991-X,"האשל 567, דימונה",דימונה,האשל,567,,,none,,,,
001027-073567-01992-X,"המלך דוד 285, דימונה",דימונה,המלך דוד,285,,,none,,,,
001027-073567-01993-X,"יגור 27, דימונה",דימונה,יגור,27,,,none,,,,
001027-073567-01994-X,"תל אפק 23, דימונה",דימונה,תל אפק,23,,,exact,203222.31,551573.05,,
001027-073567-01995-X,"? 24, דימונה",דימונה,?,24,,,exact,203157.51,552991.46,,
001027-073567-01996-X,"נתיב הצפורים 132, דימונה",דימונה,נתיב הצפורים,132,,,street,203482.58,553688.45,,
001027-073567-01997-X,"עמוס 8, דימונה",דימונה,עמוס,8,,,none,,,,
001027-073567-01998-X,"שבזי שלום 18, דימונה",דימונה,שבזי שלום,18,,,exact,203935.38,553543.71,,
001027-073567-01999-X,"יואל 2, דימונה",דימונה,יואל,2,,,exact,203275.79,554145.18,,
001027-073567-02000-X,"הר ארבל 7, דימונה",דימונה,הר ארבל,7,,,exact,203616.26,554898.13,,
001027-073567-02001-X,"בר כוכבא 205, דימונה",דימונה,בר כוכבא,205,,,none,,,,
001027-073567-02002-X,"רזיאל דוד 24, דימונה",דימונה,רזיאל דוד,24,,,exact,202405.18,552703.82,,
001027-073567-02003-X,"לילך 18, דימונה",דימונה,לילך,18,,,exact,203219.28,553886.14,,
001027-073567-02004-X,"שד בן גוריון 1046, דימונה",דימונה,שד בן גוריון,1046,,,none,,,,
001027-073567-02005-X,"אשחר 1, דימונה",דימונה,אשחר,1,,,exact,204002.80,554113.12,,
001027-073567-02006-X,"הרימון 306, דימונה",דימונה,הרימון,306,,,none,,,,
001027-073567-02007-X,"הרמה 41, דימונה",דימונה,הרמה,41,,,exact,203980.27,553065.79,,
001027-073567-02008-X,"המעפיל 78, דימונה",דימונה,המעפיל,78,,,exact,203879.46,553316.60,,
001027-073567-02009-X,"קיסריה 18, דימונה",דימונה,קיסריה,18,,,none,,,,
001027-073567-02010-X,"קדש 29, דימונה",דימונה,קדש,29,,,exact,202686.22,551910.62,,
001027-073567-02011-X,"תל פורן 5, דימונה",דימונה,תל פורן,5,,,exact,203495.72,551745.64,,
001027-073567-02012-X,"בת חן 19, דימונה",דימונה,בת חן,19,,,exact,203193.33,553868.47,,
001027-073567-02013-X,"ציפורן 36, דימונה",דימונה,ציפורן,36,,,exact,203814.03,554413.30,,
001027-073567-02014-X,"קלעת נמרוד 3, דימונה",דימונה,קלעת נמרוד,3,,,exact,203226.25,551480.86,,
001027-073567-02015-X,"הר גולן 9, דימונה",דימונה,הר גולן,9,,,exact,203192.79,555004.86,,
001027-073567-02016-X,"רחבת האצ""ל 12, דימונה",דימונה,"רחבת האצ""ל",12,,,none,,,,
001027-073567-02017-X,"ליבנה 16, דימונה",דימונה,ליבנה,16,,,exact,203874.75,554108.68,,
001027-073567-02018-X,"המעפיל 7, דימונה",דימונה,המעפיל,7,,,none,,,,
001027-073567-02019-X,"היונה 186, דימונה",דימונה,היונה,186,,,exact,203592.02,553455.25,,
001027-073567-02020-X,"הר תבור 5, דימונה",דימונה,הר תבור,5,,,exact,203677.45,555029.95,,
001027-073567-02021-X,"? 1091, דימונה",דימונה,?,1091,,,none,,,,
001027-073567-02022-X,"האשל 570, דימונה",דימונה,האשל,570,,,none,,,,
001027-073567-02023-X,"תל אפק 2, דימונה",דימונה,תל אפק,2,,,exact,203187.53,551728.90,,
001027-073567-02024-X,"ההדס 521, דימונה",דימונה,ההדס,521,,,none,,,,
001027-073567-02025-X,"שיזף 96, דימונה",דימונה,שיזף,96,,,exact,203757.00,554614.42,,
001027-073567-02026-X,"טיילת הספורט 24, דימונה",דימונה,טיילת הספורט,24,,,exact,203125.59,553347.79,,
001027-073567-02027-X,"? 33, דימונה",דימונה,?,33,,,exact,203370.62,552906.45,,
001027-073567-02028-X,"התאנה 232, דימונה",דימונה,התאנה,232,,,none,,,,
001027-073567-02029-X,"? 125, דימונה",דימונה,?,125,,,none,,,,
001027-073567-02030-X,"אקליפטוס 13, דימונה",דימונה,אקליפטוס,13,,,exact,203972.85,554104.56,,
001027-073567-02031-X,"מצדה 157, דימונה",דימונה,מצדה,157,,,none,,,,
001027-073567-02032-X,"כורזין 23, דימונה",דימונה,כורזין,23,,,exact,203792.03,551539.39,,
001027-073567-02033-X,"כובשי אילת 104, דימונה",דימונה,כובשי אילת,104,,,none,,,,
001027-073567-02034-X,"התאנה 338, דימונה",דימונה,התאנה,338,,,none,,,,
001027-073567-02035-X,"הר כרמל 24, דימונה",דימונה,הר כרמל,24,,,none,,,,
001027-073567-02036-X,"חצב 52, דימונה",דימונה,חצב,52,,,none,,,,
001027-073567-02037-X,"מבצע יואב 3, דימונה",דימונה,מבצע יואב,3,,,exact,202800.93,553600.58,,
001027-073567-02038-X,"אשחר 2, דימונה",דימונה,אשחר,2,,,exact,204006.23,554080.74,,
001027-073567-02039-X,"מצדה 148, דימונה",דימונה,מצדה,148,,,none,,,,
001027-073567-02040-X,"דרך הצנחנים 1073, דימונה",דימונה,דרך הצנחנים,1073,,,none,,,,
001027-073567-02041-X,"שטרן יאיר 4, דימונה",דימונה,שטרן יאיר,4,,,none,,,,
001027-073567-02042-X,"ירמיה 1, דימונה",דימונה,ירמיה,1,,,exact,203331.40,554102.35,,
001027-073567-02043-X,"תל אפק 19, דימונה",דימונה,תל אפק,19,,,exact,203217.70,551597.79,,
001027-073567-02044-X,"גמלא 27, דימונה",דימונה,גמלא,27,,,exact,203421.14,551764.85,,
001027-073567-02045-X,"מבצע חורב 8, דימונה",דימונה,מבצע חורב,8,,,exact,202738.21,553620.03,,
001027-073567-02046-X,"האורן 550, דימונה",דימונה,האורן,550,,,none,,,,
001027-073567-02047-X,"שד הנשיא 51, דימונה",דימונה,שד הנשיא,51,,,exact,202864.20,552430.76,,
001027-073567-02048-X,"שיבטה 6, דימונה",דימונה,שיבטה,6,,,exact,203700.72,551647.85,,
001027-073567-02049-X,"דוד אלעזר 1163, דימונה",דימונה,דוד אלעזר,1163,,,none,,,,
001027-073567-02050-X,"דוד אלעזר 90, דימונה",דימונה,דוד אלעזר,90,,,none,,,,
001027-073567-02051-X,"ליבנה 17, דימונה",דימונה,ליבנה,17,,,none,,,,
001027-073567-02052-X,"בר כוכבא 207, דימונה",דימונה,בר כוכבא,207,,,none,,,,
001027-073567-02053-X,"שד יגאל אלון 31, דימונה",דימונה,שד יגאל אלון,31,,,exact,203412.73,552506.07,,
001027-073567-02054-X,"עלית הנוער 13, דימונה",דימונה,עלית הנוער,13,,,none,,,,
001027-073567-02055-X,"שיזף 67, דימונה",דימונה,שיזף,67,,,exact,203546.83,554501.88,,
001027-073567-02056-X,"חצב 12, דימונה",דימונה,חצב,12,,,exact,203656.50,554030.46,,
001027-073567-02057-X,"המעלה 33, דימונה",דימונה,המעלה,33,,,exact,204000.23,553283.34,,
001027-073567-02058-X,"טופח 34, דימונה",דימונה,טופח,34,,,exact,204000.86,554509.90,,
001027-073567-02059-X,"המסגר 7, דימונה",דימונה,המסגר,7,,,none,,,,
001027-073567-02060-X,"משעול חירם 10, דימונה",דימונה,משעול חירם,10,,,exact,202688.60,553592.11,,
001027-073567-02061-X,"בבא סאלי 90, דימונה",דימונה,בבא סאלי,90,,,exact,203182.05,552204.43,,
001027-073567-02062-X,"מ""ג המעפילים 215, דימונה",דימונה,"מ""ג המעפילים",215,,,none,,,,
001027-073567-02063-X,"הר ארבל 39, דימונה",דימונה,הר ארבל,39,,,exact,203533.29,555004.11,,
001027-073567-02064-X,"ציפורי 16, דימונה",דימונה,ציפורי,16,,,exact,203369.97,551608.63,,
001027-073567-02065-X,"קדש 66, דימונה",דימונה,קדש,66,,,none,,,,
001027-073567-02066-X,"מילרוד אליעזר 12, דימונה",דימונה,מילרוד אליעזר,12,,,exact,203773.06,552635.64,,
001027-073567-02067-X,"מולדה 29, דימונה",דימונה,מולדה,29,,,none,,,,
001027-073567-02068-X,"חטיבת גבעתי 5, דימונה",דימונה,חטיבת גבעתי,5,,,none,,,,
001027-073567-02069-X,"חצב 44, דימונה",דימונה,חצב,44,,,none,,,,
001027-073567-02070-X,"שיזף 158, דימונה",דימונה,שיזף,158,,,exact,203408.28,554445.64,,
001027-073567-02071-X,"מבצע ברוש 6, דימונה",דימונה,מבצע ברוש,6,,,none,,,,
001027-073567-02072-X,"מילרוד אליעזר 1620, דימונה",דימונה,מילרוד אליעזר,1620,,,none,,,,
001027-073567-02073-X,"בבא סאלי 102, דימונה",דימונה,בבא סאלי,102,,,exact,203280.51,552233.36,,
001027-073567-02074-X,"ניצנה 141, דימונה",דימונה,ניצנה,141,,,none,,,,
001027-073567-02075-X,"? 261, דימונה",דימונה,?,261,,,none,,,,
001027-073567-02076-X,"קיסריה 5, דימונה",דימונה,קיסריה,5,,,exact,203481.08,551808.52,,
001027-073567-02077-X,"חטיבת אלכסנדרוני 4084, דימונה",דימונה,חטיבת אלכסנדרוני,4084,,,none,,,,
001027-073567-02078-X,"יודפת 9, דימונה",דימונה,יודפת,9,,,exact,203334.43,551637.60,,
001027-073567-02079-X,"שדה יצחק 1018, דימונה",דימונה,שדה יצחק,1018,,,none,,,,
001027-073567-02080-X,"עין גדי 4, דימונה",דימונה,עין גדי,4,,,exact,203175.30,551933.56,,
001027-073567-02081-X,"דוד אלעזר 524, דימונה",דימונה,דוד אלעזר,524,,,none,,,,
001027-073567-02082-X,"שד גולדה מאיר 1004, דימונה",דימונה,שד גולדה מאיר,1004,,,none,,,,
001027-073567-02083-X,"דרך השלום 1204, דימונה",דימונה,דרך השלום,1204,,,none,,,,
001027-073567-02084-X,"מונפור 11, דימונה",דימונה,מונפור,11,,,none,,,,
001027-073567-02085-X,"רחבת יונתן 12, דימונה",דימונה,רחבת יונתן,12,,,none,,,,
001027-073567-02086-X,"אקליפטוס 27, דימונה",דימונה,אקליפטוס,27,,,exact,203967.69,554179.13,,
001027-073567-02087-X,"מבצע ברוש 8, דימונה",דימונה,מבצע ברוש,8,,,none,,,,
001027-073567-02088-X,"קציעות 81, דימונה",דימונה,קציעות,81,,,none,,,,
001027-073567-02089-X,"הפסגה 14, דימונה",דימונה,הפסגה,14,,,exact,203770.80,553553.05,,
001027-073567-02090-X,"רקפת 751, דימונה",דימונה,רקפת,751,,,none,,,,
001027-073567-02091-X,"רחבת אורון 34, דימונה",דימונה,רחבת אורון,34,,,none,,,,
001027-073567-02092-X,"יגור 35, דימונה",דימונה,יגור,35,,,none,,,,
001027-073567-02093-X,"המסגר 9, דימונה",דימונה,המסגר,9,,,none,,,,
001027-073567-02094-X,"האורן 540, דימונה",דימונה,האורן,540,,,none,,,,
001027-073567-02095-X,"הרצל 234, דימונה",דימונה,הרצל,234,,,none,,,,
001027-073567-02096-X,"כובשי אילת 103, דימונה",דימונה,כובשי אילת,103,,,exact,203566.80,552308.98,,
001027-073567-02097-X,"טופח 29, דימונה",דימונה,טופח,29,,,exact,203946.86,554506.42,,
001027-073567-02098-X,"משעול הרעות 14, דימונה",דימונה,משעול הרעות,14,,,none,,,,
001027-073567-02099-X,"בבא סאלי 3, דימונה",דימונה,בבא סאלי,3,,,exact,202492.35,552132.70,,
001027-073567-02100-X,"משעול התקוה 3, דימונה",דימונה,משעול התקוה,3,,,none,,,,
001027-073567-02101-X,"מבצר עכו 14, דימונה",דימונה,מבצר עכו,14,,,exact,203793.53,551637.80,,
001027-073567-02102-X,"רחבת הפלמ""ח 4, דימונה",דימונה,"רחבת הפלמ""ח",4,,,none,,,,
001027-073567-02103-X,"שד בן גוריון 47, דימונה",דימונה,שד בן גוריון,47,,,exact,203229.21,553312.32,,
001027-073567-02104-X,"אקליפטוס 29, דימונה",דימונה,אקליפטוס,29,,,exact,203968.58,554193.94,,
001027-073567-02105-X,"דרך השלום 69, דימונה",דימונה,דרך השלום,69,,,exact,203543.20,553649.84,,
001027-073567-02106-X,"סחלבן החורש 62, דימונה",דימונה,סחלבן החורש,62,,,exact,204035.41,554001.28,,
001027-073567-02107-X,"? 34, דימונה",דימונה,?,34,,,exact,202958.10,552980.51,,
001027-073567-02108-X,"יגור 41, דימונה",דימונה,יגור,41,,,none,,,,
001027-073567-02109-X,"הסנהדרין 276, דימונה",דימונה,הסנהדרין,276,,,none,,,,
001027-073567-02110-X,"דפנה 3, דימונה",דימונה,דפנה,3,,,none,,,,
001027-073567-02111-X,"שיזף 166, דימונה",דימונה,שיזף,166,,,none,,,,
001027-073567-02112-X,"הר כרמל 5, דימונה",דימונה,הר כרמל,5,,,exact,203700.62,554897.15,,
001027-073567-02113-X,"הכלנית 743, דימונה",דימונה,הכלנית,743,,,none,,,,
001027-073567-02114-X,"רחבת האשלג 23, דימונה",דימונה,רחבת האשלג,23,,,exact,202717.04,552695.54,,
001027-073567-02115-X,"קדש 59, דימונה",דימונה,קדש,59,,,none,,,,
001027-073567-02116-X,"לילך 3, דימונה",דימונה,לילך,3,,,exact,203195.88,553823.48,,
001027-073567-02117-X,"חטיבת הראל 4081, דימונה",דימונה,חטיבת הראל,4081,,,none,,,,
001027-073567-02118-X,"דוד אלעזר 574, דימונה",דימונה,דוד אלעזר,574,,,none,,,,
001027-073567-02119-X,"בית שערים 18, דימונה",דימונה,בית שערים,18,,,exact,203193.92,551761.94,,
001027-073567-02120-X,"גמלא 7, דימונה",דימונה,גמלא,7,,,none,,,,
001027-073567-02121-X,"מבצע ברוש 22, דימונה",דימונה,מבצע ברוש,22,,,none,,,,
001027-073567-02122-X,"שיזף 31, דימונה",דימונה,שיזף,31,,,exact,204017.89,554357.85,,
001027-073567-02123-X,"הרצל 115, דימונה",דימונה,הרצל,115,,,none,,,,
001027-073567-02124-X,"מרווה 3, דימונה",דימונה,מרווה,3,,,exact,203600.00,554173.92,,
001027-073567-02125-X,"כורזין 15, דימונה",דימונה,כורזין,15,,,exact,203750.09,551553.78,,
001027-073567-02126-X,"כובשי אילת 1613, דימונה",דימונה,כובשי אילת,1613,,,none,,,,
001027-073567-02127-X,"שד הנשיא 264, דימונה",דימונה,שד הנשיא,264,,,none,,,,
001027-073567-02128-X,"תל אפק 7, דימונה",דימונה,תל אפק,7,,,exact,203217.42,551668.25,,
001027-073567-02129-X,"חצב 51, דימונה",דימונה,חצב,51,,,exact,203589.71,554083.12,,
001027-073567-02130-X,"מ""ג המעפילים 218, דימונה",דימונה,"מ""ג המעפילים",218,,,none,,,,
001027-073567-02131-X,"? 1095, דימונה",דימונה,?,1095,,,none,,,,
001027-073567-02132-X,"רחבת האצ""ל 14, דימונה",דימונה,"רחבת האצ""ל",14,,,none,,,,
001027-073567-02133-X,"סלא איירין 5, דימונה",דימונה,סלא איירין,5,,,none,,,,
001027-073567-02134-X,"חצב 1, דימונה",דימונה,חצב,1,,,exact,203682.25,554141.37,,
001027-073567-02135-X,"חרוב 32, דימונה",דימונה,חרוב,32,,,none,,,,
001027-073567-02136-X,"יודפת 11, דימונה",דימונה,יודפת,11,,,none,,,,
001027-073567-02137-X,"? 84, דימונה",דימונה,?,84,,,exact,203758.00,552778.67,,
001027-073567-02138-X,"המעפיל 75, דימונה",דימונה,המעפיל,75,,,exact,203919.73,553325.58,,
001027-073567-02139-X,"האשל 555, דימונה",דימונה,האשל,555,,,none,,,,
001027-073567-02140-X,"גמלא 6, דימונה",דימונה,גמלא,6,,,exact,203226.38,551855.82,,
001027-073567-02141-X,"הרימון 340, דימונה",דימונה,הרימון,340,,,none,,,,
001027-073567-02142-X,"כליל החורש 47, דימונה",דימונה,כליל החורש,47,,,exact,203899.61,554270.58,,
001027-073567-02143-X,"סחלבן החורש 63, דימונה",דימונה,סחלבן החורש,63,,,exact,204138.55,554054.23,,
001027-073567-02144-X,"חצב 14, דימונה",דימונה,חצב,14,,,exact,203620.73,554033.81,,
001027-073567-02145-X,"דרך השלום 1212, דימונה",דימונה,דרך השלום,1212,,,none,,,,
001027-073567-02146-X,"שד בן גוריון 33, דימונה",דימונה,שד בן גוריון,33,,,exact,203229.25,553242.34,,
001027-073567-02147-X,"בבא סאלי 13, דימונה",דימונה,בבא סאלי,13,,,exact,202558.05,552088.39,,
001027-073567-02148-X,"המעפיל 59, דימונה",דימונה,המעפיל,59,,,exact,203752.27,553440.54,,
001027-073567-02149-X,"המעפיל 90, דימונה",דימונה,המעפיל,90,,,exact,203961.28,553174.93,,
001027-073567-02150-X,"טיילת הספורט 1060, דימונה",דימונה,טיילת הספורט,1060,,,none,,,,
001027-073567-02151-X,"סחלבן החורש 23, דימונה",דימונה,סחלבן החורש,23,,,exact,203842.85,554051.54,,
001027-073567-02152-X,"שיקמה 25, דימונה",דימונה,שיקמה,25,,,exact,203792.64,554530.51,,
001027-073567-02153-X,"שיזף 88, דימונה",דימונה,שיזף,88,,,exact,203784.97,554609.92,,
001027-073567-02154-X,"מורן החורש 126, דימונה",דימונה,מורן החורש,126,,,none,,,,
001027-073567-02155-X,"ציפורן 20, דימונה",דימונה,ציפורן,20,,,exact,203665.73,554401.20,,
001027-073567-02156-X,"דרך השלום 139, דימונה",דימונה,דרך השלום,139,,,none,,,,
001027-073567-02157-X,"קטלב 43, דימונה",דימונה,קטלב,43,,,exact,203715.42,554253.90,,
001027-073567-02158-X,"שיזף 56, דימונה",דימונה,שיזף,56,,,exact,203906.70,554525.05,,
001027-073567-02159-X,"האשל 557, דימונה",דימונה,האשל,557,,,none,,,,
001027-073567-02160-X,"ברקן 19, דימונה",דימונה,ברקן,19,,,exact,203824.97,554240.58,,
001027-073567-02161-X,"ליבנה 28, דימונה",דימונה,ליבנה,28,,,exact,203875.74,554183.43,,
001027-073567-02162-X,"ציפורי 7, דימונה",דימונה,ציפורי,7,,,exact,203414.87,551695.29,,
001027-073567-02163-X,"מבצע ברוש 1, דימונה",דימונה,מבצע ברוש,1,,,none,,,,
001027-073567-02164-X,"הרצל 117, דימונה",דימונה,הרצל,117,,,exact,202548.08,552817.66,,
001027-073567-02165-X,"הר כרמל 21, דימונה",דימונה,הר כרמל,21,,,exact,203511.70,554947.74,,
001027-073567-02166-X,"שבזי שלום 30, דימונה",דימונה,שבזי שלום,30,,,exact,204042.00,553418.85,,
001027-073567-02167-X,"מבצר עכו 27, דימונה",דימונה,מבצר עכו,27,,,exact,203861.60,551645.53,,
001027-073567-02168-X,"נורית 23, דימונה",דימונה,נורית,23,,,none,,,,
001027-073567-02169-X,"בבא סאלי 141, דימונה",דימונה,בבא סאלי,141,,,none,,,,
001027-073567-02170-X,"הפסגה 67, דימונה",דימונה,הפסגה,67,,,exact,204140.76,553356.15,,
001027-073567-02171-X,"אזוב 12, דימונה",דימונה,אזוב,12,,,exact,204193.81,554085.19,,
001027-073567-02172-X,"כובשי אילת 1639, דימונה",דימונה,כובשי אילת,1639,,,none,,,,
001027-073567-02173-X,"שיזף 15, דימונה",דימונה,שיזף,15,,,exact,204074.35,554303.26,,
001027-073567-02174-X,"התירוש 3, דימונה",דימונה,התירוש,3,,,none,,,,
001027-073567-02175-X,"דוד אלעזר 581, דימונה",דימונה,דוד אלעזר,581,,,none,,,,
001027-073567-02176-X,"התירוש 5, דימונה",דימונה,התירוש,5,,,none,,,,
001027-073567-02177-X,"מלכה הנרי 269, דימונה",דימונה,מלכה הנרי,269,,,none,,,,
001027-073567-02178-X,"דרך הצנחנים 1071, דימונה",דימונה,דרך הצנחנים,1071,,,none,,,,
001027-073567-02179-X,"האורן 536, דימונה",דימונה,האורן,536,,,none,,,,
001027-073567-02180-X,"פקיעין 27, דימונה",דימונה,פקיעין,27,,,exact,203461.93,551808.28,,
001027-073567-02181-X,"דוד אלעזר 85, דימונה",דימונה,דוד אלעזר,85,,,none,,,,
001027-073567-02182-X,"שד בן גוריון 1323, דימונה",דימונה,שד בן גוריון,1323,,,none,,,,
001027-073567-02183-X,"הרימון 15, דימונה",דימונה,הרימון,15,,,exact,202491.35,552519.39,,
001027-073567-02184-X,"תל אפק 14, דימונה",דימונה,תל אפק,14,,,exact,203190.79,551667.74,,
001027-073567-02185-X,"השבלים 379, דימונה",דימונה,השבלים,379,,,none,,,,
001027-073567-02186-X,"חרוב 38, דימונה",דימונה,חרוב,38,,,exact,204052.26,554381.00,,
001027-073567-02187-X,"הר שניר 4, דימונה",דימונה,הר שניר,4,,,none,,,,
001027-073567-02188-X,"טיילת הספורט 1051, דימונה",דימונה,טיילת הספורט,1051,,,none,,,,
001027-073567-02189-X,"מולדה 26, דימונה",דימונה,מולדה,26,,,none,,,,
001027-073567-02190-X,"שד יגאל אלון 32, דימונה",דימונה,שד יגאל אלון,32,,,exact,203294.29,552454.46,,
001027-073567-02191-X,"הר חרמון 3, דימונה",דימונה,הר חרמון,3,,,exact,203721.25,554996.93,,
001027-073567-02192-X,"הפסגה 97, דימונה",דימונה,הפסגה,97,,,exact,204095.22,553144.34,,
001027-073567-02193-X,"המעפיל 102, דימונה",דימונה,המעפיל,102,,,none,,,,
001027-073567-02194-X,"ציפורן 40, דימונה",דימונה,ציפורן,40,,,exact,203837.90,554443.18,,
001027-073567-02195-X,"בר כוכבא 206, דימונה",דימונה,בר כוכבא,206,,,none,,,,
001027-073567-02196-X,"? 15, דימונה",דימונה,?,15,,,exact,203527.41,552858.39,,
001027-073567-02197-X,"צבעוני 12, דימונה",דימונה,צבעוני,12,,,exact,203503.77,554370.65,,
001027-073567-02198-X,"מורן החורש 26, דימונה",דימונה,מורן החורש,26,,,none,,,,
001027-073567-02199-X,"? 1101, דימונה",דימונה,?,1101,,,none,,,,
001027-073567-02200-X,"ציפורי 61, דימונה",דימונה,ציפורי,61,,,exact,203713.82,551480.79,,
001027-073567-02201-X,"הרמה 26, דימונה",דימונה,הרמה,26,,,exact,203876.59,553164.09,,
001027-073567-02202-X,"משעול הרעות 12, דימונה",דימונה,משעול הרעות,12,,,none,,,,
001027-073567-02203-X,"חרוב 41, דימונה",דימונה,חרוב,41,,,exact,204031.74,554419.04,,
001027-073567-02204-X,"הר גולן 8, דימונה",דימונה,הר גולן,8,,,none,,,,
001027-073567-02205-X,"שד בן גוריון 1319, דימונה",דימונה,שד בן גוריון,1319,,,none,,,,
001027-073567-02206-X,"נבטים 3, דימונה",דימונה,נבטים,3,,,exact,203339.02,553502.08,,
001027-073567-02207-X,"קטלב 6, דימונה",דימונה,קטלב,6,,,none,,,,
001027-073567-02208-X,"ניצנה 138, דימונה",דימונה,ניצנה,138,,,none,,,,
001027-073567-02209-X,"בית שערים 22, דימונה",דימונה,בית שערים,22,,,exact,203233.38,551724.10,,
001027-073567-02210-X,"דפנה 16, דימונה",דימונה,דפנה,16,,,exact,203808.40,554265.80,,
001027-073567-02211-X,"אבן גבירול 27, דימונה",דימונה,אבן גבירול,27,,,exact,204164.76,553905.68,,
001027-073567-02212-X,"סחלבן החורש 47, דימונה",דימונה,סחלבן החורש,47,,,exact,204058.73,554053.77,,
001027-073567-02213-X,"חטיבת גבעתי 6, דימונה",דימונה,חטיבת גבעתי,6,,,none,,,,
001027-073567-02214-X,"ירמיה 20, דימונה",דימונה,ירמיה,20,,,exact,203402.82,554206.71,,
001027-073567-02215-X,"היורה 785, דימונה",דימונה,היורה,785,,,none,,,,
001027-073567-02216-X,"שד יגאל אלון 85, דימונה",דימונה,שד יגאל אלון,85,,,none,,,,
001027-073567-02217-X,"ציפורן 47, דימונה",דימונה,ציפורן,47,,,none,,,,
001027-073567-02218-X,"סיתונית 13, דימונה",דימונה,סיתונית,13,,,exact,203073.55,553934.83,,
001027-073567-02219-X,"פקיעין 11, דימונה",דימונה,פקיעין,11,,,exact,203340.86,551860.65,,
001027-073567-02220-X,"שד בן גוריון 1043, דימונה",דימונה,שד בן גוריון,1043,,,none,,,,
001027-073567-02221-X,"המסגר 4, דימונה",דימונה,המסגר,4,,,none,,,,
001027-073567-02222-X,"ליבנה 15, דימונה",דימונה,ליבנה,15,,,none,,,,
001027-073567-02223-X,"ליבנה 44, דימונה",דימונה,ליבנה,44,,,exact,203875.73,554259.75,,
001027-073567-02224-X,"הכלנית 724, דימונה",דימונה,הכלנית,724,,,none,,,,
001027-073567-02225-X,"סיתונית 4, דימונה",דימונה,סיתונית,4,,,exact,203032.03,553901.02,,
001027-073567-02226-X,"אבן גבירול 49, דימונה",דימונה,אבן גבירול,49,,,exact,204174.18,553670.77,,
001027-073567-02227-X,"בית שערים 27, דימונה",דימונה,בית שערים,27,,,exact,203344.74,551721.43,,
001027-073567-02228-X,"הגפן 17, דימונה",דימונה,הגפן,17,,,exact,202540.28,552658.31,,
001027-073567-02229-X,"? 1094, דימונה",דימונה,?,1094,,,none,,,,
001027-073567-02230-X,"משעול חירם 7, דימונה",דימונה,משעול חירם,7,,,exact,202666.68,553600.69,,
001027-073567-02231-X,"ההדס 522, דימונה",דימונה,ההדס,522,,,none,,,,
001027-073567-02232-X,"פקיעין 25, דימונה",דימונה,פקיעין,25,,,exact,203446.38,551818.14,,
001027-073567-02233-X,"קציעות 80, דימונה",דימונה,קציעות,80,,,none,,,,
001027-073567-02234-X,"הצאלה 11, דימונה",דימונה,הצאלה,11,,,exact,202889.85,552762.76,,
001027-073567-02235-X,"הרמה 15, דימונה",דימונה,הרמה,15,,,exact,203850.81,553231.07,,
001027-073567-02236-X,"מרחבים 1216, דימונה",דימונה,מרחבים,1216,,,none,,,,
001027-073567-02237-X,"הברוש 21, דימונה",דימונה,הברוש,21,,,none,,,,
001027-073567-02238-X,"שד בן גוריון 77, דימונה",דימונה,שד בן גוריון,77,,,none,,,,
001027-073567-02239-X,"שיזף 50, דימונה",דימונה,שיזף,50,,,none,,,,
001027-073567-02240-X,"דרך הצנחנים 1072, דימונה",דימונה,דרך הצנחנים,1072,,,none,,,,
001027-073567-02241-X,"התאנה 350, דימונה",דימונה,התאנה,350,,,none,,,,
001027-073567-02242-X,"הפסגה 46, דימונה",דימונה,הפסגה,46,,,exact,203998.96,553368.65,,
001027-073567-02243-X,"שד גולדה מאיר 1033, דימונה",דימונה,שד גולדה מאיר,1033,,,none,,,,
001027-073567-02244-X,"השיריון 4084, דימונה",דימונה,השיריון,4084,,,none,,,,
001027-073567-02245-X,"מצדה 45, דימונה",דימונה,מצדה,45,,,exact,202967.40,552264.57,,
001027-073567-02246-X,"הרימון 304, דימונה",דימונה,הרימון,304,,,none,,,,
001027-073567-02247-X,"עבדת 30, דימונה",דימונה,עבדת,30,,,exact,203998.58,552660.29,,
001027-073567-02248-X,"המלך דוד 289, דימונה",דימונה,המלך דוד,289,,,none,,,,
001027-073567-02249-X,"שד הנשיא 2, דימונה",דימונה,שד הנשיא,2,,,none,,,,
001027-073567-02250-X,"הכלנית 759, דימונה",דימונה,הכלנית,759,,,none,,,,
001027-073567-02251-X,"מצדה 149, דימונה",דימונה,מצדה,149,,,none,,,,
001027-073567-02252-X,"הר שגיא 9, דימונה",דימונה,הר שגיא,9,,,exact,203260.26,554953.87,,
001027-073567-02253-X,"הר ארבל 13, דימונה",דימונה,הר ארבל,13,,,exact,203684.00,554866.33,,
001027-073567-02254-X,"הרצל 295, דימונה",דימונה,הרצל,295,,,none,,,,
001027-073567-02255-X,"? 42, דימונה",דימונה,?,42,,,exact,202838.40,552972.43,,
001027-073567-02256-X,"פרג 11, דימונה",דימונה,פרג,11,,,exact,203670.16,554329.72,,
001027-073567-02257-X,"הכלנית 729, דימונה",דימונה,הכלנית,729,,,none,,,,
001027-073567-02258-X,"שיקמה 22, דימונה",דימונה,שיקמה,22,,,none,,,,
001027-073567-02259-X,"סלא איירין 7, דימונה",דימונה,סלא איירין,7,,,none,,,,
001027-073567-02260-X,"כליל החורש 25, דימונה",דימונה,כליל החורש,25,,,exact,203904.07,554176.18,,
001027-073567-02261-X,"הפסגה 49, דימונה",דימונה,הפסגה,49,,,exact,203997.05,553421.45,,
001027-073567-02262-X,"בבא סאלי 39, דימונה",דימונה,בבא סאלי,39,,,exact,202748.07,552070.75,,
001027-073567-02263-X,"לילך 6, דימונה",דימונה,לילך,6,,,exact,203221.91,553796.50,,
001027-073567-02264-X,"? 83, דימונה",דימונה,?,83,,,exact,202749.29,552904.96,,
001027-073567-02265-X,"רחבת האצ""ל 4, דימונה",דימונה,"רחבת האצ""ל",4,,,none,,,,
001027-073567-02266-X,"חטיבת גבעתי 4, דימונה",דימונה,חטיבת גבעתי,4,,,none,,,,
001027-073567-02267-X,"מונפור 36, דימונה",דימונה,מונפור,36,,,exact,203388.32,551544.68,,
001027-073567-02268-X,"הרדוף הנחלים 6, דימונה",דימונה,הרדוף הנחלים,6,,,exact,204098.66,554349.06,,
001027-073567-02269-X,"שד בן גוריון 65, דימונה",דימונה,שד בן גוריון,65,,,exact,203230.21,553404.10,,
001027-073567-02270-X,"חצב 46, דימונה",דימונה,חצב,46,,,none,,,,
001027-073567-02271-X,"רחבת יונתן 13, דימונה",דימונה,רחבת יונתן,13,,,none,,,,
001027-073567-02272-X,"דרך השלום 34, דימונה",דימונה,דרך השלום,34,,,exact,203505.66,553600.46,,
001027-073567-02273-X,"תל אפק 1, דימונה",דימונה,תל אפק,1,,,none,,,,
001027-073567-02274-X,"שיזף 58, דימונה",דימונה,שיזף,58,,,exact,203904.02,554528.82,,
001027-073567-02275-X,"? 123, דימונה",דימונה,?,123,,,none,,,,
001027-073567-02276-X,"חגי 31, דימונה",דימונה,חגי,31,,,exact,203473.53,554033.53,,
001027-073567-02277-X,"ציפורי 57, דימונה",דימונה,ציפורי,57,,,exact,203693.03,551479.95,,
001027-073567-02278-X,"משעול רוגל 27, דימונה",דימונה,משעול רוגל,27,,,none,,,,
001027-073567-02279-X,"סיתונית 27, דימונה",דימונה,סיתונית,27,,,exact,203190.17,553936.81,,
001027-073567-02280-X,"ירושלים 42, דימונה",דימונה,ירושלים,42,,,exact,203846.45,551757.40,,
001027-073567-02281-X,"מבצע חורב 4, דימונה",דימונה,מבצע חורב,4,,,exact,202760.55,553622.15,,
001027-073567-02282-X,"גמלא 32, דימונה",דימונה,גמלא,32,,,exact,203396.53,551742.40,,
001027-073567-02283-X,"נוה מדבר 173, דימונה",דימונה,נוה מדבר,173,,,none,,,,
001027-073567-02284-X,"מולדה 25, דימונה",דימונה,מולדה,25,,,none,,,,
001027-073567-02285-X,"הרימון 26, דימונה",דימונה,הרימון,26,,,exact,202480.30,552536.94,,
001027-073567-02286-X,"רחבת הנח""ל 148, דימונה",דימונה,"רחבת הנח""ל",148,,,exact,202890.66,553884.60,,
001027-073567-02287-X,"חרצית 14, דימונה",דימונה,חרצית,14,,,exact,204039.28,554461.98,,
001027-073567-02288-X,"נבטים 12, דימונה",דימונה,נבטים,12,,,exact,203383.74,553513.02,,
001027-073567-02289-X,"מולדה 17, דימונה",דימונה,מולדה,17,,,none,,,,
001027-073567-02290-X,"כובשי אילת 101, דימונה",דימונה,כובשי אילת,101,,,none,,,,
001027-073567-02291-X,"ציפורן 9, דימונה",דימונה,ציפורן,9,,,exact,203620.31,554469.72,,
001027-073567-02292-X,"ירמיה 36, דימונה",דימונה,ירמיה,36,,,none,,,,
001027-073567-02293-X,"מולדה 20, דימונה",דימונה,מולדה,20,,,none,,,,
001027-073567-02294-X,"פקיעין 22, דימונה",דימונה,פקיעין,22,,,exact,203427.53,551798.95,,
001027-073567-02295-X,"ליבנה 22, דימונה",דימונה,ליבנה,22,,,exact,203871.67,554142.84,,
001027-073567-02296-X,"שד הנשיא 47, דימונה",דימונה,שד הנשיא,47,,,exact,202824.85,552411.68,,
001027-073567-02297-X,"חצב 11, דימונה",דימונה,חצב,11,,,exact,203683.45,554039.04,,
001027-073567-02298-X,"הפסגה 78, דימונה",דימונה,הפסגה,78,,,exact,204078.34,553074.29,,
001027-073567-02299-X,"הגיא 11, דימונה",דימונה,הגיא,11,,,none,,,,
001027-073567-02300-X,"שד בן גוריון 53, דימונה",דימונה,שד בן גוריון,53,,,exact,203229.63,553342.18,,
001027-073567-02301-X,"המעפיל 92, דימונה",דימונה,המעפיל,92,,,exact,203972.65,553166.08,,
001027-073567-02302-X,"שד בן גוריון 1326, דימונה",דימונה,שד בן גוריון,1326,,,none,,,,
001027-073567-02303-X,"תל אפק 18, דימונה",דימונה,תל אפק,18,,,exact,203190.37,551647.89,,
001027-073567-02304-X,"קרני חיטין 34, דימונה",דימונה,קרני חיטין,34,,,exact,203923.66,551645.15,,
001027-073567-02305-X,"נוה מדבר 137, דימונה",דימונה,נוה מדבר,137,,,none,,,,
001027-073567-02306-X,"בבא סאלי 45, דימונה",דימונה,בבא סאלי,45,,,exact,202783.85,552059.99,,
001027-073567-02307-X,"המעפיל 73, דימונה",דימונה,המעפיל,73,,,exact,203902.83,553339.69,,
001027-073567-02308-X,"רחבת הבנים 13, דימונה",דימונה,רחבת הבנים,13,,,none,,,,
001027-073567-02309-X,"דרך השלום 33, דימונה",דימונה,דרך השלום,33,,,none,,,,
001027-073567-02310-X,"היורה 13, דימונה",דימונה,היורה,13,,,exact,203078.10,552102.60,,
001027-073567-02311-X,"שד הנשיא 19, דימונה",דימונה,שד הנשיא,19,,,exact,202423.17,552268.78,,
001027-073567-02312-X,"תל אפק 3, דימונה",דימונה,תל אפק,3,,,exact,203216.48,551693.63,,
001027-073567-02313-X,"הסדנה 1, דימונה",דימונה,הסדנה,1,,,exact,202372.75,552379.29,,
001027-073567-02314-X,"נוה מדבר 176, דימונה",דימונה,נוה מדבר,176,,,none,,,,
001027-073567-02315-X,"מורן החורש 129, דימונה",דימונה,מורן החורש,129,,,none,,,,
001027-073567-02316-X,"עלית הנוער 7, דימונה",דימונה,עלית הנוער,7,,,none,,,,
001027-073567-02317-X,"קדש 71, דימונה",דימונה,קדש,71,,,none,,,,
001027-073567-02318-X,"שד הנשיא 79, דימונה",דימונה,שד הנשיא,79,,,exact,202988.66,552680.26,,
001027-073567-02319-X,"שד גולדה מאיר 1003, דימונה",דימונה,שד גולדה מאיר,1003,,,none,,,,
001027-073567-02320-X,"בת חן 5, דימונה",דימונה,בת חן,5,,,exact,203045.28,553864.17,,
001027-073567-02321-X,"סיגלון 8, דימונה",דימונה,סיגלון,8,,,exact,204066.11,554483.78,,
001027-073567-02322-X,"שבזי שלום 10, דימונה",דימונה,שבזי שלום,10,,,exact,203949.48,553617.61,,
001027-073567-02323-X,"אדר 14, דימונה",דימונה,אדר,14,,,exact,203802.09,554079.79,,
001027-073567-02324-X,"ערוגות 6, דימונה",דימונה,ערוגות,6,,,exact,203287.67,553615.57,,
001027-073567-02325-X,"אשחר 15, דימונה",דימונה,אשחר,15,,,exact,204062.80,554117.81,,
001027-073567-02326-X,"משעול רוגל 18, דימונה",דימונה,משעול רוגל,18,,,none,,,,
001027-073567-02327-X,"נבטים 1, דימונה",דימונה,נבטים,1,,,exact,203335.03,553495.85,,
001027-073567-02328-X,"כליל החורש 53, דימונה",דימונה,כליל החורש,53,,,none,,,,
001027-073567-02329-X,"יודפת 18, דימונה",דימונה,יודפת,18,,,exact,203313.50,551588.46,,
001027-073567-02330-X,"כליל החורש 28, דימונה",דימונה,כליל החורש,28,,,exact,203943.07,554195.92,,
001027-073567-02331-X,"הר תבור 2, דימונה",דימונה,הר תבור,2,,,exact,203671.12,554994.78,,
001027-073567-02332-X,"ירושלים 54, דימונה",דימונה,ירושלים,54,,,exact,203914.61,551727.43,,
001027-073567-02333-X,"חטיבת גבעתי 3, דימונה",דימונה,חטיבת גבעתי,3,,,none,,,,
001027-073567-02334-X,"משעול רוגל 16, דימונה",דימונה,משעול רוגל,16,,,none,,,,
001027-073567-02335-X,"שיבטה 7, דימונה",דימונה,שיבטה,7,,,exact,203674.22,551653.10,,
001027-073567-02336-X,"בבא סאלי 80, דימונה",דימונה,בבא סאלי,80,,,exact,203073.34,552142.22,,
001027-073567-02337-X,"ישעיה 9, דימונה",דימונה,ישעיה,9,,,exact,203397.94,554301.41,,
001027-073567-02338-X,"ירמיה 15, דימונה",דימונה,ירמיה,15,,,none,,,,
001027-073567-02339-X,"שיזף 80, דימונה",דימונה,שיזף,80,,,exact,203809.22,554599.82,,
001027-073567-02340-X,"הפסגה 119, דימונה",דימונה,הפסגה,119,,,exact,204104.31,552965.82,,
001027-073567-02341-X,"מרווה 8, דימונה",דימונה,מרווה,8,,,none,,,,
001027-073567-02342-X,"הרמה 25, דימונה",דימונה,הרמה,25,,,exact,203910.16,553172.20,,
001027-073567-02343-X,"מולדה 44, דימונה",דימונה,מולדה,44,,,none,,,,
001027-073567-02344-X,"הגפן 19, דימונה",דימונה,הגפן,19,,,exact,202529.69,552663.83,,
001027-073567-02345-X,"שד הנשיא 42, דימונה",דימונה,שד הנשיא,42,,,exact,202853.97,552368.65,,
001027-073567-02346-X,"הר ארבל 23, דימונה",דימונה,הר ארבל,23,,,none,,,,
001027-073567-02347-X,"הגפן 30, דימונה",דימונה,הגפן,30,,,exact,202449.18,552675.94,,
001027-073567-02348-X,"שיקמה 17, דימונה",דימונה,שיקמה,17,,,exact,203753.01,554548.42,,
001027-073567-02349-X,"רחבת אורון 9, דימונה",דימונה,רחבת אורון,9,,,exact,202889.36,552553.43,,
001027-073567-02350-X,"כליל החורש 43, דימונה",דימונה,כליל החורש,43,,,exact,203897.65,554255.28,,
001027-073567-02351-X,"נורית 12, דימונה",דימונה,נורית,12,,,exact,203673.34,554299.13,,
001027-073567-02352-X,"העליה 38, דימונה",דימונה,העליה,38,,,exact,203983.71,552732.09,,
001027-073567-02353-X,"ערוגות 13, דימונה",דימונה,ערוגות,13,,,exact,203313.74,553643.79,,
001027-073567-02354-X,"חצב 55, דימונה",דימונה,חצב,55,,,exact,203589.54,554102.43,,
001027-073567-02355-X,"סחלבן החורש 65, דימונה",דימונה,סחלבן החורש,65,,,exact,204153.48,554056.44,,
001027-073567-02356-X,"עבדת 27, דימונה",דימונה,עבדת,27,,,exact,203830.00,552753.53,,
001027-073567-02357-X,"רחבת הפלמ""ח 13, דימונה",דימונה,"רחבת הפלמ""ח",13,,,exact,202718.37,553574.95,,
001027-073567-02358-X,"דרך השלום 28, דימונה",דימונה,דרך השלום,28,,,exact,203428.16,553563.88,,
001027-073567-02359-X,"הרצל 49, דימונה",דימונה,הרצל,49,,,none,,,,
001027-073567-02360-X,"מבצר עכו 17, דימונה",דימונה,מבצר עכו,17,,,exact,203817.94,551657.33,,
001027-073567-02361-X,"קטלב 47, דימונה",דימונה,קטלב,47,,,exact,203712.97,554265.77,,
001027-073567-02362-X,"המעפיל 1238, דימונה",דימונה,המעפיל,1238,,,none,,,,
001027-073567-02363-X,"סיתונית 15, דימונה",דימונה,סיתונית,15,,,exact,203106.87,553933.88,,
001027-073567-02364-X,"מורן החורש 2, דימונה",דימונה,מורן החורש,2,,,exact,203747.75,554144.06,,
001027-073567-02365-X,"גמלא 2, דימונה",דימונה,גמלא,2,,,none,,,,
001027-073567-02366-X,"פקיעין 15, דימונה",דימונה,פקיעין,15,,,exact,203374.66,551850.90,,
001027-073567-02367-X,"רחבת הפלמ""ח 15, דימונה",דימונה,"רחבת הפלמ""ח",15,,,exact,202714.29,553585.77,,
001027-073567-02368-X,"? 17, דימונה",דימונה,?,17,,,exact,203509.68,552859.35,,
001027-073567-02369-X,"שד גולדה מאיר 1023, דימונה",דימונה,שד גולדה מאיר,1023,,,none,,,,
001027-073567-02370-X,"הר שגיא 11, דימונה",דימונה,הר שגיא,11,,,exact,203237.06,554950.90,,
001027-073567-02371-X,"רחבת האשלג 27, דימונה",דימונה,רחבת האשלג,27,,,exact,202719.72,552720.21,,
001027-073567-02372-X,"כורזין 1, דימונה",דימונה,כורזין,1,,,none,,,,
001027-073567-02373-X,"התירוש 14, דימונה",דימונה,התירוש,14,,,none,,,,
001027-073567-02374-X,"שיזף 160, דימונה",דימונה,שיזף,160,,,exact,203389.89,554470.92,,
001027-073567-02375-X,"רחבת אורון 7, דימונה",דימונה,רחבת אורון,7,,,exact,202873.96,552545.66,,
001027-073567-02376-X,"הרימון 11, דימונה",דימונה,הרימון,11,,,exact,202526.39,552527.99,,
001027-073567-02377-X,"טופח 15, דימונה",דימונה,טופח,15,,,exact,203885.81,554443.40,,
001027-073567-02378-X,"הברוש 10, דימונה",דימונה,הברוש,10,,,none,,,,
001027-073567-02379-X,"אמנון ותמר 15, דימונה",דימונה,אמנון ותמר,15,,,exact,202990.47,553870.49,,
001027-073567-02380-X,"הרימון 310, דימונה",דימונה,הרימון,310,,,none,,,,
001027-073567-02381-X,"ירמיה 8, דימונה",דימונה,ירמיה,8,,,exact,203358.91,554144.41,,
001027-073567-02382-X,"המעלה 28, דימונה",דימונה,המעלה,28,,,none,,,,
001027-073567-02383-X,"סחלבן החורש 16, דימונה",דימונה,סחלבן החורש,16,,,exact,203779.98,554008.06,,
001027-073567-02384-X,"סחלבן החורש 76, דימונה",דימונה,סחלבן החורש,76,,,exact,204128.50,553999.80,,
001027-073567-02385-X,"סיתונית 29, דימונה",דימונה,סיתונית,29,,,exact,203196.31,553936.67,,
001027-073567-02386-X,"טיילת הספורט 46, דימונה",דימונה,טיילת הספורט,46,,,exact,203124.85,553721.27,,
001027-073567-02387-X,"דוד אלעזר 526, דימונה",דימונה,דוד אלעזר,526,,,none,,,,
001027-073567-02388-X,"תל אפק 4, דימונה",דימונה,תל אפק,4,,,exact,203184.58,551721.17,,
001027-073567-02389-X,"הפסגה 36, דימונה",דימונה,הפסגה,36,,,exact,203938.59,553442.93,,
001027-073567-02390-X,"רחבת האיסיים 5, דימונה",דימונה,רחבת האיסיים,5,,,none,,,,
001027-073567-02391-X,"מונפור 12, דימונה",דימונה,מונפור,12,,,exact,203268.19,551514.37,,
001027-073567-02392-X,"שיזף 43, דימונה",דימונה,שיזף,43,,,none,,,,
001027-073567-02393-X,"שד בן גוריון 87, דימונה",דימונה,שד בן גוריון,87,,,exact,203228.96,553637.98,,
001027-073567-02394-X,"סיגלון 20, דימונה",דימונה,סיגלון,20,,,exact,204031.03,554523.64,,
001027-073567-02395-X,"הכלנית 762, דימונה",דימונה,הכלנית,762,,,none,,,,
001027-073567-02396-X,"חגי 3, דימונה",דימונה,חגי,3,,,exact,203299.15,554130.54,,
001027-073567-02397-X,"המעלה 27, דימונה",דימונה,המעלה,27,,,exact,204012.21,553322.36,,
001027-073567-02398-X,"הפסגה 7, דימונה",דימונה,הפסגה,7,,,exact,203697.14,553500.97,,
001027-073567-02399-X,"פרג 37, דימונה",דימונה,פרג,37,,,none,,,,
001027-073567-02400-X,"טבנקין יצחק 25, דימונה",דימונה,טבנקין יצחק,25,,,none,,,,
001027-073567-02401-X,"הר כנען 11, דימונה",דימונה,הר כנען,11,,,exact,203601.00,555108.95,,
001027-073567-02402-X,"העצמאות 1009, דימונה",דימונה,העצמאות,1009,,,none,,,,
001027-073567-02403-X,"הרמה 27, דימונה",דימונה,הרמה,27,,,exact,203923.08,553163.18,,
001027-073567-02404-X,"נוה מדבר 171, דימונה",דימונה,נוה מדבר,171,,,none,,,,
001027-073567-02405-X,"התאנה 368, דימונה",דימונה,התאנה,368,,,none,,,,
001027-073567-02406-X,"? 121, דימונה",דימונה,?,121,,,none,,,,
001027-073567-02407-X,"בבא סאלי 89, דימונה",דימונה,בבא סאלי,89,,,exact,203225.14,552252.77,,
001027-073567-02408-X,"חטיבת גבעתי 8, דימונה",דימונה,חטיבת גבעתי,8,,,none,,,,
001027-073567-02409-X,"דרך השלום 67, דימונה",דימונה,דרך השלום,67,,,none,,,,
001027-073567-02410-X,"שד גולדה מאיר 1007, דימונה",דימונה,שד גולדה מאיר,1007,,,none,,,,
001027-073567-02411-X,"טופח 38, דימונה",דימונה,טופח,38,,,none,,,,
001027-073567-02412-X,"התאנה 352, דימונה",דימונה,התאנה,352,,,none,,,,
001027-073567-02413-X,"כורזין 24, דימונה",דימונה,כורזין,24,,,exact,203755.43,551525.94,,
001027-073567-02414-X,"? 31, דימונה",דימונה,?,31,,,exact,203384.31,552905.43,,
001027-073567-02415-X,"ההגנה 24, דימונה",דימונה,ההגנה,24,,,none,,,,
001027-073567-02416-X,"שיזף 35, דימונה",דימונה,שיזף,35,,,none,,,,
001027-073567-02417-X,"? 124, דימונה",דימונה,?,124,,,none,,,,
001027-073567-02418-X,"חטיבת הנגב 9, דימונה",דימונה,חטיבת הנגב,9,,,none,,,,
001027-073567-02419-X,"רחבת הפלמ""ח 3, דימונה",דימונה,"רחבת הפלמ""ח",3,,,exact,202707.57,553460.02,,
001027-073567-02420-X,"דפנה 17, דימונה",דימונה,דפנה,17,,,exact,203789.92,554298.36,,
001027-073567-02421-X,"בבא סאלי 34, דימונה",דימונה,בבא סאלי,34,,,exact,202734.25,552025.83,,
001027-073567-02422-X,"שד הנשיא 73, דימונה",דימונה,שד הנשיא,73,,,exact,202976.55,552600.13,,
001027-073567-02423-X,"? 14, דימונה",דימונה,?,14,,,exact,202592.33,552253.00,,
001027-073567-02424-X,"ישעיה 28, דימונה",דימונה,ישעיה,28,,,exact,203327.24,554337.91,,
001027-073567-02425-X,"התאנה 246, דימונה",דימונה,התאנה,246,,,none,,,,
001027-073567-02426-X,"נוה מדבר 161, דימונה",דימונה,נוה מדבר,161,,,none,,,,
001027-073567-02427-X,"הרימון 321, דימונה",דימונה,הרימון,321,,,none,,,,
001027-073567-02428-X,"רחבת האשלג 18, דימונה",דימונה,רחבת האשלג,18,,,exact,202729.89,552737.54,,
001027-073567-02429-X,"קציעות 3, דימונה",דימונה,קציעות,3,,,exact,203191.14,552240.92,,
001027-073567-02430-X,"פטרה 8, דימונה",דימונה,פטרה,8,,,exact,203604.96,551563.41,,
001027-073567-02431-X,"רחבת האשלג 21, דימונה",דימונה,רחבת האשלג,21,,,exact,202726.36,552684.59,,
001027-073567-02432-X,"האורן 551, דימונה",דימונה,האורן,551,,,none,,,,
001027-073567-02433-X,"הר שניר 15, דימונה",דימונה,הר שניר,15,,,none,,,,
001027-073567-02434-X,"בבא סאלי 29, דימונה",דימונה,בבא סאלי,29,,,exact,202675.94,552084.54,,
001027-073567-02435-X,"התאנה 236, דימונה",דימונה,התאנה,236,,,none,,,,
001027-073567-02436-X,"עבדת 51, דימונה",דימונה,עבדת,51,,,exact,203975.07,552708.90,,
001027-073567-02437-X,"קרני חיטין 36, דימונה",דימונה,קרני חיטין,36,,,exact,203931.03,551660.07,,
001027-073567-02438-X,"סחלבן החורש 42, דימונה",דימונה,סחלבן החורש,42,,,exact,203944.10,554014.72,,
001027-073567-02439-X,"קלעת נמרוד 35, דימונה",דימונה,קלעת נמרוד,35,,,exact,203392.91,551503.90,,
001027-073567-02440-X,"הפסגה 75, דימונה",דימונה,הפסגה,75,,,exact,204121.37,553292.43,,
001027-073567-02441-X,"ישעיה 3, דימונה",דימונה,ישעיה,3,,,exact,203441.67,554258.52,,
001027-073567-02442-X,"שד הנשיא 16, דימונה",דימונה,שד הנשיא,16,,,exact,202603.73,552262.69,,
001027-073567-02443-X,"טופח 31, דימונה",דימונה,טופח,31,,,exact,203960.19,554517.80,,
001027-073567-02444-X,"היורה 795, דימונה",דימונה,היורה,795,,,none,,,,
001027-073567-02445-X,"הרצל 51, דימונה",דימונה,הרצל,51,,,none,,,,
001027-073567-02446-X,"קרני חיטין 28, דימונה",דימונה,קרני חיטין,28,,,exact,203912.68,551616.51,,
001027-073567-02447-X,"מורן החורש 19, דימונה",דימונה,מורן החורש,19,,,exact,203880.34,554173.14,,
001027-073567-02448-X,"גמלא 34, דימונה",דימונה,גמלא,34,,,none,,,,
001027-073567-02449-X,"שד בן גוריון 126, דימונה",דימונה,שד בן גוריון,126,,,none,,,,
001027-073567-02450-X,"התאנה 342, דימונה",דימונה,התאנה,342,,,none,,,,
001027-073567-02451-X,"מורן החורש 11, דימונה",דימונה,מורן החורש,11,,,exact,203792.49,554177.96,,
001027-073567-02452-X,"קרני חיטין 15, דימונה",דימונה,קרני חיטין,15,,,exact,203866.86,551577.61,,
001027-073567-02453-X,"חצב 28, דימונה",דימונה,חצב,28,,,none,,,,
001027-073567-02454-X,"מבצר עכו 28, דימונה",דימונה,מבצר עכו,28,,,none,,,,
001027-073567-02455-X,"קיסריה 24, דימונה",דימונה,קיסריה,24,,,exact,203624.69,551782.88,,
001027-073567-02456-X,"שד בן גוריון 1103, דימונה",דימונה,שד בן גוריון,1103,,,none,,,,
001027-073567-02457-X,"שיזף 73, דימונה",דימונה,שיזף,73,,,exact,203525.36,554485.78,,
001027-073567-02458-X,"העצמאות 1013, דימונה",דימונה,העצמאות,1013,,,none,,,,
001027-073567-02459-X,"טופח 17, דימונה",דימונה,טופח,17,,,exact,203894.49,554449.24,,
001027-073567-02460-X,"שד הנשיא 46, דימונה",דימונה,שד הנשיא,46,,,exact,202887.94,552384.96,,
001027-073567-02461-X,"הרכס 17, דימונה",דימונה,הרכס,17,,,exact,204016.13,553105.71,,
001027-073567-02462-X,"שיזף 5, דימונה",דימונה,שיזף,5,,,none,,,,
001027-073567-02463-X,"התפוצות 35, דימונה",דימונה,התפוצות,35,,,none,,,,
001027-073567-02464-X,"חטיבת הנגב 11, דימונה",דימונה,חטיבת הנגב,11,,,none,,,,
001027-073567-02465-X,"שיזף 77, דימונה",דימונה,שיזף,77,,,exact,203502.54,554454.84,,
001027-073567-02466-X,"ערוגות 14, דימונה",דימונה,ערוגות,14,,,exact,203322.95,553636.90,,
001027-073567-02467-X,"רחבת אורון 22, דימונה",דימונה,רחבת אורון,22,,,none,,,,
001027-073567-02468-X,"התאנה 230, דימונה",דימונה,התאנה,230,,,none,,,,
001027-073567-02469-X,"הברוש 7, דימונה",דימונה,הברוש,7,,,exact,202935.93,552721.84,,
001027-073567-02470-X,"חצב 19, דימונה",דימונה,חצב,19,,,exact,203672.94,554003.12,,
001027-073567-02471-X,"ההדס 525, דימונה",דימונה,ההדס,525,,,none,,,,
001027-073567-02472-X,"מולדה 8, דימונה",דימונה,מולדה,8,,,none,,,,
001027-073567-02473-X,"חצב 64, דימונה",דימונה,חצב,64,,,none,,,,
001027-073567-02474-X,"ברקן 1, דימונה",דימונה,ברקן,1,,,exact,203749.64,554237.87,,
001027-073567-02475-X,"קרני חיטין 4, דימונה",דימונה,קרני חיטין,4,,,exact,203865.30,551493.78,,
001027-073567-02476-X,"ציפורי 31, דימונה",דימונה,ציפורי,31,,,exact,203422.67,551568.51,,
001027-073567-02477-X,"פטרה 24, דימונה",דימונה,פטרה,24,,,exact,203560.24,551488.51,,
001027-073567-02478-X,"פרג 38, דימונה",דימונה,פרג,38,,,exact,203542.48,554342.22,,
001027-073567-02479-X,"פרג 5, דימונה",דימונה,פרג,5,,,exact,203699.52,554327.69,,
001027-073567-02480-X,"בית שערים 26, דימונה",דימונה,בית שערים,26,,,exact,203257.85,551706.70,,
001027-073567-02481-X,"מצדה 43, דימונה",דימונה,מצדה,43,,,exact,202947.47,552269.32,,
001027-073567-02482-X,"הפועלים 18, דימונה",דימונה,הפועלים,18,,,none,,,,
001027-073567-02483-X,"הסנהדרין 274, דימונה",דימונה,הסנהדרין,274,,,none,,,,
001027-073567-02484-X,"סחלבן החורש 15, דימונה",דימונה,סחלבן החורש,15,,,exact,203811.42,554053.71,,
001027-073567-02485-X,"ירמיה 10, דימונה",דימונה,ירמיה,10,,,exact,203358.95,554159.78,,
001027-073567-02486-X,"רחבת האיסיים 11, דימונה",דימונה,רחבת האיסיים,11,,,none,,,,
001027-073567-02487-X,"המסגר 1, דימונה",דימונה,המסגר,1,,,none,,,,
001027-073567-02488-X,"התאנה 242, דימונה",דימונה,התאנה,242,,,none,,,,
001027-073567-02489-X,"אלה 10, דימונה",דימונה,אלה,10,,,exact,203575.48,554216.67,,
001027-073567-02490-X,"שיזף 81, דימונה",דימונה,שיזף,81,,,exact,203480.86,554441.25,,
001027-073567-02491-X,"קדש 47, דימונה",דימונה,קדש,47,,,none,,,,
001027-073567-02492-X,"העמל 2, דימונה",דימונה,העמל,2,,,none,,,,
001027-073567-02493-X,"הרימון 326, דימונה",דימונה,הרימון,326,,,none,,,,
001027-073567-02494-X,"קלעת נמרוד 13, דימונה",דימונה,קלעת נמרוד,13,,,exact,203279.22,551484.20,,
001027-073567-02495-X,"האורן 40, דימונה",דימונה,האורן,40,,,none,,,,
001027-073567-02496-X,"דוד אלעזר 582, דימונה",דימונה,דוד אלעזר,582,,,none,,,,
001027-073567-02497-X,"שיזף 85, דימונה",דימונה,שיזף,85,,,exact,203460.41,554410.97,,
001027-073567-02498-X,"כליל החורש 30, דימונה",דימונה,כליל החורש,30,,,exact,203944.54,554201.33,,
001027-073567-02499-X,"פקיעין 1, דימונה",דימונה,פקיעין,1,,,exact,203257.06,551867.84,,
001027-073567-02500-X,"בבא סאלי 38, דימונה",דימונה,בבא סאלי,38,,,exact,202759.72,552018.42,,
001027-073567-02501-X,"הגיא 5, דימונה",דימונה,הגיא,5,,,exact,203746.65,553351.07,,
001027-073567-02502-X,"התירוש 4, דימונה",דימונה,התירוש,4,,,none,,,,
001027-073567-02503-X,"הפסגה 30, דימונה",דימונה,הפסגה,30,,,exact,203902.31,553481.92,,
001027-073567-02504-X,"טיילת הספורט 1049, דימונה",דימונה,טיילת הספורט,1049,,,none,,,,
001027-073567-02505-X,"הר ארבל 31, דימונה",דימונה,הר ארבל,31,,,exact,203628.43,554980.19,,
001027-073567-02506-X,"חגי 25, דימונה",דימונה,חגי,25,,,exact,203406.97,554031.51,,
001027-073567-02507-X,"רזיאל דוד 22, דימונה",דימונה,רזיאל דוד,22,,,none,,,,
001027-073567-02508-X,"נבטים 2, דימונה",דימונה,נבטים,2,,,exact,203338.77,553490.35,,
001027-073567-02509-X,"צפצפה 15, דימונה",דימונה,צפצפה,15,,,exact,203616.43,554391.66,,
001027-073567-02510-X,"דולב 27, דימונה",דימונה,דולב,27,,,none,,,,
001027-073567-02511-X,"משעול רוגל 19, דימונה",דימונה,משעול רוגל,19,,,exact,202679.53,553647.15,,
001027-073567-02512-X,"רחבת האיסיים 7, דימונה",דימונה,רחבת האיסיים,7,,,none,,,,
001027-073567-02513-X,"בית שערים 17, דימונה",דימונה,בית שערים,17,,,exact,203294.61,551731.24,,
001027-073567-02514-X,"גמלא 62, דימונה",דימונה,גמלא,62,,,exact,203683.62,551710.02,,
001027-073567-02515-X,"השקד 2, דימונה",דימונה,השקד,2,,,none,,,,
001027-073567-02516-X,"בבא סאלי 94, דימונה",דימונה,בבא סאלי,94,,,exact,203215.65,552216.38,,
001027-073567-02517-X,"כליל החורש 3, דימונה",דימונה,כליל החורש,3,,,exact,203898.80,554056.45,,
001027-073567-02518-X,"הכלנית 8, דימונה",דימונה,הכלנית,8,,,exact,202856.64,552332.26,,
001027-073567-02519-X,"שד הנשיא 89, דימונה",דימונה,שד הנשיא,89,,,exact,202982.26,552799.80,,
001027-073567-02520-X,"שיזף 75, דימונה",דימונה,שיזף,75,,,exact,203500.92,554462.09,,
001027-073567-02521-X,"יגור 37, דימונה",דימונה,יגור,37,,,none,,,,
001027-073567-02522-X,"הר מירון 1, דימונה",דימונה,הר מירון,1,,,exact,203573.02,555023.62,,
001027-073567-02523-X,"שבזי שלום 34, דימונה",דימונה,שבזי שלום,34,,,exact,204073.61,553400.48,,
001027-073567-02524-X,"משעול ארז 2, דימונה",דימונה,משעול ארז,2,,,exact,202644.71,553579.90,,
001027-073567-02525-X,"המעפיל 16, דימונה",דימונה,המעפיל,16,,,exact,203160.41,553408.10,,
001027-073567-02526-X,"סיגלון 12, דימונה",דימונה,סיגלון,12,,,exact,204055.86,554499.65,,
001027-073567-02527-X,"השבלים 347, דימונה",דימונה,השבלים,347,,,none,,,,
001027-073567-02528-X,"סחלבן החורש 6, דימונה",דימונה,סחלבן החורש,6,,,exact,203720.20,554002.70,,
001027-073567-02529-X,"בית שערים 10, דימונה",דימונה,בית שערים,10,,,exact,203170.30,551807.41,,
001027-073567-02530-X,"דרך השלום 37, דימונה",דימונה,דרך השלום,37,,,none,,,,
001027-073567-02531-X,"קרני חיטין 19, דימונה",דימונה,קרני חיטין,19,,,exact,203842.75,551527.44,,
001027-073567-02532-X,"ההגנה 4, דימונה",דימונה,ההגנה,4,,,exact,202803.63,553569.75,,
001027-073567-02533-X,"רזיאל דוד 12, דימונה",דימונה,רזיאל דוד,12,,,none,,,,
001027-073567-02534-X,"אלה 2, דימונה",דימונה,אלה,2,,,exact,203589.98,554177.15,,
001027-073567-02535-X,"טופח 27, דימונה",דימונה,טופח,27,,,exact,203950.30,554502.56,,
001027-073567-02536-X,"שד בן גוריון 79, דימונה",דימונה,שד בן גוריון,79,,,none,,,,
001027-073567-02537-X,"הרצל 504, דימונה",דימונה,הרצל,504,,,none,,,,
001027-073567-02538-X,"שושן צחור 10, דימונה",דימונה,שושן צחור,10,,,exact,203060.74,553766.76,,
001027-073567-02539-X,"הצבר 27, דימונה",דימונה,הצבר,27,,,none,,,,
001027-073567-02540-X,"המסגר 2, דימונה",דימונה,המסגר,2,,,none,,,,
001027-073567-02541-X,"ציפורן 1, דימונה",דימונה,ציפורן,1,,,exact,203568.29,554518.23,,
001027-073567-02542-X,"חרוב 37, דימונה",דימונה,חרוב,37,,,exact,204018.13,554408.64,,
001027-073567-02543-X,"שיבטה 5, דימונה",דימונה,שיבטה,5,,,exact,203669.57,551642.14,,
001027-073567-02544-X,"שד הנשיא 28, דימונה",דימונה,שד הנשיא,28,,,exact,202728.01,552307.05,,
001027-073567-02545-X,"הגפן 36, דימונה",דימונה,הגפן,36,,,exact,202399.89,552663.89,,
001027-073567-02546-X,"נוה מדבר 149, דימונה",דימונה,נוה מדבר,149,,,none,,,,
001027-073567-02547-X,"המעפיל 29, דימונה",דימונה,המעפיל,29,,,exact,203330.36,553458.23,,
001027-073567-02548-X,"חצב 45, דימונה",דימונה,חצב,45,,,exact,203596.56,554053.42,,
001027-073567-02549-X,"תל אפק 46, דימונה",דימונה,תל אפק,46,,,exact,203182.61,551506.35,,
001027-073567-02550-X,"שד בן גוריון 3, דימונה",דימונה,שד בן גוריון,3,,,exact,203226.62,553020.12,,
001027-073567-02551-X,"אשחר 4, דימונה",דימונה,אשחר,4,,,exact,204019.50,554084.12,,
001027-073567-02552-X,"קארו יוסף 6, דימונה",דימונה,קארו יוסף,6,,,none,,,,
001027-073567-02553-X,"יגור 5, דימונה",דימונה,יגור,5,,,exact,202651.32,553837.75,,
001027-073567-02554-X,"הפסגה 40, דימונה",דימונה,הפסגה,40,,,exact,203963.63,553408.51,,
001027-073567-02555-X,"דולב 23, דימונה",דימונה,דולב,23,,,none,,,,
001027-073567-02556-X,"ליבנה 5, דימונה",דימונה,ליבנה,5,,,exact,203845.04,554076.81,,
001027-073567-02557-X,"אקליפטוס 12, דימונה",דימונה,אקליפטוס,12,,,none,,,,
001027-073567-02558-X,"שד בן גוריון 39, דימונה",דימונה,שד בן גוריון,39,,,exact,203229.28,553292.54,,
001027-073567-02559-X,"תל אפק 48, דימונה",דימונה,תל אפק,48,,,exact,203176.98,551502.17,,
001027-073567-02560-X,"בית שערים 19, דימונה",דימונה,בית שערים,19,,,exact,203301.94,551732.79,,
001027-073567-02561-X,"שבזי שלום 9, דימונה",דימונה,שבזי שלום,9,,,exact,203990.66,553636.79,,
001027-073567-02562-X,"שטרן יאיר 6, דימונה",דימונה,שטרן יאיר,6,,,none,,,,
001027-073567-02563-X,"הברוש 17, דימונה",דימונה,הברוש,17,,,none,,,,
001027-073567-02564-X,"מורן החורש 124, דימונה",דימונה,מורן החורש,124,,,none,,,,
001027-073567-02565-X,"בר כוכבא 212, דימונה",דימונה,בר כוכבא,212,,,none,,,,
001027-073567-02566-X,"היורה 788, דימונה",דימונה,היורה,788,,,none,,,,
001027-073567-02567-X,"? 58, דימונה",דימונה,?,58,,,exact,202916.48,553067.27,,
001027-073567-02568-X,"הכלנית 755, דימונה",דימונה,הכלנית,755,,,none,,,,
001027-073567-02569-X,"הר כנען 12, דימונה",דימונה,הר כנען,12,,,exact,203648.05,555106.68,,
001027-073567-02570-X,"משעול התקוה 5, דימונה",דימונה,משעול התקוה,5,,,none,,,,
001027-073567-02571-X,"נורית 19, דימונה",דימונה,נורית,19,,,none,,,,
001027-073567-02572-X,"שיזף 78, דימונה",דימונה,שיזף,78,,,exact,203823.08,554593.96,,
001027-073567-02573-X,"אקליפטוס 37, דימונה",דימונה,אקליפטוס,37,,,exact,203971.73,554232.61,,
001027-073567-02574-X,"ישעיה 14, דימונה",דימונה,ישעיה,14,,,exact,203410.61,554324.15,,
001027-073567-02575-X,"שד הנשיא 11, דימונה",דימונה,שד הנשיא,11,,,none,,,,
001027-073567-02576-X,"הרמה 47, דימונה",דימונה,הרמה,47,,,exact,203982.38,553020.74,,
001027-073567-02577-X,"ציפורי 69, דימונה",דימונה,ציפורי,69,,,exact,203753.19,551482.57,,
001027-073567-02578-X,"רחבת האיסיים 14, דימונה",דימונה,רחבת האיסיים,14,,,none,,,,
001027-073567-02579-X,"? 49, דימונה",דימונה,?,49,,,exact,202852.91,552430.51,,
001027-073567-02580-X,"ליבנה 48, דימונה",דימונה,ליבנה,48,,,exact,203871.49,554274.69,,
001027-073567-02581-X,"ליבנה 13, דימונה",דימונה,ליבנה,13,,,none,,,,
001027-073567-02582-X,"דרך השלום 57, דימונה",דימונה,דרך השלום,57,,,exact,203509.09,553634.14,,
001027-073567-02583-X,"אמנון ותמר 5, דימונה",דימונה,אמנון ותמר,5,,,exact,202989.45,553794.97,,
001027-073567-02584-X,"סלא איירין 1, דימונה",דימונה,סלא איירין,1,,,none,,,,
001027-073567-02585-X,"שד הנשיא 186, דימונה",דימונה,שד הנשיא,186,,,none,,,,
001027-073567-02586-X,"המעפיל 70, דימונה",דימונה,המעפיל,70,,,exact,203827.32,553372.24,,
001027-073567-02587-X,"התאנה 334, דימונה",דימונה,התאנה,334,,,none,,,,
001027-073567-02588-X,"טופח 21, דימונה",דימונה,טופח,21,,,exact,203904.05,554468.65,,
001027-073567-02589-X,"הפסגה 3, דימונה",דימונה,הפסגה,3,,,exact,203696.59,553460.46,,
001027-073567-02590-X,"הפסגה 21, דימונה",דימונה,הפסגה,21,,,exact,203792.51,553587.66,,
001027-073567-02591-X,"התפוצות 33, דימונה",דימונה,התפוצות,33,,,none,,,,
001027-073567-02592-X,"משעול שלדג 16, דימונה",דימונה,משעול שלדג,16,,,none,,,,
001027-073567-02593-X,"הפסגה 76, דימונה",דימונה,הפסגה,76,,,exact,204078.93,553089.54,,
001027-073567-02594-X,"שד הנשיא 26, דימונה",דימונה,שד הנשיא,26,,,exact,202714.83,552297.48,,
001027-073567-02595-X,"משעול רוגל 10, דימונה",דימונה,משעול רוגל,10,,,none,,,,
001027-073567-02596-X,"הפסגה 53, דימונה",דימונה,הפסגה,53,,,exact,204020.03,553392.07,,
001027-073567-02597-X,"שד הנשיא 188, דימונה",דימונה,שד הנשיא,188,,,none,,,,
001027-073567-02598-X,"גמלא 15, דימונה",דימונה,גמלא,15,,,exact,203330.69,551794.45,,
001027-073567-02599-X,"כובשי אילת 1623, דימונה",דימונה,כובשי אילת,1623,,,none,,,,
001027-073567-02600-X,"דפנה 6, דימונה",דימונה,דפנה,6,,,exact,203767.28,554269.02,,
001027-073567-02601-X,"טבנקין יצחק 19, דימונה",דימונה,טבנקין יצחק,19,,,none,,,,
001027-073567-02602-X,"? 45, דימונה",דימונה,?,45,,,exact,203292.15,552924.93,,
001027-073567-02603-X,"הרימון 305, דימונה",דימונה,הרימון,305,,,none,,,,
001027-073567-02604-X,"כליל החורש 24, דימונה",דימונה,כליל החורש,24,,,exact,203942.79,554143.20,,
001027-073567-02605-X,"דרך השלום 113, דימונה",דימונה,דרך השלום,113,,,none,,,,
001027-073567-02606-X,"קטלב 51, דימונה",דימונה,קטלב,51,,,none,,,,
001027-073567-02607-X,"חגי 28, דימונה",דימונה,חגי,28,,,exact,203323.95,554006.16,,
001027-073567-02608-X,"הר ארבל 15, דימונה",דימונה,הר ארבל,15,,,exact,203704.28,554860.57,,
001027-073567-02609-X,"הר כרמל 8, דימונה",דימונה,הר כרמל,8,,,exact,203639.97,554944.08,,
001027-073567-02610-X,"גמלא 23, דימונה",דימונה,גמלא,23,,,exact,203390.66,551782.95,,
001027-073567-02611-X,"רחבת הפלמ""ח 5, דימונה",דימונה,"רחבת הפלמ""ח",5,,,exact,202706.31,553482.18,,
001027-073567-02612-X,"קטלב 15, דימונה",דימונה,קטלב,15,,,exact,203715.56,554108.06,,
001027-073567-02613-X,"רחבת הבנים 3, דימונה",דימונה,רחבת הבנים,3,,,none,,,,
001027-073567-02614-X,"הרמה 10, דימונה",דימונה,הרמה,10,,,exact,203789.44,553252.73,,
001027-073567-02615-X,"חגי 15, דימונה",דימונה,חגי,15,,,exact,203337.23,554032.86,,
001027-073567-02616-X,"נוה מדבר 121, דימונה",דימונה,נוה מדבר,121,,,none,,,,
001027-073567-02617-X,"שבזי שלום 2, דימונה",דימונה,שבזי שלום,2,,,exact,203912.67,553675.74,,
001027-073567-02618-X,"קטלב 12, דימונה",דימונה,קטלב,12,,,none,,,,
001027-073567-02619-X,"כורזין 19, דימונה",דימונה,כורזין,19,,,exact,203774.33,551543.53,,
001027-073567-02620-X,"התירוש 6, דימונה",דימונה,התירוש,6,,,none,,,,
001027-073567-02621-X,"הברוש 15, דימונה",דימונה,הברוש,15,,,none,,,,
001027-073567-02622-X,"רחבת אורון 26, דימונה",דימונה,רחבת אורון,26,,,none,,,,
001027-073567-02623-X,"חגי 54, דימונה",דימונה,חגי,54,,,exact,203514.54,554008.40,,
001027-073567-02624-X,"רחבת הבנים 4, דימונה",דימונה,רחבת הבנים,4,,,none,,,,
001027-073567-02625-X,"השלוה 1178, דימונה",דימונה,השלוה,1178,,,none,,,,
001027-073567-02626-X,"מצדה 5, דימונה",דימונה,מצדה,5,,,exact,202824.57,552285.64,,
001027-073567-02627-X,"הרימון 328, דימונה",דימונה,הרימון,328,,,none,,,,
001027-073567-02628-X,"הרמה 39, דימונה",דימונה,הרמה,39,,,exact,203983.05,553091.02,,
001027-073567-02629-X,"הר שגיא 3, דימונה",דימונה,הר שגיא,3,,,exact,203321.98,554974.69,,
001027-073567-02630-X,"שיזף 124, דימונה",דימונה,שיזף,124,,,exact,203625.19,554605.98,,
001027-073567-02631-X,"סחלבן החורש 46, דימונה",דימונה,סחלבן החורש,46,,,exact,203971.34,554025.43,,
001027-073567-02632-X,"שיזף 26, דימונה",דימונה,שיזף,26,,,exact,204145.63,554275.95,,
001027-073567-02633-X,"הר כנען 4, דימונה",דימונה,הר כנען,4,,,exact,203559.55,555049.38,,
001027-073567-02634-X,"הפסגה 55, דימונה",דימונה,הפסגה,55,,,exact,204034.67,553377.25,,
001027-073567-02635-X,"ציפורן 12, דימונה",דימונה,ציפורן,12,,,exact,203613.94,554437.23,,
001027-073567-02636-X,"חגי 43, דימונה",דימונה,חגי,43,,,none,,,,
001027-073567-02637-X,"הסנהדרין 275, דימונה",דימונה,הסנהדרין,275,,,none,,,,
001027-073567-02638-X,"? 56, דימונה",דימונה,?,56,,,exact,202874.86,553079.84,,
001027-073567-02639-X,"ציפורן 22, דימונה",דימונה,ציפורן,22,,,exact,203682.77,554398.71,,
001027-073567-02640-X,"כובשי אילת 1635, דימונה",דימונה,כובשי אילת,1635,,,none,,,,
001027-073567-02641-X,"בבא סאלי 28, דימונה",דימונה,בבא סאלי,28,,,exact,202695.17,552029.68,,
001027-073567-02642-X,"שבזי שלום 38, דימונה",דימונה,שבזי שלום,38,,,exact,204102.63,553400.48,,
001027-073567-02643-X,"כובשי אילת 2, דימונה",דימונה,כובשי אילת,2,,,exact,203509.91,552305.20,,
001027-073567-02644-X,"חגי 29, דימונה",דימונה,חגי,29,,,exact,203438.83,554032.23,,
001027-073567-02645-X,"חרוב 39, דימונה",דימונה,חרוב,39,,,exact,204034.00,554415.90,,
001027-073567-02646-X,"נוה מדבר 177, דימונה",דימונה,נוה מדבר,177,,,none,,,,
001027-073567-02647-X,"שיזף 24, דימונה",דימונה,שיזף,24,,,exact,204156.05,554262.89,,
001027-073567-02648-X,"סיתונית 19, דימונה",דימונה,סיתונית,19,,,exact,203134.15,553937.01,,
001027-073567-02649-X,"שטרן יאיר 5, דימונה",דימונה,שטרן יאיר,5,,,none,,,,
001027-073567-02650-X,"עלית הנוער 12, דימונה",דימונה,עלית הנוער,12,,,none,,,,
001027-073567-02651-X,"המעלה 18, דימונה",דימונה,המעלה,18,,,exact,203942.79,553342.89,,
001027-073567-02652-X,"בית שערים 11, דימונה",דימונה,בית שערים,11,,,exact,203210.14,551795.92,,
001027-073567-02653-X,"הרמה 22, דימונה",דימונה,הרמה,22,,,exact,203856.58,553187.11,,
001027-073567-02654-X,"שד הנשיא 185, דימונה",דימונה,שד הנשיא,185,,,none,,,,
001027-073567-02655-X,"ישעיה 40, דימונה",דימונה,ישעיה,40,,,exact,203282.11,554270.27,,
001027-073567-02656-X,"נורית 17, דימונה",דימונה,נורית,17,,,none,,,,
001027-073567-02657-X,"סביון 3, דימונה",דימונה,סביון,3,,,none,,,,
001027-073567-02658-X,"שיזף 83, דימונה",דימונה,שיזף,83,,,exact,203460.92,554417.72,,
001027-073567-02659-X,"שד גולדה מאיר 4021, דימונה",דימונה,שד גולדה מאיר,4021,,,none,,,,
001027-073567-02660-X,"הרמה 40, דימונה",דימונה,הרמה,40,,,exact,203951.62,553077.33,,
001027-073567-02661-X,"מרחבים 1303, דימונה",דימונה,מרחבים,1303,,,none,,,,
001027-073567-02662-X,"משעול שלדג 128, דימונה",דימונה,משעול שלדג,128,,,none,,,,
001027-073567-02663-X,"שד בן גוריון 99, דימונה",דימונה,שד בן גוריון,99,,,exact,203214.16,553718.44,,
001027-073567-02664-X,"כובשי אילת 1646, דימונה",דימונה,כובשי אילת,1646,,,none,,,,
001027-073567-02665-X,"בבא סאלי 33, דימונה",דימונה,בבא סאלי,33,,,exact,202701.30,552080.26,,
001027-073567-02666-X,"סחלבן החורש 57, דימונה",דימונה,סחלבן החורש,57,,,exact,204116.02,554055.79,,
001027-073567-02667-X,"סיתונית 22, דימונה",דימונה,סיתונית,22,,,exact,203194.95,553904.75,,
001027-073567-02668-X,"משעול הרעות 11, דימונה",דימונה,משעול הרעות,11,,,none,,,,
001027-073567-02669-X,"אקליפטוס 19, דימונה",דימונה,אקליפטוס,19,,,exact,203971.28,554126.76,,
001027-073567-02670-X,"מבצר עכו 10, דימונה",דימונה,מבצר עכו,10,,,exact,203774.93,551646.76,,
001027-073567-02671-X,"טיילת הספורט 18, דימונה",דימונה,טיילת הספורט,18,,,exact,203119.88,553267.00,,
001027-073567-02672-X,"מורן החורש 30, דימונה",דימונה,מורן החורש,30,,,exact,204004.82,554144.81,,
001027-073567-02673-X,"מורן החורש 10, דימונה",דימונה,מורן החורש,10,,,exact,203784.74,554143.28,,
001027-073567-02674-X,"? 254, דימונה",דימונה,?,254,,,none,,,,
001027-073567-02675-X,"אקליפטוס 1, דימונה",דימונה,אקליפטוס,1,,,exact,203972.33,554053.30,,
001027-073567-02676-X,"השבלים 359, דימונה",דימונה,השבלים,359,,,none,,,,
001027-073567-02677-X,"הפסגה 57, דימונה",דימונה,הפסגה,57,,,exact,204045.80,553366.33,,
001027-073567-02678-X,"סיתונית 3, דימונה",דימונה,סיתונית,3,,,exact,203016.63,553932.49,,
001027-073567-02679-X,"נתיב הל""ה 7, דימונה",דימונה,"נתיב הל""ה",7,,,none,,,,
001027-073567-02680-X,"אבן עזרא 6, דימונה",דימונה,אבן עזרא,6,,,exact,204025.26,553571.42,,
001027-073567-02681-X,"הרימון 319, דימונה",דימונה,הרימון,319,,,none,,,,
001027-073567-02682-X,"היורה 778, דימונה",דימונה,היורה,778,,,none,,,,
001027-073567-02683-X,"משעול התקוה 8, דימונה",דימונה,משעול התקוה,8,,,none,,,,
001027-073567-02684-X,"נורית 4, דימונה",דימונה,נורית,4,,,exact,203709.85,554301.25,,
001027-073567-02685-X,"ורדימון יצחק 4, דימונה",דימונה,ורדימון יצחק,4,,,none,,,,
001027-073567-02686-X,"כובשי אילת 1645, דימונה",דימונה,כובשי אילת,1645,,,none,,,,
001027-073567-02687-X,"כובשי אילת 1631, דימונה",דימונה,כובשי אילת,1631,,,none,,,,
001027-073567-02688-X,"ההדס 10, דימונה",דימונה,ההדס,10,,,exact,202820.66,552615.19,,
001027-073567-02689-X,"בבא סאלי 19, דימונה",דימונה,בבא סאלי,19,,,exact,202593.89,552080.89,,
001027-073567-02690-X,"שיבטה 21, דימונה",דימונה,שיבטה,21,,,exact,203717.80,551709.98,,
001027-073567-02691-X,"שד בן גוריון 31, דימונה",דימונה,שד בן גוריון,31,,,exact,203226.83,553233.37,,
001027-073567-02692-X,"השבלים 403, דימונה",דימונה,השבלים,403,,,none,,,,
001027-073567-02693-X,"המעפיל 66, דימונה",דימונה,המעפיל,66,,,exact,203799.26,553398.70,,
001027-073567-02694-X,"ליבנה 52, דימונה",דימונה,ליבנה,52,,,exact,203872.05,554293.14,,
001027-073567-02695-X,"דוד אלעזר 1174, דימונה",דימונה,דוד אלעזר,1174,,,none,,,,
001027-073567-02696-X,"הר ארבל 37, דימונה",דימונה,הר ארבל,37,,,exact,203551.70,554998.03,,
001027-073567-02697-X,"שד הנשיא 9, דימונה",דימונה,שד הנשיא,9,,,none,,,,
001027-073567-02698-X,"מצדה 156, דימונה",דימונה,מצדה,156,,,none,,,,
001027-073567-02699-X,"הרמה 23, דימונה",דימונה,הרמה,23,,,exact,203892.21,553187.24,,
001027-073567-02700-X,"חצב 49, דימונה",דימונה,חצב,49,,,exact,203595.85,554070.86,,
001027-073567-02701-X,"השקד 7, דימונה",דימונה,השקד,7,,,none,,,,
001027-073567-02702-X,"השבלים 397, דימונה",דימונה,השבלים,397,,,none,,,,
001027-073567-02703-X,"ההגנה 16, דימונה",דימונה,ההגנה,16,,,none,,,,
001027-073567-02704-X,"ירמיה 17, דימונה",דימונה,ירמיה,17,,,none,,,,
001027-073567-02705-X,"קרני חיטין 11, דימונה",דימונה,קרני חיטין,11,,,exact,203877.17,551599.28,,
001027-073567-02706-X,"כובשי אילת 1657, דימונה",דימונה,כובשי אילת,1657,,,none,,,,
001027-073567-02707-X,"נבטים 8, דימונה",דימונה,נבטים,8,,,exact,203362.17,553500.90,,
001027-073567-02708-X,"ישעיה 25, דימונה",דימונה,ישעיה,25,,,exact,203305.58,554262.08,,
001027-073567-02709-X,"אקליפטוס 17, דימונה",דימונה,אקליפטוס,17,,,exact,203966.92,554120.56,,
001027-073567-02710-X,"הפועלים 28, דימונה",דימונה,הפועלים,28,,,none,,,,
001027-073567-02711-X,"כליל החורש 20, דימונה",דימונה,כליל החורש,20,,,exact,203944.22,554130.48,,
001027-073567-02712-X,"דרך השלום 48, דימונה",דימונה,דרך השלום,48,,,exact,203541.38,553612.24,,
001027-073567-02713-X,"מורן החורש 51, דימונה",דימונה,מורן החורש,51,,,exact,204115.74,554182.93,,
001027-073567-02714-X,"היורה 67, דימונה",דימונה,היורה,67,,,none,,,,
001027-073567-02715-X,"פקיעין 3, דימונה",דימונה,פקיעין,3,,,exact,203274.16,551868.34,,
001027-073567-02716-X,"הר מירון 12, דימונה",דימונה,הר מירון,12,,,exact,203686.84,555081.45,,
001027-073567-02717-X,"רקפת 752, דימונה",דימונה,רקפת,752,,,none,,,,
001027-073567-02718-X,"מורן החורש 54, דימונה",דימונה,מורן החורש,54,,,exact,204116.44,554140.07,,
001027-073567-02719-X,"רחבת הנח""ל 6, דימונה",דימונה,"רחבת הנח""ל",6,,,none,,,,
001027-073567-02720-X,"היונה 151, דימונה",דימונה,היונה,151,,,none,,,,
001027-073567-02721-X,"בבא סאלי 9, דימונה",דימונה,בבא סאלי,9,,,exact,202536.63,552101.78,,
001027-073567-02722-X,"בית שערים 31, דימונה",דימונה,בית שערים,31,,,exact,203364.51,551714.40,,
001027-073567-02723-X,"שיבטה 25, דימונה",דימונה,שיבטה,25,,,exact,203730.34,551724.83,,
001027-073567-02724-X,"טבנקין יצחק 13, דימונה",דימונה,טבנקין יצחק,13,,,none,,,,
001027-073567-02725-X,"דוד אלעזר 522, דימונה",דימונה,דוד אלעזר,522,,,none,,,,
001027-073567-02726-X,"ירמיה 4, דימונה",דימונה,ירמיה,4,,,exact,203359.51,554118.01,,
001027-073567-02727-X,"המעפיל 87, דימונה",דימונה,המעפיל,87,,,exact,203971.78,553210.79,,
001027-073567-02728-X,"מורן החורש 72, דימונה",דימונה,מורן החורש,72,,,none,,,,
001027-073567-02729-X,"כליל החורש 49, דימונה",דימונה,כליל החורש,49,,,exact,203902.99,554288.95,,
001027-073567-02730-X,"נוה מדבר 113, דימונה",דימונה,נוה מדבר,113,,,none,,,,
001027-073567-02731-X,"אקליפטוס 55, דימונה",דימונה,אקליפטוס,55,,,exact,203966.54,554309.11,,
001027-073567-02732-X,"טיילת הספורט 4, דימונה",דימונה,טיילת הספורט,4,,,exact,203123.12,553023.36,,
001027-073567-02733-X,"מורן החורש 35, דימונה",דימונה,מורן החורש,35,,,exact,204037.99,554178.29,,
001027-073567-02734-X,"הצאלה 13, דימונה",דימונה,הצאלה,13,,,exact,202883.04,552768.32,,
001027-073567-02735-X,"השקד 5, דימונה",דימונה,השקד,5,,,none,,,,
001027-073567-02736-X,"רחבת האשלג 4, דימונה",דימונה,רחבת האשלג,4,,,exact,202765.37,552675.52,,
001027-073567-02737-X,"רחבת האיסיים 15, דימונה",דימונה,רחבת האיסיים,15,,,none,,,,
001027-073567-02738-X,"? 32, דימונה",דימונה,?,32,,,exact,202758.90,552317.12,,
001027-073567-02739-X,"רחבת הפלמ""ח 21, דימונה",דימונה,"רחבת הפלמ""ח",21,,,none,,,,
001027-073567-02740-X,"תל לכיש 22, דימונה",דימונה,תל לכיש,22,,,exact,203628.21,551925.12,,
001027-073567-02741-X,"כובשי אילת 1622, דימונה",דימונה,כובשי אילת,1622,,,none,,,,
001027-073567-02742-X,"הרמה 51, דימונה",דימונה,הרמה,51,,,exact,203991.00,552984.47,,
001027-073567-02743-X,"רחבת אורון 5, דימונה",דימונה,רחבת אורון,5,,,exact,202854.48,552555.75,,
001027-073567-02744-X,"בבא סאלי 30, דימונה",דימונה,בבא סאלי,30,,,exact,202712.21,552028.95,,
001027-073567-02745-X,"הרימון 348, דימונה",דימונה,הרימון,348,,,none,,,,
001027-073567-02746-X,"השיריון 4087, דימונה",דימונה,השיריון,4087,,,none,,,,
001027-073567-02747-X,"קצרין 5, דימונה",דימונה,קצרין,5,,,exact,203576.02,551568.40,,
001027-073567-02748-X,"ירמיה 9, דימונה",דימונה,ירמיה,9,,,none,,,,
001027-073567-02749-X,"דרך השלום 42, דימונה",דימונה,דרך השלום,42,,,exact,203524.42,553612.48,,
001027-073567-02750-X,"המעלה 9, דימונה",דימונה,המעלה,9,,,exact,203882.56,553451.85,,
001027-073567-02751-X,"מצדה 150, דימונה",דימונה,מצדה,150,,,none,,,,
001027-073567-02752-X,"המעלה 26, דימונה",דימונה,המעלה,26,,,exact,203977.96,553275.66,,
001027-073567-02753-X,"התאנה 256, דימונה",דימונה,התאנה,256,,,none,,,,
001027-073567-02754-X,"צבעוני 6, דימונה",דימונה,צבעוני,6,,,exact,203477.46,554396.51,,
001027-073567-02755-X,"שד בן גוריון 5, דימונה",דימונה,שד בן גוריון,5,,,exact,203229.41,553040.97,,
001027-073567-02756-X,"הר כנען 5, דימונה",דימונה,הר כנען,5,,,exact,203548.40,555077.84,,
001027-073567-02757-X,"מונפור 22, דימונה",דימונה,מונפור,22,,,exact,203329.28,551512.90,,
001027-073567-02758-X,"התאנה 240, דימונה",דימונה,התאנה,240,,,none,,,,
001027-073567-02759-X,"אזוב 11, דימונה",דימונה,אזוב,11,,,none,,,,
001027-073567-02760-X,"המעפיל 36, דימונה",דימונה,המעפיל,36,,,exact,203421.51,553407.46,,
001027-073567-02761-X,"בבא סאלי 16, דימונה",דימונה,בבא סאלי,16,,,none,,,,
001027-073567-02762-X,"? 59, דימונה",דימונה,?,59,,,exact,202953.03,552911.12,,
001027-073567-02763-X,"רחבת הפלמ""ח 1, דימונה",דימונה,"רחבת הפלמ""ח",1,,,exact,202706.78,553441.58,,
001027-073567-02764-X,"ליבנה 9, דימונה",דימונה,ליבנה,9,,,none,,,,
001027-073567-02765-X,"כורזין 3, דימונה",דימונה,כורזין,3,,,exact,203696.66,551577.94,,
001027-073567-02766-X,"הרכס 6, דימונה",דימונה,הרכס,6,,,exact,204047.00,553017.96,,
001027-073567-02767-X,"רחבת אורון 11, דימונה",דימונה,רחבת אורון,11,,,exact,202917.91,552551.25,,
001027-073567-02768-X,"שמעון בר יוחאי 6, דימונה",דימונה,שמעון בר יוחאי,6,,,street,203947.38,553717.06,,
001027-073567-02769-X,"דרך השלום 22, דימונה",דימונה,דרך השלום,22,,,exact,203375.45,553557.58,,
001027-073567-02770-X,"דרך השלום 21, דימונה",דימונה,דרך השלום,21,,,exact,203357.50,553576.58,,
001027-073567-02771-X,"נוה מדבר 122, דימונה",דימונה,נוה מדבר,122,,,none,,,,
001027-073567-02772-X,"גמלא 4, דימונה",דימונה,גמלא,4,,,exact,203223.10,551871.75,,
001027-073567-02773-X,"דרך השלום 1216, דימונה",דימונה,דרך השלום,1216,,,none,,,,
001027-073567-02774-X,"השבלים 371, דימונה",דימונה,השבלים,371,,,none,,,,
001027-073567-02775-X,"שיזף 68, דימונה",דימונה,שיזף,68,,,none,,,,
001027-073567-02776-X,"קטלב 5, דימונה",דימונה,קטלב,5,,,exact,203715.79,554056.31,,
001027-073567-02777-X,"התאנה 244, דימונה",דימונה,התאנה,244,,,none,,,,
001027-073567-02778-X,"הרכס 16, דימונה",דימונה,הרכס,16,,,exact,204048.51,553092.15,,
001027-073567-02779-X,"קדש 72, דימונה",דימונה,קדש,72,,,none,,,,
001027-073567-02780-X,"הרדוף הנחלים 3, דימונה",דימונה,הרדוף הנחלים,3,,,exact,204068.46,554360.27,,
001027-073567-02781-X,"עבדת 55, דימונה",דימונה,עבדת,55,,,exact,203994.85,552701.86,,
001027-073567-02782-X,"הרימון 286, דימונה",דימונה,הרימון,286,,,none,,,,
001027-073567-02783-X,"בשמת 3, דימונה",דימונה,בשמת,3,,,exact,204005.54,554237.40,,
001027-073567-02784-X,"חרוב 43, דימונה",דימונה,חרוב,43,,,exact,204047.00,554433.50,,
001027-073567-02785-X,"צפצפה 1, דימונה",דימונה,צפצפה,1,,,exact,203530.43,554475.41,,
001027-073567-02786-X,"הגפן 12, דימונה",דימונה,הגפן,12,,,exact,202509.01,552687.92,,
001027-073567-02787-X,"ההגנה 22, דימונה",דימונה,ההגנה,22,,,none,,,,
001027-073567-02788-X,"הרמה 24, דימונה",דימונה,הרמה,24,,,exact,203865.46,553174.30,,
001027-073567-02789-X,"הרב אלנקוה 14, דימונה",דימונה,הרב אלנקוה,14,,,none,,,,
001027-073567-02790-X,"סחלבן החורש 28, דימונה",דימונה,סחלבן החורש,28,,,exact,203842.38,554007.40,,
001027-073567-02791-X,"הגפן 1, דימונה",דימונה,הגפן,1,,,exact,202669.83,552683.95,,
001027-073567-02792-X,"הנרקיס 765, דימונה",דימונה,הנרקיס,765,,,none,,,,
001027-073567-02793-X,"שד הנשיא 12, דימונה",דימונה,שד הנשיא,12,,,exact,202582.00,552250.78,,
001027-073567-02794-X,"הרימון 350, דימונה",דימונה,הרימון,350,,,none,,,,
001027-073567-02795-X,"יהודה הלוי 25, דימונה",דימונה,יהודה הלוי,25,,,exact,203898.25,553849.36,,
001027-073567-02796-X,"גמלא 10, דימונה",דימונה,גמלא,10,,,exact,203233.73,551824.92,,
001027-073567-02797-X,"חרוב 45, דימונה",דימונה,חרוב,45,,,exact,204041.04,554434.96,,
001027-073567-02798-X,"העליה 40, דימונה",דימונה,העליה,40,,,exact,203999.08,552731.32,,
001027-073567-02799-X,"ברקן 14, דימונה",דימונה,ברקן,14,,,exact,203802.03,554207.40,,
001027-073567-02800-X,"פטרה 26, דימונה",דימונה,פטרה,26,,,none,,,,
001027-073567-02801-X,"דוד אלעזר 94, דימונה",דימונה,דוד אלעזר,94,,,none,,,,
001027-073567-02802-X,"סחלבן החורש 80, דימונה",דימונה,סחלבן החורש,80,,,exact,204131.15,554024.99,,
001027-073567-02803-X,"דרך השלום 50, דימונה",דימונה,דרך השלום,50,,,exact,203544.84,553617.92,,
001027-073567-02804-X,"הנרקיס 10, דימונה",דימונה,הנרקיס,10,,,exact,202960.61,552384.74,,
001027-073567-02805-X,"בבא סאלי 84, דימונה",דימונה,בבא סאלי,84,,,exact,203130.18,552184.80,,
001027-073567-02806-X,"היורה 780, דימונה",דימונה,היורה,780,,,none,,,,
001027-073567-02807-X,"שיקמה 15, דימונה",דימונה,שיקמה,15,,,exact,203753.01,554522.15,,
001027-073567-02808-X,"כובשי אילת 1656, דימונה",דימונה,כובשי אילת,1656,,,none,,,,
001027-073567-02809-X,"אזוב 1, דימונה",דימונה,אזוב,1,,,none,,,,
001027-073567-02810-X,"ליבנה 32, דימונה",דימונה,ליבנה,32,,,exact,203874.74,554201.66,,
001027-073567-02811-X,"גמלא 20, דימונה",דימונה,גמלא,20,,,exact,203316.01,551764.57,,
001027-073567-02812-X,"השבלים 401, דימונה",דימונה,השבלים,401,,,none,,,,
001027-073567-02813-X,"אקליפטוס 57, דימונה",דימונה,אקליפטוס,57,,,exact,203973.62,554329.21,,
001027-073567-02814-X,"בבא סאלי 22, דימונה",דימונה,בבא סאלי,22,,,exact,202658.99,552021.48,,
001027-073567-02815-X,"תל פורן 7, דימונה",דימונה,תל פורן,7,,,exact,203509.43,551752.58,,
001027-073567-02816-X,"אשחר 10, דימונה",דימונה,אשחר,10,,,exact,204042.02,554083.41,,
001027-073567-02817-X,"משעול שלדג 127, דימונה",דימונה,משעול שלדג,127,,,none,,,,
001027-073567-02818-X,"הר תבור 7, דימונה",דימונה,הר תבור,7,,,exact,203691.33,555043.80,,
001027-073567-02819-X,"מלכה הנרי 268, דימונה",דימונה,מלכה הנרי,268,,,none,,,,
001027-073567-02820-X,"שיבטה 16, דימונה",דימונה,שיבטה,16,,,none,,,,
001027-073567-02821-X,"בשמת 30, דימונה",דימונה,בשמת,30,,,none,,,,
001027-073567-02822-X,"שד הנשיא 75, דימונה",דימונה,שד הנשיא,75,,,exact,202999.62,552623.60,,
001027-073567-02823-X,"הרב אלנקוה 7, דימונה",דימונה,הרב אלנקוה,7,,,none,,,,
001027-073567-02824-X,"סחלבן החורש 69, דימונה",דימונה,סחלבן החורש,69,,,none,,,,
001027-073567-02825-X,"חגי 13, דימונה",דימונה,חגי,13,,,exact,203323.03,554033.01,,
001027-073567-02826-X,"משעול שלדג 3, דימונה",דימונה,משעול שלדג,3,,,none,,,,
001027-073567-02827-X,"סחלבן החורש 20, דימונה",דימונה,סחלבן החורש,20,,,none,,,,
001027-073567-02828-X,"מ""ג המעפילים 229, דימונה",דימונה,"מ""ג המעפילים",229,,,none,,,,
001027-073567-02829-X,"נורית 13, דימונה",דימונה,נורית,13,,,exact,203642.47,554261.08,,
001027-073567-02830-X,"צוקרמן יצחק רחבה 1011, דימונה",דימונה,צוקרמן יצחק רחבה,1011,,,none,,,,
001027-073567-02831-X,"שיקמה 11, דימונה",דימונה,שיקמה,11,,,exact,203676.77,554507.17,,
001027-073567-02832-X,"שד הנשיא 45, דימונה",דימונה,שד הנשיא,45,,,exact,202811.83,552413.23,,
001027-073567-02833-X,"כובשי אילת 1648, דימונה",דימונה,כובשי אילת,1648,,,none,,,,
001027-073567-02834-X,"מורן החורש 60, דימונה",דימונה,מורן החורש,60,,,exact,204157.07,554142.76,,
001027-073567-02835-X,"הר חרמון 9, דימונה",דימונה,הר חרמון,9,,,exact,203774.84,555024.65,,
001027-073567-02836-X,"בת חן 7, דימונה",דימונה,בת חן,7,,,exact,203062.07,553863.85,,
001027-073567-02837-X,"מבצע חורב 7, דימונה",דימונה,מבצע חורב,7,,,none,,,,
001027-073567-02838-X,"ערוגות 7, דימונה",דימונה,ערוגות,7,,,exact,203287.86,553626.93,,
001027-073567-02839-X,"המעפיל 93, דימונה",דימונה,המעפיל,93,,,none,,,,
001027-073567-02840-X,"חרצית 1, דימונה",דימונה,חרצית,1,,,exact,203937.12,554409.15,,
001027-073567-02841-X,"שיזף 42, דימונה",דימונה,שיזף,42,,,none,,,,
001027-073567-02842-X,"שבזי שלום 20, דימונה",דימונה,שבזי שלום,20,,,exact,203944.48,553532.56,,
001027-073567-02843-X,"סחלבן החורש 19, דימונה",דימונה,סחלבן החורש,19,,,exact,203824.13,554055.62,,
001027-073567-02844-X,"גמלא 1, דימונה",דימונה,גמלא,1,,,none,,,,
001027-073567-02845-X,"הר תבור 8, דימונה",דימונה,הר תבור,8,,,exact,203725.50,555036.04,,
001027-073567-02846-X,"הרב אבוחצירה 315, דימונה",דימונה,הרב אבוחצירה,315,,,none,,,,
001027-073567-02847-X,"הפסגה 45, דימונה",דימונה,הפסגה,45,,,exact,203980.77,553449.37,,
001027-073567-02848-X,"דרך השלום 16, דימונה",דימונה,דרך השלום,16,,,exact,203353.99,553546.50,,
001027-073567-02849-X,"? 43, דימונה",דימונה,?,43,,,exact,203305.52,552928.42,,
001027-073567-02850-X,"רחבת הנח""ל 2, דימונה",דימונה,"רחבת הנח""ל",2,,,none,,,,
001027-073567-02851-X,"העליה 16, דימונה",דימונה,העליה,16,,,exact,203857.13,552773.65,,
001027-073567-02852-X,"הר כרמל 11, דימונה",דימונה,הר כרמל,11,,,exact,203635.42,554918.21,,
001027-073567-02853-X,"חרצית 3, דימונה",דימונה,חרצית,3,,,exact,203941.11,554412.60,,
001027-073567-02854-X,"חטיבת אלכסנדרוני 4087, דימונה",דימונה,חטיבת אלכסנדרוני,4087,,,none,,,,
001027-073567-02855-X,"בבא סאלי 142, דימונה",דימונה,בבא סאלי,142,,,none,,,,
001027-073567-02856-X,"ציפורן 44, דימונה",דימונה,ציפורן,44,,,exact,203864.33,554466.60,,
001027-073567-02857-X,"קרני חיטין 5, דימונה",דימונה,קרני חיטין,5,,,exact,203887.19,551639.60,,
001027-073567-02858-X,"חצב 50, דימונה",דימונה,חצב,50,,,none,,,,
001027-073567-02859-X,"סלא איירין 3, דימונה",דימונה,סלא איירין,3,,,none,,,,
001027-073567-02860-X,"מבצע חורב 11, דימונה",דימונה,מבצע חורב,11,,,none,,,,
001027-073567-02861-X,"הרימון 368, דימונה",דימונה,הרימון,368,,,none,,,,
001027-073567-02862-X,"הפסגה 66, דימונה",דימונה,הפסגה,66,,,exact,204062.37,553194.95,,
001027-073567-02863-X,"יגור 1, דימונה",דימונה,יגור,1,,,none,,,,
001027-073567-02864-X,"בבא סאלי 91, דימונה",דימונה,בבא סאלי,91,,,exact,203242.57,552256.67,,
001027-073567-02865-X,"בשמת 9, דימונה",דימונה,בשמת,9,,,exact,204037.70,554240.00,,
001027-073567-02866-X,"רחבת האשלג 29, דימונה",דימונה,רחבת האשלג,29,,,exact,202714.84,552728.71,,
001027-073567-02867-X,"פרג 15, דימונה",דימונה,פרג,15,,,exact,203655.76,554329.85,,
001027-073567-02868-X,"ציפורי 1, דימונה",דימונה,ציפורי,1,,,exact,203421.22,551720.27,,
001027-073567-02869-X,"אדר 22, דימונה",דימונה,אדר,22,,,none,,,,
001027-073567-02870-X,"שיזף 144, דימונה",דימונה,שיזף,144,,,exact,203541.83,554547.77,,
001027-073567-02871-X,"טיילת הספורט 42, דימונה",דימונה,טיילת הספורט,42,,,exact,203124.65,553667.17,,
001027-073567-02872-X,"הנרקיס 766, דימונה",דימונה,הנרקיס,766,,,none,,,,
001027-073567-02873-X,"חגי 34, דימונה",דימונה,חגי,34,,,exact,203366.92,554006.63,,
001027-073567-02874-X,"יודפת 6, דימונה",דימונה,יודפת,6,,,exact,203313.76,551657.96,,
001027-073567-02875-X,"נבטים 6, דימונה",דימונה,נבטים,6,,,exact,203352.31,553500.16,,
001027-073567-02876-X,"דרך השלום 11, דימונה",דימונה,דרך השלום,11,,,exact,203329.19,553560.25,,
001027-073567-02877-X,"תל אפק 40, דימונה",דימונה,תל אפק,40,,,exact,203191.25,551541.61,,
001027-073567-02878-X,"ירושלים 40, דימונה",דימונה,ירושלים,40,,,exact,203839.26,551759.86,,
001027-073567-02879-X,"חגי 18, דימונה",דימונה,חגי,18,,,exact,203268.28,554032.22,,
001027-073567-02880-X,"בשמת 28, דימונה",דימונה,בשמת,28,,,exact,204121.74,554207.69,,
001027-073567-02881-X,"ירושלים 50, דימונה",דימונה,ירושלים,50,,,exact,203892.68,551736.57,,
001027-073567-02882-X,"משעול שלדג 4, דימונה",דימונה,משעול שלדג,4,,,none,,,,
001027-073567-02883-X,"נתיב הל""ה 12, דימונה",דימונה,"נתיב הל""ה",12,,,none,,,,
001027-073567-02884-X,"הר כרמל 9, דימונה",דימונה,הר כרמל,9,,,exact,203651.56,554912.03,,
001027-073567-02885-X,"שיקמה 34, דימונה",דימונה,שיקמה,34,,,exact,203830.47,554522.71,,
001027-073567-02886-X,"הפסגה 47, דימונה",דימונה,הפסגה,47,,,exact,203994.15,553434.26,,
001027-073567-02887-X,"שושן צחור 17, דימונה",דימונה,שושן צחור,17,,,exact,203173.32,553800.13,,
001027-073567-02888-X,"מולדה 2, דימונה",דימונה,מולדה,2,,,none,,,,
001027-073567-02889-X,"הכלנית 730, דימונה",דימונה,הכלנית,730,,,none,,,,
001027-073567-02890-X,"הכלנית 733, דימונה",דימונה,הכלנית,733,,,none,,,,
001027-073567-02891-X,"תל לכיש 14, דימונה",דימונה,תל לכיש,14,,,exact,203563.44,551970.84,,
001027-073567-02892-X,"פקיעין 18, דימונה",דימונה,פקיעין,18,,,exact,203398.21,551814.03,,
001027-073567-02893-X,"דוד אלעזר 1164, דימונה",דימונה,דוד אלעזר,1164,,,none,,,,
001027-073567-02894-X,"? 147, דימונה",דימונה,?,147,,,none,,,,
001027-073567-02895-X,"רקפת 22, דימונה",דימונה,רקפת,22,,,none,,,,
001027-073567-02896-X,"קצרין 11, דימונה",דימונה,קצרין,11,,,exact,203559.82,551547.74,,
001027-073567-02897-X,"גמלא 5, דימונה",דימונה,גמלא,5,,,none,,,,
001027-073567-02898-X,"הפסגה 28, דימונה",דימונה,הפסגה,28,,,exact,203892.45,553496.25,,
001027-073567-02899-X,"השבלים 339, דימונה",דימונה,השבלים,339,,,none,,,,
001027-073567-02900-X,"קיסריה 20, דימונה",דימונה,קיסריה,20,,,exact,203592.12,551794.31,,
001027-073567-02901-X,"ישעיה 50, דימונה",דימונה,ישעיה,50,,,exact,203272.87,554202.59,,
001027-073567-02902-X,"דוד אלעזר 91, דימונה",דימונה,דוד אלעזר,91,,,none,,,,
001027-073567-02903-X,"שיזף 89, דימונה",דימונה,שיזף,89,,,exact,203445.52,554397.24,,
001027-073567-02904-X,"גמלא 17, דימונה",דימונה,גמלא,17,,,exact,203342.21,551796.86,,
001027-073567-02905-X,"מבצע חורב 5, דימונה",דימונה,מבצע חורב,5,,,none,,,,
001027-073567-02906-X,"רחבת הלח""י 7, דימונה",דימונה,"רחבת הלח""י",7,,,none,,,,
001027-073567-02907-X,"שיזף 20, דימונה",דימונה,שיזף,20,,,exact,204150.76,554243.96,,
001027-073567-02908-X,"פרג 7, דימונה",דימונה,פרג,7,,,exact,203693.43,554322.96,,
001027-073567-02909-X,"הגפן 2, דימונה",דימונה,הגפן,2,,,none,,,,
001027-073567-02910-X,"דרך הצנחנים 1077, דימונה",דימונה,דרך הצנחנים,1077,,,none,,,,
001027-073567-02911-X,"טיילת הספורט 1058, דימונה",דימונה,טיילת הספורט,1058,,,none,,,,
001027-073567-02912-X,"ישעיה 12, דימונה",דימונה,ישעיה,12,,,exact,203417.30,554312.53,,
001027-073567-02913-X,"שיזף 134, דימונה",דימונה,שיזף,134,,,exact,203588.60,554583.71,,
001027-073567-02914-X,"הר כרמל 17, דימונה",דימונה,הר כרמל,17,,,exact,203558.83,554938.05,,
001027-073567-02915-X,"הרב אלנקוה 8, דימונה",דימונה,הרב אלנקוה,8,,,none,,,,
001027-073567-02916-X,"אשחר 30, דימונה",דימונה,אשחר,30,,,exact,204137.29,554083.71,,
001027-073567-02917-X,"כליל החורש 42, דימונה",דימונה,כליל החורש,42,,,exact,203941.85,554259.39,,
001027-073567-02918-X,"תל פורן 1, דימונה",דימונה,תל פורן,1,,,exact,203467.69,551726.50,,
001027-073567-02919-X,"שיזף 38, דימונה",דימונה,שיזף,38,,,none,,,,
001027-073567-02920-X,"? 258, דימונה",דימונה,?,258,,,none,,,,
001027-073567-02921-X,"הכלנית 731, דימונה",דימונה,הכלנית,731,,,none,,,,
001027-073567-02922-X,"לובטקין צביה 7, דימונה",דימונה,לובטקין צביה,7,,,none,,,,
001027-073567-02923-X,"קציעות 8, דימונה",דימונה,קציעות,8,,,exact,203172.24,552292.47,,
001027-073567-02924-X,"התפוצות 37, דימונה",דימונה,התפוצות,37,,,none,,,,
001027-073567-02925-X,"גמלא 12, דימונה",דימונה,גמלא,12,,,exact,203241.62,551806.99,,
001027-073567-02926-X,"חטיבת אלכסנדרוני 4, דימונה",דימונה,חטיבת אלכסנדרוני,4,,,none,,,,
001027-073567-02927-X,"מ""ג המעפילים 1, דימונה",דימונה,"מ""ג המעפילים",1,,,none,,,,
001027-073567-02928-X,"סחלבן החורש 79, דימונה",דימונה,סחלבן החורש,79,,,none,,,,
001027-073567-02929-X,"השבלים 389, דימונה",דימונה,השבלים,389,,,none,,,,
001027-073567-02930-X,"הרצל 118, דימונה",דימונה,הרצל,118,,,none,,,,
001027-073567-02931-X,"דרך השלום 3, דימונה",דימונה,דרך השלום,3,,,exact,203308.18,553548.54,,
001027-073567-02932-X,"כובשי אילת 1614, דימונה",דימונה,כובשי אילת,1614,,,none,,,,
001027-073567-02933-X,"שד בן גוריון 37, דימונה",דימונה,שד בן גוריון,37,,,exact,203228.99,553262.17,,
001027-073567-02934-X,"מבצע ברוש 5, דימונה",דימונה,מבצע ברוש,5,,,none,,,,
001027-073567-02935-X,"שושן צחור 5, דימונה",דימונה,שושן צחור,5,,,exact,203049.76,553798.39,,
001027-073567-02936-X,"חגי 38, דימונה",דימונה,חגי,38,,,exact,203393.84,554011.27,,
001027-073567-02937-X,"חרוב 4, דימונה",דימונה,חרוב,4,,,exact,203753.60,554324.75,,
001027-073567-02938-X,"הרימון 20, דימונה",דימונה,הרימון,20,,,exact,202522.22,552554.62,,
001027-073567-02939-X,"הפסגה 62, דימונה",דימונה,הפסגה,62,,,exact,204071.40,553225.70,,
001027-073567-02940-X,"המסגר 12, דימונה",דימונה,המסגר,12,,,none,,,,
001027-073567-02941-X,"שבזי שלום 11, דימונה",דימונה,שבזי שלום,11,,,exact,203997.41,553604.28,,
001027-073567-02942-X,"יודפת 15, דימונה",דימונה,יודפת,15,,,exact,203348.83,551589.24,,
001027-073567-02943-X,"ליבנה 2, דימונה",דימונה,ליבנה,2,,,exact,203872.52,554054.73,,
001027-073567-02944-X,"שושן צחור 9, דימונה",דימונה,שושן צחור,9,,,exact,203084.73,553798.11,,
001027-073567-02945-X,"משעול רוגל 23, דימונה",דימונה,משעול רוגל,23,,,none,,,,
001027-073567-02946-X,"דני 12, דימונה",דימונה,דני,12,,,none,,,,
001027-073567-02947-X,"שד בן גוריון 93, דימונה",דימונה,שד בן גוריון,93,,,exact,203226.59,553673.38,,
001027-073567-02948-X,"התפוצות 143, דימונה",דימונה,התפוצות,143,,,none,,,,
001027-073567-02949-X,"משעול רוגל 33, דימונה",דימונה,משעול רוגל,33,,,none,,,,
001027-073567-02950-X,"? 75, דימונה",דימונה,?,75,,,exact,202815.01,552904.11,,
001027-073567-02951-X,"שיקמה 7, דימונה",דימונה,שיקמה,7,,,exact,203698.59,554548.75,,
001027-073567-02952-X,"יודפת 5, דימונה",דימונה,יודפת,5,,,exact,203335.88,551660.19,,
001027-073567-02953-X,"הפסגה 10, דימונה",דימונה,הפסגה,10,,,exact,203732.66,553521.28,,
001027-073567-02954-X,"תל אפק 42, דימונה",דימונה,תל אפק,42,,,exact,203189.26,551526.95,,
001027-073567-02955-X,"כורזין 34, דימונה",דימונה,כורזין,34,,,exact,203802.17,551499.65,,
001027-073567-02956-X,"הרב אלנקוה 2, דימונה",דימונה,הרב אלנקוה,2,,,none,,,,
001027-073567-02957-X,"קטלב 4, דימונה",דימונה,קטלב,4,,,none,,,,
001027-073567-02958-X,"תל אפק 12, דימונה",דימונה,תל אפק,12,,,exact,203190.65,551681.24,,
001027-073567-02959-X,"השבלים 325, דימונה",דימונה,השבלים,325,,,none,,,,
001027-073567-02960-X,"דוד אלעזר 71, דימונה",דימונה,דוד אלעזר,71,,,none,,,,
001027-073567-02961-X,"ירושלים 58, דימונה",דימונה,ירושלים,58,,,exact,203936.54,551719.47,,
001027-073567-02962-X,"סיתונית 24, דימונה",דימונה,סיתונית,24,,,exact,203217.58,553932.58,,
001027-073567-02963-X,"בת חן 2, דימונה",דימונה,בת חן,2,,,exact,203016.93,553837.32,,
001027-073567-02964-X,"הפסגה 60, דימונה",דימונה,הפסגה,60,,,exact,204075.88,553243.46,,
001027-073567-02965-X,"התירוש 7, דימונה",דימונה,התירוש,7,,,none,,,,
001027-073567-02966-X,"מבצר עכו 29, דימונה",דימונה,מבצר עכו,29,,,none,,,,
001027-073567-02967-X,"אשחר 8, דימונה",דימונה,אשחר,8,,,exact,204035.10,554079.81,,
001027-073567-02968-X,"מרווה 23, דימונה",דימונה,מרווה,23,,,exact,203685.61,554175.00,,
001027-073567-02969-X,"קארו יוסף 2, דימונה",דימונה,קארו יוסף,2,,,none,,,,
001027-073567-02970-X,"? 35, דימונה",דימונה,?,35,,,exact,203351.25,552905.42,,
001027-073567-02971-X,"קדש 58, דימונה",דימונה,קדש,58,,,none,,,,
001027-073567-02972-X,"דוד אלעזר 86, דימונה",דימונה,דוד אלעזר,86,,,none,,,,
001027-073567-02973-X,"הרמה 28, דימונה",דימונה,הרמה,28,,,exact,203890.68,553150.20,,
001027-073567-02974-X,"עלית הנוער 8, דימונה",דימונה,עלית הנוער,8,,,none,,,,
001027-073567-02975-X,"שד בן גוריון 43, דימונה",דימונה,שד בן גוריון,43,,,exact,203229.26,553301.23,,
001027-073567-02976-X,"טופח 1, דימונה",דימונה,טופח,1,,,exact,203842.55,554396.52,,
001027-073567-02977-X,"תל אפק 52, דימונה",דימונה,תל אפק,52,,,exact,203175.99,551481.65,,
001027-073567-02978-X,"הנרקיס 9, דימונה",דימונה,הנרקיס,9,,,exact,203026.55,552411.78,,
001027-073567-02979-X,"הנרקיס 769, דימונה",דימונה,הנרקיס,769,,,none,,,,
001027-073567-02980-X,"דרך השלום 17, דימונה",דימונה,דרך השלום,17,,,exact,203348.98,553571.67,,
001027-073567-02981-X,"חטיבת אלכסנדרוני 4086, דימונה",דימונה,חטיבת אלכסנדרוני,4086,,,none,,,,
001027-073567-02982-X,"מולדה 18, דימונה",דימונה,מולדה,18,,,none,,,,
001027-073567-02983-X,"סחלבן החורש 33, דימונה",דימונה,סחלבן החורש,33,,,exact,204001.87,554056.26,,
001027-073567-02984-X,"דפנה 10, דימונה",דימונה,דפנה,10,,,exact,203785.50,554267.79,,
001027-073567-02985-X,"חגי 14, דימונה",דימונה,חגי,14,,,exact,203274.52,554058.90,,
001027-073567-02986-X,"המעפיל 67, דימונה",דימונה,המעפיל,67,,,exact,203835.03,553412.49,,
001027-073567-02987-X,"העליה 44, דימונה",דימונה,העליה,44,,,none,,,,
001027-073567-02988-X,"סחלבן החורש 49, דימונה",דימונה,סחלבן החורש,49,,,exact,204081.37,554054.90,,
001027-073567-02989-X,"דרך השלום 59, דימונה",דימונה,דרך השלום,59,,,exact,203508.41,553640.33,,
001027-073567-02990-X,"הברוש 3, דימונה",דימונה,הברוש,3,,,none,,,,
001027-073567-02991-X,"השיא 3, דימונה",דימונה,השיא,3,,,exact,204085.23,552893.02,,
001027-073567-02992-X,"רחבת האיסיים 1, דימונה",דימונה,רחבת האיסיים,1,,,none,,,,
001027-073567-02993-X,"ציפורי 23, דימונה",דימונה,ציפורי,23,,,exact,203404.20,551607.49,,
001027-073567-02994-X,"המעפיל 51, דימונה",דימונה,המעפיל,51,,,exact,203417.01,553455.12,,
001027-073567-02995-X,"בית שערים 5, דימונה",דימונה,בית שערים,5,,,exact,203193.53,551843.49,,
001027-073567-02996-X,"האשל 562, דימונה",דימונה,האשל,562,,,none,,,,
001027-073567-02997-X,"מ""ג המעפילים 227, דימונה",דימונה,"מ""ג המעפילים",227,,,none,,,,
001027-073567-02998-X,"מורן החורש 6, דימונה",דימונה,מורן החורש,6,,,exact,203766.22,554143.42,,
001027-073567-02999-X,"הרימון 32, דימונה",דימונה,הרימון,32,,,exact,202423.45,552527.10,,
001027-073567-03000-X,"השבלים 399, דימונה",דימונה,השבלים,399,,,none,,,,
001027-073567-03001-X,"השקד 1, דימונה",דימונה,השקד,1,,,none,,,,
001027-073567-03002-X,"שד הנשיא 196, דימונה",דימונה,שד הנשיא,196,,,none,,,,
001027-073567-03003-X,"שד בן גוריון 1201, דימונה",דימונה,שד בן גוריון,1201,,,none,,,,
001027-073567-03004-X,"השלוה 1161, דימונה",דימונה,השלוה,1161,,,none,,,,
001027-073567-03005-X,"סיתונית 5, דימונה",דימונה,סיתונית,5,,,exact,203023.48,553933.84,,
001027-073567-03006-X,"מבצר עכו 6, דימונה",דימונה,מבצר עכו,6,,,exact,203757.15,551652.25,,
001027-073567-03007-X,"אקליפטוס 25, דימונה",דימונה,אקליפטוס,25,,,exact,203971.73,554176.97,,
001027-073567-03008-X,"קהילת בריטניה 139, דימונה",דימונה,קהילת בריטניה,139,,,none,,,,
001027-073567-03009-X,"בבא סאלי 2, דימונה",דימונה,בבא סאלי,2,,,none,,,,
001027-073567-03010-X,"דרך השלום 5, דימונה",דימונה,דרך השלום,5,,,exact,203315.55,553549.38,,
001027-073567-03011-X,"רחבת אורון 14, דימונה",דימונה,רחבת אורון,14,,,exact,202910.87,552533.93,,
001027-073567-03012-X,"נוה מדבר 162, דימונה",דימונה,נוה מדבר,162,,,none,,,,
001027-073567-03013-X,"שד בן גוריון 97, דימונה",דימונה,שד בן גוריון,97,,,exact,203226.59,553698.36,,
001027-073567-03014-X,"שבזי שלום 4, דימונה",דימונה,שבזי שלום,4,,,exact,203919.37,553661.27,,
001027-073567-03015-X,"הזמיר 137, דימונה",דימונה,הזמיר,137,,,none,,,,
001027-073567-03016-X,"אקליפטוס 33, דימונה",דימונה,אקליפטוס,33,,,exact,203966.13,554209.01,,
001027-073567-03017-X,"סיגלון 16, דימונה",דימונה,סיגלון,16,,,exact,204042.10,554509.89,,
001027-073567-03018-X,"לובטקין צביה 2, דימונה",דימונה,לובטקין צביה,2,,,none,,,,
001027-073567-03019-X,"נוה מדבר 119, דימונה",דימונה,נוה מדבר,119,,,none,,,,
001027-073567-03020-X,"מורן החורש 32, דימונה",דימונה,מורן החורש,32,,,exact,204008.39,554139.39,,
001027-073567-03021-X,"בשמת 12, דימונה",דימונה,בשמת,12,,,exact,204042.21,554210.44,,
001027-073567-03022-X,"קדש 53, דימונה",דימונה,קדש,53,,,none,,,,
001027-073567-03023-X,"חרצית 12, דימונה",דימונה,חרצית,12,,,exact,204030.45,554454.44,,
001027-073567-03024-X,"ישעיה 30, דימונה",דימונה,ישעיה,30,,,exact,203306.93,554330.00,,
001027-073567-03025-X,"משעול שלדג 123, דימונה",דימונה,משעול שלדג,123,,,none,,,,
001027-073567-03026-X,"חצב 15, דימונה",דימונה,חצב,15,,,exact,203693.55,554003.73,,
001027-073567-03027-X,"המעפיל 91, דימונה",דימונה,המעפיל,91,,,exact,203992.56,553187.48,,
001027-073567-03028-X,"אקליפטוס 6, דימונה",דימונה,אקליפטוס,6,,,none,,,,
001027-073567-03029-X,"פקיעין 17, דימונה",דימונה,פקיעין,17,,,exact,203388.80,551847.18,,
001027-073567-03030-X,"עלית הנוער 6, דימונה",דימונה,עלית הנוער,6,,,none,,,,
001027-073567-03031-X,"ציפורן 34, דימונה",דימונה,ציפורן,34,,,exact,203802.47,554401.66,,
001027-073567-03032-X,"ליבנה 10, דימונה",דימונה,ליבנה,10,,,exact,203876.42,554086.42,,
001027-073567-03033-X,"ציפורי 53, דימונה",דימונה,ציפורי,53,,,exact,203666.42,551483.01,,
001027-073567-03034-X,"צבעוני 7, דימונה",דימונה,צבעוני,7,,,exact,203520.54,554395.20,,
001027-073567-03035-X,"הרמה 13, דימונה",דימונה,הרמה,13,,,exact,203844.81,553239.88,,
001027-073567-03036-X,"יגור 3, דימונה",דימונה,יגור,3,,,exact,202652.30,553817.65,,
001027-073567-03037-X,"דוד אלעזר 1173, דימונה",דימונה,דוד אלעזר,1173,,,none,,,,
001027-073567-03038-X,"דרך השלום 15, דימונה",דימונה,דרך השלום,15,,,exact,203342.63,553573.20,,
001027-073567-03039-X,"מונפור 6, דימונה",דימונה,מונפור,6,,,exact,203243.43,551512.00,,
001027-073567-03040-X,"המעלה 5, דימונה",דימונה,המעלה,5,,,exact,203857.41,553474.43,,
001027-073567-03041-X,"השלוה 1170, דימונה",דימונה,השלוה,1170,,,none,,,,
001027-073567-03042-X,"ציפורי 2, דימונה",דימונה,ציפורי,2,,,none,,,,
001027-073567-03043-X,"? 1092, דימונה",דימונה,?,1092,,,none,,,,
001027-073567-03044-X,"סחלבן החורש 81, דימונה",דימונה,סחלבן החורש,81,,,none,,,,
001027-073567-03045-X,"כליל החורש 37, דימונה",דימונה,כליל החורש,37,,,exact,203902.24,554233.83,,
001027-073567-03046-X,"ירמיה 16, דימונה",דימונה,ירמיה,16,,,exact,203361.50,554201.20,,
001027-073567-03047-X,"ירושלים 38, דימונה",דימונה,ירושלים,38,,,exact,203827.06,551764.77,,
001027-073567-03048-X,"אמנון ותמר 17, דימונה",דימונה,אמנון ותמר,17,,,exact,202985.86,553880.94,,
001027-073567-03049-X,"קיסריה 6, דימונה",דימונה,קיסריה,6,,,exact,203472.24,551769.92,,
001027-073567-03050-X,"רזיאל דוד 9, דימונה",דימונה,רזיאל דוד,9,,,none,,,,
001027-073567-03051-X,"המעפיל 56, דימונה",דימונה,המעפיל,56,,,exact,203698.07,553412.43,,
001027-073567-03052-X,"בית שערים 25, דימונה",דימונה,בית שערים,25,,,exact,203336.70,551718.09,,
001027-073567-03053-X,"הברוש 12, דימונה",דימונה,הברוש,12,,,none,,,,
001027-073567-03054-X,"כורזין 36, דימונה",דימונה,כורזין,36,,,exact,203808.00,551500.32,,
001027-073567-03055-X,"שיבטה 10, דימונה",דימונה,שיבטה,10,,,exact,203722.92,551658.32,,
001027-073567-03056-X,"ירמיה 21, דימונה",דימונה,ירמיה,21,,,none,,,,
001027-073567-03057-X,"פרג 28, דימונה",דימונה,פרג,28,,,exact,203581.37,554365.07,,
001027-073567-03058-X,"השיא 5, דימונה",דימונה,השיא,5,,,exact,204083.37,552877.68,,
001027-073567-03059-X,"כובשי אילת 1636, דימונה",דימונה,כובשי אילת,1636,,,none,,,,
001027-073567-03060-X,"חגי 37, דימונה",דימונה,חגי,37,,,exact,203511.20,554031.72,,
001027-073567-03061-X,"? 146, דימונה",דימונה,?,146,,,none,,,,
001027-073567-03062-X,"משעול הרעות 2, דימונה",דימונה,משעול הרעות,2,,,none,,,,
001027-073567-03063-X,"רחבת הנח""ל 152, דימונה",דימונה,"רחבת הנח""ל",152,,,none,,,,
001027-073567-03064-X,"הרצל 59, דימונה",דימונה,הרצל,59,,,exact,202953.03,552911.12,,
001027-073567-03065-X,"חרצית 16, דימונה",דימונה,חרצית,16,,,exact,204040.78,554466.27,,
001027-073567-03066-X,"חצב 22, דימונה",דימונה,חצב,22,,,exact,203618.88,554120.63,,
001027-073567-03067-X,"ברקן 4, דימונה",דימונה,ברקן,4,,,exact,203754.89,554202.56,,
001027-073567-03068-X,"הנרקיס 770, דימונה",דימונה,הנרקיס,770,,,none,,,,
001027-073567-03069-X,"ישעיה 4, דימונה",דימונה,ישעיה,4,,,exact,203456.75,554274.78,,
001027-073567-03070-X,"שבזי שלום 44, דימונה",דימונה,שבזי שלום,44,,,exact,204165.29,553407.70,,
001027-073567-03071-X,"חרוב 5, דימונה",דימונה,חרוב,5,,,exact,203766.78,554366.30,,
001027-073567-03072-X,"שיזף 168, דימונה",דימונה,שיזף,168,,,none,,,,
001027-073567-03073-X,"שיזף 132, דימונה",דימונה,שיזף,132,,,exact,203586.60,554586.90,,
001027-073567-03074-X,"אקליפטוס 35, דימונה",דימונה,אקליפטוס,35,,,exact,203971.23,554213.71,,
001027-073567-03075-X,"דוד אלעזר 525, דימונה",דימונה,דוד אלעזר,525,,,none,,,,
001027-073567-03076-X,"הרצל 41, דימונה",דימונה,הרצל,41,,,exact,203317.47,552925.54,,
001027-073567-03077-X,"שושן צחור 4, דימונה",דימונה,שושן צחור,4,,,exact,203026.18,553771.74,,
001027-073567-03078-X,"מ""ג המעפילים 5, דימונה",דימונה,"מ""ג המעפילים",5,,,none,,,,
001027-073567-03079-X,"מבצע חורב 12, דימונה",דימונה,מבצע חורב,12,,,exact,202700.22,553619.48,,
001027-073567-03080-X,"מילרוד אליעזר 10, דימונה",דימונה,מילרוד אליעזר,10,,,exact,203765.45,552639.80,,
001027-073567-03081-X,"הר תבור 4, דימונה",דימונה,הר תבור,4,,,exact,203686.09,555004.16,,
001027-073567-03082-X,"מרחבים 1311, דימונה",דימונה,מרחבים,1311,,,none,,,,
001027-073567-03083-X,"ציפורן 32, דימונה",דימונה,ציפורן,32,,,exact,203786.09,554404.67,,
001027-073567-03084-X,"קיסריה 10, דימונה",דימונה,קיסריה,10,,,exact,203503.67,551784.95,,
001027-073567-03085-X,"חגי 21, דימונה",דימונה,חגי,21,,,exact,203379.92,554031.09,,
001027-073567-03086-X,"העליה 8, דימונה",דימונה,העליה,8,,,exact,203809.62,552791.34,,
001027-073567-03087-X,"סחלבן החורש 18, דימונה",דימונה,סחלבן החורש,18,,,none,,,,
001027-073567-03088-X,"ורדימון יצחק 8, דימונה",דימונה,ורדימון יצחק,8,,,none,,,,
001027-073567-03089-X,"השלוה 1157, דימונה",דימונה,השלוה,1157,,,none,,,,
001027-073567-03090-X,"מבצר עכו 1, דימונה",דימונה,מבצר עכו,1,,,exact,203740.67,551691.69,,
001027-073567-03091-X,"מורן החורש 64, דימונה",דימונה,מורן החורש,64,,,exact,204175.53,554142.39,,
001027-073567-03092-X,"האשל 561, דימונה",דימונה,האשל,561,,,none,,,,
001027-073567-03093-X,"כובשי אילת 1660, דימונה",דימונה,כובשי אילת,1660,,,none,,,,
001027-073567-03094-X,"הרב אלנקוה 4, דימונה",דימונה,הרב אלנקוה,4,,,none,,,,
001027-073567-03095-X,"פטרה 23, דימונה",דימונה,פטרה,23,,,none,,,,
001027-073567-03096-X,"הר ארבל 21, דימונה",דימונה,הר ארבל,21,,,none,,,,
001027-073567-03097-X,"קיסריה 21, דימונה",דימונה,קיסריה,21,,,none,,,,
001027-073567-03098-X,"התאנה 356, דימונה",דימונה,התאנה,356,,,none,,,,
001027-073567-03099-X,"ישעיה 11, דימונה",דימונה,ישעיה,11,,,exact,203385.29,554311.96,,
001027-073567-03100-X,"דוד אלעזר 83, דימונה",דימונה,דוד אלעזר,83,,,none,,,,
001027-073567-03101-X,"כליל החורש 55, דימונה",דימונה,כליל החורש,55,,,none,,,,
001027-073567-03102-X,"חצב 65, דימונה",דימונה,חצב,65,,,exact,203602.14,554142.44,,
001027-073567-03103-X,"העליה 2, דימונה",דימונה,העליה,2,,,exact,203768.18,552801.38,,
001027-073567-03104-X,"דולב 12, דימונה",דימונה,דולב,12,,,exact,204043.88,554267.35,,
001027-073567-03105-X,"הרימון 268, דימונה",דימונה,הרימון,268,,,none,,,,
001027-073567-03106-X,"השקד 10, דימונה",דימונה,השקד,10,,,none,,,,
001027-073567-03107-X,"מולדה 40, דימונה",דימונה,מולדה,40,,,none,,,,
001027-073567-03108-X,"דני 4, דימונה",דימונה,דני,4,,,none,,,,
001027-073567-03109-X,"קציעות 4, דימונה",דימונה,קציעות,4,,,none,,,,
001027-073567-03110-X,"משעול רוגל 24, דימונה",דימונה,משעול רוגל,24,,,none,,,,
001027-073567-03111-X,"ציפורן 38, דימונה",דימונה,ציפורן,38,,,exact,203826.12,554431.47,,
001027-073567-03112-X,"בית שערים 14, דימונה",דימונה,בית שערים,14,,,exact,203177.16,551778.03,,
001027-073567-03113-X,"השבלים 407, דימונה",דימונה,השבלים,407,,,none,,,,
001027-073567-03114-X,"לילך 16, דימונה",דימונה,לילך,16,,,exact,203214.46,553875.35,,
001027-073567-03115-X,"מורן החורש 9, דימונה",דימונה,מורן החורש,9,,,exact,203787.15,554177.47,,
001027-073567-03116-X,"הגפן 4, דימונה",דימונה,הגפן,4,,,exact,202569.61,552707.25,,
001027-073567-03117-X,"מבצע ברוש 16, דימונה",דימונה,מבצע ברוש,16,,,none,,,,
001027-073567-03118-X,"שיזף 128, דימונה",דימונה,שיזף,128,,,exact,203603.44,554596.31,,
001027-073567-03119-X,"הר כרמל 12, דימונה",דימונה,הר כרמל,12,,,exact,203591.82,554963.26,,
001027-073567-03120-X,"גמלא 56, דימונה",דימונה,גמלא,56,,,exact,203668.91,551693.45,,
001027-073567-03121-X,"יואל 3, דימונה",דימונה,יואל,3,,,none,,,,
001027-073567-03122-X,"יגור 21, דימונה",דימונה,יגור,21,,,none,,,,
001027-073567-03123-X,"חטיבת גבעתי 11, דימונה",דימונה,חטיבת גבעתי,11,,,none,,,,
001027-073567-03124-X,"המעפיל 54, דימונה",דימונה,המעפיל,54,,,exact,203680.28,553414.95,,
001027-073567-03125-X,"חטיבת אלכסנדרוני 4079, דימונה",דימונה,חטיבת אלכסנדרוני,4079,,,none,,,,
001027-073567-03126-X,"משעול חירם 5, דימונה",דימונה,משעול חירם,5,,,exact,202667.09,553593.79,,
001027-073567-03127-X,"רזיאל דוד 20, דימונה",דימונה,רזיאל דוד,20,,,none,,,,
001027-073567-03128-X,"הרימון 278, דימונה",דימונה,הרימון,278,,,none,,,,
001027-073567-03129-X,"חרוב 44, דימונה",דימונה,חרוב,44,,,exact,204072.25,554409.83,,
001027-073567-03130-X,"בבא סאלי 24, דימונה",דימונה,בבא סאלי,24,,,exact,202666.47,552023.88,,
001027-073567-03131-X,"מונפור 8, דימונה",דימונה,מונפור,8,,,exact,203249.73,551515.59,,
001027-073567-03132-X,"מרחבים 1304, דימונה",דימונה,מרחבים,1304,,,none,,,,
001027-073567-03133-X,"יגור 17, דימונה",דימונה,יגור,17,,,none,,,,
001027-073567-03134-X,"בבא סאלי 82, דימונה",דימונה,בבא סאלי,82,,,exact,203109.29,552176.21,,
001027-073567-03135-X,"גמלא 24, דימונה",דימונה,גמלא,24,,,exact,203335.54,551759.96,,
001027-073567-03136-X,"האשל 563, דימונה",דימונה,האשל,563,,,none,,,,
001027-073567-03137-X,"ציפורן 15, דימונה",דימונה,ציפורן,15,,,exact,203661.46,554433.99,,
001027-073567-03138-X,"מלאכי 1, דימונה",דימונה,מלאכי,1,,,exact,203388.33,554261.77,,
001027-073567-03139-X,"בבא סאלי 129, דימונה",דימונה,בבא סאלי,129,,,exact,203433.77,552388.23,,
001027-073567-03140-X,"סחלבן החורש 83, דימונה",דימונה,סחלבן החורש,83,,,none,,,,
001027-073567-03141-X,"גמלא 40, דימונה",דימונה,גמלא,40,,,none,,,,
001027-073567-03142-X,"כובשי אילת 1651, דימונה",דימונה,כובשי אילת,1651,,,none,,,,
001027-073567-03143-X,"שד בן גוריון 51, דימונה",דימונה,שד בן גוריון,51,,,exact,203229.18,553322.86,,
001027-073567-03144-X,"לילך 1, דימונה",דימונה,לילך,1,,,exact,203195.88,553805.86,,
001027-073567-03145-X,"רחבת האיסיים 13, דימונה",דימונה,רחבת האיסיים,13,,,none,,,,
001027-073567-03146-X,"המעלה 7, דימונה",דימונה,המעלה,7,,,exact,203869.58,553461.99,,
001027-073567-03147-X,"שד בן גוריון 19, דימונה",דימונה,שד בן גוריון,19,,,exact,203230.10,553154.28,,
001027-073567-03148-X,"רחבת הלח""י 11, דימונה",דימונה,"רחבת הלח""י",11,,,none,,,,
001027-073567-03149-X,"דוד אלעזר 77, דימונה",דימונה,דוד אלעזר,77,,,none,,,,
001027-073567-03150-X,"גמלא 18, דימונה",דימונה,גמלא,18,,,exact,203308.35,551760.56,,
001027-073567-03151-X,"הרימון 332, דימונה",דימונה,הרימון,332,,,none,,,,
001027-073567-03152-X,"בבא סאלי 17, דימונה",דימונה,בבא סאלי,17,,,exact,202580.03,552080.83,,
001027-073567-03153-X,"אבן עזרא 11, דימונה",דימונה,אבן עזרא,11,,,exact,204065.16,553521.85,,
001027-073567-03154-X,"הרימון 358, דימונה",דימונה,הרימון,358,,,none,,,,
001027-073567-03155-X,"נתן הנביא 4, דימונה",דימונה,נתן הנביא,4,,,exact,203302.46,554228.13,,
001027-073567-03156-X,"שד גולדה מאיר 1005, דימונה",דימונה,שד גולדה מאיר,1005,,,none,,,,
001027-073567-03157-X,"מצדה 153, דימונה",דימונה,מצדה,153,,,none,,,,
001027-073567-03158-X,"חרוב 13, דימונה",דימונה,חרוב,13,,,exact,203803.12,554365.93,,
001027-073567-03159-X,"חטיבת הראל 6, דימונה",דימונה,חטיבת הראל,6,,,none,,,,
001027-073567-03160-X,"כורזין 28, דימונה",דימונה,כורזין,28,,,exact,203770.16,551512.65,,
001027-073567-03161-X,"רחבת האצ""ל 10, דימונה",דימונה,"רחבת האצ""ל",10,,,none,,,,
001027-073567-03162-X,"הגיא 10, דימונה",דימונה,הגיא,10,,,exact,203830.28,553325.47,,
001027-073567-03163-X,"שיזף 164, דימונה",דימונה,שיזף,164,,,exact,203355.41,554443.49,,
001027-073567-03164-X,"עבדת 6, דימונה",דימונה,עבדת,6,,,exact,203792.15,552689.49,,
001027-073567-03165-X,"האורן 546, דימונה",דימונה,האורן,546,,,none,,,,
001027-073567-03166-X,"הפסגה 26, דימונה",דימונה,הפסגה,26,,,exact,203878.22,553507.46,,
001027-073567-03167-X,"טבנקין יצחק 27, דימונה",דימונה,טבנקין יצחק,27,,,none,,,,
001027-073567-03168-X,"חטיבת גבעתי 7, דימונה",דימונה,חטיבת גבעתי,7,,,none,,,,
001027-073567-03169-X,"השקד 14, דימונה",דימונה,השקד,14,,,none,,,,
001027-073567-03170-X,"אבן גבירול 39, דימונה",דימונה,אבן גבירול,39,,,exact,204165.99,553772.72,,
001027-073567-03171-X,"ליבנה 14, דימונה",דימונה,ליבנה,14,,,exact,203876.38,554104.79,,
001027-073567-03172-X,"תל לכיש 20, דימונה",דימונה,תל לכיש,20,,,exact,203602.96,551951.79,,
001027-073567-03173-X,"ירמיה 12, דימונה",דימונה,ירמיה,12,,,exact,203363.06,554174.79,,
001027-073567-03174-X,"דרך השלום 30, דימונה",דימונה,דרך השלום,30,,,exact,203461.18,553573.70,,
001027-073567-03175-X,"שבזי שלום 15, דימונה",דימונה,שבזי שלום,15,,,exact,203995.77,553574.45,,
001027-073567-03176-X,"משעול רוגל 31, דימונה",דימונה,משעול רוגל,31,,,none,,,,
001027-073567-03177-X,"אמנון ותמר 2, דימונה",דימונה,אמנון ותמר,2,,,exact,203013.58,553812.51,,
001027-073567-03178-X,"הצאלה 17, דימונה",דימונה,הצאלה,17,,,exact,202861.54,552774.78,,
001027-073567-03179-X,"אקליפטוס 21, דימונה",דימונה,אקליפטוס,21,,,exact,203969.94,554139.81,,
001027-073567-03180-X,"הר ארבל 43, דימונה",דימונה,הר ארבל,43,,,exact,203492.31,555027.09,,
001027-073567-03181-X,"דוד אלעזר 521, דימונה",דימונה,דוד אלעזר,521,,,none,,,,
001027-073567-03182-X,"רחבת הנח""ל 150, דימונה",דימונה,"רחבת הנח""ל",150,,,none,,,,
001027-073567-03183-X,"אקליפטוס 16, דימונה",דימונה,אקליפטוס,16,,,none,,,,
001027-073567-03184-X,"הרימון 313, דימונה",דימונה,הרימון,313,,,none,,,,
001027-073567-03185-X,"נתיב הל""ה 11, דימונה",דימונה,"נתיב הל""ה",11,,,none,,,,
001027-073567-03186-X,"מורן החורש 5, דימונה",דימונה,מורן החורש,5,,,exact,203767.27,554178.74,,
001027-073567-03187-X,"המעפיל 64, דימונה",דימונה,המעפיל,64,,,exact,203778.09,553406.73,,
001027-073567-03188-X,"יגור 19, דימונה",דימונה,יגור,19,,,none,,,,
001027-073567-03189-X,"קטלב 1, דימונה",דימונה,קטלב,1,,,exact,203713.10,554033.81,,
001027-073567-03190-X,"שיזף 36, דימונה",דימונה,שיזף,36,,,none,,,,
001027-073567-03191-X,"הגפן 8, דימונה",דימונה,הגפן,8,,,exact,202538.76,552687.98,,
001027-073567-03192-X,"שד הנשיא 18, דימונה",דימונה,שד הנשיא,18,,,exact,202613.45,552264.97,,
001027-073567-03193-X,"טיילת הספורט 6, דימונה",דימונה,טיילת הספורט,6,,,exact,203123.89,553050.53,,
001027-073567-03194-X,"שושן צחור 18, דימונה",דימונה,שושן צחור,18,,,exact,203110.48,553768.51,,
001027-073567-03195-X,"אקליפטוס 23, דימונה",דימונה,אקליפטוס,23,,,exact,203974.02,554147.08,,
001027-073567-03196-X,"מילרוד אליעזר 2, דימונה",דימונה,מילרוד אליעזר,2,,,exact,203717.94,552654.01,,
001027-073567-03197-X,"היורה 792, דימונה",דימונה,היורה,792,,,none,,,,
001027-073567-03198-X,"שד בן גוריון 1324, דימונה",דימונה,שד בן גוריון,1324,,,none,,,,
001027-073567-03199-X,"ציפורי 17, דימונה",דימונה,ציפורי,17,,,exact,203399.70,551633.99,,
001027-073567-03200-X,"המעפיל 21, דימונה",דימונה,המעפיל,21,,,exact,203276.69,553445.51,,
001027-073567-03201-X,"הר ארבל 19, דימונה",דימונה,הר ארבל,19,,,exact,203741.31,554883.52,,
001027-073567-03202-X,"המעפיל 19, דימונה",דימונה,המעפיל,19,,,exact,203197.75,553443.13,,
001027-073567-03203-X,"רחבת הבנים 5, דימונה",דימונה,רחבת הבנים,5,,,none,,,,
001027-073567-03204-X,"כובשי אילת 502, דימונה",דימונה,כובשי אילת,502,,,none,,,,
001027-073567-03205-X,"סחלבן החורש 1, דימונה",דימונה,סחלבן החורש,1,,,exact,203746.25,554052.52,,
001027-073567-03206-X,"שד בן גוריון 122, דימונה",דימונה,שד בן גוריון,122,,,none,,,,
001027-073567-03207-X,"לילך 8, דימונה",דימונה,לילך,8,,,exact,203215.66,553818.00,,
001027-073567-03208-X,"אקליפטוס 5, דימונה",דימונה,אקליפטוס,5,,,exact,203972.15,554066.23,,
001027-073567-03209-X,"הגיא 3, דימונה",דימונה,הגיא,3,,,none,,,,
001027-073567-03210-X,"הרימון 10, דימונה",דימונה,הרימון,10,,,none,,,,
001027-073567-03211-X,"השיא 18, דימונה",דימונה,השיא,18,,,none,,,,
001027-073567-03212-X,"שבזי שלום 22, דימונה",דימונה,שבזי שלום,22,,,exact,203955.98,553520.16,,
001027-073567-03213-X,"הר חרמון 11, דימונה",דימונה,הר חרמון,11,,,exact,203798.87,555027.87,,
001027-073567-03214-X,"דרך הצנחנים 1069, דימונה",דימונה,דרך הצנחנים,1069,,,none,,,,
001027-073567-03215-X,"השקד 4, דימונה",דימונה,השקד,4,,,none,,,,
001027-073567-03216-X,"אבן עזרא 15, דימונה",דימונה,אבן עזרא,15,,,exact,204064.99,553492.00,,
001027-073567-03217-X,"מורן החורש 28, דימונה",דימונה,מורן החורש,28,,,none,,,,
001027-073567-03218-X,"קיסריה 4, דימונה",דימונה,קיסריה,4,,,exact,203463.34,551759.72,,
001027-073567-03219-X,"שבזי שלום 5, דימונה",דימונה,שבזי שלום,5,,,exact,203971.77,553661.55,,
001027-073567-03220-X,"שיזף 146, דימונה",דימונה,שיזף,146,,,exact,203537.30,554550.66,,
001027-073567-03221-X,"שד הנשיא 53, דימונה",דימונה,שד הנשיא,53,,,exact,202891.54,552461.41,,
001027-073567-03222-X,"הסדנה 7, דימונה",דימונה,הסדנה,7,,,exact,202335.93,552357.84,,
001027-073567-03223-X,"קדש 54, דימונה",דימונה,קדש,54,,,none,,,,
001027-073567-03224-X,"רחבת יונתן 2, דימונה",דימונה,רחבת יונתן,2,,,none,,,,
001027-073567-03225-X,"דוד אלעזר 78, דימונה",דימונה,דוד אלעזר,78,,,none,,,,
001027-073567-03226-X,"הרב אלנקוה 13, דימונה",דימונה,הרב אלנקוה,13,,,none,,,,
001027-073567-03227-X,"טבנקין יצחק 5, דימונה",דימונה,טבנקין יצחק,5,,,none,,,,
001027-073567-03228-X,"הפסגה 59, דימונה",דימונה,הפסגה,59,,,exact,204059.87,553352.38,,
001027-073567-03229-X,"שיזף 11, דימונה",דימונה,שיזף,11,,,none,,,,
001027-073567-03230-X,"מרחבים 1314, דימונה",דימונה,מרחבים,1314,,,none,,,,
001027-073567-03231-X,"חצב 56, דימונה",דימונה,חצב,56,,,none,,,,
001027-073567-03232-X,"בית שערים 38, דימונה",דימונה,בית שערים,38,,,exact,203370.92,551680.70,,
001027-073567-03233-X,"הרימון 22, דימונה",דימונה,הרימון,22,,,exact,202505.47,552548.15,,
001027-073567-03234-X,"כובשי אילת 1632, דימונה",דימונה,כובשי אילת,1632,,,none,,,,
001027-073567-03235-X,"גמלא 25, דימונה",דימונה,גמלא,25,,,exact,203405.07,551774.70,,
001027-073567-03236-X,"קיסריה 19, דימונה",דימונה,קיסריה,19,,,exact,203628.05,551816.14,,
001027-073567-03237-X,"משעול התקוה 4, דימונה",דימונה,משעול התקוה,4,,,none,,,,
001027-073567-03238-X,"קטלב 45, דימונה",דימונה,קטלב,45,,,exact,203716.22,554266.45,,
001027-073567-03239-X,"שד הנשיא 31, דימונה",דימונה,שד הנשיא,31,,,exact,202536.33,552319.30,,
001027-073567-03240-X,"יגור 45, דימונה",דימונה,יגור,45,,,none,,,,
001027-073567-03241-X,"היורה 798, דימונה",דימונה,היורה,798,,,none,,,,
001027-073567-03242-X,"השיא 13, דימונה",דימונה,השיא,13,,,exact,204082.51,552811.37,,
001027-073567-03243-X,"הגפן 40, דימונה",דימונה,הגפן,40,,,exact,202375.91,552650.72,,
001027-073567-03244-X,"שיזף 108, דימונה",דימונה,שיזף,108,,,exact,203704.82,554615.60,,
001027-073567-03245-X,"כליל החורש 16, דימונה",דימונה,כליל החורש,16,,,exact,203942.85,554112.29,,
001027-073567-03246-X,"קצרין 9, דימונה",דימונה,קצרין,9,,,exact,203563.86,551552.21,,
001027-073567-03247-X,"נוה מדבר 102, דימונה",דימונה,נוה מדבר,102,,,none,,,,
001027-073567-03248-X,"נוה מדבר 112, דימונה",דימונה,נוה מדבר,112,,,none,,,,
001027-073567-03249-X,"דרך השלום 19, דימונה",דימונה,דרך השלום,19,,,exact,203351.39,553578.83,,
001027-073567-03250-X,"שיזף 10, דימונה",דימונה,שיזף,10,,,exact,204155.49,554191.63,,
001027-073567-03251-X,"היורה 774, דימונה",דימונה,היורה,774,,,none,,,,
001027-073567-03252-X,"קהילת בריטניה 140, דימונה",דימונה,קהילת בריטניה,140,,,none,,,,
001027-073567-03253-X,"מורן החורש 25, דימונה",דימונה,מורן החורש,25,,,exact,203966.54,554173.03,,
001027-073567-03254-X,"הרמה 55, דימונה",דימונה,הרמה,55,,,none,,,,
001027-073567-03255-X,"עבדת 4, דימונה",דימונה,עבדת,4,,,exact,203788.94,552675.14,,
001027-073567-03256-X,"כליל החורש 45, דימונה",דימונה,כליל החורש,45,,,exact,203905.90,554269.93,,
001027-073567-03257-X,"ציפורן 7, דימונה",דימונה,ציפורן,7,,,exact,203608.20,554482.38,,
001027-073567-03258-X,"שיזף 39, דימונה",דימונה,שיזף,39,,,none,,,,
001027-073567-03259-X,"ירושלים 60, דימונה",דימונה,ירושלים,60,,,exact,203950.59,551714.48,,
001027-073567-03260-X,"הר חרמון 16, דימונה",דימונה,הר חרמון,16,,,none,,,,
001027-073567-03261-X,"עבדת 23, דימונה",דימונה,עבדת,23,,,exact,203808.34,552757.26,,
001027-073567-03262-X,"חטיבת הנגב 3, דימונה",דימונה,חטיבת הנגב,3,,,exact,202622.26,553819.34,,
001027-073567-03263-X,"חצב 38, דימונה",דימונה,חצב,38,,,none,,,,
001027-073567-03264-X,"מצדה 9, דימונה",דימונה,מצדה,9,,,exact,202839.52,552282.86,,
001027-073567-03265-X,"מולדה 14, דימונה",דימונה,מולדה,14,,,none,,,,
001027-073567-03266-X,"רחבת הנח""ל 10, דימונה",דימונה,"רחבת הנח""ל",10,,,none,,,,
001027-073567-03267-X,"חצב 42, דימונה",דימונה,חצב,42,,,none,,,,
001027-073567-03268-X,"השבלים 387, דימונה",דימונה,השבלים,387,,,none,,,,
001027-073567-03269-X,"בת חן 14, דימונה",דימונה,בת חן,14,,,exact,203159.41,553834.48,,
001027-073567-03270-X,"משעול שלדג 7, דימונה",דימונה,משעול שלדג,7,,,none,,,,
001027-073567-03271-X,"הרמה 4, דימונה",דימונה,הרמה,4,,,exact,203756.94,553286.14,,
001027-073567-03272-X,"התאנה 340, דימונה",דימונה,התאנה,340,,,none,,,,
001027-073567-03273-X,"בבא סאלי 63, דימונה",דימונה,בבא סאלי,63,,,none,,,,
001027-073567-03274-X,"הרדוף הנחלים 15, דימונה",דימונה,הרדוף הנחלים,15,,,exact,204107.07,554403.25,,
001027-073567-03275-X,"משעול רוגל 35, דימונה",דימונה,משעול רוגל,35,,,none,,,,
001027-073567-03276-X,"אקסודוס 66, דימונה",דימונה,אקסודוס,66,,,none,,,,
001027-073567-03277-X,"השיא 9, דימונה",דימונה,השיא,9,,,exact,204084.51,552846.27,,
001027-073567-03278-X,"הר שגיא 12, דימונה",דימונה,הר שגיא,12,,,exact,203193.96,554981.42,,
001027-073567-03279-X,"התאנה 250, דימונה",דימונה,התאנה,250,,,none,,,,
001027-073567-03280-X,"הגיא 9, דימונה",דימונה,הגיא,9,,,none,,,,
001027-073567-03281-X,"המעלה 30, דימונה",דימונה,המעלה,30,,,none,,,,
001027-073567-03282-X,"בית שערים 24, דימונה",דימונה,בית שערים,24,,,exact,203254.02,551713.41,,
001027-073567-03283-X,"דפנה 9, דימונה",דימונה,דפנה,9,,,exact,203749.18,554295.20,,
001027-073567-03284-X,"קצרין 23, דימונה",דימונה,קצרין,23,,,exact,203523.65,551498.30,,
001027-073567-03285-X,"חטיבת הראל 1, דימונה",דימונה,חטיבת הראל,1,,,none,,,,
001027-073567-03286-X,"שיזף 32, דימונה",דימונה,שיזף,32,,,exact,204129.99,554296.55,,
001027-073567-03287-X,"הרמה 43, דימונה",דימונה,הרמה,43,,,exact,203982.63,553049.06,,
001027-073567-03288-X,"השיא 14, דימונה",דימונה,השיא,14,,,exact,204034.62,552813.32,,
001027-073567-03289-X,"היורה 787, דימונה",דימונה,היורה,787,,,none,,,,
001027-073567-03290-X,"דפנה 12, דימונה",דימונה,דפנה,12,,,exact,203790.73,554262.74,,
001027-073567-03291-X,"ניצנה 137, דימונה",דימונה,ניצנה,137,,,none,,,,
001027-073567-03292-X,"הפסגה 11, דימונה",דימונה,הפסגה,11,,,exact,203708.24,553535.58,,
001027-073567-03293-X,"חרוב 1, דימונה",דימונה,חרוב,1,,,exact,203750.15,554365.57,,
001027-073567-03294-X,"שטרן יאיר 7, דימונה",דימונה,שטרן יאיר,7,,,none,,,,
001027-073567-03295-X,"סיתונית 10, דימונה",דימונה,סיתונית,10,,,exact,203083.10,553907.05,,
001027-073567-03296-X,"שושן צחור 16, דימונה",דימונה,שושן צחור,16,,,exact,203101.37,553771.41,,
001027-073567-03297-X,"התאנה 2, דימונה",דימונה,התאנה,2,,,exact,202358.70,552539.98,,
001027-073567-03298-X,"קלעת נמרוד 19, דימונה",דימונה,קלעת נמרוד,19,,,exact,203308.94,551480.62,,
001027-073567-03299-X,"שד בן גוריון 1317, דימונה",דימונה,שד בן גוריון,1317,,,none,,,,
001027-073567-03300-X,"השיא 10, דימונה",דימונה,השיא,10,,,exact,204056.18,552845.75,,
001027-073567-03301-X,"מונפור 24, דימונה",דימונה,מונפור,24,,,exact,203336.06,551511.58,,
001027-073567-03302-X,"רחבת אורון 24, דימונה",דימונה,רחבת אורון,24,,,none,,,,
001027-073567-03303-X,"פטרה 6, דימונה",דימונה,פטרה,6,,,exact,203613.61,551564.54,,
001027-073567-03304-X,"תל אפק 9, דימונה",דימונה,תל אפק,9,,,exact,203213.29,551662.78,,
001027-073567-03305-X,"מרחבים 1305, דימונה",דימונה,מרחבים,1305,,,none,,,,
001027-073567-03306-X,"דולב 3, דימונה",דימונה,דולב,3,,,exact,204042.15,554290.77,,
001027-073567-03307-X,"הר שגיא 4, דימונה",דימונה,הר שגיא,4,,,exact,203291.16,554985.95,,
001027-073567-03308-X,"הר מירון 7, דימונה",דימונה,הר מירון,7,,,exact,203636.68,555070.01,,
001027-073567-03309-X,"שיזף 174, דימונה",דימונה,שיזף,174,,,exact,203332.60,554413.03,,
001027-073567-03310-X,"השקד 12, דימונה",דימונה,השקד,12,,,none,,,,
001027-073567-03311-X,"הפסגה 109, דימונה",דימונה,הפסגה,109,,,exact,204113.47,553043.73,,
001027-073567-03312-X,"חרצית 21, דימונה",דימונה,חרצית,21,,,exact,204013.73,554484.79,,
001027-073567-03313-X,"נוה מדבר 145, דימונה",דימונה,נוה מדבר,145,,,none,,,,
001027-073567-03314-X,"בבא סאלי 110, דימונה",דימונה,בבא סאלי,110,,,exact,203373.33,552269.96,,
001027-073567-03315-X,"שד בן גוריון 95, דימונה",דימונה,שד בן גוריון,95,,,exact,203228.86,553684.72,,
001027-073567-03316-X,"רקפת 14, דימונה",דימונה,רקפת,14,,,none,,,,
001027-073567-03317-X,"סיתונית 23, דימונה",דימונה,סיתונית,23,,,exact,203160.89,553938.37,,
001027-073567-03318-X,"האשל 564, דימונה",דימונה,האשל,564,,,none,,,,
001027-073567-03319-X,"טופח 8, דימונה",דימונה,טופח,8,,,exact,203907.55,554413.87,,
001027-073567-03320-X,"קציעות 1, דימונה",דימונה,קציעות,1,,,none,,,,
001027-073567-03321-X,"סיגלון 3, דימונה",דימונה,סיגלון,3,,,none,,,,
001027-073567-03322-X,"נבטים 10, דימונה",דימונה,נבטים,10,,,exact,203374.17,553511.97,,
001027-073567-03323-X,"שד הנשיא 23, דימונה",דימונה,שד הנשיא,23,,,exact,202483.28,552305.51,,
001027-073567-03324-X,"ההגנה 6, דימונה",דימונה,ההגנה,6,,,exact,202794.11,553573.61,,
001027-073567-03325-X,"ההדס 530, דימונה",דימונה,ההדס,530,,,none,,,,
001027-073567-03326-X,"הר שניר 22, דימונה",דימונה,הר שניר,22,,,exact,203212.95,555096.77,,
001027-073567-03327-X,"רחבת אורון 13, דימונה",דימונה,רחבת אורון,13,,,exact,202929.12,552552.81,,
001027-073567-03328-X,"חרוב 27, דימונה",דימונה,חרוב,27,,,exact,203864.59,554370.73,,
001027-073567-03329-X,"נתיב הל""ה 16, דימונה",דימונה,"נתיב הל""ה",16,,,none,,,,
001027-073567-03330-X,"דרך השלום 44, דימונה",דימונה,דרך השלום,44,,,exact,203529.97,553609.55,,
001027-073567-03331-X,"שד הנשיא 14, דימונה",דימונה,שד הנשיא,14,,,exact,202592.33,552253.00,,
001027-073567-03332-X,"בית שערים 3, דימונה",דימונה,בית שערים,3,,,exact,203189.90,551858.07,,
001027-073567-03333-X,"סחלבן החורש 55, דימונה",דימונה,סחלבן החורש,55,,,exact,204099.40,554052.45,,
001027-073567-03334-X,"הרדוף הנחלים 8, דימונה",דימונה,הרדוף הנחלים,8,,,exact,204105.20,554351.08,,
001027-073567-03335-X,"שד הנשיא 52, דימונה",דימונה,שד הנשיא,52,,,none,,,,
001027-073567-03336-X,"שיזף 98, דימונה",דימונה,שיזף,98,,,exact,203742.53,554616.88,,
001027-073567-03337-X,"פטרה 21, דימונה",דימונה,פטרה,21,,,exact,203592.45,551488.59,,
001027-073567-03338-X,"צפצפה 2, דימונה",דימונה,צפצפה,2,,,exact,203512.34,554455.41,,
001027-073567-03339-X,"בת חן 1, דימונה",דימונה,בת חן,1,,,exact,203013.47,553866.50,,
001027-073567-03340-X,"טיילת הספורט 16, דימונה",דימונה,טיילת הספורט,16,,,none,,,,
001027-073567-03341-X,"שיזף 130, דימונה",דימונה,שיזף,130,,,exact,203606.46,554592.51,,
001027-073567-03342-X,"חצב 31, דימונה",דימונה,חצב,31,,,exact,203599.89,554002.66,,
001027-073567-03343-X,"הרמה 16, דימונה",דימונה,הרמה,16,,,exact,203822.35,553221.21,,
001027-073567-03344-X,"שבזי שלום 40, דימונה",דימונה,שבזי שלום,40,,,exact,204118.19,553397.74,,
001027-073567-03345-X,"שד בן גוריון 1100, דימונה",דימונה,שד בן גוריון,1100,,,none,,,,
001027-073567-03346-X,"עמוס 4, דימונה",דימונה,עמוס,4,,,none,,,,
001027-073567-03347-X,"סחלבן החורש 75, דימונה",דימונה,סחלבן החורש,75,,,none,,,,
001027-073567-03348-X,"הרימון 266, דימונה",דימונה,הרימון,266,,,none,,,,
001027-073567-03349-X,"הר גולן 3, דימונה",דימונה,הר גולן,3,,,exact,203272.16,555007.40,,
001027-073567-03350-X,"ברקן 5, דימונה",דימונה,ברקן,5,,,exact,203764.97,554242.48,,
001027-073567-03351-X,"עבדת 31, דימונה",דימונה,עבדת,31,,,exact,203852.48,552743.89,,
001027-073567-03352-X,"? 1090, דימונה",דימונה,?,1090,,,none,,,,
001027-073567-03353-X,"רחבת הבנים 2, דימונה",דימונה,רחבת הבנים,2,,,none,,,,
001027-073567-03354-X,"היונה 153, דימונה",דימונה,היונה,153,,,none,,,,
001027-073567-03355-X,"דפנה 22, דימונה",דימונה,דפנה,22,,,exact,203838.93,554270.13,,
001027-073567-03356-X,"קלעת נמרוד 5, דימונה",דימונה,קלעת נמרוד,5,,,exact,203240.04,551486.07,,
001027-073567-03357-X,"נוה מדבר 120, דימונה",דימונה,נוה מדבר,120,,,none,,,,
001027-073567-03358-X,"אדר 18, דימונה",דימונה,אדר,18,,,exact,203823.38,554085.47,,
001027-073567-03359-X,"דולב 19, דימונה",דימונה,דולב,19,,,exact,204146.77,554357.09,,
001027-073567-03360-X,"ברקן 10, דימונה",דימונה,ברקן,10,,,exact,203785.68,554207.61,,
001027-073567-03361-X,"משעול חירם 11, דימונה",דימונה,משעול חירם,11,,,exact,202664.66,553623.08,,
001027-073567-03362-X,"עבדת 15, דימונה",דימונה,עבדת,15,,,exact,203778.46,552751.57,,
001027-073567-03363-X,"בשמת 2, דימונה",דימונה,בשמת,2,,,exact,204001.29,554207.66,,
001027-073567-03364-X,"הברוש 9, דימונה",דימונה,הברוש,9,,,exact,202932.14,552706.96,,
001027-073567-03365-X,"השבלים 391, דימונה",דימונה,השבלים,391,,,none,,,,
001027-073567-03366-X,"מבצר עכו 8, דימונה",דימונה,מבצר עכו,8,,,exact,203769.73,551649.69,,
001027-073567-03367-X,"אזוב 5, דימונה",דימונה,אזוב,5,,,none,,,,
001027-073567-03368-X,"דרך השלום 81, דימונה",דימונה,דרך השלום,81,,,exact,203597.60,553680.57,,
001027-073567-03369-X,"השבלים 377, דימונה",דימונה,השבלים,377,,,none,,,,
001027-073567-03370-X,"הפסגה 85, דימונה",דימונה,הפסגה,85,,,exact,204107.66,553241.47,,
001027-073567-03371-X,"שיזף 84, דימונה",דימונה,שיזף,84,,,exact,203794.32,554606.07,,
001027-073567-03372-X,"דוד אלעזר 70, דימונה",דימונה,דוד אלעזר,70,,,none,,,,
001027-073567-03373-X,"הר כרמל 22, דימונה",דימונה,הר כרמל,22,,,exact,203486.41,555007.08,,
001027-073567-03374-X,"טופח 23, דימונה",דימונה,טופח,23,,,exact,203910.83,554466.93,,
001027-073567-03375-X,"סחלבן החורש 35, דימונה",דימונה,סחלבן החורש,35,,,exact,204006.32,554051.58,,
001027-073567-03376-X,"העליה 28, דימונה",דימונה,העליה,28,,,exact,203928.85,552752.43,,
001027-073567-03377-X,"דרך השלום 1214, דימונה",דימונה,דרך השלום,1214,,,none,,,,
001027-073567-03378-X,"הפסגה 91, דימונה",דימונה,הפסגה,91,,,exact,204096.29,553194.46,,
001027-073567-03379-X,"דפנה 7, דימונה",דימונה,דפנה,7,,,exact,203745.11,554301.45,,
001027-073567-03380-X,"דוד אלעזר 1171, דימונה",דימונה,דוד אלעזר,1171,,,none,,,,
001027-073567-03381-X,"שיזף 9, דימונה",דימונה,שיזף,9,,,none,,,,
001027-073567-03382-X,"היורה 797, דימונה",דימונה,היורה,797,,,none,,,,
001027-073567-03383-X,"חרצית 6, דימונה",דימונה,חרצית,6,,,exact,204013.57,554437.32,,
001027-073567-03384-X,"בית שערים 36, דימונה",דימונה,בית שערים,36,,,exact,203350.67,551684.78,,
001027-073567-03385-X,"טיילת הספורט 36, דימונה",דימונה,טיילת הספורט,36,,,exact,203136.30,553582.67,,
001027-073567-03386-X,"שיזף 55, דימונה",דימונה,שיזף,55,,,exact,203675.04,554578.71,,
001027-073567-03387-X,"הברוש 18, דימונה",דימונה,הברוש,18,,,none,,,,
001027-073567-03388-X,"מונפור 1, דימונה",דימונה,מונפור,1,,,none,,,,
001027-073567-03389-X,"מולדה 13, דימונה",דימונה,מולדה,13,,,none,,,,
001027-073567-03390-X,"קטלב 9, דימונה",דימונה,קטלב,9,,,exact,203714.74,554078.78,,
001027-073567-03391-X,"שד הנשיא 34, דימונה",דימונה,שד הנשיא,34,,,exact,202762.95,552312.92,,
001027-073567-03392-X,"כובשי אילת 1627, דימונה",דימונה,כובשי אילת,1627,,,none,,,,
001027-073567-03393-X,"רחבת האשלג 19, דימונה",דימונה,רחבת האשלג,19,,,exact,202722.20,552675.95,,
001027-073567-03394-X,"שד הנשיא 191, דימונה",דימונה,שד הנשיא,191,,,none,,,,
001027-073567-03395-X,"העמל 13, דימונה",דימונה,העמל,13,,,none,,,,
001027-073567-03396-X,"מבצע ברוש 12, דימונה",דימונה,מבצע ברוש,12,,,none,,,,
001027-073567-03397-X,"דוד אלעזר 88, דימונה",דימונה,דוד אלעזר,88,,,none,,,,
001027-073567-03398-X,"ציפורן 41, דימונה",דימונה,ציפורן,41,,,none,,,,
001027-073567-03399-X,"הרימון 330, דימונה",דימונה,הרימון,330,,,none,,,,
001027-073567-03400-X,"רחבת אורון 18, דימונה",דימונה,רחבת אורון,18,,,none,,,,
001027-073567-03401-X,"גמלא 3, דימונה",דימונה,גמלא,3,,,none,,,,
001027-073567-03402-X,"שד בן גוריון 1064, דימונה",דימונה,שד בן גוריון,1064,,,none,,,,
001027-073567-03403-X,"השלוה 1181, דימונה",דימונה,השלוה,1181,,,none,,,,
001027-073567-03404-X,"סחלבן החורש 38, דימונה",דימונה,סחלבן החורש,38,,,exact,203896.88,554021.49,,
001027-073567-03405-X,"אדר 19, דימונה",דימונה,אדר,19,,,exact,203837.85,554119.35,,
001027-073567-03406-X,"אשחר 27, דימונה",דימונה,אשחר,27,,,exact,204118.47,554115.37,,
001027-073567-03407-X,"לובטקין צביה 3, דימונה",דימונה,לובטקין צביה,3,,,none,,,,
001027-073567-03408-X,"חטיבת גבעתי 9, דימונה",דימונה,חטיבת גבעתי,9,,,none,,,,
001027-073567-03409-X,"חרוב 34, דימונה",דימונה,חרוב,34,,,none,,,,
001027-073567-03410-X,"אקליפטוס 3, דימונה",דימונה,אקליפטוס,3,,,exact,203967.44,554057.06,,
001027-073567-03411-X,"הר ארבל 27, דימונה",דימונה,הר ארבל,27,,,exact,203673.09,554960.88,,
001027-073567-03412-X,"משעול רוגל 29, דימונה",דימונה,משעול רוגל,29,,,none,,,,
001027-073567-03413-X,"מילרוד אליעזר 1, דימונה",דימונה,מילרוד אליעזר,1,,,none,,,,
001027-073567-03414-X,"נוה מדבר 160, דימונה",דימונה,נוה מדבר,160,,,none,,,,
001027-073567-03415-X,"אקליפטוס 8, דימונה",דימונה,אקליפטוס,8,,,none,,,,
001027-073567-03416-X,"התאנה 348, דימונה",דימונה,התאנה,348,,,none,,,,
001027-073567-03417-X,"המעלה 3, דימונה",דימונה,המעלה,3,,,exact,203843.54,553486.72,,
001027-073567-03418-X,"השיא 7, דימונה",דימונה,השיא,7,,,exact,204083.84,552863.71,,
001027-073567-03419-X,"משעול רוגל 21, דימונה",דימונה,משעול רוגל,21,,,none,,,,
001027-073567-03420-X,"היונה 150, דימונה",דימונה,היונה,150,,,none,,,,
001027-073567-03421-X,"רחבת הפלמ""ח 2, דימונה",דימונה,"רחבת הפלמ""ח",2,,,none,,,,
001027-073567-03422-X,"קטלב 2, דימונה",דימונה,קטלב,2,,,none,,,,
001027-073567-03423-X,"התאנה 344, דימונה",דימונה,התאנה,344,,,none,,,,
001027-073567-03424-X,"סיתונית 8, דימונה",דימונה,סיתונית,8,,,exact,203063.93,553904.18,,
001027-073567-03425-X,"סיגלון 22, דימונה",דימונה,סיגלון,22,,,exact,204021.01,554531.26,,
001027-073567-03426-X,"שד בן גוריון 15, דימונה",דימונה,שד בן גוריון,15,,,exact,203228.25,553094.37,,
001027-073567-03427-X,"גמלא 52, דימונה",דימונה,גמלא,52,,,exact,203651.15,551674.07,,
001027-073567-03428-X,"כליל החורש 35, דימונה",דימונה,כליל החורש,35,,,exact,203899.87,554216.24,,
001027-073567-03429-X,"שיקמה 12, דימונה",דימונה,שיקמה,12,,,exact,203656.74,554480.75,,
001027-073567-03430-X,"חצב 33, דימונה",דימונה,חצב,33,,,exact,203593.73,553998.41,,
001027-073567-03431-X,"יואל 1, דימונה",דימונה,יואל,1,,,none,,,,
001027-073567-03432-X,"הרמה 59, דימונה",דימונה,הרמה,59,,,none,,,,
001027-073567-03433-X,"אמנון ותמר 13, דימונה",דימונה,אמנון ותמר,13,,,exact,202990.20,553854.75,,
001027-073567-03434-X,"התאנה 366, דימונה",דימונה,התאנה,366,,,none,,,,
001027-073567-03435-X,"אשחר 33, דימונה",דימונה,אשחר,33,,,exact,204168.06,554119.09,,
001027-073567-03436-X,"רחבת רש""י 18, דימונה",דימונה,"רחבת רש""י",18,,,none,,,,
001027-073567-03437-X,"ציפורי 6, דימונה",דימונה,ציפורי,6,,,none,,,,
001027-073567-03438-X,"מרחבים 1312, דימונה",דימונה,מרחבים,1312,,,none,,,,
001027-073567-03439-X,"גמלא 19, דימונה",דימונה,גמלא,19,,,exact,203361.45,551794.76,,
001027-073567-03440-X,"שד הנשיא 49, דימונה",דימונה,שד הנשיא,49,,,exact,202852.91,552430.51,,
001027-073567-03441-X,"שבזי שלום 14, דימונה",דימונה,שבזי שלום,14,,,exact,203916.57,553567.06,,
001027-073567-03442-X,"השבלים 373, דימונה",דימונה,השבלים,373,,,none,,,,
001027-073567-03443-X,"מונפור 14, דימונה",דימונה,מונפור,14,,,exact,203283.68,551512.66,,
001027-073567-03444-X,"חרצית 13, דימונה",דימונה,חרצית,13,,,exact,203992.81,554457.05,,
001027-073567-03445-X,"דולב 6, דימונה",דימונה,דולב,6,,,exact,204016.10,554267.96,,
001027-073567-03446-X,"קטלב 21, דימונה",דימונה,קטלב,21,,,exact,203713.81,554139.60,,
001027-073567-03447-X,"הכלנית 758, דימונה",דימונה,הכלנית,758,,,none,,,,
001027-073567-03448-X,"ירמיה 42, דימונה",דימונה,ירמיה,42,,,none,,,,
001027-073567-03449-X,"דולב 1, דימונה",דימונה,דולב,1,,,none,,,,
001027-073567-03450-X,"התאנה 354, דימונה",דימונה,התאנה,354,,,none,,,,
001027-073567-03451-X,"פקיעין 21, דימונה",דימונה,פקיעין,21,,,exact,203421.57,551834.31,,
001027-073567-03452-X,"ציפורי 26, דימונה",דימונה,ציפורי,26,,,none,,,,
001027-073567-03453-X,"שטרן יאיר 14, דימונה",דימונה,שטרן יאיר,14,,,none,,,,
001027-073567-03454-X,"מולדה 10, דימונה",דימונה,מולדה,10,,,none,,,,
001027-073567-03455-X,"בשמת 11, דימונה",דימונה,בשמת,11,,,exact,204041.36,554236.21,,
001027-073567-03456-X,"שד הנשיא 83, דימונה",דימונה,שד הנשיא,83,,,exact,202995.17,552730.43,,
001027-073567-03457-X,"הגיא 1, דימונה",דימונה,הגיא,1,,,none,,,,
001027-073567-03458-X,"מולדה 24, דימונה",דימונה,מולדה,24,,,none,,,,
001027-073567-03459-X,"רחבת האשלג 15, דימונה",דימונה,רחבת האשלג,15,,,exact,202728.70,552648.59,,
001027-073567-03460-X,"הפסגה 41, דימונה",דימונה,הפסגה,41,,,exact,203948.43,553478.38,,
001027-073567-03461-X,"דוד אלעזר 1172, דימונה",דימונה,דוד אלעזר,1172,,,none,,,,
001027-073567-03462-X,"ירמיה 19, דימונה",דימונה,ירמיה,19,,,none,,,,
001027-073567-03463-X,"בית שערים 13, דימונה",דימונה,בית שערים,13,,,exact,203218.56,551783.80,,
001027-073567-03464-X,"דרך השלום 41, דימונה",דימונה,דרך השלום,41,,,none,,,,
001027-073567-03465-X,"המעפיל 85, דימונה",דימונה,המעפיל,85,,,exact,203959.03,553220.57,,
001027-073567-03466-X,"חרוב 51, דימונה",דימונה,חרוב,51,,,none,,,,
001027-073567-03467-X,"מצדה 144, דימונה",דימונה,מצדה,144,,,none,,,,
001027-073567-03468-X,"טיילת הספורט 10, דימונה",דימונה,טיילת הספורט,10,,,exact,203123.18,553106.61,,
001027-073567-03469-X,"נורית 3, דימונה",דימונה,נורית,3,,,exact,203690.19,554261.39,,
001027-073567-03470-X,"הרימון 362, דימונה",דימונה,הרימון,362,,,none,,,,
001027-073567-03471-X,"דולב 24, דימונה",דימונה,דולב,24,,,exact,204102.77,554266.26,,
001027-073567-03472-X,"הר שניר 1, דימונה",דימונה,הר שניר,1,,,none,,,,
001027-073567-03473-X,"הגפן 34, דימונה",דימונה,הגפן,34,,,exact,202423.19,552668.54,,
001027-073567-03474-X,"דני 5, דימונה",דימונה,דני,5,,,exact,202785.22,553632.42,,
001027-073567-03475-X,"משעול שלדג 124, דימונה",דימונה,משעול שלדג,124,,,none,,,,
001027-073567-03476-X,"משעול התקוה 11, דימונה",דימונה,משעול התקוה,11,,,none,,,,
001027-073567-03477-X,"שד הנשיא 38, דימונה",דימונה,שד הנשיא,38,,,none,,,,
001027-073567-03478-X,"כורזין 26, דימונה",דימונה,כורזין,26,,,exact,203768.20,551519.54,,
001027-073567-03479-X,"עבדת 24, דימונה",דימונה,עבדת,24,,,exact,203968.85,552669.71,,
001027-073567-03480-X,"הגפן 16, דימונה",דימונה,הגפן,16,,,exact,202506.86,552714.60,,
001027-073567-03481-X,"פקיעין 6, דימונה",דימונה,פקיעין,6,,,exact,203297.99,551840.60,,
001027-073567-03482-X,"שיזף 27, דימונה",דימונה,שיזף,27,,,exact,204031.28,554342.87,,
001027-073567-03483-X,"מולדה 5, דימונה",דימונה,מולדה,5,,,none,,,,
001027-073567-03484-X,"שיבטה 13, דימונה",דימונה,שיבטה,13,,,exact,203695.30,551678.19,,
001027-073567-03485-X,"צבעוני 8, דימונה",דימונה,צבעוני,8,,,exact,203482.93,554383.43,,
001027-073567-03486-X,"הרמה 56, דימונה",דימונה,הרמה,56,,,exact,203992.86,552947.68,,
001027-073567-03487-X,"היורה 799, דימונה",דימונה,היורה,799,,,none,,,,
001027-073567-03488-X,"הר שגיא 7, דימונה",דימונה,הר שגיא,7,,,exact,203282.82,554956.91,,
001027-073567-03489-X,"המעפיל 82, דימונה",דימונה,המעפיל,82,,,exact,203902.21,553289.55,,
001027-073567-03490-X,"מולדה 7, דימונה",דימונה,מולדה,7,,,none,,,,
001027-073567-03491-X,"הרב אלנקוה 9, דימונה",דימונה,הרב אלנקוה,9,,,none,,,,
001027-073567-03492-X,"הרב אלנקוה 6, דימונה",דימונה,הרב אלנקוה,6,,,none,,,,
001027-073567-03493-X,"המעפיל 18, דימונה",דימונה,המעפיל,18,,,none,,,,
001027-073567-03494-X,"ישעיה 42, דימונה",דימונה,ישעיה,42,,,exact,203278.48,554257.58,,
001027-073567-03495-X,"ציפורי 51, דימונה",דימונה,ציפורי,51,,,exact,203663.13,551475.51,,
001027-073567-03496-X,"עבדת 20, דימונה",דימונה,עבדת,20,,,exact,203942.81,552679.34,,
001027-073567-03497-X,"חרצית 9, דימונה",דימונה,חרצית,9,,,exact,203977.41,554446.86,,
001027-073567-03498-X,"הרצל 37, דימונה",דימונה,הרצל,37,,,exact,203337.86,552906.86,,
001027-073567-03499-X,"משעול רוגל 15, דימונה",דימונה,משעול רוגל,15,,,exact,202703.03,553647.19,,
001027-073567-03500-X,"העמל 6, דימונה",דימונה,העמל,6,,,none,,,,
001027-073567-03501-X,"לובטקין צביה 6, דימונה",דימונה,לובטקין צביה,6,,,none,,,,
001027-073567-03502-X,"נתיב הל""ה 9, דימונה",דימונה,"נתיב הל""ה",9,,,none,,,,
001027-073567-03503-X,"ציפורן 13, דימונה",דימונה,ציפורן,13,,,exact,203647.53,554445.43,,
001027-073567-03504-X,"דולב 14, דימונה",דימונה,דולב,14,,,exact,204053.84,554268.34,,
001027-073567-03505-X,"סחלבן החורש 66, דימונה",דימונה,סחלבן החורש,66,,,exact,204071.81,554012.55,,
001027-073567-03506-X,"שיזף 29, דימונה",דימונה,שיזף,29,,,exact,204026.53,554353.89,,
001027-073567-03507-X,"ליבנה 26, דימונה",דימונה,ליבנה,26,,,exact,203870.55,554179.19,,
001027-073567-03508-X,"חגי 33, דימונה",דימונה,חגי,33,,,exact,203485.14,554032.37,,
001027-073567-03509-X,"מילרוד אליעזר 1618, דימונה",דימונה,מילרוד אליעזר,1618,,,none,,,,
001027-073567-03510-X,"העליה 14, דימונה",דימונה,העליה,14,,,exact,203840.71,552774.44,,
001027-073567-03511-X,"אשחר 22, דימונה",דימונה,אשחר,22,,,exact,204103.97,554083.23,,
001027-073567-03512-X,"שיזף 86, דימונה",דימונה,שיזף,86,,,exact,203789.78,554609.48,,
001027-073567-03513-X,"בבא סאלי 41, דימונה",דימונה,בבא סאלי,41,,,exact,202759.19,552073.65,,
001027-073567-03514-X,"המעלה 32, דימונה",דימונה,המעלה,32,,,none,,,,
001027-073567-03515-X,"קלעת נמרוד 37, דימונה",דימונה,קלעת נמרוד,37,,,none,,,,
001027-073567-03516-X,"רחבת האשלג 17, דימונה",דימונה,רחבת האשלג,17,,,exact,202722.56,552651.78,,
001027-073567-03517-X,"מולדה 21, דימונה",דימונה,מולדה,21,,,none,,,,
001027-073567-03518-X,"מורן החורש 50, דימונה",דימונה,מורן החורש,50,,,exact,204104.40,554142.56,,
001027-073567-03519-X,"משעול הרעות 8, דימונה",דימונה,משעול הרעות,8,,,none,,,,
001027-073567-03520-X,"הכלנית 760, דימונה",דימונה,הכלנית,760,,,none,,,,
001027-073567-03521-X,"פרג 16, דימונה",דימונה,פרג,16,,,exact,203654.97,554369.49,,
001027-073567-03522-X,"משעול חירם 8, דימונה",דימונה,משעול חירם,8,,,exact,202688.16,553580.45,,
001027-073567-03523-X,"שיבטה 4, דימונה",דימונה,שיבטה,4,,,exact,203671.95,551599.35,,
001027-073567-03524-X,"ברקן 6, דימונה",דימונה,ברקן,6,,,exact,203764.07,554208.25,,
001027-073567-03525-X,"שד הנשיא 43, דימונה",דימונה,שד הנשיא,43,,,exact,202796.91,552395.34,,
001027-073567-03526-X,"בבא סאלי 75, דימונה",דימונה,בבא סאלי,75,,,exact,203068.47,552209.05,,
001027-073567-03527-X,"דפנה 14, דימונה",דימונה,דפנה,14,,,exact,203802.40,554270.20,,
001027-073567-03528-X,"טיילת הספורט 12, דימונה",דימונה,טיילת הספורט,12,,,exact,203123.13,553133.56,,
001027-073567-03529-X,"שושן צחור 28, דימונה",דימונה,שושן צחור,28,,,exact,203208.14,553769.66,,
001027-073567-03530-X,"האשל 569, דימונה",דימונה,האשל,569,,,none,,,,
001027-073567-03531-X,"שד הנשיא 30, דימונה",דימונה,שד הנשיא,30,,,exact,202740.56,552306.90,,
001027-073567-03532-X,"האורן 8, דימונה",דימונה,האורן,8,,,exact,202794.89,552778.88,,
001027-073567-03533-X,"מבצע ברוש 4, דימונה",דימונה,מבצע ברוש,4,,,none,,,,
001027-073567-03534-X,"שד הנשיא 194, דימונה",דימונה,שד הנשיא,194,,,none,,,,
001027-073567-03535-X,"הברוש 11, דימונה",דימונה,הברוש,11,,,exact,202896.62,552684.71,,
001027-073567-03536-X,"שד בן גוריון 1101, דימונה",דימונה,שד בן גוריון,1101,,,exact,203263.84,553698.28,,
001027-073567-03537-X,"מרחבים 1302, דימונה",דימונה,מרחבים,1302,,,none,,,,
001027-073567-03538-X,"בבא סאלי 18, דימונה",דימונה,בבא סאלי,18,,,exact,202635.34,552017.75,,
001027-073567-03539-X,"הנרקיס 13, דימונה",דימונה,הנרקיס,13,,,none,,,,
001027-073567-03540-X,"ישעיה 26, דימונה",דימונה,ישעיה,26,,,exact,203331.32,554346.48,,
001027-073567-03541-X,"קציעות 2, דימונה",דימונה,קציעות,2,,,none,,,,
001027-073567-03542-X,"חטיבת הראל 3, דימונה",דימונה,חטיבת הראל,3,,,none,,,,
001027-073567-03543-X,"קציעות 16, דימונה",דימונה,קציעות,16,,,none,,,,
001027-073567-03544-X,"הרימון 354, דימונה",דימונה,הרימון,354,,,none,,,,
001027-073567-03545-X,"התאנה 224, דימונה",דימונה,התאנה,224,,,none,,,,
001027-073567-03546-X,"האשל 560, דימונה",דימונה,האשל,560,,,none,,,,
001027-073567-03547-X,"אשחר 35, דימונה",דימונה,אשחר,35,,,exact,204172.74,554114.00,,
001027-073567-03548-X,"בת חן 15, דימונה",דימונה,בת חן,15,,,exact,203155.41,553865.04,,
001027-073567-03549-X,"המעפיל 38, דימונה",דימונה,המעפיל,38,,,exact,203442.13,553406.60,,
001027-073567-03550-X,"חרוב 58, דימונה",דימונה,חרוב,58,,,exact,204113.26,554445.94,,
001027-073567-03551-X,"מורן החורש 52, דימונה",דימונה,מורן החורש,52,,,exact,204102.04,554147.41,,
001027-073567-03552-X,"השיא 2, דימונה",דימונה,השיא,2,,,exact,204053.31,552910.34,,
001027-073567-03553-X,"משעול רוגל 9, דימונה",דימונה,משעול רוגל,9,,,exact,202752.15,553650.60,,
001027-073567-03554-X,"התאנה 222, דימונה",דימונה,התאנה,222,,,none,,,,
001027-073567-03555-X,"הפסגה 37, דימונה",דימונה,הפסגה,37,,,exact,203922.90,553505.93,,
001027-073567-03556-X,"שיזף 74, דימונה",דימונה,שיזף,74,,,exact,203834.03,554586.91,,
001027-073567-03557-X,"פקיעין 19, דימונה",דימונה,פקיעין,19,,,exact,203404.13,551840.40,,
001027-073567-03558-X,"משעול התקוה 1, דימונה",דימונה,משעול התקוה,1,,,none,,,,
001027-073567-03559-X,"המעפיל 17, דימונה",דימונה,המעפיל,17,,,exact,203184.66,553447.50,,
001027-073567-03560-X,"? 262, דימונה",דימונה,?,262,,,none,,,,
001027-073567-03561-X,"נוה מדבר 127, דימונה",דימונה,נוה מדבר,127,,,none,,,,
001027-073567-03562-X,"השבלים 345, דימונה",דימונה,השבלים,345,,,none,,,,
001027-073567-03563-X,"יהודה הלוי 23, דימונה",דימונה,יהודה הלוי,23,,,exact,203898.74,553866.19,,
001027-073567-03564-X,"? 1100, דימונה",דימונה,?,1100,,,none,,,,
001027-073567-03565-X,"סחלבן החורש 54, דימונה",דימונה,סחלבן החורש,54,,,exact,204011.59,554012.55,,
001027-073567-03566-X,"טופח 36, דימונה",דימונה,טופח,36,,,none,,,,
001027-073567-03567-X,"דרך הצנחנים 1076, דימונה",דימונה,דרך הצנחנים,1076,,,none,,,,
001027-073567-03568-X,"פרג 36, דימונה",דימונה,פרג,36,,,exact,203553.44,554348.94,,
001027-073567-03569-X,"גמלא 11, דימונה",דימונה,גמלא,11,,,exact,203294.17,551806.00,,
001027-073567-03570-X,"דוד אלעזר 92, דימונה",דימונה,דוד אלעזר,92,,,none,,,,
001027-073567-03571-X,"שד הנשיא 77, דימונה",דימונה,שד הנשיא,77,,,exact,202999.93,552650.55,,
001027-073567-03572-X,"ההגנה 10, דימונה",דימונה,ההגנה,10,,,exact,202773.80,553572.50,,
001027-073567-03573-X,"שיבטה 1, דימונה",דימונה,שיבטה,1,,,exact,203651.05,551623.42,,
001027-073567-03574-X,"דני 14, דימונה",דימונה,דני,14,,,none,,,,
001027-073567-03575-X,"ציפורי 25, דימונה",דימונה,ציפורי,25,,,exact,203407.30,551586.59,,
001027-073567-03576-X,"ציפורי 49, דימונה",דימונה,ציפורי,49,,,exact,203645.65,551481.72,,
001027-073567-03577-X,"קצרין 27, דימונה",דימונה,קצרין,27,,,exact,203510.41,551478.61,,
001027-073567-03578-X,"ישעיה 21, דימונה",דימונה,ישעיה,21,,,exact,203314.40,554291.97,,
001027-073567-03579-X,"בשמת 1, דימונה",דימונה,בשמת,1,,,exact,204001.95,554241.19,,
001027-073567-03580-X,"עבדת 12, דימונה",דימונה,עבדת,12,,,exact,203803.87,552717.24,,
001027-073567-03581-X,"דרך השלום 39, דימונה",דימונה,דרך השלום,39,,,none,,,,
001027-073567-03582-X,"בית שערים 12, דימונה",דימונה,בית שערים,12,,,exact,203174.79,551793.27,,
001027-073567-03583-X,"מלכה הנרי 2, דימונה",דימונה,מלכה הנרי,2,,,exact,202574.80,552324.11,,
001027-073567-03584-X,"בית שערים 35, דימונה",דימונה,בית שערים,35,,,exact,203383.10,551711.68,,
001027-073567-03585-X,"המלאכה 1026, דימונה",דימונה,המלאכה,1026,,,none,,,,
001027-073567-03586-X,"משעול רוגל 11, דימונה",דימונה,משעול רוגל,11,,,exact,202739.88,553652.67,,
001027-073567-03587-X,"הגפן 41, דימונה",דימונה,הגפן,41,,,exact,202352.54,552610.90,,
001027-073567-03588-X,"ניצנה 136, דימונה",דימונה,ניצנה,136,,,none,,,,
001027-073567-03589-X,"חטיבת אלכסנדרוני 4080, דימונה",דימונה,חטיבת אלכסנדרוני,4080,,,none,,,,
001027-073567-03590-X,"הר חרמון 7, דימונה",דימונה,הר חרמון,7,,,exact,203754.47,555019.78,,
001027-073567-03591-X,"שיזף 65, דימונה",דימונה,שיזף,65,,,exact,203568.69,554529.24,,
001027-073567-03592-X,"רחבת אורון 2, דימונה",דימונה,רחבת אורון,2,,,none,,,,
001027-073567-03593-X,"ישעיה 20, דימונה",דימונה,ישעיה,20,,,exact,203372.86,554341.17,,
001027-073567-03594-X,"חרוב 31, דימונה",דימונה,חרוב,31,,,exact,203884.22,554368.86,,
001027-073567-03595-X,"השלוה 1158, דימונה",דימונה,השלוה,1158,,,none,,,,
001027-073567-03596-X,"דרך השלום 38, דימונה",דימונה,דרך השלום,38,,,exact,203514.55,553606.48,,
001027-073567-03597-X,"נורית 24, דימונה",דימונה,נורית,24,,,exact,203609.83,554288.61,,
001027-073567-03598-X,"השבלים 329, דימונה",דימונה,השבלים,329,,,none,,,,
001027-073567-03599-X,"מצדה 143, דימונה",דימונה,מצדה,143,,,none,,,,
001027-073567-03600-X,"שד יגאל אלון 11, דימונה",דימונה,שד יגאל אלון,11,,,none,,,,
001027-073567-03601-X,"טופח 20, דימונה",דימונה,טופח,20,,,exact,203958.14,554471.31,,
001027-073567-03602-X,"שיקמה 1, דימונה",דימונה,שיקמה,1,,,exact,203641.20,554528.99,,
001027-073567-03603-X,"שד הנשיא 36, דימונה",דימונה,שד הנשיא,36,,,none,,,,
001027-073567-03604-X,"הזמיר 142, דימונה",דימונה,הזמיר,142,,,none,,,,
001027-073567-03605-X,"נוה מדבר 163, דימונה",דימונה,נוה מדבר,163,,,none,,,,
001027-073567-03606-X,"כליל החורש 36, דימונה",דימונה,כליל החורש,36,,,exact,203944.39,554235.66,,
001027-073567-03607-X,"שטרן יאיר 12, דימונה",דימונה,שטרן יאיר,12,,,none,,,,
001027-073567-03608-X,"ציפורן 35, דימונה",דימונה,ציפורן,35,,,exact,203850.56,554494.24,,
001027-073567-03609-X,"בבא סאלי 104, דימונה",דימונה,בבא סאלי,104,,,exact,203326.99,552249.01,,
001027-073567-03610-X,"רחבת הנח""ל 12, דימונה",דימונה,"רחבת הנח""ל",12,,,none,,,,
001027-073567-03611-X,"תל לכיש 12, דימונה",דימונה,תל לכיש,12,,,exact,203566.93,552008.30,,
001027-073567-03612-X,"בר כוכבא 211, דימונה",דימונה,בר כוכבא,211,,,none,,,,
001027-073567-03613-X,"שיקמה 14, דימונה",דימונה,שיקמה,14,,,exact,203672.30,554466.58,,
001027-073567-03614-X,"משעול רוגל 25, דימונה",דימונה,משעול רוגל,25,,,none,,,,
001027-073567-03615-X,"בבא סאלי 23, דימונה",דימונה,בבא סאלי,23,,,exact,202642.11,552090.99,,
001027-073567-03616-X,"הרימון 317, דימונה",דימונה,הרימון,317,,,none,,,,
001027-073567-03617-X,"פטרה 2, דימונה",דימונה,פטרה,2,,,exact,203624.07,551581.09,,
001027-073567-03618-X,"שד הנשיא 187, דימונה",דימונה,שד הנשיא,187,,,none,,,,
001027-073567-03619-X,"גמלא 21, דימונה",דימונה,גמלא,21,,,exact,203375.04,551790.89,,
001027-073567-03620-X,"דרך השלום 58, דימונה",דימונה,דרך השלום,58,,,exact,203558.44,553632.68,,
001027-073567-03621-X,"קטלב 23, דימונה",דימונה,קטלב,23,,,exact,203717.84,554143.28,,
001027-073567-03622-X,"התירוש 1, דימונה",דימונה,התירוש,1,,,none,,,,
001027-073567-03623-X,"דיין משה 8, דימונה",דימונה,דיין משה,8,,,exact,203822.50,553693.39,,
001027-073567-03624-X,"פרג 31, דימונה",דימונה,פרג,31,,,exact,203587.36,554320.46,,
001027-073567-03625-X,"שבזי שלום 8, דימונה",דימונה,שבזי שלום,8,,,exact,203943.58,553630.32,,
001027-073567-03626-X,"המעלה 10, דימונה",דימונה,המעלה,10,,,exact,203867.67,553429.59,,
001027-073567-03627-X,"מורן החורש 41, דימונה",דימונה,מורן החורש,41,,,exact,204059.42,554177.92,,
001027-073567-03628-X,"? 251, דימונה",דימונה,?,251,,,none,,,,
001027-073567-03629-X,"האורן 537, דימונה",דימונה,האורן,537,,,none,,,,
001027-073567-03630-X,"הר מירון 3, דימונה",דימונה,הר מירון,3,,,exact,203589.14,555045.01,,
001027-073567-03631-X,"מצדה 11, דימונה",דימונה,מצדה,11,,,none,,,,
001027-073567-03632-X,"שד הנשיא 27, דימונה",דימונה,שד הנשיא,27,,,exact,202509.21,552312.06,,
001027-073567-03633-X,"שטרן יאיר 11, דימונה",דימונה,שטרן יאיר,11,,,none,,,,
001027-073567-03634-X,"הרימון 7, דימונה",דימונה,הרימון,7,,,exact,202562.58,552536.46,,
001027-073567-03635-X,"בבא סאלי 32, דימונה",דימונה,בבא סאלי,32,,,exact,202718.97,552025.53,,
001027-073567-03636-X,"נוה מדבר 181, דימונה",דימונה,נוה מדבר,181,,,none,,,,
001027-073567-03637-X,"המלאכה 3, דימונה",דימונה,המלאכה,3,,,none,,,,
001027-073567-03638-X,"המלאכה 12, דימונה",דימונה,המלאכה,12,,,none,,,,
001027-073567-03639-X,"השבלים 367, דימונה",דימונה,השבלים,367,,,none,,,,
001027-073567-03640-X,"כליל החורש 51, דימונה",דימונה,כליל החורש,51,,,exact,203897.26,554293.76,,
001027-073567-03641-X,"ליבנה 36, דימונה",דימונה,ליבנה,36,,,exact,203875.90,554219.48,,
001027-073567-03642-X,"שבזי שלום 24, דימונה",דימונה,שבזי שלום,24,,,exact,204017.35,553451.77,,
001027-073567-03643-X,"יודפת 22, דימונה",דימונה,יודפת,22,,,exact,203319.54,551568.13,,
001027-073567-03644-X,"מרחבים 1324, דימונה",דימונה,מרחבים,1324,,,none,,,,
001027-073567-03645-X,"חצב 7, דימונה",דימונה,חצב,7,,,exact,203682.88,554067.77,,
001027-073567-03646-X,"סחלבן החורש 67, דימונה",דימונה,סחלבן החורש,67,,,exact,204153.88,554052.25,,
001027-073567-03647-X,"תל לכיש 18, דימונה",דימונה,תל לכיש,18,,,exact,203621.22,551982.27,,
001027-073567-03648-X,"נוה מדבר 104, דימונה",דימונה,נוה מדבר,104,,,none,,,,
001027-073567-03649-X,"סחלבן החורש 22, דימונה",דימונה,סחלבן החורש,22,,,exact,203811.08,554007.47,,
001027-073567-03650-X,"רזיאל דוד 14, דימונה",דימונה,רזיאל דוד,14,,,none,,,,
001027-073567-03651-X,"ערוגות 4, דימונה",דימונה,ערוגות,4,,,exact,203282.67,553607.88,,
001027-073567-03652-X,"רקפת 4, דימונה",דימונה,רקפת,4,,,none,,,,
001027-073567-03653-X,"קטלב 41, דימונה",דימונה,קטלב,41,,,exact,203715.10,554246.65,,
001027-073567-03654-X,"הברוש 24, דימונה",דימונה,הברוש,24,,,none,,,,
001027-073567-03655-X,"לילך 24, דימונה",דימונה,לילך,24,,,none,,,,
001027-073567-03656-X,"חצב 32, דימונה",דימונה,חצב,32,,,none,,,,
001027-073567-03657-X,"שד הנשיא 198, דימונה",דימונה,שד הנשיא,198,,,none,,,,
001027-073567-03658-X,"מולדה 1, דימונה",דימונה,מולדה,1,,,none,,,,
001027-073567-03659-X,"הפסגה 82, דימונה",דימונה,הפסגה,82,,,exact,204082.14,553042.32,,
001027-073567-03660-X,"רחבת הבנים 9, דימונה",דימונה,רחבת הבנים,9,,,none,,,,
001027-073567-03661-X,"השקד 6, דימונה",דימונה,השקד,6,,,none,,,,
001027-073567-03662-X,"המעלה 24, דימונה",דימונה,המעלה,24,,,exact,203971.57,553294.60,,
001027-073567-03663-X,"חגי 4, דימונה",דימונה,חגי,4,,,exact,203267.42,554124.30,,
001027-073567-03664-X,"דני 6, דימונה",דימונה,דני,6,,,none,,,,
001027-073567-03665-X,"נתיב הל""ה 4, דימונה",דימונה,"נתיב הל""ה",4,,,none,,,,
001027-073567-03666-X,"שיקמה 20, דימונה",דימונה,שיקמה,20,,,none,,,,
001027-073567-03667-X,"שטרן יאיר 1, דימונה",דימונה,שטרן יאיר,1,,,none,,,,
001027-073567-03668-X,"דרך השלום 47, דימונה",דימונה,דרך השלום,47,,,exact,203468.85,553616.25,,
001027-073567-03669-X,"בבא סאלי 67, דימונה",דימונה,בבא סאלי,67,,,none,,,,
001027-073567-03670-X,"מורן החורש 56, דימונה",דימונה,מורן החורש,56,,,exact,204120.41,554144.93,,
001027-073567-03671-X,"חגי 41, דימונה",דימונה,חגי,41,,,exact,203544.29,554034.52,,
001027-073567-03672-X,"רחבת יונתן 5, דימונה",דימונה,רחבת יונתן,5,,,none,,,,
001027-073567-03673-X,"דרך השלום 63, דימונה",דימונה,דרך השלום,63,,,exact,203529.14,553641.65,,
001027-073567-03674-X,"שיזף 92, דימונה",דימונה,שיזף,92,,,exact,203763.55,554621.05,,
001027-073567-03675-X,"מצדה 4, דימונה",דימונה,מצדה,4,,,exact,202765.85,552265.24,,
001027-073567-03676-X,"בבא סאלי 68, דימונה",דימונה,בבא סאלי,68,,,none,,,,
001027-073567-03677-X,"מבצע ברוש 18, דימונה",דימונה,מבצע ברוש,18,,,none,,,,
001027-073567-03678-X,"הר כנען 6, דימונה",דימונה,הר כנען,6,,,exact,203578.89,555063.99,,
001027-073567-03679-X,"ליבנה 4, דימונה",דימונה,ליבנה,4,,,exact,203874.23,554059.11,,
001027-073567-03680-X,"חטיבת אלכסנדרוני 4082, דימונה",דימונה,חטיבת אלכסנדרוני,4082,,,none,,,,
001027-073567-03681-X,"הרמה 29, דימונה",דימונה,הרמה,29,,,exact,203934.84,553150.91,,
001027-073567-03682-X,"הפסגה 20, דימונה",דימונה,הפסגה,20,,,exact,203830.55,553539.84,,
001027-073567-03683-X,"אזוב 7, דימונה",דימונה,אזוב,7,,,none,,,,
001027-073567-03684-X,"סיתונית 17, דימונה",דימונה,סיתונית,17,,,exact,203115.23,553936.08,,
001027-073567-03685-X,"כורזין 13, דימונה",דימונה,כורזין,13,,,exact,203739.34,551563.87,,
001027-073567-03686-X,"סחלבן החורש 78, דימונה",דימונה,סחלבן החורש,78,,,exact,204132.28,554011.86,,
001027-073567-03687-X,"קדש 65, דימונה",דימונה,קדש,65,,,none,,,,
001027-073567-03688-X,"הר ארבל 9, דימונה",דימונה,הר ארבל,9,,,exact,203643.41,554889.34,,
001027-073567-03689-X,"אדר 7, דימונה",דימונה,אדר,7,,,exact,203782.84,554112.92,,
001027-073567-03690-X,"חרוב 9, דימונה",דימונה,חרוב,9,,,exact,203785.01,554365.74,,
001027-073567-03691-X,"נוה מדבר 166, דימונה",דימונה,נוה מדבר,166,,,none,,,,
001027-073567-03692-X,"מרווה 4, דימונה",דימונה,מרווה,4,,,exact,203639.97,554146.40,,
001027-073567-03693-X,"המעפיל 28, דימונה",דימונה,המעפיל,28,,,exact,203337.64,553406.58,,
001027-073567-03694-X,"מילרוד אליעזר 8, דימונה",דימונה,מילרוד אליעזר,8,,,exact,203747.58,552641.12,,
001027-073567-03695-X,"דיין משה 6, דימונה",דימונה,דיין משה,6,,,exact,203818.84,553680.86,,
001027-073567-03696-X,"היונה 155, דימונה",דימונה,היונה,155,,,none,,,,
001027-073567-03697-X,"סחלבן החורש 24, דימונה",דימונה,סחלבן החורש,24,,,exact,203813.16,554022.00,,
001027-073567-03698-X,"הר כנען 3, דימונה",דימונה,הר כנען,3,,,exact,203535.02,555064.82,,
001027-073567-03699-X,"ליבנה 3, דימונה",דימונה,ליבנה,3,,,exact,203847.98,554058.37,,
001027-073567-03700-X,"עבדת 41, דימונה",דימונה,עבדת,41,,,exact,203922.85,552726.28,,
001027-073567-03701-X,"מבצר עכו 3, דימונה",דימונה,מבצר עכו,3,,,exact,203748.77,551690.36,,
001027-073567-03702-X,"רחבת אורון 12, דימונה",דימונה,רחבת אורון,12,,,exact,202912.29,552521.01,,
001027-073567-03703-X,"דוד אלעזר 520, דימונה",דימונה,דוד אלעזר,520,,,none,,,,
001027-073567-03704-X,"הברוש 22, דימונה",דימונה,הברוש,22,,,none,,,,
001027-073567-03705-X,"המעפיל 13, דימונה",דימונה,המעפיל,13,,,exact,203158.10,553448.46,,
001027-073567-03706-X,"שיקמה 6, דימונה",דימונה,שיקמה,6,,,exact,203621.32,554516.29,,
001027-073567-03707-X,"הנרקיס 767, דימונה",דימונה,הנרקיס,767,,,none,,,,
001027-073567-03708-X,"לובטקין צביה 4, דימונה",דימונה,לובטקין צביה,4,,,none,,,,
001027-073567-03709-X,"חרוב 30, דימונה",דימונה,חרוב,30,,,none,,,,
001027-073567-03710-X,"הר שגיא 2, דימונה",דימונה,הר שגיא,2,,,exact,203307.92,554993.66,,
001027-073567-03711-X,"היורה 777, דימונה",דימונה,היורה,777,,,none,,,,
001027-073567-03712-X,"ציפורן 25, דימונה",דימונה,ציפורן,25,,,exact,203788.84,554435.49,,
001027-073567-03713-X,"הפסגה 70, דימונה",דימונה,הפסגה,70,,,exact,204058.28,553159.50,,
001027-073567-03714-X,"יגור 23, דימונה",דימונה,יגור,23,,,none,,,,
001027-073567-03715-X,"הר כרמל 25, דימונה",דימונה,הר כרמל,25,,,exact,203479.71,554966.75,,
001027-073567-03716-X,"דרך השלום 29, דימונה",דימונה,דרך השלום,29,,,exact,203402.32,553595.73,,
001027-073567-03717-X,"שבזי שלום 6, דימונה",דימונה,שבזי שלום,6,,,exact,203928.92,553652.06,,
001027-073567-03718-X,"ציפורי 27, דימונה",דימונה,ציפורי,27,,,exact,203411.21,551583.75,,
001027-073567-03719-X,"קדש 68, דימונה",דימונה,קדש,68,,,none,,,,
001027-073567-03720-X,"שיקמה 10, דימונה",דימונה,שיקמה,10,,,exact,203647.13,554493.96,,
001027-073567-03721-X,"הרימון 315, דימונה",דימונה,הרימון,315,,,none,,,,
001027-073567-03722-X,"כובשי אילת 1659, דימונה",דימונה,כובשי אילת,1659,,,none,,,,
001027-073567-03723-X,"שיזף 1, דימונה",דימונה,שיזף,1,,,none,,,,
001027-073567-03724-X,"הר גולן 7, דימונה",דימונה,הר גולן,7,,,exact,203216.44,555004.55,,
001027-073567-03725-X,"הרדוף הנחלים 10, דימונה",דימונה,הרדוף הנחלים,10,,,exact,204114.82,554359.30,,
001027-073567-03726-X,"שטרן יאיר 2, דימונה",דימונה,שטרן יאיר,2,,,none,,,,
001027-073567-03727-X,"ניצנה 140, דימונה",דימונה,ניצנה,140,,,none,,,,
001027-073567-03728-X,"טיילת הספורט 21, דימונה",דימונה,טיילת הספורט,21,,,none,,,,
001027-073567-03729-X,"מרווה 15, דימונה",דימונה,מרווה,15,,,exact,203661.46,554190.49,,
001027-073567-03730-X,"ליבנה 38, דימונה",דימונה,ליבנה,38,,,exact,203875.32,554237.03,,
001027-073567-03731-X,"שד הנשיא 10, דימונה",דימונה,שד הנשיא,10,,,exact,202547.74,552263.68,,
001027-073567-03732-X,"הר גולן 6, דימונה",דימונה,הר גולן,6,,,exact,203216.29,555030.50,,
001027-073567-03733-X,"עבדת 19, דימונה",דימונה,עבדת,19,,,exact,203780.01,552770.71,,
001027-073567-03734-X,"הפסגה 19, דימונה",דימונה,הפסגה,19,,,none,,,,
001027-073567-03735-X,"קלעת נמרוד 15, דימונה",דימונה,קלעת נמרוד,15,,,exact,203285.35,551478.44,,
001027-073567-03736-X,"הרימון 334, דימונה",דימונה,הרימון,334,,,none,,,,
001027-073567-03737-X,"רחבת הפלמ""ח 10, דימונה",דימונה,"רחבת הפלמ""ח",10,,,none,,,,
001027-073567-03738-X,"מולדה 4, דימונה",דימונה,מולדה,4,,,none,,,,
001027-073567-03739-X,"הפסגה 73, דימונה",דימונה,הפסגה,73,,,exact,204139.10,553304.53,,
001027-073567-03740-X,"שבזי שלום 7, דימונה",דימונה,שבזי שלום,7,,,exact,203979.48,553648.66,,
001027-073567-03741-X,"רחבת האשלג 12, דימונה",דימונה,רחבת האשלג,12,,,exact,202766.57,552724.30,,
001027-073567-03742-X,"שיזף 17, דימונה",דימונה,שיזף,17,,,exact,204068.07,554311.16,,
001027-073567-03743-X,"הר חרמון 10, דימונה",דימונה,הר חרמון,10,,,exact,203818.91,555004.33,,
001027-073567-03744-X,"האשל 552, דימונה",דימונה,האשל,552,,,none,,,,
001027-073567-03745-X,"נוה מדבר 108, דימונה",דימונה,נוה מדבר,108,,,none,,,,
001027-073567-03746-X,"התירוש 11, דימונה",דימונה,התירוש,11,,,none,,,,
001027-073567-03747-X,"מבצר עכו 22, דימונה",דימונה,מבצר עכו,22,,,exact,203835.14,551621.59,,
001027-073567-03748-X,"בר כוכבא 210, דימונה",דימונה,בר כוכבא,210,,,none,,,,
001027-073567-03749-X,"ליבנה 34, דימונה",דימונה,ליבנה,34,,,exact,203876.08,554210.59,,
001027-073567-03750-X,"ישעיה 8, דימונה",דימונה,ישעיה,8,,,exact,203437.22,554291.96,,
001027-073567-03751-X,"הר כרכום 2, דימונה",דימונה,הר כרכום,2,,,exact,203547.41,554911.12,,
001027-073567-03752-X,"טבנקין יצחק 9, דימונה",דימונה,טבנקין יצחק,9,,,none,,,,
001027-073567-03753-X,"פרג 24, דימונה",דימונה,פרג,24,,,exact,203621.18,554369.21,,
001027-073567-03754-X,"רקפת 753, דימונה",דימונה,רקפת,753,,,none,,,,
001027-073567-03755-X,"רחבת האיסיים 8, דימונה",דימונה,רחבת האיסיים,8,,,none,,,,
001027-073567-03756-X,"יהודה הלוי 29, דימונה",דימונה,יהודה הלוי,29,,,exact,203907.64,553822.13,,
001027-073567-03757-X,"רחבת יונתן 1, דימונה",דימונה,רחבת יונתן,1,,,none,,,,
001027-073567-03758-X,"דרך השלום 144, דימונה",דימונה,דרך השלום,144,,,none,,,,
001027-073567-03759-X,"התאנה 234, דימונה",דימונה,התאנה,234,,,none,,,,
001027-073567-03760-X,"נוה מדבר 185, דימונה",דימונה,נוה מדבר,185,,,none,,,,
001027-073567-03761-X,"נוה מדבר 58, דימונה",דימונה,נוה מדבר,58,,,exact,202572.78,552204.33,,
001027-073567-03762-X,"הכלנית 742, דימונה",דימונה,הכלנית,742,,,none,,,,
001027-073567-03763-X,"פרג 9, דימונה",דימונה,פרג,9,,,exact,203679.21,554328.96,,
001027-073567-03764-X,"כליל החורש 8, דימונה",דימונה,כליל החורש,8,,,exact,203947.03,554073.06,,
001027-073567-03765-X,"מלכה הנרי 262, דימונה",דימונה,מלכה הנרי,262,,,none,,,,
001027-073567-03766-X,"שושן צחור 19, דימונה",דימונה,שושן צחור,19,,,exact,203192.62,553797.62,,
001027-073567-03767-X,"מרחבים 1210, דימונה",דימונה,מרחבים,1210,,,none,,,,
001027-073567-03768-X,"כליל החורש 7, דימונה",דימונה,כליל החורש,7,,,exact,203903.76,554072.60,,
001027-073567-03769-X,"משעול חירם 2, דימונה",דימונה,משעול חירם,2,,,exact,202691.93,553550.05,,
001027-073567-03770-X,"כובשי אילת 1634, דימונה",דימונה,כובשי אילת,1634,,,none,,,,
001027-073567-03771-X,"שושן צחור 1, דימונה",דימונה,שושן צחור,1,,,exact,203016.75,553800.35,,
001027-073567-03772-X,"יגור 16, דימונה",דימונה,יגור,16,,,none,,,,
001027-073567-03773-X,"נוה מדבר 126, דימונה",דימונה,נוה מדבר,126,,,none,,,,
001027-073567-03774-X,"קארו יוסף 11, דימונה",דימונה,קארו יוסף,11,,,exact,204170.93,553488.05,,
001027-073567-03775-X,"התירוש 12, דימונה",דימונה,התירוש,12,,,none,,,,
001027-073567-03776-X,"מולדה 3, דימונה",דימונה,מולדה,3,,,none,,,,
001027-073567-03777-X,"נבטים 15, דימונה",דימונה,נבטים,15,,,exact,203385.07,553531.92,,
001027-073567-03778-X,"חרוב 12, דימונה",דימונה,חרוב,12,,,exact,203791.46,554326.09,,
001027-073567-03779-X,"רחבת הבנים 11, דימונה",דימונה,רחבת הבנים,11,,,none,,,,
001027-073567-03780-X,"שבזי שלום 28, דימונה",דימונה,שבזי שלום,28,,,exact,204035.48,553430.84,,
001027-073567-03781-X,"פקיעין 14, דימונה",דימונה,פקיעין,14,,,none,,,,
001027-073567-03782-X,"ירמיה 32, דימונה",דימונה,ירמיה,32,,,exact,203442.09,554130.19,,
001027-073567-03783-X,"נורית 1, דימונה",דימונה,נורית,1,,,exact,203693.89,554267.44,,
001027-073567-03784-X,"סיתונית 11, דימונה",דימונה,סיתונית,11,,,exact,203066.38,553934.94,,
001027-073567-03785-X,"יגור 2, דימונה",דימונה,יגור,2,,,none,,,,
001027-073567-03786-X,"אקליפטוס 11, דימונה",דימונה,אקליפטוס,11,,,exact,203968.75,554093.28,,
001027-073567-03787-X,"משעול ארז 6, דימונה",דימונה,משעול ארז,6,,,exact,202666.15,553581.19,,
001027-073567-03788-X,"קציעות 6, דימונה",דימונה,קציעות,6,,,none,,,,
001027-073567-03789-X,"המעפיל 50, דימונה",דימונה,המעפיל,50,,,exact,203576.19,553406.29,,
001027-073567-03790-X,"משעול רוגל 28, דימונה",דימונה,משעול רוגל,28,,,none,,,,
001027-073567-03791-X,"פרג 10, דימונה",דימונה,פרג,10,,,exact,203682.18,554366.53,,
001027-073567-03792-X,"טופח 6, דימונה",דימונה,טופח,6,,,exact,203896.62,554405.40,,
001027-073567-03793-X,"כליל החורש 57, דימונה",דימונה,כליל החורש,57,,,none,,,,
001027-073567-03794-X,"רחבת אורון 38, דימונה",דימונה,רחבת אורון,38,,,none,,,,
001027-073567-03795-X,"חצב 58, דימונה",דימונה,חצב,58,,,none,,,,
001027-073567-03796-X,"ציפורי 43, דימונה",דימונה,ציפורי,43,,,exact,203620.27,551474.13,,
001027-073567-03797-X,"ניצנה 135, דימונה",דימונה,ניצנה,135,,,none,,,,
001027-073567-03798-X,"פקיעין 12, דימונה",דימונה,פקיעין,12,,,exact,203351.06,551831.76,,
001027-073567-03799-X,"הזמיר 143, דימונה",דימונה,הזמיר,143,,,none,,,,
001027-073567-03800-X,"אשחר 18, דימונה",דימונה,אשחר,18,,,exact,204086.31,554081.14,,
001027-073567-03801-X,"נוה מדבר 159, דימונה",דימונה,נוה מדבר,159,,,none,,,,
001027-073567-03802-X,"רחבת האיסיים 2, דימונה",דימונה,רחבת האיסיים,2,,,none,,,,
001027-073567-03803-X,"המעלה 17, דימונה",דימונה,המעלה,17,,,exact,203936.48,553391.94,,
001027-073567-03804-X,"סיתונית 7, דימונה",דימונה,סיתונית,7,,,exact,203039.80,553930.29,,
001027-073567-03805-X,"צפצפה 10, דימונה",דימונה,צפצפה,10,,,exact,203561.11,554407.36,,
001027-073567-03806-X,"רחבת הנח""ל 147, דימונה",דימונה,"רחבת הנח""ל",147,,,exact,202868.42,553882.25,,
001027-073567-03807-X,"עבדת 37, דימונה",דימונה,עבדת,37,,,exact,203893.67,552733.13,,
001027-073567-03808-X,"העליה 10, דימונה",דימונה,העליה,10,,,exact,203817.28,552782.74,,
001027-073567-03809-X,"סיתונית 21, דימונה",דימונה,סיתונית,21,,,exact,203141.71,553937.71,,
001027-073567-03810-X,"רחבת יונתן 11, דימונה",דימונה,רחבת יונתן,11,,,none,,,,
001027-073567-03811-X,"שיקמה 38, דימונה",דימונה,שיקמה,38,,,none,,,,
001027-073567-03812-X,"העליה 20, דימונה",דימונה,העליה,20,,,exact,203884.32,552764.31,,
001027-073567-03813-X,"המעלה 12, דימונה",דימונה,המעלה,12,,,exact,203878.34,553417.44,,
001027-073567-03814-X,"גמלא 42, דימונה",דימונה,גמלא,42,,,none,,,,
001027-073567-03815-X,"כורזין 8, דימונה",דימונה,כורזין,8,,,exact,203673.59,551551.22,,
001027-073567-03816-X,"פטרה 1, דימונה",דימונה,פטרה,1,,,exact,203645.33,551562.13,,
001027-073567-03817-X,"סיתונית 25, דימונה",דימונה,סיתונית,25,,,exact,203167.81,553938.95,,
001027-073567-03818-X,"מורן החורש 44, דימונה",דימונה,מורן החורש,44,,,exact,204062.59,554145.39,,
001027-073567-03819-X,"ישעיה 46, דימונה",דימונה,ישעיה,46,,,exact,203268.17,554229.63,,
001027-073567-03820-X,"הרמה 34, דימונה",דימונה,הרמה,34,,,exact,203924.13,553118.42,,
001027-073567-03821-X,"טבנקין יצחק 39, דימונה",דימונה,טבנקין יצחק,39,,,none,,,,
001027-073567-03822-X,"דוד אלעזר 76, דימונה",דימונה,דוד אלעזר,76,,,none,,,,
001027-073567-03823-X,"רחבת הנח""ל 146, דימונה",דימונה,"רחבת הנח""ל",146,,,exact,202846.70,553881.74,,
001027-073567-03824-X,"הרימון 307, דימונה",דימונה,הרימון,307,,,none,,,,
001027-073567-03825-X,"משעול התקוה 10, דימונה",דימונה,משעול התקוה,10,,,none,,,,
001027-073567-03826-X,"דרך השלום 51, דימונה",דימונה,דרך השלום,51,,,exact,203490.30,553622.47,,
001027-073567-03827-X,"הר כרכום 6, דימונה",דימונה,הר כרכום,6,,,exact,203502.29,554920.34,,
001027-073567-03828-X,"מונפור 26, דימונה",דימונה,מונפור,26,,,exact,203350.67,551518.80,,
001027-073567-03829-X,"כובשי אילת 1650, דימונה",דימונה,כובשי אילת,1650,,,none,,,,
001027-073567-03830-X,"משעול רוגל 1, דימונה",דימונה,משעול רוגל,1,,,none,,,,
001027-073567-03831-X,"ברקן 13, דימונה",דימונה,ברקן,13,,,exact,203800.27,554242.85,,
001027-073567-03832-X,"משעול שלדג 2, דימונה",דימונה,משעול שלדג,2,,,none,,,,
001027-073567-03833-X,"צפצפה 7, דימונה",דימונה,צפצפה,7,,,exact,203566.91,554440.65,,
001027-073567-03834-X,"פרג 2, דימונה",דימונה,פרג,2,,,exact,203718.47,554369.78,,
001027-073567-03835-X,"צבעוני 11, דימונה",דימונה,צבעוני,11,,,exact,203545.08,554372.71,,
001027-073567-03836-X,"בית שערים 9, דימונה",דימונה,בית שערים,9,,,exact,203203.58,551811.85,,
001027-073567-03837-X,"הרימון 34, דימונה",דימונה,הרימון,34,,,exact,202409.17,552519.98,,
001027-073567-03838-X,"בית שערים 30, דימונה",דימונה,בית שערים,30,,,exact,203313.94,551699.63,,
001027-073567-03839-X,"הכלנית 761, דימונה",דימונה,הכלנית,761,,,none,,,,
001027-073567-03840-X,"הרמה 53, דימונה",דימונה,הרמה,53,,,exact,204007.96,552966.00,,
001027-073567-03841-X,"המעפיל 43, דימונה",דימונה,המעפיל,43,,,none,,,,
001027-073567-03842-X,"קיסריה 15, דימונה",דימונה,קיסריה,15,,,exact,203596.05,551822.92,,
001027-073567-03843-X,"נבטים 11, דימונה",דימונה,נבטים,11,,,exact,203369.95,553522.73,,
001027-073567-03844-X,"דוד אלעזר 74, דימונה",דימונה,דוד אלעזר,74,,,none,,,,
001027-073567-03845-X,"בית שערים 4, דימונה",דימונה,בית שערים,4,,,exact,203161.07,551853.89,,
001027-073567-03846-X,"בבא סאלי 127, דימונה",דימונה,בבא סאלי,127,,,exact,203431.85,552375.85,,
001027-073567-03847-X,"פטרה 3, דימונה",דימונה,פטרה,3,,,exact,203633.88,551547.39,,
001027-073567-03848-X,"השלוה 1160, דימונה",דימונה,השלוה,1160,,,none,,,,
001027-073567-03849-X,"ציפורי 12, דימונה",דימונה,ציפורי,12,,,exact,203365.57,551633.46,,
001027-073567-03850-X,"הכלנית 741, דימונה",דימונה,הכלנית,741,,,none,,,,
001027-073567-03851-X,"הרדוף הנחלים 19, דימונה",דימונה,הרדוף הנחלים,19,,,exact,204117.05,554416.30,,
001027-073567-03852-X,"שד בן גוריון 89, דימונה",דימונה,שד בן גוריון,89,,,exact,203226.74,553651.00,,
001027-073567-03853-X,"עבדת 43, דימונה",דימונה,עבדת,43,,,exact,203926.34,552723.44,,
001027-073567-03854-X,"כובשי אילת 1643, דימונה",דימונה,כובשי אילת,1643,,,none,,,,
001027-073567-03855-X,"הפסגה 68, דימונה",דימונה,הפסגה,68,,,exact,204057.18,553177.38,,
001027-073567-03856-X,"כליל החורש 29, דימונה",דימונה,כליל החורש,29,,,exact,203902.96,554194.49,,
001027-073567-03857-X,"שד הנשיא 61, דימונה",דימונה,שד הנשיא,61,,,exact,202946.56,552514.94,,
001027-073567-03858-X,"ההגנה 30, דימונה",דימונה,ההגנה,30,,,exact,202810.43,553620.93,,
001027-073567-03859-X,"פטרה 9, דימונה",דימונה,פטרה,9,,,none,,,,
001027-073567-03860-X,"רחבת הנח""ל 7, דימונה",דימונה,"רחבת הנח""ל",7,,,none,,,,
001027-073567-03861-X,"הרימון 312, דימונה",דימונה,הרימון,312,,,none,,,,
001027-073567-03862-X,"שיקמה 13, דימונה",דימונה,שיקמה,13,,,exact,203751.52,554497.91,,
001027-073567-03863-X,"המעלה 8, דימונה",דימונה,המעלה,8,,,exact,203849.41,553437.54,,
001027-073567-03864-X,"התאנה 364, דימונה",דימונה,התאנה,364,,,none,,,,
001027-073567-03865-X,"כליל החורש 50, דימונה",דימונה,כליל החורש,50,,,exact,203941.26,554296.56,,
001027-073567-03866-X,"המעפיל 26, דימונה",דימונה,המעפיל,26,,,exact,203321.04,553409.50,,
001027-073567-03867-X,"שד הנשיא 189, דימונה",דימונה,שד הנשיא,189,,,none,,,,
001027-073567-03868-X,"שיזף 136, דימונה",דימונה,שיזף,136,,,exact,203565.77,554573.50,,
001027-073567-03869-X,"רחבת הנח""ל 3, דימונה",דימונה,"רחבת הנח""ל",3,,,none,,,,
001027-073567-03870-X,"אדר 13, דימונה",דימונה,אדר,13,,,exact,203805.84,554115.22,,
001027-073567-03871-X,"הר חרמון 4, דימונה",דימונה,הר חרמון,4,,,exact,203751.17,554988.97,,
001027-073567-03872-X,"הרכס 3, דימונה",דימונה,הרכס,3,,,exact,204030.48,552970.09,,
001027-073567-03873-X,"עין גדי 1, דימונה",דימונה,עין גדי,1,,,exact,203154.72,551884.62,,
001027-073567-03874-X,"חגי 8, דימונה",דימונה,חגי,8,,,exact,203276.57,554103.51,,
001027-073567-03875-X,"בית שערים 34, דימונה",דימונה,בית שערים,34,,,exact,203345.57,551684.80,,
001027-073567-03876-X,"קארו יוסף 9, דימונה",דימונה,קארו יוסף,9,,,exact,204160.66,553506.66,,
001027-073567-03877-X,"פקיעין 7, דימונה",דימונה,פקיעין,7,,,exact,203305.55,551870.05,,
001027-073567-03878-X,"הר חרמון 2, דימונה",דימונה,הר חרמון,2,,,none,,,,
001027-073567-03879-X,"בבא סאלי 105, דימונה",דימונה,בבא סאלי,105,,,none,,,,
001027-073567-03880-X,"הר מירון 4, דימונה",דימונה,הר מירון,4,,,exact,203620.91,555033.77,,
001027-073567-03881-X,"טבנקין יצחק 29, דימונה",דימונה,טבנקין יצחק,29,,,none,,,,
001027-073567-03882-X,"אמנון ותמר 4, דימונה",דימונה,אמנון ותמר,4,,,exact,203012.64,553825.90,,
001027-073567-03883-X,"כובשי אילת 1655, דימונה",דימונה,כובשי אילת,1655,,,none,,,,
001027-073567-03884-X,"נורית 18, דימונה",דימונה,נורית,18,,,exact,203635.13,554296.07,,
001027-073567-03885-X,"כובשי אילת 1, דימונה",דימונה,כובשי אילת,1,,,none,,,,
001027-073567-03886-X,"ישעיה 5, דימונה",דימונה,ישעיה,5,,,exact,203430.55,554269.58,,
001027-073567-03887-X,"דרך השלום 61, דימונה",דימונה,דרך השלום,61,,,exact,203521.61,553642.58,,
001027-073567-03888-X,"עמוס 5, דימונה",דימונה,עמוס,5,,,none,,,,
001027-073567-03889-X,"שיזף 4, דימונה",דימונה,שיזף,4,,,exact,204149.92,554141.24,,
001027-073567-03890-X,"קדש 50, דימונה",דימונה,קדש,50,,,none,,,,
001027-073567-03891-X,"שיקמה 18, דימונה",דימונה,שיקמה,18,,,exact,203698.68,554458.79,,
001027-073567-03892-X,"ציפורן 43, דימונה",דימונה,ציפורן,43,,,none,,,,
001027-073567-03893-X,"חצב 34, דימונה",דימונה,חצב,34,,,none,,,,
001027-073567-03894-X,"חרוב 25, דימונה",דימונה,חרוב,25,,,exact,203862.51,554368.55,,
001027-073567-03895-X,"כורזין 32, דימונה",דימונה,כורזין,32,,,exact,203789.83,551506.10,,
001027-073567-03896-X,"צפצפה 14, דימונה",דימונה,צפצפה,14,,,none,,,,
001027-073567-03897-X,"שיזף 118, דימונה",דימונה,שיזף,118,,,exact,203665.54,554611.90,,
001027-073567-03898-X,"כובשי אילת 1642, דימונה",דימונה,כובשי אילת,1642,,,none,,,,
001027-073567-03899-X,"אקליפטוס 45, דימונה",דימונה,אקליפטוס,45,,,exact,203973.07,554271.43,,
001027-073567-03900-X,"דוד אלעזר 73, דימונה",דימונה,דוד אלעזר,73,,,none,,,,
001027-073567-03901-X,"דרך השלום 49, דימונה",דימונה,דרך השלום,49,,,exact,203487.32,553627.07,,
001027-073567-03902-X,"כובשי אילת 1658, דימונה",דימונה,כובשי אילת,1658,,,none,,,,
001027-073567-03903-X,"הפסגה 71, דימונה",דימונה,הפסגה,71,,,exact,204151.70,553317.58,,
001027-073567-03904-X,"רחבת אורון 30, דימונה",דימונה,רחבת אורון,30,,,none,,,,
001027-073567-03905-X,"יהודה הלוי 19, דימונה",דימונה,יהודה הלוי,19,,,exact,203878.18,553795.11,,
001027-073567-03906-X,"שיזף 66, דימונה",דימונה,שיזף,66,,,exact,203867.14,554558.36,,
001027-073567-03907-X,"לילך 10, דימונה",דימונה,לילך,10,,,exact,203220.03,553829.93,,
001027-073567-03908-X,"משעול רוגל 17, דימונה",דימונה,משעול רוגל,17,,,exact,202690.82,553650.32,,
001027-073567-03909-X,"כובשי אילת 1617, דימונה",דימונה,כובשי אילת,1617,,,none,,,,
001027-073567-03910-X,"כליל החורש 26, דימונה",דימונה,כליל החורש,26,,,exact,203941.83,554180.09,,
001027-073567-03911-X,"ירושלים 24, דימונה",דימונה,ירושלים,24,,,exact,203756.50,551793.05,,
001027-073567-03912-X,"ההגנה 20, דימונה",דימונה,ההגנה,20,,,none,,,,
001027-073567-03913-X,"רקפת 24, דימונה",דימונה,רקפת,24,,,none,,,,
001027-073567-03914-X,"ציפורי 21, דימונה",דימונה,ציפורי,21,,,exact,203401.07,551609.63,,
001027-073567-03915-X,"מבצע יואב 9, דימונה",דימונה,מבצע יואב,9,,,exact,202765.31,553597.43,,
001027-073567-03916-X,"הרימון 346, דימונה",דימונה,הרימון,346,,,none,,,,
001027-073567-03917-X,"נוה מדבר 124, דימונה",דימונה,נוה מדבר,124,,,none,,,,
001027-073567-03918-X,"שד בן גוריון 83, דימונה",דימונה,שד בן גוריון,83,,,exact,203225.59,553602.37,,
001027-073567-03919-X,"קיסריה 11, דימונה",דימונה,קיסריה,11,,,exact,203561.19,551827.80,,
001027-073567-03920-X,"מבצר עכו 23, דימונה",דימונה,מבצר עכו,23,,,exact,203844.38,551654.75,,
001027-073567-03921-X,"פטרה 15, דימונה",דימונה,פטרה,15,,,exact,203616.03,551522.02,,
001027-073567-03922-X,"מונפור 10, דימונה",דימונה,מונפור,10,,,exact,203264.24,551512.60,,
001027-073567-03923-X,"סחלבן החורש 50, דימונה",דימונה,סחלבן החורש,50,,,exact,203976.18,554001.24,,
001027-073567-03924-X,"משעול רוגל 26, דימונה",דימונה,משעול רוגל,26,,,none,,,,
001027-073567-03925-X,"גמלא 44, דימונה",דימונה,גמלא,44,,,none,,,,
001027-073567-03926-X,"הנרקיס 749, דימונה",דימונה,הנרקיס,749,,,none,,,,
001027-073567-03927-X,"חרצית 17, דימונה",דימונה,חרצית,17,,,exact,204002.97,554470.52,,
001027-073567-03928-X,"סחלבן החורש 12, דימונה",דימונה,סחלבן החורש,12,,,exact,203752.74,554022.31,,
001027-073567-03929-X,"הפסגה 115, דימונה",דימונה,הפסגה,115,,,exact,204110.42,552997.73,,
001027-073567-03930-X,"ברקן 12, דימונה",דימונה,ברקן,12,,,exact,203790.54,554203.58,,
001027-073567-03931-X,"הגפן 18, דימונה",דימונה,הגפן,18,,,exact,202497.59,552709.48,,
001027-073567-03932-X,"ההגנה 26, דימונה",דימונה,ההגנה,26,,,none,,,,
001027-073567-03933-X,"דרך השלום 31, דימונה",דימונה,דרך השלום,31,,,none,,,,
001027-073567-03934-X,"הר כרמל 4, דימונה",דימונה,הר כרמל,4,,,exact,203679.58,554926.30,,
001027-073567-03935-X,"שד הנשיא 29, דימונה",דימונה,שד הנשיא,29,,,exact,202522.37,552319.32,,
001027-073567-03936-X,"רחבת יונתן 14, דימונה",דימונה,רחבת יונתן,14,,,none,,,,
001027-073567-03937-X,"חרצית 4, דימונה",דימונה,חרצית,4,,,exact,204006.51,554427.37,,
001027-073567-03938-X,"דרך השלום 138, דימונה",דימונה,דרך השלום,138,,,none,,,,
001027-073567-03939-X,"ישעיה 22, דימונה",דימונה,ישעיה,22,,,exact,203359.77,554341.59,,
001027-073567-03940-X,"בבא סאלי 26, דימונה",דימונה,בבא סאלי,26,,,exact,202684.18,552024.78,,
001027-073567-03941-X,"נוה מדבר 183, דימונה",דימונה,נוה מדבר,183,,,none,,,,
001027-073567-03942-X,"חרוב 14, דימונה",דימונה,חרוב,14,,,exact,203801.03,554328.13,,
001027-073567-03943-X,"כובשי אילת 1640, דימונה",דימונה,כובשי אילת,1640,,,none,,,,
001027-073567-03944-X,"חגי 44, דימונה",דימונה,חגי,44,,,exact,203436.82,554013.98,,
001027-073567-03945-X,"נוה מדבר 134, דימונה",דימונה,נוה מדבר,134,,,none,,,,
001027-073567-03946-X,"לובטקין צביה 1, דימונה",דימונה,לובטקין צביה,1,,,none,,,,
001027-073567-03947-X,"דרך השלום 9, דימונה",דימונה,דרך השלום,9,,,exact,203324.72,553554.51,,
001027-073567-03948-X,"הברוש 14, דימונה",דימונה,הברוש,14,,,none,,,,
001027-073567-03949-X,"שושן צחור 12, דימונה",דימונה,שושן צחור,12,,,exact,203076.14,553771.04,,
001027-073567-03950-X,"מבצע ברוש 14, דימונה",דימונה,מבצע ברוש,14,,,none,,,,
001027-073567-03951-X,"הר שגיא 13, דימונה",דימונה,הר שגיא,13,,,exact,203211.28,554948.87,,
001027-073567-03952-X,"כליל החורש 38, דימונה",דימונה,כליל החורש,38,,,exact,203939.01,554239.82,,
001027-073567-03953-X,"ליבנה 50, דימונה",דימונה,ליבנה,50,,,exact,203874.41,554290.11,,
001027-073567-03954-X,"המעלה 23, דימונה",דימונה,המעלה,23,,,exact,203970.70,553351.96,,
001027-073567-03955-X,"כליל החורש 41, דימונה",דימונה,כליל החורש,41,,,exact,203902.56,554251.78,,
001027-073567-03956-X,"משעול רוגל 8, דימונה",דימונה,משעול רוגל,8,,,none,,,,
001027-073567-03957-X,"שיזף 7, דימונה",דימונה,שיזף,7,,,none,,,,
001027-073567-03958-X,"הכלנית 756, דימונה",דימונה,הכלנית,756,,,none,,,,
001027-073567-03959-X,"ברקן 3, דימונה",דימונה,ברקן,3,,,exact,203755.79,554239.45,,
001027-073567-03960-X,"שיקמה 5, דימונה",דימונה,שיקמה,5,,,exact,203683.76,554562.31,,
001027-073567-03961-X,"שבזי שלום 42, דימונה",דימונה,שבזי שלום,42,,,exact,204130.81,553401.10,,
001027-073567-03962-X,"המעפיל 53, דימונה",דימונה,המעפיל,53,,,exact,203429.92,553453.12,,
001027-073567-03963-X,"ירמיה 40, דימונה",דימונה,ירמיה,40,,,none,,,,
001027-073567-03964-X,"כובשי אילת 1644, דימונה",דימונה,כובשי אילת,1644,,,none,,,,
001027-073567-03965-X,"חגי 7, דימונה",דימונה,חגי,7,,,exact,203304.19,554105.95,,
001027-073567-03966-X,"המסגר 5, דימונה",דימונה,המסגר,5,,,none,,,,
001027-073567-03967-X,"תל לכיש 24, דימונה",דימונה,תל לכיש,24,,,exact,203660.75,551916.54,,
001027-073567-03968-X,"דרך השלום 1112, דימונה",דימונה,דרך השלום,1112,,,none,,,,
001027-073567-03969-X,"חצב 16, דימונה",דימונה,חצב,16,,,exact,203620.34,554053.25,,
001027-073567-03970-X,"הר שגיא 6, דימונה",דימונה,הר שגיא,6,,,exact,203263.13,554979.94,,
001027-073567-03971-X,"מבצר עכו 4, דימונה",דימונה,מבצר עכו,4,,,exact,203750.79,551656.26,,
001027-073567-03972-X,"נורית 11, דימונה",דימונה,נורית,11,,,exact,203653.36,554261.37,,
001027-073567-03973-X,"אדר 15, דימונה",דימונה,אדר,15,,,exact,203820.14,554112.12,,
001027-073567-03974-X,"הרמה 11, דימונה",דימונה,הרמה,11,,,exact,203829.93,553252.49,,
001027-073567-03975-X,"שיבטה 11, דימונה",דימונה,שיבטה,11,,,exact,203689.23,551674.51,,
001027-073567-03976-X,"רחבת אורון 36, דימונה",דימונה,רחבת אורון,36,,,none,,,,
001027-073567-03977-X,"סחלבן החורש 51, דימונה",דימונה,סחלבן החורש,51,,,exact,204082.70,554051.99,,
001027-073567-03978-X,"ציפורן 11, דימונה",דימונה,ציפורן,11,,,exact,203631.01,554458.86,,
001027-073567-03979-X,"עלית הנוער 10, דימונה",דימונה,עלית הנוער,10,,,none,,,,
001027-073567-03980-X,"ירמיה 34, דימונה",דימונה,ירמיה,34,,,exact,203446.50,554119.70,,
001027-073567-03981-X,"ציפורי 47, דימונה",דימונה,ציפורי,47,,,exact,203640.33,551476.67,,
001027-073567-03982-X,"העמל 4, דימונה",דימונה,העמל,4,,,none,,,,
001027-073567-03983-X,"השבלים 353, דימונה",דימונה,השבלים,353,,,none,,,,
001027-073567-03984-X,"מולדה 9, דימונה",דימונה,מולדה,9,,,none,,,,
001027-073567-03985-X,"העליה 22, דימונה",דימונה,העליה,22,,,exact,203890.07,552760.41,,
001027-073567-03986-X,"הכלנית 737, דימונה",דימונה,הכלנית,737,,,none,,,,
001027-073567-03987-X,"שד בן גוריון 29, דימונה",דימונה,שד בן גוריון,29,,,exact,203229.59,553222.43,,
001027-073567-03988-X,"שיזף 76, דימונה",דימונה,שיזף,76,,,exact,203828.11,554592.24,,
001027-073567-03989-X,"הגפן 48, דימונה",דימונה,הגפן,48,,,none,,,,
001027-073567-03990-X,"המעפיל 61, דימונה",דימונה,המעפיל,61,,,exact,203783.24,553439.08,,
001027-073567-03991-X,"הברוש 6, דימונה",דימונה,הברוש,6,,,none,,,,
001027-073567-03992-X,"עבדת 47, דימונה",דימונה,עבדת,47,,,exact,203950.83,552712.59,,
001027-073567-03993-X,"המעפיל 41, דימונה",דימונה,המעפיל,41,,,none,,,,
001027-073567-03994-X,"מרחבים 1320, דימונה",דימונה,מרחבים,1320,,,none,,,,
001027-073567-03995-X,"ציפורן 37, דימונה",דימונה,ציפורן,37,,,none,,,,
001027-073567-03996-X,"דרך השלום 25, דימונה",דימונה,דרך השלום,25,,,exact,203371.33,553591.13,,
001027-073567-03997-X,"משעול התקוה 6, דימונה",דימונה,משעול התקוה,6,,,none,,,,
001027-073567-03998-X,"מורן החורש 46, דימונה",דימונה,מורן החורש,46,,,exact,204083.47,554145.56,,
001027-073567-03999-X,"טיילת הספורט 8, דימונה",דימונה,טיילת הספורט,8,,,exact,203123.32,553078.57,,
001027-073567-04000-X,"ברקן 9, דימונה",דימונה,ברקן,9,,,exact,203785.81,554238.14,,
001027-073567-04001-X,"האשל 554, דימונה",דימונה,האשל,554,,,none,,,,
001027-073567-04002-X,"שבזי שלום 1, דימונה",דימונה,שבזי שלום,1,,,exact,203955.39,553684.92,,
001027-073567-04003-X,"רחבת הנח""ל 151, דימונה",דימונה,"רחבת הנח""ל",151,,,none,,,,
001027-073567-04004-X,"מולדה 42, דימונה",דימונה,מולדה,42,,,none,,,,
001027-073567-04005-X,"דרך השלום 45, דימונה",דימונה,דרך השלום,45,,,none,,,,
001027-073567-04006-X,"תל אפק 36, דימונה",דימונה,תל אפק,36,,,exact,203189.91,551560.53,,
001027-073567-04007-X,"קיסריה 8, דימונה",דימונה,קיסריה,8,,,exact,203486.85,551778.60,,
001027-073567-04008-X,"שיקמה 8, דימונה",דימונה,שיקמה,8,,,exact,203635.13,554505.82,,
001027-073567-04009-X,"רזיאל דוד 1, דימונה",דימונה,רזיאל דוד,1,,,exact,202500.36,552720.38,,
001027-073567-04010-X,"קטלב 17, דימונה",דימונה,קטלב,17,,,exact,203715.74,554121.85,,
001027-073567-04011-X,"תל לכיש 28, דימונה",דימונה,תל לכיש,28,,,exact,203704.56,551902.73,,
001027-073567-04012-X,"מבצע ברוש 10, דימונה",דימונה,מבצע ברוש,10,,,none,,,,
001027-073567-04013-X,"השבלים 333, דימונה",דימונה,השבלים,333,,,none,,,,
001027-073567-04014-X,"המעלה 31, דימונה",דימונה,המעלה,31,,,exact,204016.08,553286.18,,
001027-073567-04015-X,"מורן החורש 21, דימונה",דימונה,מורן החורש,21,,,exact,203898.06,554174.00,,
001027-073567-04016-X,"ציפורן 45, דימונה",דימונה,ציפורן,45,,,none,,,,
001027-073567-04017-X,"הפסגה 105, דימונה",דימונה,הפסגה,105,,,exact,204110.60,553075.69,,
001027-073567-04018-X,"הגפן 14, דימונה",דימונה,הגפן,14,,,exact,202503.23,552679.09,,
001027-073567-04019-X,"תל פורן 9, דימונה",דימונה,תל פורן,9,,,exact,203524.67,551759.61,,
001027-073567-04020-X,"הפסגה 77, דימונה",דימונה,הפסגה,77,,,exact,204093.75,553302.53,,
001027-073567-04021-X,"אשחר 14, דימונה",דימונה,אשחר,14,,,exact,204061.80,554083.87,,
001027-073567-04022-X,"נוה מדבר 172, דימונה",דימונה,נוה מדבר,172,,,none,,,,
001027-073567-04023-X,"נוה מדבר 157, דימונה",דימונה,נוה מדבר,157,,,none,,,,
001027-073567-04024-X,"כובשי אילת 1653, דימונה",דימונה,כובשי אילת,1653,,,none,,,,
001027-073567-04025-X,"הגפן 37, דימונה",דימונה,הגפן,37,,,exact,202379.34,552619.02,,
001027-073567-04026-X,"היונה 148, דימונה",דימונה,היונה,148,,,none,,,,
001027-073567-04027-X,"שיקמה 30, דימונה",דימונה,שיקמה,30,,,exact,203804.45,554500.66,,
001027-073567-04028-X,"רחבת יונתן 8, דימונה",דימונה,רחבת יונתן,8,,,none,,,,
001027-073567-04029-X,"ישעיה 6, דימונה",דימונה,ישעיה,6,,,exact,203447.12,554283.61,,
001027-073567-04030-X,"בשמת 24, דימונה",דימונה,בשמת,24,,,exact,204103.07,554204.34,,
001027-073567-04031-X,"כליל החורש 34, דימונה",דימונה,כליל החורש,34,,,exact,203945.60,554217.48,,
001027-073567-04032-X,"דרך השלום 73, דימונה",דימונה,דרך השלום,73,,,exact,203572.48,553673.05,,
001027-073567-04033-X,"התפוצות 150, דימונה",דימונה,התפוצות,150,,,none,,,,
001027-073567-04034-X,"חצב 54, דימונה",דימונה,חצב,54,,,none,,,,
001027-073567-04035-X,"בת חן 8, דימונה",דימונה,בת חן,8,,,exact,203069.52,553836.68,,
001027-073567-04036-X,"בבא סאלי 88, דימונה",דימונה,בבא סאלי,88,,,exact,203168.14,552197.87,,
001027-073567-04037-X,"שד בן גוריון 75, דימונה",דימונה,שד בן גוריון,75,,,none,,,,
001027-073567-04038-X,"רחבת הלח""י 5, דימונה",דימונה,"רחבת הלח""י",5,,,none,,,,
001027-073567-04039-X,"בית שערים 1, דימונה",דימונה,בית שערים,1,,,exact,203189.84,551877.95,,
001027-073567-04040-X,"סחלבן החורש 91, דימונה",דימונה,סחלבן החורש,91,,,none,,,,
001027-073567-04041-X,"השיא 20, דימונה",דימונה,השיא,20,,,none,,,,
001027-073567-04042-X,"אקליפטוס 31, דימונה",דימונה,אקליפטוס,31,,,exact,203973.54,554197.70,,
001027-073567-04043-X,"מבצע יואב 5, דימונה",דימונה,מבצע יואב,5,,,exact,202785.97,553600.84,,
001027-073567-04044-X,"משעול רוגל 7, דימונה",דימונה,משעול רוגל,7,,,exact,202762.05,553653.83,,
001027-073567-04045-X,"השיריון 144, דימונה",דימונה,השיריון,144,,,none,,,,
001027-073567-04046-X,"דרך השלום 65, דימונה",דימונה,דרך השלום,65,,,exact,203533.71,553650.19,,
001027-073567-04047-X,"חרוב 28, דימונה",דימונה,חרוב,28,,,none,,,,
001027-073567-04048-X,"ישעיה 23, דימונה",דימונה,ישעיה,23,,,exact,203309.49,554276.01,,
001027-073567-04049-X,"צפצפה 8, דימונה",דימונה,צפצפה,8,,,exact,203549.45,554419.17,,
001027-073567-04050-X,"עין גדי 7, דימונה",דימונה,עין גדי,7,,,exact,203139.15,551934.49,,
001027-073567-04051-X,"הר חרמון 8, דימונה",דימונה,הר חרמון,8,,,exact,203796.68,555003.48,,
001027-073567-04052-X,"עזרא ונחמיה 21, דימונה",דימונה,עזרא ונחמיה,21,,,none,,,,
001027-073567-04053-X,"כליל החורש 52, דימונה",דימונה,כליל החורש,52,,,exact,203945.14,554306.63,,
001027-073567-04054-X,"מונפור 4, דימונה",דימונה,מונפור,4,,,exact,203230.50,551510.70,,
001027-073567-04055-X,"השבלים 337, דימונה",דימונה,השבלים,337,,,none,,,,
001027-073567-04056-X,"עין גדי 5, דימונה",דימונה,עין גדי,5,,,exact,203147.87,551916.54,,
001027-073567-04057-X,"חגי 46, דימונה",דימונה,חגי,46,,,exact,203450.90,554010.10,,
001027-073567-04058-X,"בבא סאלי 14, דימונה",דימונה,בבא סאלי,14,,,exact,202619.28,552016.40,,
001027-073567-04059-X,"גמלא 36, דימונה",דימונה,גמלא,36,,,none,,,,
001027-073567-04060-X,"מרווה 7, דימונה",דימונה,מרווה,7,,,exact,203632.51,554172.04,,
001027-073567-04061-X,"משעול שלדג 5, דימונה",דימונה,משעול שלדג,5,,,none,,,,
001027-073567-04062-X,"קרני חיטין 6, דימונה",דימונה,קרני חיטין,6,,,exact,203869.32,551501.78,,
001027-073567-04063-X,"רחבת הנח""ל 14, דימונה",דימונה,"רחבת הנח""ל",14,,,none,,,,
001027-073567-04064-X,"ההגנה 18, דימונה",דימונה,ההגנה,18,,,none,,,,
001027-073567-04065-X,"הרצל 114, דימונה",דימונה,הרצל,114,,,none,,,,
001027-073567-04066-X,"הרימון 318, דימונה",דימונה,הרימון,318,,,none,,,,
001027-073567-04067-X,"משעול חירם 4, דימונה",דימונה,משעול חירם,4,,,exact,202689.32,553557.41,,
001027-073567-04068-X,"קדש 69, דימונה",דימונה,קדש,69,,,none,,,,
001027-073567-04069-X,"דרך השלום 77, דימונה",דימונה,דרך השלום,77,,,exact,203584.75,553680.08,,
001027-073567-04070-X,"טיילת הספורט 32, דימונה",דימונה,טיילת הספורט,32,,,exact,203132.39,553484.17,,
001027-073567-04071-X,"שד בן גוריון 73, דימונה",דימונה,שד בן גוריון,73,,,none,,,,
001027-073567-04072-X,"טופח 24, דימונה",דימונה,טופח,24,,,exact,203972.41,554481.52,,
001027-073567-04073-X,"סביון 5, דימונה",דימונה,סביון,5,,,none,,,,
001027-073567-04074-X,"חטיבת אלכסנדרוני 2, דימונה",דימונה,חטיבת אלכסנדרוני,2,,,none,,,,
001027-073567-04075-X,"מרווה 5, דימונה",דימונה,מרווה,5,,,exact,203615.07,554174.09,,
001027-073567-04076-X,"ערוגות 5, דימונה",דימונה,ערוגות,5,,,exact,203278.16,553626.52,,
001027-073567-04077-X,"העמל 7, דימונה",דימונה,העמל,7,,,none,,,,
001027-073567-04078-X,"שד בן גוריון 1065, דימונה",דימונה,שד בן גוריון,1065,,,none,,,,
001027-073567-04079-X,"חגי 1, דימונה",דימונה,חגי,1,,,exact,203292.35,554138.36,,
001027-073567-04080-X,"ליבנה 7, דימונה",דימונה,ליבנה,7,,,exact,203839.93,554077.61,,
001027-073567-04081-X,"טבנקין יצחק 21, דימונה",דימונה,טבנקין יצחק,21,,,none,,,,
001027-073567-04082-X,"בבא סאלי 112, דימונה",דימונה,בבא סאלי,112,,,exact,203389.78,552274.68,,
001027-073567-04083-X,"שיקמה 2, דימונה",דימונה,שיקמה,2,,,exact,203597.86,554540.61,,
001027-073567-04084-X,"נוה מדבר 178, דימונה",דימונה,נוה מדבר,178,,,none,,,,
001027-073567-04085-X,"ניצנה 142, דימונה",דימונה,ניצנה,142,,,none,,,,
001027-073567-04086-X,"המעפיל 52, דימונה",דימונה,המעפיל,52,,,none,,,,
001027-073567-04087-X,"נורית 22, דימונה",דימונה,נורית,22,,,exact,203616.71,554285.29,,
001027-073567-04088-X,"שושן צחור 24, דימונה",דימונה,שושן צחור,24,,,exact,203173.90,553772.54,,
001027-073567-04089-X,"התירוש 13, דימונה",דימונה,התירוש,13,,,none,,,,
001027-073567-04090-X,"לובטקין צביה 12, דימונה",דימונה,לובטקין צביה,12,,,none,,,,
001027-073567-04091-X,"הר שניר 19, דימונה",דימונה,הר שניר,19,,,none,,,,
001027-073567-04092-X,"התאנה 258, דימונה",דימונה,התאנה,258,,,none,,,,
001027-073567-04093-X,"הר ארבל 41, דימונה",דימונה,הר ארבל,41,,,exact,203512.74,555013.23,,
001027-073567-04094-X,"הרדוף הנחלים 4, דימונה",דימונה,הרדוף הנחלים,4,,,exact,204093.98,554338.15,,
001027-073567-04095-X,"יגור 39, דימונה",דימונה,יגור,39,,,none,,,,
001027-073567-04096-X,"הגיא 16, דימונה",דימונה,הגיא,16,,,exact,203865.38,553282.51,,
001027-073567-04097-X,"האורן 545, דימונה",דימונה,האורן,545,,,none,,,,
001027-073567-04098-X,"חרוב 46, דימונה",דימונה,חרוב,46,,,exact,204077.03,554407.22,,
001027-073567-04099-X,"רחבת הפלמ""ח 12, דימונה",דימונה,"רחבת הפלמ""ח",12,,,none,,,,
001027-073567-04100-X,"המעלה 14, דימונה",דימונה,המעלה,14,,,exact,203888.38,553402.94,,
001027-073567-04101-X,"בבא סאלי 6, דימונה",דימונה,בבא סאלי,6,,,none,,,,
001027-073567-04102-X,"חגי 11, דימונה",דימונה,חגי,11,,,exact,203300.89,554031.61,,
001027-073567-04103-X,"הברוש 20, דימונה",דימונה,הברוש,20,,,none,,,,
001027-073567-04104-X,"הרימון 302, דימונה",דימונה,הרימון,302,,,none,,,,
001027-073567-04105-X,"סיגלון 7, דימונה",דימונה,סיגלון,7,,,none,,,,
001027-073567-04106-X,"מולדה 15, דימונה",דימונה,מולדה,15,,,none,,,,
001027-073567-04107-X,"סחלבן החורש 11, דימונה",דימונה,סחלבן החורש,11,,,exact,203788.60,554056.49,,
001027-073567-04108-X,"יואל 9, דימונה",דימונה,יואל,9,,,none,,,,
001027-073567-04109-X,"קרני חיטין 14, דימונה",דימונה,קרני חיטין,14,,,exact,203884.04,551542.85,,
001027-073567-04110-X,"הרדוף הנחלים 1, דימונה",דימונה,הרדוף הנחלים,1,,,exact,204061.41,554361.41,,
001027-073567-04111-X,"קטלב 25, דימונה",דימונה,קטלב,25,,,exact,203718.43,554174.95,,
001027-073567-04112-X,"קטלב 18, דימונה",דימונה,קטלב,18,,,none,,,,
001027-073567-04113-X,"מונפור 7, דימונה",דימונה,מונפור,7,,,none,,,,
001027-073567-04114-X,"בבא סאלי 106, דימונה",דימונה,בבא סאלי,106,,,exact,203342.86,552251.85,,
001027-073567-04115-X,"הר ארבל 17, דימונה",דימונה,הר ארבל,17,,,exact,203729.08,554863.52,,
001027-073567-04116-X,"ורדימון יצחק 2, דימונה",דימונה,ורדימון יצחק,2,,,exact,202458.40,553434.98,,
001027-073567-04117-X,"הרב אלנקוה 1, דימונה",דימונה,הרב אלנקוה,1,,,none,,,,
001027-073567-04118-X,"כורזין 12, דימונה",דימונה,כורזין,12,,,exact,203693.09,551545.52,,
001027-073567-04119-X,"משעול הרעות 13, דימונה",דימונה,משעול הרעות,13,,,none,,,,
001027-073567-04120-X,"שיבטה 2, דימונה",דימונה,שיבטה,2,,,exact,203667.04,551594.82,,
001027-073567-04121-X,"ישעיה 36, דימונה",דימונה,ישעיה,36,,,exact,203291.46,554297.21,,
001027-073567-04122-X,"אשחר 7, דימונה",דימונה,אשחר,7,,,exact,204024.53,554116.94,,
001027-073567-04123-X,"יגור 8, דימונה",דימונה,יגור,8,,,none,,,,
001027-073567-04124-X,"השבלים 327, דימונה",דימונה,השבלים,327,,,none,,,,
001027-073567-04125-X,"הרימון 294, דימונה",דימונה,הרימון,294,,,none,,,,
001027-073567-04126-X,"חצב 43, דימונה",דימונה,חצב,43,,,exact,203589.96,554048.03,,
001027-073567-04127-X,"שד בן גוריון 1, דימונה",דימונה,שד בן גוריון,1,,,exact,203221.45,552994.72,,
001027-073567-04128-X,"דרך השלום 26, דימונה",דימונה,דרך השלום,26,,,exact,203396.59,553560.65,,
001027-073567-04129-X,"רחבת יונתן 3, דימונה",דימונה,רחבת יונתן,3,,,none,,,,
001027-073567-04130-X,"שד גולדה מאיר 149, דימונה",דימונה,שד גולדה מאיר,149,,,exact,202919.22,553876.87,,
001027-073567-04131-X,"סביון 1, דימונה",דימונה,סביון,1,,,none,,,,
001027-073567-04132-X,"קדש 25, דימונה",דימונה,קדש,25,,,exact,202713.18,551918.63,,
001027-073567-04133-X,"האורן 548, דימונה",דימונה,האורן,548,,,none,,,,
001027-073567-04134-X,"פקיעין 13, דימונה",דימונה,פקיעין,13,,,exact,203359.25,551857.51,,
001027-073567-04135-X,"מבצר עכו 20, דימונה",דימונה,מבצר עכו,20,,,exact,203828.88,551625.78,,
001027-073567-04136-X,"ערוגות 15, דימונה",דימונה,ערוגות,15,,,exact,203319.79,553653.19,,
001027-073567-04137-X,"שיזף 162, דימונה",דימונה,שיזף,162,,,exact,203372.25,554462.93,,
001027-073567-04138-X,"שיזף 53, דימונה",דימונה,שיזף,53,,,exact,203781.55,554566.79,,
001027-073567-04139-X,"נתיב הל""ה 8, דימונה",דימונה,"נתיב הל""ה",8,,,none,,,,
001027-073567-04140-X,"ציפורי 13, דימונה",דימונה,ציפורי,13,,,exact,203402.20,551658.79,,
001027-073567-04141-X,"התפוצות 149, דימונה",דימונה,התפוצות,149,,,none,,,,
001027-073567-04142-X,"מורן החורש 14, דימונה",דימונה,מורן החורש,14,,,exact,203801.91,554138.37,,
001027-073567-04143-X,"שד הנשיא 25, דימונה",דימונה,שד הנשיא,25,,,exact,202496.24,552311.91,,
001027-073567-04144-X,"? 37, דימונה",דימונה,?,37,,,exact,203337.86,552906.86,,
001027-073567-04145-X,"התירוש 9, דימונה",דימונה,התירוש,9,,,none,,,,
001027-073567-04146-X,"יודפת 19, דימונה",דימונה,יודפת,19,,,exact,203353.30,551565.61,,
001027-073567-04147-X,"הרימון 320, דימונה",דימונה,הרימון,320,,,none,,,,
001027-073567-04148-X,"כורזין 31, דימונה",דימונה,כורזין,31,,,none,,,,
001027-073567-04149-X,"שיזף 34, דימונה",דימונה,שיזף,34,,,none,,,,
001027-073567-04150-X,"הר כרמל 6, דימונה",דימונה,הר כרמל,6,,,exact,203661.88,554935.95,,
001027-073567-04151-X,"משעול התקוה 9, דימונה",דימונה,משעול התקוה,9,,,none,,,,
001027-073567-04152-X,"כובשי אילת 1624, דימונה",דימונה,כובשי אילת,1624,,,none,,,,
001027-073567-04153-X,"הרימון 303, דימונה",דימונה,הרימון,303,,,none,,,,
001027-073567-04154-X,"בת חן 9, דימונה",דימונה,בת חן,9,,,exact,203079.41,553862.50,,
001027-073567-04155-X,"בבא סאלי 114, דימונה",דימונה,בבא סאלי,114,,,exact,203407.87,552280.67,,
001027-073567-04156-X,"הגפן 27, דימונה",דימונה,הגפן,27,,,exact,202447.42,552644.93,,
001027-073567-04157-X,"משעול שלדג 8, דימונה",דימונה,משעול שלדג,8,,,none,,,,
001027-073567-04158-X,"הרימון 344, דימונה",דימונה,הרימון,344,,,none,,,,
001027-073567-04159-X,"היורה 775, דימונה",דימונה,היורה,775,,,none,,,,
001027-073567-04160-X,"חגי 35, דימונה",דימונה,חגי,35,,,exact,203497.86,554031.08,,
001027-073567-04161-X,"דולב 5, דימונה",דימונה,דולב,5,,,exact,204110.69,554314.53,,
001027-073567-04162-X,"דרך השלום 4, דימונה",דימונה,דרך השלום,4,,,exact,203327.74,553524.91,,
001027-073567-04163-X,"משעול הרעות 5, דימונה",דימונה,משעול הרעות,5,,,none,,,,
001027-073567-04164-X,"בבא סאלי 87, דימונה",דימונה,בבא סאלי,87,,,exact,203176.99,552236.77,,
001027-073567-04165-X,"מונפור 32, דימונה",דימונה,מונפור,32,,,exact,203374.23,551533.02,,
001027-073567-04166-X,"אזוב 8, דימונה",דימונה,אזוב,8,,,exact,204195.79,554063.56,,
001027-073567-04167-X,"דולב 25, דימונה",דימונה,דולב,25,,,none,,,,
001027-073567-04168-X,"הצבר 25, דימונה",דימונה,הצבר,25,,,none,,,,
001027-073567-04169-X,"חטיבת גבעתי 12, דימונה",דימונה,חטיבת גבעתי,12,,,none,,,,
001027-073567-04170-X,"הר חרמון 1, דימונה",דימונה,הר חרמון,1,,,exact,203701.43,554980.59,,
001027-073567-04171-X,"הגפן 9, דימונה",דימונה,הגפן,9,,,exact,202590.36,552670.36,,
001027-073567-04172-X,"דרך השלום 52, דימונה",דימונה,דרך השלום,52,,,exact,203548.48,553626.19,,
001027-073567-04173-X,"כובשי אילת 1629, דימונה",דימונה,כובשי אילת,1629,,,none,,,,
001027-073567-04174-X,"הרמה 17, דימונה",דימונה,הרמה,17,,,exact,203865.66,553220.13,,
001027-073567-04175-X,"דרך השלום 115, דימונה",דימונה,דרך השלום,115,,,none,,,,
001027-073567-04176-X,"עבדת 39, דימונה",דימונה,עבדת,39,,,exact,203901.81,552730.66,,
001027-073567-04177-X,"צפצפה 4, דימונה",דימונה,צפצפה,4,,,exact,203523.45,554444.17,,
001027-073567-04178-X,"הרימון 322, דימונה",דימונה,הרימון,322,,,none,,,,
001027-073567-04179-X,"ירושלים 28, דימונה",דימונה,ירושלים,28,,,exact,203777.33,551785.34,,
001027-073567-04180-X,"השבלים 355, דימונה",דימונה,השבלים,355,,,none,,,,
001027-073567-04181-X,"חצב 62, דימונה",דימונה,חצב,62,,,none,,,,
001027-073567-04182-X,"קיסריה 2, דימונה",דימונה,קיסריה,2,,,exact,203445.99,551746.64,,
001027-073567-04183-X,"נוה מדבר 169, דימונה",דימונה,נוה מדבר,169,,,none,,,,
001027-073567-04184-X,"קטלב 7, דימונה",דימונה,קטלב,7,,,exact,203717.82,554064.25,,
001027-073567-04185-X,"ציפורן 46, דימונה",דימונה,ציפורן,46,,,exact,203874.73,554480.70,,
001027-073567-04186-X,"גמלא 50, דימונה",דימונה,גמלא,50,,,exact,203647.92,551661.34,,
001027-073567-04187-X,"הרמה 21, דימונה",דימונה,הרמה,21,,,exact,203883.98,553198.85,,
001027-073567-04188-X,"שבזי שלום 26, דימונה",דימונה,שבזי שלום,26,,,exact,204024.16,553440.64,,
001027-073567-04189-X,"שאול המלך 35, דימונה",דימונה,שאול המלך,35,,,none,,,,
001027-073567-04190-X,"ירמיה 24, דימונה",דימונה,ירמיה,24,,,exact,203420.11,554183.94,,
001027-073567-04191-X,"מצדה 158, דימונה",דימונה,מצדה,158,,,none,,,,
001027-073567-04192-X,"אמנון ותמר 6, דימונה",דימונה,אמנון ותמר,6,,,exact,203010.05,553877.67,,
001027-073567-04193-X,"עבדת 25, דימונה",דימונה,עבדת,25,,,exact,203823.93,552752.52,,
001027-073567-04194-X,"התאנה 336, דימונה",דימונה,התאנה,336,,,none,,,,
001027-073567-04195-X,"הגפן 6, דימונה",דימונה,הגפן,6,,,exact,202557.38,552685.74,,
001027-073567-04196-X,"סחלבן החורש 52, דימונה",דימונה,סחלבן החורש,52,,,exact,204008.26,554001.07,,
001027-073567-04197-X,"מונפור 30, דימונה",דימונה,מונפור,30,,,exact,203373.01,551529.30,,
001027-073567-04198-X,"המעפיל 58, דימונה",דימונה,המעפיל,58,,,exact,203717.15,553413.97,,
001027-073567-04199-X,"הגפן 50, דימונה",דימונה,הגפן,50,,,none,,,,
001027-073567-04200-X,"נבטים 9, דימונה",דימונה,נבטים,9,,,exact,203367.14,553515.26,,
001027-073567-04201-X,"רחבת רש""י 308, דימונה",דימונה,"רחבת רש""י",308,,,none,,,,
001027-073567-04202-X,"מבצע יואב 11, דימונה",דימונה,מבצע יואב,11,,,exact,202756.16,553597.74,,
001027-073567-04203-X,"הכלנית 726, דימונה",דימונה,הכלנית,726,,,none,,,,
001027-073567-04204-X,"משעול שלדג 15, דימונה",דימונה,משעול שלדג,15,,,none,,,,
001027-073567-04205-X,"מולדה 12, דימונה",דימונה,מולדה,12,,,none,,,,
001027-073567-04206-X,"קדש 48, דימונה",דימונה,קדש,48,,,none,,,,
001027-073567-04207-X,"הגפן 32, דימונה",דימונה,הגפן,32,,,exact,202440.55,552670.84,,
001027-073567-04208-X,"הפסגה 93, דימונה",דימונה,הפסגה,93,,,exact,204089.03,553179.12,,
001027-073567-04209-X,"ציפורי 35, דימונה",דימונה,ציפורי,35,,,exact,203434.75,551548.51,,
001027-073567-04210-X,"שיזף 79, דימונה",דימונה,שיזף,79,,,exact,203489.25,554441.91,,
001027-073567-04211-X,"קלעת נמרוד 21, דימונה",דימונה,קלעת נמרוד,21,,,exact,203323.69,551485.29,,
001027-073567-04212-X,"שד בן גוריון 69, דימונה",דימונה,שד בן גוריון,69,,,exact,203229.29,553468.93,,
001027-073567-04213-X,"שטרן יאיר 3, דימונה",דימונה,שטרן יאיר,3,,,none,,,,
001027-073567-04214-X,"חטיבת הנגב 1, דימונה",דימונה,חטיבת הנגב,1,,,none,,,,
001027-073567-04215-X,"קארו יוסף 1, דימונה",דימונה,קארו יוסף,1,,,exact,204158.48,553588.65,,
001027-073567-04216-X,"שיקמה 32, דימונה",דימונה,שיקמה,32,,,exact,203818.82,554512.71,,
001027-073567-04217-X,"פקיעין 23, דימונה",דימונה,פקיעין,23,,,exact,203435.03,551826.35,,
001027-073567-04218-X,"מרווה 1, דימונה",דימונה,מרווה,1,,,exact,203595.17,554172.78,,
001027-073567-04219-X,"משעול התקוה 2, דימונה",דימונה,משעול התקוה,2,,,none,,,,
001027-073567-04220-X,"דולב 29, דימונה",דימונה,דולב,29,,,none,,,,
001027-073567-04221-X,"חרוב 54, דימונה",דימונה,חרוב,54,,,exact,204102.21,554431.95,,
001027-073567-04222-X,"נוה מדבר 117, דימונה",דימונה,נוה מדבר,117,,,none,,,,
001027-073567-04223-X,"הברוש 23, דימונה",דימונה,הברוש,23,,,none,,,,
001027-073567-04224-X,"סיתונית 12, דימונה",דימונה,סיתונית,12,,,exact,203111.57,553907.77,,
001027-073567-04225-X,"סחלבן החורש 59, דימונה",דימונה,סחלבן החורש,59,,,exact,204118.75,554052.26,,
001027-073567-04226-X,"טיילת הספורט 28, דימונה",דימונה,טיילת הספורט,28,,,exact,203121.89,553405.29,,
001027-073567-04227-X,"ציפורי 10, דימונה",דימונה,ציפורי,10,,,exact,203371.77,551647.61,,
001027-073567-04228-X,"מורן החורש 33, דימונה",דימונה,מורן החורש,33,,,exact,204023.18,554179.89,,
001027-073567-04229-X,"המעפיל 98, דימונה",דימונה,המעפיל,98,,,exact,204005.14,553132.28,,
001027-073567-04230-X,"פרג 14, דימונה",דימונה,פרג,14,,,exact,203668.70,554366.91,,
001027-073567-04231-X,"אקליפטוס 43, דימונה",דימונה,אקליפטוס,43,,,exact,203969.20,554256.01,,
001027-073567-04232-X,"פרג 22, דימונה",דימונה,פרג,22,,,exact,203638.07,554366.68,,
001027-073567-04233-X,"סיגלון 24, דימונה",דימונה,סיגלון,24,,,exact,204016.02,554536.21,,
001027-073567-04234-X,"רחבת הפלמ""ח 11, דימונה",דימונה,"רחבת הפלמ""ח",11,,,exact,202718.26,553561.60,,
001027-073567-04235-X,"נתיב הצפורים 133, דימונה",דימונה,נתיב הצפורים,133,,,none,,,,
001027-073567-04236-X,"העליה 26, דימונה",דימונה,העליה,26,,,exact,203912.98,552752.83,,
001027-073567-04237-X,"משעול ארז 8, דימונה",דימונה,משעול ארז,8,,,exact,202676.39,553580.70,,
001027-073567-04238-X,"אלה 6, דימונה",דימונה,אלה,6,,,exact,203590.37,554200.19,,
001027-073567-04239-X,"חטיבת הראל 4080, דימונה",דימונה,חטיבת הראל,4080,,,none,,,,
001027-073567-04240-X,"סחלבן החורש 7, דימונה",דימונה,סחלבן החורש,7,,,exact,203770.27,554054.63,,
001027-073567-04241-X,"לובטקין צביה 11, דימונה",דימונה,לובטקין צביה,11,,,none,,,,
001027-073567-04242-X,"ציפורן 33, דימונה",דימונה,ציפורן,33,,,exact,203839.86,554484.59,,
001027-073567-04243-X,"כובשי אילת 1637, דימונה",דימונה,כובשי אילת,1637,,,none,,,,
001027-073567-04244-X,"יגור 31, דימונה",דימונה,יגור,31,,,none,,,,
001027-073567-04245-X,"המעפיל 45, דימונה",דימונה,המעפיל,45,,,none,,,,
001027-073567-04246-X,"קארו יוסף 15, דימונה",דימונה,קארו יוסף,15,,,exact,204163.46,553454.90,,
001027-073567-04247-X,"הרכס 13, דימונה",דימונה,הרכס,13,,,exact,204017.62,553060.18,,
001027-073567-04248-X,"עבדת 9, דימונה",דימונה,עבדת,9,,,exact,203766.80,552716.73,,
001027-073567-04249-X,"טבנקין יצחק 3, דימונה",דימונה,טבנקין יצחק,3,,,none,,,,
001027-073567-04250-X,"שיזף 64, דימונה",דימונה,שיזף,64,,,exact,203868.26,554550.27,,
001027-073567-04251-X,"הר חרמון 17, דימונה",דימונה,הר חרמון,17,,,exact,203861.20,555023.32,,
001027-073567-04252-X,"שיקמה 21, דימונה",דימונה,שיקמה,21,,,exact,203791.02,554549.72,,
001027-073567-04253-X,"השקד 13, דימונה",דימונה,השקד,13,,,none,,,,
001027-073567-04254-X,"הברוש 19, דימונה",דימונה,הברוש,19,,,exact,202848.27,552719.96,,
001027-073567-04255-X,"מרחבים 1329, דימונה",דימונה,מרחבים,1329,,,none,,,,
001027-073567-04256-X,"התירוש 10, דימונה",דימונה,התירוש,10,,,none,,,,
001027-073567-04257-X,"נוה מדבר 131, דימונה",דימונה,נוה מדבר,131,,,none,,,,
001027-073567-04258-X,"אדר 3, דימונה",דימונה,אדר,3,,,exact,203766.26,554111.05,,
001027-073567-04259-X,"שיבטה 9, דימונה",דימונה,שיבטה,9,,,exact,203681.31,551658.72,,
001027-073567-04260-X,"השבלים 6, דימונה",דימונה,השבלים,6,,,exact,202842.00,552481.74,,
001027-073567-04261-X,"נורית 10, דימונה",דימונה,נורית,10,,,exact,203678.57,554292.02,,
001027-073567-04262-X,"הר חרמון 14, דימונה",דימונה,הר חרמון,14,,,exact,203862.39,555005.16,,
001027-073567-04263-X,"הצאלה 15, דימונה",דימונה,הצאלה,15,,,exact,202871.04,552768.85,,
001027-073567-04264-X,"שד בן גוריון 27, דימונה",דימונה,שד בן גוריון,27,,,exact,203230.57,553203.03,,
001027-073567-04265-X,"הגפן 26, דימונה",דימונה,הגפן,26,,,exact,202477.18,552677.27,,
001027-073567-04266-X,"ירמיה 28, דימונה",דימונה,ירמיה,28,,,exact,203436.72,554159.71,,
001027-073567-04267-X,"חגי 23, דימונה",דימונה,חגי,23,,,exact,203393.38,554031.15,,
001027-073567-04268-X,"עין גדי 3, דימונה",דימונה,עין גדי,3,,,exact,203152.86,551900.12,,
001027-073567-04269-X,"מורן החורש 34, דימונה",דימונה,מורן החורש,34,,,exact,204021.31,554144.75,,
001027-073567-04270-X,"הר תבור 1, דימונה",דימונה,הר תבור,1,,,exact,203639.43,555007.11,,
001027-073567-04271-X,"מילרוד אליעזר 14, דימונה",דימונה,מילרוד אליעזר,14,,,exact,203788.61,552632.37,,
001027-073567-04272-X,"מילרוד אליעזר 1619, דימונה",דימונה,מילרוד אליעזר,1619,,,none,,,,
001027-073567-04273-X,"הכלנית 739, דימונה",דימונה,הכלנית,739,,,none,,,,
001027-073567-04274-X,"גמלא 13, דימונה",דימונה,גמלא,13,,,exact,203308.45,551797.74,,
001027-073567-04275-X,"לילך 14, דימונה",דימונה,לילך,14,,,exact,203217.57,553857.75,,
001027-073567-04276-X,"הרמה 30, דימונה",דימונה,הרמה,30,,,exact,203903.39,553139.71,,
001027-073567-04277-X,"מורן החורש 15, דימונה",דימונה,מורן החורש,15,,,exact,203811.37,554179.66,,
001027-073567-04278-X,"ערוגות 12, דימונה",דימונה,ערוגות,12,,,exact,203318.04,553629.31,,
001027-073567-04279-X,"הצאלה 3, דימונה",דימונה,הצאלה,3,,,exact,202972.92,552734.02,,
001027-073567-04280-X,"דני 8, דימונה",דימונה,דני,8,,,none,,,,
001027-073567-04281-X,"התאנה 220, דימונה",דימונה,התאנה,220,,,none,,,,
001027-073567-04282-X,"שד הנשיא 190, דימונה",דימונה,שד הנשיא,190,,,none,,,,
001027-073567-04283-X,"מבצע חורב 1, דימונה",דימונה,מבצע חורב,1,,,none,,,,
001027-073567-04284-X,"כורזין 6, דימונה",דימונה,כורזין,6,,,exact,203668.54,551555.84,,
001027-073567-04285-X,"יגור 12, דימונה",דימונה,יגור,12,,,none,,,,
001027-073567-04286-X,"חטיבת גבעתי 10, דימונה",דימונה,חטיבת גבעתי,10,,,none,,,,
001027-073567-04287-X,"רחבת הבנים 6, דימונה",דימונה,רחבת הבנים,6,,,none,,,,
001027-073567-04288-X,"בר כוכבא 213, דימונה",דימונה,בר כוכבא,213,,,none,,,,
001027-073567-04289-X,"העליה 34, דימונה",דימונה,העליה,34,,,exact,203961.70,552738.23,,
001027-073567-04290-X,"יגור 10, דימונה",דימונה,יגור,10,,,none,,,,
001027-073567-04291-X,"עמוס 6, דימונה",דימונה,עמוס,6,,,none,,,,
001027-073567-04292-X,"הרב אלנקוה 3, דימונה",דימונה,הרב אלנקוה,3,,,none,,,,
001027-073567-04293-X,"רחבת אורון 20, דימונה",דימונה,רחבת אורון,20,,,none,,,,
001027-073567-04294-X,"התאנה 248, דימונה",דימונה,התאנה,248,,,none,,,,
001027-073567-04295-X,"יגור 25, דימונה",דימונה,יגור,25,,,none,,,,
001027-073567-04296-X,"מבצר עכו 21, דימונה",דימונה,מבצר עכו,21,,,exact,203836.67,551651.73,,
001027-073567-04297-X,"כורזין 25, דימונה",דימונה,כורזין,25,,,exact,203799.67,551544.70,,
001027-073567-04298-X,"פטרה 19, דימונה",דימונה,פטרה,19,,,exact,203608.21,551503.14,,
001027-073567-04299-X,"חגי 58, דימונה",דימונה,חגי,58,,,exact,203541.49,554000.64,,
001027-073567-04300-X,"המעפיל 44, דימונה",דימונה,המעפיל,44,,,exact,203517.88,553407.21,,
001027-073567-04301-X,"אשחר 9, דימונה",דימונה,אשחר,9,,,exact,204036.32,554110.92,,
001027-073567-04302-X,"חרוב 49, דימונה",דימונה,חרוב,49,,,exact,204057.28,554446.06,,
001027-073567-04303-X,"המעפיל 88, דימונה",דימונה,המעפיל,88,,,exact,203948.70,553187.15,,
001027-073567-04304-X,"ישעיה 17, דימונה",דימונה,ישעיה,17,,,exact,203340.63,554316.90,,
001027-073567-04305-X,"רחבת האשלג 10, דימונה",דימונה,רחבת האשלג,10,,,exact,202764.11,552709.74,,
