id,address,city,street,house_number,entrance,zip,match_type,itm_x,itm_y,utm_x,utm_y
001027-073567-00000-X,"מלכה הנרי, דימונה",דימונה,מלכה הנרי,,,8601100,street,202486.60,552388.56,693367.99,3438300.12
001027-073567-00002-X,"מלכה הנרי 2, דימונה",דימונה,מלכה הנרי,2,,8601101,exact,202574.80,552324.11,693457.47,3438237.43
001027-073567-00262-X,"מלכה הנרי 262, דימונה",דימונה,מלכה הנרי,262,,8601199,street,202486.60,552388.56,693367.99,3438300.12
001027-073567-00265-X,"מלכה הנרי 265, דימונה",דימונה,מלכה הנרי,265,,8601102,exact,202572.64,552349.53,693454.79,3438262.81
001027-073567-00265-א,"מלכה הנרי 265א, דימונה",דימונה,מלכה הנרי,265,א,8601103,exact,202572.64,552349.53,693454.79,3438262.81
001027-073567-00265-ב,"מלכה הנרי 265ב, דימונה",דימונה,מלכה הנרי,265,ב,8601104,exact,202572.64,552349.53,693454.79,3438262.81
001027-073567-00266-X,"מלכה הנרי 266, דימונה",דימונה,מלכה הנרי,266,,8601106,exact,202565.81,552374.22,693447.48,3438287.35
001027-073567-00266-א,"מלכה הנרי 266א, דימונה",דימונה,מלכה הנרי,266,א,8601107,exact,202565.81,552374.22,693447.48,3438287.35
001027-073567-00266-ב,"מלכה הנרי 266ב, דימונה",דימונה,מלכה הנרי,266,ב,8601108,exact,202565.81,552374.22,693447.48,3438287.35
001027-073567-00266-ג,"מלכה הנרי 266ג, דימונה",דימונה,מלכה הנרי,266,ג,8601109,exact,202565.81,552374.22,693447.48,3438287.35
001027-073567-00267-X,"מלכה הנרי 267, דימונה",דימונה,מלכה הנרי,267,,8601110,exact,202564.00,552400.49,693445.14,3438313.59
001027-073567-00267-ב,"מלכה הנרי 267ב, דימונה",דימונה,מלכה הנרי,267,ב,8601112,exact,202564.00,552400.49,693445.14,3438313.59
001027-073567-00268-X,"מלכה הנרי 268, דימונה",דימונה,מלכה הנרי,268,,8601114,street,202486.60,552388.56,693367.99,3438300.12
001027-073567-00268-א,"מלכה הנרי 268א, דימונה",דימונה,מלכה הנרי,268,א,8601115,street,202486.60,552388.56,693367.99,3438300.12
001027-073567-00268-ב,"מלכה הנרי 268ב, דימונה",דימונה,מלכה הנרי,268,ב,8601116,street,202486.60,552388.56,693367.99,3438300.12
001027-073567-00268-ג,"מלכה הנרי 268ג, דימונה",דימונה,מלכה הנרי,268,ג,8601117,street,202486.60,552388.56,693367.99,3438300.12
001027-073567-00268-ה,"מלכה הנרי 268ה, דימונה",דימונה,מלכה הנרי,268,ה,8601119,street,202486.60,552388.56,693367.99,3438300.12
001027-073567-00269-X,"מלכה הנרי 269, דימונה",דימונה,מלכה הנרי,269,,8601123,street,202486.60,552388.56,693367.99,3438300.12
001027-073567-00269-א,"מלכה הנרי 269א, דימונה",דימונה,מלכה הנרי,269,א,8601124,street,202486.60,552388.56,693367.99,3438300.12
001027-073567-00269-ב,"מלכה הנרי 269ב, דימונה",דימונה,מלכה הנרי,269,ב,8601125,street,202486.60,552388.56,693367.99,3438300.12
001027-073567-00269-ד,"מלכה הנרי 269ד, דימונה",דימונה,מלכה הנרי,269,ד,8601127,street,202486.60,552388.56,693367.99,3438300.12
001027-073822-00121-X,"? 121, דימונה",דימונה,?,121,,8601128,none,,,,
001027-073822-00121-א,"? 121א, דימונה",דימונה,?,121,א,8601129,none,,,,
001027-073822-00121-ב,"? 121ב, דימונה",דימונה,?,121,ב,8601130,none,,,,
001027-073822-00121-ג,"? 121ג, דימונה",דימונה,?,121,ג,8601131,none,,,,
001027-073822-00122-ב,"? 122ב, דימונה",דימונה,?,122,ב,8601135,none,,,,
001027-073822-00123-X,"? 123, דימונה",דימונה,?,123,,8601137,none,,,,
001027-073822-00123-א,"? 123א, דימונה",דימונה,?,123,א,8601138,none,,,,
001027-073822-00123-ב,"? 123ב, דימונה",דימונה,?,123,ב,8601139,none,,,,
001027-073822-00124-X,"? 124, דימונה",דימונה,?,124,,8601141,none,,,,
001027-073822-00124-א,"? 124א, דימונה",דימונה,?,124,א,8601142,none,,,,
001027-073822-00124-ב,"? 124ב, דימונה",דימונה,?,124,ב,8601143,none,,,,
001027-073822-00124-ג,"? 124ג, דימונה",דימונה,?,124,ג,8601144,none,,,,
001027-073822-00125-X,"? 125, דימונה",דימונה,?,125,,8601145,none,,,,
001027-073822-00125-א,"? 125א, דימונה",דימונה,?,125,א,8601146,none,,,,
001027-073822-00125-ג,"? 125ג, דימונה",דימונה,?,125,ג,8601148,none,,,,
001027-073822-00258-X,"? 258, דימונה",דימונה,?,258,,8612302,none,,,,
001027-073822-00261-X,"? 261, דימונה",דימונה,?,261,,8601149,none,,,,
001027-073822-00262-X,"? 262, דימונה",דימונה,?,262,,8612305,none,,,,
001027-073822-00265-X,"? 265, דימונה",דימונה,?,265,,8612308,none,,,,
001027-074211-00002-X,"התאנה 2, דימונה",דימונה,התאנה,2,,8602701,exact,202359.80,552540.39,693238.20,3438449.41
001027-074211-00220-X,"התאנה 220, דימונה",דימונה,התאנה,220,,8602704,street,202509.70,552600.96,693386.87,3438512.95
001027-074211-00222-X,"התאנה 222, דימונה",דימונה,התאנה,222,,8602705,street,202509.70,552600.96,693386.87,3438512.95
001027-074211-00224-X,"התאנה 224, דימונה",דימונה,התאנה,224,,8602706,street,202509.70,552600.96,693386.87,3438512.95
001027-074211-00230-X,"התאנה 230, דימונה",דימונה,התאנה,230,,8602709,street,202509.70,552600.96,693386.87,3438512.95
001027-074211-00232-X,"התאנה 232, דימונה",דימונה,התאנה,232,,8602710,street,202509.70,552600.96,693386.87,3438512.95
001027-074211-00234-X,"התאנה 234, דימונה",דימונה,התאנה,234,,8602711,street,202509.70,552600.96,693386.87,3438512.95
001027-074211-00236-X,"התאנה 236, דימונה",דימונה,התאנה,236,,8602712,street,202509.70,552600.96,693386.87,3438512.95
001027-074211-00238-X,"התאנה 238, דימונה",דימונה,התאנה,238,,8602713,street,202509.70,552600.96,693386.87,3438512.95
001027-074211-00240-X,"התאנה 240, דימונה",דימונה,התאנה,240,,8602714,street,202509.70,552600.96,693386.87,3438512.95
001027-074211-00242-X,"התאנה 242, דימונה",דימונה,התאנה,242,,8602715,street,202509.70,552600.96,693386.87,3438512.95
001027-074211-00244-X,"התאנה 244, דימונה",דימונה,התאנה,244,,8602716,street,202509.70,552600.96,693386.87,3438512.95
001027-074211-00246-X,"התאנה 246, דימונה",דימונה,התאנה,246,,8602717,street,202509.70,552600.96,693386.87,3438512.95
001027-074211-00248-X,"התאנה 248, דימונה",דימונה,התאנה,248,,8602718,street,202509.70,552600.96,693386.87,3438512.95
001027-074211-00250-X,"התאנה 250, דימונה",דימונה,התאנה,250,,8602719,street,202509.70,552600.96,693386.87,3438512.95
001027-074211-00254-X,"התאנה 254, דימונה",דימונה,התאנה,254,,8602721,street,202509.70,552600.96,693386.87,3438512.95
001027-074211-00256-X,"התאנה 256, דימונה",דימונה,התאנה,256,,8602722,street,202509.70,552600.96,693386.87,3438512.95
001027-074211-00258-X,"התאנה 258, דימונה",דימונה,התאנה,258,,8602723,street,202509.70,552600.96,693386.87,3438512.95
001027-074211-00260-X,"התאנה 260, דימונה",דימונה,התאנה,260,,8602724,street,202509.70,552600.96,693386.87,3438512.95
001027-074211-00334-X,"התאנה 334, דימונה",דימונה,התאנה,334,,8602725,street,202509.70,552600.96,693386.87,3438512.95
001027-074211-00336-X,"התאנה 336, דימונה",דימונה,התאנה,336,,8602726,street,202509.70,552600.96,693386.87,3438512.95
001027-074211-00338-X,"התאנה 338, דימונה",דימונה,התאנה,338,,8602727,street,202509.70,552600.96,693386.87,3438512.95
001027-074211-00340-X,"התאנה 340, דימונה",דימונה,התאנה,340,,8602728,street,202509.70,552600.96,693386.87,3438512.95
001027-074211-00342-X,"התאנה 342, דימונה",דימונה,התאנה,342,,8602729,street,202509.70,552600.96,693386.87,3438512.95
001027-074211-00344-X,"התאנה 344, דימונה",דימונה,התאנה,344,,8602730,street,202509.70,552600.96,693386.87,3438512.95
001027-074211-00346-X,"התאנה 346, דימונה",דימונה,התאנה,346,,8602731,street,202509.70,552600.96,693386.87,3438512.95
001027-074211-00348-X,"התאנה 348, דימונה",דימונה,התאנה,348,,8602732,street,202509.70,552600.96,693386.87,3438512.95
001027-074211-00350-X,"התאנה 350, דימונה",דימונה,התאנה,350,,8602733,street,202509.70,552600.96,693386.87,3438512.95
001027-074211-00352-X,"התאנה 352, דימונה",דימונה,התאנה,352,,8602734,street,202509.70,552600.96,693386.87,3438512.95
001027-074211-00354-X,"התאנה 354, דימונה",דימונה,התאנה,354,,8602735,street,202509.70,552600.96,693386.87,3438512.95
001027-074211-00356-X,"התאנה 356, דימונה",דימונה,התאנה,356,,8602736,street,202509.70,552600.96,693386.87,3438512.95
001027-074211-00358-X,"התאנה 358, דימונה",דימונה,התאנה,358,,8602737,street,202509.70,552600.96,693386.87,3438512.95
001027-074211-00362-X,"התאנה 362, דימונה",דימונה,התאנה,362,,8602739,street,202509.70,552600.96,693386.87,3438512.95
001027-074211-00364-X,"התאנה 364, דימונה",דימונה,התאנה,364,,8602740,street,202509.70,552600.96,693386.87,3438512.95
001027-074211-00366-X,"התאנה 366, דימונה",דימונה,התאנה,366,,8602741,street,202509.70,552600.96,693386.87,3438512.95
001027-074211-00368-X,"התאנה 368, דימונה",דימונה,התאנה,368,,8602742,street,202509.70,552600.96,693386.87,3438512.95
001027-074211-00374-X,"התאנה 374, דימונה",דימונה,התאנה,374,,8602745,street,202509.70,552600.96,693386.87,3438512.95
001027-074211-00380-X,"התאנה 380, דימונה",דימונה,התאנה,380,,8602748,street,202509.70,552600.96,693386.87,3438512.95
001027-074211-00382-X,"התאנה 382, דימונה",דימונה,התאנה,382,,8602749,street,202509.70,552600.96,693386.87,3438512.95
001027-074430-00001-X,"הגפן 1, דימונה",דימונה,הגפן,1,,8610565,exact,202669.83,552683.95,693545.33,3438599.11
001027-074430-00002-X,"הגפן 2, דימונה",דימונה,הגפן,2,,8610566,street,202374.59,552635.90,693251.09,3438545.20
001027-074430-00004-X,"הגפן 4, דימונה",דימונה,הגפן,4,,8610568,exact,202569.61,552707.25,693444.67,3438620.41
001027-074430-00005-X,"הגפן 5, דימונה",דימונה,הגפן,5,,8610569,exact,202638.73,552681.53,693514.29,3438596.07
001027-074430-00006-X,"הגפן 6, דימונה",דימונה,הגפן,6,,8610570,exact,202557.38,552685.74,693432.86,3438598.66
001027-074430-00007-X,"הגפן 7, דימונה",דימונה,הגפן,7,,8610571,exact,202599.12,552675.90,693474.79,3438589.65
001027-074430-00008-X,"הגפן 8, דימונה",דימונה,הגפן,8,,8610572,exact,202538.76,552687.98,693414.20,3438600.53
001027-074430-00009-X,"הגפן 9, דימונה",דימונה,הגפן,9,,8610573,exact,202590.36,552670.36,693466.14,3438583.94
001027-074430-00010-X,"הגפן 10, דימונה",דימונה,הגפן,10,,8610574,exact,202529.78,552680.96,693405.36,3438593.34
001027-074430-00011-X,"הגפן 11, דימונה",דימונה,הגפן,11,,8610575,exact,202576.30,552671.43,693452.07,3438584.73
001027-074430-00012-X,"הגפן 12, דימונה",דימונה,הגפן,12,,8610576,exact,202509.01,552687.92,693384.45,3438599.89
001027-074430-00013-X,"הגפן 13, דימונה",דימונה,הגפן,13,,8610577,exact,202567.40,552673.63,693443.12,3438586.75
001027-074430-00014-X,"הגפן 14, דימונה",דימונה,הגפן,14,,8610578,exact,202503.23,552679.09,693378.86,3438590.94
001027-074430-00015-X,"הגפן 15, דימונה",דימונה,הגפן,15,,8610579,exact,202542.01,552664.37,693417.92,3438576.99
001027-074430-00016-X,"הגפן 16, דימונה",דימונה,הגפן,16,,8610580,exact,202506.86,552714.60,693381.78,3438626.52
001027-074430-00017-X,"הגפן 17, דימונה",דימונה,הגפן,17,,8602801,exact,202540.28,552658.31,693416.31,3438570.90
001027-074430-00018-X,"הגפן 18, דימונה",דימונה,הגפן,18,,8602802,exact,202497.59,552709.48,693372.61,3438621.21
001027-074430-00019-X,"הגפן 19, דימונה",דימונה,הגפן,19,,8602803,exact,202529.69,552663.83,693405.61,3438576.20
001027-074430-00021-X,"הגפן 21, דימונה",דימונה,הגפן,21,,8602805,exact,202514.09,552660.05,693390.09,3438572.12
001027-074430-00024-X,"הגפן 24, דימונה",דימונה,הגפן,24,,8602808,exact,202481.99,552683.99,693357.52,3438595.41
001027-074430-00025-X,"הגפן 25, דימונה",דימונה,הגפן,25,,8602809,exact,202466.63,552648.64,693342.87,3438559.77
001027-074430-00026-X,"הגפן 26, דימונה",דימונה,הגפן,26,,8602810,exact,202477.18,552677.27,693352.85,3438588.60
001027-074430-00027-X,"הגפן 27, דימונה",דימונה,הגפן,27,,8602811,exact,202447.42,552644.93,693323.73,3438555.67
001027-074430-00028-X,"הגפן 28, דימונה",דימונה,הגפן,28,,8602812,exact,202461.33,552678.25,693336.98,3438589.26
001027-074430-00029-X,"הגפן 29, דימונה",דימונה,הגפן,29,,8602813,exact,202438.37,552636.98,693314.84,3438547.54
001027-074430-00030-X,"הגפן 30, דימונה",דימונה,הגפן,30,,8602814,exact,202449.18,552675.94,693324.88,3438586.72
001027-074430-00031-X,"הגפן 31, דימונה",דימונה,הגפן,31,,8602815,exact,202422.30,552636.32,693298.79,3438546.57
001027-074430-00032-X,"הגפן 32, דימונה",דימונה,הגפן,32,,8602816,exact,202440.55,552670.84,693316.35,3438581.44
001027-074430-00033-X,"הגפן 33, דימונה",דימונה,הגפן,33,,8602817,exact,202419.70,552621.46,693296.48,3438531.65
001027-074430-00034-X,"הגפן 34, דימונה",דימונה,הגפן,34,,8602818,exact,202423.19,552668.54,693299.04,3438578.80
001027-074430-00035-X,"הגפן 35, דימונה",דימונה,הגפן,35,,8602819,exact,202391.27,552627.79,693267.92,3438537.43
001027-074430-00036-X,"הגפן 36, דימונה",דימונה,הגפן,36,,8602820,exact,202399.89,552663.89,693275.83,3438573.69
001027-074430-00037-X,"הגפן 37, דימונה",דימונה,הגפן,37,,8602821,exact,202379.34,552619.02,693256.18,3438528.42
001027-074430-00040-X,"הגפן 40, דימונה",דימונה,הגפן,40,,8602824,exact,202375.91,552650.72,693252.12,3438560.04
001027-074430-00041-X,"הגפן 41, דימונה",דימונה,הגפן,41,,8602825,exact,202352.54,552610.90,693229.54,3438519.77
001027-074430-00042-X,"הגפן 42, דימונה",דימונה,הגפן,42,,8602826,exact,202352.88,552650.35,693229.09,3438559.22
001027-074430-00043-X,"הגפן 43, דימונה",דימונה,הגפן,43,,8602827,exact,202329.02,552599.77,693206.24,3438508.17
001027-074430-00044-X,"הגפן 44, דימונה",דימונה,הגפן,44,,8602828,exact,202340.20,552636.36,693216.70,3438544.98
001027-074430-00045-X,"הגפן 45, דימונה",דימונה,הגפן,45,,8602829,exact,202313.72,552591.61,693191.11,3438499.71
001027-074430-00046-X,"הגפן 46, דימונה",דימונה,הגפן,46,,8602830,exact,202325.72,552630.49,693202.33,3438538.82
001027-074430-00048-X,"הגפן 48, דימונה",דימונה,הגפן,48,,8602832,street,202374.59,552635.90,693251.09,3438545.20
001027-074430-00049-X,"הגפן 49, דימונה",דימונה,הגפן,49,,8602833,exact,202285.69,552573.12,693163.45,3438480.67
001027-074430-00050-X,"הגפן 50, דימונה",דימונה,הגפן,50,,8602834,street,202374.59,552635.90,693251.09,3438545.20
001027-074430-00051-X,"הגפן 51, דימונה",דימונה,הגפן,51,,8602835,exact,202269.86,552567.27,693147.74,3438474.51
001027-074730-00000-X,"האשל, דימונה",דימונה,האשל,,,8602500,street,202817.04,552828.53,693689.65,3438746.59
001027-074730-00016-X,"האשל 16, דימונה",דימונה,האשל,16,,8602501,exact,202783.89,552847.77,693656.12,3438765.16
001027-074730-00552-X,"האשל 552, דימונה",דימונה,האשל,552,,8602502,street,202817.04,552828.53,693689.65,3438746.59
001027-074730-00554-X,"האשל 554, דימונה",דימונה,האשל,554,,8602504,street,202817.04,552828.53,693689.65,3438746.59
001027-074730-00555-X,"האשל 555, דימונה",דימונה,האשל,555,,8602505,street,202817.04,552828.53,693689.65,3438746.59
001027-074730-00557-X,"האשל 557, דימונה",דימונה,האשל,557,,8602507,street,202817.04,552828.53,693689.65,3438746.59
001027-074730-00558-X,"האשל 558, דימונה",דימונה,האשל,558,,8602508,street,202817.04,552828.53,693689.65,3438746.59
001027-074730-00560-X,"האשל 560, דימונה",דימונה,האשל,560,,8602510,street,202817.04,552828.53,693689.65,3438746.59
001027-074730-00561-X,"האשל 561, דימונה",דימונה,האשל,561,,8602511,street,202817.04,552828.53,693689.65,3438746.59
001027-074730-00562-X,"האשל 562, דימונה",דימונה,האשל,562,,8602512,street,202817.04,552828.53,693689.65,3438746.59
001027-074730-00563-X,"האשל 563, דימונה",דימונה,האשל,563,,8602513,street,202817.04,552828.53,693689.65,3438746.59
001027-074730-00564-X,"האשל 564, דימונה",דימונה,האשל,564,,8602514,street,202817.04,552828.53,693689.65,3438746.59
001027-074730-00566-X,"האשל 566, דימונה",דימונה,האשל,566,,8602516,street,202817.04,552828.53,693689.65,3438746.59
001027-074730-00567-X,"האשל 567, דימונה",דימונה,האשל,567,,8602517,street,202817.04,552828.53,693689.65,3438746.59
001027-074730-00568-X,"האשל 568, דימונה",דימונה,האשל,568,,8602518,street,202817.04,552828.53,693689.65,3438746.59
001027-074730-00569-X,"האשל 569, דימונה",דימונה,האשל,569,,8602519,street,202817.04,552828.53,693689.65,3438746.59
001027-074730-00570-X,"האשל 570, דימונה",דימונה,האשל,570,,8602520,street,202817.04,552828.53,693689.65,3438746.59
001027-075069-00010-X,"ההדס 10, דימונה",דימונה,ההדס,10,,8602836,exact,202820.66,552615.19,693697.51,3438533.35
001027-075069-00521-X,"ההדס 521, דימונה",דימונה,ההדס,521,,8602837,street,202812.20,552635.35,693688.65,3438553.34
001027-075069-00522-X,"ההדס 522, דימונה",דימונה,ההדס,522,,8602838,street,202812.20,552635.35,693688.65,3438553.34
001027-075069-00524-X,"ההדס 524, דימונה",דימונה,ההדס,524,,8602840,street,202812.20,552635.35,693688.65,3438553.34
001027-075069-00525-X,"ההדס 525, דימונה",דימונה,ההדס,525,,8602841,street,202812.20,552635.35,693688.65,3438553.34
001027-075069-00526-X,"ההדס 526, דימונה",דימונה,ההדס,526,,8602842,street,202812.20,552635.35,693688.65,3438553.34
001027-075069-00530-X,"ההדס 530, דימונה",דימונה,ההדס,530,,8602843,street,202812.20,552635.35,693688.65,3438553.34
001027-075069-00531-X,"ההדס 531, דימונה",דימונה,ההדס,531,,8602844,street,202812.20,552635.35,693688.65,3438553.34
001027-075520-00000-X,"שד גולדה מאיר, דימונה",דימונה,שד גולדה מאיר,,,8605800,street,202958.41,553726.62,693813.16,3439647.35
001027-075520-00149-X,"שד גולדה מאיר 149, דימונה",דימונה,שד גולדה מאיר,149,,8605887,exact,202919.22,553876.87,693771.00,3439796.80
001027-075520-01001-X,"שד גולדה מאיר 1001, דימונה",דימונה,שד גולדה מאיר,1001,,8605801,street,202958.41,553726.62,693813.16,3439647.35
001027-075520-01001-ב,"שד גולדה מאיר 1001ב, דימונה",דימונה,שד גולדה מאיר,1001,ב,8605803,street,202958.41,553726.62,693813.16,3439647.35
001027-075520-01002-א,"שד גולדה מאיר 1002א, דימונה",דימונה,שד גולדה מאיר,1002,א,8605805,street,202958.41,553726.62,693813.16,3439647.35
001027-075520-01002-ג,"שד גולדה מאיר 1002ג, דימונה",דימונה,שד גולדה מאיר,1002,ג,8605807,street,202958.41,553726.62,693813.16,3439647.35
001027-075520-01003-א,"שד גולדה מאיר 1003א, דימונה",דימונה,שד גולדה מאיר,1003,א,8605810,street,202958.41,553726.62,693813.16,3439647.35
001027-075520-01004-X,"שד גולדה מאיר 1004, דימונה",דימונה,שד גולדה מאיר,1004,,8605814,street,202958.41,553726.62,693813.16,3439647.35
001027-075520-01004-א,"שד גולדה מאיר 1004א, דימונה",דימונה,שד גולדה מאיר,1004,א,8605815,street,202958.41,553726.62,693813.16,3439647.35
001027-075520-01004-ג,"שד גולדה מאיר 1004ג, דימונה",דימונה,שד גולדה מאיר,1004,ג,8605817,street,202958.41,553726.62,693813.16,3439647.35
001027-075520-01005-X,"שד גולדה מאיר 1005, דימונה",דימונה,שד גולדה מאיר,1005,,8605818,street,202958.41,553726.62,693813.16,3439647.35
001027-075520-01005-א,"שד גולדה מאיר 1005א, דימונה",דימונה,שד גולדה מאיר,1005,א,8605819,street,202958.41,553726.62,693813.16,3439647.35
001027-075520-01006-X,"שד גולדה מאיר 1006, דימונה",דימונה,שד גולדה מאיר,1006,,8605822,street,202958.41,553726.62,693813.16,3439647.35
001027-075520-01006-א,"שד גולדה מאיר 1006א, דימונה",דימונה,שד גולדה מאיר,1006,א,8605823,street,202958.41,553726.62,693813.16,3439647.35
001027-075520-01006-ב,"שד גולדה מאיר 1006ב, דימונה",דימונה,שד גולדה מאיר,1006,ב,8605824,street,202958.41,553726.62,693813.16,3439647.35
001027-075520-01007-X,"שד גולדה מאיר 1007, דימונה",דימונה,שד גולדה מאיר,1007,,8605826,street,202958.41,553726.62,693813.16,3439647.35
001027-075520-01007-א,"שד גולדה מאיר 1007א, דימונה",דימונה,שד גולדה מאיר,1007,א,8605827,street,202958.41,553726.62,693813.16,3439647.35
001027-075520-01007-ד,"שד גולדה מאיר 1007ד, דימונה",דימונה,שד גולדה מאיר,1007,ד,8605830,street,202958.41,553726.62,693813.16,3439647.35
001027-075520-01007-ה,"שד גולדה מאיר 1007ה, דימונה",דימונה,שד גולדה מאיר,1007,ה,8605831,street,202958.41,553726.62,693813.16,3439647.35
001027-075520-01020-X,"שד גולדה מאיר 1020, דימונה",דימונה,שד גולדה מאיר,1020,,8605832,street,202958.41,553726.62,693813.16,3439647.35
001027-075520-01020-א,"שד גולדה מאיר 1020א, דימונה",דימונה,שד גולדה מאיר,1020,א,8605833,street,202958.41,553726.62,693813.16,3439647.35
001027-075520-01020-ב,"שד גולדה מאיר 1020ב, דימונה",דימונה,שד גולדה מאיר,1020,ב,8605834,street,202958.41,553726.62,693813.16,3439647.35
001027-075520-01020-ג,"שד גולדה מאיר 1020ג, דימונה",דימונה,שד גולדה מאיר,1020,ג,8605835,street,202958.41,553726.62,693813.16,3439647.35
001027-075520-01020-ד,"שד גולדה מאיר 1020ד, דימונה",דימונה,שד גולדה מאיר,1020,ד,8605836,street,202958.41,553726.62,693813.16,3439647.35
001027-075520-01021-ב,"שד גולדה מאיר 1021ב, דימונה",דימונה,שד גולדה מאיר,1021,ב,8605839,street,202958.41,553726.62,693813.16,3439647.35
001027-075520-01021-ה,"שד גולדה מאיר 1021ה, דימונה",דימונה,שד גולדה מאיר,1021,ה,8605842,street,202958.41,553726.62,693813.16,3439647.35
001027-075520-01022-X,"שד גולדה מאיר 1022, דימונה",דימונה,שד גולדה מאיר,1022,,8605844,street,202958.41,553726.62,693813.16,3439647.35
001027-075520-01022-א,"שד גולדה מאיר 1022א, דימונה",דימונה,שד גולדה מאיר,1022,א,8605845,street,202958.41,553726.62,693813.16,3439647.35
001027-075520-01022-ג,"שד גולדה מאיר 1022ג, דימונה",דימונה,שד גולדה מאיר,1022,ג,8605847,street,202958.41,553726.62,693813.16,3439647.35
001027-075520-01022-ד,"שד גולדה מאיר 1022ד, דימונה",דימונה,שד גולדה מאיר,1022,ד,8605848,street,202958.41,553726.62,693813.16,3439647.35
001027-075520-01022-ה,"שד גולדה מאיר 1022ה, דימונה",דימונה,שד גולדה מאיר,1022,ה,8605849,street,202958.41,553726.62,693813.16,3439647.35
001027-075520-01022-ו,"שד גולדה מאיר 1022ו, דימונה",דימונה,שד גולדה מאיר,1022,ו,8605850,street,202958.41,553726.62,693813.16,3439647.35
001027-075520-01023-X,"שד גולדה מאיר 1023, דימונה",דימונה,שד גולדה מאיר,1023,,8605852,street,202958.41,553726.62,693813.16,3439647.35
001027-075520-01023-א,"שד גולדה מאיר 1023א, דימונה",דימונה,שד גולדה מאיר,1023,א,8605853,street,202958.41,553726.62,693813.16,3439647.35
001027-075520-01023-ב,"שד גולדה מאיר 1023ב, דימונה",דימונה,שד גולדה מאיר,1023,ב,8605854,street,202958.41,553726.62,693813.16,3439647.35
001027-075520-01023-ג,"שד גולדה מאיר 1023ג, דימונה",דימונה,שד גולדה מאיר,1023,ג,8605855,street,202958.41,553726.62,693813.16,3439647.35
001027-075520-01023-ד,"שד גולדה מאיר 1023ד, דימונה",דימונה,שד גולדה מאיר,1023,ד,8605856,street,202958.41,553726.62,693813.16,3439647.35
001027-075520-01033-X,"שד גולדה מאיר 1033, דימונה",דימונה,שד גולדה מאיר,1033,,8605857,street,202958.41,553726.62,693813.16,3439647.35
001027-075520-01033-א,"שד גולדה מאיר 1033א, דימונה",דימונה,שד גולדה מאיר,1033,א,8605858,street,202958.41,553726.62,693813.16,3439647.35
001027-075520-01033-ב,"שד גולדה מאיר 1033ב, דימונה",דימונה,שד גולדה מאיר,1033,ב,8605859,street,202958.41,553726.62,693813.16,3439647.35
001027-075520-01033-ג,"שד גולדה מאיר 1033ג, דימונה",דימונה,שד גולדה מאיר,1033,ג,8605860,street,202958.41,553726.62,693813.16,3439647.35
001027-075520-01033-ד,"שד גולדה מאיר 1033ד, דימונה",דימונה,שד גולדה מאיר,1033,ד,8605861,street,202958.41,553726.62,693813.16,3439647.35
001027-075520-01034-X,"שד גולדה מאיר 1034, דימונה",דימונה,שד גולדה מאיר,1034,,8605862,exact,202946.47,553619.45,693803.35,3439539.96
001027-075520-01034-א,"שד גולדה מאיר 1034א, דימונה",דימונה,שד גולדה מאיר,1034,א,8605863,exact,202946.47,553619.45,693803.35,3439539.96
001027-075520-01034-ב,"שד גולדה מאיר 1034ב, דימונה",דימונה,שד גולדה מאיר,1034,ב,8605864,exact,202946.47,553619.45,693803.35,3439539.96
001027-075520-01034-ג,"שד גולדה מאיר 1034ג, דימונה",דימונה,שד גולדה מאיר,1034,ג,8605865,exact,202946.47,553619.45,693803.35,3439539.96
001027-075520-01034-ד,"שד גולדה מאיר 1034ד, דימונה",דימונה,שד גולדה מאיר,1034,ד,8605866,exact,202946.47,553619.45,693803.35,3439539.96
001027-075520-01034-ה,"שד גולדה מאיר 1034ה, דימונה",דימונה,שד גולדה מאיר,1034,ה,8605867,exact,202946.47,553619.45,693803.35,3439539.96
001027-075520-01034-ו,"שד גולדה מאיר 1034ו, דימונה",דימונה,שד גולדה מאיר,1034,ו,8605868,exact,202946.47,553619.45,693803.35,3439539.96
001027-075520-04021-א,"שד גולדה מאיר 4021א, דימונה",דימונה,שד גולדה מאיר,4021,א,8605870,street,202958.41,553726.62,693813.16,3439647.35
001027-075520-04021-ב,"שד גולדה מאיר 4021ב, דימונה",דימונה,שד גולדה מאיר,4021,ב,8605871,street,202958.41,553726.62,693813.16,3439647.35
001027-075520-04021-ג,"שד גולדה מאיר 4021ג, דימונה",דימונה,שד גולדה מאיר,4021,ג,8605872,street,202958.41,553726.62,693813.16,3439647.35
001027-075520-04021-ה,"שד גולדה מאיר 4021ה, דימונה",דימונה,שד גולדה מאיר,4021,ה,8605874,street,202958.41,553726.62,693813.16,3439647.35
001027-075677-00006-X,"השבלים 6, דימונה",דימונה,השבלים,6,,8603101,exact,202842.00,552481.74,693721.49,3438400.35
001027-075677-00062-X,"השבלים 62, דימונה",דימונה,השבלים,62,,8603174,exact,202548.82,552487.81,693428.24,3438400.59
001027-075677-00325-X,"השבלים 325, דימונה",דימונה,השבלים,325,,8602751,street,202629.69,552490.53,693509.04,3438404.91
001027-075677-00327-X,"השבלים 327, דימונה",דימונה,השבלים,327,,8602752,street,202629.69,552490.53,693509.04,3438404.91
001027-075677-00329-X,"השבלים 329, דימונה",דימונה,השבלים,329,,8602753,street,202629.69,552490.53,693509.04,3438404.91
001027-075677-00331-X,"השבלים 331, דימונה",דימונה,השבלים,331,,8602754,street,202629.69,552490.53,693509.04,3438404.91
001027-075677-00333-X,"השבלים 333, דימונה",דימונה,השבלים,333,,8602755,street,202629.69,552490.53,693509.04,3438404.91
001027-075677-00335-X,"השבלים 335, דימונה",דימונה,השבלים,335,,8602756,street,202629.69,552490.53,693509.04,3438404.91
001027-075677-00337-X,"השבלים 337, דימונה",דימונה,השבלים,337,,8602757,street,202629.69,552490.53,693509.04,3438404.91
001027-075677-00339-X,"השבלים 339, דימונה",דימונה,השבלים,339,,8602758,street,202629.69,552490.53,693509.04,3438404.91
001027-075677-00341-X,"השבלים 341, דימונה",דימונה,השבלים,341,,8602759,street,202629.69,552490.53,693509.04,3438404.91
001027-075677-00343-X,"השבלים 343, דימונה",דימונה,השבלים,343,,8602760,street,202629.69,552490.53,693509.04,3438404.91
001027-075677-00345-X,"השבלים 345, דימונה",דימונה,השבלים,345,,8602761,street,202629.69,552490.53,693509.04,3438404.91
001027-075677-00347-X,"השבלים 347, דימונה",דימונה,השבלים,347,,8602762,street,202629.69,552490.53,693509.04,3438404.91
001027-075677-00349-X,"השבלים 349, דימונה",דימונה,השבלים,349,,8602763,street,202629.69,552490.53,693509.04,3438404.91
001027-075677-00353-X,"השבלים 353, דימונה",דימונה,השבלים,353,,8602765,street,202629.69,552490.53,693509.04,3438404.91
001027-075677-00355-X,"השבלים 355, דימונה",דימונה,השבלים,355,,8602766,street,202629.69,552490.53,693509.04,3438404.91
001027-075677-00357-X,"השבלים 357, דימונה",דימונה,השבלים,357,,8602767,street,202629.69,552490.53,693509.04,3438404.91
001027-075677-00359-X,"השבלים 359, דימונה",דימונה,השבלים,359,,8602768,street,202629.69,552490.53,693509.04,3438404.91
001027-075677-00363-X,"השבלים 363, דימונה",דימונה,השבלים,363,,8602770,street,202629.69,552490.53,693509.04,3438404.91
001027-075677-00367-X,"השבלים 367, דימונה",דימונה,השבלים,367,,8602772,street,202629.69,552490.53,693509.04,3438404.91
001027-075677-00371-X,"השבלים 371, דימונה",דימונה,השבלים,371,,8602774,street,202629.69,552490.53,693509.04,3438404.91
001027-075677-00373-X,"השבלים 373, דימונה",דימונה,השבלים,373,,8602775,street,202629.69,552490.53,693509.04,3438404.91
001027-075677-00377-X,"השבלים 377, דימונה",דימונה,השבלים,377,,8602777,street,202629.69,552490.53,693509.04,3438404.91
001027-075677-00379-X,"השבלים 379, דימונה",דימונה,השבלים,379,,8602778,street,202629.69,552490.53,693509.04,3438404.91
001027-075677-00387-X,"השבלים 387, דימונה",דימונה,השבלים,387,,8602782,street,202629.69,552490.53,693509.04,3438404.91
001027-075677-00389-X,"השבלים 389, דימונה",דימונה,השבלים,389,,8602783,street,202629.69,552490.53,693509.04,3438404.91
001027-075677-00391-X,"השבלים 391, דימונה",דימונה,השבלים,391,,8602784,street,202629.69,552490.53,693509.04,3438404.91
001027-075677-00393-X,"השבלים 393, דימונה",דימונה,השבלים,393,,8602785,street,202629.69,552490.53,693509.04,3438404.91
001027-075677-00397-X,"השבלים 397, דימונה",דימונה,השבלים,397,,8602787,street,202629.69,552490.53,693509.04,3438404.91
001027-075677-00399-X,"השבלים 399, דימונה",דימונה,השבלים,399,,8602788,street,202629.69,552490.53,693509.04,3438404.91
001027-075677-00401-X,"השבלים 401, דימונה",דימונה,השבלים,401,,8602789,street,202629.69,552490.53,693509.04,3438404.91
001027-075677-00403-X,"השבלים 403, דימונה",דימונה,השבלים,403,,8602790,street,202629.69,552490.53,693509.04,3438404.91
001027-075677-00407-X,"השבלים 407, דימונה",דימונה,השבלים,407,,8602792,street,202629.69,552490.53,693509.04,3438404.91
001027-075911-00002-X,"הרימון 2, דימונה",דימונה,הרימון,2,,8602845,exact,202651.60,552570.26,693529.36,3438485.07
001027-075911-00004-X,"הרימון 4, דימונה",דימונה,הרימון,4,,8602846,exact,202646.34,552564.82,693524.21,3438479.52
001027-075911-00006-X,"הרימון 6, דימונה",דימונה,הרימון,6,,8602847,exact,202626.16,552562.31,693504.08,3438476.62
001027-075911-00007-X,"הרימון 7, דימונה",דימונה,הרימון,7,,8602848,exact,202562.58,552536.46,693441.03,3438449.50
001027-075911-00008-X,"הרימון 8, דימונה",דימונה,הרימון,8,,8602849,exact,202617.32,552566.29,693495.17,3438480.42
001027-075911-00010-X,"הרימון 10, דימונה",דימונה,הרימון,10,,8602851,street,202510.01,552536.37,693388.46,3438448.38
001027-075911-00011-X,"הרימון 11, דימונה",דימונה,הרימון,11,,8602852,exact,202526.39,552527.99,693405.01,3438440.32
001027-075911-00013-X,"הרימון 13, דימונה",דימונה,הרימון,13,,8602854,exact,202507.40,552524.18,693386.10,3438436.13
001027-075911-00014-X,"הרימון 14, דימונה",דימונה,הרימון,14,,8602855,exact,202576.77,552566.23,693454.62,3438479.55
001027-075911-00015-X,"הרימון 15, דימונה",דימונה,הרימון,15,,8602856,exact,202491.35,552519.39,693370.15,3438431.02
001027-075911-00016-X,"הרימון 16, דימונה",דימונה,הרימון,16,,8602857,exact,202556.49,552562.79,693434.42,3438475.71
001027-075911-00019-X,"הרימון 19, דימונה",דימונה,הרימון,19,,8602860,exact,202441.11,552497.50,693320.35,3438408.14
001027-075911-00020-X,"הרימון 20, דימונה",דימונה,הרימון,20,,8602861,exact,202522.22,552554.62,693400.31,3438466.86
001027-075911-00021-X,"הרימון 21, דימונה",דימונה,הרימון,21,,8602862,exact,202421.13,552493.75,693300.45,3438404.00
001027-075911-00022-X,"הרימון 22, דימונה",דימונה,הרימון,22,,8602863,exact,202505.47,552548.15,693383.69,3438460.07
001027-075911-00023-X,"הרימון 23, דימונה",דימונה,הרימון,23,,8602864,exact,202401.25,552490.11,693280.64,3438399.97
001027-075911-00024-X,"הרימון 24, דימונה",דימונה,הרימון,24,,8602865,exact,202489.92,552544.76,693368.21,3438456.37
001027-075911-00026-X,"הרימון 26, דימונה",דימונה,הרימון,26,,8602866,exact,202480.30,552536.94,693358.74,3438448.36
001027-075911-00032-X,"הרימון 32, דימונה",דימונה,הרימון,32,,8602868,exact,202423.45,552527.10,693302.10,3438437.39
001027-075911-00034-X,"הרימון 34, דימונה",דימונה,הרימון,34,,8602869,exact,202409.17,552519.98,693287.97,3438429.99
001027-075911-00036-X,"הרימון 36, דימונה",דימונה,הרימון,36,,8602870,exact,202392.75,552518.14,693271.59,3438427.82
001027-075911-00266-X,"הרימון 266, דימונה",דימונה,הרימון,266,,8602871,street,202510.01,552536.37,693388.46,3438448.38
001027-075911-00268-X,"הרימון 268, דימונה",דימונה,הרימון,268,,8602872,street,202510.01,552536.37,693388.46,3438448.38
001027-075911-00270-X,"הרימון 270, דימונה",דימונה,הרימון,270,,8602873,street,202510.01,552536.37,693388.46,3438448.38
001027-075911-00274-X,"הרימון 274, דימונה",דימונה,הרימון,274,,8602875,street,202510.01,552536.37,693388.46,3438448.38
001027-075911-00276-X,"הרימון 276, דימונה",דימונה,הרימון,276,,8602876,street,202510.01,552536.37,693388.46,3438448.38
001027-075911-00278-X,"הרימון 278, דימונה",דימונה,הרימון,278,,8602877,street,202510.01,552536.37,693388.46,3438448.38
001027-075911-00286-X,"הרימון 286, דימונה",דימונה,הרימון,286,,8602881,street,202510.01,552536.37,693388.46,3438448.38
001027-075911-00288-X,"הרימון 288, דימונה",דימונה,הרימון,288,,8602882,street,202510.01,552536.37,693388.46,3438448.38
001027-075911-00294-X,"הרימון 294, דימונה",דימונה,הרימון,294,,8602885,street,202510.01,552536.37,693388.46,3438448.38
001027-075911-00298-X,"הרימון 298, דימונה",דימונה,הרימון,298,,8602887,street,202510.01,552536.37,693388.46,3438448.38
001027-075911-00299-X,"הרימון 299, דימונה",דימונה,הרימון,299,,8602888,street,202510.01,552536.37,693388.46,3438448.38
001027-075911-00302-X,"הרימון 302, דימונה",דימונה,הרימון,302,,8602891,street,202510.01,552536.37,693388.46,3438448.38
001027-075911-00303-X,"הרימון 303, דימונה",דימונה,הרימון,303,,8602892,street,202510.01,552536.37,693388.46,3438448.38
001027-075911-00304-X,"הרימון 304, דימונה",דימונה,הרימון,304,,8602893,street,202510.01,552536.37,693388.46,3438448.38
001027-075911-00305-X,"הרימון 305, דימונה",דימונה,הרימון,305,,8602894,street,202510.01,552536.37,693388.46,3438448.38
001027-075911-00306-X,"הרימון 306, דימונה",דימונה,הרימון,306,,8602895,street,202510.01,552536.37,693388.46,3438448.38
001027-075911-00307-X,"הרימון 307, דימונה",דימונה,הרימון,307,,8602896,street,202510.01,552536.37,693388.46,3438448.38
001027-075911-00308-X,"הרימון 308, דימונה",דימונה,הרימון,308,,8602897,street,202510.01,552536.37,693388.46,3438448.38
001027-075911-00310-X,"הרימון 310, דימונה",דימונה,הרימון,310,,8602899,street,202510.01,552536.37,693388.46,3438448.38
001027-075911-00311-X,"הרימון 311, דימונה",דימונה,הרימון,311,,8610501,street,202510.01,552536.37,693388.46,3438448.38
001027-075911-00312-X,"הרימון 312, דימונה",דימונה,הרימון,312,,8610502,street,202510.01,552536.37,693388.46,3438448.38
001027-075911-00313-X,"הרימון 313, דימונה",דימונה,הרימון,313,,8610503,street,202510.01,552536.37,693388.46,3438448.38
001027-075911-00314-X,"הרימון 314, דימונה",דימונה,הרימון,314,,8610504,street,202510.01,552536.37,693388.46,3438448.38
001027-075911-00315-X,"הרימון 315, דימונה",דימונה,הרימון,315,,8610505,street,202510.01,552536.37,693388.46,3438448.38
001027-075911-00317-X,"הרימון 317, דימונה",דימונה,הרימון,317,,8610507,street,202510.01,552536.37,693388.46,3438448.38
001027-075911-00318-X,"הרימון 318, דימונה",דימונה,הרימון,318,,8610508,street,202510.01,552536.37,693388.46,3438448.38
001027-075911-00319-X,"הרימון 319, דימונה",דימונה,הרימון,319,,8610509,street,202510.01,552536.37,693388.46,3438448.38
001027-075911-00320-X,"הרימון 320, דימונה",דימונה,הרימון,320,,8610510,street,202510.01,552536.37,693388.46,3438448.38
001027-075911-00321-X,"הרימון 321, דימונה",דימונה,הרימון,321,,8610511,street,202510.01,552536.37,693388.46,3438448.38
001027-075911-00322-X,"הרימון 322, דימונה",דימונה,הרימון,322,,8610512,street,202510.01,552536.37,693388.46,3438448.38
001027-075911-00326-X,"הרימון 326, דימונה",דימונה,הרימון,326,,8610515,street,202510.01,552536.37,693388.46,3438448.38
001027-075911-00328-X,"הרימון 328, דימונה",דימונה,הרימון,328,,8610516,street,202510.01,552536.37,693388.46,3438448.38
001027-075911-00330-X,"הרימון 330, דימונה",דימונה,הרימון,330,,8610517,street,202510.01,552536.37,693388.46,3438448.38
001027-075911-00332-X,"הרימון 332, דימונה",דימונה,הרימון,332,,8610518,street,202510.01,552536.37,693388.46,3438448.38
001027-075911-00334-X,"הרימון 334, דימונה",דימונה,הרימון,334,,8610519,street,202510.01,552536.37,693388.46,3438448.38
001027-075911-00340-X,"הרימון 340, דימונה",דימונה,הרימון,340,,8610522,street,202510.01,552536.37,693388.46,3438448.38
001027-075911-00342-X,"הרימון 342, דימונה",דימונה,הרימון,342,,8610523,street,202510.01,552536.37,693388.46,3438448.38
001027-075911-00344-X,"הרימון 344, דימונה",דימונה,הרימון,344,,8610524,street,202510.01,552536.37,693388.46,3438448.38
001027-075911-00346-X,"הרימון 346, דימונה",דימונה,הרימון,346,,8610525,street,202510.01,552536.37,693388.46,3438448.38
001027-075911-00348-X,"הרימון 348, דימונה",דימונה,הרימון,348,,8610526,street,202510.01,552536.37,693388.46,3438448.38
001027-075911-00350-X,"הרימון 350, דימונה",דימונה,הרימון,350,,8610527,street,202510.01,552536.37,693388.46,3438448.38
001027-075911-00354-X,"הרימון 354, דימונה",דימונה,הרימון,354,,8610529,street,202510.01,552536.37,693388.46,3438448.38
001027-075911-00356-X,"הרימון 356, דימונה",דימונה,הרימון,356,,8610530,street,202510.01,552536.37,693388.46,3438448.38
001027-075911-00358-X,"הרימון 358, דימונה",דימונה,הרימון,358,,8610531,street,202510.01,552536.37,693388.46,3438448.38
001027-075911-00360-X,"הרימון 360, דימונה",דימונה,הרימון,360,,8610532,street,202510.01,552536.37,693388.46,3438448.38
001027-075911-00362-X,"הרימון 362, דימונה",דימונה,הרימון,362,,8610533,street,202510.01,552536.37,693388.46,3438448.38
001027-075911-00366-X,"הרימון 366, דימונה",דימונה,הרימון,366,,8610535,street,202510.01,552536.37,693388.46,3438448.38
001027-075911-00368-X,"הרימון 368, דימונה",דימונה,הרימון,368,,8610536,street,202510.01,552536.37,693388.46,3438448.38
001027-076045-00000-X,"אקסודוס, דימונה",דימונה,אקסודוס,,,8606800,street,203176.87,553509.46,694035.90,3439434.56
001027-076045-00066-X,"אקסודוס 66, דימונה",דימונה,אקסודוס,66,,8606801,street,203176.87,553509.46,694035.90,3439434.56
001027-076045-00067-X,"אקסודוס 67, דימונה",דימונה,אקסודוס,67,,8606802,street,203176.87,553509.46,694035.90,3439434.56
001027-076480-00000-X,"שד יגאל אלון, דימונה",דימונה,שד יגאל אלון,,,8603100,street,203377.16,552484.04,694256.53,3438413.27
001027-076480-00011-X,"שד יגאל אלון 11, דימונה",דימונה,שד יגאל אלון,11,,8603103,street,203377.16,552484.04,694256.53,3438413.27
001027-076480-00013-X,"שד יגאל אלון 13, דימונה",דימונה,שד יגאל אלון,13,,8603104,exact,203277.79,552499.62,694156.86,3438426.87
001027-076480-00016-X,"שד יגאל אלון 16, דימונה",דימונה,שד יגאל אלון,16,,8603106,exact,203125.64,552456.30,694005.59,3438380.54
001027-076480-00030-X,"שד יגאל אלון 30, דימונה",דימונה,שד יגאל אלון,30,,8603109,exact,203265.62,552450.33,694145.67,3438377.35
001027-076480-00030-ב,"שד יגאל אלון 30ב, דימונה",דימונה,שד יגאל אלון,30,ב,8603111,exact,203265.62,552450.33,694145.67,3438377.35
001027-076480-00030-ד,"שד יגאל אלון 30ד, דימונה",דימונה,שד יגאל אלון,30,ד,8603113,exact,203265.62,552450.33,694145.67,3438377.35
001027-076480-00031-X,"שד יגאל אלון 31, דימונה",דימונה,שד יגאל אלון,31,,8603114,exact,203412.73,552506.07,694291.66,3438436.00
001027-076480-00031-א,"שד יגאל אלון 31א, דימונה",דימונה,שד יגאל אלון,31,א,8603115,exact,203412.73,552506.07,694291.66,3438436.00
001027-076480-00031-ב,"שד יגאל אלון 31ב, דימונה",דימונה,שד יגאל אלון,31,ב,8603116,exact,203412.73,552506.07,694291.66,3438436.00
001027-076480-00031-ג,"שד יגאל אלון 31ג, דימונה",דימונה,שד יגאל אלון,31,ג,8603117,exact,203412.73,552506.07,694291.66,3438436.00
001027-076480-00031-ד,"שד יגאל אלון 31ד, דימונה",דימונה,שד יגאל אלון,31,ד,8603118,exact,203412.73,552506.07,694291.66,3438436.00
001027-076480-00032-X,"שד יגאל אלון 32, דימונה",דימונה,שד יגאל אלון,32,,8603119,exact,203294.29,552454.46,694174.26,3438382.05
001027-076480-00032-א,"שד יגאל אלון 32א, דימונה",דימונה,שד יגאל אלון,32,א,8603120,exact,203294.29,552454.46,694174.26,3438382.05
001027-076480-00032-ב,"שד יגאל אלון 32ב, דימונה",דימונה,שד יגאל אלון,32,ב,8603121,exact,203294.29,552454.46,694174.26,3438382.05
001027-076480-00032-ג,"שד יגאל אלון 32ג, דימונה",דימונה,שד יגאל אלון,32,ג,8603122,exact,203294.29,552454.46,694174.26,3438382.05
001027-076480-00085-X,"שד יגאל אלון 85, דימונה",דימונה,שד יגאל אלון,85,,8603123,street,203377.16,552484.04,694256.53,3438413.27
001027-076480-00085-א,"שד יגאל אלון 85א, דימונה",דימונה,שד יגאל אלון,85,א,8603124,street,203377.16,552484.04,694256.53,3438413.27
001027-076480-00085-ב,"שד יגאל אלון 85ב, דימונה",דימונה,שד יגאל אלון,85,ב,8603125,street,203377.16,552484.04,694256.53,3438413.27
001027-076480-00085-ג,"שד יגאל אלון 85ג, דימונה",דימונה,שד יגאל אלון,85,ג,8603126,street,203377.16,552484.04,694256.53,3438413.27
001027-076480-00086-X,"שד יגאל אלון 86, דימונה",דימונה,שד יגאל אלון,86,,8603127,exact,203760.15,552796.17,694633.26,3438732.96
001027-076480-00086-א,"שד יגאל אלון 86א, דימונה",דימונה,שד יגאל אלון,86,א,8603128,exact,203760.15,552796.17,694633.26,3438732.96
001027-076480-00086-ב,"שד יגאל אלון 86ב, דימונה",דימונה,שד יגאל אלון,86,ב,8603129,exact,203760.15,552796.17,694633.26,3438732.96
001027-076480-00086-ג,"שד יגאל אלון 86ג, דימונה",דימונה,שד יגאל אלון,86,ג,8603130,exact,203760.15,552796.17,694633.26,3438732.96
001027-076480-00110-X,"שד יגאל אלון 110, דימונה",דימונה,שד יגאל אלון,110,,8603132,street,203377.16,552484.04,694256.53,3438413.27
001027-076480-00110-ב,"שד יגאל אלון 110ב, דימונה",דימונה,שד יגאל אלון,110,ב,8603134,street,203377.16,552484.04,694256.53,3438413.27
001027-076480-00110-ג,"שד יגאל אלון 110ג, דימונה",דימונה,שד יגאל אלון,110,ג,8603135,street,203377.16,552484.04,694256.53,3438413.27
001027-076480-00110-ד,"שד יגאל אלון 110ד, דימונה",דימונה,שד יגאל אלון,110,ד,8603136,street,203377.16,552484.04,694256.53,3438413.27
001027-076480-00110-ה,"שד יגאל אלון 110ה, דימונה",דימונה,שד יגאל אלון,110,ה,8603137,street,203377.16,552484.04,694256.53,3438413.27
001027-076480-00110-ו,"שד יגאל אלון 110ו, דימונה",דימונה,שד יגאל אלון,110,ו,8603138,street,203377.16,552484.04,694256.53,3438413.27
001027-076480-00110-ח,"שד יגאל אלון 110ח, דימונה",דימונה,שד יגאל אלון,110,ח,8603140,street,203377.16,552484.04,694256.53,3438413.27
001027-076480-00110-ט,"שד יגאל אלון 110ט, דימונה",דימונה,שד יגאל אלון,110,ט,8603141,street,203377.16,552484.04,694256.53,3438413.27
001027-076480-00111-א,"שד יגאל אלון 111א, דימונה",דימונה,שד יגאל אלון,111,א,8603143,street,203377.16,552484.04,694256.53,3438413.27
001027-076480-00111-ב,"שד יגאל אלון 111ב, דימונה",דימונה,שד יגאל אלון,111,ב,8603144,street,203377.16,552484.04,694256.53,3438413.27
001027-076480-00111-ג,"שד יגאל אלון 111ג, דימונה",דימונה,שד יגאל אלון,111,ג,8603145,street,203377.16,552484.04,694256.53,3438413.27
001027-076480-00111-ד,"שד יגאל אלון 111ד, דימונה",דימונה,שד יגאל אלון,111,ד,8603146,street,203377.16,552484.04,694256.53,3438413.27
001027-076480-00111-ו,"שד יגאל אלון 111ו, דימונה",דימונה,שד יגאל אלון,111,ו,8603148,street,203377.16,552484.04,694256.53,3438413.27
001027-076480-00111-ח,"שד יגאל אלון 111ח, דימונה",דימונה,שד יגאל אלון,111,ח,8603150,street,203377.16,552484.04,694256.53,3438413.27
001027-076480-00209-X,"שד יגאל אלון 209, דימונה",דימונה,שד יגאל אלון,209,,8603152,street,203377.16,552484.04,694256.53,3438413.27
001027-076480-00209-א,"שד יגאל אלון 209א, דימונה",דימונה,שד יגאל אלון,209,א,8603153,street,203377.16,552484.04,694256.53,3438413.27
001027-076480-00209-ב,"שד יגאל אלון 209ב, דימונה",דימונה,שד יגאל אלון,209,ב,8603154,street,203377.16,552484.04,694256.53,3438413.27
001027-076480-00209-ג,"שד יגאל אלון 209ג, דימונה",דימונה,שד יגאל אלון,209,ג,8603155,street,203377.16,552484.04,694256.53,3438413.27
001027-076480-00209-ד,"שד יגאל אלון 209ד, דימונה",דימונה,שד יגאל אלון,209,ד,8603156,street,203377.16,552484.04,694256.53,3438413.27
001027-076480-00209-ו,"שד יגאל אלון 209ו, דימונה",דימונה,שד יגאל אלון,209,ו,8603158,street,203377.16,552484.04,694256.53,3438413.27
001027-076480-00209-ז,"שד יגאל אלון 209ז, דימונה",דימונה,שד יגאל אלון,209,ז,8603159,street,203377.16,552484.04,694256.53,3438413.27
001027-076480-00209-ח,"שד יגאל אלון 209ח, דימונה",דימונה,שד יגאל אלון,209,ח,8603160,street,203377.16,552484.04,694256.53,3438413.27
001027-076480-00221-X,"שד יגאל אלון 221, דימונה",דימונה,שד יגאל אלון,221,,8603161,street,203377.16,552484.04,694256.53,3438413.27
001027-076480-00221-א,"שד יגאל אלון 221א, דימונה",דימונה,שד יגאל אלון,221,א,8603162,street,203377.16,552484.04,694256.53,3438413.27
001027-076480-00221-ב,"שד יגאל אלון 221ב, דימונה",דימונה,שד יגאל אלון,221,ב,8603163,street,203377.16,552484.04,694256.53,3438413.27
001027-076480-00221-ד,"שד יגאל אלון 221ד, דימונה",דימונה,שד יגאל אלון,221,ד,8603165,street,203377.16,552484.04,694256.53,3438413.27
001027-076480-00221-ה,"שד יגאל אלון 221ה, דימונה",דימונה,שד יגאל אלון,221,ה,8603166,street,203377.16,552484.04,694256.53,3438413.27
001027-076480-00221-ו,"שד יגאל אלון 221ו, דימונה",דימונה,שד יגאל אלון,221,ו,8603167,street,203377.16,552484.04,694256.53,3438413.27
001027-076480-00221-ז,"שד יגאל אלון 221ז, דימונה",דימונה,שד יגאל אלון,221,ז,8603168,street,203377.16,552484.04,694256.53,3438413.27
001027-076480-00221-ח,"שד יגאל אלון 221ח, דימונה",דימונה,שד יגאל אלון,221,ח,8603169,street,203377.16,552484.04,694256.53,3438413.27
001027-076480-00221-ט,"שד יגאל אלון 221ט, דימונה",דימונה,שד יגאל אלון,221,ט,8603170,street,203377.16,552484.04,694256.53,3438413.27
001027-076480-00501-X,"שד יגאל אלון 501, דימונה",דימונה,שד יגאל אלון,501,,8603171,street,203377.16,552484.04,694256.53,3438413.27
001027-076480-00501-א,"שד יגאל אלון 501א, דימונה",דימונה,שד יגאל אלון,501,א,8603172,street,203377.16,552484.04,694256.53,3438413.27
001027-076480-00501-ב,"שד יגאל אלון 501ב, דימונה",דימונה,שד יגאל אלון,501,ב,8603173,street,203377.16,552484.04,694256.53,3438413.27
001027-076793-00000-X,"הנרקיס, דימונה",דימונה,הנרקיס,,,8603600,street,202982.19,552397.73,693863.33,3438319.13
001027-076793-00007-X,"הנרקיס 7, דימונה",דימונה,הנרקיס,7,,8603602,exact,202999.62,552410.42,693880.50,3438332.17
001027-076793-00009-X,"הנרקיס 9, דימונה",דימונה,הנרקיס,9,,8603604,exact,203026.55,552411.78,693907.40,3438334.06
001027-076793-00010-X,"הנרקיס 10, דימונה",דימונה,הנרקיס,10,,8603605,exact,202960.61,552384.74,693842.01,3438305.72
001027-076793-00011-X,"הנרקיס 11, דימונה",דימונה,הנרקיס,11,,8603606,exact,203046.24,552411.15,693927.10,3438333.82
001027-076793-00013-X,"הנרקיס 13, דימונה",דימונה,הנרקיס,13,,8603607,street,202982.19,552397.73,693863.33,3438319.13
001027-076793-00014-X,"הנרקיס 14, דימונה",דימונה,הנרקיס,14,,8603619,exact,202974.41,552384.47,693855.81,3438305.72
001027-076793-00014-א,"הנרקיס 14א, דימונה",דימונה,הנרקיס,14,א,8603620,exact,202974.41,552384.47,693855.81,3438305.72
001027-076793-00014-ב,"הנרקיס 14ב, דימונה",דימונה,הנרקיס,14,ב,8603621,exact,202974.41,552384.47,693855.81,3438305.72
001027-076793-00749-X,"הנרקיס 749, דימונה",דימונה,הנרקיס,749,,8603608,street,202982.19,552397.73,693863.33,3438319.13
001027-076793-00765-X,"הנרקיס 765, דימונה",דימונה,הנרקיס,765,,8603610,street,202982.19,552397.73,693863.33,3438319.13
001027-076793-00766-X,"הנרקיס 766, דימונה",דימונה,הנרקיס,766,,8603611,street,202982.19,552397.73,693863.33,3438319.13
001027-076793-00767-X,"הנרקיס 767, דימונה",דימונה,הנרקיס,767,,8603612,street,202982.19,552397.73,693863.33,3438319.13
001027-076793-00769-X,"הנרקיס 769, דימונה",דימונה,הנרקיס,769,,8603614,street,202982.19,552397.73,693863.33,3438319.13
001027-076793-00770-X,"הנרקיס 770, דימונה",דימונה,הנרקיס,770,,8603615,street,202982.19,552397.73,693863.33,3438319.13
001027-076793-00771-X,"הנרקיס 771, דימונה",דימונה,הנרקיס,771,,8603616,street,202982.19,552397.73,693863.33,3438319.13
001027-076793-00772-X,"הנרקיס 772, דימונה",דימונה,הנרקיס,772,,8603617,street,202982.19,552397.73,693863.33,3438319.13
001027-077042-00004-X,"מצדה 4, דימונה",דימונה,מצדה,4,,8601252,exact,202765.85,552265.24,693649.65,3438182.37
001027-077042-00005-X,"מצדה 5, דימונה",דימונה,מצדה,5,,8601201,exact,202824.57,552285.64,693707.96,3438203.93
001027-077042-00009-X,"מצדה 9, דימונה",דימונה,מצדה,9,,8601203,exact,202839.52,552282.86,693722.96,3438201.45
001027-077042-00011-X,"מצדה 11, דימונה",דימונה,מצדה,11,,8601204,street,202919.76,552256.97,693803.70,3438177.15
001027-077042-00021-X,"מצדה 21, דימונה",דימונה,מצדה,21,,8601205,street,202919.76,552256.97,693803.70,3438177.15
001027-077042-00021-א,"מצדה 21א, דימונה",דימונה,מצדה,21,א,8601206,street,202919.76,552256.97,693803.70,3438177.15
001027-077042-00021-ב,"מצדה 21ב, דימונה",דימונה,מצדה,21,ב,8601207,street,202919.76,552256.97,693803.70,3438177.15
001027-077042-00037-X,"מצדה 37, דימונה",דימונה,מצדה,37,,8601254,street,202919.76,552256.97,693803.70,3438177.15
001027-077042-00043-X,"מצדה 43, דימונה",דימונה,מצדה,43,,8601208,exact,202947.47,552269.32,693831.16,3438190.05
001027-077042-00045-X,"מצדה 45, דימונה",דימונה,מצדה,45,,8601209,exact,202967.40,552264.57,693851.19,3438185.70
001027-077042-00143-X,"מצדה 143, דימונה",דימונה,מצדה,143,,8601210,street,202919.76,552256.97,693803.70,3438177.15
001027-077042-00144-X,"מצדה 144, דימונה",דימונה,מצדה,144,,8601211,street,202919.76,552256.97,693803.70,3438177.15
001027-077042-00146-X,"מצדה 146, דימונה",דימונה,מצדה,146,,8601213,street,202919.76,552256.97,693803.70,3438177.15
001027-077042-00147-X,"מצדה 147, דימונה",דימונה,מצדה,147,,8601214,street,202919.76,552256.97,693803.70,3438177.15
001027-077042-00148-X,"מצדה 148, דימונה",דימונה,מצדה,148,,8601215,street,202919.76,552256.97,693803.70,3438177.15
001027-077042-00149-X,"מצדה 149, דימונה",דימונה,מצדה,149,,8601216,street,202919.76,552256.97,693803.70,3438177.15
001027-077042-00150-X,"מצדה 150, דימונה",דימונה,מצדה,150,,8601217,street,202919.76,552256.97,693803.70,3438177.15
001027-077042-00153-X,"מצדה 153, דימונה",דימונה,מצדה,153,,8601220,street,202919.76,552256.97,693803.70,3438177.15
001027-077042-00154-X,"מצדה 154, דימונה",דימונה,מצדה,154,,8601221,street,202919.76,552256.97,693803.70,3438177.15
001027-077042-00155-X,"מצדה 155, דימונה",דימונה,מצדה,155,,8601222,street,202919.76,552256.97,693803.70,3438177.15
001027-077042-00156-X,"מצדה 156, דימונה",דימונה,מצדה,156,,8601223,street,202919.76,552256.97,693803.70,3438177.15
001027-077042-00157-X,"מצדה 157, דימונה",דימונה,מצדה,157,,8601224,street,202919.76,552256.97,693803.70,3438177.15
001027-077042-00158-X,"מצדה 158, דימונה",דימונה,מצדה,158,,8601225,street,202919.76,552256.97,693803.70,3438177.15
001027-077164-00000-X,"הכלנית, דימונה",דימונה,הכלנית,,,8603700,street,202933.93,552334.38,693816.33,3438254.83
001027-077164-00001-X,"הכלנית 1, דימונה",דימונה,הכלנית,1,,8603732,exact,202877.23,552349.51,693759.34,3438268.84
001027-077164-00008-X,"הכלנית 8, דימונה",דימונה,הכלנית,8,,8603733,exact,202856.64,552332.26,693739.10,3438251.18
001027-077164-00025-X,"הכלנית 25, דימונה",דימונה,הכלנית,25,,8603734,exact,203029.94,552347.63,693912.07,3438269.99
001027-077164-00724-X,"הכלנית 724, דימונה",דימונה,הכלנית,724,,8603701,street,202933.93,552334.38,693816.33,3438254.83
001027-077164-00725-X,"הכלנית 725, דימונה",דימונה,הכלנית,725,,8603702,street,202933.93,552334.38,693816.33,3438254.83
001027-077164-00726-X,"הכלנית 726, דימונה",דימונה,הכלנית,726,,8603703,street,202933.93,552334.38,693816.33,3438254.83
001027-077164-00727-X,"הכלנית 727, דימונה",דימונה,הכלנית,727,,8603704,street,202933.93,552334.38,693816.33,3438254.83
001027-077164-00728-X,"הכלנית 728, דימונה",דימונה,הכלנית,728,,8603705,street,202933.93,552334.38,693816.33,3438254.83
001027-077164-00729-X,"הכלנית 729, דימונה",דימונה,הכלנית,729,,8603706,street,202933.93,552334.38,693816.33,3438254.83
001027-077164-00730-X,"הכלנית 730, דימונה",דימונה,הכלנית,730,,8603707,street,202933.93,552334.38,693816.33,3438254.83
001027-077164-00731-X,"הכלנית 731, דימונה",דימונה,הכלנית,731,,8603708,street,202933.93,552334.38,693816.33,3438254.83
001027-077164-00733-X,"הכלנית 733, דימונה",דימונה,הכלנית,733,,8603709,street,202933.93,552334.38,693816.33,3438254.83
001027-077164-00736-X,"הכלנית 736, דימונה",דימונה,הכלנית,736,,8603711,street,202933.93,552334.38,693816.33,3438254.83
001027-077164-00737-X,"הכלנית 737, דימונה",דימונה,הכלנית,737,,8603712,street,202933.93,552334.38,693816.33,3438254.83
001027-077164-00739-X,"הכלנית 739, דימונה",דימונה,הכלנית,739,,8603714,street,202933.93,552334.38,693816.33,3438254.83
001027-077164-00741-X,"הכלנית 741, דימונה",דימונה,הכלנית,741,,8603716,street,202933.93,552334.38,693816.33,3438254.83
001027-077164-00742-X,"הכלנית 742, דימונה",דימונה,הכלנית,742,,8603717,street,202933.93,552334.38,693816.33,3438254.83
001027-077164-00743-X,"הכלנית 743, דימונה",דימונה,הכלנית,743,,8603718,street,202933.93,552334.38,693816.33,3438254.83
001027-077164-00746-X,"הכלנית 746, דימונה",דימונה,הכלנית,746,,8603721,street,202933.93,552334.38,693816.33,3438254.83
001027-077164-00754-X,"הכלנית 754, דימונה",דימונה,הכלנית,754,,8603723,street,202933.93,552334.38,693816.33,3438254.83
001027-077164-00755-X,"הכלנית 755, דימונה",דימונה,הכלנית,755,,8603724,street,202933.93,552334.38,693816.33,3438254.83
001027-077164-00756-X,"הכלנית 756, דימונה",דימונה,הכלנית,756,,8603725,street,202933.93,552334.38,693816.33,3438254.83
001027-077164-00758-X,"הכלנית 758, דימונה",דימונה,הכלנית,758,,8603727,street,202933.93,552334.38,693816.33,3438254.83
001027-077164-00759-X,"הכלנית 759, דימונה",דימונה,הכלנית,759,,8603728,street,202933.93,552334.38,693816.33,3438254.83
001027-077164-00760-X,"הכלנית 760, דימונה",דימונה,הכלנית,760,,8603729,street,202933.93,552334.38,693816.33,3438254.83
001027-077164-00761-X,"הכלנית 761, דימונה",דימונה,הכלנית,761,,8603730,street,202933.93,552334.38,693816.33,3438254.83
001027-077164-00762-X,"הכלנית 762, דימונה",דימונה,הכלנית,762,,8603731,street,202933.93,552334.38,693816.33,3438254.83
001027-077597-00000-X,"נוה מדבר, דימונה",דימונה,נוה מדבר,,,8601300,street,202685.35,552167.71,693571.10,3438083.25
001027-077597-00033-X,"נוה מדבר 33, דימונה",דימונה,נוה מדבר,33,,8601301,exact,202658.77,552158.39,693544.71,3438073.41
001027-077597-00058-X,"נוה מדבר 58, דימונה",דימונה,נוה מדבר,58,,8601382,exact,202572.78,552204.33,693457.82,3438117.63
001027-077597-00102-X,"נוה מדבר 102, דימונה",דימונה,נוה מדבר,102,,8601302,street,202685.35,552167.71,693571.10,3438083.25
001027-077597-00104-X,"נוה מדבר 104, דימונה",דימונה,נוה מדבר,104,,8601303,street,202685.35,552167.71,693571.10,3438083.25
001027-077597-00105-X,"נוה מדבר 105, דימונה",דימונה,נוה מדבר,105,,8601341,street,202685.35,552167.71,693571.10,3438083.25
001027-077597-00108-X,"נוה מדבר 108, דימונה",דימונה,נוה מדבר,108,,8601305,street,202685.35,552167.71,693571.10,3438083.25
001027-077597-00112-X,"נוה מדבר 112, דימונה",דימונה,נוה מדבר,112,,8601307,street,202685.35,552167.71,693571.10,3438083.25
001027-077597-00113-X,"נוה מדבר 113, דימונה",דימונה,נוה מדבר,113,,8601345,street,202685.35,552167.71,693571.10,3438083.25
001027-077597-00117-X,"נוה מדבר 117, דימונה",דימונה,נוה מדבר,117,,8601347,street,202685.35,552167.71,693571.10,3438083.25
001027-077597-00119-X,"נוה מדבר 119, דימונה",דימונה,נוה מדבר,119,,8601348,street,202685.35,552167.71,693571.10,3438083.25
001027-077597-00120-X,"נוה מדבר 120, דימונה",דימונה,נוה מדבר,120,,8601311,street,202685.35,552167.71,693571.10,3438083.25
001027-077597-00121-X,"נוה מדבר 121, דימונה",דימונה,נוה מדבר,121,,8601349,street,202685.35,552167.71,693571.10,3438083.25
001027-077597-00122-X,"נוה מדבר 122, דימונה",דימונה,נוה מדבר,122,,8601312,street,202685.35,552167.71,693571.10,3438083.25
001027-077597-00123-X,"נוה מדבר 123, דימונה",דימונה,נוה מדבר,123,,8601350,street,202685.35,552167.71,693571.10,3438083.25
001027-077597-00124-X,"נוה מדבר 124, דימונה",דימונה,נוה מדבר,124,,8601313,street,202685.35,552167.71,693571.10,3438083.25
001027-077597-00126-X,"נוה מדבר 126, דימונה",דימונה,נוה מדבר,126,,8601314,street,202685.35,552167.71,693571.10,3438083.25
001027-077597-00127-X,"נוה מדבר 127, דימונה",דימונה,נוה מדבר,127,,8601352,street,202685.35,552167.71,693571.10,3438083.25
001027-077597-00130-X,"נוה מדבר 130, דימונה",דימונה,נוה מדבר,130,,8601316,street,202685.35,552167.71,693571.10,3438083.25
001027-077597-00131-X,"נוה מדבר 131, דימונה",דימונה,נוה מדבר,131,,8601354,street,202685.35,552167.71,693571.10,3438083.25
001027-077597-00132-X,"נוה מדבר 132, דימונה",דימונה,נוה מדבר,132,,8601317,street,202685.35,552167.71,693571.10,3438083.25
001027-077597-00133-X,"נוה מדבר 133, דימונה",דימונה,נוה מדבר,133,,8601355,street,202685.35,552167.71,693571.10,3438083.25
001027-077597-00134-X,"נוה מדבר 134, דימונה",דימונה,נוה מדבר,134,,8601318,street,202685.35,552167.71,693571.10,3438083.25
001027-077597-00135-X,"נוה מדבר 135, דימונה",דימונה,נוה מדבר,135,,8601369,street,202685.35,552167.71,693571.10,3438083.25
001027-077597-00137-X,"נוה מדבר 137, דימונה",דימונה,נוה מדבר,137,,8601370,street,202685.35,552167.71,693571.10,3438083.25
001027-077597-00141-X,"נוה מדבר 141, דימונה",דימונה,נוה מדבר,141,,8601372,street,202685.35,552167.71,693571.10,3438083.25
001027-077597-00145-X,"נוה מדבר 145, דימונה",דימונה,נוה מדבר,145,,8601374,street,202685.35,552167.71,693571.10,3438083.25
001027-077597-00147-X,"נוה מדבר 147, דימונה",דימונה,נוה מדבר,147,,8601375,street,202685.35,552167.71,693571.10,3438083.25
001027-077597-00149-X,"נוה מדבר 149, דימונה",דימונה,נוה מדבר,149,,8601376,street,202685.35,552167.71,693571.10,3438083.25
001027-077597-00151-X,"נוה מדבר 151, דימונה",דימונה,נוה מדבר,151,,8601377,street,202685.35,552167.71,693571.10,3438083.25
001027-077597-00157-X,"נוה מדבר 157, דימונה",דימונה,נוה מדבר,157,,8601380,street,202685.35,552167.71,693571.10,3438083.25
001027-077597-00159-X,"נוה מדבר 159, דימונה",דימונה,נוה מדבר,159,,8601356,street,202685.35,552167.71,693571.10,3438083.25
001027-077597-00160-X,"נוה מדבר 160, דימונה",דימונה,נוה מדבר,160,,8601319,street,202685.35,552167.71,693571.10,3438083.25
001027-077597-00161-X,"נוה מדבר 161, דימונה",דימונה,נוה מדבר,161,,8601357,street,202685.35,552167.71,693571.10,3438083.25
001027-077597-00162-X,"נוה מדבר 162, דימונה",דימונה,נוה מדבר,162,,8601320,street,202685.35,552167.71,693571.10,3438083.25
001027-077597-00163-X,"נוה מדבר 163, דימונה",דימונה,נוה מדבר,163,,8601358,street,202685.35,552167.71,693571.10,3438083.25
001027-077597-00166-X,"נוה מדבר 166, דימונה",דימונה,נוה מדבר,166,,8601322,street,202685.35,552167.71,693571.10,3438083.25
001027-077597-00167-X,"נוה מדבר 167, דימונה",דימונה,נוה מדבר,167,,8601360,street,202685.35,552167.71,693571.10,3438083.25
001027-077597-00169-X,"נוה מדבר 169, דימונה",דימונה,נוה מדבר,169,,8601361,street,202685.35,552167.71,693571.10,3438083.25
001027-077597-00171-X,"נוה מדבר 171, דימונה",דימונה,נוה מדבר,171,,8601362,street,202685.35,552167.71,693571.10,3438083.25
001027-077597-00172-X,"נוה מדבר 172, דימונה",דימונה,נוה מדבר,172,,8601325,street,202685.35,552167.71,693571.10,3438083.25
001027-077597-00173-X,"נוה מדבר 173, דימונה",דימונה,נוה מדבר,173,,8601363,street,202685.35,552167.71,693571.10,3438083.25
001027-077597-00174-X,"נוה מדבר 174, דימונה",דימונה,נוה מדבר,174,,8601326,street,202685.35,552167.71,693571.10,3438083.25
001027-077597-00176-X,"נוה מדבר 176, דימונה",דימונה,נוה מדבר,176,,8601327,street,202685.35,552167.71,693571.10,3438083.25
001027-077597-00177-X,"נוה מדבר 177, דימונה",דימונה,נוה מדבר,177,,8601365,street,202685.35,552167.71,693571.10,3438083.25
001027-077597-00178-X,"נוה מדבר 178, דימונה",דימונה,נוה מדבר,178,,8601328,street,202685.35,552167.71,693571.10,3438083.25
001027-077597-00181-X,"נוה מדבר 181, דימונה",דימונה,נוה מדבר,181,,8601367,street,202685.35,552167.71,693571.10,3438083.25
001027-077597-00182-X,"נוה מדבר 182, דימונה",דימונה,נוה מדבר,182,,8601330,street,202685.35,552167.71,693571.10,3438083.25
001027-077597-00183-X,"נוה מדבר 183, דימונה",דימונה,נוה מדבר,183,,8601368,street,202685.35,552167.71,693571.10,3438083.25
001027-077597-00185-X,"נוה מדבר 185, דימונה",דימונה,נוה מדבר,185,,8601381,street,202685.35,552167.71,693571.10,3438083.25
001027-077659-00000-X,"בבא סאלי, דימונה",דימונה,בבא סאלי,,,8601700,street,203011.54,552145.06,693897.69,3438067.09
001027-077659-00001-X,"בבא סאלי 1, דימונה",דימונה,בבא סאלי,1,,8601001,exact,202483.96,552131.08,693370.46,3438042.63
001027-077659-00002-X,"בבא סאלי 2, דימונה",דימונה,בבא סאלי,2,,8601002,street,203011.54,552145.06,693897.69,3438067.09
001027-077659-00003-X,"בבא סאלי 3, דימונה",דימונה,בבא סאלי,3,,8601003,exact,202492.35,552132.70,693378.82,3438044.42
001027-077659-00005-X,"בבא סאלי 5, דימונה",דימונה,בבא סאלי,5,,8601005,exact,202502.13,552119.72,693388.86,3438031.63
001027-077659-00006-X,"בבא סאלי 6, דימונה",דימונה,בבא סאלי,6,,8601006,street,203011.54,552145.06,693897.69,3438067.09
001027-077659-00007-X,"בבא סאלי 7, דימונה",דימונה,בבא סאלי,7,,8601007,exact,202512.68,552117.20,693399.45,3438029.32
001027-077659-00008-X,"בבא סאלי 8, דימונה",דימונה,בבא סאלי,8,,8601008,street,203011.54,552145.06,693897.69,3438067.09
001027-077659-00009-X,"בבא סאלי 9, דימונה",דימונה,בבא סאלי,9,,8601009,exact,202536.63,552101.78,693423.71,3438014.37
001027-077659-00011-X,"בבא סאלי 11, דימונה",דימונה,בבא סאלי,11,,8601011,exact,202546.68,552101.09,693433.78,3438013.89
001027-077659-00012-X,"בבא סאלי 12, דימונה",דימונה,בבא סאלי,12,,8601012,exact,202596.58,552009.73,693485.48,3437923.53
001027-077659-00013-X,"בבא סאלי 13, דימונה",דימונה,בבא סאלי,13,,8601013,exact,202558.05,552088.39,693445.39,3438001.42
001027-077659-00014-X,"בבא סאלי 14, דימונה",דימונה,בבא סאלי,14,,8601014,exact,202619.28,552016.40,693508.04,3437930.65
001027-077659-00016-X,"בבא סאלי 16, דימונה",דימונה,בבא סאלי,16,,8601016,street,203011.54,552145.06,693897.69,3438067.09
001027-077659-00017-X,"בבא סאלי 17, דימונה",דימונה,בבא סאלי,17,,8601017,exact,202580.03,552080.83,693467.52,3437994.29
001027-077659-00018-X,"בבא סאלי 18, דימונה",דימונה,בבא סאלי,18,,8601018,exact,202635.34,552017.75,693524.07,3437932.33
001027-077659-00019-X,"בבא סאלי 19, דימונה",דימונה,בבא סאלי,19,,8601019,exact,202593.89,552080.89,693481.38,3437994.63
001027-077659-00020-X,"בבא סאלי 20, דימונה",דימונה,בבא סאלי,20,,8601020,exact,202644.45,552019.41,693533.15,3437934.16
001027-077659-00021-X,"בבא סאלי 21, דימונה",דימונה,בבא סאלי,21,,8601021,exact,202607.41,552066.47,693495.18,3437980.48
001027-077659-00022-X,"בבא סאלי 22, דימונה",דימונה,בבא סאלי,22,,8601022,exact,202658.99,552021.48,693547.64,3437936.52
001027-077659-00023-X,"בבא סאלי 23, דימונה",דימונה,בבא סאלי,23,,8601023,exact,202642.11,552090.99,693529.38,3438005.68
001027-077659-00024-X,"בבא סאלי 24, דימונה",דימונה,בבא סאלי,24,,8601024,exact,202666.47,552023.88,693555.08,3437939.07
001027-077659-00025-X,"בבא סאלי 25, דימונה",דימונה,בבא סאלי,25,,8601025,exact,202650.87,552084.22,693538.29,3437999.09
001027-077659-00026-X,"בבא סאלי 26, דימונה",דימונה,בבא סאלי,26,,8601026,exact,202684.18,552024.78,693572.76,3437940.32
001027-077659-00027-X,"בבא סאלי 27, דימונה",דימונה,בבא סאלי,27,,8601027,exact,202664.90,552083.01,693552.33,3437998.16
001027-077659-00028-X,"בבא סאלי 28, דימונה",דימונה,בבא סאלי,28,,8601028,exact,202695.17,552029.68,693583.66,3437945.44
001027-077659-00029-X,"בבא סאלי 29, דימונה",דימונה,בבא סאלי,29,,8601029,exact,202675.94,552084.54,693563.34,3437999.90
001027-077659-00030-X,"בבא סאלי 30, דימונה",דימונה,בבא סאלי,30,,8601030,exact,202715.85,552028.59,693604.35,3437944.75
001027-077659-00031-X,"בבא סאלי 31, דימונה",דימונה,בבא סאלי,31,,8601031,exact,202696.85,552077.11,693584.39,3437992.89
001027-077659-00032-X,"בבא סאלי 32, דימונה",דימונה,בבא סאלי,32,,8601032,exact,202718.97,552025.53,693607.53,3437941.76
001027-077659-00033-X,"בבא סאלי 33, דימונה",דימונה,בבא סאלי,33,,8601033,exact,202701.30,552080.26,693588.78,3437996.13
001027-077659-00034-X,"בבא סאלי 34, דימונה",דימונה,בבא סאלי,34,,8601034,exact,202734.25,552025.83,693622.81,3437942.36
001027-077659-00035-X,"בבא סאלי 35, דימונה",דימונה,בבא סאלי,35,,8601035,exact,202711.95,552069.38,693599.65,3437985.47
001027-077659-00037-X,"בבא סאלי 37, דימונה",דימונה,בבא סאלי,37,,8601037,exact,202721.79,552060.11,693609.67,3437976.40
001027-077659-00038-X,"בבא סאלי 38, דימונה",דימונה,בבא סאלי,38,,8601038,exact,202759.72,552018.42,693648.43,3437935.46
001027-077659-00039-X,"בבא סאלי 39, דימונה",דימונה,בבא סאלי,39,,8601039,exact,202748.07,552070.75,693635.74,3437987.55
001027-077659-00041-X,"בבא סאלי 41, דימונה",דימונה,בבא סאלי,41,,8601041,exact,202759.19,552073.65,693646.80,3437990.67
001027-077659-00043-X,"בבא סאלי 43, דימונה",דימונה,בבא סאלי,43,,8601042,exact,202774.59,552070.99,693662.25,3437988.31
001027-077659-00045-X,"בבא סאלי 45, דימונה",דימונה,בבא סאלי,45,,8601043,exact,202783.85,552059.99,693671.73,3437977.50
001027-077659-00063-X,"בבא סאלי 63, דימונה",דימונה,בבא סאלי,63,,8601702,street,203011.54,552145.06,693897.69,3438067.09
001027-077659-00064-X,"בבא סאלי 64, דימונה",דימונה,בבא סאלי,64,,8601703,exact,203010.54,552114.37,693897.30,3438036.38
001027-077659-00064-א,"בבא סאלי 64א, דימונה",דימונה,בבא סאלי,64,א,8601704,exact,203010.54,552114.37,693897.30,3438036.38
001027-077659-00064-ב,"בבא סאלי 64ב, דימונה",דימונה,בבא סאלי,64,ב,8601705,exact,203010.54,552114.37,693897.30,3438036.38
001027-077659-00065-X,"בבא סאלי 65, דימונה",דימונה,בבא סאלי,65,,8601706,exact,203041.68,552127.58,693928.18,3438050.20
001027-077659-00065-א,"בבא סאלי 65א, דימונה",דימונה,בבא סאלי,65,א,8601707,exact,203041.68,552127.58,693928.18,3438050.20
001027-077659-00065-ב,"בבא סאלי 65ב, דימונה",דימונה,בבא סאלי,65,ב,8601708,exact,203041.68,552127.58,693928.18,3438050.20
001027-077659-00066-X,"בבא סאלי 66, דימונה",דימונה,בבא סאלי,66,,8601709,exact,203079.51,552142.89,693965.69,3438066.26
001027-077659-00066-א,"בבא סאלי 66א, דימונה",דימונה,בבא סאלי,66,א,8601710,exact,203079.51,552142.89,693965.69,3438066.26
001027-077659-00067-X,"בבא סאלי 67, דימונה",דימונה,בבא סאלי,67,,8601712,street,203011.54,552145.06,693897.69,3438067.09
001027-077659-00068-X,"בבא סאלי 68, דימונה",דימונה,בבא סאלי,68,,8601713,exact,203131.50,552183.06,694016.88,3438107.45
001027-077659-00068-א,"בבא סאלי 68א, דימונה",דימונה,בבא סאלי,68,א,8601714,exact,203131.50,552183.06,694016.88,3438107.45
001027-077659-00069-X,"בבא סאלי 69, דימונה",דימונה,בבא סאלי,69,,8601716,exact,203176.80,552200.25,694061.83,3438125.55
001027-077659-00069-א,"בבא סאלי 69א, דימונה",דימונה,בבא סאלי,69,א,8601717,exact,203176.80,552200.25,694061.83,3438125.55
001027-077659-00069-ב,"בבא סאלי 69ב, דימונה",דימונה,בבא סאלי,69,ב,8601718,exact,203176.80,552200.25,694061.83,3438125.55
001027-077659-00070-X,"בבא סאלי 70, דימונה",דימונה,בבא סאלי,70,,8601719,exact,203208.81,552212.80,694093.59,3438138.72
001027-077659-00071-X,"בבא סאלי 71, דימונה",דימונה,בבא סאלי,71,,8601723,exact,203275.86,552229.62,694160.29,3438156.88
001027-077659-00071-א,"בבא סאלי 71א, דימונה",דימונה,בבא סאלי,71,א,8601724,exact,203275.86,552229.62,694160.29,3438156.88
001027-077659-00071-ב,"בבא סאלי 71ב, דימונה",דימונה,בבא סאלי,71,ב,8601725,exact,203275.86,552229.62,694160.29,3438156.88
001027-077659-00071-ג,"בבא סאלי 71ג, דימונה",דימונה,בבא סאלי,71,ג,8601726,exact,203275.86,552229.62,694160.29,3438156.88
001027-077659-00072-X,"בבא סאלי 72, דימונה",דימונה,בבא סאלי,72,,8601727,exact,203013.14,552117.26,693899.84,3438039.32
001027-077659-00072-ב,"בבא סאלי 72ב, דימונה",דימונה,בבא סאלי,72,ב,8601729,exact,203013.14,552117.26,693899.84,3438039.32
001027-077659-00072-ג,"בבא סאלי 72ג, דימונה",דימונה,בבא סאלי,72,ג,8601730,exact,203013.14,552117.26,693899.84,3438039.32
001027-077659-00073-א,"בבא סאלי 73א, דימונה",דימונה,בבא סאלי,73,א,8601732,exact,203062.79,552214.17,693947.56,3438137.20
001027-077659-00074-X,"בבא סאלי 74, דימונה",דימונה,בבא סאלי,74,,8601734,exact,203045.78,552129.56,693932.23,3438052.26
001027-077659-00074-א,"בבא סאלי 74א, דימונה",דימונה,בבא סאלי,74,א,8601735,exact,203045.78,552129.56,693932.23,3438052.26
001027-077659-00074-ב,"בבא סאלי 74ב, דימונה",דימונה,בבא סאלי,74,ב,8601736,exact,203045.78,552129.56,693932.23,3438052.26
001027-077659-00075-X,"בבא סאלי 75, דימונה",דימונה,בבא סאלי,75,,8601737,exact,203068.47,552209.05,693953.34,3438132.20
001027-077659-00075-א,"בבא סאלי 75א, דימונה",דימונה,בבא סאלי,75,א,8601738,exact,203068.47,552209.05,693953.34,3438132.20
001027-077659-00076-X,"בבא סאלי 76, דימונה",דימונה,בבא סאלי,76,,8601740,exact,203054.91,552133.94,693941.27,3438056.82
001027-077659-00076-ב,"בבא סאלי 76ב, דימונה",דימונה,בבא סאלי,76,ב,8601742,exact,203054.91,552133.94,693941.27,3438056.82
001027-077659-00077-X,"בבא סאלי 77, דימונה",דימונה,בבא סאלי,77,,8601744,exact,203155.18,552239.97,694039.42,3438164.83
001027-077659-00077-א,"בבא סאלי 77א, דימונה",דימונה,בבא סאלי,77,א,8601745,exact,203155.18,552239.97,694039.42,3438164.83
001027-077659-00077-ב,"בבא סאלי 77ב, דימונה",דימונה,בבא סאלי,77,ב,8601746,exact,203155.18,552239.97,694039.42,3438164.83
001027-077659-00077-ג,"בבא סאלי 77ג, דימונה",דימונה,בבא סאלי,77,ג,8601747,exact,203155.18,552239.97,694039.42,3438164.83
001027-077659-00078-X,"בבא סאלי 78, דימונה",דימונה,בבא סאלי,78,,8601748,exact,203070.61,552139.49,693956.86,3438062.68
001027-077659-00078-א,"בבא סאלי 78א, דימונה",דימונה,בבא סאלי,78,א,8601749,exact,203070.61,552139.49,693956.86,3438062.68
001027-077659-00078-ב,"בבא סאלי 78ב, דימונה",דימונה,בבא סאלי,78,ב,8601750,exact,203070.61,552139.49,693956.86,3438062.68
001027-077659-00078-ג,"בבא סאלי 78ג, דימונה",דימונה,בבא סאלי,78,ג,8601751,exact,203070.61,552139.49,693956.86,3438062.68
001027-077659-00079-X,"בבא סאלי 79, דימונה",דימונה,בבא סאלי,79,,8601752,exact,203292.62,552274.07,694176.16,3438201.65
001027-077659-00079-ב,"בבא סאלי 79ב, דימונה",דימונה,בבא סאלי,79,ב,8601754,exact,203292.62,552274.07,694176.16,3438201.65
001027-077659-00080-X,"בבא סאלי 80, דימונה",דימונה,בבא סאלי,80,,8601756,exact,203083.79,552144.07,693969.95,3438067.52
001027-077659-00082-X,"בבא סאלי 82, דימונה",דימונה,בבא סאלי,82,,8601757,exact,203109.29,552176.21,693994.80,3438100.17
001027-077659-00084-X,"בבא סאלי 84, דימונה",דימונה,בבא סאלי,84,,8601758,exact,203130.18,552184.80,694015.53,3438109.17
001027-077659-00086-X,"בבא סאלי 86, דימונה",דימונה,בבא סאלי,86,,8601759,exact,203143.85,552189.54,694029.09,3438114.18
001027-077659-00087-X,"בבא סאלי 87, דימונה",דימונה,בבא סאלי,87,,8601901,exact,203176.99,552236.77,694061.30,3438162.06
001027-077659-00088-X,"בבא סאלי 88, דימונה",דימונה,בבא סאלי,88,,8601902,exact,203168.14,552197.87,694053.22,3438122.99
001027-077659-00089-X,"בבא סאלי 89, דימונה",דימונה,בבא סאלי,89,,8601903,exact,203225.14,552252.77,694109.12,3438179.02
001027-077659-00090-X,"בבא סאלי 90, דימונה",דימונה,בבא סאלי,90,,8601904,exact,203182.05,552204.43,694066.99,3438129.83
001027-077659-00091-X,"בבא סאלי 91, דימונה",דימונה,בבא סאלי,91,,8601905,exact,203242.57,552256.67,694126.47,3438183.26
001027-077659-00094-X,"בבא סאלי 94, דימונה",דימונה,בבא סאלי,94,,8601907,exact,203215.65,552216.38,694100.36,3438142.44
001027-077659-00098-X,"בבא סאלי 98, דימונה",דימונה,בבא סאלי,98,,8601909,exact,203251.26,552223.68,694135.81,3438150.45
001027-077659-00100-X,"בבא סאלי 100, דימונה",דימונה,בבא סאלי,100,,8601910,exact,203266.34,552228.63,694150.79,3438155.70
001027-077659-00102-X,"בבא סאלי 102, דימונה",דימונה,בבא סאלי,102,,8601911,exact,203280.51,552233.36,694164.87,3438160.71
001027-077659-00104-X,"בבא סאלי 104, דימונה",דימונה,בבא סאלי,104,,8601912,exact,203326.99,552249.01,694211.03,3438177.28
001027-077659-00105-X,"בבא סאלי 105, דימונה",דימונה,בבא סאלי,105,,8603001,street,203011.54,552145.06,693897.69,3438067.09
001027-077659-00106-X,"בבא סאלי 106, דימונה",דימונה,בבא סאלי,106,,8601913,exact,203342.86,552251.85,694226.84,3438180.43
001027-077659-00110-X,"בבא סאלי 110, דימונה",דימונה,בבא סאלי,110,,8601915,exact,203373.33,552269.96,694256.95,3438199.15
001027-077659-00112-X,"בבא סאלי 112, דימונה",דימונה,בבא סאלי,112,,8601916,exact,203389.78,552274.68,694273.31,3438204.19
001027-077659-00114-X,"בבא סאלי 114, דימונה",דימונה,בבא סאלי,114,,8601917,exact,203407.87,552280.67,694291.27,3438210.54
001027-077659-00127-X,"בבא סאלי 127, דימונה",דימונה,בבא סאלי,127,,8601760,exact,203431.85,552375.85,694313.36,3438306.18
001027-077659-00129-X,"בבא סאלי 129, דימונה",דימונה,בבא סאלי,129,,8601761,exact,203433.77,552388.23,694315.03,3438318.60
001027-077659-00141-X,"בבא סאלי 141, דימונה",דימונה,בבא סאלי,141,,8601762,street,203011.54,552145.06,693897.69,3438067.09
001027-077659-00142-X,"בבא סאלי 142, דימונה",דימונה,בבא סאלי,142,,8601763,street,203011.54,552145.06,693897.69,3438067.09
001027-077853-00000-X,"?, דימונה",דימונה,?,,,8601400,none,,,,
001027-077853-00001-X,"? 1, דימונה",דימונה,?,1,,8601401,none,,,,
001027-077853-00002-X,"? 2, דימונה",דימונה,?,2,,8601601,none,,,,
001027-077853-00003-X,"? 3, דימונה",דימונה,?,3,,8601402,none,,,,
001027-077853-00004-X,"? 4, דימונה",דימונה,?,4,,8601602,none,,,,
001027-077853-00005-X,"? 5, דימונה",דימונה,?,5,,8601403,none,,,,
001027-077853-00006-X,"? 6, דימונה",דימונה,?,6,,8601603,none,,,,
001027-077853-00007-X,"? 7, דימונה",דימונה,?,7,,8601404,none,,,,
001027-077853-00008-X,"? 8, דימונה",דימונה,?,8,,8601604,none,,,,
001027-077853-00009-X,"? 9, דימונה",דימונה,?,9,,8601405,none,,,,
001027-077853-00011-X,"? 11, דימונה",דימונה,?,11,,8601406,none,,,,
001027-077853-00012-X,"? 12, דימונה",דימונה,?,12,,8601606,none,,,,
001027-077853-00014-X,"? 14, דימונה",דימונה,?,14,,8601607,none,,,,
001027-077853-00015-X,"? 15, דימונה",דימונה,?,15,,8601408,none,,,,
001027-077853-00016-X,"? 16, דימונה",דימונה,?,16,,8601608,none,,,,
001027-077853-00017-X,"? 17, דימונה",דימונה,?,17,,8601409,none,,,,
001027-077853-00018-X,"? 18, דימונה",דימונה,?,18,,8601609,none,,,,
001027-077853-00020-X,"? 20, דימונה",דימונה,?,20,,8601610,none,,,,
001027-077853-00022-X,"? 22, דימונה",דימונה,?,22,,8601611,none,,,,
001027-077853-00024-X,"? 24, דימונה",דימונה,?,24,,8601612,none,,,,
001027-077853-00026-X,"? 26, דימונה",דימונה,?,26,,8601613,none,,,,
001027-077853-00028-X,"? 28, דימונה",דימונה,?,28,,8601614,none,,,,
001027-077853-00030-X,"? 30, דימונה",דימונה,?,30,,8601615,none,,,,
001027-077853-00032-X,"? 32, דימונה",דימונה,?,32,,8601616,none,,,,
001027-077853-00034-X,"? 34, דימונה",דימונה,?,34,,8601617,none,,,,
001027-077853-00075-X,"? 75, דימונה",דימונה,?,75,,8601412,none,,,,
001027-078072-00000-X,"קדש, דימונה",דימונה,קדש,,,8601600,street,202704.82,551950.21,693594.88,3437866.17
001027-078072-00023-X,"קדש 23, דימונה",דימונה,קדש,23,,8601618,exact,202722.48,551920.69,693613.12,3437837.01
001027-078072-00025-X,"קדש 25, דימונה",דימונה,קדש,25,,8601620,exact,202713.18,551918.63,693603.87,3437834.76
001027-078072-00029-X,"קדש 29, דימונה",דימונה,קדש,29,,8601622,exact,202686.22,551910.62,693577.07,3437826.22
001027-078072-00047-X,"קדש 47, דימונה",דימונה,קדש,47,,8601624,street,202704.82,551950.21,693594.88,3437866.17
001027-078072-00048-X,"קדש 48, דימונה",דימונה,קדש,48,,8601625,street,202704.82,551950.21,693594.88,3437866.17
001027-078072-00049-X,"קדש 49, דימונה",דימונה,קדש,49,,8601626,street,202704.82,551950.21,693594.88,3437866.17
001027-078072-00050-X,"קדש 50, דימונה",דימונה,קדש,50,,8601627,street,202704.82,551950.21,693594.88,3437866.17
001027-078072-00052-X,"קדש 52, דימונה",דימונה,קדש,52,,8601629,street,202704.82,551950.21,693594.88,3437866.17
001027-078072-00053-X,"קדש 53, דימונה",דימונה,קדש,53,,8601630,street,202704.82,551950.21,693594.88,3437866.17
001027-078072-00054-X,"קדש 54, דימונה",דימונה,קדש,54,,8601631,street,202704.82,551950.21,693594.88,3437866.17
001027-078072-00055-X,"קדש 55, דימונה",דימונה,קדש,55,,8601632,street,202704.82,551950.21,693594.88,3437866.17
001027-078072-00056-X,"קדש 56, דימונה",דימונה,קדש,56,,8601633,street,202704.82,551950.21,693594.88,3437866.17
001027-078072-00057-X,"קדש 57, דימונה",דימונה,קדש,57,,8601634,street,202704.82,551950.21,693594.88,3437866.17
001027-078072-00058-X,"קדש 58, דימונה",דימונה,קדש,58,,8601635,street,202704.82,551950.21,693594.88,3437866.17
001027-078072-00059-X,"קדש 59, דימונה",דימונה,קדש,59,,8601636,street,202704.82,551950.21,693594.88,3437866.17
001027-078072-00065-X,"קדש 65, דימונה",דימונה,קדש,65,,8601638,street,202704.82,551950.21,693594.88,3437866.17
001027-078072-00066-X,"קדש 66, דימונה",דימונה,קדש,66,,8601639,street,202704.82,551950.21,693594.88,3437866.17
001027-078072-00067-X,"קדש 67, דימונה",דימונה,קדש,67,,8601640,street,202704.82,551950.21,693594.88,3437866.17
001027-078072-00068-X,"קדש 68, דימונה",דימונה,קדש,68,,8601641,street,202704.82,551950.21,693594.88,3437866.17
001027-078072-00069-X,"קדש 69, דימונה",דימונה,קדש,69,,8601642,street,202704.82,551950.21,693594.88,3437866.17
001027-078072-00071-X,"קדש 71, דימונה",דימונה,קדש,71,,8601644,street,202704.82,551950.21,693594.88,3437866.17
001027-078072-00072-X,"קדש 72, דימונה",דימונה,קדש,72,,8601645,street,202704.82,551950.21,693594.88,3437866.17
001027-078072-00074-X,"קדש 74, דימונה",דימונה,קדש,74,,8601647,street,202704.82,551950.21,693594.88,3437866.17
001027-078072-00129-X,"קדש 129, דימונה",דימונה,קדש,129,,8601650,street,202704.82,551950.21,693594.88,3437866.17
001027-078222-00135-X,"ניצנה 135, דימונה",דימונה,ניצנה,135,,8601332,street,202958.16,552147.39,693844.27,3438068.35
001027-078222-00136-X,"ניצנה 136, דימונה",דימונה,ניצנה,136,,8601333,street,202958.16,552147.39,693844.27,3438068.35
001027-078222-00137-X,"ניצנה 137, דימונה",דימונה,ניצנה,137,,8601334,street,202958.16,552147.39,693844.27,3438068.35
001027-078222-00138-X,"ניצנה 138, דימונה",דימונה,ניצנה,138,,8601335,street,202958.16,552147.39,693844.27,3438068.35
001027-078222-00140-X,"ניצנה 140, דימונה",דימונה,ניצנה,140,,8601337,street,202958.16,552147.39,693844.27,3438068.35
001027-078222-00141-X,"ניצנה 141, דימונה",דימונה,ניצנה,141,,8601338,street,202958.16,552147.39,693844.27,3438068.35
001027-078222-00142-X,"ניצנה 142, דימונה",דימונה,ניצנה,142,,8601339,street,202958.16,552147.39,693844.27,3438068.35
001027-079388-00001-X,"עבדת 1, דימונה",דימונה,עבדת,1,,8604801,exact,203757.32,552675.22,694632.84,3438611.98
001027-079388-00004-X,"עבדת 4, דימונה",דימונה,עבדת,4,,8604804,exact,203788.94,552675.14,694664.45,3438612.52
001027-079388-00005-X,"עבדת 5, דימונה",דימונה,עבדת,5,,8604805,exact,203761.04,552695.66,694636.15,3438632.48
001027-079388-00006-X,"עבדת 6, דימונה",דימונה,עבדת,6,,8604806,exact,203792.15,552689.49,694667.37,3438626.93
001027-079388-00008-X,"עבדת 8, דימונה",דימונה,עבדת,8,,8604808,exact,203796.06,552695.72,694671.16,3438633.24
001027-079388-00009-X,"עבדת 9, דימונה",דימונה,עבדת,9,,8604809,exact,203766.80,552716.73,694641.49,3438653.67
001027-079388-00010-X,"עבדת 10, דימונה",דימונה,עבדת,10,,8604810,exact,203800.92,552708.71,694675.76,3438646.32
001027-079388-00012-X,"עבדת 12, דימונה",דימונה,עבדת,12,,8604812,exact,203803.87,552717.24,694678.54,3438654.91
001027-079388-00014-X,"עבדת 14, דימונה",דימונה,עבדת,14,,8604814,street,203895.26,552713.03,694770.00,3438652.52
001027-079388-00015-X,"עבדת 15, דימונה",דימונה,עבדת,15,,8604815,exact,203778.46,552751.57,694652.45,3438688.73
001027-079388-00016-X,"עבדת 16, דימונה",דימונה,עבדת,16,,8604816,exact,203890.13,552702.24,694765.09,3438641.63
001027-079388-00019-X,"עבדת 19, דימונה",דימונה,עבדת,19,,8604819,exact,203780.01,552770.71,694653.63,3438707.90
001027-079388-00020-X,"עבדת 20, דימונה",דימונה,עבדת,20,,8604820,exact,203942.81,552679.34,694818.21,3438619.77
001027-079388-00021-X,"עבדת 21, דימונה",דימונה,עבדת,21,,8604821,exact,203802.25,552763.96,694676.00,3438701.59
001027-079388-00023-X,"עבדת 23, דימונה",דימונה,עבדת,23,,8604823,exact,203808.34,552757.26,694682.21,3438695.01
001027-079388-00024-X,"עבדת 24, דימונה",דימונה,עבדת,24,,8604824,exact,203968.85,552669.71,694844.44,3438610.66
001027-079388-00025-X,"עבדת 25, דימונה",דימונה,עבדת,25,,8604825,exact,203823.93,552752.52,694697.90,3438690.59
001027-079388-00027-X,"עבדת 27, דימונה",דימונה,עבדת,27,,8604827,exact,203830.00,552753.53,694703.95,3438691.72
001027-079388-00029-X,"עבדת 29, דימונה",דימונה,עבדת,29,,8604829,exact,203847.88,552749.63,694721.90,3438688.17
001027-079388-00030-X,"עבדת 30, דימונה",דימונה,עבדת,30,,8604830,exact,203998.58,552660.29,694874.35,3438601.84
001027-079388-00031-X,"עבדת 31, דימונה",דימונה,עבדת,31,,8604831,exact,203852.48,552743.89,694726.62,3438682.52
001027-079388-00033-X,"עבדת 33, דימונה",דימונה,עבדת,33,,8604832,exact,203872.61,552743.50,694746.75,3438682.54
001027-079388-00035-X,"עבדת 35, דימונה",דימונה,עבדת,35,,8604833,exact,203880.47,552736.88,694754.74,3438676.07
001027-079388-00037-X,"עבדת 37, דימונה",דימונה,עבדת,37,,8604834,exact,203893.67,552733.13,694768.02,3438672.58
001027-079388-00039-X,"עבדת 39, דימונה",דימונה,עבדת,39,,8604835,exact,203901.81,552730.66,694776.20,3438670.28
001027-079388-00041-X,"עבדת 41, דימונה",דימונה,עבדת,41,,8604836,exact,203922.85,552726.28,694797.33,3438666.31
001027-079388-00043-X,"עבדת 43, דימונה",דימונה,עבדת,43,,8604837,exact,203926.34,552723.44,694800.87,3438663.54
001027-079388-00045-X,"עבדת 45, דימונה",דימונה,עבדת,45,,8604838,exact,203948.29,552716.46,694822.96,3438657.00
001027-079388-00047-X,"עבדת 47, דימונה",דימונה,עבדת,47,,8604839,exact,203950.83,552712.59,694825.57,3438653.18
001027-079388-00051-X,"עבדת 51, דימונה",דימונה,עבדת,51,,8604841,exact,203975.07,552708.90,694849.88,3438649.97
001027-079388-00053-X,"עבדת 53, דימונה",דימונה,עבדת,53,,8604842,exact,203990.82,552708.03,694865.64,3438649.42
001027-079388-00055-X,"עבדת 55, דימונה",דימונה,עבדת,55,,8604843,exact,203994.85,552701.86,694869.80,3438643.33
001027-079550-00008-X,"האורן 8, דימונה",דימונה,האורן,8,,8602902,exact,202794.89,552778.88,693668.49,3438696.51
001027-079550-00012-X,"האורן 12, דימונה",דימונה,האורן,12,,8602904,exact,202769.43,552781.25,693642.99,3438698.37
001027-079550-00039-X,"האורן 39, דימונה",דימונה,האורן,39,,8602906,street,202691.77,552731.07,693566.33,3438646.65
001027-079550-00039-א,"האורן 39א, דימונה",דימונה,האורן,39,א,8602907,street,202691.77,552731.07,693566.33,3438646.65
001027-079550-00039-ב,"האורן 39ב, דימונה",דימונה,האורן,39,ב,8602908,street,202691.77,552731.07,693566.33,3438646.65
001027-079550-00039-ג,"האורן 39ג, דימונה",דימונה,האורן,39,ג,8602909,street,202691.77,552731.07,693566.33,3438646.65
001027-079550-00039-ד,"האורן 39ד, דימונה",דימונה,האורן,39,ד,8602910,street,202691.77,552731.07,693566.33,3438646.65
001027-079550-00040-X,"האורן 40, דימונה",דימונה,האורן,40,,8602911,street,202691.77,552731.07,693566.33,3438646.65
001027-079550-00040-א,"האורן 40א, דימונה",דימונה,האורן,40,א,8602912,street,202691.77,552731.07,693566.33,3438646.65
001027-079550-00040-ג,"האורן 40ג, דימונה",דימונה,האורן,40,ג,8602914,street,202691.77,552731.07,693566.33,3438646.65
001027-079550-00042-X,"האורן 42, דימונה",דימונה,האורן,42,,8602915,street,202691.77,552731.07,693566.33,3438646.65
001027-079550-00042-א,"האורן 42א, דימונה",דימונה,האורן,42,א,8602916,street,202691.77,552731.07,693566.33,3438646.65
001027-079550-00042-ב,"האורן 42ב, דימונה",דימונה,האורן,42,ב,8602917,street,202691.77,552731.07,693566.33,3438646.65
001027-079550-00536-X,"האורן 536, דימונה",דימונה,האורן,536,,8602919,street,202691.77,552731.07,693566.33,3438646.65
001027-079550-00537-X,"האורן 537, דימונה",דימונה,האורן,537,,8602920,street,202691.77,552731.07,693566.33,3438646.65
001027-079550-00540-X,"האורן 540, דימונה",דימונה,האורן,540,,8602923,street,202691.77,552731.07,693566.33,3438646.65
001027-079550-00542-X,"האורן 542, דימונה",דימונה,האורן,542,,8602925,street,202691.77,552731.07,693566.33,3438646.65
001027-079550-00545-X,"האורן 545, דימונה",דימונה,האורן,545,,8602926,street,202691.77,552731.07,693566.33,3438646.65
001027-079550-00546-X,"האורן 546, דימונה",דימונה,האורן,546,,8602927,street,202691.77,552731.07,693566.33,3438646.65
001027-079550-00547-X,"האורן 547, דימונה",דימונה,האורן,547,,8602928,street,202691.77,552731.07,693566.33,3438646.65
001027-079550-00548-X,"האורן 548, דימונה",דימונה,האורן,548,,8602929,street,202691.77,552731.07,693566.33,3438646.65
001027-079550-00549-X,"האורן 549, דימונה",דימונה,האורן,549,,8602930,street,202691.77,552731.07,693566.33,3438646.65
001027-079550-00550-X,"האורן 550, דימונה",דימונה,האורן,550,,8602931,street,202691.77,552731.07,693566.33,3438646.65
001027-079550-00551-X,"האורן 551, דימונה",דימונה,האורן,551,,8602932,street,202691.77,552731.07,693566.33,3438646.65
001027-079944-01086-א,"? 1086א, דימונה",דימונה,?,1086,א,8602202,none,,,,
001027-079944-01086-ב,"? 1086ב, דימונה",דימונה,?,1086,ב,8602203,none,,,,
001027-079944-01086-ג,"? 1086ג, דימונה",דימונה,?,1086,ג,8602204,none,,,,
001027-079944-01086-ד,"? 1086ד, דימונה",דימונה,?,1086,ד,8602205,none,,,,
001027-079944-01086-ה,"? 1086ה, דימונה",דימונה,?,1086,ה,8602206,none,,,,
001027-079944-01086-ו,"? 1086ו, דימונה",דימונה,?,1086,ו,8602207,none,,,,
001027-079944-01086-ח,"? 1086ח, דימונה",דימונה,?,1086,ח,8602209,none,,,,
001027-079944-01086-ט,"? 1086ט, דימונה",דימונה,?,1086,ט,8602210,none,,,,
001027-079944-01087-א,"? 1087א, דימונה",דימונה,?,1087,א,8602212,none,,,,
001027-079944-01087-ב,"? 1087ב, דימונה",דימונה,?,1087,ב,8602213,none,,,,
001027-079944-01087-ג,"? 1087ג, דימונה",דימונה,?,1087,ג,8602214,none,,,,
001027-079944-01088-ב,"? 1088ב, דימונה",דימונה,?,1088,ב,8602218,none,,,,
001027-079944-01088-ג,"? 1088ג, דימונה",דימונה,?,1088,ג,8602219,none,,,,
001027-079944-01088-ד,"? 1088ד, דימונה",דימונה,?,1088,ד,8602220,none,,,,
001027-079944-01089-X,"? 1089, דימונה",דימונה,?,1089,,8602221,none,,,,
001027-079944-01089-א,"? 1089א, דימונה",דימונה,?,1089,א,8602222,none,,,,
001027-079944-01089-ב,"? 1089ב, דימונה",דימונה,?,1089,ב,8602223,none,,,,
001027-079944-01089-ד,"? 1089ד, דימונה",דימונה,?,1089,ד,8602225,none,,,,
001027-079944-01089-ה,"? 1089ה, דימונה",דימונה,?,1089,ה,8602226,none,,,,
001027-079944-01090-X,"? 1090, דימונה",דימונה,?,1090,,8602227,none,,,,
001027-079944-01090-א,"? 1090א, דימונה",דימונה,?,1090,א,8602228,none,,,,
001027-079944-01090-ב,"? 1090ב, דימונה",דימונה,?,1090,ב,8602229,none,,,,
001027-079944-01090-ג,"? 1090ג, דימונה",דימונה,?,1090,ג,8602230,none,,,,
001027-079944-01090-ד,"? 1090ד, דימונה",דימונה,?,1090,ד,8602231,none,,,,
001027-079944-01090-ה,"? 1090ה, דימונה",דימונה,?,1090,ה,8602232,none,,,,
001027-079944-01090-ו,"? 1090ו, דימונה",דימונה,?,1090,ו,8602233,none,,,,
001027-079944-01090-ז,"? 1090ז, דימונה",דימונה,?,1090,ז,8602234,none,,,,
001027-079944-01090-ח,"? 1090ח, דימונה",דימונה,?,1090,ח,8602235,none,,,,
001027-079944-01090-ט,"? 1090ט, דימונה",דימונה,?,1090,ט,8602236,none,,,,
001027-079944-01091-X,"? 1091, דימונה",דימונה,?,1091,,8602237,none,,,,
001027-079944-01091-א,"? 1091א, דימונה",דימונה,?,1091,א,8602238,none,,,,
001027-079944-01091-ב,"? 1091ב, דימונה",דימונה,?,1091,ב,8602239,none,,,,
001027-079944-01091-ד,"? 1091ד, דימונה",דימונה,?,1091,ד,8602241,none,,,,
001027-079944-01092-X,"? 1092, דימונה",דימונה,?,1092,,8602243,none,,,,
001027-079944-01092-ד,"? 1092ד, דימונה",דימונה,?,1092,ד,8602247,none,,,,
001027-079944-01092-ה,"? 1092ה, דימונה",דימונה,?,1092,ה,8602248,none,,,,
001027-079944-01093-X,"? 1093, דימונה",דימונה,?,1093,,8602249,none,,,,
001027-079944-01093-א,"? 1093א, דימונה",דימונה,?,1093,א,8602250,none,,,,
001027-079944-01093-ב,"? 1093ב, דימונה",דימונה,?,1093,ב,8602251,none,,,,
001027-079944-01093-ג,"? 1093ג, דימונה",דימונה,?,1093,ג,8602252,none,,,,
001027-079944-01093-ד,"? 1093ד, דימונה",דימונה,?,1093,ד,8602253,none,,,,
001027-079944-01093-ה,"? 1093ה, דימונה",דימונה,?,1093,ה,8602254,none,,,,
001027-079944-01094-X,"? 1094, דימונה",דימונה,?,1094,,8602255,none,,,,
001027-079944-01094-א,"? 1094א, דימונה",דימונה,?,1094,א,8602256,none,,,,
001027-079944-01094-ב,"? 1094ב, דימונה",דימונה,?,1094,ב,8602257,none,,,,
001027-079944-01094-ג,"? 1094ג, דימונה",דימונה,?,1094,ג,8602258,none,,,,
001027-079944-01094-ד,"? 1094ד, דימונה",דימונה,?,1094,ד,8602259,none,,,,
001027-079944-01094-ה,"? 1094ה, דימונה",דימונה,?,1094,ה,8602260,none,,,,
001027-079944-01094-ו,"? 1094ו, דימונה",דימונה,?,1094,ו,8602261,none,,,,
001027-079944-01094-ט,"? 1094ט, דימונה",דימונה,?,1094,ט,8602264,none,,,,
001027-079944-01094-י,"? 1094י, דימונה",דימונה,?,1094,י,8602265,none,,,,
001027-079944-01095-א,"? 1095א, דימונה",דימונה,?,1095,א,8602267,none,,,,
001027-079944-01095-ב,"? 1095ב, דימונה",דימונה,?,1095,ב,8602268,none,,,,
001027-079944-01095-ג,"? 1095ג, דימונה",דימונה,?,1095,ג,8602269,none,,,,
001027-079944-01095-ד,"? 1095ד, דימונה",דימונה,?,1095,ד,8602270,none,,,,
001027-079944-01095-ה,"? 1095ה, דימונה",דימונה,?,1095,ה,8602271,none,,,,
001027-079944-01096-X,"? 1096, דימונה",דימונה,?,1096,,8602272,none,,,,
001027-079944-01096-א,"? 1096א, דימונה",דימונה,?,1096,א,8602273,none,,,,
001027-079944-01096-ג,"? 1096ג, דימונה",דימונה,?,1096,ג,8602275,none,,,,
001027-079944-01096-ד,"? 1096ד, דימונה",דימונה,?,1096,ד,8602276,none,,,,
001027-079944-01097-X,"? 1097, דימונה",דימונה,?,1097,,8602277,none,,,,
001027-079944-01097-א,"? 1097א, דימונה",דימונה,?,1097,א,8602278,none,,,,
001027-079944-01097-ב,"? 1097ב, דימונה",דימונה,?,1097,ב,8602279,none,,,,
001027-079944-01097-ג,"? 1097ג, דימונה",דימונה,?,1097,ג,8602280,none,,,,
001027-079944-01097-ד,"? 1097ד, דימונה",דימונה,?,1097,ד,8602281,none,,,,
001027-079944-01098-X,"? 1098, דימונה",דימונה,?,1098,,8602282,none,,,,
001027-079944-01098-א,"? 1098א, דימונה",דימונה,?,1098,א,8602283,none,,,,
001027-079944-01098-ב,"? 1098ב, דימונה",דימונה,?,1098,ב,8602284,none,,,,
001027-079944-01098-ג,"? 1098ג, דימונה",דימונה,?,1098,ג,8602285,none,,,,
001027-079944-01098-ד,"? 1098ד, דימונה",דימונה,?,1098,ד,8602286,none,,,,
001027-079944-01098-ה,"? 1098ה, דימונה",דימונה,?,1098,ה,8602287,none,,,,
001027-079944-01098-ו,"? 1098ו, דימונה",דימונה,?,1098,ו,8602288,none,,,,
001027-079944-01098-ז,"? 1098ז, דימונה",דימונה,?,1098,ז,8602289,none,,,,
001027-079944-01098-ח,"? 1098ח, דימונה",דימונה,?,1098,ח,8602290,none,,,,
001027-079944-01098-ט,"? 1098ט, דימונה",דימונה,?,1098,ט,8602291,none,,,,
001027-079944-01099-א,"? 1099א, דימונה",דימונה,?,1099,א,8602293,none,,,,
001027-079944-01099-ב,"? 1099ב, דימונה",דימונה,?,1099,ב,8602294,none,,,,
001027-079944-01099-ה,"? 1099ה, דימונה",דימונה,?,1099,ה,8602297,none,,,,
001027-079944-01100-X,"? 1100, דימונה",דימונה,?,1100,,8610861,none,,,,
001027-079944-01100-ב,"? 1100ב, דימונה",דימונה,?,1100,ב,8610863,none,,,,
001027-079944-01100-ג,"? 1100ג, דימונה",דימונה,?,1100,ג,8610864,none,,,,
001027-079944-01101-X,"? 1101, דימונה",דימונה,?,1101,,8610866,none,,,,
001027-079944-01101-א,"? 1101א, דימונה",דימונה,?,1101,א,8610867,none,,,,
001027-079944-01101-ד,"? 1101ד, דימונה",דימונה,?,1101,ד,8610870,none,,,,
001027-080572-00004-X,"רחבת האשלג 4, דימונה",דימונה,רחבת האשלג,4,,8602965,exact,202765.37,552675.52,693641.02,3438592.57
001027-080572-00010-X,"רחבת האשלג 10, דימונה",דימונה,רחבת האשלג,10,,8602969,exact,202764.11,552709.74,693639.09,3438626.76
001027-080572-00012-X,"רחבת האשלג 12, דימונה",דימונה,רחבת האשלג,12,,8602970,exact,202766.57,552724.30,693641.25,3438641.37
001027-080572-00013-X,"רחבת האשלג 13, דימונה",דימונה,רחבת האשלג,13,,8602934,exact,202745.62,552638.39,693622.01,3438555.05
001027-080572-00014-X,"רחבת האשלג 14, דימונה",דימונה,רחבת האשלג,14,,8602971,exact,202761.12,552731.59,693635.66,3438648.55
001027-080572-00015-X,"רחבת האשלג 15, דימונה",דימונה,רחבת האשלג,15,,8602935,exact,202728.70,552648.59,693604.89,3438564.92
001027-080572-00017-X,"רחבת האשלג 17, דימונה",דימונה,רחבת האשלג,17,,8602936,exact,202722.56,552651.78,693598.69,3438567.99
001027-080572-00018-X,"רחבת האשלג 18, דימונה",דימונה,רחבת האשלג,18,,8602973,exact,202729.89,552737.54,693604.32,3438653.88
001027-080572-00019-X,"רחבת האשלג 19, דימונה",דימונה,רחבת האשלג,19,,8602937,exact,202722.20,552675.95,693597.86,3438592.14
001027-080572-00021-X,"רחבת האשלג 21, דימונה",דימונה,רחבת האשלג,21,,8602938,exact,202726.36,552684.59,693601.84,3438600.87
001027-080572-00023-X,"רחבת האשלג 23, דימונה",דימונה,רחבת האשלג,23,,8602939,exact,202717.04,552695.54,693592.30,3438611.63
001027-080572-00025-X,"רחבת האשלג 25, דימונה",דימונה,רחבת האשלג,25,,8602940,exact,202720.59,552704.79,693595.67,3438620.95
001027-080572-00027-X,"רחבת האשלג 27, דימונה",דימונה,רחבת האשלג,27,,8602941,exact,202719.72,552720.21,693594.49,3438636.35
001027-080572-00029-X,"רחבת האשלג 29, דימונה",דימונה,רחבת האשלג,29,,8602942,exact,202714.84,552728.71,693589.44,3438644.75
001027-080618-00001-X,"הצאלה 1, דימונה",דימונה,הצאלה,1,,8602521,exact,202982.07,552735.80,693856.50,3438657.15
001027-080618-00003-X,"הצאלה 3, דימונה",דימונה,הצאלה,3,,8602522,exact,202972.92,552734.02,693847.38,3438655.19
001027-080618-00005-X,"הצאלה 5, דימונה",דימונה,הצאלה,5,,8602523,exact,202956.87,552744.78,693831.13,3438665.62
001027-080618-00007-X,"הצאלה 7, דימונה",דימונה,הצאלה,7,,8602524,exact,202947.44,552749.40,693821.60,3438670.06
001027-080618-00011-X,"הצאלה 11, דימונה",דימונה,הצאלה,11,,8602526,exact,202889.85,552762.76,693763.76,3438682.27
001027-080618-00013-X,"הצאלה 13, דימונה",דימונה,הצאלה,13,,8602527,exact,202883.04,552768.32,693756.83,3438687.70
001027-080618-00015-X,"הצאלה 15, דימונה",דימונה,הצאלה,15,,8602528,exact,202871.04,552768.85,693744.82,3438687.99
001027-080618-00017-X,"הצאלה 17, דימונה",דימונה,הצאלה,17,,8602529,exact,202861.54,552774.78,693735.21,3438693.73
001027-080737-00001-X,"רחבת אורון 1, דימונה",דימונה,רחבת אורון,1,,8602298,street,202853.17,552528.89,693731.72,3438447.71
001027-080737-00002-X,"רחבת אורון 2, דימונה",דימונה,רחבת אורון,2,,8602299,street,202853.17,552528.89,693731.72,3438447.71
001027-080737-00004-X,"רחבת אורון 4, דימונה",דימונה,רחבת אורון,4,,8610802,exact,202849.89,552515.99,693728.70,3438434.75
001027-080737-00005-X,"רחבת אורון 5, דימונה",דימונה,רחבת אורון,5,,8610803,exact,202854.48,552555.75,693732.50,3438474.59
001027-080737-00006-X,"רחבת אורון 6, דימונה",דימונה,רחבת אורון,6,,8610804,exact,202863.97,552513.65,693742.82,3438432.69
001027-080737-00007-X,"רחבת אורון 7, דימונה",דימונה,רחבת אורון,7,,8610805,exact,202873.96,552545.66,693752.17,3438464.89
001027-080737-00009-X,"רחבת אורון 9, דימונה",דימונה,רחבת אורון,9,,8610807,exact,202889.36,552553.43,693767.42,3438472.97
001027-080737-00010-X,"רחבת אורון 10, דימונה",דימונה,רחבת אורון,10,,8610808,exact,202893.32,552514.14,693772.16,3438433.76
001027-080737-00011-X,"רחבת אורון 11, דימונה",דימונה,רחבת אורון,11,,8610809,exact,202917.91,552551.25,693796.01,3438471.35
001027-080737-00012-X,"רחבת אורון 12, דימונה",דימונה,רחבת אורון,12,,8610810,exact,202912.29,552521.01,693790.99,3438441.01
001027-080737-00013-X,"רחבת אורון 13, דימונה",דימונה,רחבת אורון,13,,8610811,exact,202929.12,552552.81,693807.18,3438473.13
001027-080737-00014-X,"רחבת אורון 14, דימונה",דימונה,רחבת אורון,14,,8610812,exact,202910.87,552533.93,693789.31,3438453.89
001027-080737-00018-X,"רחבת אורון 18, דימונה",דימונה,רחבת אורון,18,,8610814,street,202853.17,552528.89,693731.72,3438447.71
001027-080737-00020-X,"רחבת אורון 20, דימונה",דימונה,רחבת אורון,20,,8610815,street,202853.17,552528.89,693731.72,3438447.71
001027-080737-00022-X,"רחבת אורון 22, דימונה",דימונה,רחבת אורון,22,,8610816,street,202853.17,552528.89,693731.72,3438447.71
001027-080737-00024-X,"רחבת אורון 24, דימונה",דימונה,רחבת אורון,24,,8610817,street,202853.17,552528.89,693731.72,3438447.71
001027-080737-00026-X,"רחבת אורון 26, דימונה",דימונה,רחבת אורון,26,,8610818,street,202853.17,552528.89,693731.72,3438447.71
001027-080737-00030-X,"רחבת אורון 30, דימונה",דימונה,רחבת אורון,30,,8610820,street,202853.17,552528.89,693731.72,3438447.71
001027-080737-00032-X,"רחבת אורון 32, דימונה",דימונה,רחבת אורון,32,,8610821,street,202853.17,552528.89,693731.72,3438447.71
001027-080737-00034-X,"רחבת אורון 34, דימונה",דימונה,רחבת אורון,34,,8610822,street,202853.17,552528.89,693731.72,3438447.71
001027-080737-00036-X,"רחבת אורון 36, דימונה",דימונה,רחבת אורון,36,,8610823,street,202853.17,552528.89,693731.72,3438447.71
001027-080737-00038-X,"רחבת אורון 38, דימונה",דימונה,רחבת אורון,38,,8610824,street,202853.17,552528.89,693731.72,3438447.71
001027-080737-00040-X,"רחבת אורון 40, דימונה",דימונה,רחבת אורון,40,,8610825,street,202853.17,552528.89,693731.72,3438447.71
001027-080813-00000-X,"קציעות, דימונה",דימונה,קציעות,,,8601800,street,203147.61,552282.50,694031.01,3438207.20
001027-080813-00001-X,"קציעות 1, דימונה",דימונה,קציעות,1,,8601801,street,203147.61,552282.50,694031.01,3438207.20
001027-080813-00002-X,"קציעות 2, דימונה",דימונה,קציעות,2,,8601150,street,203147.61,552282.50,694031.01,3438207.20
001027-080813-00003-X,"קציעות 3, דימונה",דימונה,קציעות,3,,8601802,exact,203191.14,552240.92,694075.36,3438166.49
001027-080813-00004-X,"קציעות 4, דימונה",דימונה,קציעות,4,,8601151,street,203147.61,552282.50,694031.01,3438207.20
001027-080813-00006-X,"קציעות 6, דימונה",דימונה,קציעות,6,,8601152,street,203147.61,552282.50,694031.01,3438207.20
001027-080813-00007-X,"קציעות 7, דימונה",דימונה,קציעות,7,,8601804,exact,203134.53,552234.57,694018.88,3438159.02
001027-080813-00008-X,"קציעות 8, דימונה",דימונה,קציעות,8,,8601153,exact,203172.24,552292.47,694055.44,3438217.66
001027-080813-00012-X,"קציעות 12, דימונה",דימונה,קציעות,12,,8601155,street,203147.61,552282.50,694031.01,3438207.20
001027-080813-00016-X,"קציעות 16, דימונה",דימונה,קציעות,16,,8601157,street,203147.61,552282.50,694031.01,3438207.20
001027-080813-00080-X,"קציעות 80, דימונה",דימונה,קציעות,80,,8601806,street,203147.61,552282.50,694031.01,3438207.20
001027-080813-00080-א,"קציעות 80א, דימונה",דימונה,קציעות,80,א,8601807,street,203147.61,552282.50,694031.01,3438207.20
001027-080813-00080-ב,"קציעות 80ב, דימונה",דימונה,קציעות,80,ב,8601808,street,203147.61,552282.50,694031.01,3438207.20
001027-080813-00080-ג,"קציעות 80ג, דימונה",דימונה,קציעות,80,ג,8601809,street,203147.61,552282.50,694031.01,3438207.20
001027-080813-00081-א,"קציעות 81א, דימונה",דימונה,קציעות,81,א,8601811,street,203147.61,552282.50,694031.01,3438207.20
001027-080813-00081-ב,"קציעות 81ב, דימונה",דימונה,קציעות,81,ב,8601812,street,203147.61,552282.50,694031.01,3438207.20
001027-080813-00081-ג,"קציעות 81ג, דימונה",דימונה,קציעות,81,ג,8601813,street,203147.61,552282.50,694031.01,3438207.20
001027-080850-00000-X,"הרצל, דימונה",דימונה,הרצל,,,8602100,street,202895.25,552939.24,693765.65,3438858.83
001027-080850-00034-X,"הרצל 34, דימונה",דימונה,הרצל,34,,8602134,exact,202958.10,552980.51,693827.67,3438901.34
001027-080850-00035-X,"הרצל 35, דימונה",דימונה,הרצל,35,,8602135,exact,203351.25,552905.42,694222.26,3438834.08
001027-080850-00036-X,"הרצל 36, דימונה",דימונה,הרצל,36,,8602136,exact,202934.61,552980.74,693804.17,3438901.11
001027-080850-00037-X,"הרצל 37, דימונה",דימונה,הרצל,37,,8602137,exact,203337.86,552906.86,694208.84,3438835.25
001027-080850-00040-X,"הרצל 40, דימונה",דימונה,הרצל,40,,8602140,exact,202880.48,552976.40,693750.14,3438895.70
001027-080850-00041-X,"הרצל 41, דימונה",דימונה,הרצל,41,,8602141,exact,203317.47,552925.54,694188.07,3438853.52
001027-080850-00042-X,"הרצל 42, דימונה",דימונה,הרצל,42,,8602142,exact,202838.40,552972.43,693708.15,3438890.89
001027-080850-00049-X,"הרצל 49, דימונה",דימונה,הרצל,49,,8602101,street,202895.25,552939.24,693765.65,3438858.83
001027-080850-00051-X,"הרצל 51, דימונה",דימונה,הרצל,51,,8602102,street,202895.25,552939.24,693765.65,3438858.83
001027-080850-00055-X,"הרצל 55, דימונה",דימונה,הרצל,55,,8602104,exact,202979.81,552910.30,693850.77,3438831.58
001027-080850-00057-X,"הרצל 57, דימונה",דימונה,הרצל,57,,8602105,exact,202966.01,552910.09,693836.98,3438831.09
001027-080850-00059-X,"הרצל 59, דימונה",דימונה,הרצל,59,,8602106,exact,202953.03,552911.12,693823.98,3438831.86
001027-080850-00061-X,"הרצל 61, דימונה",דימונה,הרצל,61,,8602107,exact,202929.34,552907.37,693800.37,3438827.65
001027-080850-00061-א,"הרצל 61א, דימונה",דימונה,הרצל,61,א,8602108,exact,202929.34,552907.37,693800.37,3438827.65
001027-080850-00061-ב,"הרצל 61ב, דימונה",דימונה,הרצל,61,ב,8602109,exact,202929.34,552907.37,693800.37,3438827.65
001027-080850-00062-X,"הרצל 62, דימונה",דימונה,הרצל,62,,8602111,exact,202932.34,553073.79,693800.06,3438994.10
001027-080850-00062-א,"הרצל 62א, דימונה",דימונה,הרצל,62,א,8602112,exact,202932.34,553073.79,693800.06,3438994.10
001027-080850-00062-ב,"הרצל 62ב, דימונה",דימונה,הרצל,62,ב,8602113,exact,202932.34,553073.79,693800.06,3438994.10
001027-080850-00062-ג,"הרצל 62ג, דימונה",דימונה,הרצל,62,ג,8602114,exact,202932.34,553073.79,693800.06,3438994.10
001027-080850-00063-X,"הרצל 63, דימונה",דימונה,הרצל,63,,8602115,exact,202915.62,552905.68,693786.68,3438825.69
001027-080850-00063-א,"הרצל 63א, דימונה",דימונה,הרצל,63,א,8602116,exact,202915.62,552905.68,693786.68,3438825.69
001027-080850-00063-ב,"הרצל 63ב, דימונה",דימונה,הרצל,63,ב,8602117,exact,202915.62,552905.68,693786.68,3438825.69
001027-080850-00063-ג,"הרצל 63ג, דימונה",דימונה,הרצל,63,ג,8602118,exact,202915.62,552905.68,693786.68,3438825.69
001027-080850-00114-X,"הרצל 114, דימונה",דימונה,הרצל,114,,8602119,street,202895.25,552939.24,693765.65,3438858.83
001027-080850-00115-X,"הרצל 115, דימונה",דימונה,הרצל,115,,8602120,street,202895.25,552939.24,693765.65,3438858.83
001027-080850-00117-X,"הרצל 117, דימונה",דימונה,הרצל,117,,8602122,exact,202548.08,552817.66,693420.95,3438730.37
001027-080850-00118-X,"הרצל 118, דימונה",דימונה,הרצל,118,,8602123,street,202895.25,552939.24,693765.65,3438858.83
001027-080850-00231-X,"הרצל 231, דימונה",דימונה,הרצל,231,,8604101,street,202895.25,552939.24,693765.65,3438858.83
001027-080850-00231-ב,"הרצל 231ב, דימונה",דימונה,הרצל,231,ב,8604103,street,202895.25,552939.24,693765.65,3438858.83
001027-080850-00231-ג,"הרצל 231ג, דימונה",דימונה,הרצל,231,ג,8604104,street,202895.25,552939.24,693765.65,3438858.83
001027-080850-00231-ד,"הרצל 231ד, דימונה",דימונה,הרצל,231,ד,8604105,street,202895.25,552939.24,693765.65,3438858.83
001027-080850-00231-ה,"הרצל 231ה, דימונה",דימונה,הרצל,231,ה,8604106,street,202895.25,552939.24,693765.65,3438858.83
001027-080850-00232-X,"הרצל 232, דימונה",דימונה,הרצל,232,,8604107,street,202895.25,552939.24,693765.65,3438858.83
001027-080850-00232-א,"הרצל 232א, דימונה",דימונה,הרצל,232,א,8604108,street,202895.25,552939.24,693765.65,3438858.83
001027-080850-00232-ב,"הרצל 232ב, דימונה",דימונה,הרצל,232,ב,8604109,street,202895.25,552939.24,693765.65,3438858.83
001027-080850-00232-ג,"הרצל 232ג, דימונה",דימונה,הרצל,232,ג,8604110,street,202895.25,552939.24,693765.65,3438858.83
001027-080850-00232-ה,"הרצל 232ה, דימונה",דימונה,הרצל,232,ה,8604112,street,202895.25,552939.24,693765.65,3438858.83
001027-080850-00233-X,"הרצל 233, דימונה",דימונה,הרצל,233,,8604113,street,202895.25,552939.24,693765.65,3438858.83
001027-080850-00233-ב,"הרצל 233ב, דימונה",דימונה,הרצל,233,ב,8604115,street,202895.25,552939.24,693765.65,3438858.83
001027-080850-00233-ד,"הרצל 233ד, דימונה",דימונה,הרצל,233,ד,8604117,street,202895.25,552939.24,693765.65,3438858.83
001027-080850-00233-ה,"הרצל 233ה, דימונה",דימונה,הרצל,233,ה,8604118,street,202895.25,552939.24,693765.65,3438858.83
001027-080850-00234-X,"הרצל 234, דימונה",דימונה,הרצל,234,,8604119,street,202895.25,552939.24,693765.65,3438858.83
001027-080850-00234-א,"הרצל 234א, דימונה",דימונה,הרצל,234,א,8604120,street,202895.25,552939.24,693765.65,3438858.83
001027-080850-00234-ב,"הרצל 234ב, דימונה",דימונה,הרצל,234,ב,8604121,street,202895.25,552939.24,693765.65,3438858.83
001027-080850-00234-ג,"הרצל 234ג, דימונה",דימונה,הרצל,234,ג,8604122,street,202895.25,552939.24,693765.65,3438858.83
001027-080850-00234-ד,"הרצל 234ד, דימונה",דימונה,הרצל,234,ד,8604123,street,202895.25,552939.24,693765.65,3438858.83
001027-080850-00295-X,"הרצל 295, דימונה",דימונה,הרצל,295,,8607002,street,202895.25,552939.24,693765.65,3438858.83
001027-080850-00295-א,"הרצל 295א, דימונה",דימונה,הרצל,295,א,8607003,street,202895.25,552939.24,693765.65,3438858.83
001027-080850-00295-ג,"הרצל 295ג, דימונה",דימונה,הרצל,295,ג,8607005,street,202895.25,552939.24,693765.65,3438858.83
001027-080850-00295-ד,"הרצל 295ד, דימונה",דימונה,הרצל,295,ד,8607006,street,202895.25,552939.24,693765.65,3438858.83
001027-080850-00295-ה,"הרצל 295ה, דימונה",דימונה,הרצל,295,ה,8607007,street,202895.25,552939.24,693765.65,3438858.83
001027-080850-00295-ו,"הרצל 295ו, דימונה",דימונה,הרצל,295,ו,8607008,street,202895.25,552939.24,693765.65,3438858.83
001027-080850-00503-X,"הרצל 503, דימונה",דימונה,הרצל,503,,8602124,street,202895.25,552939.24,693765.65,3438858.83
001027-080850-00503-א,"הרצל 503א, דימונה",דימונה,הרצל,503,א,8602125,street,202895.25,552939.24,693765.65,3438858.83
001027-080850-00503-ב,"הרצל 503ב, דימונה",דימונה,הרצל,503,ב,8602126,street,202895.25,552939.24,693765.65,3438858.83
001027-080850-00503-ג,"הרצל 503ג, דימונה",דימונה,הרצל,503,ג,8602127,street,202895.25,552939.24,693765.65,3438858.83
001027-080850-00504-א,"הרצל 504א, דימונה",דימונה,הרצל,504,א,8602130,street,202895.25,552939.24,693765.65,3438858.83
001027-080850-00504-ב,"הרצל 504ב, דימונה",דימונה,הרצל,504,ב,8602131,street,202895.25,552939.24,693765.65,3438858.83
001027-080850-00504-ג,"הרצל 504ג, דימונה",דימונה,הרצל,504,ג,8602132,street,202895.25,552939.24,693765.65,3438858.83
001027-080850-00504-ד,"הרצל 504ד, דימונה",דימונה,הרצל,504,ד,8602133,street,202895.25,552939.24,693765.65,3438858.83
001027-080957-00000-X,"סביון, דימונה",דימונה,סביון,,,8601500,street,203086.79,552236.62,693971.11,3438160.12
001027-080957-00001-X,"סביון 1, דימונה",דימונה,סביון,1,,8601501,street,203086.79,552236.62,693971.11,3438160.12
001027-080957-00003-X,"סביון 3, דימונה",דימונה,סביון,3,,8601502,street,203086.79,552236.62,693971.11,3438160.12
001027-080957-00005-X,"סביון 5, דימונה",דימונה,סביון,5,,8601503,street,203086.79,552236.62,693971.11,3438160.12
001027-081029-00000-X,"עזרא ונחמיה, דימונה",דימונה,עזרא ונחמיה,,,8604300,street,203327.35,552696.62,694202.50,3438624.83
001027-081029-00021-X,"עזרא ונחמיה 21, דימונה",דימונה,עזרא ונחמיה,21,,8604601,street,203327.35,552696.62,694202.50,3438624.83
001027-081029-00220-X,"עזרא ונחמיה 220, דימונה",דימונה,עזרא ונחמיה,220,,8604602,street,203327.35,552696.62,694202.50,3438624.83
001027-081029-00220-א,"עזרא ונחמיה 220א, דימונה",דימונה,עזרא ונחמיה,220,א,8604603,street,203327.35,552696.62,694202.50,3438624.83
001027-081029-00220-ג,"עזרא ונחמיה 220ג, דימונה",דימונה,עזרא ונחמיה,220,ג,8604605,street,203327.35,552696.62,694202.50,3438624.83
001027-081029-00220-ד,"עזרא ונחמיה 220ד, דימונה",דימונה,עזרא ונחמיה,220,ד,8604606,street,203327.35,552696.62,694202.50,3438624.83
001027-081029-00220-ה,"עזרא ונחמיה 220ה, דימונה",דימונה,עזרא ונחמיה,220,ה,8604607,street,203327.35,552696.62,694202.50,3438624.83
001027-081029-00220-ו,"עזרא ונחמיה 220ו, דימונה",דימונה,עזרא ונחמיה,220,ו,8604608,street,203327.35,552696.62,694202.50,3438624.83
001027-081029-00220-ז,"עזרא ונחמיה 220ז, דימונה",דימונה,עזרא ונחמיה,220,ז,8604609,street,203327.35,552696.62,694202.50,3438624.83
001027-081029-00243-א,"עזרא ונחמיה 243א, דימונה",דימונה,עזרא ונחמיה,243,א,8604611,exact,203306.75,552713.95,694181.56,3438641.75
001027-081029-00243-ג,"עזרא ונחמיה 243ג, דימונה",דימונה,עזרא ונחמיה,243,ג,8604613,exact,203306.75,552713.95,694181.56,3438641.75
001027-081029-00243-ד,"עזרא ונחמיה 243ד, דימונה",דימונה,עזרא ונחמיה,243,ד,8604614,exact,203306.75,552713.95,694181.56,3438641.75
001027-081029-00244-X,"עזרא ונחמיה 244, דימונה",דימונה,עזרא ונחמיה,244,,8604615,street,203327.35,552696.62,694202.50,3438624.83
001027-081029-00244-א,"עזרא ונחמיה 244א, דימונה",דימונה,עזרא ונחמיה,244,א,8604616,street,203327.35,552696.62,694202.50,3438624.83
001027-081029-00244-ב,"עזרא ונחמיה 244ב, דימונה",דימונה,עזרא ונחמיה,244,ב,8604617,street,203327.35,552696.62,694202.50,3438624.83
001027-081029-00244-ד,"עזרא ונחמיה 244ד, דימונה",דימונה,עזרא ונחמיה,244,ד,8604619,street,203327.35,552696.62,694202.50,3438624.83
001027-081029-00244-ה,"עזרא ונחמיה 244ה, דימונה",דימונה,עזרא ונחמיה,244,ה,8604620,street,203327.35,552696.62,694202.50,3438624.83
001027-081029-00244-ו,"עזרא ונחמיה 244ו, דימונה",דימונה,עזרא ונחמיה,244,ו,8604621,street,203327.35,552696.62,694202.50,3438624.83
001027-081029-00250-X,"עזרא ונחמיה 250, דימונה",דימונה,עזרא ונחמיה,250,,8604301,street,203327.35,552696.62,694202.50,3438624.83
001027-081029-00250-א,"עזרא ונחמיה 250א, דימונה",דימונה,עזרא ונחמיה,250,א,8604302,street,203327.35,552696.62,694202.50,3438624.83
001027-081029-00250-ב,"עזרא ונחמיה 250ב, דימונה",דימונה,עזרא ונחמיה,250,ב,8604303,street,203327.35,552696.62,694202.50,3438624.83
001027-081029-00250-ג,"עזרא ונחמיה 250ג, דימונה",דימונה,עזרא ונחמיה,250,ג,8604304,street,203327.35,552696.62,694202.50,3438624.83
001027-081029-00250-ד,"עזרא ונחמיה 250ד, דימונה",דימונה,עזרא ונחמיה,250,ד,8604305,street,203327.35,552696.62,694202.50,3438624.83
001027-081029-00250-ה,"עזרא ונחמיה 250ה, דימונה",דימונה,עזרא ונחמיה,250,ה,8604306,street,203327.35,552696.62,694202.50,3438624.83
001027-081029-00250-ו,"עזרא ונחמיה 250ו, דימונה",דימונה,עזרא ונחמיה,250,ו,8604307,street,203327.35,552696.62,694202.50,3438624.83
001027-081210-00055-X,"? 55, דימונה",דימונה,?,55,,8610827,none,,,,
001027-081210-00055-ב,"? 55ב, דימונה",דימונה,?,55,ב,8610829,none,,,,
001027-081210-00056-ג,"? 56ג, דימונה",דימונה,?,56,ג,8610833,none,,,,
001027-081210-00057-X,"? 57, דימונה",דימונה,?,57,,8610834,none,,,,
001027-081210-00057-א,"? 57א, דימונה",דימונה,?,57,א,8610835,none,,,,
001027-081210-00057-ב,"? 57ב, דימונה",דימונה,?,57,ב,8610836,none,,,,
001027-081210-00057-ג,"? 57ג, דימונה",דימונה,?,57,ג,8610837,none,,,,
001027-081210-00057-ד,"? 57ד, דימונה",דימונה,?,57,ד,8610838,none,,,,
001027-081210-00058-X,"? 58, דימונה",דימונה,?,58,,8610839,none,,,,
001027-081210-00058-א,"? 58א, דימונה",דימונה,?,58,א,8610840,none,,,,
001027-081210-00058-ב,"? 58ב, דימונה",דימונה,?,58,ב,8610841,none,,,,
001027-081210-00058-ג,"? 58ג, דימונה",דימונה,?,58,ג,8610842,none,,,,
001027-081210-00059-א,"? 59א, דימונה",דימונה,?,59,א,8610844,none,,,,
001027-081210-00059-ב,"? 59ב, דימונה",דימונה,?,59,ב,8610845,none,,,,
001027-081210-00059-ג,"? 59ג, דימונה",דימונה,?,59,ג,8610846,none,,,,
001027-081311-00000-X,"השיטה, דימונה",דימונה,השיטה,,,8612200,street,202888.89,552630.16,693765.43,3438549.67
001027-081311-00045-X,"השיטה 45, דימונה",דימונה,השיטה,45,,8612201,exact,202876.71,552582.65,693754.19,3438501.93
001027-081311-00045-ה,"השיטה 45ה, דימונה",דימונה,השיטה,45,ה,8612206,exact,202876.71,552582.65,693754.19,3438501.93
001027-081311-00045-ו,"השיטה 45ו, דימונה",דימונה,השיטה,45,ו,8612207,exact,202876.71,552582.65,693754.19,3438501.93
001027-081311-00045-ז,"השיטה 45ז, דימונה",דימונה,השיטה,45,ז,8612208,exact,202876.71,552582.65,693754.19,3438501.93
001027-081311-00046-X,"השיטה 46, דימונה",דימונה,השיטה,46,,8612209,exact,202897.40,552612.42,693774.29,3438532.11
001027-081311-00046-א,"השיטה 46א, דימונה",דימונה,השיטה,46,א,8612210,exact,202897.40,552612.42,693774.29,3438532.11
001027-081311-00046-ב,"השיטה 46ב, דימונה",דימונה,השיטה,46,ב,8612211,exact,202897.40,552612.42,693774.29,3438532.11
001027-081311-00046-ג,"השיטה 46ג, דימונה",דימונה,השיטה,46,ג,8612212,exact,202897.40,552612.42,693774.29,3438532.11
001027-081311-00046-ד,"השיטה 46ד, דימונה",דימונה,השיטה,46,ד,8612213,exact,202897.40,552612.42,693774.29,3438532.11
001027-081311-00047-א,"השיטה 47א, דימונה",דימונה,השיטה,47,א,8612215,exact,202894.55,552640.36,693770.88,3438559.98
001027-081311-00047-ב,"השיטה 47ב, דימונה",דימונה,השיטה,47,ב,8612216,exact,202894.55,552640.36,693770.88,3438559.98
001027-081311-00047-ג,"השיטה 47ג, דימונה",דימונה,השיטה,47,ג,8612217,exact,202894.55,552640.36,693770.88,3438559.98
001027-081311-00047-ד,"השיטה 47ד, דימונה",דימונה,השיטה,47,ד,8612218,exact,202894.55,552640.36,693770.88,3438559.98
001027-081311-00047-ה,"השיטה 47ה, דימונה",דימונה,השיטה,47,ה,8612219,exact,202894.55,552640.36,693770.88,3438559.98
001027-081311-00048-X,"השיטה 48, דימונה",דימונה,השיטה,48,,8612220,exact,202858.93,552630.32,693735.47,3438549.24
001027-081311-00048-א,"השיטה 48א, דימונה",דימונה,השיטה,48,א,8612221,exact,202858.93,552630.32,693735.47,3438549.24
001027-081311-00048-ב,"השיטה 48ב, דימונה",דימונה,השיטה,48,ב,8612222,exact,202858.93,552630.32,693735.47,3438549.24
001027-081311-00048-ג,"השיטה 48ג, דימונה",דימונה,השיטה,48,ג,8612223,exact,202858.93,552630.32,693735.47,3438549.24
001027-081676-00000-X,"רקפת, דימונה",דימונה,רקפת,,,8603800,street,203068.05,552445.44,693948.23,3438368.54
001027-081676-00004-X,"רקפת 4, דימונה",דימונה,רקפת,4,,8603809,street,203068.05,552445.44,693948.23,3438368.54
001027-081676-00014-X,"רקפת 14, דימונה",דימונה,רקפת,14,,8603801,street,203068.05,552445.44,693948.23,3438368.54
001027-081676-00022-X,"רקפת 22, דימונה",דימונה,רקפת,22,,8603802,street,203068.05,552445.44,693948.23,3438368.54
001027-081676-00024-X,"רקפת 24, דימונה",דימונה,רקפת,24,,8603803,street,203068.05,552445.44,693948.23,3438368.54
001027-081676-00751-X,"רקפת 751, דימונה",דימונה,רקפת,751,,8603806,street,203068.05,552445.44,693948.23,3438368.54
001027-081676-00752-X,"רקפת 752, דימונה",דימונה,רקפת,752,,8603807,street,203068.05,552445.44,693948.23,3438368.54
001027-081676-00753-X,"רקפת 753, דימונה",דימונה,רקפת,753,,8603808,street,203068.05,552445.44,693948.23,3438368.54
001027-081741-00000-X,"?, דימונה",דימונה,?,,,8603500,none,,,,
001027-081741-00023-X,"? 23, דימונה",דימונה,?,23,,8603501,none,,,,
001027-081741-00023-א,"? 23א, דימונה",דימונה,?,23,א,8603502,none,,,,
001027-081741-00024-X,"? 24, דימונה",דימונה,?,24,,8603504,none,,,,
001027-081741-00024-א,"? 24א, דימונה",דימונה,?,24,א,8603505,none,,,,
001027-081741-00029-X,"? 29, דימונה",דימונה,?,29,,8603507,none,,,,
001027-081741-00029-א,"? 29א, דימונה",דימונה,?,29,א,8603508,none,,,,
001027-081741-00029-ב,"? 29ב, דימונה",דימונה,?,29,ב,8603509,none,,,,
001027-081741-00082-א,"? 82א, דימונה",דימונה,?,82,א,8603511,none,,,,
001027-081741-00082-ב,"? 82ב, דימונה",דימונה,?,82,ב,8603512,none,,,,
001027-081741-00082-ג,"? 82ג, דימונה",דימונה,?,82,ג,8603513,none,,,,
001027-081741-00083-א,"? 83א, דימונה",דימונה,?,83,א,8603515,none,,,,
001027-081741-00083-ג,"? 83ג, דימונה",דימונה,?,83,ג,8603517,none,,,,
001027-081741-00084-א,"? 84א, דימונה",דימונה,?,84,א,8603519,none,,,,
001027-081741-00084-ג,"? 84ג, דימונה",דימונה,?,84,ג,8603521,none,,,,
001027-081771-00000-X,"האיריס, דימונה",דימונה,האיריס,,,8603300,street,202987.91,552430.19,693868.40,3438351.70
001027-081771-00014-א,"האיריס 14א, דימונה",דימונה,האיריס,14,א,8603302,street,202987.91,552430.19,693868.40,3438351.70
001027-081771-00014-ב,"האיריס 14ב, דימונה",דימונה,האיריס,14,ב,8603303,street,202987.91,552430.19,693868.40,3438351.70
001027-081870-00000-X,"מ""ג המעפילים, דימונה",דימונה,"מ""ג המעפילים",,,8604700,street,203245.96,552726.35,694120.53,3438652.94
001027-081870-00001-X,"מ""ג המעפילים 1, דימונה",דימונה,"מ""ג המעפילים",1,,8604701,street,203245.96,552726.35,694120.53,3438652.94
001027-081870-00002-X,"מ""ג המעפילים 2, דימונה",דימונה,"מ""ג המעפילים",2,,8613601,exact,203265.97,552506.50,694144.91,3438433.52
001027-081870-00005-X,"מ""ג המעפילים 5, דימונה",דימונה,"מ""ג המעפילים",5,,8613602,street,203245.96,552726.35,694120.53,3438652.94
001027-081870-00215-X,"מ""ג המעפילים 215, דימונה",דימונה,"מ""ג המעפילים",215,,8604702,street,203245.96,552726.35,694120.53,3438652.94
001027-081870-00215-א,"מ""ג המעפילים 215א, דימונה",דימונה,"מ""ג המעפילים",215,א,8604703,street,203245.96,552726.35,694120.53,3438652.94
001027-081870-00215-ב,"מ""ג המעפילים 215ב, דימונה",דימונה,"מ""ג המעפילים",215,ב,8604704,street,203245.96,552726.35,694120.53,3438652.94
001027-081870-00215-ד,"מ""ג המעפילים 215ד, דימונה",דימונה,"מ""ג המעפילים",215,ד,8604706,street,203245.96,552726.35,694120.53,3438652.94
001027-081870-00216-X,"מ""ג המעפילים 216, דימונה",דימונה,"מ""ג המעפילים",216,,8604707,street,203245.96,552726.35,694120.53,3438652.94
001027-081870-00216-א,"מ""ג המעפילים 216א, דימונה",דימונה,"מ""ג המעפילים",216,א,8604708,street,203245.96,552726.35,694120.53,3438652.94
001027-081870-00216-ב,"מ""ג המעפילים 216ב, דימונה",דימונה,"מ""ג המעפילים",216,ב,8604709,street,203245.96,552726.35,694120.53,3438652.94
001027-081870-00216-ג,"מ""ג המעפילים 216ג, דימונה",דימונה,"מ""ג המעפילים",216,ג,8604710,street,203245.96,552726.35,694120.53,3438652.94
001027-081870-00216-ד,"מ""ג המעפילים 216ד, דימונה",דימונה,"מ""ג המעפילים",216,ד,8604711,street,203245.96,552726.35,694120.53,3438652.94
001027-081870-00217-X,"מ""ג המעפילים 217, דימונה",דימונה,"מ""ג המעפילים",217,,8604712,street,203245.96,552726.35,694120.53,3438652.94
001027-081870-00217-ב,"מ""ג המעפילים 217ב, דימונה",דימונה,"מ""ג המעפילים",217,ב,8604714,street,203245.96,552726.35,694120.53,3438652.94
001027-081870-00218-X,"מ""ג המעפילים 218, דימונה",דימונה,"מ""ג המעפילים",218,,8604717,street,203245.96,552726.35,694120.53,3438652.94
001027-081870-00218-ב,"מ""ג המעפילים 218ב, דימונה",דימונה,"מ""ג המעפילים",218,ב,8604719,street,203245.96,552726.35,694120.53,3438652.94
001027-081870-00218-ג,"מ""ג המעפילים 218ג, דימונה",דימונה,"מ""ג המעפילים",218,ג,8604720,street,203245.96,552726.35,694120.53,3438652.94
001027-081870-00218-ד,"מ""ג המעפילים 218ד, דימונה",דימונה,"מ""ג המעפילים",218,ד,8604721,street,203245.96,552726.35,694120.53,3438652.94
001027-081870-00227-ג,"מ""ג המעפילים 227ג, דימונה",דימונה,"מ""ג המעפילים",227,ג,8604004,exact,203272.26,552823.66,694144.90,3438750.76
001027-081870-00228-א,"מ""ג המעפילים 228א, דימונה",דימונה,"מ""ג המעפילים",228,א,8604006,exact,203269.79,552848.63,694141.93,3438775.68
001027-081870-00228-ב,"מ""ג המעפילים 228ב, דימונה",דימונה,"מ""ג המעפילים",228,ב,8604007,exact,203269.79,552848.63,694141.93,3438775.68
001027-081870-00229-א,"מ""ג המעפילים 229א, דימונה",דימונה,"מ""ג המעפילים",229,א,8604010,exact,203267.64,552874.03,694139.28,3438801.03
001027-081870-00229-ב,"מ""ג המעפילים 229ב, דימונה",דימונה,"מ""ג המעפילים",229,ב,8604011,exact,203267.64,552874.03,694139.28,3438801.03
001027-081870-00230-X,"מ""ג המעפילים 230, דימונה",דימונה,"מ""ג המעפילים",230,,8604013,exact,203269.22,552900.18,694140.33,3438827.20
001027-081870-00230-א,"מ""ג המעפילים 230א, דימונה",דימונה,"מ""ג המעפילים",230,א,8604014,exact,203269.22,552900.18,694140.33,3438827.20
001027-081870-00245-X,"מ""ג המעפילים 245, דימונה",דימונה,"מ""ג המעפילים",245,,8604722,exact,203268.27,552770.26,694141.97,3438697.29
001027-081870-00245-א,"מ""ג המעפילים 245א, דימונה",דימונה,"מ""ג המעפילים",245,א,8604723,exact,203268.27,552770.26,694141.97,3438697.29
001027-081870-00245-ב,"מ""ג המעפילים 245ב, דימונה",דימונה,"מ""ג המעפילים",245,ב,8604724,exact,203268.27,552770.26,694141.97,3438697.29
001027-081870-00245-ג,"מ""ג המעפילים 245ג, דימונה",דימונה,"מ""ג המעפילים",245,ג,8604725,exact,203268.27,552770.26,694141.97,3438697.29
001027-081870-00245-ה,"מ""ג המעפילים 245ה, דימונה",דימונה,"מ""ג המעפילים",245,ה,8604727,exact,203268.27,552770.26,694141.97,3438697.29
001027-081870-00245-ו,"מ""ג המעפילים 245ו, דימונה",דימונה,"מ""ג המעפילים",245,ו,8604728,exact,203268.27,552770.26,694141.97,3438697.29
001027-081924-00000-X,"המכבים, דימונה",דימונה,המכבים,,,8604100,street,203485.64,552792.70,694358.86,3438724.04
001027-081924-00247-X,"המכבים 247, דימונה",דימונה,המכבים,247,,8604124,exact,203466.33,552772.84,694339.95,3438703.80
001027-081924-00247-א,"המכבים 247א, דימונה",דימונה,המכבים,247,א,8604125,exact,203466.33,552772.84,694339.95,3438703.80
001027-081924-00247-ב,"המכבים 247ב, דימונה",דימונה,המכבים,247,ב,8604126,exact,203466.33,552772.84,694339.95,3438703.80
001027-081924-00247-ג,"המכבים 247ג, דימונה",דימונה,המכבים,247,ג,8604127,exact,203466.33,552772.84,694339.95,3438703.80
001027-081924-00247-ד,"המכבים 247ד, דימונה",דימונה,המכבים,247,ד,8604128,exact,203466.33,552772.84,694339.95,3438703.80
001027-081924-00247-ו,"המכבים 247ו, דימונה",דימונה,המכבים,247,ו,8604130,exact,203466.33,552772.84,694339.95,3438703.80
001027-081924-00247-ז,"המכבים 247ז, דימונה",דימונה,המכבים,247,ז,8604131,exact,203466.33,552772.84,694339.95,3438703.80
001027-081924-00248-X,"המכבים 248, דימונה",דימונה,המכבים,248,,8604132,exact,203501.72,552763.92,694375.51,3438695.58
001027-081924-00248-א,"המכבים 248א, דימונה",דימונה,המכבים,248,א,8604133,exact,203501.72,552763.92,694375.51,3438695.58
001027-081924-00248-ב,"המכבים 248ב, דימונה",דימונה,המכבים,248,ב,8604134,exact,203501.72,552763.92,694375.51,3438695.58
001027-081924-00248-ג,"המכבים 248ג, דימונה",דימונה,המכבים,248,ג,8604135,exact,203501.72,552763.92,694375.51,3438695.58
001027-081924-00248-ד,"המכבים 248ד, דימונה",דימונה,המכבים,248,ד,8604136,exact,203501.72,552763.92,694375.51,3438695.58
001027-081924-00248-ה,"המכבים 248ה, דימונה",דימונה,המכבים,248,ה,8604137,exact,203501.72,552763.92,694375.51,3438695.58
001027-081924-00248-ז,"המכבים 248ז, דימונה",דימונה,המכבים,248,ז,8604139,exact,203501.72,552763.92,694375.51,3438695.58
001027-082023-00222-א,"מתתיהו הכהן 222א, דימונה",דימונה,מתתיהו הכהן,222,א,8604309,exact,203562.57,552695.84,694437.70,3438628.72
001027-082023-00222-ג,"מתתיהו הכהן 222ג, דימונה",דימונה,מתתיהו הכהן,222,ג,8604311,exact,203562.57,552695.84,694437.70,3438628.72
001027-082023-00223-X,"מתתיהו הכהן 223, דימונה",דימונה,מתתיהו הכהן,223,,8604312,exact,203589.27,552690.50,694464.50,3438623.91
001027-082023-00223-א,"מתתיהו הכהן 223א, דימונה",דימונה,מתתיהו הכהן,223,א,8604313,exact,203589.27,552690.50,694464.50,3438623.91
001027-082023-00223-ב,"מתתיהו הכהן 223ב, דימונה",דימונה,מתתיהו הכהן,223,ב,8604314,exact,203589.27,552690.50,694464.50,3438623.91
001027-082023-00223-ג,"מתתיהו הכהן 223ג, דימונה",דימונה,מתתיהו הכהן,223,ג,8604315,exact,203589.27,552690.50,694464.50,3438623.91
001027-082023-00224-א,"מתתיהו הכהן 224א, דימונה",דימונה,מתתיהו הכהן,224,א,8604317,exact,203614.44,552681.05,694489.86,3438614.97
001027-082023-00224-ב,"מתתיהו הכהן 224ב, דימונה",דימונה,מתתיהו הכהן,224,ב,8604318,exact,203614.44,552681.05,694489.86,3438614.97
001027-082023-00224-ג,"מתתיהו הכהן 224ג, דימונה",דימונה,מתתיהו הכהן,224,ג,8604319,exact,203614.44,552681.05,694489.86,3438614.97
001027-082023-00225-א,"מתתיהו הכהן 225א, דימונה",דימונה,מתתיהו הכהן,225,א,8604321,exact,203639.13,552674.57,694514.67,3438608.98
001027-082023-00225-ב,"מתתיהו הכהן 225ב, דימונה",דימונה,מתתיהו הכהן,225,ב,8604322,exact,203639.13,552674.57,694514.67,3438608.98
001027-082023-00225-ג,"מתתיהו הכהן 225ג, דימונה",דימונה,מתתיהו הכהן,225,ג,8604323,exact,203639.13,552674.57,694514.67,3438608.98
001027-082023-00226-ב,"מתתיהו הכהן 226ב, דימונה",דימונה,מתתיהו הכהן,226,ב,8604326,exact,203664.20,552667.04,694539.89,3438601.95
001027-082023-00249-א,"מתתיהו הכהן 249א, דימונה",דימונה,מתתיהו הכהן,249,א,8604329,exact,203628.76,552713.03,694503.54,3438647.22
001027-082023-00249-ג,"מתתיהו הכהן 249ג, דימונה",דימונה,מתתיהו הכהן,249,ג,8604331,exact,203628.76,552713.03,694503.54,3438647.22
001027-082023-00249-ד,"מתתיהו הכהן 249ד, דימונה",דימונה,מתתיהו הכהן,249,ד,8604332,exact,203628.76,552713.03,694503.54,3438647.22
001027-082023-00249-ה,"מתתיהו הכהן 249ה, דימונה",דימונה,מתתיהו הכהן,249,ה,8604333,exact,203628.76,552713.03,694503.54,3438647.22
001027-082023-00249-ז,"מתתיהו הכהן 249ז, דימונה",דימונה,מתתיהו הכהן,249,ז,8604335,exact,203628.76,552713.03,694503.54,3438647.22
001027-082052-00000-X,"בר כוכבא, דימונה",דימונה,בר כוכבא,,,8604600,street,203406.55,552625.19,694283.11,3438554.99
001027-082052-00205-X,"בר כוכבא 205, דימונה",דימונה,בר כוכבא,205,,8604622,street,203406.55,552625.19,694283.11,3438554.99
001027-082052-00205-א,"בר כוכבא 205א, דימונה",דימונה,בר כוכבא,205,א,8604623,street,203406.55,552625.19,694283.11,3438554.99
001027-082052-00205-ב,"בר כוכבא 205ב, דימונה",דימונה,בר כוכבא,205,ב,8604624,street,203406.55,552625.19,694283.11,3438554.99
001027-082052-00205-ג,"בר כוכבא 205ג, דימונה",דימונה,בר כוכבא,205,ג,8604625,street,203406.55,552625.19,694283.11,3438554.99
001027-082052-00205-ד,"בר כוכבא 205ד, דימונה",דימונה,בר כוכבא,205,ד,8604626,street,203406.55,552625.19,694283.11,3438554.99
001027-082052-00206-X,"בר כוכבא 206, דימונה",דימונה,בר כוכבא,206,,8604627,exact,203431.56,552571.73,694309.17,3438502.03
001027-082052-00206-א,"בר כוכבא 206א, דימונה",דימונה,בר כוכבא,206,א,8604628,exact,203431.56,552571.73,694309.17,3438502.03
001027-082052-00206-ב,"בר כוכבא 206ב, דימונה",דימונה,בר כוכבא,206,ב,8604629,exact,203431.56,552571.73,694309.17,3438502.03
001027-082052-00206-ד,"בר כוכבא 206ד, דימונה",דימונה,בר כוכבא,206,ד,8604631,exact,203431.56,552571.73,694309.17,3438502.03
001027-082052-00207-X,"בר כוכבא 207, דימונה",דימונה,בר כוכבא,207,,8604632,exact,203431.16,552600.04,694308.22,3438530.33
001027-082052-00207-א,"בר כוכבא 207א, דימונה",דימונה,בר כוכבא,207,א,8604633,exact,203431.16,552600.04,694308.22,3438530.33
001027-082052-00207-ב,"בר כוכבא 207ב, דימונה",דימונה,בר כוכבא,207,ב,8604634,exact,203431.16,552600.04,694308.22,3438530.33
001027-082052-00207-ד,"בר כוכבא 207ד, דימונה",דימונה,בר כוכבא,207,ד,8604636,exact,203431.16,552600.04,694308.22,3438530.33
001027-082052-00208-X,"בר כוכבא 208, דימונה",דימונה,בר כוכבא,208,,8604637,street,203406.55,552625.19,694283.11,3438554.99
001027-082052-00208-א,"בר כוכבא 208א, דימונה",דימונה,בר כוכבא,208,א,8604638,street,203406.55,552625.19,694283.11,3438554.99
001027-082052-00208-ג,"בר כוכבא 208ג, דימונה",דימונה,בר כוכבא,208,ג,8604640,street,203406.55,552625.19,694283.11,3438554.99
001027-082052-00208-ד,"בר כוכבא 208ד, דימונה",דימונה,בר כוכבא,208,ד,8604641,street,203406.55,552625.19,694283.11,3438554.99
001027-082052-00210-X,"בר כוכבא 210, דימונה",דימונה,בר כוכבא,210,,8604642,street,203406.55,552625.19,694283.11,3438554.99
001027-082052-00211-X,"בר כוכבא 211, דימונה",דימונה,בר כוכבא,211,,8604643,street,203406.55,552625.19,694283.11,3438554.99
001027-082052-00212-X,"בר כוכבא 212, דימונה",דימונה,בר כוכבא,212,,8604644,street,203406.55,552625.19,694283.11,3438554.99
001027-082052-00213-X,"בר כוכבא 213, דימונה",דימונה,בר כוכבא,213,,8604645,street,203406.55,552625.19,694283.11,3438554.99
001027-082052-00270-א,"בר כוכבא 270א, דימונה",דימונה,בר כוכבא,270,א,8604648,street,203406.55,552625.19,694283.11,3438554.99
001027-082052-00270-ב,"בר כוכבא 270ב, דימונה",דימונה,בר כוכבא,270,ב,8604649,street,203406.55,552625.19,694283.11,3438554.99
001027-082052-00270-ג,"בר כוכבא 270ג, דימונה",דימונה,בר כוכבא,270,ג,8604650,street,203406.55,552625.19,694283.11,3438554.99
001027-082052-00270-ד,"בר כוכבא 270ד, דימונה",דימונה,בר כוכבא,270,ד,8604651,street,203406.55,552625.19,694283.11,3438554.99
001027-082052-00270-ה,"בר כוכבא 270ה, דימונה",דימונה,בר כוכבא,270,ה,8604652,street,203406.55,552625.19,694283.11,3438554.99
001027-082052-00270-ו,"בר כוכבא 270ו, דימונה",דימונה,בר כוכבא,270,ו,8604653,street,203406.55,552625.19,694283.11,3438554.99
001027-082052-00270-ז,"בר כוכבא 270ז, דימונה",דימונה,בר כוכבא,270,ז,8604654,street,203406.55,552625.19,694283.11,3438554.99
001027-082052-00270-ט,"בר כוכבא 270ט, דימונה",דימונה,בר כוכבא,270,ט,8604656,street,203406.55,552625.19,694283.11,3438554.99
001027-082133-00000-X,"המלאכה, דימונה",דימונה,המלאכה,,,8621100,street,201685.57,552840.77,692558.11,3438736.35
001027-082133-00003-X,"המלאכה 3, דימונה",דימונה,המלאכה,3,,8621106,street,201685.57,552840.77,692558.11,3438736.35
001027-082133-00012-X,"המלאכה 12, דימונה",דימונה,המלאכה,12,,8621102,street,201685.57,552840.77,692558.11,3438736.35
001027-082133-01026-X,"המלאכה 1026, דימונה",דימונה,המלאכה,1026,,8621105,street,201685.57,552840.77,692558.11,3438736.35
001027-082204-00274-X,"הסנהדרין 274, דימונה",דימונה,הסנהדרין,274,,8604401,exact,203615.09,552610.95,694491.90,3438544.89
001027-082204-00274-ד,"הסנהדרין 274ד, דימונה",דימונה,הסנהדרין,274,ד,8604405,exact,203615.09,552610.95,694491.90,3438544.89
001027-082204-00274-ו,"הסנהדרין 274ו, דימונה",דימונה,הסנהדרין,274,ו,8604407,exact,203615.09,552610.95,694491.90,3438544.89
001027-082204-00274-ז,"הסנהדרין 274ז, דימונה",דימונה,הסנהדרין,274,ז,8604408,exact,203615.09,552610.95,694491.90,3438544.89
001027-082204-00275-א,"הסנהדרין 275א, דימונה",דימונה,הסנהדרין,275,א,8604410,exact,203567.19,552586.12,694444.50,3438519.11
001027-082204-00275-ב,"הסנהדרין 275ב, דימונה",דימונה,הסנהדרין,275,ב,8604411,exact,203567.19,552586.12,694444.50,3438519.11
001027-082204-00275-ג,"הסנהדרין 275ג, דימונה",דימונה,הסנהדרין,275,ג,8604412,exact,203567.19,552586.12,694444.50,3438519.11
001027-082204-00275-ד,"הסנהדרין 275ד, דימונה",דימונה,הסנהדרין,275,ד,8604413,exact,203567.19,552586.12,694444.50,3438519.11
001027-082204-00276-א,"הסנהדרין 276א, דימונה",דימונה,הסנהדרין,276,א,8604415,exact,203568.93,552559.13,694446.78,3438492.16
001027-082204-00276-ב,"הסנהדרין 276ב, דימונה",דימונה,הסנהדרין,276,ב,8604416,exact,203568.93,552559.13,694446.78,3438492.16
001027-082204-00276-ד,"הסנהדרין 276ד, דימונה",דימונה,הסנהדרין,276,ד,8604418,exact,203568.93,552559.13,694446.78,3438492.16
001027-082204-00277-X,"הסנהדרין 277, דימונה",דימונה,הסנהדרין,277,,8604419,exact,203626.42,552577.97,694503.88,3438512.14
001027-082204-00277-ג,"הסנהדרין 277ג, דימונה",דימונה,הסנהדרין,277,ג,8604422,exact,203626.42,552577.97,694503.88,3438512.14
001027-082204-00277-ד,"הסנהדרין 277ד, דימונה",דימונה,הסנהדרין,277,ד,8604423,exact,203626.42,552577.97,694503.88,3438512.14
001027-082292-00000-X,"כובשי אילת, דימונה",דימונה,כובשי אילת,,,8603200,street,203751.86,552507.00,694630.71,3438443.66
001027-082292-00001-X,"כובשי אילת 1, דימונה",דימונה,כובשי אילת,1,,8603201,street,203751.86,552507.00,694630.71,3438443.66
001027-082292-00002-X,"כובשי אילת 2, דימונה",דימונה,כובשי אילת,2,,8603202,exact,203509.91,552305.20,694392.81,3438237.09
001027-082292-00101-X,"כובשי אילת 101, דימונה",דימונה,כובשי אילת,101,,8603203,street,203751.86,552507.00,694630.71,3438443.66
001027-082292-00101-א,"כובשי אילת 101א, דימונה",דימונה,כובשי אילת,101,א,8603204,street,203751.86,552507.00,694630.71,3438443.66
001027-082292-00101-ב,"כובשי אילת 101ב, דימונה",דימונה,כובשי אילת,101,ב,8603205,street,203751.86,552507.00,694630.71,3438443.66
001027-082292-00101-ג,"כובשי אילת 101ג, דימונה",דימונה,כובשי אילת,101,ג,8603206,street,203751.86,552507.00,694630.71,3438443.66
001027-082292-00101-ד,"כובשי אילת 101ד, דימונה",דימונה,כובשי אילת,101,ד,8603207,street,203751.86,552507.00,694630.71,3438443.66
001027-082292-00101-ה,"כובשי אילת 101ה, דימונה",דימונה,כובשי אילת,101,ה,8603208,street,203751.86,552507.00,694630.71,3438443.66
001027-082292-00102-X,"כובשי אילת 102, דימונה",דימונה,כובשי אילת,102,,8603209,street,203751.86,552507.00,694630.71,3438443.66
001027-082292-00102-א,"כובשי אילת 102א, דימונה",דימונה,כובשי אילת,102,א,8603210,street,203751.86,552507.00,694630.71,3438443.66
001027-082292-00102-ב,"כובשי אילת 102ב, דימונה",דימונה,כובשי אילת,102,ב,8603211,street,203751.86,552507.00,694630.71,3438443.66
001027-082292-00102-ג,"כובשי אילת 102ג, דימונה",דימונה,כובשי אילת,102,ג,8603212,street,203751.86,552507.00,694630.71,3438443.66
001027-082292-00102-ד,"כובשי אילת 102ד, דימונה",דימונה,כובשי אילת,102,ד,8603213,street,203751.86,552507.00,694630.71,3438443.66
001027-082292-00102-ה,"כובשי אילת 102ה, דימונה",דימונה,כובשי אילת,102,ה,8603214,street,203751.86,552507.00,694630.71,3438443.66
001027-082292-00103-X,"כובשי אילת 103, דימונה",דימונה,כובשי אילת,103,,8603216,exact,203566.80,552308.98,694449.61,3438242.01
001027-082292-00103-א,"כובשי אילת 103א, דימונה",דימונה,כובשי אילת,103,א,8603217,exact,203566.80,552308.98,694449.61,3438242.01
001027-082292-00103-ב,"כובשי אילת 103ב, דימונה",דימונה,כובשי אילת,103,ב,8603218,exact,203566.80,552308.98,694449.61,3438242.01
001027-082292-00103-ג,"כובשי אילת 103ג, דימונה",דימונה,כובשי אילת,103,ג,8603219,exact,203566.80,552308.98,694449.61,3438242.01
001027-082292-00103-ד,"כובשי אילת 103ד, דימונה",דימונה,כובשי אילת,103,ד,8603220,exact,203566.80,552308.98,694449.61,3438242.01
001027-082292-00103-ה,"כובשי אילת 103ה, דימונה",דימונה,כובשי אילת,103,ה,8603221,exact,203566.80,552308.98,694449.61,3438242.01
001027-082292-00103-ו,"כובשי אילת 103ו, דימונה",דימונה,כובשי אילת,103,ו,8603222,exact,203566.80,552308.98,694449.61,3438242.01
001027-082292-00104-X,"כובשי אילת 104, דימונה",דימונה,כובשי אילת,104,,8603223,street,203751.86,552507.00,694630.71,3438443.66
001027-082292-00104-ד,"כובשי אילת 104ד, דימונה",דימונה,כובשי אילת,104,ד,8603227,street,203751.86,552507.00,694630.71,3438443.66
001027-082292-00104-ה,"כובשי אילת 104ה, דימונה",דימונה,כובשי אילת,104,ה,8603228,street,203751.86,552507.00,694630.71,3438443.66
001027-082292-00104-ו,"כובשי אילת 104ו, דימונה",דימונה,כובשי אילת,104,ו,8603229,street,203751.86,552507.00,694630.71,3438443.66
001027-082292-00104-ח,"כובשי אילת 104ח, דימונה",דימונה,כובשי אילת,104,ח,8603231,street,203751.86,552507.00,694630.71,3438443.66
001027-082292-00104-ט,"כובשי אילת 104ט, דימונה",דימונה,כובשי אילת,104,ט,8603232,street,203751.86,552507.00,694630.71,3438443.66
001027-082292-00104-י,"כובשי אילת 104י, דימונה",דימונה,כובשי אילת,104,י,8603233,street,203751.86,552507.00,694630.71,3438443.66
001027-082292-00105-X,"כובשי אילת 105, דימונה",דימונה,כובשי אילת,105,,8603234,street,203751.86,552507.00,694630.71,3438443.66
001027-082292-00105-א,"כובשי אילת 105א, דימונה",דימונה,כובשי אילת,105,א,8603235,street,203751.86,552507.00,694630.71,3438443.66
001027-082292-00105-ב,"כובשי אילת 105ב, דימונה",דימונה,כובשי אילת,105,ב,8603236,street,203751.86,552507.00,694630.71,3438443.66
001027-082292-00105-ג,"כובשי אילת 105ג, דימונה",דימונה,כובשי אילת,105,ג,8603237,street,203751.86,552507.00,694630.71,3438443.66
001027-082292-00105-ד,"כובשי אילת 105ד, דימונה",דימונה,כובשי אילת,105,ד,8603238,street,203751.86,552507.00,694630.71,3438443.66
001027-082292-00106-א,"כובשי אילת 106א, דימונה",דימונה,כובשי אילת,106,א,8603241,street,203751.86,552507.00,694630.71,3438443.66
001027-082292-00106-ב,"כובשי אילת 106ב, דימונה",דימונה,כובשי אילת,106,ב,8603242,street,203751.86,552507.00,694630.71,3438443.66
001027-082292-00106-ג,"כובשי אילת 106ג, דימונה",דימונה,כובשי אילת,106,ג,8603243,street,203751.86,552507.00,694630.71,3438443.66
001027-082292-00106-ה,"כובשי אילת 106ה, דימונה",דימונה,כובשי אילת,106,ה,8603245,street,203751.86,552507.00,694630.71,3438443.66
001027-082292-00106-ו,"כובשי אילת 106ו, דימונה",דימונה,כובשי אילת,106,ו,8603246,street,203751.86,552507.00,694630.71,3438443.66
001027-082292-00107-א,"כובשי אילת 107א, דימונה",דימונה,כובשי אילת,107,א,8603248,street,203751.86,552507.00,694630.71,3438443.66
001027-082292-00107-ג,"כובשי אילת 107ג, דימונה",דימונה,כובשי אילת,107,ג,8603250,street,203751.86,552507.00,694630.71,3438443.66
001027-082292-00107-ד,"כובשי אילת 107ד, דימונה",דימונה,כובשי אילת,107,ד,8603251,street,203751.86,552507.00,694630.71,3438443.66
001027-082292-00107-ה,"כובשי אילת 107ה, דימונה",דימונה,כובשי אילת,107,ה,8603252,street,203751.86,552507.00,694630.71,3438443.66
001027-082292-00108-X,"כובשי אילת 108, דימונה",דימונה,כובשי אילת,108,,8603253,street,203751.86,552507.00,694630.71,3438443.66
001027-082292-00108-א,"כובשי אילת 108א, דימונה",דימונה,כובשי אילת,108,א,8603254,street,203751.86,552507.00,694630.71,3438443.66
001027-082292-00108-ב,"כובשי אילת 108ב, דימונה",דימונה,כובשי אילת,108,ב,8603255,street,203751.86,552507.00,694630.71,3438443.66
001027-082292-00108-ג,"כובשי אילת 108ג, דימונה",דימונה,כובשי אילת,108,ג,8603256,street,203751.86,552507.00,694630.71,3438443.66
001027-082292-00108-ד,"כובשי אילת 108ד, דימונה",דימונה,כובשי אילת,108,ד,8603257,street,203751.86,552507.00,694630.71,3438443.66
001027-082292-00108-ה,"כובשי אילת 108ה, דימונה",דימונה,כובשי אילת,108,ה,8603258,street,203751.86,552507.00,694630.71,3438443.66
001027-082292-00108-ח,"כובשי אילת 108ח, דימונה",דימונה,כובשי אילת,108,ח,8603261,street,203751.86,552507.00,694630.71,3438443.66
001027-082292-00502-X,"כובשי אילת 502, דימונה",דימונה,כובשי אילת,502,,8603262,street,203751.86,552507.00,694630.71,3438443.66
001027-082292-00502-א,"כובשי אילת 502א, דימונה",דימונה,כובשי אילת,502,א,8603263,street,203751.86,552507.00,694630.71,3438443.66
001027-082292-00502-ב,"כובשי אילת 502ב, דימונה",דימונה,כובשי אילת,502,ב,8603264,street,203751.86,552507.00,694630.71,3438443.66
001027-082292-00502-ג,"כובשי אילת 502ג, דימונה",דימונה,כובשי אילת,502,ג,8603265,street,203751.86,552507.00,694630.71,3438443.66
001027-082292-01612-X,"כובשי אילת 1612, דימונה",דימונה,כובשי אילת,1612,,8603266,street,203751.86,552507.00,694630.71,3438443.66
001027-082292-01613-X,"כובשי אילת 1613, דימונה",דימונה,כובשי אילת,1613,,8603267,street,203751.86,552507.00,694630.71,3438443.66
001027-082292-01614-X,"כובשי אילת 1614, דימונה",דימונה,כובשי אילת,1614,,8603268,street,203751.86,552507.00,694630.71,3438443.66
001027-082292-01617-X,"כובשי אילת 1617, דימונה",דימונה,כובשי אילת,1617,,8603271,street,203751.86,552507.00,694630.71,3438443.66
001027-082292-01622-X,"כובשי אילת 1622, דימונה",דימונה,כובשי אילת,1622,,8603272,street,203751.86,552507.00,694630.71,3438443.66
001027-082292-01623-X,"כובשי אילת 1623, דימונה",דימונה,כובשי אילת,1623,,8603273,street,203751.86,552507.00,694630.71,3438443.66
001027-082292-01624-X,"כובשי אילת 1624, דימונה",דימונה,כובשי אילת,1624,,8603274,street,203751.86,552507.00,694630.71,3438443.66
001027-082292-01627-X,"כובשי אילת 1627, דימונה",דימונה,כובשי אילת,1627,,8603277,street,203751.86,552507.00,694630.71,3438443.66
001027-082292-01629-X,"כובשי אילת 1629, דימונה",דימונה,כובשי אילת,1629,,8603279,street,203751.86,552507.00,694630.71,3438443.66
001027-082292-01631-X,"כובשי אילת 1631, דימונה",דימונה,כובשי אילת,1631,,8603281,street,203751.86,552507.00,694630.71,3438443.66
001027-082292-01632-X,"כובשי אילת 1632, דימונה",דימונה,כובשי אילת,1632,,8603282,street,203751.86,552507.00,694630.71,3438443.66
001027-082292-01633-X,"כובשי אילת 1633, דימונה",דימונה,כובשי אילת,1633,,8603283,street,203751.86,552507.00,694630.71,3438443.66
001027-082292-01634-X,"כובשי אילת 1634, דימונה",דימונה,כובשי אילת,1634,,8603284,street,203751.86,552507.00,694630.71,3438443.66
001027-082292-01635-X,"כובשי אילת 1635, דימונה",דימונה,כובשי אילת,1635,,8603285,street,203751.86,552507.00,694630.71,3438443.66
001027-082292-01636-X,"כובשי אילת 1636, דימונה",דימונה,כובשי אילת,1636,,8603286,street,203751.86,552507.00,694630.71,3438443.66
001027-082292-01637-X,"כובשי אילת 1637, דימונה",דימונה,כובשי אילת,1637,,8603287,street,203751.86,552507.00,694630.71,3438443.66
001027-082292-01639-X,"כובשי אילת 1639, דימונה",דימונה,כובשי אילת,1639,,8603289,street,203751.86,552507.00,694630.71,3438443.66
001027-082292-01640-X,"כובשי אילת 1640, דימונה",דימונה,כובשי אילת,1640,,8603290,street,203751.86,552507.00,694630.71,3438443.66
001027-082292-01641-X,"כובשי אילת 1641, דימונה",דימונה,כובשי אילת,1641,,8603291,street,203751.86,552507.00,694630.71,3438443.66
001027-082292-01642-X,"כובשי אילת 1642, דימונה",דימונה,כובשי אילת,1642,,8603292,street,203751.86,552507.00,694630.71,3438443.66
001027-082292-01643-X,"כובשי אילת 1643, דימונה",דימונה,כובשי אילת,1643,,8603293,street,203751.86,552507.00,694630.71,3438443.66
001027-082292-01644-X,"כובשי אילת 1644, דימונה",דימונה,כובשי אילת,1644,,8603294,street,203751.86,552507.00,694630.71,3438443.66
001027-082292-01645-X,"כובשי אילת 1645, דימונה",דימונה,כובשי אילת,1645,,8603295,street,203751.86,552507.00,694630.71,3438443.66
001027-082292-01646-X,"כובשי אילת 1646, דימונה",דימונה,כובשי אילת,1646,,8603296,street,203751.86,552507.00,694630.71,3438443.66
001027-082292-01648-X,"כובשי אילת 1648, דימונה",דימונה,כובשי אילת,1648,,8603298,street,203751.86,552507.00,694630.71,3438443.66
001027-082292-01650-X,"כובשי אילת 1650, דימונה",דימונה,כובשי אילת,1650,,8603901,street,203751.86,552507.00,694630.71,3438443.66
001027-082292-01651-X,"כובשי אילת 1651, דימונה",דימונה,כובשי אילת,1651,,8603902,street,203751.86,552507.00,694630.71,3438443.66
001027-082292-01653-X,"כובשי אילת 1653, דימונה",דימונה,כובשי אילת,1653,,8603904,street,203751.86,552507.00,694630.71,3438443.66
001027-082292-01654-X,"כובשי אילת 1654, דימונה",דימונה,כובשי אילת,1654,,8603905,street,203751.86,552507.00,694630.71,3438443.66
001027-082292-01655-X,"כובשי אילת 1655, דימונה",דימונה,כובשי אילת,1655,,8603906,street,203751.86,552507.00,694630.71,3438443.66
001027-082292-01656-X,"כובשי אילת 1656, דימונה",דימונה,כובשי אילת,1656,,8603907,street,203751.86,552507.00,694630.71,3438443.66
001027-082292-01657-X,"כובשי אילת 1657, דימונה",דימונה,כובשי אילת,1657,,8603908,street,203751.86,552507.00,694630.71,3438443.66
001027-082292-01658-X,"כובשי אילת 1658, דימונה",דימונה,כובשי אילת,1658,,8603909,street,203751.86,552507.00,694630.71,3438443.66
001027-082292-01659-X,"כובשי אילת 1659, דימונה",דימונה,כובשי אילת,1659,,8603910,street,203751.86,552507.00,694630.71,3438443.66
001027-082292-01660-X,"כובשי אילת 1660, דימונה",דימונה,כובשי אילת,1660,,8603911,street,203751.86,552507.00,694630.71,3438443.66
001027-082334-00235-X,"החשמונאים 235, דימונה",דימונה,החשמונאים,235,,8604140,exact,203571.51,552830.03,694443.97,3438763.07
001027-082334-00235-ג,"החשמונאים 235ג, דימונה",דימונה,החשמונאים,235,ג,8604143,exact,203571.51,552830.03,694443.97,3438763.07
001027-082334-00235-ד,"החשמונאים 235ד, דימונה",דימונה,החשמונאים,235,ד,8604144,exact,203571.51,552830.03,694443.97,3438763.07
001027-082334-00236-X,"החשמונאים 236, דימונה",דימונה,החשמונאים,236,,8604145,exact,203572.29,552802.95,694445.30,3438736.01
001027-082334-00236-א,"החשמונאים 236א, דימונה",דימונה,החשמונאים,236,א,8604146,exact,203572.29,552802.95,694445.30,3438736.01
001027-082334-00236-ב,"החשמונאים 236ב, דימונה",דימונה,החשמונאים,236,ב,8604147,exact,203572.29,552802.95,694445.30,3438736.01
001027-082334-00236-ג,"החשמונאים 236ג, דימונה",דימונה,החשמונאים,236,ג,8604148,exact,203572.29,552802.95,694445.30,3438736.01
001027-082334-00236-ד,"החשמונאים 236ד, דימונה",דימונה,החשמונאים,236,ד,8604149,exact,203572.29,552802.95,694445.30,3438736.01
001027-082334-00237-X,"החשמונאים 237, דימונה",דימונה,החשמונאים,237,,8604150,exact,203571.26,552777.36,694444.77,3438710.40
001027-082334-00237-א,"החשמונאים 237א, דימונה",דימונה,החשמונאים,237,א,8604151,exact,203571.26,552777.36,694444.77,3438710.40
001027-082334-00237-ב,"החשמונאים 237ב, דימונה",דימונה,החשמונאים,237,ב,8604152,exact,203571.26,552777.36,694444.77,3438710.40
001027-082334-00237-ג,"החשמונאים 237ג, דימונה",דימונה,החשמונאים,237,ג,8604153,exact,203571.26,552777.36,694444.77,3438710.40
001027-082334-00502-X,"החשמונאים 502, דימונה",דימונה,החשמונאים,502,,8604155,street,203614.49,552798.72,694487.57,3438732.62
001027-082334-00502-ב,"החשמונאים 502ב, דימונה",דימונה,החשמונאים,502,ב,8604157,street,203614.49,552798.72,694487.57,3438732.62
001027-082334-00502-ג,"החשמונאים 502ג, דימונה",דימונה,החשמונאים,502,ג,8604158,street,203614.49,552798.72,694487.57,3438732.62
001027-082334-00502-ד,"החשמונאים 502ד, דימונה",דימונה,החשמונאים,502,ד,8604159,street,203614.49,552798.72,694487.57,3438732.62
001027-082456-00000-X,"הברוש, דימונה",דימונה,הברוש,,,8602900,street,202871.68,552705.97,693746.71,3438625.13
001027-082456-00003-X,"הברוש 3, דימונה",דימונה,הברוש,3,,8602943,street,202871.68,552705.97,693746.71,3438625.13
001027-082456-00004-X,"הברוש 4, דימונה",דימונה,הברוש,4,,8602944,exact,202908.92,552713.15,693783.81,3438633.05
001027-082456-00005-X,"הברוש 5, דימונה",דימונה,הברוש,5,,8602945,street,202871.68,552705.97,693746.71,3438625.13
001027-082456-00006-X,"הברוש 6, דימונה",דימונה,הברוש,6,,8602946,street,202871.68,552705.97,693746.71,3438625.13
001027-082456-00007-X,"הברוש 7, דימונה",דימונה,הברוש,7,,8602947,exact,202935.93,552721.84,693810.64,3438642.28
001027-082456-00008-X,"הברוש 8, דימונה",דימונה,הברוש,8,,8602948,street,202871.68,552705.97,693746.71,3438625.13
001027-082456-00009-X,"הברוש 9, דימונה",דימונה,הברוש,9,,8602949,exact,202932.14,552706.96,693807.15,3438627.32
001027-082456-00010-X,"הברוש 10, דימונה",דימונה,הברוש,10,,8602950,street,202871.68,552705.97,693746.71,3438625.13
001027-082456-00011-X,"הברוש 11, דימונה",דימונה,הברוש,11,,8602951,exact,202896.62,552684.71,693772.07,3438604.37
001027-082456-00012-X,"הברוש 12, דימונה",דימונה,הברוש,12,,8602952,street,202871.68,552705.97,693746.71,3438625.13
001027-082456-00013-X,"הברוש 13, דימונה",דימונה,הברוש,13,,8602953,street,202871.68,552705.97,693746.71,3438625.13
001027-082456-00014-X,"הברוש 14, דימונה",דימונה,הברוש,14,,8602954,street,202871.68,552705.97,693746.71,3438625.13
001027-082456-00015-X,"הברוש 15, דימונה",דימונה,הברוש,15,,8602955,street,202871.68,552705.97,693746.71,3438625.13
001027-082456-00017-X,"הברוש 17, דימונה",דימונה,הברוש,17,,8602957,street,202871.68,552705.97,693746.71,3438625.13
001027-082456-00018-X,"הברוש 18, דימונה",דימונה,הברוש,18,,8602958,street,202871.68,552705.97,693746.71,3438625.13
001027-082456-00019-X,"הברוש 19, דימונה",דימונה,הברוש,19,,8602959,exact,202848.27,552719.96,693723.03,3438638.66
001027-082456-00020-X,"הברוש 20, דימונה",דימונה,הברוש,20,,8602960,street,202871.68,552705.97,693746.71,3438625.13
001027-082456-00021-X,"הברוש 21, דימונה",דימונה,הברוש,21,,8602961,street,202871.68,552705.97,693746.71,3438625.13
001027-082456-00022-X,"הברוש 22, דימונה",דימונה,הברוש,22,,8602962,street,202871.68,552705.97,693746.71,3438625.13
001027-082456-00023-X,"הברוש 23, דימונה",דימונה,הברוש,23,,8602963,street,202871.68,552705.97,693746.71,3438625.13
001027-082456-00024-X,"הברוש 24, דימונה",דימונה,הברוש,24,,8602964,street,202871.68,552705.97,693746.71,3438625.13
001027-082584-00001-X,"השקד 1, דימונה",דימונה,השקד,1,,8610537,street,202668.81,552527.14,693547.42,3438442.30
001027-082584-00002-X,"השקד 2, דימונה",דימונה,השקד,2,,8610538,street,202668.81,552527.14,693547.42,3438442.30
001027-082584-00004-X,"השקד 4, דימונה",דימונה,השקד,4,,8610540,street,202668.81,552527.14,693547.42,3438442.30
001027-082584-00005-X,"השקד 5, דימונה",דימונה,השקד,5,,8610541,street,202668.81,552527.14,693547.42,3438442.30
001027-082584-00006-X,"השקד 6, דימונה",דימונה,השקד,6,,8610542,street,202668.81,552527.14,693547.42,3438442.30
001027-082584-00007-X,"השקד 7, דימונה",דימונה,השקד,7,,8610543,street,202668.81,552527.14,693547.42,3438442.30
001027-082584-00010-X,"השקד 10, דימונה",דימונה,השקד,10,,8610546,street,202668.81,552527.14,693547.42,3438442.30
001027-082584-00011-X,"השקד 11, דימונה",דימונה,השקד,11,,8610547,street,202668.81,552527.14,693547.42,3438442.30
001027-082584-00012-X,"השקד 12, דימונה",דימונה,השקד,12,,8610548,street,202668.81,552527.14,693547.42,3438442.30
001027-082584-00013-X,"השקד 13, דימונה",דימונה,השקד,13,,8610549,street,202668.81,552527.14,693547.42,3438442.30
001027-082584-00014-X,"השקד 14, דימונה",דימונה,השקד,14,,8610550,street,202668.81,552527.14,693547.42,3438442.30
001027-082646-00000-X,"התירוש, דימונה",דימונה,התירוש,,,8602800,street,202265.62,552491.84,693145.00,3438398.99
001027-082646-00001-X,"התירוש 1, דימונה",דימונה,התירוש,1,,8610551,street,202265.62,552491.84,693145.00,3438398.99
001027-082646-00002-X,"התירוש 2, דימונה",דימונה,התירוש,2,,8610552,street,202265.62,552491.84,693145.00,3438398.99
001027-082646-00003-X,"התירוש 3, דימונה",דימונה,התירוש,3,,8610553,street,202265.62,552491.84,693145.00,3438398.99
001027-082646-00004-X,"התירוש 4, דימונה",דימונה,התירוש,4,,8610554,street,202265.62,552491.84,693145.00,3438398.99
001027-082646-00005-X,"התירוש 5, דימונה",דימונה,התירוש,5,,8610555,street,202265.62,552491.84,693145.00,3438398.99
001027-082646-00006-X,"התירוש 6, דימונה",דימונה,התירוש,6,,8610556,street,202265.62,552491.84,693145.00,3438398.99
001027-082646-00007-X,"התירוש 7, דימונה",דימונה,התירוש,7,,8610557,street,202265.62,552491.84,693145.00,3438398.99
001027-082646-00009-X,"התירוש 9, דימונה",דימונה,התירוש,9,,8610559,street,202265.62,552491.84,693145.00,3438398.99
001027-082646-00010-X,"התירוש 10, דימונה",דימונה,התירוש,10,,8610560,street,202265.62,552491.84,693145.00,3438398.99
001027-082646-00011-X,"התירוש 11, דימונה",דימונה,התירוש,11,,8610561,street,202265.62,552491.84,693145.00,3438398.99
001027-082646-00012-X,"התירוש 12, דימונה",דימונה,התירוש,12,,8610562,street,202265.62,552491.84,693145.00,3438398.99
001027-082646-00013-X,"התירוש 13, דימונה",דימונה,התירוש,13,,8610563,street,202265.62,552491.84,693145.00,3438398.99
001027-082646-00014-X,"התירוש 14, דימונה",דימונה,התירוש,14,,8610564,street,202265.62,552491.84,693145.00,3438398.99
001027-082696-00013-X,"היורה 13, דימונה",דימונה,היורה,13,,8601818,exact,203078.10,552102.60,693965.09,3438025.95
001027-082696-00067-X,"היורה 67, דימונה",דימונה,היורה,67,,8601814,street,203066.32,552086.99,693953.62,3438010.11
001027-082696-00067-א,"היורה 67א, דימונה",דימונה,היורה,67,א,8601815,street,203066.32,552086.99,693953.62,3438010.11
001027-082696-00067-ב,"היורה 67ב, דימונה",דימונה,היורה,67,ב,8601816,street,203066.32,552086.99,693953.62,3438010.11
001027-082696-00774-X,"היורה 774, דימונה",דימונה,היורה,774,,8601226,street,203066.32,552086.99,693953.62,3438010.11
001027-082696-00775-X,"היורה 775, דימונה",דימונה,היורה,775,,8601227,street,203066.32,552086.99,693953.62,3438010.11
001027-082696-00776-X,"היורה 776, דימונה",דימונה,היורה,776,,8601228,street,203066.32,552086.99,693953.62,3438010.11
001027-082696-00777-X,"היורה 777, דימונה",דימונה,היורה,777,,8601229,street,203066.32,552086.99,693953.62,3438010.11
001027-082696-00778-X,"היורה 778, דימונה",דימונה,היורה,778,,8601230,street,203066.32,552086.99,693953.62,3438010.11
001027-082696-00779-X,"היורה 779, דימונה",דימונה,היורה,779,,8601231,street,203066.32,552086.99,693953.62,3438010.11
001027-082696-00780-X,"היורה 780, דימונה",דימונה,היורה,780,,8601232,street,203066.32,552086.99,693953.62,3438010.11
001027-082696-00781-X,"היורה 781, דימונה",דימונה,היורה,781,,8601233,street,203066.32,552086.99,693953.62,3438010.11
001027-082696-00785-X,"היורה 785, דימונה",דימונה,היורה,785,,8601237,street,203066.32,552086.99,693953.62,3438010.11
001027-082696-00786-X,"היורה 786, דימונה",דימונה,היורה,786,,8601238,street,203066.32,552086.99,693953.62,3438010.11
001027-082696-00787-X,"היורה 787, דימונה",דימונה,היורה,787,,8601239,street,203066.32,552086.99,693953.62,3438010.11
001027-082696-00788-X,"היורה 788, דימונה",דימונה,היורה,788,,8601240,street,203066.32,552086.99,693953.62,3438010.11
001027-082696-00790-X,"היורה 790, דימונה",דימונה,היורה,790,,8601242,street,203066.32,552086.99,693953.62,3438010.11
001027-082696-00791-X,"היורה 791, דימונה",דימונה,היורה,791,,8601243,street,203066.32,552086.99,693953.62,3438010.11
001027-082696-00792-X,"היורה 792, דימונה",דימונה,היורה,792,,8601244,street,203066.32,552086.99,693953.62,3438010.11
001027-082696-00793-X,"היורה 793, דימונה",דימונה,היורה,793,,8601245,street,203066.32,552086.99,693953.62,3438010.11
001027-082696-00795-X,"היורה 795, דימונה",דימונה,היורה,795,,8601247,street,203066.32,552086.99,693953.62,3438010.11
001027-082696-00796-X,"היורה 796, דימונה",דימונה,היורה,796,,8601248,street,203066.32,552086.99,693953.62,3438010.11
001027-082696-00797-X,"היורה 797, דימונה",דימונה,היורה,797,,8601249,street,203066.32,552086.99,693953.62,3438010.11
001027-082696-00798-X,"היורה 798, דימונה",דימונה,היורה,798,,8601250,street,203066.32,552086.99,693953.62,3438010.11
001027-082696-00799-X,"היורה 799, דימונה",דימונה,היורה,799,,8601251,street,203066.32,552086.99,693953.62,3438010.11
001027-082759-00025-ב,"הצבר 25ב, דימונה",דימונה,הצבר,25,ב,8603306,street,203312.83,552404.85,694193.78,3438332.81
001027-082759-00026-X,"הצבר 26, דימונה",דימונה,הצבר,26,,8603307,street,203312.83,552404.85,694193.78,3438332.81
001027-082759-00026-א,"הצבר 26א, דימונה",דימונה,הצבר,26,א,8603308,street,203312.83,552404.85,694193.78,3438332.81
001027-082759-00026-ב,"הצבר 26ב, דימונה",דימונה,הצבר,26,ב,8603309,street,203312.83,552404.85,694193.78,3438332.81
001027-082759-00027-א,"הצבר 27א, דימונה",דימונה,הצבר,27,א,8603311,street,203312.83,552404.85,694193.78,3438332.81
001027-082759-00027-ב,"הצבר 27ב, דימונה",דימונה,הצבר,27,ב,8603312,street,203312.83,552404.85,694193.78,3438332.81
001027-082952-01006-X,"העצמאות 1006, דימונה",דימונה,העצמאות,1006,,8616606,street,202751.72,553170.26,693617.55,3439086.97
001027-082952-01009-X,"העצמאות 1009, דימונה",דימונה,העצמאות,1009,,8605001,street,202751.72,553170.26,693617.55,3439086.97
001027-082952-01009-א,"העצמאות 1009א, דימונה",דימונה,העצמאות,1009,א,8605002,street,202751.72,553170.26,693617.55,3439086.97
001027-082952-01012-X,"העצמאות 1012, דימונה",דימונה,העצמאות,1012,,8605004,street,202751.72,553170.26,693617.55,3439086.97
001027-082952-01012-א,"העצמאות 1012א, דימונה",דימונה,העצמאות,1012,א,8605005,street,202751.72,553170.26,693617.55,3439086.97
001027-082952-01012-ב,"העצמאות 1012ב, דימונה",דימונה,העצמאות,1012,ב,8605006,street,202751.72,553170.26,693617.55,3439086.97
001027-082952-01012-ג,"העצמאות 1012ג, דימונה",דימונה,העצמאות,1012,ג,8605007,street,202751.72,553170.26,693617.55,3439086.97
001027-082952-01012-ד,"העצמאות 1012ד, דימונה",דימונה,העצמאות,1012,ד,8605008,street,202751.72,553170.26,693617.55,3439086.97
001027-082952-01012-ה,"העצמאות 1012ה, דימונה",דימונה,העצמאות,1012,ה,8605009,street,202751.72,553170.26,693617.55,3439086.97
001027-082952-01013-X,"העצמאות 1013, דימונה",דימונה,העצמאות,1013,,8605010,street,202751.72,553170.26,693617.55,3439086.97
001027-082952-01013-א,"העצמאות 1013א, דימונה",דימונה,העצמאות,1013,א,8605011,street,202751.72,553170.26,693617.55,3439086.97
001027-082952-01013-ב,"העצמאות 1013ב, דימונה",דימונה,העצמאות,1013,ב,8605012,street,202751.72,553170.26,693617.55,3439086.97
001027-082952-01013-ג,"העצמאות 1013ג, דימונה",דימונה,העצמאות,1013,ג,8605013,street,202751.72,553170.26,693617.55,3439086.97
001027-082952-01013-ד,"העצמאות 1013ד, דימונה",דימונה,העצמאות,1013,ד,8605014,street,202751.72,553170.26,693617.55,3439086.97
001027-082996-00001-X,"המעפיל 1, דימונה",דימונה,המעפיל,1,,8605048,street,203414.10,553423.19,694274.81,3439353.02
001027-082996-00002-X,"המעפיל 2, דימונה",דימונה,המעפיל,2,,8605049,exact,202836.93,553355.42,693699.07,3439273.80
001027-082996-00004-X,"המעפיל 4, דימונה",דימונה,המעפיל,4,,8605051,exact,202856.83,553395.93,693718.16,3439314.69
001027-082996-00006-X,"המעפיל 6, דימונה",דימונה,המעפיל,6,,8605053,exact,202892.30,553398.27,693753.58,3439317.74
001027-082996-00007-X,"המעפיל 7, דימונה",דימונה,המעפיל,7,,8605054,street,203414.10,553423.19,694274.81,3439353.02
001027-082996-00008-X,"המעפיל 8, דימונה",דימונה,המעפיל,8,,8605055,street,203414.10,553423.19,694274.81,3439353.02
001027-082996-00009-X,"המעפיל 9, דימונה",דימונה,המעפיל,9,,8605056,exact,203135.98,553448.62,693996.22,3439372.92
001027-082996-00011-X,"המעפיל 11, דימונה",דימונה,המעפיל,11,,8605058,exact,203146.61,553442.46,694006.98,3439366.97
001027-082996-00012-X,"המעפיל 12, דימונה",דימונה,המעפיל,12,,8605059,exact,203145.34,553407.65,694006.40,3439332.14
001027-082996-00013-X,"המעפיל 13, דימונה",דימונה,המעפיל,13,,8605060,exact,203158.10,553448.46,694018.34,3439373.20
001027-082996-00014-X,"המעפיל 14, דימונה",דימונה,המעפיל,14,,8605061,exact,203153.49,553403.92,694014.62,3439328.57
001027-082996-00015-X,"המעפיל 15, דימונה",דימונה,המעפיל,15,,8605062,exact,203173.79,553442.53,694034.15,3439367.58
001027-082996-00016-X,"המעפיל 16, דימונה",דימונה,המעפיל,16,,8605063,exact,203160.41,553408.10,694021.46,3439332.89
001027-082996-00017-X,"המעפיל 17, דימונה",דימונה,המעפיל,17,,8605064,exact,203184.66,553447.50,694044.92,3439372.77
001027-082996-00018-X,"המעפיל 18, דימונה",דימונה,המעפיל,18,,8605065,street,203414.10,553423.19,694274.81,3439353.02
001027-082996-00019-X,"המעפיל 19, דימונה",דימונה,המעפיל,19,,8605066,exact,203197.75,553443.13,694058.10,3439368.66
001027-082996-00021-X,"המעפיל 21, דימונה",דימונה,המעפיל,21,,8605068,exact,203276.69,553445.51,694136.98,3439372.61
001027-082996-00022-X,"המעפיל 22, דימונה",דימונה,המעפיל,22,,8605069,exact,203287.76,553409.03,694148.77,3439336.35
001027-082996-00026-X,"המעפיל 26, דימונה",דימונה,המעפיל,26,,8605073,exact,203321.04,553409.50,694182.04,3439337.48
001027-082996-00027-X,"המעפיל 27, דימונה",דימונה,המעפיל,27,,8605074,exact,203316.30,553452.31,694176.44,3439380.19
001027-082996-00028-X,"המעפיל 28, דימונה",דימונה,המעפיל,28,,8605075,exact,203337.64,553406.58,694198.69,3439334.89
001027-082996-00029-X,"המעפיל 29, דימונה",דימונה,המעפיל,29,,8605076,exact,203330.36,553458.23,694190.38,3439386.38
001027-082996-00032-X,"המעפיל 32, דימונה",דימונה,המעפיל,32,,8605079,exact,203384.15,553406.65,694245.19,3439335.88
001027-082996-00036-X,"המעפיל 36, דימונה",דימונה,המעפיל,36,,8605083,exact,203421.51,553407.46,694282.53,3439337.43
001027-082996-00038-X,"המעפיל 38, דימונה",דימונה,המעפיל,38,,8605085,exact,203442.13,553406.60,694303.16,3439336.98
001027-082996-00039-X,"המעפיל 39, דימונה",דימונה,המעפיל,39,,8605086,street,203414.10,553423.19,694274.81,3439353.02
001027-082996-00041-X,"המעפיל 41, דימונה",דימונה,המעפיל,41,,8605088,street,203414.10,553423.19,694274.81,3439353.02
001027-082996-00042-X,"המעפיל 42, דימונה",דימונה,המעפיל,42,,8605089,exact,203499.35,553406.65,694360.37,3439338.17
001027-082996-00043-X,"המעפיל 43, דימונה",דימונה,המעפיל,43,,8605090,street,203414.10,553423.19,694274.81,3439353.02
001027-082996-00044-X,"המעפיל 44, דימונה",דימונה,המעפיל,44,,8605091,exact,203517.88,553407.21,694378.89,3439339.10
001027-082996-00045-X,"המעפיל 45, דימונה",דימונה,המעפיל,45,,8605092,street,203414.10,553423.19,694274.81,3439353.02
001027-082996-00047-X,"המעפיל 47, דימונה",דימונה,המעפיל,47,,8605094,exact,203390.82,553447.81,694251.04,3439377.17
001027-082996-00049-X,"המעפיל 49, דימונה",דימונה,המעפיל,49,,8605096,exact,203401.80,553452.83,694261.92,3439382.41
001027-082996-00050-X,"המעפיל 50, דימונה",דימונה,המעפיל,50,,8605097,exact,203576.19,553406.29,694437.21,3439339.34
001027-082996-00051-X,"המעפיל 51, דימונה",דימונה,המעפיל,51,,8605098,exact,203417.01,553455.12,694277.08,3439385.00
001027-082996-00052-X,"המעפיל 52, דימונה",דימונה,המעפיל,52,,8605099,street,203414.10,553423.19,694274.81,3439353.02
001027-082996-00053-X,"המעפיל 53, דימונה",דימונה,המעפיל,53,,8616601,exact,203429.92,553453.12,694290.03,3439383.25
001027-082996-00054-X,"המעפיל 54, דימונה",דימונה,המעפיל,54,,8607801,exact,203680.28,553414.95,694541.11,3439350.07
001027-082996-00055-X,"המעפיל 55, דימונה",דימונה,המעפיל,55,,8607802,exact,203444.84,553460.36,694304.81,3439390.79
001027-082996-00056-X,"המעפיל 56, דימונה",דימונה,המעפיל,56,,8607803,exact,203698.07,553412.43,694558.95,3439347.90
001027-082996-00058-X,"המעפיל 58, דימונה",דימונה,המעפיל,58,,8607805,exact,203717.15,553413.97,694578.00,3439349.82
001027-082996-00059-X,"המעפיל 59, דימונה",דימונה,המעפיל,59,,8607806,exact,203752.27,553440.54,694612.58,3439377.08
001027-082996-00060-X,"המעפיל 60, דימונה",דימונה,המעפיל,60,,8607807,exact,203733.07,553414.52,694593.91,3439350.68
001027-082996-00061-X,"המעפיל 61, דימונה",דימונה,המעפיל,61,,8607808,exact,203783.24,553439.08,694643.58,3439376.24
001027-082996-00064-X,"המעפיל 64, דימונה",דימונה,המעפיל,64,,8607811,exact,203778.09,553406.73,694639.07,3439343.79
001027-082996-00065-X,"המעפיל 65, דימונה",דימונה,המעפיל,65,,8607812,exact,203821.18,553419.81,694681.90,3439357.72
001027-082996-00066-X,"המעפיל 66, דימונה",דימונה,המעפיל,66,,8607813,exact,203799.26,553398.70,694660.40,3439336.18
001027-082996-00067-X,"המעפיל 67, דימונה",דימונה,המעפיל,67,,8607814,exact,203835.03,553412.49,694695.89,3439350.68
001027-082996-00068-X,"המעפיל 68, דימונה",דימונה,המעפיל,68,,8607815,exact,203812.91,553385.30,694674.31,3439323.05
001027-082996-00069-X,"המעפיל 69, דימונה",דימונה,המעפיל,69,,8607816,exact,203850.56,553397.37,694711.72,3439335.87
001027-082996-00070-X,"המעפיל 70, דימונה",דימונה,המעפיל,70,,8607817,exact,203827.32,553372.24,694688.98,3439310.28
001027-082996-00071-X,"המעפיל 71, דימונה",דימונה,המעפיל,71,,8607818,exact,203859.24,553382.70,694720.69,3439321.37
001027-082996-00072-X,"המעפיל 72, דימונה",דימונה,המעפיל,72,,8607819,exact,203839.82,553362.68,694701.67,3439300.97
001027-082996-00073-X,"המעפיל 73, דימונה",דימונה,המעפיל,73,,8607820,exact,203902.83,553339.69,694765.12,3439279.24
001027-082996-00075-X,"המעפיל 75, דימונה",דימונה,המעפיל,75,,8607822,exact,203919.73,553325.58,694782.30,3439265.46
001027-082996-00076-X,"המעפיל 76, דימונה",דימונה,המעפיל,76,,8607823,exact,203866.33,553328.17,694728.86,3439266.99
001027-082996-00077-X,"המעפיל 77, דימונה",דימונה,המעפיל,77,,8607824,exact,203927.39,553308.81,694790.29,3439248.85
001027-082996-00078-X,"המעפיל 78, דימונה",דימונה,המעפיל,78,,8607825,exact,203879.46,553316.60,694742.22,3439255.69
001027-082996-00079-X,"המעפיל 79, דימונה",דימונה,המעפיל,79,,8607826,exact,203933.68,553294.80,694796.86,3439234.96
001027-082996-00081-X,"המעפיל 81, דימונה",דימונה,המעפיל,81,,8607828,exact,203943.87,553276.19,694807.43,3439216.56
001027-082996-00082-X,"המעפיל 82, דימונה",דימונה,המעפיל,82,,8607829,exact,203902.21,553289.55,694765.50,3439229.09
001027-082996-00083-X,"המעפיל 83, דימונה",דימונה,המעפיל,83,,8607830,exact,203950.08,553260.02,694813.95,3439200.52
001027-082996-00084-X,"המעפיל 84, דימונה",דימונה,המעפיל,84,,8607831,exact,203914.23,553270.30,694777.90,3439210.08
001027-082996-00085-X,"המעפיל 85, דימונה",דימונה,המעפיל,85,,8607832,exact,203959.03,553220.57,694823.68,3439161.25
001027-082996-00087-X,"המעפיל 87, דימונה",דימונה,המעפיל,87,,8607834,exact,203971.78,553210.79,694836.62,3439151.73
001027-082996-00088-X,"המעפיל 88, דימונה",דימונה,המעפיל,88,,8607835,exact,203948.70,553187.15,694814.02,3439127.63
001027-082996-00090-X,"המעפיל 90, דימונה",דימונה,המעפיל,90,,8607837,exact,203961.28,553174.93,694826.84,3439115.66
001027-082996-00091-X,"המעפיל 91, דימונה",דימונה,המעפיל,91,,8616602,exact,203992.56,553187.48,694857.87,3439128.84
001027-082996-00092-X,"המעפיל 92, דימונה",דימונה,המעפיל,92,,8607838,exact,203972.65,553166.08,694838.39,3439107.04
001027-082996-00093-X,"המעפיל 93, דימונה",דימונה,המעפיל,93,,8616603,street,203414.10,553423.19,694274.81,3439353.02
001027-082996-00094-X,"המעפיל 94, דימונה",דימונה,המעפיל,94,,8607839,exact,203983.67,553155.00,694849.62,3439096.18
001027-082996-00096-X,"המעפיל 96, דימונה",דימונה,המעפיל,96,,8607840,exact,203995.95,553146.33,694862.08,3439087.76
001027-082996-00098-X,"המעפיל 98, דימונה",דימונה,המעפיל,98,,8607841,exact,204005.14,553132.28,694871.54,3439073.89
001027-082996-00102-X,"המעפיל 102, דימונה",דימונה,המעפיל,102,,8616605,street,203414.10,553423.19,694274.81,3439353.02
001027-082996-01015-X,"המעפיל 1015, דימונה",דימונה,המעפיל,1015,,8614102,street,203414.10,553423.19,694274.81,3439353.02
001027-082996-01015-א,"המעפיל 1015א, דימונה",דימונה,המעפיל,1015,א,8614103,street,203414.10,553423.19,694274.81,3439353.02
001027-082996-01015-ג,"המעפיל 1015ג, דימונה",דימונה,המעפיל,1015,ג,8614105,street,203414.10,553423.19,694274.81,3439353.02
001027-082996-01015-ה,"המעפיל 1015ה, דימונה",דימונה,המעפיל,1015,ה,8614107,street,203414.10,553423.19,694274.81,3439353.02
001027-082996-01015-ו,"המעפיל 1015ו, דימונה",דימונה,המעפיל,1015,ו,8614108,street,203414.10,553423.19,694274.81,3439353.02
001027-082996-01055-X,"המעפיל 1055, דימונה",דימונה,המעפיל,1055,,8614201,street,203414.10,553423.19,694274.81,3439353.02
001027-082996-01055-א,"המעפיל 1055א, דימונה",דימונה,המעפיל,1055,א,8614202,street,203414.10,553423.19,694274.81,3439353.02
001027-082996-01055-ב,"המעפיל 1055ב, דימונה",דימונה,המעפיל,1055,ב,8614203,street,203414.10,553423.19,694274.81,3439353.02
001027-082996-01055-ג,"המעפיל 1055ג, דימונה",דימונה,המעפיל,1055,ג,8614204,street,203414.10,553423.19,694274.81,3439353.02
001027-082996-01055-ד,"המעפיל 1055ד, דימונה",דימונה,המעפיל,1055,ד,8614205,street,203414.10,553423.19,694274.81,3439353.02
001027-082996-01055-ה,"המעפיל 1055ה, דימונה",דימונה,המעפיל,1055,ה,8614206,street,203414.10,553423.19,694274.81,3439353.02
001027-082996-01067-X,"המעפיל 1067, דימונה",דימונה,המעפיל,1067,,8614208,street,203414.10,553423.19,694274.81,3439353.02
001027-082996-01067-א,"המעפיל 1067א, דימונה",דימונה,המעפיל,1067,א,8614209,street,203414.10,553423.19,694274.81,3439353.02
001027-082996-01067-ב,"המעפיל 1067ב, דימונה",דימונה,המעפיל,1067,ב,8614210,street,203414.10,553423.19,694274.81,3439353.02
001027-082996-01067-ג,"המעפיל 1067ג, דימונה",דימונה,המעפיל,1067,ג,8614211,street,203414.10,553423.19,694274.81,3439353.02
001027-082996-01067-ד,"המעפיל 1067ד, דימונה",דימונה,המעפיל,1067,ד,8614212,street,203414.10,553423.19,694274.81,3439353.02
001027-082996-01067-ה,"המעפיל 1067ה, דימונה",דימונה,המעפיל,1067,ה,8614213,street,203414.10,553423.19,694274.81,3439353.02
001027-082996-01067-ו,"המעפיל 1067ו, דימונה",דימונה,המעפיל,1067,ו,8614214,street,203414.10,553423.19,694274.81,3439353.02
001027-082996-01205-א,"המעפיל 1205א, דימונה",דימונה,המעפיל,1205,א,8607846,exact,203282.68,553445.72,694142.96,3439372.93
001027-082996-01205-ב,"המעפיל 1205ב, דימונה",דימונה,המעפיל,1205,ב,8607847,exact,203282.68,553445.72,694142.96,3439372.93
001027-082996-01205-ג,"המעפיל 1205ג, דימונה",דימונה,המעפיל,1205,ג,8607848,exact,203282.68,553445.72,694142.96,3439372.93
001027-082996-01205-ד,"המעפיל 1205ד, דימונה",דימונה,המעפיל,1205,ד,8607849,exact,203282.68,553445.72,694142.96,3439372.93
001027-082996-01205-ה,"המעפיל 1205ה, דימונה",דימונה,המעפיל,1205,ה,8607850,exact,203282.68,553445.72,694142.96,3439372.93
001027-082996-01209-X,"המעפיל 1209, דימונה",דימונה,המעפיל,1209,,8607851,street,203414.10,553423.19,694274.81,3439353.02
001027-082996-01209-א,"המעפיל 1209א, דימונה",דימונה,המעפיל,1209,א,8607852,street,203414.10,553423.19,694274.81,3439353.02
001027-082996-01209-ג,"המעפיל 1209ג, דימונה",דימונה,המעפיל,1209,ג,8607854,street,203414.10,553423.19,694274.81,3439353.02
001027-082996-01209-ד,"המעפיל 1209ד, דימונה",דימונה,המעפיל,1209,ד,8607855,street,203414.10,553423.19,694274.81,3439353.02
001027-082996-01209-ה,"המעפיל 1209ה, דימונה",דימונה,המעפיל,1209,ה,8607856,street,203414.10,553423.19,694274.81,3439353.02
001027-082996-01215-X,"המעפיל 1215, דימונה",דימונה,המעפיל,1215,,8607857,street,203414.10,553423.19,694274.81,3439353.02
001027-082996-01215-א,"המעפיל 1215א, דימונה",דימונה,המעפיל,1215,א,8607858,street,203414.10,553423.19,694274.81,3439353.02
001027-082996-01215-ב,"המעפיל 1215ב, דימונה",דימונה,המעפיל,1215,ב,8607859,street,203414.10,553423.19,694274.81,3439353.02
001027-082996-01215-ד,"המעפיל 1215ד, דימונה",דימונה,המעפיל,1215,ד,8607861,street,203414.10,553423.19,694274.81,3439353.02
001027-082996-01237-X,"המעפיל 1237, דימונה",דימונה,המעפיל,1237,,8607863,street,203414.10,553423.19,694274.81,3439353.02
001027-082996-01237-א,"המעפיל 1237א, דימונה",דימונה,המעפיל,1237,א,8607864,street,203414.10,553423.19,694274.81,3439353.02
001027-082996-01237-ב,"המעפיל 1237ב, דימונה",דימונה,המעפיל,1237,ב,8607865,street,203414.10,553423.19,694274.81,3439353.02
001027-082996-01237-ג,"המעפיל 1237ג, דימונה",דימונה,המעפיל,1237,ג,8607866,street,203414.10,553423.19,694274.81,3439353.02
001027-082996-01237-ד,"המעפיל 1237ד, דימונה",דימונה,המעפיל,1237,ד,8607867,street,203414.10,553423.19,694274.81,3439353.02
001027-082996-01237-ה,"המעפיל 1237ה, דימונה",דימונה,המעפיל,1237,ה,8607868,street,203414.10,553423.19,694274.81,3439353.02
001027-082996-01238-X,"המעפיל 1238, דימונה",דימונה,המעפיל,1238,,8607869,street,203414.10,553423.19,694274.81,3439353.02
001027-082996-01238-ב,"המעפיל 1238ב, דימונה",דימונה,המעפיל,1238,ב,8607871,street,203414.10,553423.19,694274.81,3439353.02
001027-082996-01238-ה,"המעפיל 1238ה, דימונה",דימונה,המעפיל,1238,ה,8607874,street,203414.10,553423.19,694274.81,3439353.02
001027-082996-01239-X,"המעפיל 1239, דימונה",דימונה,המעפיל,1239,,8607875,street,203414.10,553423.19,694274.81,3439353.02
001027-082996-01239-א,"המעפיל 1239א, דימונה",דימונה,המעפיל,1239,א,8607876,street,203414.10,553423.19,694274.81,3439353.02
001027-082996-01239-ב,"המעפיל 1239ב, דימונה",דימונה,המעפיל,1239,ב,8607877,street,203414.10,553423.19,694274.81,3439353.02
001027-082996-01239-ג,"המעפיל 1239ג, דימונה",דימונה,המעפיל,1239,ג,8607878,street,203414.10,553423.19,694274.81,3439353.02
001027-082996-01239-ה,"המעפיל 1239ה, דימונה",דימונה,המעפיל,1239,ה,8607880,street,203414.10,553423.19,694274.81,3439353.02
001027-083058-00000-X,"טיילת הספורט, דימונה",דימונה,טיילת הספורט,,,8617900,street,203110.71,553353.00,693972.85,3439276.81
001027-083058-00004-X,"טיילת הספורט 4, דימונה",דימונה,טיילת הספורט,4,,8617961,exact,203123.12,553023.36,693991.82,3438947.46
001027-083058-00006-X,"טיילת הספורט 6, דימונה",דימונה,טיילת הספורט,6,,8617962,exact,203123.89,553050.53,693992.05,3438974.65
001027-083058-00008-X,"טיילת הספורט 8, דימונה",דימונה,טיילת הספורט,8,,8617963,exact,203123.32,553078.57,693990.92,3439002.68
001027-083058-00010-X,"טיילת הספורט 10, דימונה",דימונה,טיילת הספורט,10,,8617964,exact,203123.18,553106.61,693990.22,3439030.70
001027-083058-00012-X,"טיילת הספורט 12, דימונה",דימונה,טיילת הספורט,12,,8617965,exact,203123.12,553133.56,693989.63,3439057.65
001027-083058-00016-X,"טיילת הספורט 16, דימונה",דימונה,טיילת הספורט,16,,8617967,street,203110.71,553353.00,693972.85,3439276.81
001027-083058-00018-X,"טיילת הספורט 18, דימונה",דימונה,טיילת הספורט,18,,8617968,exact,203119.88,553267.00,693983.73,3439191.01
001027-083058-00021-X,"טיילת הספורט 21, דימונה",דימונה,טיילת הספורט,21,,8617983,street,203110.71,553353.00,693972.85,3439276.81
001027-083058-00024-X,"טיילת הספורט 24, דימונה",דימונה,טיילת הספורט,24,,8617971,exact,203125.59,553347.79,693987.84,3439271.90
001027-083058-00026-X,"טיילת הספורט 26, דימונה",דימונה,טיילת הספורט,26,,8617972,exact,203123.04,553377.04,693984.71,3439301.09
001027-083058-00028-X,"טיילת הספורט 28, דימונה",דימונה,טיילת הספורט,28,,8617973,exact,203121.89,553405.29,693983.00,3439329.32
001027-083058-00032-X,"טיילת הספורט 32, דימונה",דימונה,טיילת הספורט,32,,8617975,exact,203132.39,553484.17,693991.93,3439408.39
001027-083058-00034-X,"טיילת הספורט 34, דימונה",דימונה,טיילת הספורט,34,,8617976,exact,203133.17,553527.25,693991.85,3439451.48
001027-083058-00036-X,"טיילת הספורט 36, דימונה",דימונה,טיילת הספורט,36,,8617977,exact,203136.30,553582.67,693993.88,3439506.96
001027-083058-00040-X,"טיילת הספורט 40, דימונה",דימונה,טיילת הספורט,40,,8617979,exact,203124.29,553637.86,693980.77,3439561.90
001027-083058-00042-X,"טיילת הספורט 42, דימונה",דימונה,טיילת הספורט,42,,8617980,exact,203124.65,553667.17,693980.56,3439591.21
001027-083058-00046-X,"טיילת הספורט 46, דימונה",דימונה,טיילת הספורט,46,,8617982,exact,203124.85,553721.27,693979.68,3439645.31
001027-083058-00287-X,"טיילת הספורט 287, דימונה",דימונה,טיילת הספורט,287,,8617985,street,203110.71,553353.00,693972.85,3439276.81
001027-083058-00288-X,"טיילת הספורט 288, דימונה",דימונה,טיילת הספורט,288,,8617984,street,203110.71,553353.00,693972.85,3439276.81
001027-083058-01047-א,"טיילת הספורט 1047א, דימונה",דימונה,טיילת הספורט,1047,א,8617902,street,203110.71,553353.00,693972.85,3439276.81
001027-083058-01047-ב,"טיילת הספורט 1047ב, דימונה",דימונה,טיילת הספורט,1047,ב,8617903,street,203110.71,553353.00,693972.85,3439276.81
001027-083058-01047-ג,"טיילת הספורט 1047ג, דימונה",דימונה,טיילת הספורט,1047,ג,8617904,street,203110.71,553353.00,693972.85,3439276.81
001027-083058-01047-ה,"טיילת הספורט 1047ה, דימונה",דימונה,טיילת הספורט,1047,ה,8617906,street,203110.71,553353.00,693972.85,3439276.81
001027-083058-01047-ו,"טיילת הספורט 1047ו, דימונה",דימונה,טיילת הספורט,1047,ו,8617907,street,203110.71,553353.00,693972.85,3439276.81
001027-083058-01047-ז,"טיילת הספורט 1047ז, דימונה",דימונה,טיילת הספורט,1047,ז,8617908,street,203110.71,553353.00,693972.85,3439276.81
001027-083058-01048-X,"טיילת הספורט 1048, דימונה",דימונה,טיילת הספורט,1048,,8617909,street,203110.71,553353.00,693972.85,3439276.81
001027-083058-01048-א,"טיילת הספורט 1048א, דימונה",דימונה,טיילת הספורט,1048,א,8617910,street,203110.71,553353.00,693972.85,3439276.81
001027-083058-01048-ב,"טיילת הספורט 1048ב, דימונה",דימונה,טיילת הספורט,1048,ב,8617911,street,203110.71,553353.00,693972.85,3439276.81
001027-083058-01048-ג,"טיילת הספורט 1048ג, דימונה",דימונה,טיילת הספורט,1048,ג,8617912,street,203110.71,553353.00,693972.85,3439276.81
001027-083058-01048-ד,"טיילת הספורט 1048ד, דימונה",דימונה,טיילת הספורט,1048,ד,8617913,street,203110.71,553353.00,693972.85,3439276.81
001027-083058-01049-א,"טיילת הספורט 1049א, דימונה",דימונה,טיילת הספורט,1049,א,8617915,street,203110.71,553353.00,693972.85,3439276.81
001027-083058-01049-ד,"טיילת הספורט 1049ד, דימונה",דימונה,טיילת הספורט,1049,ד,8617918,street,203110.71,553353.00,693972.85,3439276.81
001027-083058-01050-ב,"טיילת הספורט 1050ב, דימונה",דימונה,טיילת הספורט,1050,ב,8617921,street,203110.71,553353.00,693972.85,3439276.81
001027-083058-01050-ג,"טיילת הספורט 1050ג, דימונה",דימונה,טיילת הספורט,1050,ג,8617922,street,203110.71,553353.00,693972.85,3439276.81
001027-083058-01050-ד,"טיילת הספורט 1050ד, דימונה",דימונה,טיילת הספורט,1050,ד,8617923,street,203110.71,553353.00,693972.85,3439276.81
001027-083058-01051-X,"טיילת הספורט 1051, דימונה",דימונה,טיילת הספורט,1051,,8617924,street,203110.71,553353.00,693972.85,3439276.81
001027-083058-01051-א,"טיילת הספורט 1051א, דימונה",דימונה,טיילת הספורט,1051,א,8617925,street,203110.71,553353.00,693972.85,3439276.81
001027-083058-01051-ב,"טיילת הספורט 1051ב, דימונה",דימונה,טיילת הספורט,1051,ב,8617926,street,203110.71,553353.00,693972.85,3439276.81
001027-083058-01051-ג,"טיילת הספורט 1051ג, דימונה",דימונה,טיילת הספורט,1051,ג,8617927,street,203110.71,553353.00,693972.85,3439276.81
001027-083058-01051-ד,"טיילת הספורט 1051ד, דימונה",דימונה,טיילת הספורט,1051,ד,8617928,street,203110.71,553353.00,693972.85,3439276.81
001027-083058-01056-X,"טיילת הספורט 1056, דימונה",דימונה,טיילת הספורט,1056,,8617929,street,203110.71,553353.00,693972.85,3439276.81
001027-083058-01056-א,"טיילת הספורט 1056א, דימונה",דימונה,טיילת הספורט,1056,א,8617930,street,203110.71,553353.00,693972.85,3439276.81
001027-083058-01056-ב,"טיילת הספורט 1056ב, דימונה",דימונה,טיילת הספורט,1056,ב,8617931,street,203110.71,553353.00,693972.85,3439276.81
001027-083058-01056-ג,"טיילת הספורט 1056ג, דימונה",דימונה,טיילת הספורט,1056,ג,8617932,street,203110.71,553353.00,693972.85,3439276.81
001027-083058-01056-ד,"טיילת הספורט 1056ד, דימונה",דימונה,טיילת הספורט,1056,ד,8617933,street,203110.71,553353.00,693972.85,3439276.81
001027-083058-01057-X,"טיילת הספורט 1057, דימונה",דימונה,טיילת הספורט,1057,,8617934,street,203110.71,553353.00,693972.85,3439276.81
001027-083058-01057-א,"טיילת הספורט 1057א, דימונה",דימונה,טיילת הספורט,1057,א,8617935,street,203110.71,553353.00,693972.85,3439276.81
001027-083058-01057-ב,"טיילת הספורט 1057ב, דימונה",דימונה,טיילת הספורט,1057,ב,8617936,street,203110.71,553353.00,693972.85,3439276.81
001027-083058-01057-ג,"טיילת הספורט 1057ג, דימונה",דימונה,טיילת הספורט,1057,ג,8617937,street,203110.71,553353.00,693972.85,3439276.81
001027-083058-01057-ד,"טיילת הספורט 1057ד, דימונה",דימונה,טיילת הספורט,1057,ד,8617938,street,203110.71,553353.00,693972.85,3439276.81
001027-083058-01058-X,"טיילת הספורט 1058, דימונה",דימונה,טיילת הספורט,1058,,8617939,street,203110.71,553353.00,693972.85,3439276.81
001027-083058-01058-ד,"טיילת הספורט 1058ד, דימונה",דימונה,טיילת הספורט,1058,ד,8617943,street,203110.71,553353.00,693972.85,3439276.81
001027-083058-01059-X,"טיילת הספורט 1059, דימונה",דימונה,טיילת הספורט,1059,,8617944,street,203110.71,553353.00,693972.85,3439276.81
001027-083058-01059-א,"טיילת הספורט 1059א, דימונה",דימונה,טיילת הספורט,1059,א,8617945,street,203110.71,553353.00,693972.85,3439276.81
001027-083058-01059-ב,"טיילת הספורט 1059ב, דימונה",דימונה,טיילת הספורט,1059,ב,8617946,street,203110.71,553353.00,693972.85,3439276.81
001027-083058-01059-ג,"טיילת הספורט 1059ג, דימונה",דימונה,טיילת הספורט,1059,ג,8617947,street,203110.71,553353.00,693972.85,3439276.81
001027-083058-01059-ד,"טיילת הספורט 1059ד, דימונה",דימונה,טיילת הספורט,1059,ד,8617948,street,203110.71,553353.00,693972.85,3439276.81
001027-083058-01060-א,"טיילת הספורט 1060א, דימונה",דימונה,טיילת הספורט,1060,א,8617950,street,203110.71,553353.00,693972.85,3439276.81
001027-083058-01060-ב,"טיילת הספורט 1060ב, דימונה",דימונה,טיילת הספורט,1060,ב,8617951,street,203110.71,553353.00,693972.85,3439276.81
001027-083058-01060-ג,"טיילת הספורט 1060ג, דימונה",דימונה,טיילת הספורט,1060,ג,8617952,street,203110.71,553353.00,693972.85,3439276.81
001027-083058-01060-ד,"טיילת הספורט 1060ד, דימונה",דימונה,טיילת הספורט,1060,ד,8617953,street,203110.71,553353.00,693972.85,3439276.81
001027-083058-01066-X,"טיילת הספורט 1066, דימונה",דימונה,טיילת הספורט,1066,,8617954,street,203110.71,553353.00,693972.85,3439276.81
001027-083058-01066-א,"טיילת הספורט 1066א, דימונה",דימונה,טיילת הספורט,1066,א,8617955,street,203110.71,553353.00,693972.85,3439276.81
001027-083058-01066-ב,"טיילת הספורט 1066ב, דימונה",דימונה,טיילת הספורט,1066,ב,8617956,street,203110.71,553353.00,693972.85,3439276.81
001027-083058-01066-ג,"טיילת הספורט 1066ג, דימונה",דימונה,טיילת הספורט,1066,ג,8617957,street,203110.71,553353.00,693972.85,3439276.81
001027-083058-01066-ד,"טיילת הספורט 1066ד, דימונה",דימונה,טיילת הספורט,1066,ד,8617958,street,203110.71,553353.00,693972.85,3439276.81
001027-083058-01066-ה,"טיילת הספורט 1066ה, דימונה",דימונה,טיילת הספורט,1066,ה,8617959,street,203110.71,553353.00,693972.85,3439276.81
001027-083222-00000-X,"המלך דוד, דימונה",דימונה,המלך דוד,,,8614300,street,203266.32,553111.76,694133.24,3439038.70
001027-083222-00285-X,"המלך דוד 285, דימונה",דימונה,המלך דוד,285,,8614301,street,203266.32,553111.76,694133.24,3439038.70
001027-083222-00285-א,"המלך דוד 285א, דימונה",דימונה,המלך דוד,285,א,8614302,street,203266.32,553111.76,694133.24,3439038.70
001027-083222-00285-ג,"המלך דוד 285ג, דימונה",דימונה,המלך דוד,285,ג,8614304,street,203266.32,553111.76,694133.24,3439038.70
001027-083222-00285-ד,"המלך דוד 285ד, דימונה",דימונה,המלך דוד,285,ד,8614305,street,203266.32,553111.76,694133.24,3439038.70
001027-083222-00285-ה,"המלך דוד 285ה, דימונה",דימונה,המלך דוד,285,ה,8614306,street,203266.32,553111.76,694133.24,3439038.70
001027-083222-00285-ו,"המלך דוד 285ו, דימונה",דימונה,המלך דוד,285,ו,8614307,street,203266.32,553111.76,694133.24,3439038.70
001027-083222-00286-א,"המלך דוד 286א, דימונה",דימונה,המלך דוד,286,א,8614309,street,203266.32,553111.76,694133.24,3439038.70
001027-083222-00286-ד,"המלך דוד 286ד, דימונה",דימונה,המלך דוד,286,ד,8614312,street,203266.32,553111.76,694133.24,3439038.70
001027-083222-00286-ה,"המלך דוד 286ה, דימונה",דימונה,המלך דוד,286,ה,8614313,street,203266.32,553111.76,694133.24,3439038.70
001027-083222-00286-ו,"המלך דוד 286ו, דימונה",דימונה,המלך דוד,286,ו,8614314,street,203266.32,553111.76,694133.24,3439038.70
001027-083222-00286-ח,"המלך דוד 286ח, דימונה",דימונה,המלך דוד,286,ח,8614316,street,203266.32,553111.76,694133.24,3439038.70
001027-083222-00286-ט,"המלך דוד 286ט, דימונה",דימונה,המלך דוד,286,ט,8614317,street,203266.32,553111.76,694133.24,3439038.70
001027-083222-00287-א,"המלך דוד 287א, דימונה",דימונה,המלך דוד,287,א,8614319,street,203266.32,553111.76,694133.24,3439038.70
001027-083222-00287-ב,"המלך דוד 287ב, דימונה",דימונה,המלך דוד,287,ב,8614320,street,203266.32,553111.76,694133.24,3439038.70
001027-083222-00288-א,"המלך דוד 288א, דימונה",דימונה,המלך דוד,288,א,8614323,exact,203160.06,553080.42,694027.62,3439005.25
001027-083222-00288-ב,"המלך דוד 288ב, דימונה",דימונה,המלך דוד,288,ב,8614324,exact,203160.06,553080.42,694027.62,3439005.25
001027-083222-00288-ג,"המלך דוד 288ג, דימונה",דימונה,המלך דוד,288,ג,8614325,exact,203160.06,553080.42,694027.62,3439005.25
001027-083222-00289-X,"המלך דוד 289, דימונה",דימונה,המלך דוד,289,,8614326,exact,203161.79,553106.39,694028.83,3439031.25
001027-083222-00289-א,"המלך דוד 289א, דימונה",דימונה,המלך דוד,289,א,8614327,exact,203161.79,553106.39,694028.83,3439031.25
001027-083222-00289-ב,"המלך דוד 289ב, דימונה",דימונה,המלך דוד,289,ב,8614328,exact,203161.79,553106.39,694028.83,3439031.25
001027-083222-00289-ג,"המלך דוד 289ג, דימונה",דימונה,המלך דוד,289,ג,8614329,exact,203161.79,553106.39,694028.83,3439031.25
001027-083222-00293-X,"המלך דוד 293, דימונה",דימונה,המלך דוד,293,,8614330,exact,203204.80,553132.23,694071.32,3439057.94
001027-083222-00293-ב,"המלך דוד 293ב, דימונה",דימונה,המלך דוד,293,ב,8614332,exact,203204.80,553132.23,694071.32,3439057.94
001027-083222-00293-ג,"המלך דוד 293ג, דימונה",דימונה,המלך דוד,293,ג,8614333,exact,203204.80,553132.23,694071.32,3439057.94
001027-083222-00293-ד,"המלך דוד 293ד, דימונה",דימונה,המלך דוד,293,ד,8614334,exact,203204.80,553132.23,694071.32,3439057.94
001027-083222-00293-ה,"המלך דוד 293ה, דימונה",דימונה,המלך דוד,293,ה,8614335,exact,203204.80,553132.23,694071.32,3439057.94
001027-083222-00293-ו,"המלך דוד 293ו, דימונה",דימונה,המלך דוד,293,ו,8614336,exact,203204.80,553132.23,694071.32,3439057.94
001027-083222-00293-ז,"המלך דוד 293ז, דימונה",דימונה,המלך דוד,293,ז,8614337,exact,203204.80,553132.23,694071.32,3439057.94
001027-083222-00293-ח,"המלך דוד 293ח, דימונה",דימונה,המלך דוד,293,ח,8614338,exact,203204.80,553132.23,694071.32,3439057.94
001027-083222-00293-ט,"המלך דוד 293ט, דימונה",דימונה,המלך דוד,293,ט,8614339,exact,203204.80,553132.23,694071.32,3439057.94
001027-083463-00000-X,"סטרומה, דימונה",דימונה,סטרומה,,,8607600,street,203108.71,553748.89,693963.00,3439672.61
001027-083523-00001-X,"רחבת האיסיים 1, דימונה",דימונה,רחבת האיסיים,1,,8604729,exact,203632.95,552804.04,694505.92,3438738.31
001027-083523-00002-X,"רחבת האיסיים 2, דימונה",דימונה,רחבת האיסיים,2,,8604730,exact,203627.50,552778.71,694500.98,3438712.87
001027-083523-00004-X,"רחבת האיסיים 4, דימונה",דימונה,רחבת האיסיים,4,,8604732,exact,203645.19,552777.37,694518.69,3438711.88
001027-083523-00005-X,"רחבת האיסיים 5, דימונה",דימונה,רחבת האיסיים,5,,8604733,exact,203672.84,552789.63,694546.10,3438724.69
001027-083523-00006-X,"רחבת האיסיים 6, דימונה",דימונה,רחבת האיסיים,6,,8604734,exact,203656.99,552744.12,694531.15,3438678.87
001027-083523-00007-X,"רחבת האיסיים 7, דימונה",דימונה,רחבת האיסיים,7,,8604735,exact,203687.78,552786.74,694561.09,3438722.09
001027-083523-00008-X,"רחבת האיסיים 8, דימונה",דימונה,רחבת האיסיים,8,,8604736,exact,203676.03,552733.61,694550.39,3438668.74
001027-083523-00009-X,"רחבת האיסיים 9, דימונה",דימונה,רחבת האיסיים,9,,8604737,street,203693.44,552766.84,694567.14,3438702.31
001027-083523-00011-X,"רחבת האיסיים 11, דימונה",דימונה,רחבת האיסיים,11,,8604739,street,203693.44,552766.84,694567.14,3438702.31
001027-083523-00013-X,"רחבת האיסיים 13, דימונה",דימונה,רחבת האיסיים,13,,8604741,street,203693.44,552766.84,694567.14,3438702.31
001027-083523-00014-X,"רחבת האיסיים 14, דימונה",דימונה,רחבת האיסיים,14,,8604742,street,203693.44,552766.84,694567.14,3438702.31
001027-083523-00015-X,"רחבת האיסיים 15, דימונה",דימונה,רחבת האיסיים,15,,8604743,street,203693.44,552766.84,694567.14,3438702.31
001027-083571-00001-X,"שד בן גוריון 1, דימונה",דימונה,שד בן גוריון,1,,8607602,exact,203221.45,552994.72,694090.70,3438920.78
001027-083571-00003-X,"שד בן גוריון 3, דימונה",דימונה,שד בן גוריון,3,,8607603,exact,203226.62,553020.12,694095.37,3438946.29
001027-083571-00005-X,"שד בן גוריון 5, דימונה",דימונה,שד בן גוריון,5,,8607604,exact,203229.41,553040.97,694097.74,3438967.18
001027-083571-00015-X,"שד בן גוריון 15, דימונה",דימונה,שד בן גוריון,15,,8607609,exact,203228.25,553094.37,694095.51,3439020.56
001027-083571-00017-X,"שד בן גוריון 17, דימונה",דימונה,שד בן גוריון,17,,8607610,exact,203223.78,553131.00,694090.32,3439057.09
001027-083571-00019-X,"שד בן גוריון 19, דימונה",דימונה,שד בן גוריון,19,,8607611,exact,203230.10,553154.28,694096.18,3439080.49
001027-083571-00021-X,"שד בן גוריון 21, דימונה",דימונה,שד בן גוריון,21,,8607612,exact,203227.50,553165.92,694093.35,3439092.08
001027-083571-00023-X,"שד בן גוריון 23, דימונה",דימונה,שד בן גוריון,23,,8607613,exact,203230.40,553177.56,694096.02,3439103.78
001027-083571-00027-X,"שד בן גוריון 27, דימונה",דימונה,שד בן גוריון,27,,8607615,exact,203230.57,553203.03,694095.68,3439129.25
001027-083571-00029-X,"שד בן גוריון 29, דימונה",דימונה,שד בן גוריון,29,,8607616,exact,203229.59,553222.43,694094.32,3439148.62
001027-083571-00031-X,"שד בן גוריון 31, דימונה",דימונה,שד בן גוריון,31,,8607617,exact,203226.83,553233.38,694091.34,3439159.51
001027-083571-00033-X,"שד בן גוריון 33, דימונה",דימונה,שד בן גוריון,33,,8607618,exact,203229.25,553242.34,694093.58,3439168.52
001027-083571-00037-X,"שד בן גוריון 37, דימונה",דימונה,שד בן גוריון,37,,8607620,exact,203228.99,553262.17,694092.92,3439188.35
001027-083571-00039-X,"שד בן גוריון 39, דימונה",דימונה,שד בן גוריון,39,,8607621,exact,203229.28,553292.54,694092.61,3439218.72
001027-083571-00043-X,"שד בן גוריון 43, דימונה",דימונה,שד בן גוריון,43,,8607623,exact,203229.26,553301.23,694092.41,3439227.40
001027-083571-00047-X,"שד בן גוריון 47, דימונה",דימונה,שד בן גוריון,47,,8607625,exact,203229.21,553312.32,694092.15,3439238.49
001027-083571-00051-X,"שד בן גוריון 51, דימונה",דימונה,שד בן גוריון,51,,8607627,exact,203229.18,553322.86,694091.91,3439249.03
001027-083571-00053-X,"שד בן גוריון 53, דימונה",דימונה,שד בן גוריון,53,,8607628,exact,203229.63,553342.18,694091.98,3439268.35
001027-083571-00057-X,"שד בן גוריון 57, דימונה",דימונה,שד בן גוריון,57,,8607630,exact,203229.90,553363.63,694091.82,3439289.81
001027-083571-00063-X,"שד בן גוריון 63, דימונה",דימונה,שד בן גוריון,63,,8607633,exact,203227.23,553393.52,694088.55,3439319.64
001027-083571-00065-X,"שד בן גוריון 65, דימונה",דימונה,שד בן גוריון,65,,8607634,exact,203230.21,553404.10,694091.33,3439330.27
001027-083571-00067-X,"שד בן גוריון 67, דימונה",דימונה,שד בן גוריון,67,,8607635,exact,203208.72,553492.24,694068.09,3439417.97
001027-083571-00069-X,"שד בן גוריון 69, דימונה",דימונה,שד בן גוריון,69,,8607636,exact,203229.29,553468.93,694089.12,3439395.08
001027-083571-00073-X,"שד בן גוריון 73, דימונה",דימונה,שד בן גוריון,73,,8607638,street,203242.08,553470.71,694101.87,3439397.11
001027-083571-00075-X,"שד בן גוריון 75, דימונה",דימונה,שד בן גוריון,75,,8607639,street,203242.08,553470.71,694101.87,3439397.11
001027-083571-00077-X,"שד בן גוריון 77, דימונה",דימונה,שד בן גוריון,77,,8607640,street,203242.08,553470.71,694101.87,3439397.11
001027-083571-00079-X,"שד בן גוריון 79, דימונה",דימונה,שד בן גוריון,79,,8607641,street,203242.08,553470.71,694101.87,3439397.11
001027-083571-00083-X,"שד בן גוריון 83, דימונה",דימונה,שד בן גוריון,83,,8607643,exact,203225.59,553602.38,694082.76,3439528.43
001027-083571-00085-X,"שד בן גוריון 85, דימונה",דימונה,שד בן גוריון,85,,8607644,exact,203227.66,553614.83,694084.59,3439540.93
001027-083571-00087-X,"שד בן גוריון 87, דימונה",דימונה,שד בן גוריון,87,,8607645,exact,203228.96,553637.98,694085.43,3439564.10
001027-083571-00089-X,"שד בן גוריון 89, דימונה",דימונה,שד בן גוריון,89,,8607646,exact,203226.74,553651.00,694082.95,3439577.07
001027-083571-00093-X,"שד בן גוריון 93, דימונה",דימונה,שד בן גוריון,93,,8607648,exact,203226.59,553673.38,694082.35,3439599.44
001027-083571-00095-X,"שד בן גוריון 95, דימונה",דימונה,שד בן גוריון,95,,8607649,exact,203228.86,553684.72,694084.40,3439610.83
001027-083571-00097-X,"שד בן גוריון 97, דימונה",דימונה,שד בן גוריון,97,,8607650,exact,203226.59,553698.36,694081.86,3439624.42
001027-083571-00099-X,"שד בן גוריון 99, דימונה",דימונה,שד בן גוריון,99,,8607651,exact,203214.16,553718.44,694069.03,3439644.25
001027-083571-00122-X,"שד בן גוריון 122, דימונה",דימונה,שד בן גוריון,122,,8607652,street,203242.08,553470.71,694101.87,3439397.11
001027-083571-00126-X,"שד בן גוריון 126, דימונה",דימונה,שד בן גוריון,126,,8607653,street,203242.08,553470.71,694101.87,3439397.11
001027-083571-01041-X,"שד בן גוריון 1041, דימונה",דימונה,שד בן גוריון,1041,,8607655,exact,203226.44,553183.66,694091.94,3439109.80
001027-083571-01041-א,"שד בן גוריון 1041א, דימונה",דימונה,שד בן גוריון,1041,א,8607656,exact,203226.44,553183.66,694091.94,3439109.80
001027-083571-01041-ב,"שד בן גוריון 1041ב, דימונה",דימונה,שד בן גוריון,1041,ב,8607657,exact,203226.44,553183.66,694091.94,3439109.80
001027-083571-01041-ג,"שד בן גוריון 1041ג, דימונה",דימונה,שד בן גוריון,1041,ג,8607658,exact,203226.44,553183.66,694091.94,3439109.80
001027-083571-01041-ד,"שד בן גוריון 1041ד, דימונה",דימונה,שד בן גוריון,1041,ד,8607659,exact,203226.44,553183.66,694091.94,3439109.80
001027-083571-01041-ה,"שד בן גוריון 1041ה, דימונה",דימונה,שד בן גוריון,1041,ה,8607660,exact,203226.44,553183.66,694091.94,3439109.80
001027-083571-01042-X,"שד בן גוריון 1042, דימונה",דימונה,שד בן גוריון,1042,,8607661,exact,203223.77,553242.50,694088.10,3439168.57
001027-083571-01042-א,"שד בן גוריון 1042א, דימונה",דימונה,שד בן גוריון,1042,א,8607662,exact,203223.77,553242.50,694088.10,3439168.57
001027-083571-01042-ב,"שד בן גוריון 1042ב, דימונה",דימונה,שד בן גוריון,1042,ב,8607663,exact,203223.77,553242.50,694088.10,3439168.57
001027-083571-01042-ד,"שד בן גוריון 1042ד, דימונה",דימונה,שד בן גוריון,1042,ד,8607665,exact,203223.77,553242.50,694088.10,3439168.57
001027-083571-01043-X,"שד בן גוריון 1043, דימונה",דימונה,שד בן גוריון,1043,,8607666,exact,203225.62,553319.82,694088.41,3439245.92
001027-083571-01043-א,"שד בן גוריון 1043א, דימונה",דימונה,שד בן גוריון,1043,א,8607667,exact,203225.62,553319.82,694088.41,3439245.92
001027-083571-01043-ב,"שד בן גוריון 1043ב, דימונה",דימונה,שד בן גוריון,1043,ב,8607668,exact,203225.62,553319.82,694088.41,3439245.92
001027-083571-01043-ג,"שד בן גוריון 1043ג, דימונה",דימונה,שד בן גוריון,1043,ג,8607669,exact,203225.62,553319.82,694088.41,3439245.92
001027-083571-01044-X,"שד בן גוריון 1044, דימונה",דימונה,שד בן גוריון,1044,,8613901,street,203242.08,553470.71,694101.87,3439397.11
001027-083571-01044-א,"שד בן גוריון 1044א, דימונה",דימונה,שד בן גוריון,1044,א,8613902,street,203242.08,553470.71,694101.87,3439397.11
001027-083571-01044-ב,"שד בן גוריון 1044ב, דימונה",דימונה,שד בן גוריון,1044,ב,8613903,street,203242.08,553470.71,694101.87,3439397.11
001027-083571-01044-ג,"שד בן גוריון 1044ג, דימונה",דימונה,שד בן גוריון,1044,ג,8613904,street,203242.08,553470.71,694101.87,3439397.11
001027-083571-01044-ד,"שד בן גוריון 1044ד, דימונה",דימונה,שד בן גוריון,1044,ד,8613905,street,203242.08,553470.71,694101.87,3439397.11
001027-083571-01044-ו,"שד בן גוריון 1044ו, דימונה",דימונה,שד בן גוריון,1044,ו,8613907,street,203242.08,553470.71,694101.87,3439397.11
001027-083571-01045-X,"שד בן גוריון 1045, דימונה",דימונה,שד בן גוריון,1045,,8613908,street,203242.08,553470.71,694101.87,3439397.11
001027-083571-01045-ב,"שד בן גוריון 1045ב, דימונה",דימונה,שד בן גוריון,1045,ב,8613910,street,203242.08,553470.71,694101.87,3439397.11
001027-083571-01045-ג,"שד בן גוריון 1045ג, דימונה",דימונה,שד בן גוריון,1045,ג,8613911,street,203242.08,553470.71,694101.87,3439397.11
001027-083571-01046-X,"שד בן גוריון 1046, דימונה",דימונה,שד בן גוריון,1046,,8613912,exact,203232.71,553715.96,694087.63,3439642.14
001027-083571-01046-א,"שד בן גוריון 1046א, דימונה",דימונה,שד בן גוריון,1046,א,8613913,exact,203232.71,553715.96,694087.63,3439642.14
001027-083571-01046-ב,"שד בן גוריון 1046ב, דימונה",דימונה,שד בן גוריון,1046,ב,8613914,exact,203232.71,553715.96,694087.63,3439642.14
001027-083571-01046-ג,"שד בן גוריון 1046ג, דימונה",דימונה,שד בן גוריון,1046,ג,8613915,exact,203232.71,553715.96,694087.63,3439642.14
001027-083571-01046-ד,"שד בן גוריון 1046ד, דימונה",דימונה,שד בן גוריון,1046,ד,8613916,exact,203232.71,553715.96,694087.63,3439642.14
001027-083571-01046-ה,"שד בן גוריון 1046ה, דימונה",דימונה,שד בן גוריון,1046,ה,8613917,exact,203232.71,553715.96,694087.63,3439642.14
001027-083571-01046-ו,"שד בן גוריון 1046ו, דימונה",דימונה,שד בן גוריון,1046,ו,8613918,exact,203232.71,553715.96,694087.63,3439642.14
001027-083571-01064-X,"שד בן גוריון 1064, דימונה",דימונה,שד בן גוריון,1064,,8613919,exact,203224.88,553544.43,694083.21,3439470.48
001027-083571-01065-X,"שד בן גוריון 1065, דימונה",דימונה,שד בן גוריון,1065,,8613920,exact,203223.33,553471.96,694083.10,3439397.99
001027-083571-01100-X,"שד בן גוריון 1100, דימונה",דימונה,שד בן גוריון,1100,,8607670,street,203242.08,553470.71,694101.87,3439397.11
001027-083571-01101-X,"שד בן גוריון 1101, דימונה",דימונה,שד בן גוריון,1101,,8607671,exact,203263.84,553698.28,694119.10,3439625.08
001027-083571-01102-X,"שד בן גוריון 1102, דימונה",דימונה,שד בן גוריון,1102,,8607672,street,203242.08,553470.71,694101.87,3439397.11
001027-083571-01103-X,"שד בן גוריון 1103, דימונה",דימונה,שד בן גוריון,1103,,8607673,street,203242.08,553470.71,694101.87,3439397.11
001027-083571-01201-X,"שד בן גוריון 1201, דימונה",דימונה,שד בן גוריון,1201,,8607674,street,203242.08,553470.71,694101.87,3439397.11
001027-083571-01316-X,"שד בן גוריון 1316, דימונה",דימונה,שד בן גוריון,1316,,8614001,street,203242.08,553470.71,694101.87,3439397.11
001027-083571-01316-א,"שד בן גוריון 1316א, דימונה",דימונה,שד בן גוריון,1316,א,8614002,street,203242.08,553470.71,694101.87,3439397.11
001027-083571-01316-ב,"שד בן גוריון 1316ב, דימונה",דימונה,שד בן גוריון,1316,ב,8614003,street,203242.08,553470.71,694101.87,3439397.11
001027-083571-01316-ג,"שד בן גוריון 1316ג, דימונה",דימונה,שד בן גוריון,1316,ג,8614004,street,203242.08,553470.71,694101.87,3439397.11
001027-083571-01316-ד,"שד בן גוריון 1316ד, דימונה",דימונה,שד בן גוריון,1316,ד,8614005,street,203242.08,553470.71,694101.87,3439397.11
001027-083571-01316-ו,"שד בן גוריון 1316ו, דימונה",דימונה,שד בן גוריון,1316,ו,8614007,street,203242.08,553470.71,694101.87,3439397.11
001027-083571-01317-X,"שד בן גוריון 1317, דימונה",דימונה,שד בן גוריון,1317,,8614008,street,203242.08,553470.71,694101.87,3439397.11
001027-083571-01318-X,"שד בן גוריון 1318, דימונה",דימונה,שד בן גוריון,1318,,8607675,exact,203261.49,553895.10,694112.85,3439821.83
001027-083571-01318-א,"שד בן גוריון 1318א, דימונה",דימונה,שד בן גוריון,1318,א,8607676,exact,203261.49,553895.10,694112.85,3439821.83
001027-083571-01318-ב,"שד בן גוריון 1318ב, דימונה",דימונה,שד בן גוריון,1318,ב,8607677,exact,203261.49,553895.10,694112.85,3439821.83
001027-083571-01318-ג,"שד בן גוריון 1318ג, דימונה",דימונה,שד בן גוריון,1318,ג,8607678,exact,203261.49,553895.10,694112.85,3439821.83
001027-083571-01318-ד,"שד בן גוריון 1318ד, דימונה",דימונה,שד בן גוריון,1318,ד,8607679,exact,203261.49,553895.10,694112.85,3439821.83
001027-083571-01318-ה,"שד בן גוריון 1318ה, דימונה",דימונה,שד בן גוריון,1318,ה,8607680,exact,203261.49,553895.10,694112.85,3439821.83
001027-083571-01318-ו,"שד בן גוריון 1318ו, דימונה",דימונה,שד בן גוריון,1318,ו,8607681,exact,203261.49,553895.10,694112.85,3439821.83
001027-083571-01318-ז,"שד בן גוריון 1318ז, דימונה",דימונה,שד בן גוריון,1318,ז,8607682,exact,203261.49,553895.10,694112.85,3439821.83
001027-083571-01319-X,"שד בן גוריון 1319, דימונה",דימונה,שד בן גוריון,1319,,8614009,street,203242.08,553470.71,694101.87,3439397.11
001027-083571-01319-א,"שד בן גוריון 1319א, דימונה",דימונה,שד בן גוריון,1319,א,8614010,street,203242.08,553470.71,694101.87,3439397.11
001027-083571-01319-ג,"שד בן גוריון 1319ג, דימונה",דימונה,שד בן גוריון,1319,ג,8614012,street,203242.08,553470.71,694101.87,3439397.11
001027-083571-01323-X,"שד בן גוריון 1323, דימונה",דימונה,שד בן גוריון,1323,,8607683,street,203242.08,553470.71,694101.87,3439397.11
001027-083571-01323-ב,"שד בן גוריון 1323ב, דימונה",דימונה,שד בן גוריון,1323,ב,8607685,street,203242.08,553470.71,694101.87,3439397.11
001027-083571-01323-ג,"שד בן גוריון 1323ג, דימונה",דימונה,שד בן גוריון,1323,ג,8607686,street,203242.08,553470.71,694101.87,3439397.11
001027-083571-01323-ה,"שד בן גוריון 1323ה, דימונה",דימונה,שד בן גוריון,1323,ה,8607688,street,203242.08,553470.71,694101.87,3439397.11
001027-083571-01324-X,"שד בן גוריון 1324, דימונה",דימונה,שד בן גוריון,1324,,8613921,street,203242.08,553470.71,694101.87,3439397.11
001027-083571-01325-X,"שד בן גוריון 1325, דימונה",דימונה,שד בן גוריון,1325,,8607689,street,203242.08,553470.71,694101.87,3439397.11
001027-083571-01326-X,"שד בן גוריון 1326, דימונה",דימונה,שד בן גוריון,1326,,8613922,street,203242.08,553470.71,694101.87,3439397.11
001027-083571-01327-X,"שד בן גוריון 1327, דימונה",דימונה,שד בן גוריון,1327,,8607690,street,203242.08,553470.71,694101.87,3439397.11
001027-083571-01327-א,"שד בן גוריון 1327א, דימונה",דימונה,שד בן גוריון,1327,א,8607691,street,203242.08,553470.71,694101.87,3439397.11
001027-083571-01327-ג,"שד בן גוריון 1327ג, דימונה",דימונה,שד בן גוריון,1327,ג,8607693,street,203242.08,553470.71,694101.87,3439397.11
001027-083571-01327-ד,"שד בן גוריון 1327ד, דימונה",דימונה,שד בן גוריון,1327,ד,8607694,street,203242.08,553470.71,694101.87,3439397.11
001027-083633-00001-X,"דרך השלום 1, דימונה",דימונה,דרך השלום,1,,8607101,exact,203306.21,553544.75,694164.52,3439472.42
001027-083633-00003-X,"דרך השלום 3, דימונה",דימונה,דרך השלום,3,,8607103,exact,203308.18,553548.54,694166.41,3439476.25
001027-083633-00004-X,"דרך השלום 4, דימונה",דימונה,דרך השלום,4,,8607104,exact,203327.74,553524.91,694186.44,3439453.00
001027-083633-00005-X,"דרך השלום 5, דימונה",דימונה,דרך השלום,5,,8607105,exact,203315.55,553549.38,694173.77,3439477.23
001027-083633-00006-X,"דרך השלום 6, דימונה",דימונה,דרך השלום,6,,8607106,exact,203330.38,553532.39,694188.94,3439460.54
001027-083633-00009-X,"דרך השלום 9, דימונה",דימונה,דרך השלום,9,,8607109,exact,203324.72,553554.51,694182.83,3439482.54
001027-083633-00010-X,"דרך השלום 10, דימונה",דימונה,דרך השלום,10,,8607110,exact,203338.52,553534.14,694197.04,3439462.45
001027-083633-00011-X,"דרך השלום 11, דימונה",דימונה,דרך השלום,11,,8607111,exact,203329.19,553560.25,694187.19,3439488.37
001027-083633-00013-X,"דרך השלום 13, דימונה",דימונה,דרך השלום,13,,8607113,exact,203340.08,553566.59,694197.95,3439494.92
001027-083633-00015-X,"דרך השלום 15, דימונה",דימונה,דרך השלום,15,,8607115,exact,203342.63,553573.20,694200.37,3439501.59
001027-083633-00016-X,"דרך השלום 16, דימונה",דימונה,דרך השלום,16,,8607116,exact,203353.99,553546.50,694212.26,3439475.11
001027-083633-00017-X,"דרך השלום 17, דימונה",דימונה,דרך השלום,17,,8607117,exact,203348.98,553571.67,694206.75,3439500.18
001027-083633-00018-X,"דרך השלום 18, דימונה",דימונה,דרך השלום,18,,8607118,exact,203363.20,553548.40,694221.43,3439477.20
001027-083633-00019-X,"דרך השלום 19, דימונה",דימונה,דרך השלום,19,,8607119,exact,203351.39,553578.83,694209.02,3439507.39
001027-083633-00021-X,"דרך השלום 21, דימונה",דימונה,דרך השלום,21,,8607121,exact,203357.50,553576.58,694215.17,3439505.26
001027-083633-00022-X,"דרך השלום 22, דימונה",דימונה,דרך השלום,22,,8607122,exact,203375.45,553557.58,694233.49,3439486.62
001027-083633-00025-X,"דרך השלום 25, דימונה",דימונה,דרך השלום,25,,8607125,exact,203371.33,553591.13,694228.71,3439520.08
001027-083633-00026-X,"דרך השלום 26, דימונה",דימונה,דרך השלום,26,,8607126,exact,203396.59,553560.65,694254.57,3439490.10
001027-083633-00027-X,"דרך השלום 27, דימונה",דימונה,דרך השלום,27,,8607127,exact,203368.68,553597.42,694225.94,3439526.32
001027-083633-00028-X,"דרך השלום 28, דימונה",דימונה,דרך השלום,28,,8607128,exact,203428.16,553563.88,694286.07,3439493.96
001027-083633-00029-X,"דרך השלום 29, דימונה",דימונה,דרך השלום,29,,8607129,exact,203402.32,553595.73,694259.60,3439525.30
001027-083633-00030-X,"דרך השלום 30, דימונה",דימונה,דרך השלום,30,,8607130,exact,203461.18,553573.70,694318.89,3439504.44
001027-083633-00031-X,"דרך השלום 31, דימונה",דימונה,דרך השלום,31,,8607131,street,203431.95,553580.41,694289.53,3439510.56
001027-083633-00033-X,"דרך השלום 33, דימונה",דימונה,דרך השלום,33,,8607133,street,203431.95,553580.41,694289.53,3439510.56
001027-083633-00034-X,"דרך השלום 34, דימונה",דימונה,דרך השלום,34,,8607134,exact,203505.66,553600.46,694362.84,3439532.08
001027-083633-00035-X,"דרך השלום 35, דימונה",דימונה,דרך השלום,35,,8607135,street,203431.95,553580.41,694289.53,3439510.56
001027-083633-00037-X,"דרך השלום 37, דימונה",דימונה,דרך השלום,37,,8607137,street,203431.95,553580.41,694289.53,3439510.56
001027-083633-00038-X,"דרך השלום 38, דימונה",דימונה,דרך השלום,38,,8607138,exact,203514.55,553606.48,694371.60,3439538.28
001027-083633-00039-X,"דרך השלום 39, דימונה",דימונה,דרך השלום,39,,8607139,street,203431.95,553580.41,694289.53,3439510.56
001027-083633-00040-X,"דרך השלום 40, דימונה",דימונה,דרך השלום,40,,8607140,exact,203517.23,553601.85,694374.38,3439533.70
001027-083633-00041-X,"דרך השלום 41, דימונה",דימונה,דרך השלום,41,,8607141,street,203431.95,553580.41,694289.53,3439510.56
001027-083633-00042-X,"דרך השלום 42, דימונה",דימונה,דרך השלום,42,,8607142,exact,203524.42,553612.48,694381.35,3439544.47
001027-083633-00044-X,"דרך השלום 44, דימונה",דימונה,דרך השלום,44,,8607144,exact,203529.97,553609.55,694386.96,3439541.65
001027-083633-00045-X,"דרך השלום 45, דימונה",דימונה,דרך השלום,45,,8607145,street,203431.95,553580.41,694289.53,3439510.56
001027-083633-00047-X,"דרך השלום 47, דימונה",דימונה,דרך השלום,47,,8607147,exact,203468.85,553616.25,694325.71,3439547.13
001027-083633-00048-X,"דרך השלום 48, דימונה",דימונה,דרך השלום,48,,8607148,exact,203541.38,553612.24,694398.32,3439544.57
001027-083633-00049-X,"דרך השלום 49, דימונה",דימונה,דרך השלום,49,,8607149,exact,203487.32,553627.07,694343.96,3439558.32
001027-083633-00050-X,"דרך השלום 50, דימונה",דימונה,דרך השלום,50,,8607150,exact,203544.84,553617.92,694401.66,3439550.32
001027-083633-00051-X,"דרך השלום 51, דימונה",דימונה,דרך השלום,51,,8607151,exact,203490.30,553622.47,694347.04,3439553.78
001027-083633-00052-X,"דרך השלום 52, דימונה",דימונה,דרך השלום,52,,8607152,exact,203548.48,553626.19,694405.14,3439558.66
001027-083633-00055-X,"דרך השלום 55, דימונה",דימונה,דרך השלום,55,,8607155,exact,203497.14,553633.07,694353.67,3439564.51
001027-083633-00057-X,"דרך השלום 57, דימונה",דימונה,דרך השלום,57,,8607157,exact,203509.09,553634.14,694365.60,3439565.83
001027-083633-00058-X,"דרך השלום 58, דימונה",דימונה,דרך השלום,58,,8607158,exact,203558.44,553632.68,694414.96,3439565.34
001027-083633-00059-X,"דרך השלום 59, דימונה",דימונה,דרך השלום,59,,8607159,exact,203508.41,553640.33,694364.80,3439572.00
001027-083633-00061-X,"דרך השלום 61, דימונה",דימונה,דרך השלום,61,,8607160,exact,203521.61,553642.58,694377.94,3439574.51
001027-083633-00063-X,"דרך השלום 63, דימונה",דימונה,דרך השלום,63,,8607161,exact,203529.14,553641.65,694385.49,3439573.73
001027-083633-00065-X,"דרך השלום 65, דימונה",דימונה,דרך השלום,65,,8607162,exact,203533.71,553650.19,694389.89,3439582.36
001027-083633-00067-X,"דרך השלום 67, דימונה",דימונה,דרך השלום,67,,8607163,street,203431.95,553580.41,694289.53,3439510.56
001027-083633-00069-X,"דרך השלום 69, דימונה",דימונה,דרך השלום,69,,8607164,exact,203543.20,553649.84,694399.39,3439582.20
001027-083633-00073-X,"דרך השלום 73, דימונה",דימונה,דרך השלום,73,,8607166,exact,203572.48,553673.05,694428.20,3439605.98
001027-083633-00077-X,"דרך השלום 77, דימונה",דימונה,דרך השלום,77,,8607168,exact,203584.75,553680.08,694440.33,3439613.26
001027-083633-00081-X,"דרך השלום 81, דימונה",דימונה,דרך השלום,81,,8607170,exact,203597.60,553680.57,694453.17,3439614.00
001027-083633-00113-X,"דרך השלום 113, דימונה",דימונה,דרך השלום,113,,8607701,street,203431.95,553580.41,694289.53,3439510.56
001027-083633-00114-X,"דרך השלום 114, דימונה",דימונה,דרך השלום,114,,8607702,street,203431.95,553580.41,694289.53,3439510.56
001027-083633-00115-X,"דרך השלום 115, דימונה",דימונה,דרך השלום,115,,8607703,street,203431.95,553580.41,694289.53,3439510.56
001027-083633-00138-X,"דרך השלום 138, דימונה",דימונה,דרך השלום,138,,8607704,street,203431.95,553580.41,694289.53,3439510.56
001027-083633-00139-X,"דרך השלום 139, דימונה",דימונה,דרך השלום,139,,8607705,street,203431.95,553580.41,694289.53,3439510.56
001027-083633-00143-X,"דרך השלום 143, דימונה",דימונה,דרך השלום,143,,8607706,street,203431.95,553580.41,694289.53,3439510.56
001027-083633-00144-X,"דרך השלום 144, דימונה",דימונה,דרך השלום,144,,8607707,street,203431.95,553580.41,694289.53,3439510.56
001027-083633-00145-X,"דרך השלום 145, דימונה",דימונה,דרך השלום,145,,8607708,street,203431.95,553580.41,694289.53,3439510.56
001027-083633-00906-X,"דרך השלום 906, דימונה",דימונה,דרך השלום,906,,8617701,street,203431.95,553580.41,694289.53,3439510.56
001027-083633-01112-X,"דרך השלום 1112, דימונה",דימונה,דרך השלום,1112,,8617702,street,203431.95,553580.41,694289.53,3439510.56
001027-083633-01203-X,"דרך השלום 1203, דימונה",דימונה,דרך השלום,1203,,8607709,street,203431.95,553580.41,694289.53,3439510.56
001027-083633-01203-א,"דרך השלום 1203א, דימונה",דימונה,דרך השלום,1203,א,8607710,street,203431.95,553580.41,694289.53,3439510.56
001027-083633-01203-ב,"דרך השלום 1203ב, דימונה",דימונה,דרך השלום,1203,ב,8607711,street,203431.95,553580.41,694289.53,3439510.56
001027-083633-01204-X,"דרך השלום 1204, דימונה",דימונה,דרך השלום,1204,,8617703,street,203431.95,553580.41,694289.53,3439510.56
001027-083633-01206-X,"דרך השלום 1206, דימונה",דימונה,דרך השלום,1206,,8617704,street,203431.95,553580.41,694289.53,3439510.56
001027-083633-01212-X,"דרך השלום 1212, דימונה",דימונה,דרך השלום,1212,,8617706,street,203431.95,553580.41,694289.53,3439510.56
001027-083633-01214-X,"דרך השלום 1214, דימונה",דימונה,דרך השלום,1214,,8617707,street,203431.95,553580.41,694289.53,3439510.56
001027-083633-01216-X,"דרך השלום 1216, דימונה",דימונה,דרך השלום,1216,,8617708,street,203431.95,553580.41,694289.53,3439510.56
001027-083704-00000-X,"מרחבים, דימונה",דימונה,מרחבים,,,8616700,street,203497.57,553750.43,694351.77,3439681.87
001027-083704-01210-X,"מרחבים 1210, דימונה",דימונה,מרחבים,1210,,8616701,street,203497.57,553750.43,694351.77,3439681.87
001027-083704-01216-X,"מרחבים 1216, דימונה",דימונה,מרחבים,1216,,8616725,street,203497.57,553750.43,694351.77,3439681.87
001027-083704-01301-X,"מרחבים 1301, דימונה",דימונה,מרחבים,1301,,8616801,street,203497.57,553750.43,694351.77,3439681.87
001027-083704-01301-א,"מרחבים 1301א, דימונה",דימונה,מרחבים,1301,א,8616802,street,203497.57,553750.43,694351.77,3439681.87
001027-083704-01301-ב,"מרחבים 1301ב, דימונה",דימונה,מרחבים,1301,ב,8616803,street,203497.57,553750.43,694351.77,3439681.87
001027-083704-01301-ג,"מרחבים 1301ג, דימונה",דימונה,מרחבים,1301,ג,8616804,street,203497.57,553750.43,694351.77,3439681.87
001027-083704-01301-ד,"מרחבים 1301ד, דימונה",דימונה,מרחבים,1301,ד,8616805,street,203497.57,553750.43,694351.77,3439681.87
001027-083704-01302-X,"מרחבים 1302, דימונה",דימונה,מרחבים,1302,,8616806,street,203497.57,553750.43,694351.77,3439681.87
001027-083704-01303-X,"מרחבים 1303, דימונה",דימונה,מרחבים,1303,,8616807,street,203497.57,553750.43,694351.77,3439681.87
001027-083704-01303-א,"מרחבים 1303א, דימונה",דימונה,מרחבים,1303,א,8616808,street,203497.57,553750.43,694351.77,3439681.87
001027-083704-01303-ב,"מרחבים 1303ב, דימונה",דימונה,מרחבים,1303,ב,8616809,street,203497.57,553750.43,694351.77,3439681.87
001027-083704-01303-ג,"מרחבים 1303ג, דימונה",דימונה,מרחבים,1303,ג,8616810,street,203497.57,553750.43,694351.77,3439681.87
001027-083704-01304-X,"מרחבים 1304, דימונה",דימונה,מרחבים,1304,,8616812,street,203497.57,553750.43,694351.77,3439681.87
001027-083704-01305-א,"מרחבים 1305א, דימונה",דימונה,מרחבים,1305,א,8616814,street,203497.57,553750.43,694351.77,3439681.87
001027-083704-01305-ב,"מרחבים 1305ב, דימונה",דימונה,מרחבים,1305,ב,8616815,street,203497.57,553750.43,694351.77,3439681.87
001027-083704-01305-ג,"מרחבים 1305ג, דימונה",דימונה,מרחבים,1305,ג,8616816,street,203497.57,553750.43,694351.77,3439681.87
001027-083704-01305-ד,"מרחבים 1305ד, דימונה",דימונה,מרחבים,1305,ד,8616817,street,203497.57,553750.43,694351.77,3439681.87
001027-083704-01305-ה,"מרחבים 1305ה, דימונה",דימונה,מרחבים,1305,ה,8616818,street,203497.57,553750.43,694351.77,3439681.87
001027-083704-01307-X,"מרחבים 1307, דימונה",דימונה,מרחבים,1307,,8616901,street,203497.57,553750.43,694351.77,3439681.87
001027-083704-01307-א,"מרחבים 1307א, דימונה",דימונה,מרחבים,1307,א,8616902,street,203497.57,553750.43,694351.77,3439681.87
001027-083704-01307-ב,"מרחבים 1307ב, דימונה",דימונה,מרחבים,1307,ב,8616903,street,203497.57,553750.43,694351.77,3439681.87
001027-083704-01307-ד,"מרחבים 1307ד, דימונה",דימונה,מרחבים,1307,ד,8616905,street,203497.57,553750.43,694351.77,3439681.87
001027-083704-01307-ה,"מרחבים 1307ה, דימונה",דימונה,מרחבים,1307,ה,8616906,street,203497.57,553750.43,694351.77,3439681.87
001027-083704-01308-X,"מרחבים 1308, דימונה",דימונה,מרחבים,1308,,8616909,street,203497.57,553750.43,694351.77,3439681.87
001027-083704-01308-ב,"מרחבים 1308ב, דימונה",דימונה,מרחבים,1308,ב,8616911,street,203497.57,553750.43,694351.77,3439681.87
001027-083704-01308-ג,"מרחבים 1308ג, דימונה",דימונה,מרחבים,1308,ג,8616912,street,203497.57,553750.43,694351.77,3439681.87
001027-083704-01308-ד,"מרחבים 1308ד, דימונה",דימונה,מרחבים,1308,ד,8616913,street,203497.57,553750.43,694351.77,3439681.87
001027-083704-01308-ה,"מרחבים 1308ה, דימונה",דימונה,מרחבים,1308,ה,8616914,street,203497.57,553750.43,694351.77,3439681.87
001027-083704-01308-ו,"מרחבים 1308ו, דימונה",דימונה,מרחבים,1308,ו,8616915,street,203497.57,553750.43,694351.77,3439681.87
001027-083704-01311-X,"מרחבים 1311, דימונה",דימונה,מרחבים,1311,,8616703,street,203497.57,553750.43,694351.77,3439681.87
001027-083704-01312-X,"מרחבים 1312, דימונה",דימונה,מרחבים,1312,,8616704,street,203497.57,553750.43,694351.77,3439681.87
001027-083704-01313-X,"מרחבים 1313, דימונה",דימונה,מרחבים,1313,,8616705,street,203497.57,553750.43,694351.77,3439681.87
001027-083704-01314-X,"מרחבים 1314, דימונה",דימונה,מרחבים,1314,,8616706,street,203497.57,553750.43,694351.77,3439681.87
001027-083704-01315-X,"מרחבים 1315, דימונה",דימונה,מרחבים,1315,,8616707,street,203497.57,553750.43,694351.77,3439681.87
001027-083704-01320-X,"מרחבים 1320, דימונה",דימונה,מרחבים,1320,,8616917,street,203497.57,553750.43,694351.77,3439681.87
001027-083704-01321-X,"מרחבים 1321, דימונה",דימונה,מרחבים,1321,,8616918,street,203497.57,553750.43,694351.77,3439681.87
001027-083704-01322-X,"מרחבים 1322, דימונה",דימונה,מרחבים,1322,,8616919,street,203497.57,553750.43,694351.77,3439681.87
001027-083704-01324-X,"מרחבים 1324, דימונה",דימונה,מרחבים,1324,,8616920,street,203497.57,553750.43,694351.77,3439681.87
001027-083704-01325-X,"מרחבים 1325, דימונה",דימונה,מרחבים,1325,,8616921,street,203497.57,553750.43,694351.77,3439681.87
001027-083704-01327-X,"מרחבים 1327, דימונה",דימונה,מרחבים,1327,,8616923,exact,203720.80,553818.27,694573.62,3439754.13
001027-083704-01327-א,"מרחבים 1327א, דימונה",דימונה,מרחבים,1327,א,8616924,exact,203720.80,553818.27,694573.62,3439754.13
001027-083704-01327-ד,"מרחבים 1327ד, דימונה",דימונה,מרחבים,1327,ד,8616927,exact,203720.80,553818.27,694573.62,3439754.13
001027-083704-01328-X,"מרחבים 1328, דימונה",דימונה,מרחבים,1328,,8616708,street,203497.57,553750.43,694351.77,3439681.87
001027-083704-01329-X,"מרחבים 1329, דימונה",דימונה,מרחבים,1329,,8616709,street,203497.57,553750.43,694351.77,3439681.87
001027-083704-01331-X,"מרחבים 1331, דימונה",דימונה,מרחבים,1331,,8616711,exact,203568.61,553767.12,694422.46,3439699.97
001027-083704-01331-א,"מרחבים 1331א, דימונה",דימונה,מרחבים,1331,א,8616712,exact,203568.61,553767.12,694422.46,3439699.97
001027-083704-01331-ב,"מרחבים 1331ב, דימונה",דימונה,מרחבים,1331,ב,8616713,exact,203568.61,553767.12,694422.46,3439699.97
001027-083704-01331-ג,"מרחבים 1331ג, דימונה",דימונה,מרחבים,1331,ג,8616714,exact,203568.61,553767.12,694422.46,3439699.97
001027-083704-01331-ד,"מרחבים 1331ד, דימונה",דימונה,מרחבים,1331,ד,8616715,exact,203568.61,553767.12,694422.46,3439699.97
001027-083704-01331-ה,"מרחבים 1331ה, דימונה",דימונה,מרחבים,1331,ה,8616716,exact,203568.61,553767.12,694422.46,3439699.97
001027-083704-01331-ו,"מרחבים 1331ו, דימונה",דימונה,מרחבים,1331,ו,8616717,exact,203568.61,553767.12,694422.46,3439699.97
001027-083704-01331-ז,"מרחבים 1331ז, דימונה",דימונה,מרחבים,1331,ז,8616718,exact,203568.61,553767.12,694422.46,3439699.97
001027-083704-01332-X,"מרחבים 1332, דימונה",דימונה,מרחבים,1332,,8616719,street,203497.57,553750.43,694351.77,3439681.87
001027-083704-01332-א,"מרחבים 1332א, דימונה",דימונה,מרחבים,1332,א,8616720,street,203497.57,553750.43,694351.77,3439681.87
001027-083704-01332-ב,"מרחבים 1332ב, דימונה",דימונה,מרחבים,1332,ב,8616721,street,203497.57,553750.43,694351.77,3439681.87
001027-083704-01332-ג,"מרחבים 1332ג, דימונה",דימונה,מרחבים,1332,ג,8616722,street,203497.57,553750.43,694351.77,3439681.87
001027-083704-01332-ד,"מרחבים 1332ד, דימונה",דימונה,מרחבים,1332,ד,8616723,street,203497.57,553750.43,694351.77,3439681.87
001027-083744-00000-X,"הפסגה, דימונה",דימונה,הפסגה,,,8617100,street,204020.41,553366.47,694882.16,3439308.35
001027-083744-00001-X,"הפסגה 1, דימונה",דימונה,הפסגה,1,,8617001,exact,203693.56,553443.67,694553.82,3439379.05
001027-083744-00002-X,"הפסגה 2, דימונה",דימונה,הפסגה,2,,8617002,exact,203731.37,553444.65,694591.60,3439380.77
001027-083744-00003-X,"הפסגה 3, דימונה",דימונה,הפסגה,3,,8617003,exact,203696.59,553460.46,694556.52,3439395.89
001027-083744-00004-X,"הפסגה 4, דימונה",דימונה,הפסגה,4,,8617004,exact,203729.69,553463.59,694589.55,3439399.68
001027-083744-00005-X,"הפסגה 5, דימונה",דימונה,הפסגה,5,,8617005,exact,203695.74,553477.82,694555.32,3439413.23
001027-083744-00006-X,"הפסגה 6, דימונה",דימונה,הפסגה,6,,8617006,exact,203729.46,553479.51,694589.01,3439415.59
001027-083744-00007-X,"הפסגה 7, דימונה",דימונה,הפסגה,7,,8617007,exact,203697.14,553500.97,694556.26,3439436.41
001027-083744-00010-X,"הפסגה 10, דימונה",דימונה,הפסגה,10,,8617010,exact,203732.66,553521.28,694591.38,3439457.42
001027-083744-00011-X,"הפסגה 11, דימונה",דימונה,הפסגה,11,,8617011,exact,203708.24,553535.58,694566.67,3439471.23
001027-083744-00014-X,"הפסגה 14, דימונה",דימונה,הפסגה,14,,8617014,exact,203770.80,553553.05,694628.88,3439489.95
001027-083744-00017-X,"הפסגה 17, דימונה",דימונה,הפסגה,17,,8617017,exact,203758.87,553579.47,694616.43,3439516.13
001027-083744-00019-X,"הפסגה 19, דימונה",דימונה,הפסגה,19,,8617019,street,204020.41,553366.47,694882.16,3439308.35
001027-083744-00020-X,"הפסגה 20, דימונה",דימונה,הפסגה,20,,8617020,exact,203828.35,553540.47,694686.67,3439478.51
001027-083744-00021-X,"הפסגה 21, דימונה",דימונה,הפסגה,21,,8617021,exact,203792.51,553587.66,694649.90,3439524.98
001027-083744-00022-X,"הפסגה 22, דימונה",דימונה,הפסגה,22,,8617022,exact,203853.58,553533.44,694712.04,3439471.98
001027-083744-00025-X,"הפסגה 25, דימונה",דימונה,הפסגה,25,,8617025,exact,203830.39,553580.99,694687.90,3439519.06
001027-083744-00026-X,"הפסגה 26, דימונה",דימונה,הפסגה,26,,8617026,exact,203878.22,553507.46,694737.19,3439446.50
001027-083744-00027-X,"הפסגה 27, דימונה",דימונה,הפסגה,27,,8617027,exact,203845.23,553573.79,694702.88,3439512.16
001027-083744-00028-X,"הפסגה 28, דימונה",דימונה,הפסגה,28,,8617028,exact,203892.45,553496.25,694751.64,3439435.56
001027-083744-00029-X,"הפסגה 29, דימונה",דימונה,הפסגה,29,,8617029,exact,203873.72,553562.33,694731.60,3439501.27
001027-083744-00030-X,"הפסגה 30, דימונה",דימונה,הפסגה,30,,8617030,exact,203902.31,553481.92,694761.78,3439421.44
001027-083744-00031-X,"הפסגה 31, דימונה",דימונה,הפסגה,31,,8617031,exact,203884.14,553549.75,694742.26,3439488.89
001027-083744-00033-X,"הפסגה 33, דימונה",דימונה,הפסגה,33,,8617033,exact,203902.05,553537.64,694760.42,3439477.14
001027-083744-00034-X,"הפסגה 34, דימונה",דימונה,הפסגה,34,,8617034,exact,203926.90,553457.95,694786.85,3439397.96
001027-083744-00035-X,"הפסגה 35, דימונה",דימונה,הפסגה,35,,8617035,exact,203912.29,553521.11,694770.98,3439460.82
001027-083744-00036-X,"הפסגה 36, דימונה",דימונה,הפסגה,36,,8617036,exact,203938.59,553442.93,694798.83,3439383.17
001027-083744-00037-X,"הפסגה 37, דימונה",דימונה,הפסגה,37,,8617037,exact,203922.90,553505.93,694781.89,3439445.85
001027-083744-00038-X,"הפסגה 38, דימונה",דימונה,הפסגה,38,,8617038,exact,203954.74,553425.22,694815.33,3439365.78
001027-083744-00039-X,"הפסגה 39, דימונה",דימונה,הפסגה,39,,8617039,exact,203935.44,553492.94,694794.69,3439433.11
001027-083744-00040-X,"הפסגה 40, דימונה",דימונה,הפסגה,40,,8617101,exact,203963.63,553408.51,694824.55,3439349.25
001027-083744-00041-X,"הפסגה 41, דימונה",דימונה,הפסגה,41,,8617102,exact,203948.43,553478.38,694807.96,3439418.81
001027-083744-00044-X,"הפסגה 44, דימונה",דימונה,הפסגה,44,,8617105,exact,203989.06,553383.56,694850.47,3439324.82
001027-083744-00045-X,"הפסגה 45, דימונה",דימונה,הפסגה,45,,8617106,exact,203980.77,553449.37,694840.88,3439390.45
001027-083744-00046-X,"הפסגה 46, דימונה",דימונה,הפסגה,46,,8617107,exact,203998.96,553368.65,694860.67,3439310.10
001027-083744-00047-X,"הפסגה 47, דימונה",דימונה,הפסגה,47,,8617108,exact,203994.15,553434.26,694854.56,3439375.61
001027-083744-00048-X,"הפסגה 48, דימונה",דימונה,הפסגה,48,,8617109,exact,204012.67,553353.58,694874.68,3439295.31
001027-083744-00049-X,"הפסגה 49, דימונה",דימונה,הפסגה,49,,8617110,exact,203997.05,553421.45,694857.71,3439362.86
001027-083744-00050-X,"הפסגה 50, דימונה",דימונה,הפסגה,50,,8617111,exact,204032.13,553331.92,694894.57,3439274.04
001027-083744-00052-X,"הפסגה 52, דימונה",דימונה,הפסגה,52,,8617113,exact,204045.36,553313.16,694908.16,3439255.54
001027-083744-00053-X,"הפסגה 53, דימונה",דימונה,הפסגה,53,,8617114,exact,204020.03,553392.07,694881.27,3439333.93
001027-083744-00055-X,"הפסגה 55, דימונה",דימונה,הפסגה,55,,8617116,exact,204034.67,553377.25,694896.20,3439319.41
001027-083744-00056-X,"הפסגה 56, דימונה",דימונה,הפסגה,56,,8617117,exact,204070.14,553280.66,694933.58,3439223.53
001027-083744-00057-X,"הפסגה 57, דימונה",דימונה,הפסגה,57,,8617118,exact,204045.80,553366.33,694907.55,3439308.71
001027-083744-00058-X,"הפסגה 58, דימונה",דימונה,הפסגה,58,,8617119,exact,204076.83,553263.26,694940.62,3439206.27
001027-083744-00059-X,"הפסגה 59, דימונה",דימונה,הפסגה,59,,8617120,exact,204059.88,553352.38,694921.90,3439295.04
001027-083744-00060-X,"הפסגה 60, דימונה",דימונה,הפסגה,60,,8617121,exact,204075.88,553243.46,694940.06,3439186.46
001027-083744-00061-X,"הפסגה 61, דימונה",דימונה,הפסגה,61,,8617122,exact,204078.58,553357.80,694940.49,3439300.84
001027-083744-00062-X,"הפסגה 62, דימונה",דימונה,הפסגה,62,,8617123,exact,204071.40,553225.70,694935.94,3439168.61
001027-083744-00063-X,"הפסגה 63, דימונה",דימונה,הפסגה,63,,8617124,exact,204103.68,553363.73,694965.47,3439307.26
001027-083744-00066-X,"הפסגה 66, דימונה",דימונה,הפסגה,66,,8617127,exact,204062.36,553194.95,694927.51,3439137.68
001027-083744-00067-X,"הפסגה 67, דימונה",דימונה,הפסגה,67,,8617128,exact,204140.76,553356.15,695002.69,3439300.42
001027-083744-00068-X,"הפסגה 68, דימונה",דימונה,הפסגה,68,,8617129,exact,204057.18,553177.38,694922.68,3439120.01
001027-083744-00069-X,"הפסגה 69, דימונה",דימונה,הפסגה,69,,8617130,exact,204148.46,553337.16,695010.77,3439281.59
001027-083744-00070-X,"הפסגה 70, דימונה",דימונה,הפסגה,70,,8617131,exact,204058.28,553159.50,694924.13,3439102.16
001027-083744-00071-X,"הפסגה 71, דימונה",דימונה,הפסגה,71,,8617132,exact,204152.82,553315.72,695015.56,3439260.24
001027-083744-00072-X,"הפסגה 72, דימונה",דימונה,הפסגה,72,,8617133,exact,204069.66,553124.42,694936.21,3439067.31
001027-083744-00073-X,"הפסגה 73, דימונה",דימונה,הפסגה,73,,8617134,exact,204139.10,553304.53,695002.06,3439248.78
001027-083744-00074-X,"הפסגה 74, דימונה",דימונה,הפסגה,74,,8617135,exact,204077.71,553107.43,694944.60,3439050.48
001027-083744-00075-X,"הפסגה 75, דימונה",דימונה,הפסגה,75,,8617136,exact,204121.37,553292.43,694984.57,3439236.32
001027-083744-00076-X,"הפסגה 76, דימונה",דימונה,הפסגה,76,,8617137,exact,204078.93,553089.54,694946.17,3439032.62
001027-083744-00077-X,"הפסגה 77, דימונה",דימונה,הפסגה,77,,8617138,exact,204093.75,553302.53,694956.75,3439245.87
001027-083744-00078-X,"הפסגה 78, דימונה",דימונה,הפסגה,78,,8617139,exact,204078.34,553074.29,694945.88,3439017.36
001027-083744-00082-X,"הפסגה 82, דימונה",דימונה,הפסגה,82,,8617143,exact,204082.14,553042.32,694950.32,3438985.47
001027-083744-00083-X,"הפסגה 83, דימונה",דימונה,הפסגה,83,,8617144,exact,204108.26,553257.56,694972.16,3439201.20
001027-083744-00084-X,"הפסגה 84, דימונה",דימונה,הפסגה,84,,8617145,exact,204080.42,553029.05,694948.86,3438972.17
001027-083744-00085-X,"הפסגה 85, דימונה",דימונה,הפסגה,85,,8617146,exact,204107.66,553241.47,694971.88,3439185.10
001027-083744-00086-X,"הפסגה 86, דימונה",דימונה,הפסגה,86,,8617147,exact,204078.42,553012.94,694947.18,3438956.03
001027-083744-00087-X,"הפסגה 87, דימונה",דימונה,הפסגה,87,,8617148,exact,204101.69,553225.05,694966.24,3439168.56
001027-083744-00089-X,"הפסגה 89, דימונה",דימונה,הפסגה,89,,8617150,exact,204096.79,553210.33,694961.63,3439153.75
001027-083744-00090-X,"הפסגה 90, דימונה",דימונה,הפסגה,90,,8617151,exact,204073.49,552978.76,694942.93,3438921.75
001027-083744-00091-X,"הפסגה 91, דימונה",דימונה,הפסגה,91,,8617152,exact,204096.29,553194.46,694961.44,3439137.87
001027-083744-00093-X,"הפסגה 93, דימונה",דימונה,הפסגה,93,,8617153,exact,204089.03,553179.12,694954.49,3439122.39
001027-083744-00097-X,"הפסגה 97, דימונה",דימונה,הפסגה,97,,8617155,exact,204095.22,553144.34,694961.37,3439087.74
001027-083744-00099-X,"הפסגה 99, דימונה",דימונה,הפסגה,99,,8617156,exact,204103.94,553131.57,694970.34,3439075.14
001027-083744-00101-X,"הפסגה 101, דימונה",דימונה,הפסגה,101,,8617157,exact,204108.99,553116.52,694975.69,3439060.20
001027-083744-00105-X,"הפסגה 105, דימונה",דימונה,הפסגה,105,,8617159,exact,204110.60,553075.69,694978.10,3439019.40
001027-083744-00109-X,"הפסגה 109, דימונה",דימונה,הפסגה,109,,8617161,exact,204113.47,553043.73,694981.61,3438987.50
001027-083744-00111-X,"הפסגה 111, דימונה",דימונה,הפסגה,111,,8617162,exact,204111.43,553029.14,694979.86,3438972.88
001027-083744-00115-X,"הפסגה 115, דימונה",דימונה,הפסגה,115,,8617164,exact,204110.42,552997.73,694979.47,3438941.45
001027-083744-00117-X,"הפסגה 117, דימונה",דימונה,הפסגה,117,,8617165,exact,204109.51,552979.97,694978.92,3438923.68
001027-083744-00119-X,"הפסגה 119, דימונה",דימונה,הפסגה,119,,8617166,exact,204104.31,552965.82,694974.00,3438909.42
001027-083784-00000-X,"המעלה, דימונה",דימונה,המעלה,,,8607900,street,203903.49,553393.85,694764.71,3439333.41
001027-083784-00002-X,"המעלה 2, דימונה",דימונה,המעלה,2,,8607902,exact,203804.36,553469.54,694664.09,3439407.11
001027-083784-00003-X,"המעלה 3, דימונה",דימונה,המעלה,3,,8607903,exact,203843.54,553486.72,694702.92,3439425.07
001027-083784-00004-X,"המעלה 4, דימונה",דימונה,המעלה,4,,8607904,exact,203824.83,553462.30,694684.70,3439400.28
001027-083784-00005-X,"המעלה 5, דימונה",דימונה,המעלה,5,,8607905,exact,203857.41,553474.43,694717.03,3439413.05
001027-083784-00006-X,"המעלה 6, דימונה",דימונה,המעלה,6,,8607906,exact,203836.83,553447.48,694697.00,3439385.70
001027-083784-00007-X,"המעלה 7, דימונה",דימונה,המעלה,7,,8607907,exact,203869.58,553461.99,694729.45,3439400.86
001027-083784-00008-X,"המעלה 8, דימונה",דימונה,המעלה,8,,8607908,exact,203849.41,553437.54,694709.77,3439376.01
001027-083784-00009-X,"המעלה 9, דימונה",דימונה,המעלה,9,,8607909,exact,203882.56,553451.85,694742.63,3439390.98
001027-083784-00010-X,"המעלה 10, דימונה",דימונה,המעלה,10,,8607910,exact,203867.67,553429.59,694728.19,3439368.43
001027-083784-00011-X,"המעלה 11, דימונה",דימונה,המעלה,11,,8607911,exact,203897.84,553437.78,694758.19,3439377.21
001027-083784-00012-X,"המעלה 12, דימונה",דימונה,המעלה,12,,8607912,exact,203878.34,553417.44,694739.10,3439356.49
001027-083784-00014-X,"המעלה 14, דימונה",דימונה,המעלה,14,,8607914,exact,203888.38,553402.94,694749.43,3439342.19
001027-083784-00015-X,"המעלה 15, דימונה",דימונה,המעלה,15,,8607915,exact,203923.58,553404.80,694784.58,3439344.75
001027-083784-00017-X,"המעלה 17, דימונה",דימונה,המעלה,17,,8607917,exact,203936.48,553391.94,694797.74,3439332.15
001027-083784-00018-X,"המעלה 18, דימונה",דימונה,המעלה,18,,8607918,exact,203942.79,553342.89,694805.02,3439283.23
001027-083784-00019-X,"המעלה 19, דימונה",דימונה,המעלה,19,,8607919,exact,203947.28,553377.13,694808.83,3439317.56
001027-083784-00020-X,"המעלה 20, דימונה",דימונה,המעלה,20,,8607920,exact,203953.60,553329.10,694816.09,3439269.66
001027-083784-00023-X,"המעלה 23, דימונה",דימונה,המעלה,23,,8607923,exact,203970.70,553351.96,694832.74,3439292.85
001027-083784-00024-X,"המעלה 24, דימונה",דימונה,המעלה,24,,8607924,exact,203971.57,553294.60,694834.76,3439235.52
001027-083784-00025-X,"המעלה 25, דימונה",דימונה,המעלה,25,,8607925,exact,203987.03,553335.90,694849.39,3439277.12
001027-083784-00026-X,"המעלה 26, דימונה",דימונה,המעלה,26,,8607926,exact,203977.96,553275.66,694841.52,3439216.71
001027-083784-00027-X,"המעלה 27, דימונה",דימונה,המעלה,27,,8607927,exact,204012.21,553322.36,694874.84,3439264.08
001027-083784-00028-X,"המעלה 28, דימונה",דימונה,המעלה,28,,8607928,street,203903.49,553393.85,694764.71,3439333.41
001027-083784-00029-X,"המעלה 29, דימונה",דימונה,המעלה,29,,8607929,exact,204033.71,553300.25,694896.77,3439242.40
001027-083784-00030-X,"המעלה 30, דימונה",דימונה,המעלה,30,,8607930,street,203903.49,553393.85,694764.71,3439333.41
001027-083784-00031-X,"המעלה 31, דימונה",דימונה,המעלה,31,,8607931,exact,204016.08,553286.18,694879.42,3439227.99
001027-083784-00032-X,"המעלה 32, דימונה",דימונה,המעלה,32,,8607932,street,203903.49,553393.85,694764.71,3439333.41
001027-083784-00033-X,"המעלה 33, דימונה",דימונה,המעלה,33,,8607933,exact,204000.23,553283.34,694863.63,3439224.83
001027-083850-00004-X,"ערוגות 4, דימונה",דימונה,ערוגות,4,,8607404,exact,203282.67,553607.88,694139.73,3439535.07
001027-083850-00005-X,"ערוגות 5, דימונה",דימונה,ערוגות,5,,8607405,exact,203278.16,553626.52,694134.85,3439553.61
001027-083850-00006-X,"ערוגות 6, דימונה",דימונה,ערוגות,6,,8607406,exact,203287.67,553615.57,694144.58,3439542.86
001027-083850-00007-X,"ערוגות 7, דימונה",דימונה,ערוגות,7,,8607407,exact,203287.86,553626.93,694144.54,3439554.22
001027-083850-00008-X,"ערוגות 8, דימונה",דימונה,ערוגות,8,,8607408,exact,203298.03,553616.83,694154.91,3439544.32
001027-083850-00009-X,"ערוגות 9, דימונה",דימונה,ערוגות,9,,8607409,exact,203298.23,553635.28,694154.75,3439562.77
001027-083850-00010-X,"ערוגות 10, דימונה",דימונה,ערוגות,10,,8607410,exact,203307.10,553627.83,694163.76,3439555.50
001027-083850-00012-X,"ערוגות 12, דימונה",דימונה,ערוגות,12,,8607412,exact,203318.04,553629.31,694174.67,3439557.19
001027-083850-00013-X,"ערוגות 13, דימונה",דימונה,ערוגות,13,,8607413,exact,203313.74,553643.79,694170.08,3439571.59
001027-083850-00014-X,"ערוגות 14, דימונה",דימונה,ערוגות,14,,8607414,exact,203322.95,553636.90,694179.43,3439564.89
001027-083850-00015-X,"ערוגות 15, דימונה",דימונה,ערוגות,15,,8607415,exact,203319.79,553653.19,694175.94,3439581.11
001027-083850-00016-X,"ערוגות 16, דימונה",דימונה,ערוגות,16,,8607416,exact,203331.98,553637.48,694188.45,3439565.64
001027-083910-00000-X,"?, דימונה",דימונה,?,,,8607200,none,,,,
001027-083910-00001-X,"? 1, דימונה",דימונה,?,1,,8607213,none,,,,
001027-083910-00002-X,"? 2, דימונה",דימונה,?,2,,8607214,none,,,,
001027-083910-00003-X,"? 3, דימונה",דימונה,?,3,,8607215,none,,,,
001027-083910-00004-X,"? 4, דימונה",דימונה,?,4,,8607216,none,,,,
001027-083910-00005-X,"? 5, דימונה",דימונה,?,5,,8607217,none,,,,
001027-083910-00006-X,"? 6, דימונה",דימונה,?,6,,8607218,none,,,,
001027-083910-00007-X,"? 7, דימונה",דימונה,?,7,,8607219,none,,,,
001027-083910-00008-X,"? 8, דימונה",דימונה,?,8,,8607220,none,,,,
001027-083910-00009-X,"? 9, דימונה",דימונה,?,9,,8607221,none,,,,
001027-083910-00010-X,"? 10, דימונה",דימונה,?,10,,8607222,none,,,,
001027-083910-00011-X,"? 11, דימונה",דימונה,?,11,,8607223,none,,,,
001027-083910-00012-X,"? 12, דימונה",דימונה,?,12,,8607224,none,,,,
001027-083910-00013-X,"? 13, דימונה",דימונה,?,13,,8607225,none,,,,
001027-083910-00015-X,"? 15, דימונה",דימונה,?,15,,8607227,none,,,,
001027-083910-00016-X,"? 16, דימונה",דימונה,?,16,,8607228,none,,,,
001027-083910-00146-X,"? 146, דימונה",דימונה,?,146,,8607201,none,,,,
001027-083910-00147-X,"? 147, דימונה",דימונה,?,147,,8607202,none,,,,
001027-083956-00135-X,"הזמיר 135, דימונה",דימונה,הזמיר,135,,8607697,exact,203513.92,553678.50,694369.55,3439610.27
001027-083956-00137-X,"הזמיר 137, דימונה",דימונה,הזמיר,137,,8607699,street,203537.78,553687.76,694393.21,3439620.00
001027-083956-00142-X,"הזמיר 142, דימונה",דימונה,הזמיר,142,,8611503,street,203537.78,553687.76,694393.21,3439620.00
001027-083956-00143-X,"הזמיר 143, דימונה",דימונה,הזמיר,143,,8611504,street,203537.78,553687.76,694393.21,3439620.00
001027-083956-01216-X,"הזמיר 1216, דימונה",דימונה,הזמיר,1216,,8611505,street,203537.78,553687.76,694393.21,3439620.00
001027-083998-00122-X,"דוכיפת 122, דימונה",דימונה,דוכיפת,122,,8617601,street,203374.80,553683.85,694230.33,3439612.86
001027-084045-00004-X,"היונה 4, דימונה",דימונה,היונה,4,,8607205,exact,203582.61,553572.27,694440.34,3439505.43
001027-084045-00148-X,"היונה 148, דימונה",דימונה,היונה,148,,8607206,street,203571.84,553552.16,694429.97,3439485.10
001027-084045-00150-X,"היונה 150, דימונה",דימונה,היונה,150,,8607207,street,203571.84,553552.16,694429.97,3439485.10
001027-084045-00151-X,"היונה 151, דימונה",דימונה,היונה,151,,8607208,street,203571.84,553552.16,694429.97,3439485.10
001027-084045-00153-X,"היונה 153, דימונה",דימונה,היונה,153,,8607209,street,203571.84,553552.16,694429.97,3439485.10
001027-084045-00155-X,"היונה 155, דימונה",דימונה,היונה,155,,8607210,street,203571.84,553552.16,694429.97,3439485.10
001027-084045-00156-X,"היונה 156, דימונה",דימונה,היונה,156,,8607211,exact,203582.27,553478.28,694441.86,3439411.44
001027-084045-00186-X,"היונה 186, דימונה",דימונה,היונה,186,,8607212,exact,203592.02,553455.25,694452.07,3439388.61
001027-084092-00000-X,"השלוה, דימונה",דימונה,השלוה,,,8613800,street,203619.84,553588.60,694477.24,3439522.49
001027-084092-01157-X,"השלוה 1157, דימונה",דימונה,השלוה,1157,,8613701,street,203619.84,553588.60,694477.24,3439522.49
001027-084092-01157-א,"השלוה 1157א, דימונה",דימונה,השלוה,1157,א,8613702,street,203619.84,553588.60,694477.24,3439522.49
001027-084092-01158-X,"השלוה 1158, דימונה",דימונה,השלוה,1158,,8613704,street,203619.84,553588.60,694477.24,3439522.49
001027-084092-01160-X,"השלוה 1160, דימונה",דימונה,השלוה,1160,,8613801,street,203619.84,553588.60,694477.24,3439522.49
001027-084092-01161-X,"השלוה 1161, דימונה",דימונה,השלוה,1161,,8613804,street,203619.84,553588.60,694477.24,3439522.49
001027-084092-01170-X,"השלוה 1170, דימונה",דימונה,השלוה,1170,,8613806,street,203619.84,553588.60,694477.24,3439522.49
001027-084092-01170-א,"השלוה 1170א, דימונה",דימונה,השלוה,1170,א,8613807,street,203619.84,553588.60,694477.24,3439522.49
001027-084092-01170-ב,"השלוה 1170ב, דימונה",דימונה,השלוה,1170,ב,8613808,street,203619.84,553588.60,694477.24,3439522.49
001027-084092-01177-X,"השלוה 1177, דימונה",דימונה,השלוה,1177,,8613809,street,203619.84,553588.60,694477.24,3439522.49
001027-084092-01178-X,"השלוה 1178, דימונה",דימונה,השלוה,1178,,8613810,street,203619.84,553588.60,694477.24,3439522.49
001027-084092-01178-א,"השלוה 1178א, דימונה",דימונה,השלוה,1178,א,8613811,street,203619.84,553588.60,694477.24,3439522.49
001027-084092-01178-ב,"השלוה 1178ב, דימונה",דימונה,השלוה,1178,ב,8613812,street,203619.84,553588.60,694477.24,3439522.49
001027-084092-01179-X,"השלוה 1179, דימונה",דימונה,השלוה,1179,,8613813,street,203619.84,553588.60,694477.24,3439522.49
001027-084092-01179-א,"השלוה 1179א, דימונה",דימונה,השלוה,1179,א,8613814,street,203619.84,553588.60,694477.24,3439522.49
001027-084092-01179-ב,"השלוה 1179ב, דימונה",דימונה,השלוה,1179,ב,8613815,street,203619.84,553588.60,694477.24,3439522.49
001027-084092-01180-א,"השלוה 1180א, דימונה",דימונה,השלוה,1180,א,8613817,street,203619.84,553588.60,694477.24,3439522.49
001027-084092-01180-ב,"השלוה 1180ב, דימונה",דימונה,השלוה,1180,ב,8613818,street,203619.84,553588.60,694477.24,3439522.49
001027-084092-01181-X,"השלוה 1181, דימונה",דימונה,השלוה,1181,,8613819,street,203619.84,553588.60,694477.24,3439522.49
001027-084137-00000-X,"?, דימונה",דימונה,?,,,8604200,none,,,,
001027-084137-00251-X,"? 251, דימונה",דימונה,?,251,,8604201,none,,,,
001027-084137-00253-X,"? 253, דימונה",דימונה,?,253,,8604203,none,,,,
001027-084137-00254-X,"? 254, דימונה",דימונה,?,254,,8604204,none,,,,
001027-084216-00000-X,"מילרוד אליעזר, דימונה",דימונה,מילרוד אליעזר,,,8604500,street,203764.61,552657.39,694640.48,3438594.29
001027-084216-00001-X,"מילרוד אליעזר 1, דימונה",דימונה,מילרוד אליעזר,1,,8604501,street,203764.61,552657.39,694640.48,3438594.29
001027-084216-00002-X,"מילרוד אליעזר 2, דימונה",דימונה,מילרוד אליעזר,2,,8604502,exact,203717.94,552654.01,694593.89,3438589.98
001027-084216-00005-X,"מילרוד אליעזר 5, דימונה",דימונה,מילרוד אליעזר,5,,8604505,street,203764.61,552657.39,694640.48,3438594.29
001027-084216-00006-X,"מילרוד אליעזר 6, דימונה",דימונה,מילרוד אליעזר,6,,8604506,exact,203740.56,552646.32,694616.65,3438582.74
001027-084216-00008-X,"מילרוד אליעזר 8, דימונה",דימונה,מילרוד אליעזר,8,,8604508,exact,203747.58,552641.12,694623.78,3438577.69
001027-084216-00010-X,"מילרוד אליעזר 10, דימונה",דימונה,מילרוד אליעזר,10,,8604509,exact,203765.45,552639.80,694641.67,3438576.72
001027-084216-00012-X,"מילרוד אליעזר 12, דימונה",דימונה,מילרוד אליעזר,12,,8604510,exact,203773.06,552635.64,694649.36,3438572.72
001027-084216-00014-X,"מילרוד אליעזר 14, דימונה",דימונה,מילרוד אליעזר,14,,8604511,exact,203788.61,552632.37,694664.97,3438569.75
001027-084216-01618-X,"מילרוד אליעזר 1618, דימונה",דימונה,מילרוד אליעזר,1618,,8604513,street,203764.61,552657.39,694640.48,3438594.29
001027-084216-01619-X,"מילרוד אליעזר 1619, דימונה",דימונה,מילרוד אליעזר,1619,,8604514,street,203764.61,552657.39,694640.48,3438594.29
001027-084216-01620-X,"מילרוד אליעזר 1620, דימונה",דימונה,מילרוד אליעזר,1620,,8604515,street,203764.61,552657.39,694640.48,3438594.29
001027-084310-00001-X,"נבטים 1, דימונה",דימונה,נבטים,1,,8607417,exact,203335.03,553495.85,694194.31,3439424.09
001027-084310-00002-X,"נבטים 2, דימונה",דימונה,נבטים,2,,8607418,exact,203338.77,553490.35,694198.15,3439418.67
001027-084310-00003-X,"נבטים 3, דימונה",דימונה,נבטים,3,,8607419,exact,203339.02,553502.08,694198.17,3439430.41
001027-084310-00004-X,"נבטים 4, דימונה",דימונה,נבטים,4,,8607420,exact,203346.76,553492.56,694206.10,3439421.04
001027-084310-00006-X,"נבטים 6, דימונה",דימונה,נבטים,6,,8607422,exact,203352.31,553500.16,694211.50,3439428.75
001027-084310-00008-X,"נבטים 8, דימונה",דימונה,נבטים,8,,8607424,exact,203362.17,553500.90,694221.34,3439429.68
001027-084310-00009-X,"נבטים 9, דימונה",דימונה,נבטים,9,,8607425,exact,203367.14,553515.26,694226.02,3439444.14
001027-084310-00010-X,"נבטים 10, דימונה",דימונה,נבטים,10,,8607426,exact,203374.17,553511.97,694233.13,3439440.99
001027-084310-00011-X,"נבטים 11, דימונה",דימונה,נבטים,11,,8607427,exact,203369.95,553522.73,694228.69,3439451.67
001027-084310-00012-X,"נבטים 12, דימונה",דימונה,נבטים,12,,8607428,exact,203383.74,553513.02,694242.66,3439442.23
001027-084310-00013-X,"נבטים 13, דימונה",דימונה,נבטים,13,,8607429,exact,203379.49,553522.78,694238.22,3439451.90
001027-084310-00015-X,"נבטים 15, דימונה",דימונה,נבטים,15,,8607431,exact,203385.07,553531.92,694243.62,3439461.15
001027-084386-00000-X,"?, דימונה",דימונה,?,,,8607400,none,,,,
001027-084386-00002-X,"? 2, דימונה",דימונה,?,2,,8607434,none,,,,
001027-084386-00003-X,"? 3, דימונה",דימונה,?,3,,8607435,none,,,,
001027-084386-00004-X,"? 4, דימונה",דימונה,?,4,,8607436,none,,,,
001027-084386-00005-X,"? 5, דימונה",דימונה,?,5,,8607437,none,,,,
001027-084386-00006-X,"? 6, דימונה",דימונה,?,6,,8607438,none,,,,
001027-084386-00007-X,"? 7, דימונה",דימונה,?,7,,8607439,none,,,,
001027-084386-00008-X,"? 8, דימונה",דימונה,?,8,,8607440,none,,,,
001027-084386-00009-X,"? 9, דימונה",דימונה,?,9,,8607441,none,,,,
001027-084386-00010-X,"? 10, דימונה",דימונה,?,10,,8607442,none,,,,
001027-084386-00011-X,"? 11, דימונה",דימונה,?,11,,8607443,none,,,,
001027-084386-00013-X,"? 13, דימונה",דימונה,?,13,,8607445,none,,,,
001027-084386-00014-X,"? 14, דימונה",דימונה,?,14,,8607446,none,,,,
001027-084386-00125-X,"? 125, דימונה",דימונה,?,125,,8607449,none,,,,
001027-084626-00002-X,"עלית הנוער 2, דימונה",דימונה,עלית הנוער,2,,8605016,street,202863.60,553325.99,693726.32,3439244.89
001027-084626-00006-X,"עלית הנוער 6, דימונה",דימונה,עלית הנוער,6,,8605020,street,202863.60,553325.99,693726.32,3439244.89
001027-084626-00007-X,"עלית הנוער 7, דימונה",דימונה,עלית הנוער,7,,8605021,street,202863.60,553325.99,693726.32,3439244.89
001027-084626-00008-X,"עלית הנוער 8, דימונה",דימונה,עלית הנוער,8,,8605022,street,202863.60,553325.99,693726.32,3439244.89
001027-084626-00009-X,"עלית הנוער 9, דימונה",דימונה,עלית הנוער,9,,8605023,street,202863.60,553325.99,693726.32,3439244.89
001027-084626-00010-X,"עלית הנוער 10, דימונה",דימונה,עלית הנוער,10,,8605024,street,202863.60,553325.99,693726.32,3439244.89
001027-084626-00011-X,"עלית הנוער 11, דימונה",דימונה,עלית הנוער,11,,8605025,street,202863.60,553325.99,693726.32,3439244.89
001027-084626-00012-X,"עלית הנוער 12, דימונה",דימונה,עלית הנוער,12,,8605026,street,202863.60,553325.99,693726.32,3439244.89
001027-084626-00013-X,"עלית הנוער 13, דימונה",דימונה,עלית הנוער,13,,8605027,street,202863.60,553325.99,693726.32,3439244.89
001027-085016-00035-X,"שאול המלך 35, דימונה",דימונה,שאול המלך,35,,8617986,street,203206.88,553213.91,694071.78,3439139.66
001027-085148-00000-X,"נתיב הצפורים, דימונה",דימונה,נתיב הצפורים,,,8607500,none,,,,
001027-085148-00131-X,"נתיב הצפורים 131, דימונה",דימונה,נתיב הצפורים,131,,8607501,none,,,,
001027-085148-00132-X,"נתיב הצפורים 132, דימונה",דימונה,נתיב הצפורים,132,,8607502,none,,,,
001027-085148-00133-X,"נתיב הצפורים 133, דימונה",דימונה,נתיב הצפורים,133,,8607503,none,,,,
001027-085190-00000-X,"הסדנה, דימונה",דימונה,הסדנה,,,8612300,street,202276.96,552350.76,693159.14,3438258.17
001027-085190-00001-X,"הסדנה 1, דימונה",דימונה,הסדנה,1,,8612309,exact,202372.75,552379.29,693254.34,3438288.59
001027-085190-00007-X,"הסדנה 7, דימונה",דימונה,הסדנה,7,,8612312,exact,202335.93,552357.84,693217.96,3438266.42
001027-085404-00000-X,"העליה, דימונה",דימונה,העליה,,,8604800,street,203946.92,552771.61,694820.49,3438712.11
001027-085404-00002-X,"העליה 2, דימונה",דימונה,העליה,2,,8604844,exact,203768.18,552801.38,694641.18,3438738.33
001027-085404-00004-X,"העליה 4, דימונה",דימונה,העליה,4,,8604845,exact,203781.60,552798.27,694654.67,3438735.48
001027-085404-00006-X,"העליה 6, דימונה",דימונה,העליה,6,,8604846,exact,203787.04,552791.84,694660.23,3438729.17
001027-085404-00008-X,"העליה 8, דימונה",דימונה,העליה,8,,8604847,exact,203809.62,552791.34,694682.82,3438729.11
001027-085404-00010-X,"העליה 10, דימונה",דימונה,העליה,10,,8604848,exact,203817.28,552782.74,694690.65,3438720.67
001027-085404-00014-X,"העליה 14, דימונה",דימונה,העליה,14,,8604850,exact,203840.71,552774.44,694714.24,3438712.83
001027-085404-00016-X,"העליה 16, דימונה",דימונה,העליה,16,,8604851,exact,203857.13,552773.65,694730.67,3438712.37
001027-085404-00020-X,"העליה 20, דימונה",דימונה,העליה,20,,8604853,exact,203884.32,552764.31,694758.05,3438703.58
001027-085404-00022-X,"העליה 22, דימונה",דימונה,העליה,22,,8604854,exact,203890.07,552760.41,694763.87,3438699.79
001027-085404-00024-X,"העליה 24, דימונה",דימונה,העליה,24,,8604855,exact,203905.81,552759.44,694779.63,3438699.13
001027-085404-00026-X,"העליה 26, דימונה",דימונה,העליה,26,,8604856,exact,203912.98,552752.83,694786.93,3438692.66
001027-085404-00028-X,"העליה 28, דימונה",דימונה,העליה,28,,8604857,exact,203928.85,552752.43,694802.80,3438692.58
001027-085404-00030-X,"העליה 30, דימונה",דימונה,העליה,30,,8604858,exact,203934.26,552746.27,694808.33,3438686.53
001027-085404-00034-X,"העליה 34, דימונה",דימונה,העליה,34,,8604860,exact,203961.70,552738.23,694835.94,3438679.04
001027-085404-00038-X,"העליה 38, דימונה",דימונה,העליה,38,,8604862,exact,203983.71,552732.09,694858.07,3438673.33
001027-085404-00040-X,"העליה 40, דימונה",דימונה,העליה,40,,8604863,exact,203999.08,552731.32,694873.45,3438672.87
001027-085404-00042-X,"העליה 42, דימונה",דימונה,העליה,42,,8604864,exact,204006.14,552726.24,694880.61,3438667.93
001027-085404-00044-X,"העליה 44, דימונה",דימונה,העליה,44,,8604865,street,203946.92,552771.61,694820.49,3438712.11
001027-085619-00013-X,"התפוצות 13, דימונה",דימונה,התפוצות,13,,8605875,street,202863.27,553949.16,693713.62,3439867.97
001027-085619-00031-X,"התפוצות 31, דימונה",דימונה,התפוצות,31,,8605877,street,202863.27,553949.16,693713.62,3439867.97
001027-085619-00033-X,"התפוצות 33, דימונה",דימונה,התפוצות,33,,8605878,street,202863.27,553949.16,693713.62,3439867.97
001027-085619-00035-X,"התפוצות 35, דימונה",דימונה,התפוצות,35,,8605879,street,202863.27,553949.16,693713.62,3439867.97
001027-085619-00037-X,"התפוצות 37, דימונה",דימונה,התפוצות,37,,8605880,street,202863.27,553949.16,693713.62,3439867.97
001027-085619-00143-X,"התפוצות 143, דימונה",דימונה,התפוצות,143,,8605882,street,202863.27,553949.16,693713.62,3439867.97
001027-085619-00145-X,"התפוצות 145, דימונה",דימונה,התפוצות,145,,8605884,street,202863.27,553949.16,693713.62,3439867.97
001027-085619-00149-X,"התפוצות 149, דימונה",דימונה,התפוצות,149,,8605885,street,202863.27,553949.16,693713.62,3439867.97
001027-085619-00150-X,"התפוצות 150, דימונה",דימונה,התפוצות,150,,8605886,street,202863.27,553949.16,693713.62,3439867.97
001027-085800-00001-X,"הגיא 1, דימונה",דימונה,הגיא,1,,8607881,street,203847.33,553279.33,694710.83,3439217.78
001027-085800-00002-X,"הגיא 2, דימונה",דימונה,הגיא,2,,8607882,exact,203768.67,553370.44,694630.37,3439307.32
001027-085800-00003-X,"הגיא 3, דימונה",דימונה,הגיא,3,,8607883,street,203847.33,553279.33,694710.83,3439217.78
001027-085800-00005-X,"הגיא 5, דימונה",דימונה,הגיא,5,,8607885,exact,203746.65,553351.07,694608.74,3439287.52
001027-085800-00006-X,"הגיא 6, דימונה",דימונה,הגיא,6,,8607886,exact,203801.98,553355.15,694663.98,3439292.69
001027-085800-00009-X,"הגיא 9, דימונה",דימונה,הגיא,9,,8607889,street,203847.33,553279.33,694710.83,3439217.78
001027-085800-00010-X,"הגיא 10, דימונה",דימונה,הגיא,10,,8607890,exact,203830.28,553325.47,694692.87,3439263.57
001027-085800-00011-X,"הגיא 11, דימונה",דימונה,הגיא,11,,8607891,street,203847.33,553279.33,694710.83,3439217.78
001027-085800-00014-X,"הגיא 14, דימונה",דימונה,הגיא,14,,8607893,exact,203854.53,553296.69,694717.69,3439235.28
001027-085800-00016-X,"הגיא 16, דימונה",דימונה,הגיא,16,,8607894,exact,203865.38,553282.51,694728.82,3439221.32
001027-085959-00000-X,"משעול שלדג, דימונה",דימונה,משעול שלדג,,,8617600,street,203361.84,553651.84,694218.01,3439580.59
001027-085959-00001-X,"משעול שלדג 1, דימונה",דימונה,משעול שלדג,1,,8617604,street,203361.84,553651.84,694218.01,3439580.59
001027-085959-00002-X,"משעול שלדג 2, דימונה",דימונה,משעול שלדג,2,,8617605,street,203361.84,553651.84,694218.01,3439580.59
001027-085959-00003-X,"משעול שלדג 3, דימונה",דימונה,משעול שלדג,3,,8617606,street,203361.84,553651.84,694218.01,3439580.59
001027-085959-00004-X,"משעול שלדג 4, דימונה",דימונה,משעול שלדג,4,,8617607,street,203361.84,553651.84,694218.01,3439580.59
001027-085959-00005-X,"משעול שלדג 5, דימונה",דימונה,משעול שלדג,5,,8617608,street,203361.84,553651.84,694218.01,3439580.59
001027-085959-00007-X,"משעול שלדג 7, דימונה",דימונה,משעול שלדג,7,,8617610,street,203361.84,553651.84,694218.01,3439580.59
001027-085959-00008-X,"משעול שלדג 8, דימונה",דימונה,משעול שלדג,8,,8617611,street,203361.84,553651.84,694218.01,3439580.59
001027-085959-00012-X,"משעול שלדג 12, דימונה",דימונה,משעול שלדג,12,,8617615,street,203361.84,553651.84,694218.01,3439580.59
001027-085959-00015-X,"משעול שלדג 15, דימונה",דימונה,משעול שלדג,15,,8617618,street,203361.84,553651.84,694218.01,3439580.59
001027-085959-00016-X,"משעול שלדג 16, דימונה",דימונה,משעול שלדג,16,,8617619,street,203361.84,553651.84,694218.01,3439580.59
001027-085959-00123-X,"משעול שלדג 123, דימונה",דימונה,משעול שלדג,123,,8617620,street,203361.84,553651.84,694218.01,3439580.59
001027-085959-00124-X,"משעול שלדג 124, דימונה",דימונה,משעול שלדג,124,,8617621,street,203361.84,553651.84,694218.01,3439580.59
001027-085959-00127-X,"משעול שלדג 127, דימונה",דימונה,משעול שלדג,127,,8617622,street,203361.84,553651.84,694218.01,3439580.59
001027-085959-00128-X,"משעול שלדג 128, דימונה",דימונה,משעול שלדג,128,,8617623,street,203361.84,553651.84,694218.01,3439580.59
001027-085985-00000-X,"דוד אלעזר, דימונה",דימונה,דוד אלעזר,,,8616100,street,203732.79,553633.09,694589.29,3439569.21
001027-085985-00070-X,"דוד אלעזר 70, דימונה",דימונה,דוד אלעזר,70,,8616201,street,203732.79,553633.09,694589.29,3439569.21
001027-085985-00071-X,"דוד אלעזר 71, דימונה",דימונה,דוד אלעזר,71,,8616202,street,203732.79,553633.09,694589.29,3439569.21
001027-085985-00073-X,"דוד אלעזר 73, דימונה",דימונה,דוד אלעזר,73,,8616204,street,203732.79,553633.09,694589.29,3439569.21
001027-085985-00074-X,"דוד אלעזר 74, דימונה",דימונה,דוד אלעזר,74,,8616205,street,203732.79,553633.09,694589.29,3439569.21
001027-085985-00076-X,"דוד אלעזר 76, דימונה",דימונה,דוד אלעזר,76,,8616206,street,203732.79,553633.09,694589.29,3439569.21
001027-085985-00077-X,"דוד אלעזר 77, דימונה",דימונה,דוד אלעזר,77,,8616207,street,203732.79,553633.09,694589.29,3439569.21
001027-085985-00078-X,"דוד אלעזר 78, דימונה",דימונה,דוד אלעזר,78,,8616208,street,203732.79,553633.09,694589.29,3439569.21
001027-085985-00083-X,"דוד אלעזר 83, דימונה",דימונה,דוד אלעזר,83,,8616209,street,203732.79,553633.09,694589.29,3439569.21
001027-085985-00085-X,"דוד אלעזר 85, דימונה",דימונה,דוד אלעזר,85,,8616211,street,203732.79,553633.09,694589.29,3439569.21
001027-085985-00086-X,"דוד אלעזר 86, דימונה",דימונה,דוד אלעזר,86,,8616212,street,203732.79,553633.09,694589.29,3439569.21
001027-085985-00088-X,"דוד אלעזר 88, דימונה",דימונה,דוד אלעזר,88,,8616214,street,203732.79,553633.09,694589.29,3439569.21
001027-085985-00090-X,"דוד אלעזר 90, דימונה",דימונה,דוד אלעזר,90,,8616216,street,203732.79,553633.09,694589.29,3439569.21
001027-085985-00091-X,"דוד אלעזר 91, דימונה",דימונה,דוד אלעזר,91,,8616217,street,203732.79,553633.09,694589.29,3439569.21
001027-085985-00092-X,"דוד אלעזר 92, דימונה",דימונה,דוד אלעזר,92,,8616218,street,203732.79,553633.09,694589.29,3439569.21
001027-085985-00094-X,"דוד אלעזר 94, דימונה",דימונה,דוד אלעזר,94,,8616220,street,203732.79,553633.09,694589.29,3439569.21
001027-085985-00519-X,"דוד אלעזר 519, דימונה",דימונה,דוד אלעזר,519,,8616221,street,203732.79,553633.09,694589.29,3439569.21
001027-085985-00519-א,"דוד אלעזר 519א, דימונה",דימונה,דוד אלעזר,519,א,8616222,street,203732.79,553633.09,694589.29,3439569.21
001027-085985-00519-ב,"דוד אלעזר 519ב, דימונה",דימונה,דוד אלעזר,519,ב,8616223,street,203732.79,553633.09,694589.29,3439569.21
001027-085985-00519-ג,"דוד אלעזר 519ג, דימונה",דימונה,דוד אלעזר,519,ג,8616224,street,203732.79,553633.09,694589.29,3439569.21
001027-085985-00520-X,"דוד אלעזר 520, דימונה",דימונה,דוד אלעזר,520,,8616225,street,203732.79,553633.09,694589.29,3439569.21
001027-085985-00520-א,"דוד אלעזר 520א, דימונה",דימונה,דוד אלעזר,520,א,8616226,street,203732.79,553633.09,694589.29,3439569.21
001027-085985-00520-ב,"דוד אלעזר 520ב, דימונה",דימונה,דוד אלעזר,520,ב,8616227,street,203732.79,553633.09,694589.29,3439569.21
001027-085985-00520-ג,"דוד אלעזר 520ג, דימונה",דימונה,דוד אלעזר,520,ג,8616228,street,203732.79,553633.09,694589.29,3439569.21
001027-085985-00521-X,"דוד אלעזר 521, דימונה",דימונה,דוד אלעזר,521,,8616229,street,203732.79,553633.09,694589.29,3439569.21
001027-085985-00521-א,"דוד אלעזר 521א, דימונה",דימונה,דוד אלעזר,521,א,8616230,street,203732.79,553633.09,694589.29,3439569.21
001027-085985-00521-ב,"דוד אלעזר 521ב, דימונה",דימונה,דוד אלעזר,521,ב,8616231,street,203732.79,553633.09,694589.29,3439569.21
001027-085985-00521-ג,"דוד אלעזר 521ג, דימונה",דימונה,דוד אלעזר,521,ג,8616232,street,203732.79,553633.09,694589.29,3439569.21
001027-085985-00522-X,"דוד אלעזר 522, דימונה",דימונה,דוד אלעזר,522,,8616233,street,203732.79,553633.09,694589.29,3439569.21
001027-085985-00522-ב,"דוד אלעזר 522ב, דימונה",דימונה,דוד אלעזר,522,ב,8616235,street,203732.79,553633.09,694589.29,3439569.21
001027-085985-00522-ג,"דוד אלעזר 522ג, דימונה",דימונה,דוד אלעזר,522,ג,8616236,street,203732.79,553633.09,694589.29,3439569.21
001027-085985-00523-X,"דוד אלעזר 523, דימונה",דימונה,דוד אלעזר,523,,8616237,street,203732.79,553633.09,694589.29,3439569.21
001027-085985-00523-א,"דוד אלעזר 523א, דימונה",דימונה,דוד אלעזר,523,א,8616238,street,203732.79,553633.09,694589.29,3439569.21
001027-085985-00523-ב,"דוד אלעזר 523ב, דימונה",דימונה,דוד אלעזר,523,ב,8616239,street,203732.79,553633.09,694589.29,3439569.21
001027-085985-00524-X,"דוד אלעזר 524, דימונה",דימונה,דוד אלעזר,524,,8616241,street,203732.79,553633.09,694589.29,3439569.21
001027-085985-00524-א,"דוד אלעזר 524א, דימונה",דימונה,דוד אלעזר,524,א,8616242,street,203732.79,553633.09,694589.29,3439569.21
001027-085985-00524-ב,"דוד אלעזר 524ב, דימונה",דימונה,דוד אלעזר,524,ב,8616243,street,203732.79,553633.09,694589.29,3439569.21
001027-085985-00524-ג,"דוד אלעזר 524ג, דימונה",דימונה,דוד אלעזר,524,ג,8616244,street,203732.79,553633.09,694589.29,3439569.21
001027-085985-00525-א,"דוד אלעזר 525א, דימונה",דימונה,דוד אלעזר,525,א,8616246,street,203732.79,553633.09,694589.29,3439569.21
001027-085985-00525-ב,"דוד אלעזר 525ב, דימונה",דימונה,דוד אלעזר,525,ב,8616247,street,203732.79,553633.09,694589.29,3439569.21
001027-085985-00525-ג,"דוד אלעזר 525ג, דימונה",דימונה,דוד אלעזר,525,ג,8616248,street,203732.79,553633.09,694589.29,3439569.21
001027-085985-00526-X,"דוד אלעזר 526, דימונה",דימונה,דוד אלעזר,526,,8616249,street,203732.79,553633.09,694589.29,3439569.21
001027-085985-00526-א,"דוד אלעזר 526א, דימונה",דימונה,דוד אלעזר,526,א,8616250,street,203732.79,553633.09,694589.29,3439569.21
001027-085985-00526-ב,"דוד אלעזר 526ב, דימונה",דימונה,דוד אלעזר,526,ב,8616251,street,203732.79,553633.09,694589.29,3439569.21
001027-085985-00526-ג,"דוד אלעזר 526ג, דימונה",דימונה,דוד אלעזר,526,ג,8616252,street,203732.79,553633.09,694589.29,3439569.21
001027-085985-00574-X,"דוד אלעזר 574, דימונה",דימונה,דוד אלעזר,574,,8616253,street,203732.79,553633.09,694589.29,3439569.21
001027-085985-00574-ב,"דוד אלעזר 574ב, דימונה",דימונה,דוד אלעזר,574,ב,8616255,street,203732.79,553633.09,694589.29,3439569.21
001027-085985-00575-X,"דוד אלעזר 575, דימונה",דימונה,דוד אלעזר,575,,8616256,street,203732.79,553633.09,694589.29,3439569.21
001027-085985-00581-X,"דוד אלעזר 581, דימונה",דימונה,דוד אלעזר,581,,8616257,street,203732.79,553633.09,694589.29,3439569.21
001027-085985-00581-א,"דוד אלעזר 581א, דימונה",דימונה,דוד אלעזר,581,א,8616258,street,203732.79,553633.09,694589.29,3439569.21
001027-085985-00581-ב,"דוד אלעזר 581ב, דימונה",דימונה,דוד אלעזר,581,ב,8616259,street,203732.79,553633.09,694589.29,3439569.21
001027-085985-00582-X,"דוד אלעזר 582, דימונה",דימונה,דוד אלעזר,582,,8616260,street,203732.79,553633.09,694589.29,3439569.21
001027-085985-00582-א,"דוד אלעזר 582א, דימונה",דימונה,דוד אלעזר,582,א,8616261,street,203732.79,553633.09,694589.29,3439569.21
001027-085985-00582-ג,"דוד אלעזר 582ג, דימונה",דימונה,דוד אלעזר,582,ג,8616263,street,203732.79,553633.09,694589.29,3439569.21
001027-085985-01163-X,"דוד אלעזר 1163, דימונה",דימונה,דוד אלעזר,1163,,8616101,street,203732.79,553633.09,694589.29,3439569.21
001027-085985-01164-X,"דוד אלעזר 1164, דימונה",דימונה,דוד אלעזר,1164,,8616102,street,203732.79,553633.09,694589.29,3439569.21
001027-085985-01167-X,"דוד אלעזר 1167, דימונה",דימונה,דוד אלעזר,1167,,8616105,street,203732.79,553633.09,694589.29,3439569.21
001027-085985-01171-X,"דוד אלעזר 1171, דימונה",דימונה,דוד אלעזר,1171,,8616106,street,203732.79,553633.09,694589.29,3439569.21
001027-085985-01172-X,"דוד אלעזר 1172, דימונה",דימונה,דוד אלעזר,1172,,8616107,street,203732.79,553633.09,694589.29,3439569.21
001027-085985-01173-X,"דוד אלעזר 1173, דימונה",דימונה,דוד אלעזר,1173,,8616108,street,203732.79,553633.09,694589.29,3439569.21
001027-085985-01174-X,"דוד אלעזר 1174, דימונה",דימונה,דוד אלעזר,1174,,8616109,street,203732.79,553633.09,694589.29,3439569.21
001027-086196-00000-X,"רחבת הבנים, דימונה",דימונה,רחבת הבנים,,,8602200,street,202968.92,553011.64,693837.87,3438932.69
001027-086196-00001-X,"רחבת הבנים 1, דימונה",דימונה,רחבת הבנים,1,,8610847,street,202968.92,553011.64,693837.87,3438932.69
001027-086196-00002-X,"רחבת הבנים 2, דימונה",דימונה,רחבת הבנים,2,,8610848,street,202968.92,553011.64,693837.87,3438932.69
001027-086196-00003-X,"רחבת הבנים 3, דימונה",דימונה,רחבת הבנים,3,,8610849,street,202968.92,553011.64,693837.87,3438932.69
001027-086196-00004-X,"רחבת הבנים 4, דימונה",דימונה,רחבת הבנים,4,,8610850,street,202968.92,553011.64,693837.87,3438932.69
001027-086196-00005-X,"רחבת הבנים 5, דימונה",דימונה,רחבת הבנים,5,,8610851,street,202968.92,553011.64,693837.87,3438932.69
001027-086196-00006-X,"רחבת הבנים 6, דימונה",דימונה,רחבת הבנים,6,,8610852,street,202968.92,553011.64,693837.87,3438932.69
001027-086196-00007-X,"רחבת הבנים 7, דימונה",דימונה,רחבת הבנים,7,,8610853,street,202968.92,553011.64,693837.87,3438932.69
001027-086196-00009-X,"רחבת הבנים 9, דימונה",דימונה,רחבת הבנים,9,,8610855,street,202968.92,553011.64,693837.87,3438932.69
001027-086196-00010-X,"רחבת הבנים 10, דימונה",דימונה,רחבת הבנים,10,,8610856,street,202968.92,553011.64,693837.87,3438932.69
001027-086196-00011-X,"רחבת הבנים 11, דימונה",דימונה,רחבת הבנים,11,,8610857,street,202968.92,553011.64,693837.87,3438932.69
001027-086196-00012-X,"רחבת הבנים 12, דימונה",דימונה,רחבת הבנים,12,,8610858,street,202968.92,553011.64,693837.87,3438932.69
001027-086196-00013-X,"רחבת הבנים 13, דימונה",דימונה,רחבת הבנים,13,,8610859,street,202968.92,553011.64,693837.87,3438932.69
001027-086229-00000-X,"חטיבת אלכסנדרוני, דימונה",דימונה,חטיבת אלכסנדרוני,,,8615400,street,202825.35,553898.81,693676.70,3439816.87
001027-086229-00002-X,"חטיבת אלכסנדרוני 2, דימונה",דימונה,חטיבת אלכסנדרוני,2,,8615401,street,202825.35,553898.81,693676.70,3439816.87
001027-086229-00004-X,"חטיבת אלכסנדרוני 4, דימונה",דימונה,חטיבת אלכסנדרוני,4,,8615402,street,202825.35,553898.81,693676.70,3439816.87
001027-086229-04078-א,"חטיבת אלכסנדרוני 4078א, דימונה",דימונה,חטיבת אלכסנדרוני,4078,א,8615404,street,202825.35,553898.81,693676.70,3439816.87
001027-086229-04078-ב,"חטיבת אלכסנדרוני 4078ב, דימונה",דימונה,חטיבת אלכסנדרוני,4078,ב,8615405,street,202825.35,553898.81,693676.70,3439816.87
001027-086229-04079-X,"חטיבת אלכסנדרוני 4079, דימונה",דימונה,חטיבת אלכסנדרוני,4079,,8615406,street,202825.35,553898.81,693676.70,3439816.87
001027-086229-04079-א,"חטיבת אלכסנדרוני 4079א, דימונה",דימונה,חטיבת אלכסנדרוני,4079,א,8615407,street,202825.35,553898.81,693676.70,3439816.87
001027-086229-04079-ב,"חטיבת אלכסנדרוני 4079ב, דימונה",דימונה,חטיבת אלכסנדרוני,4079,ב,8615408,street,202825.35,553898.81,693676.70,3439816.87
001027-086229-04080-X,"חטיבת אלכסנדרוני 4080, דימונה",דימונה,חטיבת אלכסנדרוני,4080,,8615409,street,202825.35,553898.81,693676.70,3439816.87
001027-086229-04081-X,"חטיבת אלכסנדרוני 4081, דימונה",דימונה,חטיבת אלכסנדרוני,4081,,8615410,street,202825.35,553898.81,693676.70,3439816.87
001027-086229-04081-א,"חטיבת אלכסנדרוני 4081א, דימונה",דימונה,חטיבת אלכסנדרוני,4081,א,8615411,street,202825.35,553898.81,693676.70,3439816.87
001027-086229-04081-ב,"חטיבת אלכסנדרוני 4081ב, דימונה",דימונה,חטיבת אלכסנדרוני,4081,ב,8615412,street,202825.35,553898.81,693676.70,3439816.87
001027-086229-04082-X,"חטיבת אלכסנדרוני 4082, דימונה",דימונה,חטיבת אלכסנדרוני,4082,,8615413,street,202825.35,553898.81,693676.70,3439816.87
001027-086229-04082-א,"חטיבת אלכסנדרוני 4082א, דימונה",דימונה,חטיבת אלכסנדרוני,4082,א,8615414,street,202825.35,553898.81,693676.70,3439816.87
001027-086229-04083-א,"חטיבת אלכסנדרוני 4083א, דימונה",דימונה,חטיבת אלכסנדרוני,4083,א,8615417,street,202825.35,553898.81,693676.70,3439816.87
001027-086229-04084-א,"חטיבת אלכסנדרוני 4084א, דימונה",דימונה,חטיבת אלכסנדרוני,4084,א,8615420,street,202825.35,553898.81,693676.70,3439816.87
001027-086229-04084-ב,"חטיבת אלכסנדרוני 4084ב, דימונה",דימונה,חטיבת אלכסנדרוני,4084,ב,8615421,street,202825.35,553898.81,693676.70,3439816.87
001027-086229-04085-X,"חטיבת אלכסנדרוני 4085, דימונה",דימונה,חטיבת אלכסנדרוני,4085,,8615422,street,202825.35,553898.81,693676.70,3439816.87
001027-086229-04086-X,"חטיבת אלכסנדרוני 4086, דימונה",דימונה,חטיבת אלכסנדרוני,4086,,8615423,street,202825.35,553898.81,693676.70,3439816.87
001027-086229-04086-א,"חטיבת אלכסנדרוני 4086א, דימונה",דימונה,חטיבת אלכסנדרוני,4086,א,8615424,street,202825.35,553898.81,693676.70,3439816.87
001027-086229-04086-ב,"חטיבת אלכסנדרוני 4086ב, דימונה",דימונה,חטיבת אלכסנדרוני,4086,ב,8615425,street,202825.35,553898.81,693676.70,3439816.87
001027-086229-04087-X,"חטיבת אלכסנדרוני 4087, דימונה",דימונה,חטיבת אלכסנדרוני,4087,,8615426,street,202825.35,553898.81,693676.70,3439816.87
001027-086229-04087-ב,"חטיבת אלכסנדרוני 4087ב, דימונה",דימונה,חטיבת אלכסנדרוני,4087,ב,8615428,street,202825.35,553898.81,693676.70,3439816.87
001027-086284-00000-X,"חטיבת הראל, דימונה",דימונה,חטיבת הראל,,,8615600,street,202717.14,553895.02,693568.58,3439810.93
001027-086284-00001-X,"חטיבת הראל 1, דימונה",דימונה,חטיבת הראל,1,,8615601,street,202717.14,553895.02,693568.58,3439810.93
001027-086284-00003-X,"חטיבת הראל 3, דימונה",דימונה,חטיבת הראל,3,,8615603,street,202717.14,553895.02,693568.58,3439810.93
001027-086284-00006-X,"חטיבת הראל 6, דימונה",דימונה,חטיבת הראל,6,,8615605,street,202717.14,553895.02,693568.58,3439810.93
001027-086284-04078-X,"חטיבת הראל 4078, דימונה",דימונה,חטיבת הראל,4078,,8615607,street,202717.14,553895.02,693568.58,3439810.93
001027-086284-04078-א,"חטיבת הראל 4078א, דימונה",דימונה,חטיבת הראל,4078,א,8615608,street,202717.14,553895.02,693568.58,3439810.93
001027-086284-04078-ב,"חטיבת הראל 4078ב, דימונה",דימונה,חטיבת הראל,4078,ב,8615609,street,202717.14,553895.02,693568.58,3439810.93
001027-086284-04079-X,"חטיבת הראל 4079, דימונה",דימונה,חטיבת הראל,4079,,8615610,street,202717.14,553895.02,693568.58,3439810.93
001027-086284-04079-א,"חטיבת הראל 4079א, דימונה",דימונה,חטיבת הראל,4079,א,8615611,street,202717.14,553895.02,693568.58,3439810.93
001027-086284-04080-X,"חטיבת הראל 4080, דימונה",דימונה,חטיבת הראל,4080,,8615613,street,202717.14,553895.02,693568.58,3439810.93
001027-086284-04081-X,"חטיבת הראל 4081, דימונה",דימונה,חטיבת הראל,4081,,8615614,street,202717.14,553895.02,693568.58,3439810.93
001027-086284-04081-א,"חטיבת הראל 4081א, דימונה",דימונה,חטיבת הראל,4081,א,8615615,street,202717.14,553895.02,693568.58,3439810.93
001027-086284-04081-ב,"חטיבת הראל 4081ב, דימונה",דימונה,חטיבת הראל,4081,ב,8615616,street,202717.14,553895.02,693568.58,3439810.93
001027-086284-04082-X,"חטיבת הראל 4082, דימונה",דימונה,חטיבת הראל,4082,,8615617,street,202717.14,553895.02,693568.58,3439810.93
001027-086284-04082-א,"חטיבת הראל 4082א, דימונה",דימונה,חטיבת הראל,4082,א,8615618,street,202717.14,553895.02,693568.58,3439810.93
001027-086341-00000-X,"חטיבת הנגב, דימונה",דימונה,חטיבת הנגב,,,8615500,street,202610.82,553858.62,693463.00,3439772.42
001027-086341-00001-X,"חטיבת הנגב 1, דימונה",דימונה,חטיבת הנגב,1,,8615501,street,202610.82,553858.62,693463.00,3439772.42
001027-086341-00003-X,"חטיבת הנגב 3, דימונה",דימונה,חטיבת הנגב,3,,8615502,exact,202622.26,553819.34,693475.21,3439733.38
001027-086341-00005-X,"חטיבת הנגב 5, דימונה",דימונה,חטיבת הנגב,5,,8615503,exact,202621.32,553838.07,693473.91,3439752.08
001027-086341-00009-X,"חטיבת הנגב 9, דימונה",דימונה,חטיבת הנגב,9,,8615505,street,202610.82,553858.62,693463.00,3439772.42
001027-086341-00011-X,"חטיבת הנגב 11, דימונה",דימונה,חטיבת הנגב,11,,8615506,street,202610.82,553858.62,693463.00,3439772.42
001027-086394-00001-X,"חטיבת גולני 1, דימונה",דימונה,חטיבת גולני,1,,8615201,exact,202895.12,553764.30,693749.13,3439683.76
001027-086394-00003-X,"חטיבת גולני 3, דימונה",דימונה,חטיבת גולני,3,,8615202,exact,202884.75,553768.42,693738.68,3439687.68
001027-086394-00153-X,"חטיבת גולני 153, דימונה",דימונה,חטיבת גולני,153,,8615203,exact,202885.20,553804.73,693738.41,3439724.00
001027-086394-00154-X,"חטיבת גולני 154, דימונה",דימונה,חטיבת גולני,154,,8615204,exact,202912.49,553805.34,693765.69,3439725.15
001027-086394-04083-X,"חטיבת גולני 4083, דימונה",דימונה,חטיבת גולני,4083,,8615205,street,202880.83,553785.85,693734.41,3439705.03
001027-086433-00000-X,"דרך הצנחנים, דימונה",דימונה,דרך הצנחנים,,,8605100,street,202711.71,553680.69,693567.40,3439596.53
001027-086433-01068-X,"דרך הצנחנים 1068, דימונה",דימונה,דרך הצנחנים,1068,,8605101,street,202711.71,553680.69,693567.40,3439596.53
001027-086433-01068-א,"דרך הצנחנים 1068א, דימונה",דימונה,דרך הצנחנים,1068,א,8605102,street,202711.71,553680.69,693567.40,3439596.53
001027-086433-01069-X,"דרך הצנחנים 1069, דימונה",דימונה,דרך הצנחנים,1069,,8605104,street,202711.71,553680.69,693567.40,3439596.53
001027-086433-01069-א,"דרך הצנחנים 1069א, דימונה",דימונה,דרך הצנחנים,1069,א,8605105,street,202711.71,553680.69,693567.40,3439596.53
001027-086433-01069-ב,"דרך הצנחנים 1069ב, דימונה",דימונה,דרך הצנחנים,1069,ב,8605106,street,202711.71,553680.69,693567.40,3439596.53
001027-086433-01070-X,"דרך הצנחנים 1070, דימונה",דימונה,דרך הצנחנים,1070,,8605107,street,202711.71,553680.69,693567.40,3439596.53
001027-086433-01070-א,"דרך הצנחנים 1070א, דימונה",דימונה,דרך הצנחנים,1070,א,8605108,street,202711.71,553680.69,693567.40,3439596.53
001027-086433-01070-ב,"דרך הצנחנים 1070ב, דימונה",דימונה,דרך הצנחנים,1070,ב,8605109,street,202711.71,553680.69,693567.40,3439596.53
001027-086433-01071-א,"דרך הצנחנים 1071א, דימונה",דימונה,דרך הצנחנים,1071,א,8605111,street,202711.71,553680.69,693567.40,3439596.53
001027-086433-01071-ב,"דרך הצנחנים 1071ב, דימונה",דימונה,דרך הצנחנים,1071,ב,8605112,street,202711.71,553680.69,693567.40,3439596.53
001027-086433-01072-X,"דרך הצנחנים 1072, דימונה",דימונה,דרך הצנחנים,1072,,8605113,street,202711.71,553680.69,693567.40,3439596.53
001027-086433-01072-א,"דרך הצנחנים 1072א, דימונה",דימונה,דרך הצנחנים,1072,א,8605114,street,202711.71,553680.69,693567.40,3439596.53
001027-086433-01072-ב,"דרך הצנחנים 1072ב, דימונה",דימונה,דרך הצנחנים,1072,ב,8605115,street,202711.71,553680.69,693567.40,3439596.53
001027-086433-01073-א,"דרך הצנחנים 1073א, דימונה",דימונה,דרך הצנחנים,1073,א,8605117,street,202711.71,553680.69,693567.40,3439596.53
001027-086433-01075-א,"דרך הצנחנים 1075א, דימונה",דימונה,דרך הצנחנים,1075,א,8605123,street,202711.71,553680.69,693567.40,3439596.53
001027-086433-01075-ב,"דרך הצנחנים 1075ב, דימונה",דימונה,דרך הצנחנים,1075,ב,8605124,street,202711.71,553680.69,693567.40,3439596.53
001027-086433-01076-ב,"דרך הצנחנים 1076ב, דימונה",דימונה,דרך הצנחנים,1076,ב,8605127,street,202711.71,553680.69,693567.40,3439596.53
001027-086433-01077-א,"דרך הצנחנים 1077א, דימונה",דימונה,דרך הצנחנים,1077,א,8605129,street,202711.71,553680.69,693567.40,3439596.53
001027-086433-01077-ב,"דרך הצנחנים 1077ב, דימונה",דימונה,דרך הצנחנים,1077,ב,8605130,street,202711.71,553680.69,693567.40,3439596.53
001027-086486-00002-X,"ההגנה 2, דימונה",דימונה,ההגנה,2,,8605501,exact,202812.24,553574.35,693670.03,3439492.20
001027-086486-00004-X,"ההגנה 4, דימונה",דימונה,ההגנה,4,,8605502,exact,202803.63,553569.75,693661.52,3439487.43
001027-086486-00006-X,"ההגנה 6, דימונה",דימונה,ההגנה,6,,8605503,exact,202794.11,553573.61,693651.92,3439491.10
001027-086486-00008-X,"ההגנה 8, דימונה",דימונה,ההגנה,8,,8605504,exact,202784.03,553569.06,693641.94,3439486.35
001027-086486-00010-X,"ההגנה 10, דימונה",דימונה,ההגנה,10,,8605505,exact,202773.80,553572.50,693631.64,3439489.59
001027-086486-00012-X,"ההגנה 12, דימונה",דימונה,ההגנה,12,,8605506,exact,202759.15,553567.21,693617.10,3439484.01
001027-086486-00016-X,"ההגנה 16, דימונה",דימונה,ההגנה,16,,8605508,street,202778.93,553566.08,693636.90,3439483.27
001027-086486-00018-X,"ההגנה 18, דימונה",דימונה,ההגנה,18,,8605509,street,202778.93,553566.08,693636.90,3439483.27
001027-086486-00020-X,"ההגנה 20, דימונה",דימונה,ההגנה,20,,8605510,street,202778.93,553566.08,693636.90,3439483.27
001027-086486-00022-X,"ההגנה 22, דימונה",דימונה,ההגנה,22,,8605511,street,202778.93,553566.08,693636.90,3439483.27
001027-086486-00024-X,"ההגנה 24, דימונה",דימונה,ההגנה,24,,8605512,street,202778.93,553566.08,693636.90,3439483.27
001027-086486-00026-X,"ההגנה 26, דימונה",דימונה,ההגנה,26,,8605513,street,202778.93,553566.08,693636.90,3439483.27
001027-086486-00030-X,"ההגנה 30, דימונה",דימונה,ההגנה,30,,8605515,exact,202810.43,553620.93,693667.30,3439538.74
001027-086486-00032-X,"ההגנה 32, דימונה",דימונה,ההגנה,32,,8605516,exact,202810.46,553634.21,693667.07,3439552.02
001027-086553-00000-X,"?, דימונה",דימונה,?,,,8605500,none,,,,
001027-086553-00001-X,"? 1, דימונה",דימונה,?,1,,8605517,none,,,,
001027-086553-00002-X,"? 2, דימונה",דימונה,?,2,,8605518,none,,,,
001027-086553-00004-X,"? 4, דימונה",דימונה,?,4,,8605537,none,,,,
001027-086553-00006-X,"? 6, דימונה",דימונה,?,6,,8605538,none,,,,
001027-086553-00010-X,"? 10, דימונה",דימונה,?,10,,8605540,none,,,,
001027-086553-00012-X,"? 12, דימונה",דימונה,?,12,,8605541,none,,,,
001027-086553-00028-X,"? 28, דימונה",דימונה,?,28,,8605542,none,,,,
001027-086553-00032-X,"? 32, דימונה",דימונה,?,32,,8605544,none,,,,
001027-086553-00034-X,"? 34, דימונה",דימונה,?,34,,8605545,none,,,,
001027-086607-00000-X,"מבצע חורב, דימונה",דימונה,מבצע חורב,,,8605400,street,202724.94,553617.00,693581.90,3439533.11
001027-086607-00001-X,"מבצע חורב 1, דימונה",דימונה,מבצע חורב,1,,8605401,street,202724.94,553617.00,693581.90,3439533.11
001027-086607-00004-X,"מבצע חורב 4, דימונה",דימונה,מבצע חורב,4,,8605404,exact,202760.55,553622.15,693617.40,3439538.96
001027-086607-00005-X,"מבצע חורב 5, דימונה",דימונה,מבצע חורב,5,,8605405,street,202724.94,553617.00,693581.90,3439533.11
001027-086607-00007-X,"מבצע חורב 7, דימונה",דימונה,מבצע חורב,7,,8605407,street,202724.94,553617.00,693581.90,3439533.11
001027-086607-00008-X,"מבצע חורב 8, דימונה",דימונה,מבצע חורב,8,,8605408,exact,202738.21,553620.03,693595.11,3439536.40
001027-086607-00010-X,"מבצע חורב 10, דימונה",דימונה,מבצע חורב,10,,8605410,exact,202709.70,553621.08,693566.58,3439536.89
001027-086607-00011-X,"מבצע חורב 11, דימונה",דימונה,מבצע חורב,11,,8605411,street,202724.94,553617.00,693581.90,3439533.11
001027-086607-00012-X,"מבצע חורב 12, דימונה",דימונה,מבצע חורב,12,,8605412,exact,202700.22,553619.48,693557.14,3439535.10
001027-086607-00014-X,"מבצע חורב 14, דימונה",דימונה,מבצע חורב,14,,8605413,exact,202688.52,553619.97,693545.43,3439535.35
001027-086658-00001-X,"משעול רוגל 1, דימונה",דימונה,משעול רוגל,1,,8605415,street,202711.04,553655.71,693567.24,3439571.54
001027-086658-00007-X,"משעול רוגל 7, דימונה",דימונה,משעול רוגל,7,,8605421,exact,202762.05,553653.83,693618.27,3439570.67
001027-086658-00008-X,"משעול רוגל 8, דימונה",דימונה,משעול רוגל,8,,8605422,street,202711.04,553655.71,693567.24,3439571.54
001027-086658-00009-X,"משעול רוגל 9, דימונה",דימונה,משעול רוגל,9,,8605423,exact,202752.15,553650.60,693608.44,3439567.25
001027-086658-00010-X,"משעול רוגל 10, דימונה",דימונה,משעול רוגל,10,,8605424,street,202711.04,553655.71,693567.24,3439571.54
001027-086658-00011-X,"משעול רוגל 11, דימונה",דימונה,משעול רוגל,11,,8605425,exact,202739.88,553652.67,693596.13,3439569.08
001027-086658-00014-X,"משעול רוגל 14, דימונה",דימונה,משעול רוגל,14,,8605428,street,202711.04,553655.71,693567.24,3439571.54
001027-086658-00015-X,"משעול רוגל 15, דימונה",דימונה,משעול רוגל,15,,8605429,exact,202703.03,553647.19,693559.39,3439562.86
001027-086658-00016-X,"משעול רוגל 16, דימונה",דימונה,משעול רוגל,16,,8605430,street,202711.04,553655.71,693567.24,3439571.54
001027-086658-00017-X,"משעול רוגל 17, דימונה",דימונה,משעול רוגל,17,,8605431,exact,202690.82,553650.32,693547.13,3439565.75
001027-086658-00018-X,"משעול רוגל 18, דימונה",דימונה,משעול רוגל,18,,8605432,street,202711.04,553655.71,693567.24,3439571.54
001027-086658-00019-X,"משעול רוגל 19, דימונה",דימונה,משעול רוגל,19,,8605433,exact,202679.53,553647.15,693535.90,3439562.35
001027-086658-00021-X,"משעול רוגל 21, דימונה",דימונה,משעול רוגל,21,,8605435,street,202711.04,553655.71,693567.24,3439571.54
001027-086658-00022-X,"משעול רוגל 22, דימונה",דימונה,משעול רוגל,22,,8605436,street,202711.04,553655.71,693567.24,3439571.54
001027-086658-00023-X,"משעול רוגל 23, דימונה",דימונה,משעול רוגל,23,,8605437,street,202711.04,553655.71,693567.24,3439571.54
001027-086658-00024-X,"משעול רוגל 24, דימונה",דימונה,משעול רוגל,24,,8605438,street,202711.04,553655.71,693567.24,3439571.54
001027-086658-00025-X,"משעול רוגל 25, דימונה",דימונה,משעול רוגל,25,,8605439,street,202711.04,553655.71,693567.24,3439571.54
001027-086658-00026-X,"משעול רוגל 26, דימונה",דימונה,משעול רוגל,26,,8605440,street,202711.04,553655.71,693567.24,3439571.54
001027-086658-00027-X,"משעול רוגל 27, דימונה",דימונה,משעול רוגל,27,,8605441,street,202711.04,553655.71,693567.24,3439571.54
001027-086658-00028-X,"משעול רוגל 28, דימונה",דימונה,משעול רוגל,28,,8605442,street,202711.04,553655.71,693567.24,3439571.54
001027-086658-00029-X,"משעול רוגל 29, דימונה",דימונה,משעול רוגל,29,,8605443,street,202711.04,553655.71,693567.24,3439571.54
001027-086658-00031-X,"משעול רוגל 31, דימונה",דימונה,משעול רוגל,31,,8605444,street,202711.04,553655.71,693567.24,3439571.54
001027-086658-00033-X,"משעול רוגל 33, דימונה",דימונה,משעול רוגל,33,,8605445,street,202711.04,553655.71,693567.24,3439571.54
001027-086658-00035-X,"משעול רוגל 35, דימונה",דימונה,משעול רוגל,35,,8605446,street,202711.04,553655.71,693567.24,3439571.54
001027-086686-00001-X,"דני 1, דימונה",דימונה,דני,1,,8605447,street,202779.58,553612.54,693636.62,3439529.73
001027-086686-00004-X,"דני 4, דימונה",דימונה,דני,4,,8605450,street,202779.58,553612.54,693636.62,3439529.73
001027-086686-00005-X,"דני 5, דימונה",דימונה,דני,5,,8605451,exact,202785.22,553632.42,693641.86,3439549.72
001027-086686-00006-X,"דני 6, דימונה",דימונה,דני,6,,8605452,street,202779.58,553612.54,693636.62,3439529.73
001027-086686-00007-X,"דני 7, דימונה",דימונה,דני,7,,8605453,exact,202784.20,553617.99,693641.14,3439535.27
001027-086686-00008-X,"דני 8, דימונה",דימונה,דני,8,,8605454,street,202779.58,553612.54,693636.62,3439529.73
001027-086686-00009-X,"דני 9, דימונה",דימונה,דני,9,,8605455,exact,202786.59,553609.05,693643.70,3439526.39
001027-086686-00011-X,"דני 11, דימונה",דימונה,דני,11,,8605457,street,202779.58,553612.54,693636.62,3439529.73
001027-086686-00012-X,"דני 12, דימונה",דימונה,דני,12,,8605458,street,202779.58,553612.54,693636.62,3439529.73
001027-086686-00014-X,"דני 14, דימונה",דימונה,דני,14,,8605460,street,202779.58,553612.54,693636.62,3439529.73
001027-086763-00001-X,"רחבת הפלמ""ח 1, דימונה",דימונה,"רחבת הפלמ""ח",1,,8605519,exact,202706.78,553441.58,693567.23,3439357.36
001027-086763-00002-X,"רחבת הפלמ""ח 2, דימונה",דימונה,"רחבת הפלמ""ח",2,,8605520,street,202735.59,553515.68,693594.56,3439432.02
001027-086763-00003-X,"רחבת הפלמ""ח 3, דימונה",דימונה,"רחבת הפלמ""ח",3,,8605521,exact,202707.57,553460.02,693567.66,3439375.81
001027-086763-00004-X,"רחבת הפלמ""ח 4, דימונה",דימונה,"רחבת הפלמ""ח",4,,8605522,street,202735.59,553515.68,693594.56,3439432.02
001027-086763-00005-X,"רחבת הפלמ""ח 5, דימונה",דימונה,"רחבת הפלמ""ח",5,,8605523,exact,202706.31,553482.18,693565.96,3439397.94
001027-086763-00009-X,"רחבת הפלמ""ח 9, דימונה",דימונה,"רחבת הפלמ""ח",9,,8605527,exact,202720.39,553550.78,693578.66,3439466.81
001027-086763-00010-X,"רחבת הפלמ""ח 10, דימונה",דימונה,"רחבת הפלמ""ח",10,,8605528,street,202735.59,553515.68,693594.56,3439432.02
001027-086763-00011-X,"רחבת הפלמ""ח 11, דימונה",דימונה,"רחבת הפלמ""ח",11,,8605529,exact,202718.26,553561.60,693576.32,3439477.58
001027-086763-00012-X,"רחבת הפלמ""ח 12, דימונה",דימונה,"רחבת הפלמ""ח",12,,8605530,street,202735.59,553515.68,693594.56,3439432.02
001027-086763-00013-X,"רחבת הפלמ""ח 13, דימונה",דימונה,"רחבת הפלמ""ח",13,,8605531,exact,202718.37,553574.95,693576.17,3439490.93
001027-086763-00015-X,"רחבת הפלמ""ח 15, דימונה",דימונה,"רחבת הפלמ""ח",15,,8605532,exact,202714.29,553585.77,693571.87,3439501.68
001027-086763-00021-X,"רחבת הפלמ""ח 21, דימונה",דימונה,"רחבת הפלמ""ח",21,,8605535,street,202735.59,553515.68,693594.56,3439432.02
001027-086808-00002-X,"משעול חירם 2, דימונה",דימונה,משעול חירם,2,,8605602,exact,202691.93,553550.05,693550.23,3439465.52
001027-086808-00003-X,"משעול חירם 3, דימונה",דימונה,משעול חירם,3,,8605603,street,202683.91,553549.79,693542.21,3439465.10
001027-086808-00004-X,"משעול חירם 4, דימונה",דימונה,משעול חירם,4,,8605604,exact,202689.32,553557.41,693547.47,3439472.82
001027-086808-00005-X,"משעול חירם 5, דימונה",דימונה,משעול חירם,5,,8605605,exact,202667.09,553593.79,693524.52,3439508.75
001027-086808-00006-X,"משעול חירם 6, דימונה",דימונה,משעול חירם,6,,8605606,exact,202689.83,553569.68,693547.74,3439485.10
001027-086808-00007-X,"משעול חירם 7, דימונה",דימונה,משעול חירם,7,,8605607,exact,202666.68,553600.69,693523.97,3439515.64
001027-086808-00008-X,"משעול חירם 8, דימונה",דימונה,משעול חירם,8,,8605608,exact,202688.16,553580.45,693545.85,3439495.83
001027-086808-00010-X,"משעול חירם 10, דימונה",דימונה,משעול חירם,10,,8605610,exact,202688.60,553592.11,693546.06,3439507.50
001027-086808-00011-X,"משעול חירם 11, דימונה",דימונה,משעול חירם,11,,8605611,exact,202664.66,553623.08,693521.51,3439537.99
001027-086825-00001-X,"? 1, דימונה",דימונה,?,1,,8605701,none,,,,
001027-086825-00003-X,"? 3, דימונה",דימונה,?,3,,8605702,none,,,,
001027-086825-00005-X,"? 5, דימונה",דימונה,?,5,,8605703,none,,,,
001027-086825-00007-X,"? 7, דימונה",דימונה,?,7,,8605704,none,,,,
001027-086894-00000-X,"מבצע ברוש, דימונה",דימונה,מבצע ברוש,,,8605600,street,202639.18,553448.68,693499.49,3439363.11
001027-086894-00001-X,"מבצע ברוש 1, דימונה",דימונה,מבצע ברוש,1,,8605613,street,202639.18,553448.68,693499.49,3439363.11
001027-086894-00003-X,"מבצע ברוש 3, דימונה",דימונה,מבצע ברוש,3,,8605615,street,202639.18,553448.68,693499.49,3439363.11
001027-086894-00004-X,"מבצע ברוש 4, דימונה",דימונה,מבצע ברוש,4,,8605616,street,202639.18,553448.68,693499.49,3439363.11
001027-086894-00005-X,"מבצע ברוש 5, דימונה",דימונה,מבצע ברוש,5,,8605617,street,202639.18,553448.68,693499.49,3439363.11
001027-086894-00006-X,"מבצע ברוש 6, דימונה",דימונה,מבצע ברוש,6,,8605618,street,202639.18,553448.68,693499.49,3439363.11
001027-086894-00007-X,"מבצע ברוש 7, דימונה",דימונה,מבצע ברוש,7,,8605619,street,202639.18,553448.68,693499.49,3439363.11
001027-086894-00008-X,"מבצע ברוש 8, דימונה",דימונה,מבצע ברוש,8,,8605620,street,202639.18,553448.68,693499.49,3439363.11
001027-086894-00009-X,"מבצע ברוש 9, דימונה",דימונה,מבצע ברוש,9,,8605621,street,202639.18,553448.68,693499.49,3439363.11
001027-086894-00010-X,"מבצע ברוש 10, דימונה",דימונה,מבצע ברוש,10,,8605622,street,202639.18,553448.68,693499.49,3439363.11
001027-086894-00012-X,"מבצע ברוש 12, דימונה",דימונה,מבצע ברוש,12,,8605623,street,202639.18,553448.68,693499.49,3439363.11
001027-086894-00014-X,"מבצע ברוש 14, דימונה",דימונה,מבצע ברוש,14,,8605624,street,202639.18,553448.68,693499.49,3439363.11
001027-086894-00016-X,"מבצע ברוש 16, דימונה",דימונה,מבצע ברוש,16,,8605625,street,202639.18,553448.68,693499.49,3439363.11
001027-086894-00018-X,"מבצע ברוש 18, דימונה",דימונה,מבצע ברוש,18,,8605626,street,202639.18,553448.68,693499.49,3439363.11
001027-086894-00022-X,"מבצע ברוש 22, דימונה",דימונה,מבצע ברוש,22,,8605628,street,202639.18,553448.68,693499.49,3439363.11
001027-086938-00002-X,"רחבת האצ""ל 2, דימונה",דימונה,"רחבת האצ""ל",2,,8605705,street,202621.89,553596.88,693479.27,3439510.95
001027-086938-00004-X,"רחבת האצ""ל 4, דימונה",דימונה,"רחבת האצ""ל",4,,8605706,street,202621.89,553596.88,693479.27,3439510.95
001027-086938-00010-X,"רחבת האצ""ל 10, דימונה",דימונה,"רחבת האצ""ל",10,,8605709,street,202621.89,553596.88,693479.27,3439510.95
001027-086938-00012-X,"רחבת האצ""ל 12, דימונה",דימונה,"רחבת האצ""ל",12,,8605710,street,202621.89,553596.88,693479.27,3439510.95
001027-086938-00014-X,"רחבת האצ""ל 14, דימונה",דימונה,"רחבת האצ""ל",14,,8605711,street,202621.89,553596.88,693479.27,3439510.95
001027-087102-00000-X,"השיריון, דימונה",דימונה,השיריון,,,8605900,street,202715.38,553855.61,693567.60,3439771.49
001027-087102-00142-X,"השיריון 142, דימונה",דימונה,השיריון,142,,8605903,street,202715.38,553855.61,693567.60,3439771.49
001027-087102-00144-X,"השיריון 144, דימונה",דימונה,השיריון,144,,8605905,street,202715.38,553855.61,693567.60,3439771.49
001027-087102-04084-X,"השיריון 4084, דימונה",דימונה,השיריון,4084,,8605907,street,202715.38,553855.61,693567.60,3439771.49
001027-087102-04084-א,"השיריון 4084א, דימונה",דימונה,השיריון,4084,א,8605908,street,202715.38,553855.61,693567.60,3439771.49
001027-087102-04086-X,"השיריון 4086, דימונה",דימונה,השיריון,4086,,8605911,street,202715.38,553855.61,693567.60,3439771.49
001027-087102-04086-ב,"השיריון 4086ב, דימונה",דימונה,השיריון,4086,ב,8605913,street,202715.38,553855.61,693567.60,3439771.49
001027-087102-04087-X,"השיריון 4087, דימונה",דימונה,השיריון,4087,,8605914,street,202715.38,553855.61,693567.60,3439771.49
001027-087102-04087-א,"השיריון 4087א, דימונה",דימונה,השיריון,4087,א,8605915,street,202715.38,553855.61,693567.60,3439771.49
001027-087149-00001-X,"חטיבת גבעתי 1, דימונה",דימונה,חטיבת גבעתי,1,,8605301,street,202556.21,553784.97,693409.87,3439697.70
001027-087149-00002-X,"חטיבת גבעתי 2, דימונה",דימונה,חטיבת גבעתי,2,,8605302,street,202556.21,553784.97,693409.87,3439697.70
001027-087149-00003-X,"חטיבת גבעתי 3, דימונה",דימונה,חטיבת גבעתי,3,,8605303,street,202556.21,553784.97,693409.87,3439697.70
001027-087149-00004-X,"חטיבת גבעתי 4, דימונה",דימונה,חטיבת גבעתי,4,,8605304,street,202556.21,553784.97,693409.87,3439697.70
001027-087149-00005-X,"חטיבת גבעתי 5, דימונה",דימונה,חטיבת גבעתי,5,,8605305,street,202556.21,553784.97,693409.87,3439697.70
001027-087149-00006-X,"חטיבת גבעתי 6, דימונה",דימונה,חטיבת גבעתי,6,,8605306,street,202556.21,553784.97,693409.87,3439697.70
001027-087149-00007-X,"חטיבת גבעתי 7, דימונה",דימונה,חטיבת גבעתי,7,,8605307,street,202556.21,553784.97,693409.87,3439697.70
001027-087149-00008-X,"חטיבת גבעתי 8, דימונה",דימונה,חטיבת גבעתי,8,,8605308,street,202556.21,553784.97,693409.87,3439697.70
001027-087149-00009-X,"חטיבת גבעתי 9, דימונה",דימונה,חטיבת גבעתי,9,,8605309,street,202556.21,553784.97,693409.87,3439697.70
001027-087149-00010-X,"חטיבת גבעתי 10, דימונה",דימונה,חטיבת גבעתי,10,,8605310,street,202556.21,553784.97,693409.87,3439697.70
001027-087149-00011-X,"חטיבת גבעתי 11, דימונה",דימונה,חטיבת גבעתי,11,,8605311,street,202556.21,553784.97,693409.87,3439697.70
001027-087149-00012-X,"חטיבת גבעתי 12, דימונה",דימונה,חטיבת גבעתי,12,,8605312,street,202556.21,553784.97,693409.87,3439697.70
001027-087149-00013-X,"חטיבת גבעתי 13, דימונה",דימונה,חטיבת גבעתי,13,,8605313,street,202556.21,553784.97,693409.87,3439697.70
001027-087215-01017-X,"שדה יצחק 1017, דימונה",דימונה,שדה יצחק,1017,,8605629,street,202514.36,553665.68,693370.38,3439577.60
001027-087215-01017-א,"שדה יצחק 1017א, דימונה",דימונה,שדה יצחק,1017,א,8605630,street,202514.36,553665.68,693370.38,3439577.60
001027-087215-01017-ג,"שדה יצחק 1017ג, דימונה",דימונה,שדה יצחק,1017,ג,8605632,street,202514.36,553665.68,693370.38,3439577.60
001027-087215-01017-ד,"שדה יצחק 1017ד, דימונה",דימונה,שדה יצחק,1017,ד,8605633,street,202514.36,553665.68,693370.38,3439577.60
001027-087215-01017-ה,"שדה יצחק 1017ה, דימונה",דימונה,שדה יצחק,1017,ה,8605634,street,202514.36,553665.68,693370.38,3439577.60
001027-087215-01018-א,"שדה יצחק 1018א, דימונה",דימונה,שדה יצחק,1018,א,8605636,street,202514.36,553665.68,693370.38,3439577.60
001027-087215-01018-ב,"שדה יצחק 1018ב, דימונה",דימונה,שדה יצחק,1018,ב,8605637,street,202514.36,553665.68,693370.38,3439577.60
001027-087215-01018-ג,"שדה יצחק 1018ג, דימונה",דימונה,שדה יצחק,1018,ג,8605638,street,202514.36,553665.68,693370.38,3439577.60
001027-087215-01018-ד,"שדה יצחק 1018ד, דימונה",דימונה,שדה יצחק,1018,ד,8605639,street,202514.36,553665.68,693370.38,3439577.60
001027-087215-01019-א,"שדה יצחק 1019א, דימונה",דימונה,שדה יצחק,1019,א,8605642,street,202514.36,553665.68,693370.38,3439577.60
001027-087215-01019-ב,"שדה יצחק 1019ב, דימונה",דימונה,שדה יצחק,1019,ב,8605643,street,202514.36,553665.68,693370.38,3439577.60
001027-087215-01019-ג,"שדה יצחק 1019ג, דימונה",דימונה,שדה יצחק,1019,ג,8605644,street,202514.36,553665.68,693370.38,3439577.60
001027-087215-01019-ד,"שדה יצחק 1019ד, דימונה",דימונה,שדה יצחק,1019,ד,8605645,street,202514.36,553665.68,693370.38,3439577.60
001027-087215-01019-ה,"שדה יצחק 1019ה, דימונה",דימונה,שדה יצחק,1019,ה,8605646,street,202514.36,553665.68,693370.38,3439577.60
001027-087258-00002-X,"משעול ארז 2, דימונה",דימונה,משעול ארז,2,,8605647,exact,202644.71,553579.90,693502.43,3439494.42
001027-087258-00006-X,"משעול ארז 6, דימונה",דימונה,משעול ארז,6,,8605649,exact,202666.15,553581.19,693523.83,3439496.14
001027-087258-00008-X,"משעול ארז 8, דימונה",דימונה,משעול ארז,8,,8605650,exact,202676.39,553580.70,693534.08,3439495.86
001027-087306-01014-X,"מבצע עובדה 1014, דימונה",דימונה,מבצע עובדה,1014,,8605029,street,202849.56,553509.64,693708.63,3439428.24
001027-087306-01014-א,"מבצע עובדה 1014א, דימונה",דימונה,מבצע עובדה,1014,א,8605030,street,202849.56,553509.64,693708.63,3439428.24
001027-087306-01014-ב,"מבצע עובדה 1014ב, דימונה",דימונה,מבצע עובדה,1014,ב,8605031,street,202849.56,553509.64,693708.63,3439428.24
001027-087306-01014-ד,"מבצע עובדה 1014ד, דימונה",דימונה,מבצע עובדה,1014,ד,8605033,street,202849.56,553509.64,693708.63,3439428.24
001027-087364-00000-X,"רחבת הלח""י, דימונה",דימונה,"רחבת הלח""י",,,8605700,street,202898.44,553451.33,693758.66,3439370.91
001027-087364-00005-X,"רחבת הלח""י 5, דימונה",דימונה,"רחבת הלח""י",5,,8605712,street,202898.44,553451.33,693758.66,3439370.91
001027-087364-00007-X,"רחבת הלח""י 7, דימונה",דימונה,"רחבת הלח""י",7,,8605713,street,202898.44,553451.33,693758.66,3439370.91
001027-087364-00011-X,"רחבת הלח""י 11, דימונה",דימונה,"רחבת הלח""י",11,,8605715,street,202898.44,553451.33,693758.66,3439370.91
001027-087392-00002-X,"ורדימון יצחק 2, דימונה",דימונה,ורדימון יצחק,2,,8615101,exact,202458.40,553434.98,693319.01,3439345.83
001027-087392-00004-X,"ורדימון יצחק 4, דימונה",דימונה,ורדימון יצחק,4,,8615102,street,202485.34,553396.05,693346.73,3439307.43
001027-087392-00008-X,"ורדימון יצחק 8, דימונה",דימונה,ורדימון יצחק,8,,8615104,street,202485.34,553396.05,693346.73,3439307.43
001027-087392-00010-X,"ורדימון יצחק 10, דימונה",דימונה,ורדימון יצחק,10,,8615105,street,202485.34,553396.05,693346.73,3439307.43
001027-087566-00000-X,"מולדה, דימונה",דימונה,מולדה,,,8605200,street,202697.88,553777.18,693551.67,3439692.73
001027-087566-00001-X,"מולדה 1, דימונה",דימונה,מולדה,1,,8605201,street,202697.88,553777.18,693551.67,3439692.73
001027-087566-00002-X,"מולדה 2, דימונה",דימונה,מולדה,2,,8605202,street,202697.88,553777.18,693551.67,3439692.73
001027-087566-00003-X,"מולדה 3, דימונה",דימונה,מולדה,3,,8605203,street,202697.88,553777.18,693551.67,3439692.73
001027-087566-00004-X,"מולדה 4, דימונה",דימונה,מולדה,4,,8605204,street,202697.88,553777.18,693551.67,3439692.73
001027-087566-00005-X,"מולדה 5, דימונה",דימונה,מולדה,5,,8605205,street,202697.88,553777.18,693551.67,3439692.73
001027-087566-00007-X,"מולדה 7, דימונה",דימונה,מולדה,7,,8605207,street,202697.88,553777.18,693551.67,3439692.73
001027-087566-00008-X,"מולדה 8, דימונה",דימונה,מולדה,8,,8605208,street,202697.88,553777.18,693551.67,3439692.73
001027-087566-00009-X,"מולדה 9, דימונה",דימונה,מולדה,9,,8605209,street,202697.88,553777.18,693551.67,3439692.73
001027-087566-00010-X,"מולדה 10, דימונה",דימונה,מולדה,10,,8605210,street,202697.88,553777.18,693551.67,3439692.73
001027-087566-00012-X,"מולדה 12, דימונה",דימונה,מולדה,12,,8605212,street,202697.88,553777.18,693551.67,3439692.73
001027-087566-00013-X,"מולדה 13, דימונה",דימונה,מולדה,13,,8605213,street,202697.88,553777.18,693551.67,3439692.73
001027-087566-00014-X,"מולדה 14, דימונה",דימונה,מולדה,14,,8605214,street,202697.88,553777.18,693551.67,3439692.73
001027-087566-00015-X,"מולדה 15, דימונה",דימונה,מולדה,15,,8605215,street,202697.88,553777.18,693551.67,3439692.73
001027-087566-00017-X,"מולדה 17, דימונה",דימונה,מולדה,17,,8605217,street,202697.88,553777.18,693551.67,3439692.73
001027-087566-00018-X,"מולדה 18, דימונה",דימונה,מולדה,18,,8605218,street,202697.88,553777.18,693551.67,3439692.73
001027-087566-00019-X,"מולדה 19, דימונה",דימונה,מולדה,19,,8605219,street,202697.88,553777.18,693551.67,3439692.73
001027-087566-00020-X,"מולדה 20, דימונה",דימונה,מולדה,20,,8605220,street,202697.88,553777.18,693551.67,3439692.73
001027-087566-00021-X,"מולדה 21, דימונה",דימונה,מולדה,21,,8605221,street,202697.88,553777.18,693551.67,3439692.73
001027-087566-00023-X,"מולדה 23, דימונה",דימונה,מולדה,23,,8605223,street,202697.88,553777.18,693551.67,3439692.73
001027-087566-00024-X,"מולדה 24, דימונה",דימונה,מולדה,24,,8605224,street,202697.88,553777.18,693551.67,3439692.73
001027-087566-00025-X,"מולדה 25, דימונה",דימונה,מולדה,25,,8605225,street,202697.88,553777.18,693551.67,3439692.73
001027-087566-00026-X,"מולדה 26, דימונה",דימונה,מולדה,26,,8605226,street,202697.88,553777.18,693551.67,3439692.73
001027-087566-00029-X,"מולדה 29, דימונה",דימונה,מולדה,29,,8605229,street,202697.88,553777.18,693551.67,3439692.73
001027-087566-00031-X,"מולדה 31, דימונה",דימונה,מולדה,31,,8605230,street,202697.88,553777.18,693551.67,3439692.73
001027-087566-00035-X,"מולדה 35, דימונה",דימונה,מולדה,35,,8605232,street,202697.88,553777.18,693551.67,3439692.73
001027-087566-00040-X,"מולדה 40, דימונה",דימונה,מולדה,40,,8605234,street,202697.88,553777.18,693551.67,3439692.73
001027-087566-00042-X,"מולדה 42, דימונה",דימונה,מולדה,42,,8605235,street,202697.88,553777.18,693551.67,3439692.73
001027-087566-00044-X,"מולדה 44, דימונה",דימונה,מולדה,44,,8605236,street,202697.88,553777.18,693551.67,3439692.73
001027-087659-00001-X,"מבצע יואב 1, דימונה",דימונה,מבצע יואב,1,,8605461,exact,202810.59,553600.44,693667.87,3439518.25
001027-087659-00003-X,"מבצע יואב 3, דימונה",דימונה,מבצע יואב,3,,8605462,exact,202800.93,553600.58,693658.21,3439518.20
001027-087659-00005-X,"מבצע יואב 5, דימונה",דימונה,מבצע יואב,5,,8605463,exact,202785.97,553600.84,693643.24,3439518.17
001027-087659-00009-X,"מבצע יואב 9, דימונה",דימונה,מבצע יואב,9,,8605465,exact,202765.31,553597.43,693622.65,3439514.34
001027-087659-00011-X,"מבצע יואב 11, דימונה",דימונה,מבצע יואב,11,,8605466,exact,202756.16,553597.74,693613.50,3439514.47
001027-087709-00001-X,"רחבת יונתן 1, דימונה",דימונה,רחבת יונתן,1,,8605238,none,,,,
001027-087709-00002-X,"רחבת יונתן 2, דימונה",דימונה,רחבת יונתן,2,,8605239,none,,,,
001027-087709-00003-X,"רחבת יונתן 3, דימונה",דימונה,רחבת יונתן,3,,8605240,none,,,,
001027-087709-00005-X,"רחבת יונתן 5, דימונה",דימונה,רחבת יונתן,5,,8605242,none,,,,
001027-087709-00006-X,"רחבת יונתן 6, דימונה",דימונה,רחבת יונתן,6,,8605243,none,,,,
001027-087709-00008-X,"רחבת יונתן 8, דימונה",דימונה,רחבת יונתן,8,,8605245,none,,,,
001027-087709-00009-X,"רחבת יונתן 9, דימונה",דימונה,רחבת יונתן,9,,8605246,none,,,,
001027-087709-00010-X,"רחבת יונתן 10, דימונה",דימונה,רחבת יונתן,10,,8605247,none,,,,
001027-087709-00011-X,"רחבת יונתן 11, דימונה",דימונה,רחבת יונתן,11,,8605248,none,,,,
001027-087709-00012-X,"רחבת יונתן 12, דימונה",דימונה,רחבת יונתן,12,,8605249,none,,,,
001027-087709-00013-X,"רחבת יונתן 13, דימונה",דימונה,רחבת יונתן,13,,8605250,none,,,,
001027-087709-00014-X,"רחבת יונתן 14, דימונה",דימונה,רחבת יונתן,14,,8605251,none,,,,
001027-087743-00001-X,"סלא איירין 1, דימונה",דימונה,סלא איירין,1,,8605252,street,202667.69,553823.04,693520.57,3439737.98
001027-087743-00003-X,"סלא איירין 3, דימונה",דימונה,סלא איירין,3,,8605253,street,202667.69,553823.04,693520.57,3439737.98
001027-087743-00005-X,"סלא איירין 5, דימונה",דימונה,סלא איירין,5,,8605254,street,202667.69,553823.04,693520.57,3439737.98
001027-087743-00007-X,"סלא איירין 7, דימונה",דימונה,סלא איירין,7,,8605255,street,202667.69,553823.04,693520.57,3439737.98
001027-087774-00003-X,"טבנקין יצחק 3, דימונה",דימונה,טבנקין יצחק,3,,8615702,street,202719.71,553921.13,693570.63,3439837.09
001027-087774-00005-X,"טבנקין יצחק 5, דימונה",דימונה,טבנקין יצחק,5,,8615703,street,202719.71,553921.13,693570.63,3439837.09
001027-087774-00007-X,"טבנקין יצחק 7, דימונה",דימונה,טבנקין יצחק,7,,8615704,street,202719.71,553921.13,693570.63,3439837.09
001027-087774-00009-X,"טבנקין יצחק 9, דימונה",דימונה,טבנקין יצחק,9,,8615705,street,202719.71,553921.13,693570.63,3439837.09
001027-087774-00011-X,"טבנקין יצחק 11, דימונה",דימונה,טבנקין יצחק,11,,8615706,street,202719.71,553921.13,693570.63,3439837.09
001027-087774-00013-X,"טבנקין יצחק 13, דימונה",דימונה,טבנקין יצחק,13,,8615707,street,202719.71,553921.13,693570.63,3439837.09
001027-087774-00019-X,"טבנקין יצחק 19, דימונה",דימונה,טבנקין יצחק,19,,8615710,street,202719.71,553921.13,693570.63,3439837.09
001027-087774-00021-X,"טבנקין יצחק 21, דימונה",דימונה,טבנקין יצחק,21,,8615711,street,202719.71,553921.13,693570.63,3439837.09
001027-087774-00025-X,"טבנקין יצחק 25, דימונה",דימונה,טבנקין יצחק,25,,8615713,street,202719.71,553921.13,693570.63,3439837.09
001027-087774-00027-X,"טבנקין יצחק 27, דימונה",דימונה,טבנקין יצחק,27,,8615714,street,202719.71,553921.13,693570.63,3439837.09
001027-087774-00029-X,"טבנקין יצחק 29, דימונה",דימונה,טבנקין יצחק,29,,8615715,street,202719.71,553921.13,693570.63,3439837.09
001027-087774-00033-X,"טבנקין יצחק 33, דימונה",דימונה,טבנקין יצחק,33,,8615717,street,202719.71,553921.13,693570.63,3439837.09
001027-087774-00039-X,"טבנקין יצחק 39, דימונה",דימונה,טבנקין יצחק,39,,8615720,street,202719.71,553921.13,693570.63,3439837.09
001027-087827-00000-X,"צוקרמן יצחק רחבה, דימונה",דימונה,צוקרמן יצחק רחבה,,,8615700,street,202810.63,553359.76,693672.69,3439277.61
001027-087827-01010-X,"צוקרמן יצחק רחבה 1010, דימונה",דימונה,צוקרמן יצחק רחבה,1010,,8615721,street,202810.63,553359.76,693672.69,3439277.61
001027-087827-01010-א,"צוקרמן יצחק רחבה 1010א, דימונה",דימונה,צוקרמן יצחק רחבה,1010,א,8615722,street,202810.63,553359.76,693672.69,3439277.61
001027-087827-01010-ב,"צוקרמן יצחק רחבה 1010ב, דימונה",דימונה,צוקרמן יצחק רחבה,1010,ב,8615723,street,202810.63,553359.76,693672.69,3439277.61
001027-087827-01010-ג,"צוקרמן יצחק רחבה 1010ג, דימונה",דימונה,צוקרמן יצחק רחבה,1010,ג,8615724,street,202810.63,553359.76,693672.69,3439277.61
001027-087827-01011-X,"צוקרמן יצחק רחבה 1011, דימונה",דימונה,צוקרמן יצחק רחבה,1011,,8615725,exact,202841.60,553315.03,693704.55,3439233.50
001027-087827-01011-ב,"צוקרמן יצחק רחבה 1011ב, דימונה",דימונה,צוקרמן יצחק רחבה,1011,ב,8615727,exact,202841.60,553315.03,693704.55,3439233.50
001027-087827-01011-ג,"צוקרמן יצחק רחבה 1011ג, דימונה",דימונה,צוקרמן יצחק רחבה,1011,ג,8615728,exact,202841.60,553315.03,693704.55,3439233.50
001027-087827-01011-ד,"צוקרמן יצחק רחבה 1011ד, דימונה",דימונה,צוקרמן יצחק רחבה,1011,ד,8615729,exact,202841.60,553315.03,693704.55,3439233.50
001027-087827-01011-ה,"צוקרמן יצחק רחבה 1011ה, דימונה",דימונה,צוקרמן יצחק רחבה,1011,ה,8615730,exact,202841.60,553315.03,693704.55,3439233.50
001027-087827-01011-ו,"צוקרמן יצחק רחבה 1011ו, דימונה",דימונה,צוקרמן יצחק רחבה,1011,ו,8615731,exact,202841.60,553315.03,693704.55,3439233.50
001027-087854-00000-X,"לובטקין צביה, דימונה",דימונה,לובטקין צביה,,,8605000,street,202923.89,553279.46,693787.52,3439199.57
001027-087854-00001-X,"לובטקין צביה 1, דימונה",דימונה,לובטקין צביה,1,,8605034,street,202923.89,553279.46,693787.52,3439199.57
001027-087854-00002-X,"לובטקין צביה 2, דימונה",דימונה,לובטקין צביה,2,,8605035,street,202923.89,553279.46,693787.52,3439199.57
001027-087854-00003-X,"לובטקין צביה 3, דימונה",דימונה,לובטקין צביה,3,,8605036,street,202923.89,553279.46,693787.52,3439199.57
001027-087854-00004-X,"לובטקין צביה 4, דימונה",דימונה,לובטקין צביה,4,,8605037,street,202923.89,553279.46,693787.52,3439199.57
001027-087854-00005-X,"לובטקין צביה 5, דימונה",דימונה,לובטקין צביה,5,,8605038,street,202923.89,553279.46,693787.52,3439199.57
001027-087854-00006-X,"לובטקין צביה 6, דימונה",דימונה,לובטקין צביה,6,,8605039,street,202923.89,553279.46,693787.52,3439199.57
001027-087854-00007-X,"לובטקין צביה 7, דימונה",דימונה,לובטקין צביה,7,,8605040,street,202923.89,553279.46,693787.52,3439199.57
001027-087854-00010-X,"לובטקין צביה 10, דימונה",דימונה,לובטקין צביה,10,,8605043,street,202923.89,553279.46,693787.52,3439199.57
001027-087854-00011-X,"לובטקין צביה 11, דימונה",דימונה,לובטקין צביה,11,,8605044,street,202923.89,553279.46,693787.52,3439199.57
001027-087854-00012-X,"לובטקין צביה 12, דימונה",דימונה,לובטקין צביה,12,,8605045,street,202923.89,553279.46,693787.52,3439199.57
001027-087854-00013-X,"לובטקין צביה 13, דימונה",דימונה,לובטקין צביה,13,,8605046,street,202923.89,553279.46,693787.52,3439199.57
001027-087854-00014-X,"לובטקין צביה 14, דימונה",דימונה,לובטקין צביה,14,,8605047,street,202923.89,553279.46,693787.52,3439199.57
001027-087885-00001-X,"הרב אלנקוה 1, דימונה",דימונה,הרב אלנקוה,1,,8606401,street,203728.69,553977.69,694578.34,3439913.69
001027-087885-00002-X,"הרב אלנקוה 2, דימונה",דימונה,הרב אלנקוה,2,,8606402,street,203728.69,553977.69,694578.34,3439913.69
001027-087885-00003-X,"הרב אלנקוה 3, דימונה",דימונה,הרב אלנקוה,3,,8606403,street,203728.69,553977.69,694578.34,3439913.69
001027-087885-00004-X,"הרב אלנקוה 4, דימונה",דימונה,הרב אלנקוה,4,,8606404,street,203728.69,553977.69,694578.34,3439913.69
001027-087885-00005-X,"הרב אלנקוה 5, דימונה",דימונה,הרב אלנקוה,5,,8606405,street,203728.69,553977.69,694578.34,3439913.69
001027-087885-00006-X,"הרב אלנקוה 6, דימונה",דימונה,הרב אלנקוה,6,,8606406,street,203728.69,553977.69,694578.34,3439913.69
001027-087885-00007-X,"הרב אלנקוה 7, דימונה",דימונה,הרב אלנקוה,7,,8606407,street,203728.69,553977.69,694578.34,3439913.69
001027-087885-00008-X,"הרב אלנקוה 8, דימונה",דימונה,הרב אלנקוה,8,,8606408,street,203728.69,553977.69,694578.34,3439913.69
001027-087885-00009-X,"הרב אלנקוה 9, דימונה",דימונה,הרב אלנקוה,9,,8606409,street,203728.69,553977.69,694578.34,3439913.69
001027-087885-00010-X,"הרב אלנקוה 10, דימונה",דימונה,הרב אלנקוה,10,,8606410,street,203728.69,553977.69,694578.34,3439913.69
001027-087885-00011-X,"הרב אלנקוה 11, דימונה",דימונה,הרב אלנקוה,11,,8606411,street,203728.69,553977.69,694578.34,3439913.69
001027-087885-00012-X,"הרב אלנקוה 12, דימונה",דימונה,הרב אלנקוה,12,,8606412,street,203728.69,553977.69,694578.34,3439913.69
001027-087885-00013-X,"הרב אלנקוה 13, דימונה",דימונה,הרב אלנקוה,13,,8606413,street,203728.69,553977.69,694578.34,3439913.69
001027-087885-00014-X,"הרב אלנקוה 14, דימונה",דימונה,הרב אלנקוה,14,,8606414,street,203728.69,553977.69,694578.34,3439913.69
001027-087924-00000-X,"הרב אבוחצירה, דימונה",דימונה,הרב אבוחצירה,,,8606500,street,203281.52,553913.30,694132.52,3439840.42
001027-087924-00314-X,"הרב אבוחצירה 314, דימונה",דימונה,הרב אבוחצירה,314,,8606503,street,203281.52,553913.30,694132.52,3439840.42
001027-087924-00315-X,"הרב אבוחצירה 315, דימונה",דימונה,הרב אבוחצירה,315,,8606504,street,203281.52,553913.30,694132.52,3439840.42
001027-088005-00000-X,"רחבת רש""י, דימונה",דימונה,"רחבת רש""י",,,8606200,street,203437.41,553928.14,694288.09,3439858.36
001027-088005-00018-X,"רחבת רש""י 18, דימונה",דימונה,"רחבת רש""י",18,,8606202,street,203437.41,553928.14,694288.09,3439858.36
001027-088005-00308-X,"רחבת רש""י 308, דימונה",דימונה,"רחבת רש""י",308,,8606201,street,203437.41,553928.14,694288.09,3439858.36
001027-088071-00000-X,"פינטו חיים, דימונה",דימונה,פינטו חיים,,,8606300,street,203735.81,553891.83,694587.16,3439827.98
001027-088071-00324-X,"פינטו חיים 324, דימונה",דימונה,פינטו חיים,324,,8606301,street,203735.81,553891.83,694587.16,3439827.98
001027-088071-00325-X,"פינטו חיים 325, דימונה",דימונה,פינטו חיים,325,,8606302,street,203735.81,553891.83,694587.16,3439827.98
001027-088071-00327-X,"פינטו חיים 327, דימונה",דימונה,פינטו חיים,327,,8606304,street,203735.81,553891.83,694587.16,3439827.98
001027-088100-00001-X,"משעול התקוה 1, דימונה",דימונה,משעול התקוה,1,,8606415,street,203346.71,553911.81,694197.72,3439840.22
001027-088100-00002-X,"משעול התקוה 2, דימונה",דימונה,משעול התקוה,2,,8606416,street,203346.71,553911.81,694197.72,3439840.22
001027-088100-00003-X,"משעול התקוה 3, דימונה",דימונה,משעול התקוה,3,,8606417,street,203346.71,553911.81,694197.72,3439840.22
001027-088100-00004-X,"משעול התקוה 4, דימונה",דימונה,משעול התקוה,4,,8606418,street,203346.71,553911.81,694197.72,3439840.22
001027-088100-00005-X,"משעול התקוה 5, דימונה",דימונה,משעול התקוה,5,,8606419,street,203346.71,553911.81,694197.72,3439840.22
001027-088100-00006-X,"משעול התקוה 6, דימונה",דימונה,משעול התקוה,6,,8606420,street,203346.71,553911.81,694197.72,3439840.22
001027-088100-00008-X,"משעול התקוה 8, דימונה",דימונה,משעול התקוה,8,,8606422,street,203346.71,553911.81,694197.72,3439840.22
001027-088100-00009-X,"משעול התקוה 9, דימונה",דימונה,משעול התקוה,9,,8606423,street,203346.71,553911.81,694197.72,3439840.22
001027-088100-00010-X,"משעול התקוה 10, דימונה",דימונה,משעול התקוה,10,,8606424,street,203346.71,553911.81,694197.72,3439840.22
001027-088100-00011-X,"משעול התקוה 11, דימונה",דימונה,משעול התקוה,11,,8606425,street,203346.71,553911.81,694197.72,3439840.22
001027-088100-00013-X,"משעול התקוה 13, דימונה",דימונה,משעול התקוה,13,,8606427,street,203346.71,553911.81,694197.72,3439840.22
001027-088100-00014-X,"משעול התקוה 14, דימונה",דימונה,משעול התקוה,14,,8606428,street,203346.71,553911.81,694197.72,3439840.22
001027-088130-00000-X,"משעול הרעות, דימונה",דימונה,משעול הרעות,,,8606400,street,203336.65,553917.18,694187.56,3439845.40
001027-088130-00002-X,"משעול הרעות 2, דימונה",דימונה,משעול הרעות,2,,8606430,street,203336.65,553917.18,694187.56,3439845.40
001027-088130-00005-X,"משעול הרעות 5, דימונה",דימונה,משעול הרעות,5,,8606433,street,203336.65,553917.18,694187.56,3439845.40
001027-088130-00006-X,"משעול הרעות 6, דימונה",דימונה,משעול הרעות,6,,8606434,street,203336.65,553917.18,694187.56,3439845.40
001027-088130-00008-X,"משעול הרעות 8, דימונה",דימונה,משעול הרעות,8,,8606436,street,203336.65,553917.18,694187.56,3439845.40
001027-088130-00011-X,"משעול הרעות 11, דימונה",דימונה,משעול הרעות,11,,8606439,street,203336.65,553917.18,694187.56,3439845.40
001027-088130-00012-X,"משעול הרעות 12, דימונה",דימונה,משעול הרעות,12,,8606440,street,203336.65,553917.18,694187.56,3439845.40
001027-088130-00013-X,"משעול הרעות 13, דימונה",דימונה,משעול הרעות,13,,8606441,street,203336.65,553917.18,694187.56,3439845.40
001027-088130-00014-X,"משעול הרעות 14, דימונה",דימונה,משעול הרעות,14,,8606442,street,203336.65,553917.18,694187.56,3439845.40
001027-088175-00001-א,"שד הנשיא 1א, דימונה",דימונה,שד הנשיא,1,א,8603402,none,,,,
001027-088175-00001-ב,"שד הנשיא 1ב, דימונה",דימונה,שד הנשיא,1,ב,8603403,none,,,,
001027-088175-00002-X,"שד הנשיא 2, דימונה",דימונה,שד הנשיא,2,,8603404,none,,,,
001027-088175-00002-א,"שד הנשיא 2א, דימונה",דימונה,שד הנשיא,2,א,8603405,none,,,,
001027-088175-00002-ב,"שד הנשיא 2ב, דימונה",דימונה,שד הנשיא,2,ב,8603406,none,,,,
001027-088175-00003-X,"שד הנשיא 3, דימונה",דימונה,שד הנשיא,3,,8603407,none,,,,
001027-088175-00003-א,"שד הנשיא 3א, דימונה",דימונה,שד הנשיא,3,א,8603408,none,,,,
001027-088175-00003-ב,"שד הנשיא 3ב, דימונה",דימונה,שד הנשיא,3,ב,8603409,none,,,,
001027-088175-00004-X,"שד הנשיא 4, דימונה",דימונה,שד הנשיא,4,,8603410,none,,,,
001027-088175-00004-א,"שד הנשיא 4א, דימונה",דימונה,שד הנשיא,4,א,8603411,none,,,,
001027-088175-00004-ב,"שד הנשיא 4ב, דימונה",דימונה,שד הנשיא,4,ב,8603412,none,,,,
001027-088175-00005-X,"שד הנשיא 5, דימונה",דימונה,שד הנשיא,5,,8603413,none,,,,
001027-088175-00005-א,"שד הנשיא 5א, דימונה",דימונה,שד הנשיא,5,א,8603414,none,,,,
001027-088175-00005-ב,"שד הנשיא 5ב, דימונה",דימונה,שד הנשיא,5,ב,8603415,none,,,,
001027-088175-00006-X,"שד הנשיא 6, דימונה",דימונה,שד הנשיא,6,,8603416,none,,,,
001027-088175-00006-ב,"שד הנשיא 6ב, דימונה",דימונה,שד הנשיא,6,ב,8603418,none,,,,
001027-088175-00007-X,"שד הנשיא 7, דימונה",דימונה,שד הנשיא,7,,8603419,none,,,,
001027-088175-00009-X,"שד הנשיא 9, דימונה",דימונה,שד הנשיא,9,,8603421,none,,,,
001027-088175-00010-X,"שד הנשיא 10, דימונה",דימונה,שד הנשיא,10,,8603422,none,,,,
001027-088175-00011-X,"שד הנשיא 11, דימונה",דימונה,שד הנשיא,11,,8603423,none,,,,
001027-088175-00012-X,"שד הנשיא 12, דימונה",דימונה,שד הנשיא,12,,8603424,none,,,,
001027-088175-00014-X,"שד הנשיא 14, דימונה",דימונה,שד הנשיא,14,,8603425,none,,,,
001027-088175-00016-X,"שד הנשיא 16, דימונה",דימונה,שד הנשיא,16,,8603426,none,,,,
001027-088175-00018-X,"שד הנשיא 18, דימונה",דימונה,שד הנשיא,18,,8603427,none,,,,
001027-088175-00019-X,"שד הנשיא 19, דימונה",דימונה,שד הנשיא,19,,8603428,none,,,,
001027-088175-00019-ב,"שד הנשיא 19ב, דימונה",דימונה,שד הנשיא,19,ב,8603430,none,,,,
001027-088175-00020-א,"שד הנשיא 20א, דימונה",דימונה,שד הנשיא,20,א,8603432,none,,,,
001027-088175-00020-ב,"שד הנשיא 20ב, דימונה",דימונה,שד הנשיא,20,ב,8603433,none,,,,
001027-088175-00021-X,"שד הנשיא 21, דימונה",דימונה,שד הנשיא,21,,8601158,none,,,,
001027-088175-00022-X,"שד הנשיא 22, דימונה",דימונה,שד הנשיא,22,,8603434,none,,,,
001027-088175-00023-X,"שד הנשיא 23, דימונה",דימונה,שד הנשיא,23,,8601159,none,,,,
001027-088175-00024-X,"שד הנשיא 24, דימונה",דימונה,שד הנשיא,24,,8603435,none,,,,
001027-088175-00025-X,"שד הנשיא 25, דימונה",דימונה,שד הנשיא,25,,8601160,none,,,,
001027-088175-00026-X,"שד הנשיא 26, דימונה",דימונה,שד הנשיא,26,,8603436,none,,,,
001027-088175-00027-X,"שד הנשיא 27, דימונה",דימונה,שד הנשיא,27,,8601161,none,,,,
001027-088175-00028-X,"שד הנשיא 28, דימונה",דימונה,שד הנשיא,28,,8601162,none,,,,
001027-088175-00029-X,"שד הנשיא 29, דימונה",דימונה,שד הנשיא,29,,8601163,none,,,,
001027-088175-00030-X,"שד הנשיא 30, דימונה",דימונה,שד הנשיא,30,,8601164,none,,,,
001027-088175-00031-X,"שד הנשיא 31, דימונה",דימונה,שד הנשיא,31,,8601165,none,,,,
001027-088175-00034-X,"שד הנשיא 34, דימונה",דימונה,שד הנשיא,34,,8601168,none,,,,
001027-088175-00036-X,"שד הנשיא 36, דימונה",דימונה,שד הנשיא,36,,8601170,none,,,,
001027-088175-00037-X,"שד הנשיא 37, דימונה",דימונה,שד הנשיא,37,,8601171,none,,,,
001027-088175-00038-X,"שד הנשיא 38, דימונה",דימונה,שד הנשיא,38,,8601172,none,,,,
001027-088175-00040-X,"שד הנשיא 40, דימונה",דימונה,שד הנשיא,40,,8602602,none,,,,
001027-088175-00041-X,"שד הנשיא 41, דימונה",דימונה,שד הנשיא,41,,8602603,none,,,,
001027-088175-00041-א,"שד הנשיא 41א, דימונה",דימונה,שד הנשיא,41,א,8602604,none,,,,
001027-088175-00041-ב,"שד הנשיא 41ב, דימונה",דימונה,שד הנשיא,41,ב,8602605,none,,,,
001027-088175-00042-X,"שד הנשיא 42, דימונה",דימונה,שד הנשיא,42,,8602606,none,,,,
001027-088175-00043-X,"שד הנשיא 43, דימונה",דימונה,שד הנשיא,43,,8602607,none,,,,
001027-088175-00043-א,"שד הנשיא 43א, דימונה",דימונה,שד הנשיא,43,א,8602608,none,,,,
001027-088175-00044-X,"שד הנשיא 44, דימונה",דימונה,שד הנשיא,44,,8602610,none,,,,
001027-088175-00044-ב,"שד הנשיא 44ב, דימונה",דימונה,שד הנשיא,44,ב,8602612,none,,,,
001027-088175-00044-ג,"שד הנשיא 44ג, דימונה",דימונה,שד הנשיא,44,ג,8602613,none,,,,
001027-088175-00044-ד,"שד הנשיא 44ד, דימונה",דימונה,שד הנשיא,44,ד,8602614,none,,,,
001027-088175-00044-ה,"שד הנשיא 44ה, דימונה",דימונה,שד הנשיא,44,ה,8602615,none,,,,
001027-088175-00045-X,"שד הנשיא 45, דימונה",דימונה,שד הנשיא,45,,8602616,none,,,,
001027-088175-00046-X,"שד הנשיא 46, דימונה",דימונה,שד הנשיא,46,,8602617,none,,,,
001027-088175-00047-X,"שד הנשיא 47, דימונה",דימונה,שד הנשיא,47,,8602618,none,,,,
001027-088175-00048-X,"שד הנשיא 48, דימונה",דימונה,שד הנשיא,48,,8602619,none,,,,
001027-088175-00049-X,"שד הנשיא 49, דימונה",דימונה,שד הנשיא,49,,8602620,none,,,,
001027-088175-00049-א,"שד הנשיא 49א, דימונה",דימונה,שד הנשיא,49,א,8602621,none,,,,
001027-088175-00049-ב,"שד הנשיא 49ב, דימונה",דימונה,שד הנשיא,49,ב,8602622,none,,,,
001027-088175-00050-X,"שד הנשיא 50, דימונה",דימונה,שד הנשיא,50,,8602623,none,,,,
001027-088175-00050-ב,"שד הנשיא 50ב, דימונה",דימונה,שד הנשיא,50,ב,8602625,none,,,,
001027-088175-00051-X,"שד הנשיא 51, דימונה",דימונה,שד הנשיא,51,,8602626,none,,,,
001027-088175-00051-א,"שד הנשיא 51א, דימונה",דימונה,שד הנשיא,51,א,8602627,none,,,,
001027-088175-00051-ב,"שד הנשיא 51ב, דימונה",דימונה,שד הנשיא,51,ב,8602628,none,,,,
001027-088175-00052-א,"שד הנשיא 52א, דימונה",דימונה,שד הנשיא,52,א,8602630,none,,,,
001027-088175-00053-א,"שד הנשיא 53א, דימונה",דימונה,שד הנשיא,53,א,8602633,none,,,,
001027-088175-00054-X,"שד הנשיא 54, דימונה",דימונה,שד הנשיא,54,,8602001,none,,,,
001027-088175-00054-א,"שד הנשיא 54א, דימונה",דימונה,שד הנשיא,54,א,8602002,none,,,,
001027-088175-00054-ב,"שד הנשיא 54ב, דימונה",דימונה,שד הנשיא,54,ב,8602003,none,,,,
001027-088175-00054-ג,"שד הנשיא 54ג, דימונה",דימונה,שד הנשיא,54,ג,8602004,none,,,,
001027-088175-00055-X,"שד הנשיא 55, דימונה",דימונה,שד הנשיא,55,,8602005,none,,,,
001027-088175-00055-א,"שד הנשיא 55א, דימונה",דימונה,שד הנשיא,55,א,8602006,none,,,,
001027-088175-00055-ב,"שד הנשיא 55ב, דימונה",דימונה,שד הנשיא,55,ב,8602007,none,,,,
001027-088175-00056-X,"שד הנשיא 56, דימונה",דימונה,שד הנשיא,56,,8602008,none,,,,
001027-088175-00056-א,"שד הנשיא 56א, דימונה",דימונה,שד הנשיא,56,א,8602009,none,,,,
001027-088175-00056-ב,"שד הנשיא 56ב, דימונה",דימונה,שד הנשיא,56,ב,8602010,none,,,,
001027-088175-00056-ג,"שד הנשיא 56ג, דימונה",דימונה,שד הנשיא,56,ג,8602011,none,,,,
001027-088175-00057-X,"שד הנשיא 57, דימונה",דימונה,שד הנשיא,57,,8602012,none,,,,
001027-088175-00057-א,"שד הנשיא 57א, דימונה",דימונה,שד הנשיא,57,א,8602013,none,,,,
001027-088175-00057-ב,"שד הנשיא 57ב, דימונה",דימונה,שד הנשיא,57,ב,8602014,none,,,,
001027-088175-00057-ג,"שד הנשיא 57ג, דימונה",דימונה,שד הנשיא,57,ג,8602015,none,,,,
001027-088175-00057-ד,"שד הנשיא 57ד, דימונה",דימונה,שד הנשיא,57,ד,8602016,none,,,,
001027-088175-00058-X,"שד הנשיא 58, דימונה",דימונה,שד הנשיא,58,,8602017,none,,,,
001027-088175-00058-א,"שד הנשיא 58א, דימונה",דימונה,שד הנשיא,58,א,8602018,none,,,,
001027-088175-00058-ב,"שד הנשיא 58ב, דימונה",דימונה,שד הנשיא,58,ב,8602019,none,,,,
001027-088175-00058-ג,"שד הנשיא 58ג, דימונה",דימונה,שד הנשיא,58,ג,8602020,none,,,,
001027-088175-00059-X,"שד הנשיא 59, דימונה",דימונה,שד הנשיא,59,,8602021,none,,,,
001027-088175-00059-א,"שד הנשיא 59א, דימונה",דימונה,שד הנשיא,59,א,8602022,none,,,,
001027-088175-00060-X,"שד הנשיא 60, דימונה",דימונה,שד הנשיא,60,,8602025,none,,,,
001027-088175-00061-X,"שד הנשיא 61, דימונה",דימונה,שד הנשיא,61,,8602635,none,,,,
001027-088175-00065-X,"שד הנשיא 65, דימונה",דימונה,שד הנשיא,65,,8602637,none,,,,
001027-088175-00067-X,"שד הנשיא 67, דימונה",דימונה,שד הנשיא,67,,8602638,none,,,,
001027-088175-00069-X,"שד הנשיא 69, דימונה",דימונה,שד הנשיא,69,,8602639,none,,,,
001027-088175-00073-X,"שד הנשיא 73, דימונה",דימונה,שד הנשיא,73,,8602641,none,,,,
001027-088175-00075-X,"שד הנשיא 75, דימונה",דימונה,שד הנשיא,75,,8602642,none,,,,
001027-088175-00077-X,"שד הנשיא 77, דימונה",דימונה,שד הנשיא,77,,8602643,none,,,,
001027-088175-00079-X,"שד הנשיא 79, דימונה",דימונה,שד הנשיא,79,,8602644,none,,,,
001027-088175-00081-X,"שד הנשיא 81, דימונה",דימונה,שד הנשיא,81,,8602645,none,,,,
001027-088175-00083-X,"שד הנשיא 83, דימונה",דימונה,שד הנשיא,83,,8602646,none,,,,
001027-088175-00087-X,"שד הנשיא 87, דימונה",דימונה,שד הנשיא,87,,8602647,none,,,,
001027-088175-00089-X,"שד הנשיא 89, דימונה",דימונה,שד הנשיא,89,,8602648,none,,,,
001027-088175-00185-X,"שד הנשיא 185, דימונה",דימונה,שד הנשיא,185,,8601173,none,,,,
001027-088175-00186-X,"שד הנשיא 186, דימונה",דימונה,שד הנשיא,186,,8601174,none,,,,
001027-088175-00187-X,"שד הנשיא 187, דימונה",דימונה,שד הנשיא,187,,8601175,none,,,,
001027-088175-00188-X,"שד הנשיא 188, דימונה",דימונה,שד הנשיא,188,,8601176,none,,,,
001027-088175-00189-X,"שד הנשיא 189, דימונה",דימונה,שד הנשיא,189,,8601177,none,,,,
001027-088175-00190-X,"שד הנשיא 190, דימונה",דימונה,שד הנשיא,190,,8601178,none,,,,
001027-088175-00191-X,"שד הנשיא 191, דימונה",דימונה,שד הנשיא,191,,8601179,none,,,,
001027-088175-00192-X,"שד הנשיא 192, דימונה",דימונה,שד הנשיא,192,,8601180,none,,,,
001027-088175-00194-X,"שד הנשיא 194, דימונה",דימונה,שד הנשיא,194,,8601182,none,,,,
001027-088175-00195-X,"שד הנשיא 195, דימונה",דימונה,שד הנשיא,195,,8601183,none,,,,
001027-088175-00196-X,"שד הנשיא 196, דימונה",דימונה,שד הנשיא,196,,8601184,none,,,,
001027-088175-00198-X,"שד הנשיא 198, דימונה",דימונה,שד הנשיא,198,,8601186,none,,,,
001027-088175-00199-X,"שד הנשיא 199, דימונה",דימונה,שד הנשיא,199,,8601187,none,,,,
001027-088175-00263-X,"שד הנשיא 263, דימונה",דימונה,שד הנשיא,263,,8601189,none,,,,
001027-088175-00263-ב,"שד הנשיא 263ב, דימונה",דימונה,שד הנשיא,263,ב,8601191,none,,,,
001027-088175-00263-ג,"שד הנשיא 263ג, דימונה",דימונה,שד הנשיא,263,ג,8601192,none,,,,
001027-088175-00263-ד,"שד הנשיא 263ד, דימונה",דימונה,שד הנשיא,263,ד,8601193,none,,,,
001027-088175-00263-ה,"שד הנשיא 263ה, דימונה",דימונה,שד הנשיא,263,ה,8601194,none,,,,
001027-088175-00264-X,"שד הנשיא 264, דימונה",דימונה,שד הנשיא,264,,8601195,none,,,,
001027-088175-00264-א,"שד הנשיא 264א, דימונה",דימונה,שד הנשיא,264,א,8601196,none,,,,
001027-088175-00264-ב,"שד הנשיא 264ב, דימונה",דימונה,שד הנשיא,264,ב,8601197,none,,,,
001027-088175-00264-ג,"שד הנשיא 264ג, דימונה",דימונה,שד הנשיא,264,ג,8601198,none,,,,
001027-088253-00000-X,"דיין משה, דימונה",דימונה,דיין משה,,,8617300,street,203802.56,553762.31,694656.48,3439699.81
001027-088253-00002-X,"דיין משה 2, דימונה",דימונה,דיין משה,2,,8617301,exact,203818.28,553651.46,694674.39,3439589.28
001027-088253-00004-X,"דיין משה 4, דימונה",דימונה,דיין משה,4,,8617302,exact,203821.50,553663.08,694677.38,3439600.96
001027-088253-00006-X,"דיין משה 6, דימונה",דימונה,דיין משה,6,,8617303,exact,203818.84,553680.86,694674.37,3439618.69
001027-088253-00008-X,"דיין משה 8, דימונה",דימונה,דיין משה,8,,8617304,exact,203822.50,553693.39,694677.78,3439631.29
001027-088437-00000-X,"?, דימונה",דימונה,?,,,8618600,none,,,,
001027-088437-00005-X,"? 5, דימונה",דימונה,?,5,,8618601,none,,,,
001027-088437-00007-X,"? 7, דימונה",דימונה,?,7,,8618602,none,,,,
001027-088437-00008-X,"? 8, דימונה",דימונה,?,8,,8618603,none,,,,
001027-088437-00010-X,"? 10, דימונה",דימונה,?,10,,8618605,none,,,,
001027-088437-00012-X,"? 12, דימונה",דימונה,?,12,,8618606,none,,,,
001027-088437-00014-X,"? 14, דימונה",דימונה,?,14,,8618607,none,,,,
001027-088437-00016-X,"? 16, דימונה",דימונה,?,16,,8618608,none,,,,
001027-088437-00018-X,"? 18, דימונה",דימונה,?,18,,8618609,none,,,,
001027-088437-00022-X,"? 22, דימונה",דימונה,?,22,,8618611,none,,,,
001027-088462-00002-X,"אבן גבירול 2, דימונה",דימונה,אבן גבירול,2,,8618102,exact,203953.25,553862.86,694805.15,3439803.33
001027-088462-00003-X,"אבן גבירול 3, דימונה",דימונה,אבן גבירול,3,,8618103,exact,203949.49,553926.61,694800.12,3439867.00
001027-088462-00004-X,"אבן גבירול 4, דימונה",דימונה,אבן גבירול,4,,8618104,exact,203968.16,553858.84,694820.13,3439799.61
001027-088462-00005-X,"אבן גבירול 5, דימונה",דימונה,אבן גבירול,5,,8618105,exact,203966.66,553935.14,694817.12,3439875.87
001027-088462-00006-X,"אבן גבירול 6, דימונה",דימונה,אבן גבירול,6,,8618106,exact,203986.43,553865.49,694838.27,3439806.62
001027-088462-00007-X,"אבן גבירול 7, דימונה",דימונה,אבן גבירול,7,,8618107,exact,203984.57,553928.08,694835.16,3439869.17
001027-088462-00008-X,"אבן גבירול 8, דימונה",דימונה,אבן גבירול,8,,8618108,exact,204037.68,553865.11,694889.52,3439807.26
001027-088462-00010-X,"אבן גבירול 10, דימונה",דימונה,אבן גבירול,10,,8618110,exact,204056.89,553858.56,694908.86,3439801.09
001027-088462-00011-X,"אבן גבירול 11, דימונה",דימונה,אבן גבירול,11,,8618111,exact,204030.42,553909.30,694881.38,3439851.30
001027-088462-00012-X,"אבן גבירול 12, דימונה",דימונה,אבן גבירול,12,,8618112,exact,204076.67,553865.11,694928.50,3439808.03
001027-088462-00013-X,"אבן גבירול 13, דימונה",דימונה,אבן גבירול,13,,8618113,exact,204041.18,553929.52,694891.74,3439871.72
001027-088462-00014-X,"אבן גבירול 14, דימונה",דימונה,אבן גבירול,14,,8618114,exact,204097.41,553840.27,694949.73,3439783.61
001027-088462-00015-X,"אבן גבירול 15, דימונה",דימונה,אבן גבירול,15,,8618115,exact,204055.26,553935.22,694905.71,3439877.71
001027-088462-00017-X,"אבן גבירול 17, דימונה",דימונה,אבן גבירול,17,,8618117,exact,204073.57,553927.98,694924.15,3439870.83
001027-088462-00018-X,"אבן גבירול 18, דימונה",דימונה,אבן גבירול,18,,8618118,exact,204095.77,553802.08,694948.85,3439745.39
001027-088462-00019-X,"אבן גבירול 19, דימונה",דימונה,אבן גבירול,19,,8618119,exact,204079.56,553909.90,694930.51,3439852.88
001027-088462-00020-X,"אבן גבירול 20, דימונה",דימונה,אבן גבירול,20,,8618120,exact,204114.25,553793.90,694967.49,3439737.58
001027-088462-00022-X,"אבן גבירול 22, דימונה",דימונה,אבן גבירול,22,,8618122,exact,204095.65,553763.44,694949.50,3439706.76
001027-088462-00023-X,"אבן גבירול 23, דימונה",דימונה,אבן גבירול,23,,8618123,exact,204123.25,553935.75,694973.68,3439879.59
001027-088462-00024-X,"אבן גבירול 24, דימונה",דימונה,אבן גבירול,24,,8618124,exact,204089.59,553745.38,694943.80,3439688.58
001027-088462-00027-X,"אבן גבירול 27, דימונה",דימונה,אבן גבירול,27,,8618127,exact,204164.76,553905.68,695015.78,3439850.35
001027-088462-00028-X,"אבן גבירול 28, דימונה",דימונה,אבן גבירול,28,,8618128,exact,204114.83,553721.23,694969.52,3439664.93
001027-088462-00029-X,"אבן גבירול 29, דימונה",דימונה,אבן גבירול,29,,8618201,exact,204171.66,553889.26,695023.00,3439834.07
001027-088462-00030-X,"אבן גבירול 30, דימונה",דימונה,אבן גבירול,30,,8618129,exact,204095.52,553688.89,694950.85,3439632.21
001027-088462-00031-X,"אבן גבירול 31, דימונה",דימונה,אבן גבירול,31,,8618202,exact,204164.17,553871.98,695015.86,3439816.64
001027-088462-00032-X,"אבן גבירול 32, דימונה",דימונה,אבן גבירול,32,,8618130,exact,204089.75,553671.45,694945.43,3439614.66
001027-088462-00033-X,"אבן גבירול 33, דימונה",דימונה,אבן גבירול,33,,8618203,exact,204167.29,553839.37,695019.62,3439784.10
001027-088462-00035-X,"אבן גבירול 35, דימונה",דימונה,אבן גבירול,35,,8618204,exact,204174.33,553823.66,695026.98,3439768.53
001027-088462-00036-X,"אבן גבירול 36, דימונה",דימונה,אבן גבירול,36,,8618132,exact,204113.59,553646.56,694969.76,3439590.25
001027-088462-00037-X,"אבן גבירול 37, דימונה",דימונה,אבן גבירול,37,,8618205,exact,204166.37,553805.73,695019.37,3439750.45
001027-088462-00039-X,"אבן גבירול 39, דימונה",דימונה,אבן גבירול,39,,8618206,exact,204165.99,553772.72,695019.65,3439717.44
001027-088462-00047-X,"אבן גבירול 47, דימונה",דימונה,אבן גבירול,47,,8618210,exact,204175.32,553684.90,695030.72,3439629.81
001027-088462-00049-X,"אבן גבירול 49, דימונה",דימונה,אבן גבירול,49,,8618211,exact,204174.18,553670.77,695029.86,3439615.65
001027-088462-00051-X,"אבן גבירול 51, דימונה",דימונה,אבן גבירול,51,,8618212,exact,204166.37,553650.45,695022.46,3439595.18
001027-088499-00001-X,"יהודה הלוי 1, דימונה",דימונה,יהודה הלוי,1,,8608501,exact,203761.55,553909.02,694612.56,3439845.68
001027-088499-00002-X,"יהודה הלוי 2, דימונה",דימונה,יהודה הלוי,2,,8608502,exact,203773.52,553866.78,694625.37,3439803.68
001027-088499-00003-X,"יהודה הלוי 3, דימונה",דימונה,יהודה הלוי,3,,8608503,exact,203768.59,553927.69,694619.23,3439864.49
001027-088499-00004-X,"יהודה הלוי 4, דימונה",דימונה,יהודה הלוי,4,,8608504,exact,203831.50,553867.51,694683.32,3439805.56
001027-088499-00005-X,"יהודה הלוי 5, דימונה",דימונה,יהודה הלוי,5,,8608505,exact,203788.45,553935.58,694638.93,3439872.76
001027-088499-00007-X,"יהודה הלוי 7, דימונה",דימונה,יהודה הלוי,7,,8608506,exact,203804.98,553927.66,694655.61,3439865.17
001027-088499-00009-X,"יהודה הלוי 9, דימונה",דימונה,יהודה הלוי,9,,8608507,exact,203811.14,553908.10,694662.16,3439845.75
001027-088499-00013-X,"יהודה הלוי 13, דימונה",דימונה,יהודה הלוי,13,,8608509,exact,203855.77,553928.96,694706.37,3439867.49
001027-088499-00015-X,"יהודה הלוי 15, דימונה",דימונה,יהודה הלוי,15,,8608510,exact,203872.53,553936.22,694722.98,3439875.08
001027-088499-00017-X,"יהודה הלוי 17, דימונה",דימונה,יהודה הלוי,17,,8608511,exact,203891.25,553929.29,694741.83,3439868.52
001027-088499-00019-X,"יהודה הלוי 19, דימונה",דימונה,יהודה הלוי,19,,8608512,exact,203878.18,553795.11,694731.43,3439734.10
001027-088499-00021-X,"יהודה הלוי 21, דימונה",דימונה,יהודה הלוי,21,,8608513,exact,203897.08,553880.88,694748.62,3439820.24
001027-088499-00023-X,"יהודה הלוי 23, דימונה",דימונה,יהודה הלוי,23,,8608514,exact,203898.74,553866.19,694750.58,3439805.57
001027-088499-00025-X,"יהודה הלוי 25, דימונה",דימונה,יהודה הלוי,25,,8608515,exact,203898.25,553849.36,694750.42,3439788.74
001027-088499-00027-X,"יהודה הלוי 27, דימונה",דימונה,יהודה הלוי,27,,8608516,exact,203904.26,553836.21,694756.69,3439775.71
001027-088499-00029-X,"יהודה הלוי 29, דימונה",דימונה,יהודה הלוי,29,,8608517,exact,203907.64,553822.13,694760.35,3439761.70
001027-088499-00035-X,"יהודה הלוי 35, דימונה",דימונה,יהודה הלוי,35,,8608520,exact,203919.53,553748.18,694773.71,3439688.00
001027-088499-00037-X,"יהודה הלוי 37, דימונה",דימונה,יהודה הלוי,37,,8608521,exact,203907.58,553740.83,694761.91,3439680.41
001027-088499-00039-X,"יהודה הלוי 39, דימונה",דימונה,יהודה הלוי,39,,8608522,exact,203885.88,553740.13,694740.22,3439679.28
001027-088536-00006-X,"שמעון בר יוחאי 6, דימונה",דימונה,שמעון בר יוחאי,6,,8618703,exact,203947.38,553717.06,694802.17,3439657.43
001027-088557-00000-X,"שבזי שלום, דימונה",דימונה,שבזי שלום,,,8618400,street,203979.86,553572.19,694837.52,3439513.23
001027-088557-00001-X,"שבזי שלום 1, דימונה",דימונה,שבזי שלום,1,,8618401,exact,203955.39,553684.92,694810.82,3439625.46
001027-088557-00002-X,"שבזי שלום 2, דימונה",דימונה,שבזי שלום,2,,8618402,exact,203912.67,553675.74,694768.29,3439615.44
001027-088557-00004-X,"שבזי שלום 4, דימונה",דימונה,שבזי שלום,4,,8618404,exact,203919.37,553661.27,694775.28,3439601.09
001027-088557-00005-X,"שבזי שלום 5, דימונה",דימונה,שבזי שלום,5,,8618405,exact,203971.77,553661.55,694827.67,3439602.42
001027-088557-00006-X,"שבזי שלום 6, דימונה",דימונה,שבזי שלום,6,,8618406,exact,203928.92,553652.06,694785.01,3439592.08
001027-088557-00007-X,"שבזי שלום 7, דימונה",דימונה,שבזי שלום,7,,8618407,exact,203979.48,553648.66,694835.63,3439589.68
001027-088557-00008-X,"שבזי שלום 8, דימונה",דימונה,שבזי שלום,8,,8618408,exact,203943.58,553630.32,694800.10,3439570.63
001027-088557-00009-X,"שבזי שלום 9, דימונה",דימונה,שבזי שלום,9,,8618409,exact,203990.66,553636.79,694847.04,3439578.04
001027-088557-00010-X,"שבזי שלום 10, דימונה",דימונה,שבזי שלום,10,,8618410,exact,203949.48,553617.61,694806.25,3439558.04
001027-088557-00011-X,"שבזי שלום 11, דימונה",דימונה,שבזי שלום,11,,8618411,exact,203997.41,553604.28,694854.44,3439545.67
001027-088557-00012-X,"שבזי שלום 12, דימונה",דימונה,שבזי שלום,12,,8618412,exact,203959.12,553607.64,694816.09,3439548.27
001027-088557-00013-X,"שבזי שלום 13, דימונה",דימונה,שבזי שלום,13,,8618413,exact,203998.13,553588.91,694855.46,3439530.31
001027-088557-00014-X,"שבזי שלום 14, דימונה",דימונה,שבזי שלום,14,,8618414,exact,203916.57,553567.06,694774.35,3439506.84
001027-088557-00015-X,"שבזי שלום 15, דימונה",דימונה,שבזי שלום,15,,8618415,exact,203995.77,553574.45,694853.39,3439515.81
001027-088557-00017-X,"שבזי שלום 17, דימונה",דימונה,שבזי שלום,17,,8618417,exact,203997.88,553559.08,694855.81,3439500.48
001027-088557-00018-X,"שבזי שלום 18, דימונה",דימונה,שבזי שלום,18,,8618418,exact,203935.38,553543.72,694793.61,3439483.88
001027-088557-00020-X,"שבזי שלום 20, דימונה",דימונה,שבזי שלום,20,,8618420,exact,203944.48,553532.56,694802.94,3439472.91
001027-088557-00022-X,"שבזי שלום 22, דימונה",דימונה,שבזי שלום,22,,8618421,exact,203955.98,553520.16,694814.68,3439460.74
001027-088557-00024-X,"שבזי שלום 24, דימונה",דימונה,שבזי שלום,24,,8618422,exact,204017.35,553451.77,694877.40,3439393.57
001027-088557-00026-X,"שבזי שלום 26, דימונה",דימונה,שבזי שלום,26,,8618423,exact,204024.16,553440.64,694884.43,3439382.58
001027-088557-00028-X,"שבזי שלום 28, דימונה",דימונה,שבזי שלום,28,,8618424,exact,204035.48,553430.84,694895.95,3439373.00
001027-088557-00030-X,"שבזי שלום 30, דימונה",דימונה,שבזי שלום,30,,8618425,exact,204042.00,553418.85,694902.70,3439361.15
001027-088557-00034-X,"שבזי שלום 34, דימונה",דימונה,שבזי שלום,34,,8618427,exact,204073.61,553400.48,694934.68,3439343.41
001027-088557-00036-X,"שבזי שלום 36, דימונה",דימונה,שבזי שלום,36,,8618428,exact,204088.33,553396.94,694949.47,3439340.16
001027-088557-00038-X,"שבזי שלום 38, דימונה",דימונה,שבזי שלום,38,,8618429,exact,204102.63,553400.48,694963.69,3439343.98
001027-088557-00040-X,"שבזי שלום 40, דימונה",דימונה,שבזי שלום,40,,8618430,exact,204118.19,553397.74,694979.30,3439341.55
001027-088557-00042-X,"שבזי שלום 42, דימונה",דימונה,שבזי שלום,42,,8618431,exact,204130.81,553401.10,694991.85,3439345.17
001027-088557-00044-X,"שבזי שלום 44, דימונה",דימונה,שבזי שלום,44,,8618432,exact,204165.29,553407.70,695026.20,3439352.45
001027-088557-00046-X,"שבזי שלום 46, דימונה",דימונה,שבזי שלום,46,,8618433,exact,204173.28,553391.47,695034.51,3439336.38
001027-088579-00000-X,"קארו יוסף, דימונה",דימונה,קארו יוסף,,,8618300,street,204135.51,553534.52,694993.90,3439478.66
001027-088579-00001-X,"קארו יוסף 1, דימונה",דימונה,קארו יוסף,1,,8618301,exact,204158.48,553588.65,695015.80,3439533.24
001027-088579-00002-X,"קארו יוסף 2, דימונה",דימונה,קארו יוסף,2,,8618302,street,204135.51,553534.52,694993.90,3439478.66
001027-088579-00004-X,"קארו יוסף 4, דימונה",דימונה,קארו יוסף,4,,8618304,street,204135.51,553534.52,694993.90,3439478.66
001027-088579-00006-X,"קארו יוסף 6, דימונה",דימונה,קארו יוסף,6,,8618306,street,204135.51,553534.52,694993.90,3439478.66
001027-088579-00009-X,"קארו יוסף 9, דימונה",דימונה,קארו יוסף,9,,8618308,exact,204160.66,553506.66,695019.60,3439451.30
001027-088579-00011-X,"קארו יוסף 11, דימונה",דימונה,קארו יוסף,11,,8618309,exact,204170.93,553488.05,695030.24,3439432.90
001027-088579-00015-X,"קארו יוסף 15, דימונה",דימונה,קארו יוסף,15,,8618311,exact,204163.46,553454.90,695023.43,3439399.61
001027-088583-00000-X,"אבן עזרא, דימונה",דימונה,אבן עזרא,,,8618500,street,204046.24,553556.07,694904.22,3439498.44
001027-088583-00001-X,"אבן עזרא 1, דימונה",דימונה,אבן עזרא,1,,8618501,exact,204066.98,553605.35,694923.98,3439548.12
001027-088583-00002-X,"אבן עזרא 2, דימונה",דימונה,אבן עזרא,2,,8618502,exact,204025.06,553601.02,694882.15,3439542.96
001027-088583-00003-X,"אבן עזרא 3, דימונה",דימונה,אבן עזרא,3,,8618503,exact,204065.87,553591.51,694923.14,3439534.26
001027-088583-00004-X,"אבן עזרא 4, דימונה",דימונה,אבן עזרא,4,,8618504,exact,204021.59,553587.94,694878.94,3439529.81
001027-088583-00005-X,"אבן עזרא 5, דימונה",דימונה,אבן עזרא,5,,8618505,exact,204067.36,553575.45,694924.95,3439518.23
001027-088583-00006-X,"אבן עזרא 6, דימונה",דימונה,אבן עזרא,6,,8618506,exact,204025.26,553571.42,694882.94,3439513.36
001027-088583-00007-X,"אבן עזרא 7, דימונה",דימונה,אבן עזרא,7,,8618507,exact,204065.94,553563.20,694923.77,3439505.95
001027-088583-00008-X,"אבן עזרא 8, דימונה",דימונה,אבן עזרא,8,,8618508,exact,204023.45,553556.27,694881.43,3439498.19
001027-088583-00009-X,"אבן עזרא 9, דימונה",דימונה,אבן עזרא,9,,8618509,exact,204067.06,553547.11,694925.21,3439489.88
001027-088583-00010-X,"אבן עזרא 10, דימונה",דימונה,אבן עזרא,10,,8618510,exact,204025.84,553542.11,694884.10,3439484.07
001027-088583-00011-X,"אבן עזרא 11, דימונה",דימונה,אבן עזרא,11,,8618511,exact,204065.16,553521.85,694923.82,3439464.59
001027-088583-00013-X,"אבן עזרא 13, דימונה",דימונה,אבן עזרא,13,,8618512,exact,204067.19,553508.02,694926.11,3439450.80
001027-088583-00015-X,"אבן עזרא 15, דימונה",דימונה,אבן עזרא,15,,8618513,exact,204064.99,553492.00,694924.24,3439434.74
001027-088583-00017-X,"אבן עזרא 17, דימונה",דימונה,אבן עזרא,17,,8618514,exact,204067.69,553477.73,694927.22,3439420.53
001027-088583-00019-X,"אבן עזרא 19, דימונה",דימונה,אבן עזרא,19,,8618515,exact,204064.94,553465.66,694924.71,3439408.41
001027-088616-00001-X,"יגור 1, דימונה",דימונה,יגור,1,,8605256,street,202697.47,553793.42,693550.94,3439708.95
001027-088616-00002-X,"יגור 2, דימונה",דימונה,יגור,2,,8605257,street,202697.47,553793.42,693550.94,3439708.95
001027-088616-00003-X,"יגור 3, דימונה",דימונה,יגור,3,,8605258,exact,202652.30,553817.65,693505.29,3439732.29
001027-088616-00004-X,"יגור 4, דימונה",דימונה,יגור,4,,8605259,street,202697.47,553793.42,693550.94,3439708.95
001027-088616-00005-X,"יגור 5, דימונה",דימונה,יגור,5,,8605260,exact,202651.32,553837.75,693503.91,3439752.36
001027-088616-00008-X,"יגור 8, דימונה",דימונה,יגור,8,,8605263,street,202697.47,553793.42,693550.94,3439708.95
001027-088616-00009-X,"יגור 9, דימונה",דימונה,יגור,9,,8605264,street,202697.47,553793.42,693550.94,3439708.95
001027-088616-00010-X,"יגור 10, דימונה",דימונה,יגור,10,,8605265,street,202697.47,553793.42,693550.94,3439708.95
001027-088616-00012-X,"יגור 12, דימונה",דימונה,יגור,12,,8605267,street,202697.47,553793.42,693550.94,3439708.95
001027-088616-00016-X,"יגור 16, דימונה",דימונה,יגור,16,,8605271,street,202697.47,553793.42,693550.94,3439708.95
001027-088616-00017-X,"יגור 17, דימונה",דימונה,יגור,17,,8605272,street,202697.47,553793.42,693550.94,3439708.95
001027-088616-00019-X,"יגור 19, דימונה",דימונה,יגור,19,,8605273,street,202697.47,553793.42,693550.94,3439708.95
001027-088616-00021-X,"יגור 21, דימונה",דימונה,יגור,21,,8605274,street,202697.47,553793.42,693550.94,3439708.95
001027-088616-00023-X,"יגור 23, דימונה",דימונה,יגור,23,,8605275,street,202697.47,553793.42,693550.94,3439708.95
001027-088616-00025-X,"יגור 25, דימונה",דימונה,יגור,25,,8605276,street,202697.47,553793.42,693550.94,3439708.95
001027-088616-00027-X,"יגור 27, דימונה",דימונה,יגור,27,,8605277,street,202697.47,553793.42,693550.94,3439708.95
001027-088616-00031-X,"יגור 31, דימונה",דימונה,יגור,31,,8605279,street,202697.47,553793.42,693550.94,3439708.95
001027-088616-00035-X,"יגור 35, דימונה",דימונה,יגור,35,,8605281,street,202697.47,553793.42,693550.94,3439708.95
001027-088616-00037-X,"יגור 37, דימונה",דימונה,יגור,37,,8605282,street,202697.47,553793.42,693550.94,3439708.95
001027-088616-00039-X,"יגור 39, דימונה",דימונה,יגור,39,,8605283,street,202697.47,553793.42,693550.94,3439708.95
001027-088616-00041-X,"יגור 41, דימונה",דימונה,יגור,41,,8605284,street,202697.47,553793.42,693550.94,3439708.95
001027-088616-00045-X,"יגור 45, דימונה",דימונה,יגור,45,,8605286,street,202697.47,553793.42,693550.94,3439708.95
001027-088660-00001-X,"רחבת הנח""ל 1, דימונה",דימונה,"רחבת הנח""ל",1,,8615429,street,202869.26,553857.08,693721.43,3439776.02
001027-088660-00002-X,"רחבת הנח""ל 2, דימונה",דימונה,"רחבת הנח""ל",2,,8615430,street,202869.26,553857.08,693721.43,3439776.02
001027-088660-00003-X,"רחבת הנח""ל 3, דימונה",דימונה,"רחבת הנח""ל",3,,8615431,street,202869.26,553857.08,693721.43,3439776.02
001027-088660-00004-X,"רחבת הנח""ל 4, דימונה",דימונה,"רחבת הנח""ל",4,,8615432,street,202869.26,553857.08,693721.43,3439776.02
001027-088660-00005-X,"רחבת הנח""ל 5, דימונה",דימונה,"רחבת הנח""ל",5,,8615433,street,202869.26,553857.08,693721.43,3439776.02
001027-088660-00006-X,"רחבת הנח""ל 6, דימונה",דימונה,"רחבת הנח""ל",6,,8615434,street,202869.26,553857.08,693721.43,3439776.02
001027-088660-00007-X,"רחבת הנח""ל 7, דימונה",דימונה,"רחבת הנח""ל",7,,8615435,street,202869.26,553857.08,693721.43,3439776.02
001027-088660-00008-X,"רחבת הנח""ל 8, דימונה",דימונה,"רחבת הנח""ל",8,,8615436,street,202869.26,553857.08,693721.43,3439776.02
001027-088660-00010-X,"רחבת הנח""ל 10, דימונה",דימונה,"רחבת הנח""ל",10,,8615438,street,202869.26,553857.08,693721.43,3439776.02
001027-088660-00012-X,"רחבת הנח""ל 12, דימונה",דימונה,"רחבת הנח""ל",12,,8615440,street,202869.26,553857.08,693721.43,3439776.02
001027-088660-00013-X,"רחבת הנח""ל 13, דימונה",דימונה,"רחבת הנח""ל",13,,8615441,street,202869.26,553857.08,693721.43,3439776.02
001027-088660-00014-X,"רחבת הנח""ל 14, דימונה",דימונה,"רחבת הנח""ל",14,,8615442,street,202869.26,553857.08,693721.43,3439776.02
001027-088660-00146-X,"רחבת הנח""ל 146, דימונה",דימונה,"רחבת הנח""ל",146,,8615444,exact,202846.70,553881.74,693698.39,3439800.23
001027-088660-00147-X,"רחבת הנח""ל 147, דימונה",דימונה,"רחבת הנח""ל",147,,8615445,exact,202868.42,553882.25,693720.09,3439801.17
001027-088660-00148-X,"רחבת הנח""ל 148, דימונה",דימונה,"רחבת הנח""ל",148,,8615446,exact,202890.66,553884.60,693742.28,3439803.96
001027-088660-00150-X,"רחבת הנח""ל 150, דימונה",דימונה,"רחבת הנח""ל",150,,8615447,street,202869.26,553857.08,693721.43,3439776.02
001027-088660-00151-X,"רחבת הנח""ל 151, דימונה",דימונה,"רחבת הנח""ל",151,,8615448,street,202869.26,553857.08,693721.43,3439776.02
001027-088660-00152-X,"רחבת הנח""ל 152, דימונה",דימונה,"רחבת הנח""ל",152,,8615449,street,202869.26,553857.08,693721.43,3439776.02
001027-088682-00139-X,"קהילת בריטניה 139, דימונה",דימונה,קהילת בריטניה,139,,8605917,street,202768.71,553829.53,693621.44,3439746.48
001027-088682-00140-X,"קהילת בריטניה 140, דימונה",דימונה,קהילת בריטניה,140,,8605918,street,202768.71,553829.53,693621.44,3439746.48
001027-088721-00002-X,"נתיב הל""ה 2, דימונה",דימונה,"נתיב הל""ה",2,,8615732,street,202572.54,553851.16,693424.88,3439764.21
001027-088721-00004-X,"נתיב הל""ה 4, דימונה",דימונה,"נתיב הל""ה",4,,8615733,street,202572.54,553851.16,693424.88,3439764.21
001027-088721-00007-X,"נתיב הל""ה 7, דימונה",דימונה,"נתיב הל""ה",7,,8615736,street,202572.54,553851.16,693424.88,3439764.21
001027-088721-00008-X,"נתיב הל""ה 8, דימונה",דימונה,"נתיב הל""ה",8,,8615737,street,202572.54,553851.16,693424.88,3439764.21
001027-088721-00009-X,"נתיב הל""ה 9, דימונה",דימונה,"נתיב הל""ה",9,,8615738,street,202572.54,553851.16,693424.88,3439764.21
001027-088721-00010-X,"נתיב הל""ה 10, דימונה",דימונה,"נתיב הל""ה",10,,8615739,street,202572.54,553851.16,693424.88,3439764.21
001027-088721-00011-X,"נתיב הל""ה 11, דימונה",דימונה,"נתיב הל""ה",11,,8615740,street,202572.54,553851.16,693424.88,3439764.21
001027-088721-00012-X,"נתיב הל""ה 12, דימונה",דימונה,"נתיב הל""ה",12,,8615741,street,202572.54,553851.16,693424.88,3439764.21
001027-088721-00016-X,"נתיב הל""ה 16, דימונה",דימונה,"נתיב הל""ה",16,,8615743,street,202572.54,553851.16,693424.88,3439764.21
001027-088737-00002-X,"הרכס 2, דימונה",דימונה,הרכס,2,,8617802,exact,204053.17,552978.76,694922.62,3438921.35
001027-088737-00003-X,"הרכס 3, דימונה",דימונה,הרכס,3,,8617803,exact,204030.48,552970.09,694900.10,3438912.22
001027-088737-00005-X,"הרכס 5, דימונה",דימונה,הרכס,5,,8617805,exact,204017.35,552996.88,694886.43,3438938.75
001027-088737-00006-X,"הרכס 6, דימונה",דימונה,הרכס,6,,8617806,exact,204047.00,553017.96,694915.67,3438960.41
001027-088737-00007-X,"הרכס 7, דימונה",דימונה,הרכס,7,,8617807,exact,204016.76,553015.07,694885.49,3438956.93
001027-088737-00009-X,"הרכס 9, דימונה",דימונה,הרכס,9,,8617809,exact,204014.59,553030.33,694883.01,3438972.14
001027-088737-00010-X,"הרכס 10, דימונה",דימונה,הרכס,10,,8617810,exact,204049.93,553047.54,694918.01,3438990.05
001027-088737-00011-X,"הרכס 11, דימונה",דימונה,הרכס,11,,8617811,exact,204016.10,553046.52,694884.21,3438988.35
001027-088737-00012-X,"הרכס 12, דימונה",דימונה,הרכס,12,,8617812,exact,204046.36,553063.51,694914.12,3439005.95
001027-088737-00013-X,"הרכס 13, דימונה",דימונה,הרכס,13,,8617813,exact,204017.62,553060.18,694885.45,3439002.05
001027-088737-00014-X,"הרכס 14, דימונה",דימונה,הרכס,14,,8617814,exact,204049.67,553078.54,694917.13,3439021.04
001027-088737-00015-X,"הרכס 15, דימונה",דימונה,הרכס,15,,8617815,exact,204001.76,553095.87,694868.88,3439037.41
001027-088737-00016-X,"הרכס 16, דימונה",דימונה,הרכס,16,,8617816,exact,204048.51,553092.15,694915.70,3439034.62
001027-088737-00017-X,"הרכס 17, דימונה",דימונה,הרכס,17,,8617817,exact,204016.13,553105.71,694883.05,3439047.54
001027-088737-00018-X,"הרכס 18, דימונה",דימונה,הרכס,18,,8617818,exact,204051.21,553107.94,694918.09,3439050.46
001027-088737-00019-X,"הרכס 19, דימונה",דימונה,הרכס,19,,8617819,exact,204027.05,553119.62,694893.70,3439061.66
001027-088755-00001-X,"הרמה 1, דימונה",דימונה,הרמה,1,,8617820,exact,203774.33,553309.33,694637.25,3439246.33
001027-088755-00002-X,"הרמה 2, דימונה",דימונה,הרמה,2,,8617821,exact,203745.45,553296.77,694608.62,3439233.20
001027-088755-00003-X,"הרמה 3, דימונה",דימונה,הרמה,3,,8617822,exact,203785.55,553296.29,694648.72,3439233.51
001027-088755-00004-X,"הרמה 4, דימונה",דימונה,הרמה,4,,8617823,exact,203756.94,553286.14,694620.32,3439222.80
001027-088755-00006-X,"הרמה 6, דימונה",דימונה,הרמה,6,,8617825,exact,203768.07,553275.55,694631.66,3439212.42
001027-088755-00007-X,"הרמה 7, דימונה",דימונה,הרמה,7,,8617826,exact,203806.54,553274.37,694670.15,3439212.01
001027-088755-00008-X,"הרמה 8, דימונה",דימונה,הרמה,8,,8617827,exact,203777.35,553263.60,694641.18,3439200.67
001027-088755-00009-X,"הרמה 9, דימונה",דימונה,הרמה,9,,8617828,exact,203818.93,553262.03,694682.78,3439199.92
001027-088755-00010-X,"הרמה 10, דימונה",דימונה,הרמה,10,,8617829,exact,203789.44,553252.73,694653.48,3439190.04
001027-088755-00011-X,"הרמה 11, דימונה",דימונה,הרמה,11,,8617830,exact,203829.93,553252.49,694693.97,3439190.60
001027-088755-00013-X,"הרמה 13, דימונה",דימונה,הרמה,13,,8617832,exact,203843.33,553241.15,694707.59,3439179.53
001027-088755-00014-X,"הרמה 14, דימונה",דימונה,הרמה,14,,8617833,exact,203812.67,553231.69,694677.13,3439169.46
001027-088755-00015-X,"הרמה 15, דימונה",דימונה,הרמה,15,,8617834,exact,203850.81,553231.07,694715.27,3439169.60
001027-088755-00016-X,"הרמה 16, דימונה",דימונה,הרמה,16,,8617835,exact,203822.35,553221.21,694687.01,3439159.17
001027-088755-00017-X,"הרמה 17, דימונה",דימונה,הרמה,17,,8617836,exact,203865.66,553220.13,694730.34,3439158.95
001027-088755-00020-X,"הרמה 20, דימונה",דימונה,הרמה,20,,8617839,exact,203844.37,553197.86,694709.49,3439136.26
001027-088755-00021-X,"הרמה 21, דימונה",דימונה,הרמה,21,,8617840,exact,203883.98,553198.85,694749.08,3439138.05
001027-088755-00022-X,"הרמה 22, דימונה",דימונה,הרמה,22,,8617841,exact,203856.58,553187.11,694721.91,3439125.76
001027-088755-00023-X,"הרמה 23, דימונה",דימונה,הרמה,23,,8617842,exact,203892.21,553187.24,694757.53,3439126.60
001027-088755-00024-X,"הרמה 24, דימונה",דימונה,הרמה,24,,8617843,exact,203865.46,553174.30,694731.05,3439113.13
001027-088755-00025-X,"הרמה 25, דימונה",דימונה,הרמה,25,,8617844,exact,203910.16,553172.20,694775.78,3439111.92
001027-088755-00026-X,"הרמה 26, דימונה",דימונה,הרמה,26,,8617845,exact,203876.59,553164.09,694742.38,3439103.14
001027-088755-00027-X,"הרמה 27, דימונה",דימונה,הרמה,27,,8617846,exact,203923.08,553163.18,694788.88,3439103.16
001027-088755-00028-X,"הרמה 28, דימונה",דימונה,הרמה,28,,8617847,exact,203890.68,553150.20,694756.74,3439089.53
001027-088755-00029-X,"הרמה 29, דימונה",דימונה,הרמה,29,,8617848,exact,203934.84,553150.91,694800.88,3439091.12
001027-088755-00030-X,"הרמה 30, דימונה",דימונה,הרמה,30,,8617849,exact,203903.39,553139.71,694769.66,3439079.30
001027-088755-00031-X,"הרמה 31, דימונה",דימונה,הרמה,31,,8617850,exact,203943.51,553143.03,694809.71,3439083.41
001027-088755-00032-X,"הרמה 32, דימונה",דימונה,הרמה,32,,8617851,exact,203912.78,553128.93,694779.26,3439068.70
001027-088755-00034-X,"הרמה 34, דימונה",דימונה,הרמה,34,,8617853,exact,203924.13,553118.42,694790.82,3439058.42
001027-088755-00035-X,"הרמה 35, דימונה",דימונה,הרמה,35,,8617854,exact,203966.98,553116.92,694833.70,3439057.77
001027-088755-00039-X,"הרמה 39, דימונה",דימונה,הרמה,39,,8617858,exact,203983.05,553091.02,694850.28,3439032.20
001027-088755-00040-X,"הרמה 40, דימונה",דימונה,הרמה,40,,8617859,exact,203949.90,553077.99,694817.39,3439018.51
001027-088755-00041-X,"הרמה 41, דימונה",דימונה,הרמה,41,,8617860,exact,203980.27,553065.79,694847.99,3439006.91
001027-088755-00042-X,"הרמה 42, דימונה",דימונה,הרמה,42,,8617861,exact,203945.41,553059.30,694813.27,3438999.74
001027-088755-00043-X,"הרמה 43, דימונה",דימונה,הרמה,43,,8617862,exact,203982.63,553049.06,694850.69,3438990.23
001027-088755-00044-X,"הרמה 44, דימונה",דימונה,הרמה,44,,8617863,exact,203948.64,553045.42,694816.78,3438985.92
001027-088755-00045-X,"הרמה 45, דימונה",דימונה,הרמה,45,,8617864,exact,203982.37,553034.57,694850.72,3438975.74
001027-088755-00046-X,"הרמה 46, דימונה",דימונה,הרמה,46,,8617865,exact,203953.15,553015.34,694821.88,3438955.94
001027-088755-00047-X,"הרמה 47, דימונה",דימונה,הרמה,47,,8617866,exact,203982.38,553020.74,694851.00,3438961.91
001027-088755-00048-X,"הרמה 48, דימונה",דימונה,הרמה,48,,8617867,exact,203949.54,552998.93,694818.60,3438939.46
001027-088755-00049-X,"הרמה 49, דימונה",דימונה,הרמה,49,,8617868,exact,203983.09,553000.13,694852.12,3438941.32
001027-088755-00051-X,"הרמה 51, דימונה",דימונה,הרמה,51,,8617870,exact,203991.00,552984.47,694860.34,3438925.82
001027-088755-00052-X,"הרמה 52, דימונה",דימונה,הרמה,52,,8617871,exact,203966.23,552969.31,694835.88,3438910.17
001027-088755-00053-X,"הרמה 53, דימונה",דימונה,הרמה,53,,8617872,exact,204007.96,552966.00,694877.66,3438907.69
001027-088755-00055-X,"הרמה 55, דימונה",דימונה,הרמה,55,,8617874,street,203912.69,553150.45,694778.74,3439090.22
001027-088755-00056-X,"הרמה 56, דימונה",דימונה,הרמה,56,,8617875,exact,203992.86,552947.68,694862.93,3438889.07
001027-088755-00058-X,"הרמה 58, דימונה",דימונה,הרמה,58,,8617877,exact,204007.78,552939.89,694878.00,3438881.58
001027-088755-00059-X,"הרמה 59, דימונה",דימונה,הרמה,59,,8617878,street,203912.69,553150.45,694778.74,3439090.22
001027-088755-00060-X,"הרמה 60, דימונה",דימונה,הרמה,60,,8617879,exact,204027.72,552934.62,694898.04,3438876.71
001027-088773-00000-X,"השיא, דימונה",דימונה,השיא,,,8617800,street,204070.80,552870.75,694942.39,3438813.70
001027-088773-00002-X,"השיא 2, דימונה",דימונה,השיא,2,,8617881,exact,204053.31,552910.34,694924.11,3438852.94
001027-088773-00003-X,"השיא 3, דימונה",דימונה,השיא,3,,8617882,exact,204085.23,552893.02,694956.37,3438836.26
001027-088773-00005-X,"השיא 5, דימונה",דימונה,השיא,5,,8617884,exact,204083.37,552877.68,694954.82,3438820.87
001027-088773-00007-X,"השיא 7, דימונה",דימונה,השיא,7,,8617886,exact,204086.22,552863.36,694957.95,3438806.61
001027-088773-00009-X,"השיא 9, דימונה",דימונה,השיא,9,,8617888,exact,204084.51,552846.27,694956.58,3438789.50
001027-088773-00010-X,"השיא 10, דימונה",דימונה,השיא,10,,8617889,exact,204056.18,552845.75,694928.27,3438788.41
001027-088773-00011-X,"השיא 11, דימונה",דימונה,השיא,11,,8617890,exact,204084.52,552830.07,694956.91,3438773.30
001027-088773-00012-X,"השיא 12, דימונה",דימונה,השיא,12,,8617891,exact,204057.91,552830.24,694930.30,3438772.94
001027-088773-00013-X,"השיא 13, דימונה",דימונה,השיא,13,,8617892,exact,204082.51,552811.37,694955.28,3438754.56
001027-088773-00014-X,"השיא 14, דימונה",דימונה,השיא,14,,8617893,exact,204034.62,552813.32,694907.35,3438755.56
001027-088773-00016-X,"השיא 16, דימונה",דימונה,השיא,16,,8617895,exact,204034.19,552798.91,694907.20,3438741.14
001027-088773-00018-X,"השיא 18, דימונה",דימונה,השיא,18,,8617897,street,204070.80,552870.75,694942.39,3438813.70
001027-088773-00019-X,"השיא 19, דימונה",דימונה,השיא,19,,8617898,exact,204076.39,552779.71,694949.78,3438722.78
001027-088773-00020-X,"השיא 20, דימונה",דימונה,השיא,20,,8617899,street,204070.80,552870.75,694942.39,3438813.70
001027-088855-00000-X,"?, דימונה",דימונה,?,,,8602300,none,,,,
001027-088855-00001-X,"? 1, דימונה",דימונה,?,1,,8602301,none,,,,
001027-088855-00002-X,"? 2, דימונה",דימונה,?,2,,8602302,none,,,,
001027-088855-00003-X,"? 3, דימונה",דימונה,?,3,,8602303,none,,,,
001027-088855-00005-X,"? 5, דימונה",דימונה,?,5,,8602305,none,,,,
001027-088855-00008-X,"? 8, דימונה",דימונה,?,8,,8602308,none,,,,
001027-088855-00009-X,"? 9, דימונה",דימונה,?,9,,8602309,none,,,,
001027-088855-00010-X,"? 10, דימונה",דימונה,?,10,,8602310,none,,,,
001027-088855-00011-X,"? 11, דימונה",דימונה,?,11,,8602311,none,,,,
001027-088855-00012-X,"? 12, דימונה",דימונה,?,12,,8602312,none,,,,
001027-088855-00016-X,"? 16, דימונה",דימונה,?,16,,8602316,none,,,,
001027-088855-00021-X,"? 21, דימונה",דימונה,?,21,,8602321,none,,,,
001027-088855-00022-X,"? 22, דימונה",דימונה,?,22,,8602322,none,,,,
001027-088855-00023-X,"? 23, דימונה",דימונה,?,23,,8602323,none,,,,
001027-088855-00025-X,"? 25, דימונה",דימונה,?,25,,8602325,none,,,,
001027-088855-00026-X,"? 26, דימונה",דימונה,?,26,,8602326,none,,,,
001027-088855-00027-X,"? 27, דימונה",דימונה,?,27,,8602327,none,,,,
001027-088855-00028-X,"? 28, דימונה",דימונה,?,28,,8602328,none,,,,
001027-088855-00029-X,"? 29, דימונה",דימונה,?,29,,8602329,none,,,,
001027-088855-00033-X,"? 33, דימונה",דימונה,?,33,,8602331,none,,,,
001027-088916-00001-X,"שטרן יאיר 1, דימונה",דימונה,שטרן יאיר,1,,8602333,street,202305.63,552690.58,693181.05,3438598.51
001027-088916-00002-X,"שטרן יאיר 2, דימונה",דימונה,שטרן יאיר,2,,8602334,street,202305.63,552690.58,693181.05,3438598.51
001027-088916-00003-X,"שטרן יאיר 3, דימונה",דימונה,שטרן יאיר,3,,8602335,street,202305.63,552690.58,693181.05,3438598.51
001027-088916-00004-X,"שטרן יאיר 4, דימונה",דימונה,שטרן יאיר,4,,8602336,street,202305.63,552690.58,693181.05,3438598.51
001027-088916-00005-X,"שטרן יאיר 5, דימונה",דימונה,שטרן יאיר,5,,8602337,street,202305.63,552690.58,693181.05,3438598.51
001027-088916-00006-X,"שטרן יאיר 6, דימונה",דימונה,שטרן יאיר,6,,8602338,street,202305.63,552690.58,693181.05,3438598.51
001027-088916-00007-X,"שטרן יאיר 7, דימונה",דימונה,שטרן יאיר,7,,8602339,street,202305.63,552690.58,693181.05,3438598.51
001027-088916-00008-X,"שטרן יאיר 8, דימונה",דימונה,שטרן יאיר,8,,8602340,street,202305.63,552690.58,693181.05,3438598.51
001027-088916-00010-X,"שטרן יאיר 10, דימונה",דימונה,שטרן יאיר,10,,8602342,street,202305.63,552690.58,693181.05,3438598.51
001027-088916-00011-X,"שטרן יאיר 11, דימונה",דימונה,שטרן יאיר,11,,8602343,street,202305.63,552690.58,693181.05,3438598.51
001027-088916-00012-X,"שטרן יאיר 12, דימונה",דימונה,שטרן יאיר,12,,8602344,street,202305.63,552690.58,693181.05,3438598.51
001027-088916-00014-X,"שטרן יאיר 14, דימונה",דימונה,שטרן יאיר,14,,8602346,street,202305.63,552690.58,693181.05,3438598.51
001027-088964-00000-X,"רזיאל דוד, דימונה",דימונה,רזיאל דוד,,,8602400,street,202386.20,552701.53,693261.40,3438611.05
001027-088964-00001-X,"רזיאל דוד 1, דימונה",דימונה,רזיאל דוד,1,,8602401,exact,202500.36,552720.38,693375.16,3438632.16
001027-088964-00002-X,"רזיאל דוד 2, דימונה",דימונה,רזיאל דוד,2,,8602402,street,202386.20,552701.53,693261.40,3438611.05
001027-088964-00003-X,"רזיאל דוד 3, דימונה",דימונה,רזיאל דוד,3,,8602403,street,202386.20,552701.53,693261.40,3438611.05
001027-088964-00005-X,"רזיאל דוד 5, דימונה",דימונה,רזיאל דוד,5,,8602405,street,202386.20,552701.53,693261.40,3438611.05
001027-088964-00007-X,"רזיאל דוד 7, דימונה",דימונה,רזיאל דוד,7,,8602407,street,202386.20,552701.53,693261.40,3438611.05
001027-088964-00009-X,"רזיאל דוד 9, דימונה",דימונה,רזיאל דוד,9,,8602409,street,202386.20,552701.53,693261.40,3438611.05
001027-088964-00012-X,"רזיאל דוד 12, דימונה",דימונה,רזיאל דוד,12,,8602411,street,202386.20,552701.53,693261.40,3438611.05
001027-088964-00014-X,"רזיאל דוד 14, דימונה",דימונה,רזיאל דוד,14,,8602412,street,202386.20,552701.53,693261.40,3438611.05
001027-088964-00016-X,"רזיאל דוד 16, דימונה",דימונה,רזיאל דוד,16,,8602413,street,202386.20,552701.53,693261.40,3438611.05
001027-088964-00020-X,"רזיאל דוד 20, דימונה",דימונה,רזיאל דוד,20,,8602415,street,202386.20,552701.53,693261.40,3438611.05
001027-088964-00022-X,"רזיאל דוד 22, דימונה",דימונה,רזיאל דוד,22,,8602416,street,202386.20,552701.53,693261.40,3438611.05
001027-088964-00024-X,"רזיאל דוד 24, דימונה",דימונה,רזיאל דוד,24,,8602417,exact,202405.18,552703.82,693280.33,3438613.72
001027-089057-00002-X,"? 2, דימונה",דימונה,?,2,,8616001,none,,,,
001027-089057-00003-X,"? 3, דימונה",דימונה,?,3,,8616002,none,,,,
001027-089057-00004-X,"? 4, דימונה",דימונה,?,4,,8616003,none,,,,
001027-089057-00007-X,"? 7, דימונה",דימונה,?,7,,8616006,none,,,,
001027-089057-00008-X,"? 8, דימונה",דימונה,?,8,,8616007,none,,,,
001027-089057-00009-X,"? 9, דימונה",דימונה,?,9,,8616008,none,,,,
001027-089057-00010-X,"? 10, דימונה",דימונה,?,10,,8616009,none,,,,
001027-089057-00011-X,"? 11, דימונה",דימונה,?,11,,8616010,none,,,,
001027-089057-00012-X,"? 12, דימונה",דימונה,?,12,,8616011,none,,,,
001027-089057-00013-X,"? 13, דימונה",דימונה,?,13,,8616012,none,,,,
001027-089057-00014-X,"? 14, דימונה",דימונה,?,14,,8616013,none,,,,
001027-089057-00015-X,"? 15, דימונה",דימונה,?,15,,8616014,none,,,,
001027-089057-00017-X,"? 17, דימונה",דימונה,?,17,,8616016,none,,,,
001027-089140-00000-X,"?, דימונה",דימונה,?,,,8607800,none,,,,
001027-089140-00001-X,"? 1, דימונה",דימונה,?,1,,8607895,none,,,,
001027-089140-00002-X,"? 2, דימונה",דימונה,?,2,,8607896,none,,,,
001027-089140-00004-X,"? 4, דימונה",דימונה,?,4,,8607898,none,,,,
001027-089140-00006-X,"? 6, דימונה",דימונה,?,6,,8611801,none,,,,
001027-089140-00007-X,"? 7, דימונה",דימונה,?,7,,8611802,none,,,,
001027-089140-00009-X,"? 9, דימונה",דימונה,?,9,,8611804,none,,,,
001027-089140-00011-X,"? 11, דימונה",דימונה,?,11,,8611806,none,,,,
001027-089140-00012-X,"? 12, דימונה",דימונה,?,12,,8611807,none,,,,
001027-089140-00013-X,"? 13, דימונה",דימונה,?,13,,8611808,none,,,,
001027-089140-00014-X,"? 14, דימונה",דימונה,?,14,,8611809,none,,,,
001027-089140-00015-X,"? 15, דימונה",דימונה,?,15,,8611810,none,,,,
001027-089140-00016-X,"? 16, דימונה",דימונה,?,16,,8611811,none,,,,
001027-089140-00017-X,"? 17, דימונה",דימונה,?,17,,8611812,none,,,,
001027-089140-00018-X,"? 18, דימונה",דימונה,?,18,,8611813,none,,,,
001027-089140-00019-X,"? 19, דימונה",דימונה,?,19,,8611814,none,,,,
001027-089140-00020-X,"? 20, דימונה",דימונה,?,20,,8611815,none,,,,
001027-089140-00021-X,"? 21, דימונה",דימונה,?,21,,8611816,none,,,,
001027-089140-00022-X,"? 22, דימונה",דימונה,?,22,,8611817,none,,,,
001027-089140-00025-X,"? 25, דימונה",דימונה,?,25,,8611820,none,,,,
001027-089140-00027-X,"? 27, דימונה",דימונה,?,27,,8611822,none,,,,
001027-089140-00029-X,"? 29, דימונה",דימונה,?,29,,8611824,none,,,,
001027-089140-00030-X,"? 30, דימונה",דימונה,?,30,,8611825,none,,,,
001027-089140-00033-X,"? 33, דימונה",דימונה,?,33,,8611828,none,,,,
001027-089140-00034-X,"? 34, דימונה",דימונה,?,34,,8611829,none,,,,
001027-089140-00035-X,"? 35, דימונה",דימונה,?,35,,8611830,none,,,,
001027-089140-00038-X,"? 38, דימונה",דימונה,?,38,,8611833,none,,,,
001027-089140-00041-X,"? 41, דימונה",דימונה,?,41,,8611836,none,,,,
001027-089140-00042-X,"? 42, דימונה",דימונה,?,42,,8611837,none,,,,
001027-089140-00043-X,"? 43, דימונה",דימונה,?,43,,8611838,none,,,,
001027-089140-00045-X,"? 45, דימונה",דימונה,?,45,,8611839,none,,,,
001027-089140-00049-X,"? 49, דימונה",דימונה,?,49,,8611841,none,,,,
001027-089299-00001-X,"המסגר 1, דימונה",דימונה,המסגר,1,,8612401,street,201730.48,552578.03,692608.22,3438474.55
001027-089299-00002-X,"המסגר 2, דימונה",דימונה,המסגר,2,,8612402,street,201730.48,552578.03,692608.22,3438474.55
001027-089299-00003-X,"המסגר 3, דימונה",דימונה,המסגר,3,,8612403,street,201730.48,552578.03,692608.22,3438474.55
001027-089299-00004-X,"המסגר 4, דימונה",דימונה,המסגר,4,,8612404,street,201730.48,552578.03,692608.22,3438474.55
001027-089299-00005-X,"המסגר 5, דימונה",דימונה,המסגר,5,,8612405,street,201730.48,552578.03,692608.22,3438474.55
001027-089299-00006-X,"המסגר 6, דימונה",דימונה,המסגר,6,,8612406,street,201730.48,552578.03,692608.22,3438474.55
001027-089299-00007-X,"המסגר 7, דימונה",דימונה,המסגר,7,,8612407,street,201730.48,552578.03,692608.22,3438474.55
001027-089299-00009-X,"המסגר 9, דימונה",דימונה,המסגר,9,,8612409,street,201730.48,552578.03,692608.22,3438474.55
001027-089299-00010-X,"המסגר 10, דימונה",דימונה,המסגר,10,,8612410,street,201730.48,552578.03,692608.22,3438474.55
001027-089299-00012-X,"המסגר 12, דימונה",דימונה,המסגר,12,,8612412,street,201730.48,552578.03,692608.22,3438474.55
001027-089299-00014-X,"המסגר 14, דימונה",דימונה,המסגר,14,,8612414,street,201730.48,552578.03,692608.22,3438474.55
001027-089349-00001-X,"העמל 1, דימונה",דימונה,העמל,1,,8612313,exact,201848.58,552493.17,692727.99,3438392.05
001027-089349-00002-X,"העמל 2, דימונה",דימונה,העמל,2,,8612314,street,201727.64,552652.29,692603.91,3438548.74
001027-089349-00004-X,"העמל 4, דימונה",דימונה,העמל,4,,8612316,street,201727.64,552652.29,692603.91,3438548.74
001027-089349-00005-X,"העמל 5, דימונה",דימונה,העמל,5,,8612317,exact,201821.92,552521.60,692700.77,3438419.95
001027-089349-00006-X,"העמל 6, דימונה",דימונה,העמל,6,,8612318,exact,201838.56,552606.28,692715.73,3438504.94
001027-089349-00007-X,"העמל 7, דימונה",דימונה,העמל,7,,8612319,street,201727.64,552652.29,692603.91,3438548.74
001027-089349-00010-X,"העמל 10, דימונה",דימונה,העמל,10,,8612322,exact,201811.93,552671.89,692687.80,3438570.01
001027-089349-00013-X,"העמל 13, דימונה",דימונה,העמל,13,,8612325,street,201727.64,552652.29,692603.91,3438548.74
001027-089349-00014-X,"העמל 14, דימונה",דימונה,העמל,14,,8612326,street,201727.64,552652.29,692603.91,3438548.74
001027-089406-00000-X,"הפועלים, דימונה",דימונה,הפועלים,,,8612400,street,201301.76,552750.13,692176.16,3438638.11
001027-089406-00018-X,"הפועלים 18, דימונה",דימונה,הפועלים,18,,8612415,street,201301.76,552750.13,692176.16,3438638.11
001027-089406-00028-X,"הפועלים 28, דימונה",דימונה,הפועלים,28,,8612416,street,201301.76,552750.13,692176.16,3438638.11
001027-089948-00001-X,"כליל החורש 1, דימונה",דימונה,כליל החורש,1,,8608301,exact,203902.83,554053.33,694750.95,3439992.77
001027-089948-00002-X,"כליל החורש 2, דימונה",דימונה,כליל החורש,2,,8608302,exact,203943.49,554052.44,694791.62,3439992.70
001027-089948-00003-X,"כליל החורש 3, דימונה",דימונה,כליל החורש,3,,8608303,exact,203898.80,554056.45,694746.85,3439995.81
001027-089948-00004-X,"כליל החורש 4, דימונה",דימונה,כליל החורש,4,,8608304,exact,203944.33,554058.56,694792.35,3439998.83
001027-089948-00005-X,"כליל החורש 5, דימונה",דימונה,כליל החורש,5,,8608305,exact,203901.09,554065.71,694748.96,3440005.12
001027-089948-00006-X,"כליל החורש 6, דימונה",דימונה,כליל החורש,6,,8608306,exact,203942.82,554068.93,694790.62,3440009.17
001027-089948-00007-X,"כליל החורש 7, דימונה",דימונה,כליל החורש,7,,8608307,exact,203903.76,554072.60,694751.50,3440012.06
001027-089948-00008-X,"כליל החורש 8, דימונה",דימונה,כליל החורש,8,,8608308,exact,203947.03,554073.06,694794.75,3440013.38
001027-089948-00009-X,"כליל החורש 9, דימונה",דימונה,כליל החורש,9,,8608309,exact,203901.25,554085.59,694748.73,3440025.00
001027-089948-00010-X,"כליל החורש 10, דימונה",דימונה,כליל החורש,10,,8608310,exact,203940.70,554085.78,694788.17,3440025.97
001027-089948-00011-X,"כליל החורש 11, דימונה",דימונה,כליל החורש,11,,8608311,exact,203904.08,554089.53,694751.48,3440028.99
001027-089948-00012-X,"כליל החורש 12, דימונה",דימונה,כליל החורש,12,,8608312,exact,203943.30,554093.88,694790.61,3440034.13
001027-089948-00015-X,"כליל החורש 15, דימונה",דימונה,כליל החורש,15,,8608315,exact,203899.55,554108.88,694746.57,3440048.25
001027-089948-00016-X,"כליל החורש 16, דימונה",דימונה,כליל החורש,16,,8608316,exact,203942.85,554112.29,694789.79,3440052.52
001027-089948-00019-X,"כליל החורש 19, דימונה",דימונה,כליל החורש,19,,8608319,exact,203898.39,554126.56,694745.05,3440065.91
001027-089948-00020-X,"כליל החורש 20, דימונה",דימונה,כליל החורש,20,,8608320,exact,203944.22,554130.48,694790.80,3440070.73
001027-089948-00021-X,"כליל החורש 21, דימונה",דימונה,כליל החורש,21,,8608321,exact,203899.84,554140.63,694746.23,3440080.00
001027-089948-00022-X,"כליל החורש 22, דימונה",דימונה,כליל החורש,22,,8608322,exact,203948.15,554139.69,694794.54,3440080.02
001027-089948-00023-X,"כליל החורש 23, דימונה",דימונה,כליל החורש,23,,8608323,exact,203906.54,554141.42,694752.91,3440080.92
001027-089948-00024-X,"כליל החורש 24, דימונה",דימונה,כליל החורש,24,,8608324,exact,203942.79,554143.20,694789.12,3440083.42
001027-089948-00025-X,"כליל החורש 25, דימונה",דימונה,כליל החורש,25,,8608325,exact,203904.07,554176.18,694749.75,3440115.63
001027-089948-00026-X,"כליל החורש 26, דימונה",דימונה,כליל החורש,26,,8608326,exact,203941.83,554180.09,694787.43,3440120.29
001027-089948-00028-X,"כליל החורש 28, דימונה",דימונה,כליל החורש,28,,8608328,exact,203943.07,554195.92,694788.35,3440136.14
001027-089948-00029-X,"כליל החורש 29, דימונה",דימונה,כליל החורש,29,,8608329,exact,203901.21,554193.22,694746.55,3440132.61
001027-089948-00030-X,"כליל החורש 30, דימונה",דימונה,כליל החורש,30,,8608330,exact,203944.54,554201.33,694789.72,3440141.58
001027-089948-00032-X,"כליל החורש 32, דימונה",דימונה,כליל החורש,32,,8608332,exact,203940.90,554215.07,694785.80,3440155.25
001027-089948-00034-X,"כליל החורש 34, דימונה",דימונה,כליל החורש,34,,8608334,exact,203945.60,554217.48,694790.45,3440157.75
001027-089948-00035-X,"כליל החורש 35, דימונה",דימונה,כליל החורש,35,,8608335,exact,203899.87,554216.24,694744.75,3440155.60
001027-089948-00036-X,"כליל החורש 36, דימונה",דימונה,כליל החורש,36,,8608336,exact,203944.39,554235.66,694788.88,3440175.91
001027-089948-00037-X,"כליל החורש 37, דימונה",דימונה,כליל החורש,37,,8608337,exact,203902.24,554233.83,694746.78,3440173.23
001027-089948-00038-X,"כליל החורש 38, דימונה",דימונה,כליל החורש,38,,8608338,exact,203941.59,554240.28,694785.99,3440180.47
001027-089948-00039-X,"כליל החורש 39, דימונה",דימונה,כליל החורש,39,,8608339,exact,203898.97,554238.11,694743.42,3440177.45
001027-089948-00040-X,"כליל החורש 40, דימונה",דימונה,כליל החורש,40,,8608340,exact,203946.66,554253.81,694790.79,3440194.10
001027-089948-00041-X,"כליל החורש 41, דימונה",דימונה,כליל החורש,41,,8608341,exact,203900.16,554251.75,694744.34,3440191.11
001027-089948-00042-X,"כליל החורש 42, דימונה",דימונה,כליל החורש,42,,8608342,exact,203944.46,554258.96,694788.49,3440199.20
001027-089948-00043-X,"כליל החורש 43, דימונה",דימונה,כליל החורש,43,,8608343,exact,203897.65,554255.28,694741.76,3440194.59
001027-089948-00045-X,"כליל החורש 45, דימונה",דימונה,כליל החורש,45,,8608345,exact,203905.90,554269.93,694749.71,3440209.40
001027-089948-00047-X,"כליל החורש 47, דימונה",דימונה,כליל החורש,47,,8608347,exact,203899.61,554270.58,694743.41,3440209.93
001027-089948-00049-X,"כליל החורש 49, דימונה",דימונה,כליל החורש,49,,8608349,exact,203902.99,554288.95,694746.43,3440228.37
001027-089948-00050-X,"כליל החורש 50, דימונה",דימונה,כליל החורש,50,,8608350,exact,203941.26,554296.56,694784.54,3440236.73
001027-089948-00051-X,"כליל החורש 51, דימונה",דימונה,כליל החורש,51,,8608351,exact,203897.26,554293.76,694740.60,3440233.06
001027-089948-00052-X,"כליל החורש 52, דימונה",דימונה,כליל החורש,52,,8608352,exact,203943.06,554306.27,694786.15,3440246.47
001027-089948-00053-X,"כליל החורש 53, דימונה",דימונה,כליל החורש,53,,8608353,street,203920.99,554160.08,694766.99,3440099.87
001027-089948-00055-X,"כליל החורש 55, דימונה",דימונה,כליל החורש,55,,8608355,street,203920.99,554160.08,694766.99,3440099.87
001027-089948-00057-X,"כליל החורש 57, דימונה",דימונה,כליל החורש,57,,8608357,street,203920.99,554160.08,694766.99,3440099.87
001027-089993-00001-X,"סחלבן החורש 1, דימונה",דימונה,סחלבן החורש,1,,8608901,exact,203746.25,554052.52,694594.41,3439988.85
001027-089993-00002-X,"סחלבן החורש 2, דימונה",דימונה,סחלבן החורש,2,,8608902,street,203951.45,554035.39,694799.92,3439975.81
001027-089993-00003-X,"סחלבן החורש 3, דימונה",דימונה,סחלבן החורש,3,,8608903,exact,203753.01,554055.97,694601.10,3439992.44
001027-089993-00004-X,"סחלבן החורש 4, דימונה",דימונה,סחלבן החורש,4,,8608904,street,203951.45,554035.39,694799.92,3439975.81
001027-089993-00005-X,"סחלבן החורש 5, דימונה",דימונה,סחלבן החורש,5,,8608905,exact,203763.34,554050.95,694611.53,3439987.62
001027-089993-00006-X,"סחלבן החורש 6, דימונה",דימונה,סחלבן החורש,6,,8608906,exact,203720.20,554002.70,694569.35,3439938.52
001027-089993-00007-X,"סחלבן החורש 7, דימונה",דימונה,סחלבן החורש,7,,8608907,exact,203770.27,554054.63,694618.39,3439991.44
001027-089993-00008-X,"סחלבן החורש 8, דימונה",דימונה,סחלבן החורש,8,,8608908,exact,203720.56,554017.79,694569.42,3439953.61
001027-089993-00009-X,"סחלבן החורש 9, דימונה",דימונה,סחלבן החורש,9,,8608909,exact,203781.62,554053.45,694629.76,3439990.49
001027-089993-00010-X,"סחלבן החורש 10, דימונה",דימונה,סחלבן החורש,10,,8608910,exact,203752.01,554008.34,694601.05,3439944.79
001027-089993-00011-X,"סחלבן החורש 11, דימונה",דימונה,סחלבן החורש,11,,8608911,exact,203788.60,554056.49,694636.67,3439993.67
001027-089993-00012-X,"סחלבן החורש 12, דימונה",דימונה,סחלבן החורש,12,,8608912,exact,203752.74,554022.31,694601.49,3439958.78
001027-089993-00014-X,"סחלבן החורש 14, דימונה",דימונה,סחלבן החורש,14,,8608914,exact,203780.71,554022.65,694629.46,3439959.67
001027-089993-00015-X,"סחלבן החורש 15, דימונה",דימונה,סחלבן החורש,15,,8608915,exact,203808.09,554053.60,694656.22,3439991.16
001027-089993-00016-X,"סחלבן החורש 16, דימונה",דימונה,סחלבן החורש,16,,8608916,exact,203779.98,554008.06,694629.02,3439945.07
001027-089993-00017-X,"סחלבן החורש 17, דימונה",דימונה,סחלבן החורש,17,,8608917,exact,203821.60,554053.95,694669.72,3439991.78
001027-089993-00018-X,"סחלבן החורש 18, דימונה",דימונה,סחלבן החורש,18,,8608918,street,203951.45,554035.39,694799.92,3439975.81
001027-089993-00019-X,"סחלבן החורש 19, דימונה",דימונה,סחלבן החורש,19,,8608919,exact,203824.12,554055.62,694672.21,3439993.50
001027-089993-00020-X,"סחלבן החורש 20, דימונה",דימונה,סחלבן החורש,20,,8608920,street,203951.45,554035.39,694799.92,3439975.81
001027-089993-00021-X,"סחלבן החורש 21, דימונה",דימונה,סחלבן החורש,21,,8608921,exact,203837.23,554055.37,694685.32,3439993.51
001027-089993-00022-X,"סחלבן החורש 22, דימונה",דימונה,סחלבן החורש,22,,8608922,exact,203811.08,554007.47,694660.12,3439945.09
001027-089993-00023-X,"סחלבן החורש 23, דימונה",דימונה,סחלבן החורש,23,,8608923,exact,203842.85,554051.54,694691.01,3439989.79
001027-089993-00024-X,"סחלבן החורש 24, דימונה",דימונה,סחלבן החורש,24,,8608924,exact,203810.51,554017.24,694659.36,3439954.85
001027-089993-00025-X,"סחלבן החורש 25, דימונה",דימונה,סחלבן החורש,25,,8608925,exact,203873.87,554048.59,694722.09,3439987.46
001027-089993-00026-X,"סחלבן החורש 26, דימונה",דימונה,סחלבן החורש,26,,8608926,exact,203840.54,554018.01,694689.37,3439956.22
001027-089993-00027-X,"סחלבן החורש 27, דימונה",דימונה,סחלבן החורש,27,,8608927,exact,203899.58,554049.13,694747.78,3439988.51
001027-089993-00028-X,"סחלבן החורש 28, דימונה",דימונה,סחלבן החורש,28,,8608928,exact,203842.38,554007.40,694691.43,3439945.65
001027-089993-00029-X,"סחלבן החורש 29, דימונה",דימונה,סחלבן החורש,29,,8608929,exact,203947.43,554047.63,694795.66,3439987.96
001027-089993-00031-X,"סחלבן החורש 31, דימונה",דימונה,סחלבן החורש,31,,8608931,exact,203968.18,554049.63,694816.37,3439990.37
001027-089993-00033-X,"סחלבן החורש 33, דימונה",דימונה,סחלבן החורש,33,,8608933,exact,203999.70,554054.94,694847.78,3439996.31
001027-089993-00034-X,"סחלבן החורש 34, דימונה",דימונה,סחלבן החורש,34,,8608934,exact,203873.79,554007.57,694722.83,3439946.44
001027-089993-00035-X,"סחלבן החורש 35, דימונה",דימונה,סחלבן החורש,35,,8608935,exact,204006.32,554051.58,694854.46,3439993.08
001027-089993-00036-X,"סחלבן החורש 36, דימונה",דימונה,סחלבן החורש,36,,8608936,exact,203870.47,554018.25,694719.30,3439957.06
001027-089993-00038-X,"סחלבן החורש 38, דימונה",דימונה,סחלבן החורש,38,,8608938,exact,203894.43,554016.20,694743.29,3439955.48
001027-089993-00040-X,"סחלבן החורש 40, דימונה",דימונה,סחלבן החורש,40,,8608940,exact,203902.35,554016.27,694751.20,3439955.71
001027-089993-00041-X,"סחלבן החורש 41, דימונה",דימונה,סחלבן החורש,41,,8608941,exact,204037.36,554052.28,694885.48,3439994.40
001027-089993-00042-X,"סחלבן החורש 42, דימונה",דימונה,סחלבן החורש,42,,8608942,exact,203944.10,554014.72,694792.98,3439954.99
001027-089993-00043-X,"סחלבן החורש 43, דימונה",דימונה,סחלבן החורש,43,,8608943,exact,204039.29,554054.98,694887.36,3439997.13
001027-089993-00045-X,"סחלבן החורש 45, דימונה",דימונה,סחלבן החורש,45,,8608945,exact,204056.49,554056.22,694904.53,3439998.72
001027-089993-00046-X,"סחלבן החורש 46, דימונה",דימונה,סחלבן החורש,46,,8608946,exact,203971.48,554022.89,694820.19,3439963.70
001027-089993-00047-X,"סחלבן החורש 47, דימונה",דימונה,סחלבן החורש,47,,8608947,exact,204058.73,554053.77,694906.82,3439996.31
001027-089993-00048-X,"סחלבן החורש 48, דימונה",דימונה,סחלבן החורש,48,,8608948,exact,203970.82,554012.75,694819.74,3439953.55
001027-089993-00049-X,"סחלבן החורש 49, דימונה",דימונה,סחלבן החורש,49,,8608949,exact,204081.37,554054.90,694929.44,3439997.89
001027-089993-00050-X,"סחלבן החורש 50, דימונה",דימונה,סחלבן החורש,50,,8608950,exact,203976.18,554001.24,694825.32,3439942.15
001027-089993-00051-X,"סחלבן החורש 51, דימונה",דימונה,סחלבן החורש,51,,8608951,exact,204082.70,554051.99,694930.82,3439995.01
001027-089993-00052-X,"סחלבן החורש 52, דימונה",דימונה,סחלבן החורש,52,,8608952,exact,204008.26,554001.07,694857.41,3439942.61
001027-089993-00053-X,"סחלבן החורש 53, דימונה",דימונה,סחלבן החורש,53,,8608953,exact,204099.56,554056.09,694947.59,3439999.44
001027-089993-00054-X,"סחלבן החורש 54, דימונה",דימונה,סחלבן החורש,54,,8608954,exact,204011.59,554012.55,694860.51,3439954.16
001027-089993-00055-X,"סחלבן החורש 55, דימונה",דימונה,סחלבן החורש,55,,8608955,exact,204099.40,554052.45,694947.51,3439995.80
001027-089993-00057-X,"סחלבן החורש 57, דימונה",דימונה,סחלבן החורש,57,,8608957,exact,204116.02,554055.79,694964.06,3439999.47
001027-089993-00059-X,"סחלבן החורש 59, דימונה",דימונה,סחלבן החורש,59,,8608959,exact,204118.75,554052.26,694966.86,3439995.99
001027-089993-00062-X,"סחלבן החורש 62, דימונה",דימונה,סחלבן החורש,62,,8608962,exact,204035.71,553999.96,694884.87,3439942.05
001027-089993-00063-X,"סחלבן החורש 63, דימונה",דימונה,סחלבן החורש,63,,8608963,exact,204138.55,554054.23,694986.62,3439998.36
001027-089993-00064-X,"סחלבן החורש 64, דימונה",דימונה,סחלבן החורש,64,,8608964,exact,204067.55,553997.49,694916.75,3439940.21
001027-089993-00065-X,"סחלבן החורש 65, דימונה",דימונה,סחלבן החורש,65,,8608965,exact,204153.48,554056.44,695001.50,3440000.86
001027-089993-00066-X,"סחלבן החורש 66, דימונה",דימונה,סחלבן החורש,66,,8608966,exact,204071.60,554009.27,694920.57,3439952.08
001027-089993-00067-X,"סחלבן החורש 67, דימונה",דימונה,סחלבן החורש,67,,8608967,exact,204153.88,554052.25,695001.98,3439996.68
001027-089993-00068-X,"סחלבן החורש 68, דימונה",דימונה,סחלבן החורש,68,,8608968,exact,204071.58,554023.56,694920.27,3439966.36
001027-089993-00069-X,"סחלבן החורש 69, דימונה",דימונה,סחלבן החורש,69,,8608969,street,203951.45,554035.39,694799.92,3439975.81
001027-089993-00070-X,"סחלבן החורש 70, דימונה",דימונה,סחלבן החורש,70,,8608970,exact,204091.05,554025.82,694939.69,3439969.01
001027-089993-00073-X,"סחלבן החורש 73, דימונה",דימונה,סחלבן החורש,73,,8608973,street,203951.45,554035.39,694799.92,3439975.81
001027-089993-00074-X,"סחלבן החורש 74, דימונה",דימונה,סחלבן החורש,74,,8608974,exact,204095.51,554000.88,694944.65,3439944.16
001027-089993-00075-X,"סחלבן החורש 75, דימונה",דימונה,סחלבן החורש,75,,8608975,street,203951.45,554035.39,694799.92,3439975.81
001027-089993-00076-X,"סחלבן החורש 76, דימונה",דימונה,סחלבן החורש,76,,8608976,exact,204128.50,553999.80,694977.65,3439943.73
001027-089993-00078-X,"סחלבן החורש 78, דימונה",דימונה,סחלבן החורש,78,,8608977,exact,204132.19,554011.16,694981.11,3439955.16
001027-089993-00079-X,"סחלבן החורש 79, דימונה",דימונה,סחלבן החורש,79,,8608978,street,203951.45,554035.39,694799.92,3439975.81
001027-089993-00080-X,"סחלבן החורש 80, דימונה",דימונה,סחלבן החורש,80,,8608979,exact,204131.15,554024.99,694979.80,3439968.97
001027-089993-00081-X,"סחלבן החורש 81, דימונה",דימונה,סחלבן החורש,81,,8608980,street,203951.45,554035.39,694799.92,3439975.81
001027-089993-00082-X,"סחלבן החורש 82, דימונה",דימונה,סחלבן החורש,82,,8608981,exact,204151.42,554022.01,695000.13,3439966.39
001027-089993-00083-X,"סחלבן החורש 83, דימונה",דימונה,סחלבן החורש,83,,8608982,street,203951.45,554035.39,694799.92,3439975.81
001027-089993-00088-X,"סחלבן החורש 88, דימונה",דימונה,סחלבן החורש,88,,8608987,exact,204183.97,553998.33,695033.14,3439943.36
001027-089993-00091-X,"סחלבן החורש 91, דימונה",דימונה,סחלבן החורש,91,,8608990,street,203951.45,554035.39,694799.92,3439975.81
001027-089993-00092-X,"סחלבן החורש 92, דימונה",דימונה,סחלבן החורש,92,,8608991,exact,204187.73,554023.30,695036.41,3439968.40
001027-090041-00001-X,"קטלב 1, דימונה",דימונה,קטלב,1,,8608001,exact,203713.10,554033.81,694561.64,3439969.49
001027-090041-00002-X,"קטלב 2, דימונה",דימונה,קטלב,2,,8608002,street,203731.27,554225.81,694575.99,3440161.82
001027-090041-00003-X,"קטלב 3, דימונה",דימונה,קטלב,3,,8608003,exact,203713.49,554041.69,694561.87,3439977.37
001027-090041-00004-X,"קטלב 4, דימונה",דימונה,קטלב,4,,8608004,street,203731.27,554225.81,694575.99,3440161.82
001027-090041-00005-X,"קטלב 5, דימונה",דימונה,קטלב,5,,8608005,exact,203715.79,554056.31,694563.88,3439992.04
001027-090041-00006-X,"קטלב 6, דימונה",דימונה,קטלב,6,,8608006,street,203731.27,554225.81,694575.99,3440161.82
001027-090041-00007-X,"קטלב 7, דימונה",דימונה,קטלב,7,,8608007,exact,203717.82,554064.25,694565.75,3440000.02
001027-090041-00008-X,"קטלב 8, דימונה",דימונה,קטלב,8,,8608008,street,203731.27,554225.81,694575.99,3440161.82
001027-090041-00009-X,"קטלב 9, דימונה",דימונה,קטלב,9,,8608009,exact,203714.74,554078.78,694562.38,3440014.48
001027-090041-00012-X,"קטלב 12, דימונה",דימונה,קטלב,12,,8608012,street,203731.27,554225.81,694575.99,3440161.82
001027-090041-00014-X,"קטלב 14, דימונה",דימונה,קטלב,14,,8608014,street,203731.27,554225.81,694575.99,3440161.82
001027-090041-00015-X,"קטלב 15, דימונה",דימונה,קטלב,15,,8608015,exact,203715.56,554108.06,694562.62,3440043.78
001027-090041-00017-X,"קטלב 17, דימונה",דימונה,קטלב,17,,8608017,exact,203715.74,554121.85,694562.52,3440057.56
001027-090041-00018-X,"קטלב 18, דימונה",דימונה,קטלב,18,,8608018,street,203731.27,554225.81,694575.99,3440161.82
001027-090041-00021-X,"קטלב 21, דימונה",דימונה,קטלב,21,,8608021,exact,203713.80,554139.60,694560.24,3440075.28
001027-090041-00023-X,"קטלב 23, דימונה",דימונה,קטלב,23,,8608023,exact,203717.84,554143.28,694564.20,3440079.03
001027-090041-00025-X,"קטלב 25, דימונה",דימונה,קטלב,25,,8608024,exact,203718.43,554174.95,694564.16,3440110.71
001027-090041-00027-X,"קטלב 27, דימונה",דימונה,קטלב,27,,8608025,exact,203715.61,554179.27,694561.26,3440114.98
001027-090041-00029-X,"קטלב 29, דימונה",דימונה,קטלב,29,,8608026,exact,203712.04,554193.09,694557.41,3440128.72
001027-090041-00031-X,"קטלב 31, דימונה",דימונה,קטלב,31,,8608027,exact,203716.70,554194.55,694562.05,3440130.28
001027-090041-00033-X,"קטלב 33, דימונה",דימונה,קטלב,33,,8608028,exact,203713.77,554210.23,694558.80,3440145.90
001027-090041-00037-X,"קטלב 37, דימונה",דימונה,קטלב,37,,8608030,exact,203713.98,554232.37,694558.57,3440168.04
001027-090041-00041-X,"קטלב 41, דימונה",דימונה,קטלב,41,,8608032,exact,203715.10,554246.65,694559.41,3440182.33
001027-090041-00043-X,"קטלב 43, דימונה",דימונה,קטלב,43,,8608033,exact,203715.42,554253.90,694559.58,3440189.59
001027-090041-00045-X,"קטלב 45, דימונה",דימונה,קטלב,45,,8608034,exact,203716.22,554266.45,694560.13,3440202.15
001027-090041-00047-X,"קטלב 47, דימונה",דימונה,קטלב,47,,8608035,exact,203712.97,554265.77,694556.90,3440201.41
001027-090041-00049-X,"קטלב 49, דימונה",דימונה,קטלב,49,,8608036,street,203731.27,554225.81,694575.99,3440161.82
001027-090041-00051-X,"קטלב 51, דימונה",דימונה,קטלב,51,,8608037,street,203731.27,554225.81,694575.99,3440161.82
001027-090054-00001-X,"אקליפטוס 1, דימונה",דימונה,אקליפטוס,1,,8608701,exact,203972.33,554053.30,694820.44,3439994.12
001027-090054-00002-X,"אקליפטוס 2, דימונה",דימונה,אקליפטוס,2,,8608702,street,203987.20,554194.13,694832.51,3440135.22
001027-090054-00003-X,"אקליפטוס 3, דימונה",דימונה,אקליפטוס,3,,8608703,exact,203967.44,554057.06,694815.48,3439997.79
001027-090054-00004-X,"אקליפטוס 4, דימונה",דימונה,אקליפטוס,4,,8608704,street,203987.20,554194.13,694832.51,3440135.22
001027-090054-00005-X,"אקליפטוס 5, דימונה",דימונה,אקליפטוס,5,,8608705,exact,203972.15,554066.23,694820.01,3440007.04
001027-090054-00006-X,"אקליפטוס 6, דימונה",דימונה,אקליפטוס,6,,8608706,street,203987.20,554194.13,694832.51,3440135.22
001027-090054-00007-X,"אקליפטוס 7, דימונה",דימונה,אקליפטוס,7,,8608707,exact,203970.71,554073.93,694818.41,3440014.71
001027-090054-00008-X,"אקליפטוס 8, דימונה",דימונה,אקליפטוס,8,,8608708,street,203987.20,554194.13,694832.51,3440135.22
001027-090054-00009-X,"אקליפטוס 9, דימונה",דימונה,אקליפטוס,9,,8608709,exact,203972.77,554087.03,694820.21,3440027.86
001027-090054-00011-X,"אקליפטוס 11, דימונה",דימונה,אקליפטוס,11,,8608711,exact,203968.75,554093.28,694816.07,3440034.03
001027-090054-00012-X,"אקליפטוס 12, דימונה",דימונה,אקליפטוס,12,,8608712,street,203987.20,554194.13,694832.51,3440135.22
001027-090054-00013-X,"אקליפטוס 13, דימונה",דימונה,אקליפטוס,13,,8608713,exact,203972.85,554104.56,694819.95,3440045.39
001027-090054-00014-X,"אקליפטוס 14, דימונה",דימונה,אקליפטוס,14,,8608714,street,203987.20,554194.13,694832.51,3440135.22
001027-090054-00016-X,"אקליפטוס 16, דימונה",דימונה,אקליפטוס,16,,8608716,street,203987.20,554194.13,694832.51,3440135.22
001027-090054-00017-X,"אקליפטוס 17, דימונה",דימונה,אקליפטוס,17,,8608717,exact,203966.92,554120.56,694813.70,3440061.27
001027-090054-00018-X,"אקליפטוס 18, דימונה",דימונה,אקליפטוס,18,,8608718,exact,204027.36,554308.71,694870.39,3440250.59
001027-090054-00019-X,"אקליפטוס 19, דימונה",דימונה,אקליפטוס,19,,8608719,exact,203971.28,554126.76,694817.93,3440067.55
001027-090054-00021-X,"אקליפטוס 21, דימונה",דימונה,אקליפטוס,21,,8608720,exact,203969.94,554139.81,694816.34,3440080.58
001027-090054-00023-X,"אקליפטוס 23, דימונה",דימונה,אקליפטוס,23,,8608721,exact,203974.02,554147.08,694820.27,3440087.92
001027-090054-00025-X,"אקליפטוס 25, דימונה",דימונה,אקליפטוס,25,,8608722,exact,203971.73,554176.97,694817.39,3440117.76
001027-090054-00027-X,"אקליפטוס 27, דימונה",דימונה,אקליפטוס,27,,8608723,exact,203967.69,554179.13,694813.30,3440119.84
001027-090054-00029-X,"אקליפטוס 29, דימונה",דימונה,אקליפטוס,29,,8608724,exact,203968.58,554193.94,694813.90,3440134.67
001027-090054-00031-X,"אקליפטוס 31, דימונה",דימונה,אקליפטוס,31,,8608725,exact,203973.54,554197.70,694818.78,3440138.53
001027-090054-00033-X,"אקליפטוס 33, דימונה",דימונה,אקליפטוס,33,,8608726,exact,203965.97,554208.06,694811.01,3440148.73
001027-090054-00035-X,"אקליפטוס 35, דימונה",דימונה,אקליפטוס,35,,8608727,exact,203971.07,554212.76,694816.01,3440153.53
001027-090054-00037-X,"אקליפטוס 37, דימונה",דימונה,אקליפטוס,37,,8608728,exact,203971.73,554232.61,694816.28,3440173.39
001027-090054-00043-X,"אקליפטוס 43, דימונה",דימונה,אקליפטוס,43,,8608731,exact,203969.20,554256.01,694813.28,3440196.74
001027-090054-00045-X,"אקליפטוס 45, דימונה",דימונה,אקליפטוס,45,,8608732,exact,203973.07,554271.43,694816.85,3440212.24
001027-090054-00047-X,"אקליפטוס 47, דימונה",דימונה,אקליפטוס,47,,8608733,exact,203967.37,554273.52,694811.11,3440214.22
001027-090054-00051-X,"אקליפטוס 51, דימונה",דימונה,אקליפטוס,51,,8608735,exact,203968.55,554293.73,694811.89,3440234.44
001027-090054-00055-X,"אקליפטוס 55, דימונה",דימונה,אקליפטוס,55,,8608737,exact,203966.54,554309.11,694809.57,3440249.78
001027-090054-00057-X,"אקליפטוס 57, דימונה",דימונה,אקליפטוס,57,,8608738,exact,203973.62,554329.21,694816.25,3440270.02
001027-090128-00001-X,"שיזף 1, דימונה",דימונה,שיזף,1,,8608601,street,203887.53,554515.39,694726.48,3440454.46
001027-090128-00002-X,"שיזף 2, דימונה",דימונה,שיזף,2,,8608602,exact,204146.75,554123.06,694993.45,3440067.34
001027-090128-00004-X,"שיזף 4, דימונה",דימונה,שיזף,4,,8608604,exact,204149.92,554141.24,694996.26,3440085.58
001027-090128-00005-X,"שיזף 5, דימונה",דימונה,שיזף,5,,8608605,street,203887.53,554515.39,694726.48,3440454.46
001027-090128-00006-X,"שיזף 6, דימונה",דימונה,שיזף,6,,8608606,exact,204156.69,554175.13,695002.35,3440119.59
001027-090128-00007-X,"שיזף 7, דימונה",דימונה,שיזף,7,,8608607,street,203887.53,554515.39,694726.48,3440454.46
001027-090128-00009-X,"שיזף 9, דימונה",דימונה,שיזף,9,,8608609,street,203887.53,554515.39,694726.48,3440454.46
001027-090128-00010-X,"שיזף 10, דימונה",דימונה,שיזף,10,,8608610,exact,204155.49,554191.63,695000.83,3440136.07
001027-090128-00011-X,"שיזף 11, דימונה",דימונה,שיזף,11,,8608611,street,203887.53,554515.39,694726.48,3440454.46
001027-090128-00013-X,"שיזף 13, דימונה",דימונה,שיזף,13,,8608613,exact,204080.06,554298.84,694923.28,3440241.77
001027-090128-00014-X,"שיזף 14, דימונה",דימונה,שיזף,14,,8608614,exact,204156.47,554211.82,695001.40,3440156.27
001027-090128-00015-X,"שיזף 15, דימונה",דימונה,שיזף,15,,8608615,exact,204074.35,554303.26,694917.48,3440246.07
001027-090128-00017-X,"שיזף 17, דימונה",דימונה,שיזף,17,,8608617,exact,204068.07,554311.16,694911.04,3440253.85
001027-090128-00019-X,"שיזף 19, דימונה",דימונה,שיזף,19,,8608619,exact,204060.14,554315.26,694903.03,3440257.79
001027-090128-00020-X,"שיזף 20, דימונה",דימונה,שיזף,20,,8608620,exact,204154.25,554242.16,694998.58,3440186.57
001027-090128-00022-X,"שיזף 22, דימונה",דימונה,שיזף,22,,8608622,exact,204153.40,554256.90,694997.44,3440201.29
001027-090128-00024-X,"שיזף 24, דימונה",דימונה,שיזף,24,,8608624,exact,204156.05,554262.89,694999.97,3440207.33
001027-090128-00025-X,"שיזף 25, דימונה",דימונה,שיזף,25,,8608625,exact,204038.33,554338.88,694880.76,3440280.97
001027-090128-00026-X,"שיזף 26, דימונה",דימונה,שיזף,26,,8608626,exact,204145.63,554275.95,694989.29,3440220.19
001027-090128-00027-X,"שיזף 27, דימונה",דימונה,שיזף,27,,8608627,exact,204031.28,554342.87,694873.63,3440284.83
001027-090128-00028-X,"שיזף 28, דימונה",דימונה,שיזף,28,,8608628,exact,204141.60,554281.57,694985.16,3440225.73
001027-090128-00029-X,"שיזף 29, דימונה",דימונה,שיזף,29,,8608629,exact,204026.53,554353.89,694868.66,3440295.74
001027-090128-00030-X,"שיזף 30, דימונה",דימונה,שיזף,30,,8608630,exact,204131.75,554302.13,694974.90,3440246.09
001027-090128-00031-X,"שיזף 31, דימונה",דימונה,שיזף,31,,8608631,exact,204017.89,554357.85,694859.94,3440299.54
001027-090128-00032-X,"שיזף 32, דימונה",דימונה,שיזף,32,,8608632,exact,204129.99,554296.55,694973.25,3440240.48
001027-090128-00034-X,"שיזף 34, דימונה",דימונה,שיזף,34,,8608634,street,203887.53,554515.39,694726.48,3440454.46
001027-090128-00035-X,"שיזף 35, דימונה",דימונה,שיזף,35,,8608635,street,203887.53,554515.39,694726.48,3440454.46
001027-090128-00036-X,"שיזף 36, דימונה",דימונה,שיזף,36,,8608636,street,203887.53,554515.39,694726.48,3440454.46
001027-090128-00038-X,"שיזף 38, דימונה",דימונה,שיזף,38,,8608638,street,203887.53,554515.39,694726.48,3440454.46
001027-090128-00039-X,"שיזף 39, דימונה",דימונה,שיזף,39,,8608639,street,203887.53,554515.39,694726.48,3440454.46
001027-090128-00042-X,"שיזף 42, דימונה",דימונה,שיזף,42,,8608642,street,203887.53,554515.39,694726.48,3440454.46
001027-090128-00043-X,"שיזף 43, דימונה",דימונה,שיזף,43,,8608643,street,203887.53,554515.39,694726.48,3440454.46
001027-090128-00045-X,"שיזף 45, דימונה",דימונה,שיזף,45,,8608645,exact,203865.50,554514.18,694704.47,3440452.81
001027-090128-00046-X,"שיזף 46, דימונה",דימונה,שיזף,46,,8608646,street,203887.53,554515.39,694726.48,3440454.46
001027-090128-00047-X,"שיזף 47, דימונה",דימונה,שיזף,47,,8608647,exact,203848.05,554531.53,694686.68,3440469.82
001027-090128-00048-X,"שיזף 48, דימונה",דימונה,שיזף,48,,8608648,street,203887.53,554515.39,694726.48,3440454.46
001027-090128-00050-X,"שיזף 50, דימונה",דימונה,שיזף,50,,8608650,street,203887.53,554515.39,694726.48,3440454.46
001027-090128-00051-X,"שיזף 51, דימונה",דימונה,שיזף,51,,8608651,exact,203802.16,554559.73,694640.24,3440497.10
001027-090128-00052-X,"שיזף 52, דימונה",דימונה,שיזף,52,,8608652,exact,203913.75,554519.92,694752.60,3440459.51
001027-090128-00053-X,"שיזף 53, דימונה",דימונה,שיזף,53,,8608653,exact,203781.55,554566.79,694619.48,3440503.75
001027-090128-00055-X,"שיזף 55, דימונה",דימונה,שיזף,55,,8608655,exact,203675.04,554578.71,694512.76,3440513.56
001027-090128-00056-X,"שיזף 56, דימונה",דימונה,שיזף,56,,8608656,exact,203906.70,554525.05,694745.44,3440464.50
001027-090128-00058-X,"שיזף 58, דימונה",דימונה,שיזף,58,,8608658,exact,203904.02,554528.82,694742.69,3440468.22
001027-090128-00059-X,"שיזף 59, דימונה",דימונה,שיזף,59,,8608659,exact,203589.39,554547.28,694427.74,3440480.43
001027-090128-00060-X,"שיזף 60, דימונה",דימונה,שיזף,60,,8608660,exact,203880.53,554546.86,694718.85,3440485.79
001027-090128-00061-X,"שיזף 61, דימונה",דימונה,שיזף,61,,8608661,exact,203588.98,554538.73,694427.50,3440471.87
001027-090128-00063-X,"שיזף 63, דימונה",דימונה,שיזף,63,,8608663,exact,203576.27,554525.84,694415.05,3440458.73
001027-090128-00064-X,"שיזף 64, דימונה",דימונה,שיזף,64,,8608664,exact,203868.26,554550.27,694706.51,3440488.96
001027-090128-00065-X,"שיזף 65, דימונה",דימונה,שיזף,65,,8608665,exact,203566.94,554527.97,694405.68,3440460.67
001027-090128-00066-X,"שיזף 66, דימונה",דימונה,שיזף,66,,8608666,exact,203867.14,554558.36,694705.23,3440497.02
001027-090128-00067-X,"שיזף 67, דימונה",דימונה,שיזף,67,,8608667,exact,203546.83,554501.88,694386.09,3440434.19
001027-090128-00068-X,"שיזף 68, דימונה",דימונה,שיזף,68,,8608668,street,203887.53,554515.39,694726.48,3440454.46
001027-090128-00069-X,"שיזף 69, דימונה",דימונה,שיזף,69,,8608669,exact,203544.84,554496.01,694384.22,3440428.28
001027-090128-00072-X,"שיזף 72, דימונה",דימונה,שיזף,72,,8608672,exact,203840.34,554584.46,694677.92,3440522.59
001027-090128-00073-X,"שיזף 73, דימונה",דימונה,שיזף,73,,8608673,exact,203525.36,554485.78,694364.95,3440417.66
001027-090128-00074-X,"שיזף 74, דימונה",דימונה,שיזף,74,,8608674,exact,203834.03,554586.91,694671.56,3440524.91
001027-090128-00075-X,"שיזף 75, דימונה",דימונה,שיזף,75,,8608675,exact,203500.92,554462.09,694340.98,3440393.49
001027-090128-00076-X,"שיזף 76, דימונה",דימונה,שיזף,76,,8608676,exact,203828.11,554592.24,694665.53,3440530.12
001027-090128-00077-X,"שיזף 77, דימונה",דימונה,שיזף,77,,8608677,exact,203502.54,554454.84,694342.75,3440386.27
001027-090128-00078-X,"שיזף 78, דימונה",דימונה,שיזף,78,,8608678,exact,203823.08,554593.96,694660.47,3440531.74
001027-090128-00079-X,"שיזף 79, דימונה",דימונה,שיזף,79,,8608679,exact,203489.25,554441.91,694329.72,3440373.08
001027-090128-00080-X,"שיזף 80, דימונה",דימונה,שיזף,80,,8608680,exact,203809.22,554599.82,694646.50,3440537.33
001027-090128-00081-X,"שיזף 81, דימונה",דימונה,שיזף,81,,8608681,exact,203480.86,554441.25,694321.33,3440372.25
001027-090128-00083-X,"שיזף 83, דימונה",דימונה,שיזף,83,,8608683,exact,203460.92,554417.72,694301.86,3440348.33
001027-090128-00084-X,"שיזף 84, דימונה",דימונה,שיזף,84,,8608684,exact,203794.32,554606.07,694631.47,3440543.28
001027-090128-00085-X,"שיזף 85, דימונה",דימונה,שיזף,85,,8608685,exact,203460.41,554410.97,694301.49,3440341.57
001027-090128-00086-X,"שיזף 86, דימונה",דימונה,שיזף,86,,8608686,exact,203789.78,554609.48,694626.87,3440546.59
001027-090128-00087-X,"שיזף 87, דימונה",דימונה,שיזף,87,,8608687,exact,203445.11,554405.21,694286.31,3440335.51
001027-090128-00088-X,"שיזף 88, דימונה",דימונה,שיזף,88,,8608688,exact,203784.97,554609.92,694622.05,3440546.94
001027-090128-00089-X,"שיזף 89, דימונה",דימונה,שיזף,89,,8608689,exact,203445.52,554397.24,694286.88,3440327.55
001027-090128-00092-X,"שיזף 92, דימונה",דימונה,שיזף,92,,8608691,exact,203763.55,554621.05,694600.41,3440557.64
001027-090128-00096-X,"שיזף 96, דימונה",דימונה,שיזף,96,,8608693,exact,203757.00,554614.42,694593.99,3440550.89
001027-090128-00098-X,"שיזף 98, דימונה",דימונה,שיזף,98,,8608694,exact,203742.53,554616.88,694579.48,3440553.06
001027-090128-00104-X,"שיזף 104, דימונה",דימונה,שיזף,104,,8608697,exact,203720.97,554615.95,694557.94,3440551.69
001027-090128-00108-X,"שיזף 108, דימונה",דימונה,שיזף,108,,8608699,exact,203704.82,554615.60,694541.80,3440551.02
001027-090128-00112-X,"שיזף 112, דימונה",דימונה,שיזף,112,,8612002,exact,203686.99,554615.48,694523.97,3440550.55
001027-090128-00116-X,"שיזף 116, דימונה",דימונה,שיזף,116,,8612004,exact,203668.02,554616.77,694504.98,3440551.47
001027-090128-00118-X,"שיזף 118, דימונה",דימונה,שיזף,118,,8612005,exact,203665.54,554611.90,694502.60,3440546.55
001027-090128-00120-X,"שיזף 120, דימונה",דימונה,שיזף,120,,8612006,exact,203645.32,554611.79,694482.38,3440546.03
001027-090128-00122-X,"שיזף 122, דימונה",דימונה,שיזף,122,,8612007,exact,203647.33,554608.01,694484.47,3440542.30
001027-090128-00124-X,"שיזף 124, דימונה",דימונה,שיזף,124,,8612008,exact,203625.19,554605.98,694462.37,3440539.82
001027-090128-00126-X,"שיזף 126, דימונה",דימונה,שיזף,126,,8612009,exact,203627.34,554601.21,694464.62,3440535.10
001027-090128-00128-X,"שיזף 128, דימונה",דימונה,שיזף,128,,8612010,exact,203603.44,554596.31,694440.81,3440529.73
001027-090128-00130-X,"שיזף 130, דימונה",דימונה,שיזף,130,,8612011,exact,203606.46,554592.51,694443.91,3440525.99
001027-090128-00132-X,"שיזף 132, דימונה",דימונה,שיזף,132,,8612012,exact,203586.60,554586.90,694424.17,3440519.98
001027-090128-00134-X,"שיזף 134, דימונה",דימונה,שיזף,134,,8612013,exact,203588.60,554583.71,694426.23,3440516.84
001027-090128-00136-X,"שיזף 136, דימונה",דימונה,שיזף,136,,8612014,exact,203565.77,554573.50,694403.60,3440506.17
001027-090128-00138-X,"שיזף 138, דימונה",דימונה,שיזף,138,,8612015,exact,203567.46,554569.99,694405.37,3440502.69
001027-090128-00142-X,"שיזף 142, דימונה",דימונה,שיזף,142,,8612017,exact,203554.53,554558.41,694392.67,3440490.86
001027-090128-00144-X,"שיזף 144, דימונה",דימונה,שיזף,144,,8612018,exact,203541.83,554547.77,694380.18,3440479.97
001027-090128-00146-X,"שיזף 146, דימונה",דימונה,שיזף,146,,8612019,exact,203537.30,554550.66,694375.59,3440482.77
001027-090128-00156-X,"שיזף 156, דימונה",דימונה,שיזף,156,,8611103,exact,203418.11,554422.08,694258.97,3440351.84
001027-090128-00158-X,"שיזף 158, דימונה",דימונה,שיזף,158,,8611104,exact,203408.28,554445.64,694248.68,3440375.20
001027-090128-00160-X,"שיזף 160, דימונה",דימונה,שיזף,160,,8611105,exact,203389.89,554470.92,694229.79,3440400.11
001027-090128-00162-X,"שיזף 162, דימונה",דימונה,שיזף,162,,8611106,exact,203370.98,554461.82,694211.06,3440390.63
001027-090128-00164-X,"שיזף 164, דימונה",דימונה,שיזף,164,,8611107,exact,203355.41,554443.49,694195.86,3440372.00
001027-090128-00166-X,"שיזף 166, דימונה",דימונה,שיזף,166,,8611108,street,203887.53,554515.39,694726.48,3440454.46
001027-090128-00168-X,"שיזף 168, דימונה",דימונה,שיזף,168,,8611109,street,203887.53,554515.39,694726.48,3440454.46
001027-090128-00170-X,"שיזף 170, דימונה",דימונה,שיזף,170,,8611110,exact,203342.73,554389.28,694184.26,3440317.55
001027-090128-00172-X,"שיזף 172, דימונה",דימונה,שיזף,172,,8611111,exact,203356.89,554386.91,694198.47,3440315.46
001027-090128-00174-X,"שיזף 174, דימונה",דימונה,שיזף,174,,8611112,exact,203332.60,554413.03,694173.66,3440341.09
001027-090128-00176-X,"שיזף 176, דימונה",דימונה,שיזף,176,,8611113,exact,203317.05,554383.30,694158.70,3440311.06
001027-090149-00000-X,"מורן החורש, דימונה",דימונה,מורן החורש,,,8608200,street,203962.72,554160.53,694808.70,3440101.14
001027-090149-00001-X,"מורן החורש 1, דימונה",דימונה,מורן החורש,1,,8608201,exact,203750.09,554176.17,694595.80,3440112.56
001027-090149-00002-X,"מורן החורש 2, דימונה",דימונה,מורן החורש,2,,8608202,exact,203747.75,554144.06,694594.09,3440080.41
001027-090149-00005-X,"מורן החורש 5, דימונה",דימונה,מורן החורש,5,,8608205,exact,203767.27,554178.74,694612.92,3440115.47
001027-090149-00006-X,"מורן החורש 6, דימונה",דימונה,מורן החורש,6,,8608206,exact,203766.22,554143.42,694612.57,3440080.13
001027-090149-00007-X,"מורן החורש 7, דימונה",דימונה,מורן החורש,7,,8608207,exact,203770.93,554179.07,694616.57,3440115.88
001027-090149-00009-X,"מורן החורש 9, דימונה",דימונה,מורן החורש,9,,8608209,exact,203786.04,554175.89,694631.74,3440112.99
001027-090149-00010-X,"מורן החורש 10, דימונה",דימונה,מורן החורש,10,,8608210,exact,203784.74,554143.29,694631.09,3440080.37
001027-090149-00011-X,"מורן החורש 11, דימונה",דימונה,מורן החורש,11,,8608211,exact,203791.38,554176.37,694637.08,3440113.58
001027-090149-00012-X,"מורן החורש 12, דימונה",דימונה,מורן החורש,12,,8608212,exact,203792.07,554139.68,694638.49,3440076.91
001027-090149-00014-X,"מורן החורש 14, דימונה",דימונה,מורן החורש,14,,8608214,exact,203801.91,554138.37,694648.35,3440075.80
001027-090149-00015-X,"מורן החורש 15, דימונה",דימונה,מורן החורש,15,,8608215,exact,203808.62,554178.23,694654.27,3440115.78
001027-090149-00017-X,"מורן החורש 17, דימונה",דימונה,מורן החורש,17,,8608217,exact,203832.17,554175.36,694677.88,3440113.39
001027-090149-00019-X,"מורן החורש 19, דימונה",דימונה,מורן החורש,19,,8608219,exact,203880.34,554173.14,694726.09,3440112.12
001027-090149-00020-X,"מורן החורש 20, דימונה",דימונה,מורן החורש,20,,8608220,exact,203827.55,554145.10,694673.86,3440083.03
001027-090149-00021-X,"מורן החורש 21, דימונה",דימונה,מורן החורש,21,,8608221,exact,203898.06,554174.00,694743.78,3440113.33
001027-090149-00023-X,"מורן החורש 23, דימונה",דימונה,מורן החורש,23,,8608223,exact,203945.97,554173.23,694791.70,3440113.51
001027-090149-00025-X,"מורן החורש 25, דימונה",דימונה,מורן החורש,25,,8608225,exact,203966.54,554173.03,694812.27,3440113.72
001027-090149-00026-X,"מורן החורש 26, דימונה",דימונה,מורן החורש,26,,8608226,street,203962.72,554160.53,694808.70,3440101.14
001027-090149-00028-X,"מורן החורש 28, דימונה",דימונה,מורן החורש,28,,8608228,street,203962.72,554160.53,694808.70,3440101.14
001027-090149-00029-X,"מורן החורש 29, דימונה",דימונה,מורן החורש,29,,8608229,exact,204003.71,554179.91,694849.30,3440121.34
001027-090149-00030-X,"מורן החורש 30, דימונה",דימונה,מורן החורש,30,,8608230,exact,204004.82,554144.81,694851.11,3440086.27
001027-090149-00032-X,"מורן החורש 32, דימונה",דימונה,מורן החורש,32,,8608232,exact,204008.39,554139.39,694854.78,3440080.92
001027-090149-00033-X,"מורן החורש 33, דימונה",דימונה,מורן החורש,33,,8608233,exact,204023.18,554179.89,694868.77,3440121.71
001027-090149-00034-X,"מורן החורש 34, דימונה",דימונה,מורן החורש,34,,8608234,exact,204021.31,554144.75,694867.60,3440086.53
001027-090149-00035-X,"מורן החורש 35, דימונה",דימונה,מורן החורש,35,,8608235,exact,204037.99,554178.29,694883.61,3440120.40
001027-090149-00036-X,"מורן החורש 36, דימונה",דימונה,מורן החורש,36,,8608236,exact,204025.80,554142.18,694872.14,3440084.05
001027-090149-00037-X,"מורן החורש 37, דימונה",דימונה,מורן החורש,37,,8608237,exact,204041.60,554179.89,694887.18,3440122.07
001027-090149-00039-X,"מורן החורש 39, דימונה",דימונה,מורן החורש,39,,8608239,exact,204057.44,554176.87,694903.08,3440119.36
001027-090149-00041-X,"מורן החורש 41, דימונה",דימונה,מורן החורש,41,,8608241,exact,204059.42,554177.92,694905.04,3440120.46
001027-090149-00042-X,"מורן החורש 42, דימונה",דימונה,מורן החורש,42,,8608242,exact,204056.52,554141.09,694902.88,3440083.57
001027-090149-00043-X,"מורן החורש 43, דימונה",דימונה,מורן החורש,43,,8608243,exact,204077.54,554181.96,694923.08,3440124.85
001027-090149-00044-X,"מורן החורש 44, דימונה",דימונה,מורן החורש,44,,8608244,exact,204062.59,554145.39,694908.86,3440087.99
001027-090149-00045-X,"מורן החורש 45, דימונה",דימונה,מורן החורש,45,,8608245,exact,204078.45,554179.55,694924.04,3440122.46
001027-090149-00046-X,"מורן החורש 46, דימונה",דימונה,מורן החורש,46,,8608246,exact,204083.33,554144.23,694929.62,3440087.24
001027-090149-00047-X,"מורן החורש 47, דימונה",דימונה,מורן החורש,47,,8608247,exact,204096.63,554182.02,694942.17,3440125.30
001027-090149-00048-X,"מורן החורש 48, דימונה",דימונה,מורן החורש,48,,8608248,exact,204078.40,554141.17,694924.75,3440084.09
001027-090149-00049-X,"מורן החורש 49, דימונה",דימונה,מורן החורש,49,,8608249,exact,204102.70,554177.79,694948.32,3440121.19
001027-090149-00050-X,"מורן החורש 50, דימונה",דימונה,מורן החורש,50,,8608250,exact,204104.40,554142.56,694950.72,3440086.00
001027-090149-00051-X,"מורן החורש 51, דימונה",דימונה,מורן החורש,51,,8608251,exact,204115.74,554182.93,694961.26,3440126.58
001027-090149-00052-X,"מורן החורש 52, דימונה",דימונה,מורן החורש,52,,8608252,exact,204102.23,554145.83,694948.49,3440089.22
001027-090149-00054-X,"מורן החורש 54, דימונה",דימונה,מורן החורש,54,,8608254,exact,204116.44,554140.07,694962.81,3440083.74
001027-090149-00056-X,"מורן החורש 56, דימונה",דימונה,מורן החורש,56,,8608255,exact,204120.41,554144.93,694966.68,3440088.69
001027-090149-00060-X,"מורן החורש 60, דימונה",דימונה,מורן החורש,60,,8608257,exact,204157.07,554142.76,695003.38,3440087.24
001027-090149-00064-X,"מורן החורש 64, דימונה",דימונה,מורן החורש,64,,8608259,exact,204175.53,554142.39,695021.85,3440087.24
001027-090149-00068-X,"מורן החורש 68, דימונה",דימונה,מורן החורש,68,,8608261,exact,204193.55,554144.42,695039.82,3440089.63
001027-090149-00072-X,"מורן החורש 72, דימונה",דימונה,מורן החורש,72,,8608263,street,203962.72,554160.53,694808.70,3440101.14
001027-090149-00124-X,"מורן החורש 124, דימונה",דימונה,מורן החורש,124,,8608264,street,203962.72,554160.53,694808.70,3440101.14
001027-090149-00126-X,"מורן החורש 126, דימונה",דימונה,מורן החורש,126,,8608266,street,203962.72,554160.53,694808.70,3440101.14
001027-090149-00129-X,"מורן החורש 129, דימונה",דימונה,מורן החורש,129,,8608269,street,203962.72,554160.53,694808.70,3440101.14
001027-090185-00001-X,"חרוב 1, דימונה",דימונה,חרוב,1,,8608101,exact,203750.15,554365.57,694592.09,3440301.94
001027-090185-00002-X,"חרוב 2, דימונה",דימונה,חרוב,2,,8608102,exact,203748.07,554328.18,694590.76,3440264.50
001027-090185-00004-X,"חרוב 4, דימונה",דימונה,חרוב,4,,8608104,exact,203753.60,554324.75,694596.35,3440261.18
001027-090185-00005-X,"חרוב 5, דימונה",דימונה,חרוב,5,,8608105,exact,203766.78,554366.30,694608.70,3440303.00
001027-090185-00006-X,"חרוב 6, דימונה",דימונה,חרוב,6,,8608106,exact,203764.49,554329.07,694607.15,3440265.72
001027-090185-00007-X,"חרוב 7, דימונה",דימונה,חרוב,7,,8608107,exact,203771.68,554365.94,694613.61,3440302.73
001027-090185-00009-X,"חרוב 9, דימונה",דימונה,חרוב,9,,8608109,exact,203785.01,554365.74,694626.94,3440302.79
001027-090185-00010-X,"חרוב 10, דימונה",דימונה,חרוב,10,,8608110,exact,203782.96,554326.98,694625.67,3440264.00
001027-090185-00011-X,"חרוב 11, דימונה",דימונה,חרוב,11,,8608111,exact,203789.84,554368.30,694631.72,3440305.45
001027-090185-00012-X,"חרוב 12, דימונה",דימונה,חרוב,12,,8608112,exact,203791.46,554326.09,694634.18,3440263.29
001027-090185-00013-X,"חרוב 13, דימונה",דימונה,חרוב,13,,8608113,exact,203803.12,554365.93,694645.05,3440303.35
001027-090185-00014-X,"חרוב 14, דימונה",דימונה,חרוב,14,,8608114,exact,203801.03,554328.13,694643.71,3440265.51
001027-090185-00015-X,"חרוב 15, דימונה",דימונה,חרוב,15,,8608115,exact,203808.16,554365.72,694650.08,3440303.23
001027-090185-00016-X,"חרוב 16, דימונה",דימונה,חרוב,16,,8608116,exact,203809.30,554326.08,694652.01,3440263.62
001027-090185-00017-X,"חרוב 17, דימונה",דימונה,חרוב,17,,8608117,exact,203820.23,554366.63,694662.14,3440304.39
001027-090185-00018-X,"חרוב 18, דימונה",דימונה,חרוב,18,,8608118,exact,203818.11,554324.32,694660.86,3440262.04
001027-090185-00019-X,"חרוב 19, דימונה",דימונה,חרוב,19,,8608119,exact,203825.61,554368.99,694667.47,3440306.85
001027-090185-00020-X,"חרוב 20, דימונה",דימונה,חרוב,20,,8608120,exact,203826.44,554327.23,694669.13,3440265.11
001027-090185-00021-X,"חרוב 21, דימונה",דימונה,חרוב,21,,8608121,exact,203838.90,554368.06,694680.77,3440306.19
001027-090185-00022-X,"חרוב 22, דימונה",דימונה,חרוב,22,,8608122,exact,203838.82,554329.10,694681.47,3440267.24
001027-090185-00023-X,"חרוב 23, דימונה",דימונה,חרוב,23,,8608123,exact,203844.09,554367.20,694685.99,3440305.43
001027-090185-00024-X,"חרוב 24, דימונה",דימונה,חרוב,24,,8608124,exact,203845.59,554326.02,694688.30,3440264.28
001027-090185-00025-X,"חרוב 25, דימונה",דימונה,חרוב,25,,8608125,exact,203862.51,554368.55,694704.37,3440307.15
001027-090185-00027-X,"חרוב 27, דימונה",דימונה,חרוב,27,,8608127,exact,203864.59,554370.73,694706.41,3440309.37
001027-090185-00028-X,"חרוב 28, דימונה",דימונה,חרוב,28,,8608128,street,203925.91,554347.00,694768.19,3440286.86
001027-090185-00029-X,"חרוב 29, דימונה",דימונה,חרוב,29,,8608129,exact,203879.00,554368.35,694720.87,3440307.27
001027-090185-00030-X,"חרוב 30, דימונה",דימונה,חרוב,30,,8608130,street,203925.91,554347.00,694768.19,3440286.86
001027-090185-00031-X,"חרוב 31, דימונה",דימונה,חרוב,31,,8608131,exact,203884.22,554368.86,694726.07,3440307.89
001027-090185-00032-X,"חרוב 32, דימונה",דימונה,חרוב,32,,8608132,street,203925.91,554347.00,694768.19,3440286.86
001027-090185-00033-X,"חרוב 33, דימונה",דימונה,חרוב,33,,8608133,street,203925.91,554347.00,694768.19,3440286.86
001027-090185-00034-X,"חרוב 34, דימונה",דימונה,חרוב,34,,8608134,street,203925.91,554347.00,694768.19,3440286.86
001027-090185-00035-X,"חרוב 35, דימונה",דימונה,חרוב,35,,8608135,exact,204020.92,554406.13,694862.01,3440347.86
001027-090185-00037-X,"חרוב 37, דימונה",דימונה,חרוב,37,,8608137,exact,204018.13,554408.64,694859.17,3440350.33
001027-090185-00038-X,"חרוב 38, דימונה",דימונה,חרוב,38,,8608138,exact,204052.26,554381.00,694893.85,3440323.36
001027-090185-00039-X,"חרוב 39, דימונה",דימונה,חרוב,39,,8608139,exact,204034.00,554415.90,694874.90,3440357.89
001027-090185-00041-X,"חרוב 41, דימונה",דימונה,חרוב,41,,8608141,exact,204031.74,554419.04,694872.58,3440360.99
001027-090185-00042-X,"חרוב 42, דימונה",דימונה,חרוב,42,,8608142,exact,204064.04,554394.50,694905.36,3440337.10
001027-090185-00043-X,"חרוב 43, דימונה",דימונה,חרוב,43,,8608143,exact,204047.00,554433.50,694887.55,3440375.76
001027-090185-00044-X,"חרוב 44, דימונה",דימונה,חרוב,44,,8608144,exact,204072.25,554409.83,694913.26,3440352.58
001027-090185-00045-X,"חרוב 45, דימונה",דימונה,חרוב,45,,8608145,exact,204041.04,554434.96,694881.56,3440377.10
001027-090185-00046-X,"חרוב 46, דימונה",דימונה,חרוב,46,,8608146,exact,204077.03,554407.22,694918.09,3440350.07
001027-090185-00047-X,"חרוב 47, דימונה",דימונה,חרוב,47,,8608147,exact,204059.92,554440.05,694900.34,3440382.56
001027-090185-00049-X,"חרוב 49, דימונה",דימונה,חרוב,49,,8608149,exact,204057.28,554446.06,694897.58,3440388.51
001027-090185-00051-X,"חרוב 51, דימונה",דימונה,חרוב,51,,8608151,street,203925.91,554347.00,694768.19,3440286.86
001027-090185-00052-X,"חרוב 52, דימונה",דימונה,חרוב,52,,8608152,exact,204096.40,554432.19,694936.96,3440375.43
001027-090185-00054-X,"חרוב 54, דימונה",דימונה,חרוב,54,,8608153,exact,204102.21,554431.95,694942.78,3440375.30
001027-090185-00058-X,"חרוב 58, דימונה",דימונה,חרוב,58,,8608155,exact,204113.26,554445.94,694953.55,3440389.51
001027-090225-00000-X,"ליבנה, דימונה",דימונה,ליבנה,,,8608300,street,203856.38,554191.71,694701.76,3440130.21
001027-090225-00001-X,"ליבנה 1, דימונה",דימונה,ליבנה,1,,8608359,exact,203842.00,554058.11,694690.04,3439996.34
001027-090225-00002-X,"ליבנה 2, דימונה",דימונה,ליבנה,2,,8608360,exact,203872.52,554054.73,694720.61,3439993.57
001027-090225-00003-X,"ליבנה 3, דימונה",דימונה,ליבנה,3,,8608361,exact,203847.98,554058.37,694696.01,3439996.72
001027-090225-00004-X,"ליבנה 4, דימונה",דימונה,ליבנה,4,,8608362,exact,203874.23,554059.11,694722.24,3439997.99
001027-090225-00005-X,"ליבנה 5, דימונה",דימונה,ליבנה,5,,8608363,exact,203839.38,554073.00,694687.12,3440011.18
001027-090225-00007-X,"ליבנה 7, דימונה",דימונה,ליבנה,7,,8608365,exact,203839.93,554077.61,694687.57,3440015.80
001027-090225-00009-X,"ליבנה 9, דימונה",דימונה,ליבנה,9,,8608367,street,203856.38,554191.71,694701.76,3440130.21
001027-090225-00010-X,"ליבנה 10, דימונה",דימונה,ליבנה,10,,8608368,exact,203876.42,554086.42,694723.88,3440025.34
001027-090225-00013-X,"ליבנה 13, דימונה",דימונה,ליבנה,13,,8608371,street,203856.38,554191.71,694701.76,3440130.21
001027-090225-00014-X,"ליבנה 14, דימונה",דימונה,ליבנה,14,,8608372,exact,203876.38,554104.79,694723.48,3440043.70
001027-090225-00015-X,"ליבנה 15, דימונה",דימונה,ליבנה,15,,8608373,street,203856.38,554191.71,694701.76,3440130.21
001027-090225-00016-X,"ליבנה 16, דימונה",דימונה,ליבנה,16,,8608374,exact,203874.75,554108.68,694721.77,3440047.56
001027-090225-00017-X,"ליבנה 17, דימונה",דימונה,ליבנה,17,,8608375,street,203856.38,554191.71,694701.76,3440130.21
001027-090225-00018-X,"ליבנה 18, דימונה",דימונה,ליבנה,18,,8608376,exact,203875.11,554125.37,694721.81,3440064.26
001027-090225-00022-X,"ליבנה 22, דימונה",דימונה,ליבנה,22,,8608378,exact,203871.67,554142.84,694718.02,3440081.65
001027-090225-00026-X,"ליבנה 26, דימונה",דימונה,ליבנה,26,,8608380,exact,203870.55,554179.19,694716.18,3440117.97
001027-090225-00028-X,"ליבנה 28, דימונה",דימונה,ליבנה,28,,8608381,exact,203875.74,554183.43,694721.28,3440122.31
001027-090225-00030-X,"ליבנה 30, דימונה",דימונה,ליבנה,30,,8608382,exact,203873.37,554195.72,694718.67,3440134.56
001027-090225-00032-X,"ליבנה 32, דימונה",דימונה,ליבנה,32,,8608383,exact,203874.74,554201.66,694719.91,3440140.52
001027-090225-00034-X,"ליבנה 34, דימונה",דימונה,ליבנה,34,,8608384,exact,203876.08,554210.59,694721.08,3440149.48
001027-090225-00036-X,"ליבנה 36, דימונה",דימונה,ליבנה,36,,8608385,exact,203875.90,554219.48,694720.72,3440158.37
001027-090225-00038-X,"ליבנה 38, דימונה",דימונה,ליבנה,38,,8608386,exact,203875.32,554237.03,694719.79,3440175.90
001027-090225-00040-X,"ליבנה 40, דימונה",דימונה,ליבנה,40,,8608387,exact,203875.50,554241.81,694719.88,3440180.69
001027-090225-00044-X,"ליבנה 44, דימונה",דימונה,ליבנה,44,,8608389,exact,203875.73,554259.75,694719.75,3440198.62
001027-090225-00046-X,"ליבנה 46, דימונה",דימונה,ליבנה,46,,8608390,exact,203876.73,554271.20,694720.52,3440210.09
001027-090225-00048-X,"ליבנה 48, דימונה",דימונה,ליבנה,48,,8608391,exact,203871.49,554274.69,694715.22,3440213.48
001027-090225-00050-X,"ליבנה 50, דימונה",דימונה,ליבנה,50,,8608392,exact,203874.41,554290.11,694717.83,3440228.95
001027-090225-00052-X,"ליבנה 52, דימונה",דימונה,ליבנה,52,,8608393,exact,203872.05,554293.14,694715.41,3440231.94
001027-090244-00001-X,"אדר 1, דימונה",דימונה,אדר,1,,8608270,exact,203751.06,554113.88,694598.00,3440050.30
001027-090244-00002-X,"אדר 2, דימונה",דימונה,אדר,2,,8608271,exact,203749.35,554084.65,694596.87,3440021.04
001027-090244-00003-X,"אדר 3, דימונה",דימונה,אדר,3,,8608272,exact,203766.26,554111.05,694613.25,3440047.78
001027-090244-00005-X,"אדר 5, דימונה",דימונה,אדר,5,,8608274,exact,203771.34,554113.92,694618.28,3440050.75
001027-090244-00007-X,"אדר 7, דימונה",דימונה,אדר,7,,8608276,exact,203782.84,554112.92,694629.79,3440049.97
001027-090244-00008-X,"אדר 8, דימונה",דימונה,אדר,8,,8608277,exact,203773.21,554078.91,694620.84,3440015.77
001027-090244-00010-X,"אדר 10, דימונה",דימונה,אדר,10,,8608279,exact,203783.37,554083.11,694630.92,3440020.18
001027-090244-00011-X,"אדר 11, דימונה",דימונה,אדר,11,,8608280,exact,203803.34,554110.91,694650.33,3440048.37
001027-090244-00012-X,"אדר 12, דימונה",דימונה,אדר,12,,8608281,exact,203791.29,554079.20,694638.91,3440016.42
001027-090244-00013-X,"אדר 13, דימונה",דימונה,אדר,13,,8608282,exact,203805.84,554115.22,694652.74,3440052.73
001027-090244-00014-X,"אדר 14, דימונה",דימונה,אדר,14,,8608283,exact,203802.09,554079.79,694649.70,3440017.23
001027-090244-00015-X,"אדר 15, דימונה",דימונה,אדר,15,,8608284,exact,203820.14,554112.12,694667.10,3440049.91
001027-090244-00016-X,"אדר 16, דימונה",דימונה,אדר,16,,8608285,exact,203809.15,554078.10,694656.79,3440015.68
001027-090244-00018-X,"אדר 18, דימונה",דימונה,אדר,18,,8608287,exact,203823.38,554085.47,694670.88,3440023.33
001027-090244-00019-X,"אדר 19, דימונה",דימונה,אדר,19,,8608288,exact,203836.30,554116.94,694683.16,3440055.05
001027-090244-00020-X,"אדר 20, דימונה",דימונה,אדר,20,,8608289,exact,203826.91,554078.75,694674.54,3440016.68
001027-090244-00021-X,"אדר 21, דימונה",דימונה,אדר,21,,8608290,exact,203843.73,554113.92,694690.66,3440052.18
001027-090244-00022-X,"אדר 22, דימונה",דימונה,אדר,22,,8608291,street,203794.44,554099.05,694641.67,3440036.34
001027-090283-00000-X,"ברקן, דימונה",דימונה,ברקן,,,8608100,street,203793.54,554222.76,694638.32,3440160.00
001027-090283-00001-X,"ברקן 1, דימונה",דימונה,ברקן,1,,8608156,exact,203749.64,554237.87,694594.11,3440174.24
001027-090283-00002-X,"ברקן 2, דימונה",דימונה,ברקן,2,,8608157,exact,203749.28,554207.52,694594.36,3440143.89
001027-090283-00003-X,"ברקן 3, דימונה",דימונה,ברקן,3,,8608158,exact,203755.79,554239.45,694600.24,3440175.95
001027-090283-00004-X,"ברקן 4, דימונה",דימונה,ברקן,4,,8608159,exact,203754.89,554202.56,694600.07,3440139.05
001027-090283-00005-X,"ברקן 5, דימונה",דימונה,ברקן,5,,8608160,exact,203764.97,554242.48,694609.35,3440179.16
001027-090283-00006-X,"ברקן 6, דימונה",דימונה,ברקן,6,,8608161,exact,203764.07,554208.25,694609.13,3440144.91
001027-090283-00008-X,"ברקן 8, דימונה",דימונה,ברקן,8,,8608163,exact,203770.55,554204.66,694615.68,3440141.46
001027-090283-00009-X,"ברקן 9, דימונה",דימונה,ברקן,9,,8608164,exact,203785.81,554238.14,694630.28,3440175.23
001027-090283-00010-X,"ברקן 10, דימונה",דימונה,ברקן,10,,8608165,exact,203785.68,554207.61,694630.75,3440144.70
001027-090283-00011-X,"ברקן 11, דימונה",דימונה,ברקן,11,,8608166,exact,203789.76,554238.33,694634.22,3440175.50
001027-090283-00012-X,"ברקן 12, דימונה",דימונה,ברקן,12,,8608167,exact,203790.54,554203.58,694635.69,3440140.77
001027-090283-00013-X,"ברקן 13, דימונה",דימונה,ברקן,13,,8608168,exact,203800.27,554242.85,694644.64,3440180.23
001027-090283-00014-X,"ברקן 14, דימונה",דימונה,ברקן,14,,8608169,exact,203802.03,554207.40,694647.11,3440144.82
001027-090283-00015-X,"ברקן 15, דימונה",דימונה,ברקן,15,,8608170,exact,203807.45,554240.15,694651.87,3440177.67
001027-090283-00017-X,"ברקן 17, דימונה",דימונה,ברקן,17,,8608172,exact,203821.79,554237.98,694666.25,3440175.78
001027-090283-00018-X,"ברקן 18, דימונה",דימונה,ברקן,18,,8608173,exact,203824.67,554210.17,694669.68,3440148.04
001027-090283-00019-X,"ברקן 19, דימונה",דימונה,ברקן,19,,8608174,exact,203824.97,554240.58,694669.38,3440178.45
001027-090283-00023-X,"ברקן 23, דימונה",דימונה,ברקן,23,,8608176,exact,203840.52,554241.92,694684.90,3440180.10
001027-090317-00001-X,"דפנה 1, דימונה",דימונה,דפנה,1,,8608039,street,203793.65,554281.97,694637.25,3440219.21
001027-090317-00003-X,"דפנה 3, דימונה",דימונה,דפנה,3,,8608041,street,203793.65,554281.97,694637.25,3440219.21
001027-090317-00005-X,"דפנה 5, דימונה",דימונה,דפנה,5,,8608043,street,203793.65,554281.97,694637.25,3440219.21
001027-090317-00006-X,"דפנה 6, דימונה",דימונה,דפנה,6,,8608044,exact,203767.28,554269.02,694611.13,3440205.74
001027-090317-00007-X,"דפנה 7, דימונה",דימונה,דפנה,7,,8608045,exact,203745.11,554301.45,694588.33,3440237.73
001027-090317-00009-X,"דפנה 9, דימונה",דימונה,דפנה,9,,8608047,exact,203749.18,554295.20,694592.52,3440231.56
001027-090317-00010-X,"דפנה 10, דימונה",דימונה,דפנה,10,,8608048,exact,203785.50,554267.79,694629.38,3440204.87
001027-090317-00011-X,"דפנה 11, דימונה",דימונה,דפנה,11,,8608049,exact,203767.23,554300.37,694610.47,3440237.09
001027-090317-00012-X,"דפנה 12, דימונה",דימונה,דפנה,12,,8608050,exact,203790.73,554262.74,694634.71,3440199.93
001027-090317-00014-X,"דפנה 14, דימונה",דימונה,דפנה,14,,8608052,exact,203802.40,554270.20,694646.23,3440207.62
001027-090317-00016-X,"דפנה 16, דימונה",דימונה,דפנה,16,,8608054,exact,203808.40,554265.80,694652.31,3440203.33
001027-090317-00017-X,"דפנה 17, דימונה",דימונה,דפנה,17,,8608055,exact,203789.92,554298.36,694633.19,3440235.52
001027-090317-00018-X,"דפנה 18, דימונה",דימונה,דפנה,18,,8608056,exact,203822.58,554269.35,694666.42,3440207.17
001027-090317-00019-X,"דפנה 19, דימונה",דימונה,דפנה,19,,8608057,exact,203801.55,554301.74,694644.75,3440239.14
001027-090317-00021-X,"דפנה 21, דימונה",דימונה,דפנה,21,,8608059,exact,203803.44,554297.17,694646.73,3440234.61
001027-090317-00022-X,"דפנה 22, דימונה",דימונה,דפנה,22,,8608060,exact,203838.93,554270.13,694682.75,3440208.28
001027-090317-00023-X,"דפנה 23, דימונה",דימונה,דפנה,23,,8608061,exact,203819.65,554301.95,694662.84,3440239.71
001027-090317-00024-X,"דפנה 24, דימונה",דימונה,דפנה,24,,8608062,exact,203845.26,554265.17,694689.18,3440203.43
001027-090317-00025-X,"דפנה 25, דימונה",דימונה,דפנה,25,,8608063,exact,203824.44,554296.13,694667.75,3440233.98
001027-090317-00027-X,"דפנה 27, דימונה",דימונה,דפנה,27,,8608064,exact,203839.06,554299.37,694682.30,3440237.51
001027-090317-00029-X,"דפנה 29, דימונה",דימונה,דפנה,29,,8608065,exact,203842.04,554301.24,694685.24,3440239.43
001027-090369-00000-X,"פרג, דימונה",דימונה,פרג,,,8608000,street,203616.10,554346.24,694458.44,3440279.95
001027-090369-00002-X,"פרג 2, דימונה",דימונה,פרג,2,,8608067,exact,203718.47,554369.78,694560.33,3440305.51
001027-090369-00005-X,"פרג 5, דימונה",דימונה,פרג,5,,8608070,exact,203699.52,554327.69,694542.22,3440263.06
001027-090369-00006-X,"פרג 6, דימונה",דימונה,פרג,6,,8608071,exact,203701.77,554366.47,694543.70,3440301.87
001027-090369-00007-X,"פרג 7, דימונה",דימונה,פרג,7,,8608072,exact,203693.43,554322.96,694536.23,3440258.21
001027-090369-00009-X,"פרג 9, דימונה",דימונה,פרג,9,,8608074,exact,203679.49,554327.16,694522.20,3440262.12
001027-090369-00010-X,"פרג 10, דימונה",דימונה,פרג,10,,8608075,exact,203682.18,554366.53,694524.11,3440301.54
001027-090369-00011-X,"פרג 11, דימונה",דימונה,פרג,11,,8608076,exact,203670.14,554328.84,694512.82,3440263.62
001027-090369-00012-X,"פרג 12, דימונה",דימונה,פרג,12,,8608077,exact,203669.36,554369.02,694511.24,3440303.78
001027-090369-00013-X,"פרג 13, דימונה",דימונה,פרג,13,,8608078,exact,203668.13,554324.25,694510.90,3440258.99
001027-090369-00014-X,"פרג 14, דימונה",דימונה,פרג,14,,8608079,exact,203668.70,554366.91,694510.63,3440301.65
001027-090369-00015-X,"פרג 15, דימונה",דימונה,פרג,15,,8608080,exact,203655.59,554328.85,694498.27,3440263.34
001027-090369-00016-X,"פרג 16, דימונה",דימונה,פרג,16,,8608081,exact,203654.97,554369.49,694496.85,3440303.97
001027-090369-00018-X,"פרג 18, דימונה",דימונה,פרג,18,,8608083,exact,203653.01,554367.50,694494.92,3440301.94
001027-090369-00022-X,"פרג 22, דימונה",דימונה,פרג,22,,8608087,exact,203638.07,554366.68,694480.01,3440300.82
001027-090369-00023-X,"פרג 23, דימונה",דימונה,פרג,23,,8608088,exact,203615.97,554323.41,694458.76,3440257.11
001027-090369-00024-X,"פרג 24, דימונה",דימונה,פרג,24,,8608089,exact,203621.18,554369.21,694463.07,3440303.01
001027-090369-00025-X,"פרג 25, דימונה",דימונה,פרג,25,,8608090,exact,203618.83,554325.07,694461.60,3440258.83
001027-090369-00027-X,"פרג 27, דימונה",דימונה,פרג,27,,8608092,exact,203598.41,554327.24,694441.13,3440260.60
001027-090369-00028-X,"פרג 28, דימונה",דימונה,פרג,28,,8608093,exact,203581.37,554365.07,694423.34,3440298.08
001027-090369-00029-X,"פרג 29, דימונה",דימונה,פרג,29,,8608094,exact,203600.86,554322.20,694443.68,3440255.61
001027-090369-00031-X,"פרג 31, דימונה",דימונה,פרג,31,,8608096,exact,203589.79,554317.88,694432.71,3440251.06
001027-090369-00032-X,"פרג 32, דימונה",דימונה,פרג,32,,8608097,exact,203567.11,554360.32,694409.18,3440293.05
001027-090369-00034-X,"פרג 34, דימונה",דימונה,פרג,34,,8608099,exact,203567.28,554355.00,694409.46,3440287.73
001027-090369-00036-X,"פרג 36, דימונה",דימונה,פרג,36,,8612101,exact,203553.44,554348.94,694395.74,3440281.40
001027-090369-00037-X,"פרג 37, דימונה",דימונה,פרג,37,,8612102,street,203616.10,554346.24,694458.44,3440279.95
001027-090369-00038-X,"פרג 38, דימונה",דימונה,פרג,38,,8612103,exact,203540.37,554339.71,694382.85,3440271.91
001027-090380-00000-X,"אשחר, דימונה",דימונה,אשחר,,,8608800,street,204078.04,554099.85,694925.21,3440042.77
001027-090380-00001-X,"אשחר 1, דימונה",דימונה,אשחר,1,,8608801,exact,204002.80,554113.12,694849.72,3440054.54
001027-090380-00002-X,"אשחר 2, דימונה",דימונה,אשחר,2,,8608802,exact,204006.23,554080.74,694853.79,3440022.23
001027-090380-00003-X,"אשחר 3, דימונה",דימונה,אשחר,3,,8608803,exact,204005.84,554113.33,694852.75,3440054.81
001027-090380-00004-X,"אשחר 4, דימונה",דימונה,אשחר,4,,8608804,exact,204019.50,554084.12,694866.99,3440025.88
001027-090380-00005-X,"אשחר 5, דימונה",דימונה,אשחר,5,,8608805,exact,204018.81,554113.70,694865.71,3440055.44
001027-090380-00006-X,"אשחר 6, דימונה",דימונה,אשחר,6,,8608806,exact,204027.34,554081.58,694874.88,3440023.49
001027-090380-00007-X,"אשחר 7, דימונה",דימונה,אשחר,7,,8608807,exact,204024.53,554116.94,694871.37,3440058.79
001027-090380-00008-X,"אשחר 8, דימונה",דימונה,אשחר,8,,8608808,exact,204035.10,554079.81,694882.68,3440021.88
001027-090380-00009-X,"אשחר 9, דימונה",דימונה,אשחר,9,,8608809,exact,204036.32,554110.92,694883.27,3440053.01
001027-090380-00010-X,"אשחר 10, דימונה",דימונה,אשחר,10,,8608810,exact,204042.02,554083.41,694889.52,3440025.61
001027-090380-00011-X,"אשחר 11, דימונה",דימונה,אשחר,11,,8608811,exact,204041.51,554115.90,694888.37,3440058.09
001027-090380-00013-X,"אשחר 13, דימונה",דימונה,אשחר,13,,8608813,exact,204058.45,554115.39,694905.32,3440057.92
001027-090380-00014-X,"אשחר 14, דימונה",דימונה,אשחר,14,,8608814,exact,204059.74,554082.75,694907.25,3440025.31
001027-090380-00015-X,"אשחר 15, דימונה",דימונה,אשחר,15,,8608815,exact,204062.80,554117.81,694909.61,3440060.42
001027-090380-00016-X,"אשחר 16, דימונה",דימונה,אשחר,16,,8608816,exact,204078.17,554082.22,694925.70,3440025.14
001027-090380-00017-X,"אשחר 17, דימונה",דימונה,אשחר,17,,8608817,exact,204080.68,554112.61,694927.60,3440055.58
001027-090380-00018-X,"אשחר 18, דימונה",דימונה,אשחר,18,,8608818,exact,204086.31,554081.14,694933.86,3440024.22
001027-090380-00021-X,"אשחר 21, דימונה",דימונה,אשחר,21,,8608821,exact,204093.53,554117.75,694940.34,3440060.97
001027-090380-00022-X,"אשחר 22, דימונה",דימונה,אשחר,22,,8608822,exact,204103.97,554083.23,694951.46,3440026.67
001027-090380-00023-X,"אשחר 23, דימונה",דימונה,אשחר,23,,8608823,exact,204100.29,554113.57,694947.19,3440056.93
001027-090380-00024-X,"אשחר 24, דימונה",דימונה,אשחר,24,,8608824,exact,204115.18,554081.70,694962.71,3440025.35
001027-090380-00025-X,"אשחר 25, דימונה",דימונה,אשחר,25,,8608825,exact,204118.42,554110.28,694965.38,3440054.00
001027-090380-00026-X,"אשחר 26, דימונה",דימונה,אשחר,26,,8608826,exact,204121.95,554077.65,694969.55,3440021.45
001027-090380-00027-X,"אשחר 27, דימונה",דימונה,אשחר,27,,8608827,exact,204118.47,554115.37,694965.32,3440059.09
001027-090380-00028-X,"אשחר 28, דימונה",דימונה,אשחר,28,,8608828,exact,204133.92,554080.38,694981.47,3440024.41
001027-090380-00030-X,"אשחר 30, דימונה",דימונה,אשחר,30,,8608830,exact,204134.94,554084.53,694982.40,3440028.58
001027-090380-00033-X,"אשחר 33, דימונה",דימונה,אשחר,33,,8608833,exact,204168.06,554119.09,695014.83,3440063.80
001027-090380-00034-X,"אשחר 34, דימונה",דימונה,אשחר,34,,8608834,exact,204155.06,554082.23,695002.57,3440026.68
001027-090380-00035-X,"אשחר 35, דימונה",דימונה,אשחר,35,,8608835,exact,204172.74,554114.00,695019.62,3440058.80
001027-090407-00001-X,"אזוב 1, דימונה",דימונה,אזוב,1,,8608837,street,204168.47,554068.03,695016.26,3440012.75
001027-090407-00003-X,"אזוב 3, דימונה",דימונה,אזוב,3,,8608839,street,204168.47,554068.03,695016.26,3440012.75
001027-090407-00004-X,"אזוב 4, דימונה",דימונה,אזוב,4,,8608840,exact,204195.23,554045.63,695043.46,3439990.88
001027-090407-00005-X,"אזוב 5, דימונה",דימונה,אזוב,5,,8608841,street,204168.47,554068.03,695016.26,3440012.75
001027-090407-00006-X,"אזוב 6, דימונה",דימונה,אזוב,6,,8608842,exact,204192.90,554056.55,695040.91,3440001.75
001027-090407-00007-X,"אזוב 7, דימונה",דימונה,אזוב,7,,8608843,street,204168.47,554068.03,695016.26,3440012.75
001027-090407-00008-X,"אזוב 8, דימונה",דימונה,אזוב,8,,8608844,exact,204195.79,554063.56,695043.66,3440008.82
001027-090407-00010-X,"אזוב 10, דימונה",דימונה,אזוב,10,,8608846,exact,204193.11,554077.47,695040.71,3440022.68
001027-090407-00011-X,"אזוב 11, דימונה",דימונה,אזוב,11,,8608847,street,204168.47,554068.03,695016.26,3440012.75
001027-090407-00012-X,"אזוב 12, דימונה",דימונה,אזוב,12,,8608848,exact,204193.81,554085.19,695041.25,3440030.41
001027-090437-00000-X,"בשמת, דימונה",דימונה,בשמת,,,8608700,street,204061.40,554224.47,694906.10,3440167.04
001027-090437-00001-X,"בשמת 1, דימונה",דימונה,בשמת,1,,8608740,exact,204000.68,554240.08,694845.08,3440181.44
001027-090437-00002-X,"בשמת 2, דימונה",דימונה,בשמת,2,,8608741,exact,203999.22,554206.39,694844.29,3440147.73
001027-090437-00003-X,"בשמת 3, דימונה",דימונה,בשמת,3,,8608742,exact,204004.27,554236.29,694848.74,3440177.73
001027-090437-00004-X,"בשמת 4, דימונה",דימונה,בשמת,4,,8608743,exact,204004.70,554205.53,694849.78,3440146.97
001027-090437-00005-X,"בשמת 5, דימונה",דימונה,בשמת,5,,8608744,exact,204020.51,554239.12,694864.93,3440180.87
001027-090437-00006-X,"בשמת 6, דימונה",דימונה,בשמת,6,,8608745,exact,204017.35,554205.48,694862.43,3440147.18
001027-090437-00007-X,"בשמת 7, דימונה",דימונה,בשמת,7,,8608746,exact,204023.77,554235.55,694868.25,3440177.37
001027-090437-00008-X,"בשמת 8, דימונה",דימונה,בשמת,8,,8608747,exact,204024.86,554204.07,694869.97,3440145.91
001027-090437-00009-X,"בשמת 9, דימונה",דימונה,בשמת,9,,8608748,exact,204037.70,554240.00,694882.09,3440182.10
001027-090437-00011-X,"בשמת 11, דימונה",דימונה,בשמת,11,,8608750,exact,204041.36,554236.21,694885.83,3440178.37
001027-090437-00012-X,"בשמת 12, דימונה",דימונה,בשמת,12,,8608751,exact,204039.51,554210.12,694884.50,3440152.26
001027-090437-00013-X,"בשמת 13, דימונה",דימונה,בשמת,13,,8608752,exact,204055.45,554239.42,694899.85,3440181.87
001027-090437-00014-X,"בשמת 14, דימונה",דימונה,בשמת,14,,8608753,exact,204054.03,554205.89,694899.10,3440148.31
001027-090437-00016-X,"בשמת 16, דימונה",דימונה,בשמת,16,,8608755,exact,204060.78,554203.97,694905.88,3440146.53
001027-090437-00018-X,"בשמת 18, דימונה",דימונה,בשמת,18,,8608757,exact,204080.49,554210.91,694925.46,3440153.86
001027-090437-00020-X,"בשמת 20, דימונה",דימונה,בשמת,20,,8608759,exact,204086.30,554206.22,694931.35,3440149.29
001027-090437-00021-X,"בשמת 21, דימונה",דימונה,בשמת,21,,8608760,exact,204097.34,554239.28,694941.74,3440182.56
001027-090437-00022-X,"בשמת 22, דימונה",דימונה,בשמת,22,,8608761,exact,204097.77,554208.71,694942.78,3440152.01
001027-090437-00023-X,"בשמת 23, דימונה",דימונה,בשמת,23,,8608762,exact,204097.17,554234.95,694941.65,3440178.23
001027-090437-00024-X,"בשמת 24, דימונה",דימונה,בשמת,24,,8608763,exact,204103.07,554204.34,694948.16,3440147.74
001027-090437-00025-X,"בשמת 25, דימונה",דימונה,בשמת,25,,8608764,exact,204115.03,554240.14,694959.41,3440183.77
001027-090437-00028-X,"בשמת 28, דימונה",דימונה,בשמת,28,,8608767,exact,204121.74,554207.69,694966.76,3440151.46
001027-090437-00030-X,"בשמת 30, דימונה",דימונה,בשמת,30,,8608768,street,204061.40,554224.47,694906.10,3440167.04
001027-090467-00001-X,"דולב 1, דימונה",דימונה,דולב,1,,8612020,street,204075.72,554284.02,694919.24,3440226.87
001027-090467-00002-X,"דולב 2, דימונה",דימונה,דולב,2,,8612021,exact,203999.82,554269.07,694843.64,3440210.41
001027-090467-00003-X,"דולב 3, דימונה",דימונה,דולב,3,,8612022,exact,204042.15,554290.77,694885.53,3440232.95
001027-090467-00004-X,"דולב 4, דימונה",דימונה,דולב,4,,8612023,exact,204007.05,554267.49,694850.90,3440208.97
001027-090467-00005-X,"דולב 5, דימונה",דימונה,דולב,5,,8612024,exact,204110.69,554314.53,694953.60,3440258.07
001027-090467-00006-X,"דולב 6, דימונה",דימונה,דולב,6,,8612025,exact,204016.10,554267.96,694859.94,3440209.63
001027-090467-00007-X,"דולב 7, דימונה",דימונה,דולב,7,,8612026,exact,204109.52,554320.19,694952.31,3440263.70
001027-090467-00012-X,"דולב 12, דימונה",דימונה,דולב,12,,8612031,exact,204041.02,554266.56,694884.88,3440208.72
001027-090467-00013-X,"דולב 13, דימונה",דימונה,דולב,13,,8612032,exact,204131.59,554337.30,694974.04,3440281.25
001027-090467-00014-X,"דולב 14, דימונה",דימונה,דולב,14,,8612033,exact,204052.10,554267.86,694895.93,3440210.24
001027-090467-00017-X,"דולב 17, דימונה",דימונה,דולב,17,,8612036,exact,204144.51,554354.54,694986.62,3440298.75
001027-090467-00018-X,"דולב 18, דימונה",דימונה,דולב,18,,8612037,exact,204076.05,554269.24,694919.86,3440212.09
001027-090467-00019-X,"דולב 19, דימונה",דימונה,דולב,19,,8612038,exact,204146.77,554357.09,694988.82,3440301.34
001027-090467-00021-X,"דולב 21, דימונה",דימונה,דולב,21,,8612040,street,204075.72,554284.02,694919.24,3440226.87
001027-090467-00022-X,"דולב 22, דימונה",דימונה,דולב,22,,8612041,exact,204094.61,554265.17,694938.49,3440208.39
001027-090467-00023-X,"דולב 23, דימונה",דימונה,דולב,23,,8612042,street,204075.72,554284.02,694919.24,3440226.87
001027-090467-00024-X,"דולב 24, דימונה",דימונה,דולב,24,,8612043,exact,204102.77,554266.26,694946.63,3440209.64
001027-090467-00025-X,"דולב 25, דימונה",דימונה,דולב,25,,8612044,street,204075.72,554284.02,694919.24,3440226.87
001027-090467-00026-X,"דולב 26, דימונה",דימונה,דולב,26,,8612045,exact,204114.66,554266.98,694958.50,3440210.60
001027-090467-00027-X,"דולב 27, דימונה",דימונה,דולב,27,,8612046,street,204075.72,554284.02,694919.24,3440226.87
001027-090467-00029-X,"דולב 29, דימונה",דימונה,דולב,29,,8612048,street,204075.72,554284.02,694919.24,3440226.87
001027-090502-00000-X,"הרדוף הנחלים, דימונה",דימונה,הרדוף הנחלים,,,8608600,street,204106.38,554379.45,694947.99,3440322.89
001027-090502-00001-X,"הרדוף הנחלים 1, דימונה",דימונה,הרדוף הנחלים,1,,8612049,exact,204061.41,554361.41,694903.38,3440303.96
001027-090502-00003-X,"הרדוף הנחלים 3, דימונה",דימונה,הרדוף הנחלים,3,,8612051,exact,204068.46,554360.27,694910.46,3440302.95
001027-090502-00004-X,"הרדוף הנחלים 4, דימונה",דימונה,הרדוף הנחלים,4,,8612052,exact,204093.98,554338.15,694936.42,3440281.35
001027-090502-00006-X,"הרדוף הנחלים 6, דימונה",דימונה,הרדוף הנחלים,6,,8612054,exact,204098.66,554349.06,694940.88,3440292.35
001027-090502-00008-X,"הרדוף הנחלים 8, דימונה",דימונה,הרדוף הנחלים,8,,8612056,exact,204105.20,554351.08,694947.37,3440294.50
001027-090502-00009-X,"הרדוף הנחלים 9, דימונה",דימונה,הרדוף הנחלים,9,,8612057,exact,204089.81,554383.22,694931.35,3440326.33
001027-090502-00010-X,"הרדוף הנחלים 10, דימונה",דימונה,הרדוף הנחלים,10,,8612058,exact,204114.82,554359.30,694956.84,3440302.91
001027-090502-00013-X,"הרדוף הנחלים 13, דימונה",דימונה,הרדוף הנחלים,13,,8612061,exact,204099.53,554401.73,694940.70,3440345.03
001027-090502-00014-X,"הרדוף הנחלים 14, דימונה",דימונה,הרדוף הנחלים,14,,8612062,exact,204123.63,554374.34,694965.34,3440318.12
001027-090502-00015-X,"הרדוף הנחלים 15, דימונה",דימונה,הרדוף הנחלים,15,,8612063,exact,204105.16,554402.14,694946.32,3440345.56
001027-090502-00019-X,"הרדוף הנחלים 19, דימונה",דימונה,הרדוף הנחלים,19,,8612066,exact,204115.78,554414.71,694956.69,3440358.33
001027-090502-00021-X,"הרדוף הנחלים 21, דימונה",דימונה,הרדוף הנחלים,21,,8612067,exact,204129.59,554427.22,694970.25,3440371.12
001027-090502-00023-X,"הרדוף הנחלים 23, דימונה",דימונה,הרדוף הנחלים,23,,8612068,exact,204130.66,554430.69,694971.25,3440374.61
001027-090530-00001-X,"חרצית 1, דימונה",דימונה,חרצית,1,,8608401,exact,203937.12,554409.15,694778.16,3440349.22
001027-090530-00002-X,"חרצית 2, דימונה",דימונה,חרצית,2,,8608402,exact,203999.14,554427.24,694839.82,3440368.54
001027-090530-00003-X,"חרצית 3, דימונה",דימונה,חרצית,3,,8608403,exact,203941.11,554412.60,694782.09,3440352.75
001027-090530-00004-X,"חרצית 4, דימונה",דימונה,חרצית,4,,8608404,exact,204006.51,554427.37,694847.19,3440368.82
001027-090530-00005-X,"חרצית 5, דימונה",דימונה,חרצית,5,,8608405,exact,203951.50,554418.15,694792.37,3440358.51
001027-090530-00006-X,"חרצית 6, דימונה",דימונה,חרצית,6,,8608406,exact,204013.57,554437.32,694854.05,3440378.91
001027-090530-00007-X,"חרצית 7, דימונה",דימונה,חרצית,7,,8608407,exact,203953.17,554425.14,694793.90,3440365.53
001027-090530-00008-X,"חרצית 8, דימונה",דימונה,חרצית,8,,8608408,exact,204016.69,554438.59,694857.14,3440380.24
001027-090530-00009-X,"חרצית 9, דימונה",דימונה,חרצית,9,,8608409,exact,203977.41,554446.86,694817.70,3440387.73
001027-090530-00010-X,"חרצית 10, דימונה",דימונה,חרצית,10,,8608410,exact,204023.47,554454.15,694863.61,3440395.93
001027-090530-00012-X,"חרצית 12, דימונה",דימונה,חרצית,12,,8608412,exact,204030.45,554454.44,694870.59,3440396.36
001027-090530-00013-X,"חרצית 13, דימונה",דימונה,חרצית,13,,8608413,exact,203992.81,554457.05,694832.90,3440398.22
001027-090530-00014-X,"חרצית 14, דימונה",דימונה,חרצית,14,,8608414,exact,204039.28,554461.98,694879.27,3440404.07
001027-090530-00016-X,"חרצית 16, דימונה",דימונה,חרצית,16,,8608416,exact,204040.78,554466.27,694880.68,3440408.40
001027-090530-00017-X,"חרצית 17, דימונה",דימונה,חרצית,17,,8608417,exact,204002.97,554470.52,694842.79,3440411.89
001027-090530-00021-X,"חרצית 21, דימונה",דימונה,חרצית,21,,8608420,exact,204013.73,554484.79,694853.27,3440426.37
001027-090563-00001-X,"טופח 1, דימונה",דימונה,טופח,1,,8608395,exact,203841.44,554395.25,694682.77,3440333.43
001027-090563-00004-X,"טופח 4, דימונה",דימונה,טופח,4,,8608398,exact,203890.85,554403.02,694732.02,3440342.18
001027-090563-00006-X,"טופח 6, דימונה",דימונה,טופח,6,,8612501,exact,203896.62,554405.40,694737.74,3440344.67
001027-090563-00007-X,"טופח 7, דימונה",דימונה,טופח,7,,8612502,exact,203858.52,554417.84,694699.41,3440356.35
001027-090563-00008-X,"טופח 8, דימונה",דימונה,טופח,8,,8612503,exact,203907.55,554413.87,694748.51,3440353.35
001027-090563-00010-X,"טופח 10, דימונה",דימונה,טופח,10,,8612505,exact,203911.79,554415.11,694752.72,3440354.68
001027-090563-00011-X,"טופח 11, דימונה",דימונה,טופח,11,,8612506,exact,203871.29,554430.07,694711.93,3440368.83
001027-090563-00012-X,"טופח 12, דימונה",דימונה,טופח,12,,8612507,exact,203919.89,554428.07,694760.57,3440367.80
001027-090563-00013-X,"טופח 13, דימונה",דימונה,טופח,13,,8612508,exact,203880.75,554439.02,694721.21,3440377.96
001027-090563-00014-X,"טופח 14, דימונה",דימונה,טופח,14,,8612509,exact,203923.91,554431.94,694764.51,3440371.74
001027-090563-00015-X,"טופח 15, דימונה",דימונה,טופח,15,,8612510,exact,203885.81,554443.40,694726.19,3440382.45
001027-090563-00016-X,"טופח 16, דימונה",דימונה,טופח,16,,8612511,exact,203933.14,554439.16,694773.59,3440379.15
001027-090563-00017-X,"טופח 17, דימונה",דימונה,טופח,17,,8612512,exact,203894.49,554449.24,694734.75,3440388.46
001027-090563-00018-X,"טופח 18, דימונה",דימונה,טופח,18,,8612513,exact,203937.66,554441.92,694778.05,3440382.00
001027-090563-00019-X,"טופח 19, דימונה",דימונה,טופח,19,,8612514,exact,203896.84,554454.23,694736.99,3440393.50
001027-090563-00020-X,"טופח 20, דימונה",דימונה,טופח,20,,8612515,exact,203958.14,554471.31,694797.95,3440411.79
001027-090563-00021-X,"טופח 21, דימונה",דימונה,טופח,21,,8612516,exact,203904.05,554468.65,694743.92,3440408.06
001027-090563-00023-X,"טופח 23, דימונה",דימונה,טופח,23,,8612518,exact,203910.83,554466.93,694750.73,3440406.47
001027-090563-00024-X,"טופח 24, דימונה",דימונה,טופח,24,,8612519,exact,203972.41,554481.52,694812.02,3440422.28
001027-090563-00025-X,"טופח 25, דימונה",דימונה,טופח,25,,8612520,exact,203933.51,554490.07,694772.95,3440430.06
001027-090563-00026-X,"טופח 26, דימונה",דימונה,טופח,26,,8612521,exact,203976.21,554481.93,694815.80,3440422.77
001027-090563-00027-X,"טופח 27, דימונה",דימונה,טופח,27,,8612522,exact,203950.30,554502.56,694789.49,3440442.88
001027-090563-00028-X,"טופח 28, דימונה",דימונה,טופח,28,,8612523,exact,203984.01,554494.07,694823.37,3440435.06
001027-090563-00029-X,"טופח 29, דימונה",דימונה,טופח,29,,8612524,exact,203946.86,554506.42,694785.97,3440446.67
001027-090563-00031-X,"טופח 31, דימונה",דימונה,טופח,31,,8612526,exact,203960.19,554517.80,694799.08,3440458.32
001027-090563-00032-X,"טופח 32, דימונה",דימונה,טופח,32,,8612527,exact,204000.51,554501.83,694839.70,3440443.15
001027-090563-00034-X,"טופח 34, דימונה",דימונה,טופח,34,,8612529,exact,204000.86,554509.90,694839.90,3440451.23
001027-090563-00035-X,"טופח 35, דימונה",דימונה,טופח,35,,8612530,exact,203973.60,554525.50,694812.33,3440466.28
001027-090563-00036-X,"טופח 36, דימונה",דימונה,טופח,36,,8612531,street,203919.61,554451.70,694759.82,3440391.41
001027-090563-00037-X,"טופח 37, דימונה",דימונה,טופח,37,,8612532,exact,203971.92,554530.81,694810.55,3440471.55
001027-090563-00038-X,"טופח 38, דימונה",דימונה,טופח,38,,8612533,street,203919.61,554451.70,694759.82,3440391.41
001027-090563-00039-X,"טופח 39, דימונה",דימונה,טופח,39,,8612534,street,203919.61,554451.70,694759.82,3440391.41
001027-090592-00000-X,"סיגלון, דימונה",דימונה,סיגלון,,,8608400,street,204027.37,554495.26,694866.70,3440437.12
001027-090592-00001-X,"סיגלון 1, דימונה",דימונה,סיגלון,1,,8608421,street,204027.37,554495.26,694866.70,3440437.12
001027-090592-00003-X,"סיגלון 3, דימונה",דימונה,סיגלון,3,,8608423,street,204027.37,554495.26,694866.70,3440437.12
001027-090592-00004-X,"סיגלון 4, דימונה",דימונה,סיגלון,4,,8608424,exact,204084.62,554475.56,694924.33,3440418.55
001027-090592-00006-X,"סיגלון 6, דימונה",דימונה,סיגלון,6,,8608426,exact,204069.39,554480.43,694909.01,3440423.12
001027-090592-00007-X,"סיגלון 7, דימונה",דימונה,סיגלון,7,,8608427,street,204027.37,554495.26,694866.70,3440437.12
001027-090592-00008-X,"סיגלון 8, דימונה",דימונה,סיגלון,8,,8608428,exact,204066.11,554483.78,694905.66,3440426.40
001027-090592-00010-X,"סיגלון 10, דימונה",דימונה,סיגלון,10,,8608429,exact,204055.06,554491.59,694894.45,3440434.00
001027-090592-00012-X,"סיגלון 12, דימונה",דימונה,סיגלון,12,,8608430,exact,204055.86,554499.65,694895.09,3440442.07
001027-090592-00016-X,"סיגלון 16, דימונה",דימונה,סיגלון,16,,8608432,exact,204042.10,554509.89,694881.13,3440452.04
001027-090592-00020-X,"סיגלון 20, דימונה",דימונה,סיגלון,20,,8608434,exact,204031.03,554523.64,694869.79,3440465.56
001027-090592-00022-X,"סיגלון 22, דימונה",דימונה,סיגלון,22,,8608435,exact,204021.01,554531.26,694859.62,3440472.98
001027-090592-00024-X,"סיגלון 24, דימונה",דימונה,סיגלון,24,,8608436,exact,204016.02,554536.21,694854.53,3440477.83
001027-090605-00002-X,"אלה 2, דימונה",דימונה,אלה,2,,8608992,exact,203589.98,554177.15,694435.69,3440110.36
001027-090605-00004-X,"אלה 4, דימונה",דימונה,אלה,4,,8608993,exact,203590.37,554191.32,694435.79,3440124.53
001027-090605-00006-X,"אלה 6, דימונה",דימונה,אלה,6,,8608994,exact,203590.37,554200.19,694435.62,3440133.40
001027-090605-00010-X,"אלה 10, דימונה",דימונה,אלה,10,,8608996,exact,203575.48,554216.67,694420.40,3440149.59
001027-090642-00001-X,"חצב 1, דימונה",דימונה,חצב,1,,8608997,exact,203682.25,554141.38,694528.65,3440076.42
001027-090642-00002-X,"חצב 2, דימונה",דימונה,חצב,2,,8608998,exact,203659.41,554135.24,694505.94,3440069.84
001027-090642-00004-X,"חצב 4, דימונה",דימונה,חצב,4,,8612601,exact,203655.46,554085.71,694502.98,3440020.24
001027-090642-00005-X,"חצב 5, דימונה",דימונה,חצב,5,,8612602,exact,203681.83,554083.48,694529.39,3440018.53
001027-090642-00006-X,"חצב 6, דימונה",דימונה,חצב,6,,8612603,exact,203656.97,554068.00,694504.84,3440002.56
001027-090642-00007-X,"חצב 7, דימונה",דימונה,חצב,7,,8612604,exact,203682.88,554067.77,694530.75,3440002.84
001027-090642-00008-X,"חצב 8, דימונה",דימונה,חצב,8,,8612605,exact,203657.55,554048.20,694505.81,3439982.77
001027-090642-00010-X,"חצב 10, דימונה",דימונה,חצב,10,,8612607,street,203639.76,554102.14,694486.95,3440036.35
001027-090642-00011-X,"חצב 11, דימונה",דימונה,חצב,11,,8612608,exact,203683.45,554039.04,694531.89,3439974.12
001027-090642-00012-X,"חצב 12, דימונה",דימונה,חצב,12,,8612609,exact,203656.50,554030.46,694505.11,3439965.01
001027-090642-00013-X,"חצב 13, דימונה",דימונה,חצב,13,,8612610,exact,203683.20,554022.82,694531.96,3439957.90
001027-090642-00014-X,"חצב 14, דימונה",דימונה,חצב,14,,8612611,exact,203620.73,554033.81,694469.28,3439967.65
001027-090642-00015-X,"חצב 15, דימונה",דימונה,חצב,15,,8612612,exact,203693.55,554003.73,694542.69,3439939.02
001027-090642-00016-X,"חצב 16, דימונה",דימונה,חצב,16,,8612613,exact,203620.34,554053.25,694468.51,3439987.08
001027-090642-00017-X,"חצב 17, דימונה",דימונה,חצב,17,,8612614,exact,203684.79,554004.18,694533.92,3439939.30
001027-090642-00018-X,"חצב 18, דימונה",דימונה,חצב,18,,8612615,exact,203620.34,554071.25,694468.15,3440005.08
001027-090642-00019-X,"חצב 19, דימונה",דימונה,חצב,19,,8612616,exact,203672.94,554003.12,694522.09,3439938.01
001027-090642-00020-X,"חצב 20, דימונה",דימונה,חצב,20,,8612617,exact,203618.34,554088.25,694465.81,3440022.04
001027-090642-00021-X,"חצב 21, דימונה",דימונה,חצב,21,,8612618,exact,203663.12,553998.50,694512.37,3439933.19
001027-090642-00022-X,"חצב 22, דימונה",דימונה,חצב,22,,8612619,exact,203618.88,554120.63,694465.70,3440054.42
001027-090642-00024-X,"חצב 24, דימונה",דימונה,חצב,24,,8612621,exact,203637.36,554120.28,694484.19,3440054.44
001027-090642-00025-X,"חצב 25, דימונה",דימונה,חצב,25,,8612622,exact,203643.28,553998.97,694492.51,3439933.27
001027-090642-00026-X,"חצב 26, דימונה",דימונה,חצב,26,,8612623,exact,203651.41,554119.25,694498.25,3440053.69
001027-090642-00027-X,"חצב 27, דימונה",דימונה,חצב,27,,8612624,exact,203628.12,554005.25,694477.23,3439939.24
001027-090642-00028-X,"חצב 28, דימונה",דימונה,חצב,28,,8612625,street,203639.76,554102.14,694486.95,3440036.35
001027-090642-00029-X,"חצב 29, דימונה",דימונה,חצב,29,,8612626,exact,203620.44,553999.22,694469.67,3439933.06
001027-090642-00031-X,"חצב 31, דימונה",דימונה,חצב,31,,8612628,exact,203599.89,554002.66,694449.06,3439936.09
001027-090642-00032-X,"חצב 32, דימונה",דימונה,חצב,32,,8612629,street,203639.76,554102.14,694486.95,3440036.35
001027-090642-00033-X,"חצב 33, דימונה",דימונה,חצב,33,,8612630,exact,203593.73,553998.41,694442.99,3439931.72
001027-090642-00034-X,"חצב 34, דימונה",דימונה,חצב,34,,8612631,street,203639.76,554102.14,694486.95,3440036.35
001027-090642-00035-X,"חצב 35, דימונה",דימונה,חצב,35,,8612632,exact,203591.10,554015.16,694440.02,3439948.42
001027-090642-00036-X,"חצב 36, דימונה",דימונה,חצב,36,,8612633,street,203639.76,554102.14,694486.95,3440036.35
001027-090642-00037-X,"חצב 37, דימונה",דימונה,חצב,37,,8612634,exact,203596.56,554019.16,694445.40,3439952.53
001027-090642-00038-X,"חצב 38, דימונה",דימונה,חצב,38,,8612635,street,203639.76,554102.14,694486.95,3440036.35
001027-090642-00042-X,"חצב 42, דימונה",דימונה,חצב,42,,8612639,street,203639.76,554102.14,694486.95,3440036.35
001027-090642-00043-X,"חצב 43, דימונה",דימונה,חצב,43,,8612640,exact,203589.96,554048.03,694438.23,3439981.25
001027-090642-00044-X,"חצב 44, דימונה",דימונה,חצב,44,,8612641,street,203639.76,554102.14,694486.95,3440036.35
001027-090642-00045-X,"חצב 45, דימונה",דימונה,חצב,45,,8612642,exact,203596.56,554053.42,694444.73,3439986.78
001027-090642-00046-X,"חצב 46, דימונה",דימונה,חצב,46,,8612643,street,203639.76,554102.14,694486.95,3440036.35
001027-090642-00048-X,"חצב 48, דימונה",דימונה,חצב,48,,8612645,street,203639.76,554102.14,694486.95,3440036.35
001027-090642-00049-X,"חצב 49, דימונה",דימונה,חצב,49,,8612646,exact,203595.85,554070.86,694443.67,3440004.21
001027-090642-00050-X,"חצב 50, דימונה",דימונה,חצב,50,,8612647,street,203639.76,554102.14,694486.95,3440036.35
001027-090642-00051-X,"חצב 51, דימונה",דימונה,חצב,51,,8612648,exact,203589.71,554083.12,694437.28,3440016.34
001027-090642-00052-X,"חצב 52, דימונה",דימונה,חצב,52,,8612649,street,203639.76,554102.14,694486.95,3440036.35
001027-090642-00054-X,"חצב 54, דימונה",דימונה,חצב,54,,8612651,street,203639.76,554102.14,694486.95,3440036.35
001027-090642-00055-X,"חצב 55, דימונה",דימונה,חצב,55,,8612652,exact,203589.54,554102.43,694436.73,3440035.64
001027-090642-00056-X,"חצב 56, דימונה",דימונה,חצב,56,,8612653,street,203639.76,554102.14,694486.95,3440036.35
001027-090642-00057-X,"חצב 57, דימונה",דימונה,חצב,57,,8612654,exact,203596.39,554106.79,694443.50,3440040.14
001027-090642-00058-X,"חצב 58, דימונה",דימונה,חצב,58,,8612655,street,203639.76,554102.14,694486.95,3440036.35
001027-090642-00059-X,"חצב 59, דימונה",דימונה,חצב,59,,8612656,exact,203590.85,554120.44,694437.68,3440053.68
001027-090642-00062-X,"חצב 62, דימונה",דימונה,חצב,62,,8612659,street,203639.76,554102.14,694486.95,3440036.35
001027-090642-00064-X,"חצב 64, דימונה",דימונה,חצב,64,,8612661,street,203639.76,554102.14,694486.95,3440036.35
001027-090642-00065-X,"חצב 65, דימונה",דימונה,חצב,65,,8612662,exact,203602.14,554142.44,694448.53,3440075.89
001027-090675-00001-X,"מרווה 1, דימונה",דימונה,מרווה,1,,8612663,exact,203595.17,554172.78,694440.96,3440106.09
001027-090675-00002-X,"מרווה 2, דימונה",דימונה,מרווה,2,,8612664,exact,203622.74,554147.38,694469.03,3440081.25
001027-090675-00003-X,"מרווה 3, דימונה",דימונה,מרווה,3,,8612665,exact,203600.00,554173.92,694445.77,3440107.33
001027-090675-00004-X,"מרווה 4, דימונה",דימונה,מרווה,4,,8612666,exact,203639.97,554146.40,694486.28,3440080.61
001027-090675-00005-X,"מרווה 5, דימונה",דימונה,מרווה,5,,8612667,exact,203615.07,554174.09,694460.83,3440107.80
001027-090675-00007-X,"מרווה 7, דימונה",דימונה,מרווה,7,,8612669,exact,203632.51,554172.04,694478.31,3440106.10
001027-090675-00008-X,"מרווה 8, דימונה",דימונה,מרווה,8,,8612670,street,203650.93,554159.84,694496.97,3440094.26
001027-090675-00011-X,"מרווה 11, דימונה",דימונה,מרווה,11,,8612672,exact,203630.83,554190.72,694476.27,3440124.74
001027-090675-00015-X,"מרווה 15, דימונה",דימונה,מרווה,15,,8612674,exact,203661.46,554190.49,694506.89,3440125.12
001027-090675-00017-X,"מרווה 17, דימונה",דימונה,מרווה,17,,8612675,exact,203679.12,554191.22,694524.53,3440126.20
001027-090675-00019-X,"מרווה 19, דימונה",דימונה,מרווה,19,,8612676,exact,203688.05,554191.16,694533.46,3440126.32
001027-090675-00023-X,"מרווה 23, דימונה",דימונה,מרווה,23,,8612678,exact,203685.61,554175.00,694531.34,3440110.11
001027-090701-00001-X,"נורית 1, דימונה",דימונה,נורית,1,,8612679,exact,203693.89,554267.44,694537.79,3440202.71
001027-090701-00003-X,"נורית 3, דימונה",דימונה,נורית,3,,8612681,exact,203690.19,554261.39,694534.21,3440196.58
001027-090701-00004-X,"נורית 4, דימונה",דימונה,נורית,4,,8612682,exact,203709.85,554301.25,694553.08,3440236.82
001027-090701-00005-X,"נורית 5, דימונה",דימונה,נורית,5,,8612683,exact,203676.82,554268.37,694520.70,3440203.29
001027-090701-00006-X,"נורית 6, דימונה",דימונה,נורית,6,,8612684,exact,203700.08,554297.67,694543.38,3440233.05
001027-090701-00010-X,"נורית 10, דימונה",דימונה,נורית,10,,8612688,exact,203678.57,554292.02,694521.99,3440226.97
001027-090701-00011-X,"נורית 11, דימונה",דימונה,נורית,11,,8612689,exact,203653.36,554261.37,694497.39,3440195.83
001027-090701-00012-X,"נורית 12, דימונה",דימונה,נורית,12,,8612690,exact,203673.34,554299.13,694516.62,3440233.98
001027-090701-00013-X,"נורית 13, דימונה",דימונה,נורית,13,,8612691,exact,203642.47,554261.08,694486.50,3440195.32
001027-090701-00014-X,"נורית 14, דימונה",דימונה,נורית,14,,8612692,exact,203657.02,554297.07,694500.34,3440231.60
001027-090701-00016-X,"נורית 16, דימונה",דימונה,נורית,16,,8612694,exact,203649.61,554299.79,694492.87,3440234.17
001027-090701-00017-X,"נורית 17, דימונה",דימונה,נורית,17,,8612695,street,203676.23,554281.60,694519.85,3440216.51
001027-090701-00018-X,"נורית 18, דימונה",דימונה,נורית,18,,8612696,exact,203635.13,554296.07,694478.47,3440230.16
001027-090701-00019-X,"נורית 19, דימונה",דימונה,נורית,19,,8612697,street,203676.23,554281.60,694519.85,3440216.51
001027-090701-00020-X,"נורית 20, דימונה",דימונה,נורית,20,,8612698,exact,203627.03,554301.37,694470.27,3440235.30
001027-090701-00021-X,"נורית 21, דימונה",דימונה,נורית,21,,8612699,street,203676.23,554281.60,694519.85,3440216.51
001027-090701-00022-X,"נורית 22, דימונה",דימונה,נורית,22,,8612701,exact,203616.71,554285.29,694460.26,3440219.01
001027-090701-00023-X,"נורית 23, דימונה",דימונה,נורית,23,,8612702,street,203676.23,554281.60,694519.85,3440216.51
001027-090701-00024-X,"נורית 24, דימונה",דימונה,נורית,24,,8612703,exact,203609.83,554288.61,694453.32,3440222.20
001027-090731-00001-X,"צבעוני 1, דימונה",דימונה,צבעוני,1,,8612704,exact,203487.37,554433.16,694328.00,3440364.29
001027-090731-00002-X,"צבעוני 2, דימונה",דימונה,צבעוני,2,,8612705,exact,203468.53,554413.82,694309.56,3440344.59
001027-090731-00003-X,"צבעוני 3, דימונה",דימונה,צבעוני,3,,8612706,exact,203498.38,554421.25,694339.25,3440352.60
001027-090731-00004-X,"צבעוני 4, דימונה",דימונה,צבעוני,4,,8612707,exact,203469.49,554397.18,694310.84,3440327.96
001027-090731-00006-X,"צבעוני 6, דימונה",דימונה,צבעוני,6,,8612709,exact,203477.46,554396.51,694318.83,3440327.46
001027-090731-00007-X,"צבעוני 7, דימונה",דימונה,צבעוני,7,,8612710,exact,203520.54,554395.20,694361.93,3440327.00
001027-090731-00008-X,"צבעוני 8, דימונה",דימונה,צבעוני,8,,8612711,exact,203482.93,554383.43,694324.56,3440314.48
001027-090731-00009-X,"צבעוני 9, דימונה",דימונה,צבעוני,9,,8612712,exact,203533.46,554383.24,694375.08,3440315.30
001027-090731-00010-X,"צבעוני 10, דימונה",דימונה,צבעוני,10,,8612713,exact,203492.92,554381.73,694334.58,3440312.98
001027-090731-00011-X,"צבעוני 11, דימונה",דימונה,צבעוני,11,,8612714,exact,203545.08,554372.71,694386.91,3440305.00
001027-090731-00012-X,"צבעוני 12, דימונה",דימונה,צבעוני,12,,8612715,exact,203503.77,554370.65,694345.65,3440302.12
001027-090731-00013-X,"צבעוני 13, דימונה",דימונה,צבעוני,13,,8612716,street,203500.01,554397.70,694341.35,3440329.09
001027-090731-00014-X,"צבעוני 14, דימונה",דימונה,צבעוני,14,,8612717,exact,203509.53,554373.77,694351.34,3440305.35
001027-090760-00001-X,"ציפורן 1, דימונה",דימונה,ציפורן,1,,8612718,exact,203568.92,554519.19,694407.84,3440451.93
001027-090760-00002-X,"ציפורן 2, דימונה",דימונה,ציפורן,2,,8612719,exact,203553.42,554497.97,694392.75,3440430.41
001027-090760-00003-X,"ציפורן 3, דימונה",דימונה,ציפורן,3,,8612720,exact,203582.94,554507.63,694422.08,3440440.65
001027-090760-00004-X,"ציפורן 4, דימונה",דימונה,ציפורן,4,,8612721,exact,203564.25,554484.78,694403.85,3440417.44
001027-090760-00007-X,"ציפורן 7, דימונה",דימונה,ציפורן,7,,8612724,exact,203608.20,554482.38,694447.84,3440415.90
001027-090760-00009-X,"ציפורן 9, דימונה",דימונה,ציפורן,9,,8612726,exact,203620.31,554469.72,694460.20,3440403.49
001027-090760-00010-X,"ציפורן 10, דימונה",דימונה,ציפורן,10,,8612727,exact,203602.96,554448.80,694443.27,3440382.23
001027-090760-00011-X,"ציפורן 11, דימונה",דימונה,ציפורן,11,,8612728,exact,203631.01,554458.86,694471.11,3440392.84
001027-090760-00012-X,"ציפורן 12, דימונה",דימונה,ציפורן,12,,8612729,exact,203613.94,554437.23,694454.47,3440370.88
001027-090760-00013-X,"ציפורן 13, דימונה",דימונה,ציפורן,13,,8612730,exact,203647.53,554445.43,694487.90,3440379.75
001027-090760-00014-X,"ציפורן 14, דימונה",דימונה,ציפורן,14,,8612731,exact,203627.81,554421.69,694468.65,3440355.62
001027-090760-00015-X,"ציפורן 15, דימונה",דימונה,ציפורן,15,,8612732,exact,203661.46,554433.99,694502.06,3440368.58
001027-090760-00017-X,"ציפורן 17, דימונה",דימונה,ציפורן,17,,8612734,exact,203674.95,554426.88,694515.69,3440361.74
001027-090760-00019-X,"ציפורן 19, דימונה",דימונה,ציפורן,19,,8612736,exact,203694.66,554429.45,694535.33,3440364.70
001027-090760-00020-X,"ציפורן 20, דימונה",דימונה,ציפורן,20,,8612737,exact,203665.73,554401.20,694506.98,3440335.88
001027-090760-00021-X,"ציפורן 21, דימונה",דימונה,ציפורן,21,,8612738,street,203715.15,554415.44,694556.10,3440351.10
001027-090760-00022-X,"ציפורן 22, דימונה",דימונה,ציפורן,22,,8612739,exact,203682.48,554397.42,694523.80,3440332.44
001027-090760-00023-X,"ציפורן 23, דימונה",דימונה,ציפורן,23,,8612740,exact,203770.06,554428.79,694610.75,3440365.54
001027-090760-00024-X,"ציפורן 24, דימונה",דימונה,ציפורן,24,,8612741,exact,203698.92,554397.18,694540.24,3440332.52
001027-090760-00025-X,"ציפורן 25, דימונה",דימונה,ציפורן,25,,8612742,exact,203788.84,554435.49,694629.39,3440372.61
001027-090760-00026-X,"ציפורן 26, דימונה",דימונה,ציפורן,26,,8612743,exact,203716.88,554397.64,694558.19,3440333.34
001027-090760-00027-X,"ציפורן 27, דימונה",דימונה,ציפורן,27,,8612744,exact,203803.60,554446.59,694643.93,3440384.00
001027-090760-00031-X,"ציפורן 31, דימונה",דימונה,ציפורן,31,,8612748,exact,203824.66,554472.31,694664.46,3440410.13
001027-090760-00032-X,"ציפורן 32, דימונה",דימונה,ציפורן,32,,8612749,exact,203786.09,554404.67,694627.25,3440341.74
001027-090760-00033-X,"ציפורן 33, דימונה",דימונה,ציפורן,33,,8612750,exact,203839.86,554484.59,694679.42,3440422.72
001027-090760-00034-X,"ציפורן 34, דימונה",דימונה,ציפורן,34,,8612751,exact,203802.47,554401.66,694643.69,3440339.06
001027-090760-00035-X,"ציפורן 35, דימונה",דימונה,ציפורן,35,,8612752,exact,203850.56,554494.24,694689.93,3440432.58
001027-090760-00036-X,"ציפורן 36, דימונה",דימונה,ציפורן,36,,8612753,exact,203814.03,554413.30,694655.01,3440350.93
001027-090760-00037-X,"ציפורן 37, דימונה",דימונה,ציפורן,37,,8612754,street,203715.15,554415.44,694556.10,3440351.10
001027-090760-00038-X,"ציפורן 38, דימונה",דימונה,ציפורן,38,,8612755,exact,203826.12,554431.47,694666.74,3440369.34
001027-090760-00040-X,"ציפורן 40, דימונה",דימונה,ציפורן,40,,8612757,exact,203837.90,554443.18,694678.29,3440381.28
001027-090760-00041-X,"ציפורן 41, דימונה",דימונה,ציפורן,41,,8612758,street,203715.15,554415.44,694556.10,3440351.10
001027-090760-00042-X,"ציפורן 42, דימונה",דימונה,ציפורן,42,,8612759,exact,203850.33,554453.91,694690.50,3440392.25
001027-090760-00043-X,"ציפורן 43, דימונה",דימונה,ציפורן,43,,8612760,street,203715.15,554415.44,694556.10,3440351.10
001027-090760-00044-X,"ציפורן 44, דימונה",דימונה,ציפורן,44,,8612761,exact,203864.33,554466.60,694704.24,3440405.22
001027-090760-00045-X,"ציפורן 45, דימונה",דימונה,ציפורן,45,,8612762,street,203715.15,554415.44,694556.10,3440351.10
001027-090760-00046-X,"ציפורן 46, דימונה",דימונה,ציפורן,46,,8612763,exact,203874.73,554480.70,694714.37,3440419.52
001027-090760-00047-X,"ציפורן 47, דימונה",דימונה,ציפורן,47,,8612764,street,203715.15,554415.44,694556.10,3440351.10
001027-090798-00003-X,"סיתונית 3, דימונה",דימונה,סיתונית,3,,8605718,exact,203016.63,553932.49,693867.28,3439854.34
001027-090798-00004-X,"סיתונית 4, דימונה",דימונה,סיתונית,4,,8605719,exact,203032.03,553901.02,693883.31,3439823.19
001027-090798-00005-X,"סיתונית 5, דימונה",דימונה,סיתונית,5,,8605720,exact,203023.48,553933.84,693874.11,3439855.83
001027-090798-00007-X,"סיתונית 7, דימונה",דימונה,סיתונית,7,,8605722,exact,203039.80,553930.29,693890.49,3439852.61
001027-090798-00008-X,"סיתונית 8, דימונה",דימונה,סיתונית,8,,8605723,exact,203063.93,553904.18,693915.13,3439826.98
001027-090798-00009-X,"סיתונית 9, דימונה",דימונה,סיתונית,9,,8605724,exact,203050.03,553934.33,693900.64,3439856.85
001027-090798-00010-X,"סיתונית 10, דימונה",דימונה,סיתונית,10,,8605725,exact,203083.10,553907.05,693934.25,3439830.23
001027-090798-00011-X,"סיתונית 11, דימונה",דימונה,סיתונית,11,,8605726,exact,203066.38,553934.94,693916.98,3439857.78
001027-090798-00012-X,"סיתונית 12, דימונה",דימונה,סיתונית,12,,8605727,exact,203111.57,553907.77,693962.70,3439831.52
001027-090798-00013-X,"סיתונית 13, דימונה",דימונה,סיתונית,13,,8605728,exact,203073.55,553934.83,693924.14,3439857.81
001027-090798-00015-X,"סיתונית 15, דימונה",דימונה,סיתונית,15,,8605730,exact,203106.87,553933.88,693957.48,3439857.52
001027-090798-00017-X,"סיתונית 17, דימונה",דימונה,סיתונית,17,,8605732,exact,203115.23,553936.08,693965.80,3439859.89
001027-090798-00018-X,"סיתונית 18, דימונה",דימונה,סיתונית,18,,8605733,exact,203160.81,553904.90,694011.99,3439829.62
001027-090798-00019-X,"סיתונית 19, דימונה",דימונה,סיתונית,19,,8605734,exact,203134.15,553937.01,693984.70,3439861.20
001027-090798-00021-X,"סיתונית 21, דימונה",דימונה,סיתונית,21,,8605736,exact,203141.71,553937.71,693992.24,3439862.05
001027-090798-00022-X,"סיתונית 22, דימונה",דימונה,סיתונית,22,,8605737,exact,203194.95,553904.75,694046.13,3439830.15
001027-090798-00023-X,"סיתונית 23, דימונה",דימונה,סיתונית,23,,8605738,exact,203160.89,553938.37,694011.40,3439863.09
001027-090798-00024-X,"סיתונית 24, דימונה",דימונה,סיתונית,24,,8605739,exact,203217.58,553932.58,694068.20,3439858.43
001027-090798-00025-X,"סיתונית 25, דימונה",דימונה,סיתונית,25,,8605740,exact,203167.81,553938.95,694018.31,3439863.81
001027-090798-00027-X,"סיתונית 27, דימונה",דימונה,סיתונית,27,,8605741,exact,203190.17,553936.81,694040.71,3439862.11
001027-090798-00029-X,"סיתונית 29, דימונה",דימונה,סיתונית,29,,8605742,exact,203196.31,553936.67,694046.85,3439862.09
001027-090825-00001-X,"לילך 1, דימונה",דימונה,לילך,1,,8605744,exact,203195.88,553805.86,694049.02,3439731.29
001027-090825-00002-X,"לילך 2, דימונה",דימונה,לילך,2,,8605745,exact,203217.84,553766.04,694071.77,3439691.92
001027-090825-00003-X,"לילך 3, דימונה",דימונה,לילך,3,,8605746,exact,203195.88,553823.48,694048.67,3439748.91
001027-090825-00006-X,"לילך 6, דימונה",דימונה,לילך,6,,8605749,exact,203221.91,553796.50,694075.23,3439722.45
001027-090825-00007-X,"לילך 7, דימונה",דימונה,לילך,7,,8605750,street,203204.59,553852.12,694056.81,3439777.72
001027-090825-00008-X,"לילך 8, דימונה",דימונה,לילך,8,,8605751,exact,203218.28,553817.68,694071.18,3439743.56
001027-090825-00010-X,"לילך 10, דימונה",דימונה,לילך,10,,8605752,exact,203220.03,553829.93,694072.69,3439755.84
001027-090825-00012-X,"לילך 12, דימונה",דימונה,לילך,12,,8605753,exact,203213.59,553845.53,694065.94,3439771.31
001027-090825-00014-X,"לילך 14, דימונה",דימונה,לילך,14,,8605754,exact,203221.81,553857.49,694073.92,3439783.43
001027-090825-00016-X,"לילך 16, דימונה",דימונה,לילך,16,,8605755,exact,203214.46,553875.35,694066.21,3439801.15
001027-090825-00018-X,"לילך 18, דימונה",דימונה,לילך,18,,8605756,exact,203219.28,553886.14,694070.82,3439812.03
001027-090825-00020-X,"לילך 20, דימונה",דימונה,לילך,20,,8605757,exact,203211.93,553909.54,694063.01,3439835.28
001027-090825-00022-X,"לילך 22, דימונה",דימונה,לילך,22,,8605758,exact,203217.40,553919.18,694068.28,3439845.02
001027-090825-00024-X,"לילך 24, דימונה",דימונה,לילך,24,,8605759,street,203204.59,553852.12,694056.81,3439777.72
001027-090843-00001-X,"בת חן 1, דימונה",דימונה,בת חן,1,,8605761,exact,203013.47,553866.50,693865.44,3439788.31
001027-090843-00002-X,"בת חן 2, דימונה",דימונה,בת חן,2,,8605762,exact,203016.93,553837.32,693869.47,3439759.20
001027-090843-00005-X,"בת חן 5, דימונה",דימונה,בת חן,5,,8605765,exact,203045.28,553864.17,693897.29,3439786.61
001027-090843-00007-X,"בת חן 7, דימונה",דימונה,בת חן,7,,8605767,exact,203062.07,553863.85,693914.08,3439786.62
001027-090843-00008-X,"בת חן 8, דימונה",דימונה,בת חן,8,,8605768,exact,203069.52,553836.68,693922.07,3439759.60
001027-090843-00009-X,"בת חן 9, דימונה",דימונה,בת חן,9,,8605769,exact,203079.41,553862.50,693931.44,3439785.61
001027-090843-00010-X,"בת חן 10, דימונה",דימונה,בת חן,10,,8605770,exact,203086.13,553836.51,693938.68,3439759.77
001027-090843-00011-X,"בת חן 11, דימונה",דימונה,בת חן,11,,8605771,exact,203120.44,553867.28,693972.38,3439791.21
001027-090843-00013-X,"בת חן 13, דימונה",דימונה,בת חן,13,,8605773,exact,203136.95,553867.54,693988.87,3439791.80
001027-090843-00014-X,"בת חן 14, דימונה",דימונה,בת חן,14,,8605774,exact,203159.41,553834.48,694011.98,3439759.19
001027-090843-00015-X,"בת חן 15, דימונה",דימונה,בת חן,15,,8605775,exact,203155.41,553865.04,694007.38,3439789.66
001027-090843-00017-X,"בת חן 17, דימונה",דימונה,בת חן,17,,8605777,exact,203175.27,553868.19,694027.17,3439793.21
001027-090843-00018-X,"בת חן 18, דימונה",דימונה,בת חן,18,,8605778,exact,203194.42,553840.12,694046.87,3439765.53
001027-090843-00019-X,"בת חן 19, דימונה",דימונה,בת חן,19,,8605779,exact,203193.33,553868.47,694045.23,3439793.84
001027-090932-00001-X,"שושן צחור 1, דימונה",דימונה,שושן צחור,1,,8605780,exact,203016.75,553800.35,693870.03,3439722.23
001027-090932-00003-X,"שושן צחור 3, דימונה",דימונה,שושן צחור,3,,8605782,exact,203035.85,553800.86,693889.11,3439723.11
001027-090932-00004-X,"שושן צחור 4, דימונה",דימונה,שושן צחור,4,,8605783,exact,203026.17,553771.74,693880.02,3439693.81
001027-090932-00005-X,"שושן צחור 5, דימונה",דימונה,שושן צחור,5,,8605784,exact,203049.76,553798.39,693903.07,3439720.93
001027-090932-00007-X,"שושן צחור 7, דימונה",דימונה,שושן צחור,7,,8605786,exact,203066.82,553797.55,693920.15,3439720.43
001027-090932-00008-X,"שושן צחור 8, דימונה",דימונה,שושן צחור,8,,8605787,exact,203050.67,553770.60,693904.53,3439693.16
001027-090932-00009-X,"שושן צחור 9, דימונה",דימונה,שושן צחור,9,,8605788,exact,203084.73,553798.11,693938.04,3439721.34
001027-090932-00010-X,"שושן צחור 10, דימונה",דימונה,שושן צחור,10,,8605789,exact,203060.74,553766.76,693914.68,3439689.52
001027-090932-00011-X,"שושן צחור 11, דימונה",דימונה,שושן צחור,11,,8605790,street,203065.11,553784.75,693918.69,3439707.59
001027-090932-00012-X,"שושן צחור 12, דימונה",דימונה,שושן צחור,12,,8605791,exact,203076.14,553771.04,693929.99,3439694.10
001027-090932-00014-X,"שושן צחור 14, דימונה",דימונה,שושן צחור,14,,8605793,exact,203084.45,553768.04,693938.36,3439691.27
001027-090932-00015-X,"שושן צחור 15, דימונה",דימונה,שושן צחור,15,,8605794,exact,203156.81,553798.95,694010.10,3439723.61
001027-090932-00016-X,"שושן צחור 16, דימונה",דימונה,שושן צחור,16,,8605795,exact,203101.37,553771.42,693955.21,3439694.98
001027-090932-00017-X,"שושן צחור 17, דימונה",דימונה,שושן צחור,17,,8605796,exact,203173.32,553800.13,694026.57,3439725.11
001027-090932-00018-X,"שושן צחור 18, דימונה",דימונה,שושן צחור,18,,8605797,exact,203110.48,553768.51,693964.38,3439692.26
001027-090932-00019-X,"שושן צחור 19, דימונה",דימונה,שושן צחור,19,,8605798,exact,203192.62,553797.62,694045.92,3439722.99
001027-090932-00020-X,"שושן צחור 20, דימונה",דימונה,שושן צחור,20,,8605799,exact,203144.47,553772.50,693998.28,3439696.92
001027-090932-00022-X,"שושן צחור 22, דימונה",דימונה,שושן צחור,22,,8612801,exact,203153.58,553768.82,694007.47,3439693.42
001027-090932-00024-X,"שושן צחור 24, דימונה",דימונה,שושן צחור,24,,8612802,exact,203173.90,553772.54,694027.70,3439697.54
001027-090932-00028-X,"שושן צחור 28, דימונה",דימונה,שושן צחור,28,,8612804,exact,203208.14,553769.66,694062.00,3439695.35
001027-090937-00001-X,"אמנון ותמר 1, דימונה",דימונה,אמנון ותמר,1,,8612805,exact,202995.83,553767.26,693849.77,3439688.73
001027-090937-00002-X,"אמנון ותמר 2, דימונה",דימונה,אמנון ותמר,2,,8612806,exact,203013.58,553812.51,693866.61,3439734.32
001027-090937-00003-X,"אמנון ותמר 3, דימונה",דימונה,אמנון ותמר,3,,8612807,exact,202992.94,553786.96,693846.49,3439708.37
001027-090937-00004-X,"אמנון ותמר 4, דימונה",דימונה,אמנון ותמר,4,,8612808,exact,203012.64,553825.90,693865.41,3439747.69
001027-090937-00005-X,"אמנון ותמר 5, דימונה",דימונה,אמנון ותמר,5,,8612809,exact,202989.45,553794.97,693842.84,3439716.31
001027-090937-00006-X,"אמנון ותמר 6, דימונה",דימונה,אמנון ותמר,6,,8612810,exact,203010.05,553877.67,693861.79,3439799.40
001027-090937-00009-X,"אמנון ותמר 9, דימונה",דימונה,אמנון ותמר,9,,8612813,exact,202989.60,553828.06,693842.33,3439749.40
001027-090937-00011-X,"אמנון ותמר 11, דימונה",דימונה,אמנון ותמר,11,,8612814,exact,202994.80,553844.67,693847.20,3439766.10
001027-090937-00013-X,"אמנון ותמר 13, דימונה",דימונה,אמנון ותמר,13,,8612815,exact,202990.20,553854.75,693842.40,3439776.09
001027-090937-00015-X,"אמנון ותמר 15, דימונה",דימונה,אמנון ותמר,15,,8612816,exact,202990.47,553870.49,693842.36,3439791.84
001027-090937-00017-X,"אמנון ותמר 17, דימונה",דימונה,אמנון ותמר,17,,8612817,exact,202985.86,553880.94,693837.54,3439802.19
001027-090937-00019-X,"אמנון ותמר 19, דימונה",דימונה,אמנון ותמר,19,,8612818,exact,202987.71,553904.56,693838.92,3439825.85
001027-090937-00021-X,"אמנון ותמר 21, דימונה",דימונה,אמנון ותמר,21,,8612819,exact,202987.17,553911.81,693838.23,3439833.09
001027-091071-00000-X,"צפצפה, דימונה",דימונה,צפצפה,,,8608900,street,203555.06,554434.71,694395.66,3440367.19
001027-091071-00001-X,"צפצפה 1, דימונה",דימונה,צפצפה,1,,8612766,exact,203530.43,554475.41,694370.22,3440407.39
001027-091071-00002-X,"צפצפה 2, דימונה",דימונה,צפצפה,2,,8612767,exact,203512.34,554455.41,694352.53,3440387.04
001027-091071-00003-X,"צפצפה 3, דימונה",דימונה,צפצפה,3,,8612768,exact,203539.24,554462.77,694379.28,3440394.93
001027-091071-00004-X,"צפצפה 4, דימונה",דימונה,צפצפה,4,,8612769,exact,203523.45,554444.17,694363.86,3440376.02
001027-091071-00005-X,"צפצפה 5, דימונה",דימונה,צפצפה,5,,8612770,exact,203552.24,554449.77,694392.53,3440382.19
001027-091071-00006-X,"צפצפה 6, דימונה",דימונה,צפצפה,6,,8612771,exact,203537.45,554432.17,694378.10,3440364.30
001027-091071-00007-X,"צפצפה 7, דימונה",דימונה,צפצפה,7,,8612772,exact,203566.91,554440.65,694407.39,3440373.36
001027-091071-00008-X,"צפצפה 8, דימונה",דימונה,צפצפה,8,,8612773,exact,203549.45,554419.17,694390.36,3440351.54
001027-091071-00009-X,"צפצפה 9, דימונה",דימונה,צפצפה,9,,8612774,exact,203574.26,554428.82,694414.97,3440361.69
001027-091071-00010-X,"צפצפה 10, דימונה",דימונה,צפצפה,10,,8612775,exact,203561.11,554407.36,694402.25,3440339.96
001027-091071-00011-X,"צפצפה 11, דימונה",דימונה,צפצפה,11,,8612776,exact,203589.81,554414.83,694430.80,3440348.00
001027-091071-00013-X,"צפצפה 13, דימונה",דימונה,צפצפה,13,,8612778,exact,203604.74,554402.27,694445.97,3440335.74
001027-091071-00014-X,"צפצפה 14, דימונה",דימונה,צפצפה,14,,8612779,street,203555.06,554434.71,694395.66,3440367.19
001027-091071-00015-X,"צפצפה 15, דימונה",דימונה,צפצפה,15,,8612780,exact,203616.43,554391.66,694457.88,3440325.36
001027-091108-00001-X,"שיקמה 1, דימונה",דימונה,שיקמה,1,,8612781,exact,203641.68,554527.88,694480.41,3440462.07
001027-091108-00002-X,"שיקמה 2, דימונה",דימונה,שיקמה,2,,8612782,exact,203597.86,554540.61,694436.34,3440473.93
001027-091108-00003-X,"שיקמה 3, דימונה",דימונה,שיקמה,3,,8612783,exact,203634.27,554548.66,694472.59,3440482.70
001027-091108-00004-X,"שיקמה 4, דימונה",דימונה,שיקמה,4,,8612784,exact,203609.60,554527.73,694448.34,3440461.28
001027-091108-00005-X,"שיקמה 5, דימונה",דימונה,שיקמה,5,,8612785,exact,203683.76,554562.31,694521.80,3440497.32
001027-091108-00006-X,"שיקמה 6, דימונה",דימונה,שיקמה,6,,8612786,exact,203621.32,554516.29,694460.28,3440450.07
001027-091108-00007-X,"שיקמה 7, דימונה",דימונה,שיקמה,7,,8612787,exact,203702.02,554548.13,694540.34,3440483.51
001027-091108-00008-X,"שיקמה 8, דימונה",דימונה,שיקמה,8,,8612788,exact,203635.13,554505.82,694474.30,3440439.88
001027-091108-00009-X,"שיקמה 9, דימונה",דימונה,שיקמה,9,,8612789,exact,203708.35,554502.34,694547.58,3440437.85
001027-091108-00010-X,"שיקמה 10, דימונה",דימונה,שיקמה,10,,8612790,exact,203647.13,554493.96,694486.53,3440428.26
001027-091108-00011-X,"שיקמה 11, דימונה",דימונה,שיקמה,11,,8612791,exact,203676.77,554507.17,694515.91,3440442.05
001027-091108-00012-X,"שיקמה 12, דימונה",דימונה,שיקמה,12,,8612792,exact,203656.74,554480.75,694496.41,3440415.24
001027-091108-00013-X,"שיקמה 13, דימונה",דימונה,שיקמה,13,,8612793,exact,203751.52,554497.91,694590.83,3440434.29
001027-091108-00014-X,"שיקמה 14, דימונה",דימונה,שיקמה,14,,8612794,exact,203672.30,554466.58,694512.25,3440401.38
001027-091108-00015-X,"שיקמה 15, דימונה",דימונה,שיקמה,15,,8612795,exact,203753.01,554522.15,694591.84,3440458.55
001027-091108-00016-X,"שיקמה 16, דימונה",דימונה,שיקמה,16,,8612796,exact,203683.09,554459.26,694523.17,3440394.27
001027-091108-00017-X,"שיקמה 17, דימונה",דימונה,שיקמה,17,,8612797,exact,203753.01,554548.42,694591.32,3440484.81
001027-091108-00018-X,"שיקמה 18, דימונה",דימונה,שיקמה,18,,8612798,exact,203698.68,554458.79,694538.78,3440394.12
001027-091108-00019-X,"שיקמה 19, דימונה",דימונה,שיקמה,19,,8612799,exact,203769.82,554560.17,694607.89,3440496.90
001027-091108-00020-X,"שיקמה 20, דימונה",דימונה,שיקמה,20,,8612901,exact,203717.94,554460.67,694558.00,3440396.38
001027-091108-00021-X,"שיקמה 21, דימונה",דימונה,שיקמה,21,,8612902,exact,203791.02,554549.72,694629.30,3440486.87
001027-091108-00022-X,"שיקמה 22, דימונה",דימונה,שיקמה,22,,8612903,street,203696.09,554526.50,694534.84,3440461.77
001027-091108-00023-X,"שיקמה 23, דימונה",דימונה,שיקמה,23,,8612904,street,203696.09,554526.50,694534.84,3440461.77
001027-091108-00024-X,"שיקמה 24, דימונה",דימונה,שיקמה,24,,8612905,exact,203768.26,554461.62,694608.29,3440398.33
001027-091108-00025-X,"שיקמה 25, דימונה",דימונה,שיקמה,25,,8612906,exact,203792.64,554530.51,694631.29,3440467.70
001027-091108-00026-X,"שיקמה 26, דימונה",דימונה,שיקמה,26,,8612907,exact,203781.81,554475.13,694621.56,3440412.11
001027-091108-00030-X,"שיקמה 30, דימונה",דימונה,שיקמה,30,,8612909,exact,203804.45,554500.66,694643.69,3440438.08
001027-091108-00032-X,"שיקמה 32, דימונה",דימונה,שיקמה,32,,8612910,exact,203818.82,554512.71,694657.83,3440450.42
001027-091108-00034-X,"שיקמה 34, דימונה",דימונה,שיקמה,34,,8612911,exact,203830.47,554522.71,694669.28,3440460.65
001027-091108-00038-X,"שיקמה 38, דימונה",דימונה,שיקמה,38,,8612913,street,203696.09,554526.50,694534.84,3440461.77
001027-091132-00001-X,"? 1, דימונה",דימונה,?,1,,8612914,none,,,,
001027-091132-00003-X,"? 3, דימונה",דימונה,?,3,,8612916,none,,,,
001027-091132-00004-X,"? 4, דימונה",דימונה,?,4,,8612917,none,,,,
001027-091132-00005-X,"? 5, דימונה",דימונה,?,5,,8612918,none,,,,
001027-091132-00006-X,"? 6, דימונה",דימונה,?,6,,8612919,none,,,,
001027-091132-00008-X,"? 8, דימונה",דימונה,?,8,,8612921,none,,,,
001027-091132-00010-X,"? 10, דימונה",דימונה,?,10,,8612923,none,,,,
001027-091132-00013-X,"? 13, דימונה",דימונה,?,13,,8612926,none,,,,
001027-091132-00014-X,"? 14, דימונה",דימונה,?,14,,8612927,none,,,,
001027-091132-00015-X,"? 15, דימונה",דימונה,?,15,,8612928,none,,,,
001027-091132-00016-X,"? 16, דימונה",דימונה,?,16,,8612929,none,,,,
001027-091132-00017-X,"? 17, דימונה",דימונה,?,17,,8612930,none,,,,
001027-091132-00018-X,"? 18, דימונה",דימונה,?,18,,8612931,none,,,,
001027-091132-00019-X,"? 19, דימונה",דימונה,?,19,,8612932,none,,,,
001027-091132-00020-X,"? 20, דימונה",דימונה,?,20,,8612933,none,,,,
001027-091132-00021-X,"? 21, דימונה",דימונה,?,21,,8612934,none,,,,
001027-091132-00022-X,"? 22, דימונה",דימונה,?,22,,8612935,none,,,,
001027-091132-00023-X,"? 23, דימונה",דימונה,?,23,,8612936,none,,,,
001027-091132-00024-X,"? 24, דימונה",דימונה,?,24,,8612937,none,,,,
001027-091132-00026-X,"? 26, דימונה",דימונה,?,26,,8612939,none,,,,
001027-091132-00028-X,"? 28, דימונה",דימונה,?,28,,8612940,none,,,,
001027-091132-00030-X,"? 30, דימונה",דימונה,?,30,,8612941,none,,,,
001027-091132-00032-X,"? 32, דימונה",דימונה,?,32,,8612942,none,,,,
001027-091316-00002-X,"ישעיה 2, דימונה",דימונה,ישעיה,2,,8606902,exact,203467.50,554265.07,694311.48,3440195.83
001027-091316-00003-X,"ישעיה 3, דימונה",דימונה,ישעיה,3,,8606903,exact,203441.67,554258.52,694285.79,3440188.77
001027-091316-00004-X,"ישעיה 4, דימונה",דימונה,ישעיה,4,,8606904,exact,203456.75,554274.78,694300.54,3440205.33
001027-091316-00005-X,"ישעיה 5, דימונה",דימונה,ישעיה,5,,8606905,exact,203430.55,554269.58,694274.44,3440199.61
001027-091316-00006-X,"ישעיה 6, דימונה",דימונה,ישעיה,6,,8606906,exact,203447.12,554283.61,694290.73,3440213.96
001027-091316-00008-X,"ישעיה 8, דימונה",דימונה,ישעיה,8,,8606908,exact,203437.22,554291.96,694280.67,3440222.12
001027-091316-00009-X,"ישעיה 9, דימונה",דימונה,ישעיה,9,,8606909,exact,203397.94,554301.41,694241.21,3440230.78
001027-091316-00011-X,"ישעיה 11, דימונה",דימונה,ישעיה,11,,8606911,exact,203385.29,554311.96,694228.35,3440241.08
001027-091316-00012-X,"ישעיה 12, דימונה",דימונה,ישעיה,12,,8606912,exact,203417.30,554312.53,694260.34,3440242.29
001027-091316-00013-X,"ישעיה 13, דימונה",דימונה,ישעיה,13,,8606913,exact,203370.36,554317.50,694213.31,3440246.33
001027-091316-00014-X,"ישעיה 14, דימונה",דימונה,ישעיה,14,,8606914,exact,203410.61,554324.15,694253.42,3440253.78
001027-091316-00015-X,"ישעיה 15, דימונה",דימונה,ישעיה,15,,8606915,exact,203354.30,554313.22,694197.34,3440241.73
001027-091316-00016-X,"ישעיה 16, דימונה",דימונה,ישעיה,16,,8606916,exact,203396.02,554329.58,694238.73,3440258.92
001027-091316-00017-X,"ישעיה 17, דימונה",דימונה,ישעיה,17,,8606917,exact,203340.63,554316.90,694183.59,3440245.14
001027-091316-00018-X,"ישעיה 18, דימונה",דימונה,ישעיה,18,,8606918,exact,203385.50,554337.13,694228.06,3440266.25
001027-091316-00019-X,"ישעיה 19, דימונה",דימונה,ישעיה,19,,8606919,exact,203321.58,554306.84,694164.75,3440234.70
001027-091316-00020-X,"ישעיה 20, דימונה",דימונה,ישעיה,20,,8606920,exact,203372.86,554341.17,694215.34,3440270.04
001027-091316-00021-X,"ישעיה 21, דימונה",דימונה,ישעיה,21,,8606921,exact,203313.61,554290.52,694157.10,3440218.22
001027-091316-00022-X,"ישעיה 22, דימונה",דימונה,ישעיה,22,,8606922,exact,203359.61,554341.11,694202.10,3440269.72
001027-091316-00023-X,"ישעיה 23, דימונה",דימונה,ישעיה,23,,8606923,exact,203309.49,554276.01,694153.28,3440203.63
001027-091316-00024-X,"ישעיה 24, דימונה",דימונה,ישעיה,24,,8606924,exact,203346.14,554341.95,694188.61,3440270.29
001027-091316-00025-X,"ישעיה 25, דימונה",דימונה,ישעיה,25,,8606925,exact,203305.58,554262.08,694149.65,3440189.63
001027-091316-00026-X,"ישעיה 26, דימונה",דימונה,ישעיה,26,,8606926,exact,203331.32,554346.48,694173.70,3440274.52
001027-091316-00027-X,"ישעיה 27, דימונה",דימונה,ישעיה,27,,8606927,exact,203301.71,554248.93,694146.03,3440176.41
001027-091316-00028-X,"ישעיה 28, דימונה",דימונה,ישעיה,28,,8606928,exact,203327.24,554337.91,694169.79,3440265.88
001027-091316-00029-X,"ישעיה 29, דימונה",דימונה,ישעיה,29,,8606929,street,203419.85,554295.92,694263.23,3440225.73
001027-091316-00030-X,"ישעיה 30, דימונה",דימונה,ישעיה,30,,8606930,exact,203306.93,554330.00,694149.65,3440257.56
001027-091316-00036-X,"ישעיה 36, דימונה",דימונה,ישעיה,36,,8606933,exact,203291.46,554297.21,694134.83,3440224.47
001027-091316-00040-X,"ישעיה 40, דימונה",דימונה,ישעיה,40,,8606935,exact,203282.11,554270.27,694126.02,3440197.35
001027-091316-00042-X,"ישעיה 42, דימונה",דימונה,ישעיה,42,,8606936,exact,203278.48,554257.58,694122.64,3440184.59
001027-091316-00044-X,"ישעיה 44, דימונה",דימונה,ישעיה,44,,8606937,exact,203275.76,554245.74,694120.15,3440172.69
001027-091316-00046-X,"ישעיה 46, דימונה",דימונה,ישעיה,46,,8606938,exact,203268.17,554229.63,694112.89,3440156.44
001027-091316-00048-X,"ישעיה 48, דימונה",דימונה,ישעיה,48,,8606939,exact,203270.39,554216.79,694115.36,3440143.65
001027-091316-00050-X,"ישעיה 50, דימונה",דימונה,ישעיה,50,,8606940,exact,203272.87,554202.59,694118.12,3440129.50
001027-091316-00054-X,"ישעיה 54, דימונה",דימונה,ישעיה,54,,8606942,exact,203275.38,554176.60,694121.14,3440103.56
001027-091343-00001-X,"ירמיה 1, דימונה",דימונה,ירמיה,1,,8606943,exact,203331.40,554102.35,694178.63,3440030.44
001027-091343-00002-X,"ירמיה 2, דימונה",דימונה,ירמיה,2,,8606944,exact,203360.62,554104.67,694207.80,3440033.33
001027-091343-00003-X,"ירמיה 3, דימונה",דימונה,ירמיה,3,,8606945,exact,203327.89,554111.33,694174.94,3440039.34
001027-091343-00004-X,"ירמיה 4, דימונה",דימונה,ירמיה,4,,8606946,exact,203359.51,554118.01,694206.42,3440046.65
001027-091343-00005-X,"ירמיה 5, דימונה",דימונה,ירמיה,5,,8606947,exact,203333.98,554126.18,694180.74,3440054.31
001027-091343-00006-X,"ירמיה 6, דימונה",דימונה,ירמיה,6,,8606948,exact,203360.90,554131.63,694207.54,3440060.29
001027-091343-00008-X,"ירמיה 8, דימונה",דימונה,ירמיה,8,,8606950,exact,203358.91,554144.41,694205.30,3440073.04
001027-091343-00009-X,"ירמיה 9, דימונה",דימונה,ירמיה,9,,8606951,street,203455.73,554125.71,694302.48,3440056.27
001027-091343-00010-X,"ירמיה 10, דימונה",דימונה,ירמיה,10,,8606952,exact,203358.95,554159.78,694205.04,3440088.41
001027-091343-00012-X,"ירמיה 12, דימונה",דימונה,ירמיה,12,,8606954,exact,203363.06,554174.79,694208.84,3440103.50
001027-091343-00014-X,"ירמיה 14, דימונה",דימונה,ירמיה,14,,8606956,exact,203363.06,554187.74,694208.59,3440116.44
001027-091343-00015-X,"ירמיה 15, דימונה",דימונה,ירמיה,15,,8606957,street,203455.73,554125.71,694302.48,3440056.27
001027-091343-00016-X,"ירמיה 16, דימונה",דימונה,ירמיה,16,,8606958,exact,203361.50,554201.20,694206.76,3440129.87
001027-091343-00017-X,"ירמיה 17, דימונה",דימונה,ירמיה,17,,8606959,street,203455.73,554125.71,694302.48,3440056.27
001027-091343-00019-X,"ירמיה 19, דימונה",דימונה,ירמיה,19,,8606961,street,203455.73,554125.71,694302.48,3440056.27
001027-091343-00020-X,"ירמיה 20, דימונה",דימונה,ירמיה,20,,8606962,exact,203402.82,554206.71,694247.97,3440136.20
001027-091343-00021-X,"ירמיה 21, דימונה",דימונה,ירמיה,21,,8606963,street,203455.73,554125.71,694302.48,3440056.27
001027-091343-00022-X,"ירמיה 22, דימונה",דימונה,ירמיה,22,,8606964,exact,203411.72,554195.30,694257.09,3440124.96
001027-091343-00024-X,"ירמיה 24, דימונה",דימונה,ירמיה,24,,8606966,exact,203419.16,554182.19,694264.79,3440112.01
001027-091343-00025-X,"ירמיה 25, דימונה",דימונה,ירמיה,25,,8606967,exact,203416.87,554239.80,694261.36,3440169.56
001027-091343-00028-X,"ירמיה 28, דימונה",דימונה,ירמיה,28,,8606970,exact,203435.77,554157.81,694281.88,3440087.96
001027-091343-00029-X,"ירמיה 29, דימונה",דימונה,ירמיה,29,,8606971,street,203455.73,554125.71,694302.48,3440056.27
001027-091343-00030-X,"ירמיה 30, דימונה",דימונה,ירמיה,30,,8606972,exact,203445.45,554143.05,694291.86,3440073.39
001027-091343-00031-X,"ירמיה 31, דימונה",דימונה,ירמיה,31,,8606973,street,203455.73,554125.71,694302.48,3440056.27
001027-091343-00032-X,"ירמיה 32, דימונה",דימונה,ירמיה,32,,8606974,exact,203439.87,554129.40,694286.55,3440059.63
001027-091343-00034-X,"ירמיה 34, דימונה",דימונה,ירמיה,34,,8606976,exact,203446.50,554119.70,694293.37,3440050.07
001027-091343-00036-X,"ירמיה 36, דימונה",דימונה,ירמיה,36,,8606977,street,203455.73,554125.71,694302.48,3440056.27
001027-091343-00038-X,"ירמיה 38, דימונה",דימונה,ירמיה,38,,8606978,street,203455.73,554125.71,694302.48,3440056.27
001027-091343-00040-X,"ירמיה 40, דימונה",דימונה,ירמיה,40,,8606979,street,203455.73,554125.71,694302.48,3440056.27
001027-091343-00042-X,"ירמיה 42, דימונה",דימונה,ירמיה,42,,8606980,street,203455.73,554125.71,694302.48,3440056.27
001027-091373-00001-X,"? 1, דימונה",דימונה,?,1,,8606981,none,,,,
001027-091373-00005-X,"? 5, דימונה",דימונה,?,5,,8606983,none,,,,
001027-091373-00007-X,"? 7, דימונה",דימונה,?,7,,8606984,none,,,,
001027-091373-00009-X,"? 9, דימונה",דימונה,?,9,,8606985,none,,,,
001027-091395-00000-X,"נתן הנביא, דימונה",דימונה,נתן הנביא,,,8616300,street,203316.89,554216.89,694161.84,3440144.67
001027-091395-00002-X,"נתן הנביא 2, דימונה",דימונה,נתן הנביא,2,,8616302,exact,203325.67,554234.74,694170.27,3440162.69
001027-091395-00004-X,"נתן הנביא 4, דימונה",דימונה,נתן הנביא,4,,8616303,exact,203302.46,554228.13,694147.19,3440155.62
001027-091410-00001-X,"יואל 1, דימונה",דימונה,יואל,1,,8606986,street,203301.89,554158.23,694148.01,3440085.72
001027-091410-00002-X,"יואל 2, דימונה",דימונה,יואל,2,,8606987,exact,203275.79,554145.18,694122.18,3440072.15
001027-091410-00003-X,"יואל 3, דימונה",דימונה,יואל,3,,8606988,street,203301.89,554158.23,694148.01,3440085.72
001027-091410-00004-X,"יואל 4, דימונה",דימונה,יואל,4,,8606989,exact,203300.37,554146.59,694146.72,3440074.06
001027-091410-00009-X,"יואל 9, דימונה",דימונה,יואל,9,,8606991,street,203301.89,554158.23,694148.01,3440085.72
001027-091422-00000-X,"?, דימונה",דימונה,?,,,8606900,none,,,,
001027-091422-00002-X,"? 2, דימונה",דימונה,?,2,,8606993,none,,,,
001027-091422-00003-X,"? 3, דימונה",דימונה,?,3,,8606994,none,,,,
001027-091422-00004-X,"? 4, דימונה",דימונה,?,4,,8606995,none,,,,
001027-091422-00005-X,"? 5, דימונה",דימונה,?,5,,8606996,none,,,,
001027-091422-00006-X,"? 6, דימונה",דימונה,?,6,,8606997,none,,,,
001027-091422-00007-X,"? 7, דימונה",דימונה,?,7,,8606998,none,,,,
001027-091422-00008-X,"? 8, דימונה",דימונה,?,8,,8606999,none,,,,
001027-091422-00009-X,"? 9, דימונה",דימונה,?,9,,8606001,none,,,,
001027-091422-00011-X,"? 11, דימונה",דימונה,?,11,,8606003,none,,,,
001027-091422-00012-X,"? 12, דימונה",דימונה,?,12,,8606004,none,,,,
001027-091422-00014-X,"? 14, דימונה",דימונה,?,14,,8606005,none,,,,
001027-091422-00016-X,"? 16, דימונה",דימונה,?,16,,8606006,none,,,,
001027-091450-00001-X,"חגי 1, דימונה",דימונה,חגי,1,,8606009,exact,203292.35,554138.36,694138.87,3440065.67
001027-091450-00002-X,"חגי 2, דימונה",דימונה,חגי,2,,8606010,exact,203274.44,554131.34,694121.10,3440058.29
001027-091450-00003-X,"חגי 3, דימונה",דימונה,חגי,3,,8606011,exact,203298.72,554128.96,694145.43,3440056.39
001027-091450-00004-X,"חגי 4, דימונה",דימונה,חגי,4,,8606012,exact,203267.42,554124.30,694114.22,3440051.11
001027-091450-00005-X,"חגי 5, דימונה",דימונה,חגי,5,,8606013,street,203428.25,554020.88,694277.09,3439950.90
001027-091450-00006-X,"חגי 6, דימונה",דימונה,חגי,6,,8606014,exact,203264.45,554112.64,694111.49,3440039.39
001027-091450-00007-X,"חגי 7, דימונה",דימונה,חגי,7,,8606015,exact,203304.19,554105.95,694151.36,3440033.49
001027-091450-00008-X,"חגי 8, דימונה",דימונה,חגי,8,,8606016,exact,203276.09,554099.91,694123.38,3440026.89
001027-091450-00011-X,"חגי 11, דימונה",דימונה,חגי,11,,8606019,exact,203300.89,554031.61,694149.53,3439959.10
001027-091450-00012-X,"חגי 12, דימונה",דימונה,חגי,12,,8606020,exact,203275.54,554073.09,694123.36,3440000.07
001027-091450-00013-X,"חגי 13, דימונה",דימונה,חגי,13,,8606021,exact,203323.03,554033.01,694171.63,3439960.94
001027-091450-00014-X,"חגי 14, דימונה",דימונה,חגי,14,,8606022,exact,203274.52,554058.90,694122.63,3439985.86
001027-091450-00015-X,"חגי 15, דימונה",דימונה,חגי,15,,8606023,exact,203337.23,554032.86,694185.84,3439961.07
001027-091450-00016-X,"חגי 16, דימונה",דימונה,חגי,16,,8606024,exact,203272.79,554044.08,694121.19,3439971.01
001027-091450-00017-X,"חגי 17, דימונה",דימונה,חגי,17,,8606025,exact,203351.80,554032.92,694200.41,3439961.42
001027-091450-00018-X,"חגי 18, דימונה",דימונה,חגי,18,,8606026,exact,203268.28,554032.22,694116.91,3439959.06
001027-091450-00021-X,"חגי 21, דימונה",דימונה,חגי,21,,8606029,exact,203379.92,554031.09,694228.56,3439960.15
001027-091450-00023-X,"חגי 23, דימונה",דימונה,חגי,23,,8606031,exact,203393.38,554031.15,694242.02,3439960.48
001027-091450-00024-X,"חגי 24, דימונה",דימונה,חגי,24,,8606032,exact,203301.84,554007.67,694150.96,3439935.18
001027-091450-00025-X,"חגי 25, דימונה",דימונה,חגי,25,,8606033,exact,203406.97,554031.51,694255.59,3439961.10
001027-091450-00027-X,"חגי 27, דימונה",דימונה,חגי,27,,8606035,exact,203423.25,554033.21,694271.84,3439963.13
001027-091450-00028-X,"חגי 28, דימונה",דימונה,חגי,28,,8606036,exact,203323.95,554006.16,694173.09,3439934.11
001027-091450-00029-X,"חגי 29, דימונה",דימונה,חגי,29,,8606037,exact,203438.83,554032.23,694287.44,3439962.46
001027-091450-00030-X,"חגי 30, דימונה",דימונה,חגי,30,,8606038,exact,203338.64,554009.45,694187.72,3439937.69
001027-091450-00031-X,"חגי 31, דימונה",דימונה,חגי,31,,8606039,exact,203473.32,554030.35,694321.96,3439961.27
001027-091450-00033-X,"חגי 33, דימונה",דימונה,חגי,33,,8606041,exact,203485.14,554032.37,694333.74,3439963.52
001027-091450-00034-X,"חגי 34, דימונה",דימונה,חגי,34,,8606042,exact,203366.92,554006.63,694216.05,3439935.44
001027-091450-00035-X,"חגי 35, דימונה",דימונה,חגי,35,,8606043,exact,203497.86,554031.08,694346.48,3439962.49
001027-091450-00036-X,"חגי 36, דימונה",דימונה,חגי,36,,8606044,exact,203380.75,554009.32,694229.82,3439938.40
001027-091450-00037-X,"חגי 37, דימונה",דימונה,חגי,37,,8606045,exact,203511.20,554031.72,694359.80,3439963.39
001027-091450-00038-X,"חגי 38, דימונה",דימונה,חגי,38,,8606046,exact,203393.84,554011.27,694242.87,3439940.61
001027-091450-00040-X,"חגי 40, דימונה",דימונה,חגי,40,,8606048,exact,203408.29,554011.44,694257.32,3439941.07
001027-091450-00041-X,"חגי 41, דימונה",דימונה,חגי,41,,8606049,exact,203544.29,554034.52,694392.84,3439966.84
001027-091450-00043-X,"חגי 43, דימונה",דימונה,חגי,43,,8606051,street,203428.25,554020.88,694277.09,3439950.90
001027-091450-00044-X,"חגי 44, דימונה",דימונה,חגי,44,,8606052,exact,203436.82,554013.98,694285.79,3439944.17
001027-091450-00046-X,"חגי 46, דימונה",דימונה,חגי,46,,8606053,exact,203450.90,554010.10,694299.94,3439940.58
001027-091450-00048-X,"חגי 48, דימונה",דימונה,חגי,48,,8606054,exact,203473.08,554007.96,694322.16,3439938.87
001027-091450-00050-X,"חגי 50, דימונה",דימונה,חגי,50,,8606055,exact,203486.34,554007.28,694335.44,3439938.45
001027-091450-00054-X,"חגי 54, דימונה",דימונה,חגי,54,,8606057,exact,203514.54,554008.40,694363.61,3439940.14
001027-091450-00056-X,"חגי 56, דימונה",דימונה,חגי,56,,8606058,exact,203527.33,554005.16,694376.46,3439937.15
001027-091450-00058-X,"חגי 58, דימונה",דימונה,חגי,58,,8606059,exact,203541.49,554000.64,694390.71,3439932.91
001027-091474-00001-X,"? 1, דימונה",דימונה,?,1,,8606060,none,,,,
001027-091474-00002-X,"? 2, דימונה",דימונה,?,2,,8606061,none,,,,
001027-091474-00003-X,"? 3, דימונה",דימונה,?,3,,8606062,none,,,,
001027-091474-00005-X,"? 5, דימונה",דימונה,?,5,,8606064,none,,,,
001027-091474-00007-X,"? 7, דימונה",דימונה,?,7,,8606066,none,,,,
001027-091497-00003-X,"עמוס 3, דימונה",דימונה,עמוס,3,,8606071,exact,203344.07,554274.86,694187.87,3440203.17
001027-091497-00004-X,"עמוס 4, דימונה",דימונה,עמוס,4,,8606072,street,203360.63,554256.03,694204.81,3440184.67
001027-091497-00005-X,"עמוס 5, דימונה",דימונה,עמוס,5,,8606073,street,203360.63,554256.03,694204.81,3440184.67
001027-091497-00006-X,"עמוס 6, דימונה",דימונה,עמוס,6,,8606074,street,203360.63,554256.03,694204.81,3440184.67
001027-091497-00008-X,"עמוס 8, דימונה",דימונה,עמוס,8,,8606075,street,203360.63,554256.03,694204.81,3440184.67
001027-091516-00001-X,"מלאכי 1, דימונה",דימונה,מלאכי,1,,8606076,exact,203388.33,554261.77,694232.38,3440190.96
001027-091516-00003-X,"מלאכי 3, דימונה",דימונה,מלאכי,3,,8606078,exact,203400.57,554279.52,694244.27,3440208.95
001027-091875-00002-X,"? 2, דימונה",דימונה,?,2,,8609602,none,,,,
001027-091875-00004-X,"? 4, דימונה",דימונה,?,4,,8609604,none,,,,
001027-091875-00005-X,"? 5, דימונה",דימונה,?,5,,8609605,none,,,,
001027-091875-00008-X,"? 8, דימונה",דימונה,?,8,,8609608,none,,,,
001027-091875-00009-X,"? 9, דימונה",דימונה,?,9,,8609609,none,,,,
001027-091875-00010-X,"? 10, דימונה",דימונה,?,10,,8609610,none,,,,
001027-091875-00011-X,"? 11, דימונה",דימונה,?,11,,8609611,none,,,,
001027-091875-00012-X,"? 12, דימונה",דימונה,?,12,,8609612,none,,,,
001027-091875-00013-X,"? 13, דימונה",דימונה,?,13,,8609613,none,,,,
001027-091875-00014-X,"? 14, דימונה",דימונה,?,14,,8609614,none,,,,
001027-091875-00015-X,"? 15, דימונה",דימונה,?,15,,8609615,none,,,,
001027-091875-00016-X,"? 16, דימונה",דימונה,?,16,,8609616,none,,,,
001027-091875-00017-X,"? 17, דימונה",דימונה,?,17,,8609617,none,,,,
001027-091875-00019-X,"? 19, דימונה",דימונה,?,19,,8609619,none,,,,
001027-091875-00020-X,"? 20, דימונה",דימונה,?,20,,8609620,none,,,,
001027-091875-00022-X,"? 22, דימונה",דימונה,?,22,,8609622,none,,,,
001027-091875-00023-X,"? 23, דימונה",דימונה,?,23,,8609623,none,,,,
001027-091875-00024-X,"? 24, דימונה",דימונה,?,24,,8609624,none,,,,
001027-091875-00025-X,"? 25, דימונה",דימונה,?,25,,8609625,none,,,,
001027-091875-00026-X,"? 26, דימונה",דימונה,?,26,,8609626,none,,,,
001027-091875-00027-X,"? 27, דימונה",דימונה,?,27,,8609627,none,,,,
001027-091875-00031-X,"? 31, דימונה",דימונה,?,31,,8609629,none,,,,
001027-091875-00033-X,"? 33, דימונה",דימונה,?,33,,8609630,none,,,,
001027-091897-00000-X,"מבצר עכו, דימונה",דימונה,מבצר עכו,,,8609600,street,203805.16,551652.54,694700.97,3437590.39
001027-091897-00001-X,"מבצר עכו 1, דימונה",דימונה,מבצר עכו,1,,8609632,exact,203740.67,551691.69,694635.71,3437628.26
001027-091897-00002-X,"מבצר עכו 2, דימונה",דימונה,מבצר עכו,2,,8609633,exact,203731.50,551656.65,694627.25,3437593.03
001027-091897-00003-X,"מבצר עכו 3, דימונה",דימונה,מבצר עכו,3,,8609634,exact,203748.77,551690.36,694643.84,3437627.09
001027-091897-00004-X,"מבצר עכו 4, דימונה",דימונה,מבצר עכו,4,,8609635,exact,203750.79,551656.26,694646.54,3437593.03
001027-091897-00005-X,"מבצר עכו 5, דימונה",דימונה,מבצר עכו,5,,8609636,exact,203759.12,551683.34,694654.33,3437620.27
001027-091897-00006-X,"מבצר עכו 6, דימונה",דימונה,מבצר עכו,6,,8609637,exact,203757.15,551652.26,694652.98,3437589.15
001027-091897-00008-X,"מבצר עכו 8, דימונה",דימונה,מבצר עכו,8,,8609639,exact,203769.73,551649.69,694665.61,3437586.84
001027-091897-00009-X,"מבצר עכו 9, דימונה",דימונה,מבצר עכו,9,,8609640,exact,203778.17,551675.56,694673.53,3437612.87
001027-091897-00010-X,"מבצר עכו 10, דימונה",דימונה,מבצר עכו,10,,8609641,exact,203774.93,551646.76,694670.86,3437584.01
001027-091897-00011-X,"מבצר עכו 11, דימונה",דימונה,מבצר עכו,11,,8609642,exact,203785.86,551677.23,694681.18,3437614.70
001027-091897-00013-X,"מבצר עכו 13, דימונה",דימונה,מבצר עכו,13,,8609644,exact,203799.37,551668.35,694694.87,3437606.08
001027-091897-00014-X,"מבצר עכו 14, דימונה",דימונה,מבצר עכו,14,,8609645,exact,203793.53,551637.80,694689.64,3437575.42
001027-091897-00015-X,"מבצר עכו 15, דימונה",דימונה,מבצר עכו,15,,8609646,exact,203804.65,551663.76,694700.24,3437601.60
001027-091897-00017-X,"מבצר עכו 17, דימונה",דימונה,מבצר עכו,17,,8609648,exact,203817.94,551657.33,694713.65,3437595.43
001027-091897-00018-X,"מבצר עכו 18, דימונה",דימונה,מבצר עכו,18,,8609649,exact,203816.54,551629.62,694712.81,3437567.70
001027-091897-00020-X,"מבצר עכו 20, דימונה",דימונה,מבצר עכו,20,,8609651,exact,203828.88,551625.78,694725.22,3437564.11
001027-091897-00021-X,"מבצר עכו 21, דימונה",דימונה,מבצר עכו,21,,8609652,exact,203836.67,551651.73,694732.49,3437590.20
001027-091897-00022-X,"מבצר עכו 22, דימונה",דימונה,מבצר עכו,22,,8609653,exact,203835.14,551621.59,694731.56,3437560.04
001027-091897-00023-X,"מבצר עכו 23, דימונה",דימונה,מבצר עכו,23,,8609654,exact,203844.38,551654.75,694740.14,3437593.38
001027-091897-00024-X,"מבצר עכו 24, דימונה",דימונה,מבצר עכו,24,,8609655,exact,203848.12,551617.04,694744.63,3437555.75
001027-091897-00025-X,"מבצר עכו 25, דימונה",דימונה,מבצר עכו,25,,8609656,exact,203857.80,551641.83,694753.82,3437580.72
001027-091897-00026-X,"מבצר עכו 26, דימונה",דימונה,מבצר עכו,26,,8609657,exact,203854.54,551615.71,694751.08,3437554.55
001027-091897-00027-X,"מבצר עכו 27, דימונה",דימונה,מבצר עכו,27,,8609658,exact,203861.60,551645.53,694757.54,3437584.50
001027-091897-00028-X,"מבצר עכו 28, דימונה",דימונה,מבצר עכו,28,,8609659,street,203805.16,551652.54,694700.97,3437590.39
001027-091897-00029-X,"מבצר עכו 29, דימונה",דימונה,מבצר עכו,29,,8609660,street,203805.16,551652.54,694700.97,3437590.39
001027-091950-00000-X,"?, דימונה",דימונה,?,,,8609900,none,,,,
001027-091950-00001-X,"? 1, דימונה",דימונה,?,1,,8609901,none,,,,
001027-091950-00002-X,"? 2, דימונה",דימונה,?,2,,8609902,none,,,,
001027-091950-00003-X,"? 3, דימונה",דימונה,?,3,,8609903,none,,,,
001027-091950-00004-X,"? 4, דימונה",דימונה,?,4,,8609904,none,,,,
001027-091950-00005-X,"? 5, דימונה",דימונה,?,5,,8609905,none,,,,
001027-091950-00006-X,"? 6, דימונה",דימונה,?,6,,8609906,none,,,,
001027-091950-00007-X,"? 7, דימונה",דימונה,?,7,,8609907,none,,,,
001027-091950-00008-X,"? 8, דימונה",דימונה,?,8,,8609908,none,,,,
001027-091950-00009-X,"? 9, דימונה",דימונה,?,9,,8609909,none,,,,
001027-091950-00011-X,"? 11, דימונה",דימונה,?,11,,8609911,none,,,,
001027-091950-00012-X,"? 12, דימונה",דימונה,?,12,,8609912,none,,,,
001027-091950-00013-X,"? 13, דימונה",דימונה,?,13,,8609913,none,,,,
001027-091950-00014-X,"? 14, דימונה",דימונה,?,14,,8609914,none,,,,
001027-091950-00015-X,"? 15, דימונה",דימונה,?,15,,8609915,none,,,,
001027-091950-00017-X,"? 17, דימונה",דימונה,?,17,,8609917,none,,,,
001027-091950-00018-X,"? 18, דימונה",דימונה,?,18,,8609918,none,,,,
001027-091950-00019-X,"? 19, דימונה",דימונה,?,19,,8609919,none,,,,
001027-091950-00022-X,"? 22, דימונה",דימונה,?,22,,8609922,none,,,,
001027-091950-00024-X,"? 24, דימונה",דימונה,?,24,,8609924,none,,,,
001027-091950-00026-X,"? 26, דימונה",דימונה,?,26,,8609926,none,,,,
001027-091950-00027-X,"? 27, דימונה",דימונה,?,27,,8609927,none,,,,
001027-091950-00028-X,"? 28, דימונה",דימונה,?,28,,8609928,none,,,,
001027-091950-00029-X,"? 29, דימונה",דימונה,?,29,,8609929,none,,,,
001027-091950-00030-X,"? 30, דימונה",דימונה,?,30,,8609930,none,,,,
001027-091950-00032-X,"? 32, דימונה",דימונה,?,32,,8609932,none,,,,
001027-091950-00033-X,"? 33, דימונה",דימונה,?,33,,8609933,none,,,,
001027-091971-00000-X,"כורזין, דימונה",דימונה,כורזין,,,8609400,street,203716.54,551551.42,694614.37,3437487.53
001027-091971-00001-X,"כורזין 1, דימונה",דימונה,כורזין,1,,8609401,street,203716.54,551551.42,694614.37,3437487.53
001027-091971-00003-X,"כורזין 3, דימונה",דימונה,כורזין,3,,8609403,exact,203696.66,551577.94,694593.97,3437513.65
001027-091971-00004-X,"כורזין 4, דימונה",דימונה,כורזין,4,,8609404,exact,203654.88,551557.78,694552.60,3437492.66
001027-091971-00006-X,"כורזין 6, דימונה",דימונה,כורזין,6,,8609406,exact,203668.28,551558.75,694565.97,3437493.90
001027-091971-00008-X,"כורזין 8, דימונה",דימונה,כורזין,8,,8609408,exact,203673.33,551554.13,694571.12,3437489.37
001027-091971-00010-X,"כורזין 10, דימונה",דימונה,כורזין,10,,8609410,exact,203686.95,551550.25,694584.81,3437485.77
001027-091971-00012-X,"כורזין 12, דימונה",דימונה,כורזין,12,,8609412,exact,203693.36,551547.64,694591.27,3437483.29
001027-091971-00013-X,"כורזין 13, דימונה",דימונה,כורזין,13,,8609413,exact,203739.34,551563.87,694636.92,3437500.43
001027-091971-00014-X,"כורזין 14, דימונה",דימונה,כורזין,14,,8609414,exact,203705.57,551543.23,694603.57,3437479.12
001027-091971-00015-X,"כורזין 15, דימונה",דימונה,כורזין,15,,8609415,exact,203750.09,551553.78,694647.87,3437490.55
001027-091971-00017-X,"כורזין 17, דימונה",דימונה,כורזין,17,,8609417,exact,203759.19,551555.93,694656.93,3437492.88
001027-091971-00018-X,"כורזין 18, דימונה",דימונה,כורזין,18,,8609418,exact,203728.94,551533.43,694627.13,3437469.78
001027-091971-00019-X,"כורזין 19, דימונה",דימונה,כורזין,19,,8609419,exact,203774.33,551543.53,694672.31,3437480.78
001027-091971-00020-X,"כורזין 20, דימונה",דימונה,כורזין,20,,8609420,exact,203733.05,551528.18,694631.34,3437464.62
001027-091971-00022-X,"כורזין 22, דימונה",דימונה,כורזין,22,,8609422,exact,203747.96,551523.68,694646.34,3437460.42
001027-091971-00023-X,"כורזין 23, דימונה",דימונה,כורזין,23,,8609423,exact,203792.03,551539.39,694690.09,3437477.00
001027-091971-00024-X,"כורזין 24, דימונה",דימונה,כורזין,24,,8609424,exact,203755.43,551525.94,694653.77,3437462.82
001027-091971-00025-X,"כורזין 25, דימונה",דימונה,כורזין,25,,8609425,exact,203799.67,551544.70,694697.63,3437482.46
001027-091971-00026-X,"כורזין 26, דימונה",דימונה,כורזין,26,,8609426,exact,203768.20,551519.54,694666.66,3437456.67
001027-091971-00027-X,"כורזין 27, דימונה",דימונה,כורזין,27,,8609427,exact,203811.75,551531.63,694709.97,3437469.63
001027-091971-00028-X,"כורזין 28, דימונה",דימונה,כורזין,28,,8609428,exact,203770.16,551512.65,694668.75,3437449.83
001027-091971-00029-X,"כורזין 29, דימונה",דימונה,כורזין,29,,8609429,exact,203818.62,551537.25,694716.72,3437475.39
001027-091971-00030-X,"כורזין 30, דימונה",דימונה,כורזין,30,,8609430,exact,203784.43,551509.39,694683.09,3437446.85
001027-091971-00031-X,"כורזין 31, דימונה",דימונה,כורזין,31,,8609431,street,203716.54,551551.42,694614.37,3437487.53
001027-091971-00032-X,"כורזין 32, דימונה",דימונה,כורזין,32,,8609432,exact,203789.83,551506.10,694688.55,3437443.67
001027-091971-00034-X,"כורזין 34, דימונה",דימונה,כורזין,34,,8609433,exact,203802.17,551499.65,694701.01,3437437.46
001027-091971-00036-X,"כורזין 36, דימונה",דימונה,כורזין,36,,8609434,exact,203808.00,551500.32,694706.84,3437438.25
001027-092016-00000-X,"ציפורי, דימונה",דימונה,ציפורי,,,8619200,street,203622.43,551463.40,694522.02,3437397.65
001027-092016-00001-X,"ציפורי 1, דימונה",דימונה,ציפורי,1,,8619101,exact,203421.22,551720.27,694315.75,3437650.49
001027-092016-00002-X,"ציפורי 2, דימונה",דימונה,ציפורי,2,,8619102,street,203622.43,551463.40,694522.02,3437397.65
001027-092016-00003-X,"ציפורי 3, דימונה",דימונה,ציפורי,3,,8619103,exact,203424.09,551714.96,694318.72,3437645.23
001027-092016-00004-X,"ציפורי 4, דימונה",דימונה,ציפורי,4,,8619104,street,203622.43,551463.40,694522.02,3437397.65
001027-092016-00005-X,"ציפורי 5, דימונה",דימונה,ציפורי,5,,8619105,exact,203414.01,551701.91,694308.90,3437631.98
001027-092016-00006-X,"ציפורי 6, דימונה",דימונה,ציפורי,6,,8619106,street,203622.43,551463.40,694522.02,3437397.65
001027-092016-00007-X,"ציפורי 7, דימונה",דימונה,ציפורי,7,,8619107,exact,203414.87,551695.29,694309.89,3437625.39
001027-092016-00008-X,"ציפורי 8, דימונה",דימונה,ציפורי,8,,8619108,exact,203369.20,551655.82,694265.01,3437585.02
001027-092016-00009-X,"ציפורי 9, דימונה",דימונה,ציפורי,9,,8619109,exact,203410.18,551680.54,694305.50,3437610.54
001027-092016-00010-X,"ציפורי 10, דימונה",דימונה,ציפורי,10,,8619110,exact,203372.45,551649.79,694268.38,3437579.06
001027-092016-00012-X,"ציפורי 12, דימונה",דימונה,ציפורי,12,,8619112,exact,203365.57,551633.46,694261.82,3437562.58
001027-092016-00013-X,"ציפורי 13, דימונה",דימונה,ציפורי,13,,8619113,exact,203402.20,551660.90,694297.90,3437590.75
001027-092016-00014-X,"ציפורי 14, דימונה",דימונה,ציפורי,14,,8619114,exact,203370.26,551625.74,694266.67,3437554.97
001027-092016-00015-X,"ציפורי 15, דימונה",דימונה,ציפורי,15,,8619115,exact,203404.55,551654.42,694300.39,3437584.31
001027-092016-00016-X,"ציפורי 16, דימונה",דימונה,ציפורי,16,,8619116,exact,203369.97,551608.63,694266.72,3437537.85
001027-092016-00017-X,"ציפורי 17, דימונה",דימונה,ציפורי,17,,8619117,exact,203399.70,551633.99,694295.94,3437563.79
001027-092016-00019-X,"ציפורי 19, דימונה",דימונה,ציפורי,19,,8619119,exact,203402.07,551630.23,694298.39,3437560.08
001027-092016-00021-X,"ציפורי 21, דימונה",דימונה,ציפורי,21,,8619121,exact,203401.07,551609.63,694297.79,3437539.46
001027-092016-00023-X,"ציפורי 23, דימונה",דימונה,ציפורי,23,,8619123,exact,203404.20,551607.49,694300.97,3437537.38
001027-092016-00025-X,"ציפורי 25, דימונה",דימונה,ציפורי,25,,8619125,exact,203407.30,551586.59,694304.48,3437516.56
001027-092016-00026-X,"ציפורי 26, דימונה",דימונה,ציפורי,26,,8619126,street,203622.43,551463.40,694522.02,3437397.65
001027-092016-00027-X,"ציפורי 27, דימונה",דימונה,ציפורי,27,,8619127,exact,203411.21,551583.75,694308.44,3437513.79
001027-092016-00031-X,"ציפורי 31, דימונה",דימונה,ציפורי,31,,8619129,exact,203422.67,551568.51,694320.21,3437498.78
001027-092016-00035-X,"ציפורי 35, דימונה",דימונה,ציפורי,35,,8619202,exact,203434.75,551548.51,694332.68,3437479.02
001027-092016-00039-X,"ציפורי 39, דימונה",דימונה,ציפורי,39,,8619203,street,203622.43,551463.40,694522.02,3437397.65
001027-092016-00041-X,"ציפורי 41, דימונה",דימונה,ציפורי,41,,8619204,street,203622.43,551463.40,694522.02,3437397.65
001027-092016-00043-X,"ציפורי 43, דימונה",דימונה,ציפורי,43,,8619205,exact,203622.52,551482.40,694521.73,3437416.65
001027-092016-00047-X,"ציפורי 47, דימונה",דימונה,ציפורי,47,,8619207,exact,203642.98,551478.13,694542.28,3437412.78
001027-092016-00049-X,"ציפורי 49, דימונה",דימונה,ציפורי,49,,8619208,exact,203645.86,551483.62,694545.05,3437418.34
001027-092016-00051-X,"ציפורי 51, דימונה",דימונה,ציפורי,51,,8619209,exact,203664.28,551477.28,694563.59,3437412.36
001027-092016-00053-X,"ציפורי 53, דימונה",דימונה,ציפורי,53,,8619210,exact,203666.63,551484.92,694565.79,3437420.04
001027-092016-00057-X,"ציפורי 57, דימונה",דימונה,ציפורי,57,,8619212,exact,203693.03,551479.95,694592.29,3437415.60
001027-092016-00061-X,"ציפורי 61, דימונה",דימונה,ציפורי,61,,8619214,exact,203713.82,551480.79,694613.05,3437416.85
001027-092016-00065-X,"ציפורי 65, דימונה",דימונה,ציפורי,65,,8619216,exact,203732.01,551481.92,694631.22,3437418.34
001027-092016-00067-X,"ציפורי 67, דימונה",דימונה,ציפורי,67,,8619217,exact,203745.76,551486.52,694644.88,3437423.21
001027-092016-00069-X,"ציפורי 69, דימונה",דימונה,ציפורי,69,,8619218,exact,203753.19,551482.57,694652.38,3437419.41
001027-092050-00000-X,"קרני חיטין, דימונה",דימונה,קרני חיטין,,,8609500,street,203882.09,551579.71,694779.33,3437519.10
001027-092050-00001-X,"קרני חיטין 1, דימונה",דימונה,קרני חיטין,1,,8609501,exact,203885.32,551667.87,694780.81,3437607.31
001027-092050-00004-X,"קרני חיטין 4, דימונה",דימונה,קרני חיטין,4,,8609504,exact,203865.30,551493.78,694764.26,3437432.85
001027-092050-00005-X,"קרני חיטין 5, דימונה",דימונה,קרני חיטין,5,,8609505,exact,203887.19,551639.60,694783.24,3437579.08
001027-092050-00006-X,"קרני חיטין 6, דימונה",דימונה,קרני חיטין,6,,8609506,exact,203869.32,551501.78,694768.12,3437440.93
001027-092050-00008-X,"קרני חיטין 8, דימונה",דימונה,קרני חיטין,8,,8609508,exact,203872.80,551515.29,694771.33,3437454.50
001027-092050-00009-X,"קרני חיטין 9, דימונה",דימונה,קרני חיטין,9,,8609509,exact,203873.50,551607.09,694770.20,3437546.30
001027-092050-00010-X,"קרני חיטין 10, דימונה",דימונה,קרני חיטין,10,,8609518,exact,203877.31,551523.67,694775.67,3437462.97
001027-092050-00011-X,"קרני חיטין 11, דימונה",דימונה,קרני חיטין,11,,8609510,exact,203877.17,551599.28,694774.03,3437538.56
001027-092050-00012-X,"קרני חיטין 12, דימונה",דימונה,קרני חיטין,12,,8609519,exact,203880.80,551535.48,694778.93,3437474.85
001027-092050-00013-X,"קרני חיטין 13, דימונה",דימונה,קרני חיטין,13,,8609511,exact,203864.53,551585.06,694761.68,3437524.10
001027-092050-00014-X,"קרני חיטין 14, דימונה",דימונה,קרני חיטין,14,,8609520,exact,203884.04,551542.85,694782.02,3437482.28
001027-092050-00015-X,"קרני חיטין 15, דימונה",דימונה,קרני חיטין,15,,8609512,exact,203866.86,551577.61,694764.15,3437516.70
001027-092050-00016-X,"קרני חיטין 16, דימונה",דימונה,קרני חיטין,16,,8609521,exact,203889.12,551556.05,694786.84,3437495.59
001027-092050-00019-X,"קרני חיטין 19, דימונה",דימונה,קרני חיטין,19,,8609514,exact,203842.75,551527.44,694741.04,3437466.06
001027-092050-00024-X,"קרני חיטין 24, דימונה",דימונה,קרני חיטין,24,,8609525,exact,203905.25,551596.25,694802.16,3437536.10
001027-092050-00028-X,"קרני חיטין 28, דימונה",דימונה,קרני חיטין,28,,8609527,exact,203912.68,551616.51,694809.19,3437556.50
001027-092050-00030-X,"קרני חיטין 30, דימונה",דימונה,קרני חיטין,30,,8609528,exact,203916.42,551624.83,694812.77,3437564.89
001027-092050-00034-X,"קרני חיטין 34, דימונה",דימונה,קרני חיטין,34,,8609530,exact,203924.19,551648.32,694820.07,3437588.54
001027-092050-00036-X,"קרני חיטין 36, דימונה",דימונה,קרני חיטין,36,,8609531,exact,203931.03,551660.07,694826.67,3437600.42
001027-092050-00040-X,"קרני חיטין 40, דימונה",דימונה,קרני חיטין,40,,8609533,exact,203940.21,551683.89,694835.38,3437624.42
001027-092093-00000-X,"שיבטה, דימונה",דימונה,שיבטה,,,8609700,street,203697.69,551660.39,694593.36,3437596.11
001027-092093-00001-X,"שיבטה 1, דימונה",דימונה,שיבטה,1,,8609701,exact,203651.05,551623.42,694547.46,3437558.22
001027-092093-00002-X,"שיבטה 2, דימונה",דימונה,שיבטה,2,,8609702,exact,203667.04,551594.82,694564.02,3437529.94
001027-092093-00004-X,"שיבטה 4, דימונה",דימונה,שיבטה,4,,8609704,exact,203671.95,551599.35,694568.83,3437534.57
001027-092093-00005-X,"שיבטה 5, דימונה",דימונה,שיבטה,5,,8609705,exact,203669.57,551642.14,694565.61,3437577.30
001027-092093-00006-X,"שיבטה 6, דימונה",דימונה,שיבטה,6,,8609706,exact,203700.72,551647.85,694596.64,3437583.63
001027-092093-00007-X,"שיבטה 7, דימונה",דימונה,שיבטה,7,,8609707,exact,203674.22,551653.10,694570.04,3437588.35
001027-092093-00008-X,"שיבטה 8, דימונה",דימונה,שיבטה,8,,8609708,street,203697.69,551660.39,694593.36,3437596.11
001027-092093-00009-X,"שיבטה 9, דימונה",דימונה,שיבטה,9,,8609709,exact,203681.31,551658.72,694577.02,3437594.11
001027-092093-00010-X,"שיבטה 10, דימונה",דימונה,שיבטה,10,,8609710,exact,203722.92,551658.32,694618.63,3437594.53
001027-092093-00011-X,"שיבטה 11, דימונה",דימונה,שיבטה,11,,8609711,exact,203689.23,551674.51,694584.63,3437610.06
001027-092093-00012-X,"שיבטה 12, דימונה",דימונה,שיבטה,12,,8609712,exact,203725.47,551665.09,694621.04,3437601.36
001027-092093-00013-X,"שיבטה 13, דימונה",דימונה,שיבטה,13,,8609713,exact,203695.30,551678.19,694590.62,3437613.85
001027-092093-00014-X,"שיבטה 14, דימונה",דימונה,שיבטה,14,,8609714,street,203697.69,551660.39,694593.36,3437596.11
001027-092093-00015-X,"שיבטה 15, דימונה",דימונה,שיבטה,15,,8609715,exact,203699.39,551688.93,694594.50,3437624.68
001027-092093-00016-X,"שיבטה 16, דימונה",דימונה,שיבטה,16,,8609716,street,203697.69,551660.39,694593.36,3437596.11
001027-092093-00019-X,"שיבטה 19, דימונה",דימונה,שיבטה,19,,8609718,exact,203709.48,551707.77,694604.22,3437643.71
001027-092093-00021-X,"שיבטה 21, דימונה",דימונה,שיבטה,21,,8609719,exact,203717.80,551709.98,694612.48,3437646.09
001027-092093-00023-X,"שיבטה 23, דימונה",דימונה,שיבטה,23,,8609720,exact,203722.53,551721.76,694616.98,3437657.96
001027-092093-00025-X,"שיבטה 25, דימונה",דימונה,שיבטה,25,,8609721,exact,203730.34,551724.83,694624.73,3437661.19
001027-092122-00000-X,"פטרה, דימונה",דימונה,פטרה,,,8609300,street,203599.95,551525.75,694498.30,3437459.55
001027-092122-00001-X,"פטרה 1, דימונה",דימונה,פטרה,1,,8609301,exact,203645.33,551562.13,694542.96,3437496.82
001027-092122-00002-X,"פטרה 2, דימונה",דימונה,פטרה,2,,8609302,exact,203624.07,551581.09,694521.33,3437515.35
001027-092122-00003-X,"פטרה 3, דימונה",דימונה,פטרה,3,,8609303,exact,203633.88,551547.39,694531.80,3437481.86
001027-092122-00005-X,"פטרה 5, דימונה",דימונה,פטרה,5,,8609305,exact,203634.30,551542.22,694532.33,3437476.69
001027-092122-00006-X,"פטרה 6, דימונה",דימונה,פטרה,6,,8609306,exact,203613.61,551564.54,694511.19,3437498.60
001027-092122-00008-X,"פטרה 8, דימונה",דימונה,פטרה,8,,8609308,exact,203604.96,551563.41,694502.57,3437497.30
001027-092122-00009-X,"פטרה 9, דימונה",דימונה,פטרה,9,,8609309,street,203599.95,551525.75,694498.30,3437459.55
001027-092122-00012-X,"פטרה 12, דימונה",דימונה,פטרה,12,,8609312,exact,203592.51,551547.19,694490.44,3437480.83
001027-092122-00014-X,"פטרה 14, דימונה",דימונה,פטרה,14,,8609314,exact,203592.81,551529.67,694491.10,3437463.32
001027-092122-00015-X,"פטרה 15, דימונה",דימונה,פטרה,15,,8609315,exact,203616.69,551524.00,694515.09,3437458.13
001027-092122-00016-X,"פטרה 16, דימונה",דימונה,פטרה,16,,8609316,exact,203583.57,551527.88,694481.89,3437461.35
001027-092122-00017-X,"פטרה 17, דימונה",דימונה,פטרה,17,,8609317,exact,203605.63,551509.73,694504.31,3437443.64
001027-092122-00018-X,"פטרה 18, דימונה",דימונה,פטרה,18,,8609318,exact,203570.50,551518.40,694469.01,3437451.61
001027-092122-00019-X,"פטרה 19, דימונה",דימונה,פטרה,19,,8609319,exact,203608.21,551503.14,694507.02,3437437.10
001027-092122-00020-X,"פטרה 20, דימונה",דימונה,פטרה,20,,8609320,exact,203571.45,551508.36,694470.16,3437441.59
001027-092122-00021-X,"פטרה 21, דימונה",דימונה,פטרה,21,,8609321,exact,203592.45,551488.59,694491.55,3437422.24
001027-092122-00022-X,"פטרה 22, דימונה",דימונה,פטרה,22,,8609322,exact,203560.73,551499.79,694459.61,3437432.81
001027-092122-00023-X,"פטרה 23, דימונה",דימונה,פטרה,23,,8609323,street,203599.95,551525.75,694498.30,3437459.55
001027-092122-00024-X,"פטרה 24, דימונה",דימונה,פטרה,24,,8609324,exact,203560.90,551491.15,694459.95,3437424.18
001027-092122-00026-X,"פטרה 26, דימונה",דימונה,פטרה,26,,8609325,street,203599.95,551525.75,694498.30,3437459.55
001027-092136-00000-X,"גמלא, דימונה",דימונה,גמלא,,,8609100,street,203427.56,551739.73,694321.69,3437670.07
001027-092136-00001-X,"גמלא 1, דימונה",דימונה,גמלא,1,,8609001,street,203427.56,551739.73,694321.69,3437670.07
001027-092136-00002-X,"גמלא 2, דימונה",דימונה,גמלא,2,,8609002,street,203427.56,551739.73,694321.69,3437670.07
001027-092136-00003-X,"גמלא 3, דימונה",דימונה,גמלא,3,,8609003,street,203427.56,551739.73,694321.69,3437670.07
001027-092136-00004-X,"גמלא 4, דימונה",דימונה,גמלא,4,,8609004,exact,203223.10,551871.75,694114.64,3437798.01
001027-092136-00005-X,"גמלא 5, דימונה",דימונה,גמלא,5,,8609005,street,203427.56,551739.73,694321.69,3437670.07
001027-092136-00006-X,"גמלא 6, דימונה",דימונה,גמלא,6,,8609006,exact,203226.38,551855.82,694118.24,3437782.15
001027-092136-00007-X,"גמלא 7, דימונה",דימונה,גמלא,7,,8609007,street,203427.56,551739.73,694321.69,3437670.07
001027-092136-00010-X,"גמלא 10, דימונה",דימונה,גמלא,10,,8609010,exact,203233.73,551824.92,694126.21,3437751.40
001027-092136-00011-X,"גמלא 11, דימונה",דימונה,גמלא,11,,8609011,exact,203294.17,551806.00,694187.01,3437733.68
001027-092136-00012-X,"גמלא 12, דימונה",דימונה,גמלא,12,,8609012,exact,203241.62,551806.99,694134.45,3437733.63
001027-092136-00013-X,"גמלא 13, דימונה",דימונה,גמלא,13,,8609013,exact,203308.45,551797.74,694201.46,3437725.71
001027-092136-00014-X,"גמלא 14, דימונה",דימונה,גמלא,14,,8609014,exact,203251.05,551794.78,694144.12,3437721.61
001027-092136-00015-X,"גמלא 15, דימונה",דימונה,גמלא,15,,8609015,street,203427.56,551739.73,694321.69,3437670.07
001027-092136-00016-X,"גמלא 16, דימונה",דימונה,גמלא,16,,8609016,exact,203264.60,551780.47,694157.95,3437707.57
001027-092136-00017-X,"גמלא 17, דימונה",דימונה,גמלא,17,,8609017,exact,203342.21,551796.86,694235.22,3437725.50
001027-092136-00018-X,"גמלא 18, דימונה",דימונה,גמלא,18,,8609018,exact,203308.35,551760.56,694202.09,3437688.53
001027-092136-00019-X,"גמלא 19, דימונה",דימונה,גמלא,19,,8609019,exact,203361.45,551794.76,694254.50,3437723.78
001027-092136-00020-X,"גמלא 20, דימונה",דימונה,גמלא,20,,8609020,exact,203316.01,551764.57,694209.67,3437692.70
001027-092136-00021-X,"גמלא 21, דימונה",דימונה,גמלא,21,,8609021,exact,203375.04,551790.89,694268.17,3437720.18
001027-092136-00023-X,"גמלא 23, דימונה",דימונה,גמלא,23,,8609023,exact,203390.66,551782.95,694283.94,3437712.55
001027-092136-00024-X,"גמלא 24, דימונה",דימונה,גמלא,24,,8609024,exact,203335.54,551759.96,694229.29,3437688.47
001027-092136-00025-X,"גמלא 25, דימונה",דימונה,גמלא,25,,8609025,exact,203405.07,551774.70,694298.52,3437704.59
001027-092136-00027-X,"גמלא 27, דימונה",דימונה,גמלא,27,,8609027,exact,203421.14,551764.85,694314.78,3437695.06
001027-092136-00028-X,"גמלא 28, דימונה",דימונה,גמלא,28,,8609028,exact,203378.54,551749.64,694272.49,3437679.00
001027-092136-00030-X,"גמלא 30, דימונה",דימונה,גמלא,30,,8609029,exact,203392.50,551740.72,694286.62,3437670.37
001027-092136-00032-X,"גמלא 32, דימונה",דימונה,גמלא,32,,8609030,exact,203396.53,551742.40,694290.62,3437672.13
001027-092136-00034-X,"גמלא 34, דימונה",דימונה,גמלא,34,,8609031,street,203427.56,551739.73,694321.69,3437670.07
001027-092136-00036-X,"גמלא 36, דימונה",דימונה,גמלא,36,,8609032,street,203427.56,551739.73,694321.69,3437670.07
001027-092136-00040-X,"גמלא 40, דימונה",דימונה,גמלא,40,,8609101,street,203427.56,551739.73,694321.69,3437670.07
001027-092136-00042-X,"גמלא 42, דימונה",דימונה,גמלא,42,,8609102,street,203427.56,551739.73,694321.69,3437670.07
001027-092136-00044-X,"גמלא 44, דימונה",דימונה,גמלא,44,,8609103,street,203427.56,551739.73,694321.69,3437670.07
001027-092136-00046-X,"גמלא 46, דימונה",דימונה,גמלא,46,,8609104,street,203427.56,551739.73,694321.69,3437670.07
001027-092136-00050-X,"גמלא 50, דימונה",דימונה,גמלא,50,,8609106,exact,203647.92,551661.34,694543.58,3437596.07
001027-092136-00052-X,"גמלא 52, דימונה",דימונה,גמלא,52,,8609107,exact,203651.15,551674.07,694546.56,3437608.87
001027-092136-00056-X,"גמלא 56, דימונה",דימונה,גמלא,56,,8609109,exact,203668.91,551693.45,694563.93,3437628.59
001027-092136-00058-X,"גמלא 58, דימונה",דימונה,גמלא,58,,8609110,exact,203667.52,551696.78,694562.47,3437631.89
001027-092136-00062-X,"גמלא 62, דימונה",דימונה,גמלא,62,,8609112,exact,203683.62,551710.02,694578.31,3437645.45
001027-092136-00064-X,"גמלא 64, דימונה",דימונה,גמלא,64,,8609113,exact,203688.03,551725.43,694582.42,3437660.94
001027-092136-00068-X,"גמלא 68, דימונה",דימונה,גמלא,68,,8609115,exact,203704.04,551744.02,694598.05,3437679.85
001027-092193-00000-X,"קצרין, דימונה",דימונה,קצרין,,,8609200,street,203544.63,551549.90,694442.52,3437482.59
001027-092193-00001-X,"קצרין 1, דימונה",דימונה,קצרין,1,,8609201,exact,203589.03,551588.00,694486.16,3437521.57
001027-092193-00003-X,"קצרין 3, דימונה",דימונה,קצרין,3,,8609202,exact,203585.48,551582.18,694482.72,3437515.68
001027-092193-00005-X,"קצרין 5, דימונה",דימונה,קצרין,5,,8609203,exact,203576.02,551568.40,694473.54,3437501.71
001027-092193-00007-X,"קצרין 7, דימונה",דימונה,קצרין,7,,8609204,exact,203575.83,551561.52,694473.48,3437494.83
001027-092193-00009-X,"קצרין 9, דימונה",דימונה,קצרין,9,,8609205,exact,203563.86,551552.21,694461.70,3437485.28
001027-092193-00011-X,"קצרין 11, דימונה",דימונה,קצרין,11,,8609206,exact,203559.82,551547.74,694457.75,3437480.74
001027-092193-00015-X,"קצרין 15, דימונה",דימונה,קצרין,15,,8609208,exact,203546.46,551528.36,694444.78,3437461.09
001027-092193-00023-X,"קצרין 23, דימונה",דימונה,קצרין,23,,8609212,exact,203523.65,551500.68,694422.52,3437432.97
001027-092193-00025-X,"קצרין 25, דימונה",דימונה,קצרין,25,,8609213,exact,203516.06,551481.29,694415.32,3437413.42
001027-092193-00027-X,"קצרין 27, דימונה",דימונה,קצרין,27,,8609214,exact,203511.60,551480.99,694410.86,3437413.04
001027-092228-00002-X,"קיסריה 2, דימונה",דימונה,קיסריה,2,,8614601,exact,203445.99,551746.64,694339.99,3437677.34
001027-092228-00004-X,"קיסריה 4, דימונה",דימונה,קיסריה,4,,8614602,exact,203462.29,551762.37,694355.97,3437693.40
001027-092228-00005-X,"קיסריה 5, דימונה",דימונה,קיסריה,5,,8614620,exact,203481.08,551808.52,694373.84,3437739.91
001027-092228-00006-X,"קיסריה 6, דימונה",דימונה,קיסריה,6,,8614603,exact,203472.24,551772.30,694365.72,3437703.52
001027-092228-00008-X,"קיסריה 8, דימונה",דימונה,קיסריה,8,,8614604,exact,203486.85,551778.60,694380.20,3437710.11
001027-092228-00010-X,"קיסריה 10, דימונה",דימונה,קיסריה,10,,8614606,exact,203503.67,551784.95,694396.90,3437716.79
001027-092228-00011-X,"קיסריה 11, דימונה",דימונה,קיסריה,11,,8614607,exact,203561.19,551827.80,694453.56,3437760.78
001027-092228-00012-X,"קיסריה 12, דימונה",דימונה,קיסריה,12,,8614608,exact,203518.81,551791.51,694411.90,3437723.65
001027-092228-00014-X,"קיסריה 14, דימונה",דימונה,קיסריה,14,,8614610,exact,203538.78,551796.73,694431.77,3437729.27
001027-092228-00015-X,"קיסריה 15, דימונה",דימונה,קיסריה,15,,8614611,exact,203596.05,551822.92,694488.51,3437756.59
001027-092228-00016-X,"קיסריה 16, דימונה",דימונה,קיסריה,16,,8614612,exact,203556.94,551796.41,694449.93,3437729.31
001027-092228-00017-X,"קיסריה 17, דימונה",דימונה,קיסריה,17,,8614613,exact,203610.19,551820.38,694502.69,3437754.33
001027-092228-00018-X,"קיסריה 18, דימונה",דימונה,קיסריה,18,,8614614,street,203561.22,551813.01,694453.88,3437746.00
001027-092228-00019-X,"קיסריה 19, דימונה",דימונה,קיסריה,19,,8614615,exact,203628.05,551816.14,694520.64,3437750.45
001027-092228-00020-X,"קיסריה 20, דימונה",דימונה,קיסריה,20,,8614616,exact,203592.12,551794.31,694485.15,3437727.91
001027-092228-00021-X,"קיסריה 21, דימונה",דימונה,קיסריה,21,,8614617,street,203561.22,551813.01,694453.88,3437746.00
001027-092228-00024-X,"קיסריה 24, דימונה",דימונה,קיסריה,24,,8614619,exact,203625.33,551786.27,694518.51,3437720.53
001027-092272-00000-X,"תל פורן, דימונה",דימונה,תל פורן,,,8614400,street,203514.75,551736.95,694408.93,3437669.02
001027-092272-00001-X,"תל פורן 1, דימונה",דימונה,תל פורן,1,,8614401,exact,203467.69,551726.50,694362.08,3437657.64
001027-092272-00005-X,"תל פורן 5, דימונה",דימונה,תל פורן,5,,8614403,exact,203495.72,551745.64,694389.73,3437677.33
001027-092272-00007-X,"תל פורן 7, דימונה",דימונה,תל פורן,7,,8614404,exact,203509.43,551752.58,694403.30,3437684.54
001027-092272-00009-X,"תל פורן 9, דימונה",דימונה,תל פורן,9,,8614405,exact,203524.67,551759.61,694418.40,3437691.87
001027-092286-00000-X,"?, דימונה",דימונה,?,,,8619300,none,,,,
001027-092286-00001-X,"? 1, דימונה",דימונה,?,1,,8619301,none,,,,
001027-092286-00002-X,"? 2, דימונה",דימונה,?,2,,8619302,none,,,,
001027-092286-00004-X,"? 4, דימונה",דימונה,?,4,,8619304,none,,,,
001027-092286-00005-X,"? 5, דימונה",דימונה,?,5,,8619305,none,,,,
001027-092286-00006-X,"? 6, דימונה",דימונה,?,6,,8619306,none,,,,
001027-092286-00007-X,"? 7, דימונה",דימונה,?,7,,8619307,none,,,,
001027-092286-00008-X,"? 8, דימונה",דימונה,?,8,,8619308,none,,,,
001027-092286-00009-X,"? 9, דימונה",דימונה,?,9,,8619309,none,,,,
001027-092286-00012-X,"? 12, דימונה",דימונה,?,12,,8619312,none,,,,
001027-092286-00016-X,"? 16, דימונה",דימונה,?,16,,8619314,none,,,,
001027-092286-00018-X,"? 18, דימונה",דימונה,?,18,,8619315,none,,,,
001027-092286-00022-X,"? 22, דימונה",דימונה,?,22,,8619317,none,,,,
001027-092286-00024-X,"? 24, דימונה",דימונה,?,24,,8619318,none,,,,
001027-092286-00026-X,"? 26, דימונה",דימונה,?,26,,8619319,none,,,,
001027-092286-00028-X,"? 28, דימונה",דימונה,?,28,,8619320,none,,,,
001027-092339-00002-X,"? 2, דימונה",דימונה,?,2,,8614701,none,,,,
001027-092339-00003-X,"? 3, דימונה",דימונה,?,3,,8614702,none,,,,
001027-092339-00004-X,"? 4, דימונה",דימונה,?,4,,8614703,none,,,,
001027-092339-00005-X,"? 5, דימונה",דימונה,?,5,,8614704,none,,,,
001027-092339-00007-X,"? 7, דימונה",דימונה,?,7,,8614706,none,,,,
001027-092339-00008-X,"? 8, דימונה",דימונה,?,8,,8614707,none,,,,
001027-092339-00009-X,"? 9, דימונה",דימונה,?,9,,8614708,none,,,,
001027-092339-00010-X,"? 10, דימונה",דימונה,?,10,,8614709,none,,,,
001027-092339-00012-X,"? 12, דימונה",דימונה,?,12,,8614711,none,,,,
001027-092339-00013-X,"? 13, דימונה",דימונה,?,13,,8614712,none,,,,
001027-092339-00015-X,"? 15, דימונה",דימונה,?,15,,8614714,none,,,,
001027-092339-00016-X,"? 16, דימונה",דימונה,?,16,,8614715,none,,,,
001027-092339-00017-X,"? 17, דימונה",דימונה,?,17,,8614716,none,,,,
001027-092339-00018-X,"? 18, דימונה",דימונה,?,18,,8614717,none,,,,
001027-092339-00019-X,"? 19, דימונה",דימונה,?,19,,8614718,none,,,,
001027-092339-00021-X,"? 21, דימונה",דימונה,?,21,,8614720,none,,,,
001027-092339-00023-X,"? 23, דימונה",דימונה,?,23,,8614722,none,,,,
001027-092339-00024-X,"? 24, דימונה",דימונה,?,24,,8614723,none,,,,
001027-092339-00025-X,"? 25, דימונה",דימונה,?,25,,8614724,none,,,,
001027-092339-00027-X,"? 27, דימונה",דימונה,?,27,,8614726,none,,,,
001027-092339-00029-X,"? 29, דימונה",דימונה,?,29,,8614728,none,,,,
001027-092339-00030-X,"? 30, דימונה",דימונה,?,30,,8614729,none,,,,
001027-092339-00031-X,"? 31, דימונה",דימונה,?,31,,8614730,none,,,,
001027-092339-00033-X,"? 33, דימונה",דימונה,?,33,,8614732,none,,,,
001027-092339-00035-X,"? 35, דימונה",דימונה,?,35,,8614734,none,,,,
001027-092339-00037-X,"? 37, דימונה",דימונה,?,37,,8614735,none,,,,
001027-092371-00000-X,"פקיעין, דימונה",דימונה,פקיעין,,,8614800,street,203362.35,551842.96,694254.44,3437771.99
001027-092371-00001-X,"פקיעין 1, דימונה",דימונה,פקיעין,1,,8614801,exact,203257.78,551866.88,694149.41,3437793.84
001027-092371-00003-X,"פקיעין 3, דימונה",דימונה,פקיעין,3,,8614803,exact,203276.17,551868.69,694167.77,3437796.01
001027-092371-00006-X,"פקיעין 6, דימונה",דימונה,פקיעין,6,,8614806,exact,203297.99,551840.60,694190.14,3437768.35
001027-092371-00007-X,"פקיעין 7, דימונה",דימונה,פקיעין,7,,8614807,exact,203305.55,551870.05,694197.12,3437797.95
001027-092371-00008-X,"פקיעין 8, דימונה",דימונה,פקיעין,8,,8614808,exact,203315.29,551836.95,694207.51,3437765.05
001027-092371-00011-X,"פקיעין 11, דימונה",דימונה,פקיעין,11,,8614811,exact,203340.86,551860.65,694232.61,3437789.26
001027-092371-00012-X,"פקיעין 12, דימונה",דימונה,פקיעין,12,,8614812,exact,203351.06,551831.76,694243.38,3437760.57
001027-092371-00013-X,"פקיעין 13, דימונה",דימונה,פקיעין,13,,8614813,exact,203359.25,551857.51,694251.06,3437786.47
001027-092371-00014-X,"פקיעין 14, דימונה",דימונה,פקיעין,14,,8614814,street,203362.35,551842.96,694254.44,3437771.99
001027-092371-00015-X,"פקיעין 15, דימונה",דימונה,פקיעין,15,,8614815,exact,203374.66,551850.90,694266.60,3437780.18
001027-092371-00016-X,"פקיעין 16, דימונה",דימונה,פקיעין,16,,8614816,exact,203382.39,551821.07,694274.92,3437750.50
001027-092371-00017-X,"פקיעין 17, דימונה",דימונה,פקיעין,17,,8614817,exact,203388.80,551847.18,694280.81,3437776.73
001027-092371-00018-X,"פקיעין 18, דימונה",דימונה,פקיעין,18,,8614818,exact,203398.21,551814.03,694290.88,3437743.78
001027-092371-00019-X,"פקיעין 19, דימונה",דימונה,פקיעין,19,,8614819,exact,203404.13,551840.40,694296.27,3437770.27
001027-092371-00021-X,"פקיעין 21, דימונה",דימונה,פקיעין,21,,8614821,exact,203421.57,551834.31,694313.83,3437764.52
001027-092371-00022-X,"פקיעין 22, דימונה",דימונה,פקיעין,22,,8614822,exact,203427.53,551798.95,694320.49,3437729.29
001027-092371-00023-X,"פקיעין 23, דימונה",דימונה,פקיעין,23,,8614823,exact,203435.03,551826.35,694327.45,3437756.83
001027-092371-00024-X,"פקיעין 24, דימונה",דימונה,פקיעין,24,,8614824,exact,203442.24,551788.85,694335.40,3437719.47
001027-092371-00025-X,"פקיעין 25, דימונה",דימונה,פקיעין,25,,8614825,exact,203446.38,551818.14,694338.95,3437748.84
001027-092371-00027-X,"פקיעין 27, דימונה",דימונה,פקיעין,27,,8614826,exact,203461.93,551808.28,694354.70,3437739.29
001027-092378-00000-X,"בית שערים, דימונה",דימונה,בית שערים,,,8619400,street,203239.95,551740.45,694134.10,3437667.06
001027-092378-00001-X,"בית שערים 1, דימונה",דימונה,בית שערים,1,,8619401,exact,203189.84,551877.95,694081.27,3437803.55
001027-092378-00002-X,"בית שערים 2, דימונה",דימונה,בית שערים,2,,8619402,exact,203159.38,551869.89,694050.97,3437794.89
001027-092378-00003-X,"בית שערים 3, דימונה",דימונה,בית שערים,3,,8619403,exact,203189.90,551858.07,694081.73,3437783.68
001027-092378-00004-X,"בית שערים 4, דימונה",דימונה,בית שערים,4,,8619404,exact,203161.07,551853.89,694052.98,3437778.92
001027-092378-00005-X,"בית שערים 5, דימונה",דימונה,בית שערים,5,,8619405,exact,203193.53,551843.49,694085.64,3437769.17
001027-092378-00009-X,"בית שערים 9, דימונה",דימונה,בית שערים,9,,8619409,exact,203203.58,551811.85,694096.32,3437737.73
001027-092378-00010-X,"בית שערים 10, דימונה",דימונה,בית שערים,10,,8619410,exact,203170.30,551807.41,694063.13,3437732.63
001027-092378-00011-X,"בית שערים 11, דימונה",דימונה,בית שערים,11,,8619411,exact,203210.41,551799.15,694103.40,3437725.17
001027-092378-00012-X,"בית שערים 12, דימונה",דימונה,בית שערים,12,,8619412,exact,203174.79,551793.27,694067.90,3437718.58
001027-092378-00013-X,"בית שערים 13, דימונה",דימונה,בית שערים,13,,8619413,exact,203218.56,551783.80,694111.85,3437709.99
001027-092378-00014-X,"בית שערים 14, דימונה",דימונה,בית שערים,14,,8619414,exact,203177.16,551778.03,694070.57,3437703.39
001027-092378-00015-X,"בית שערים 15, דימונה",דימונה,בית שערים,15,,8619415,exact,203229.51,551769.89,694123.08,3437696.29
001027-092378-00016-X,"בית שערים 16, דימונה",דימונה,בית שערים,16,,8619416,exact,203182.41,551745.77,694076.46,3437671.24
001027-092378-00017-X,"בית שערים 17, דימונה",דימונה,בית שערים,17,,8619417,exact,203294.61,551731.24,694188.94,3437658.94
001027-092378-00018-X,"בית שערים 18, דימונה",דימונה,בית שערים,18,,8619418,exact,203193.92,551761.94,694087.65,3437687.64
001027-092378-00019-X,"בית שערים 19, דימונה",דימונה,בית שערים,19,,8619419,exact,203301.94,551732.79,694196.24,3437660.64
001027-092378-00020-X,"בית שערים 20, דימונה",דימונה,בית שערים,20,,8619420,exact,203228.88,551730.73,694123.23,3437657.13
001027-092378-00021-X,"בית שערים 21, דימונה",דימונה,בית שערים,21,,8619421,exact,203315.09,551726.23,694209.51,3437654.34
001027-092378-00022-X,"בית שערים 22, דימונה",דימונה,בית שערים,22,,8619422,exact,203233.38,551724.10,694127.85,3437650.59
001027-092378-00024-X,"בית שערים 24, דימונה",דימונה,בית שערים,24,,8619424,exact,203254.02,551713.41,694148.71,3437640.31
001027-092378-00025-X,"בית שערים 25, דימונה",דימונה,בית שערים,25,,8619425,exact,203336.70,551718.09,694231.28,3437646.63
001027-092378-00026-X,"בית שערים 26, דימונה",דימונה,בית שערים,26,,8619426,exact,203257.85,551706.70,694152.67,3437633.67
001027-092378-00027-X,"בית שערים 27, דימונה",דימונה,בית שערים,27,,8619427,exact,203344.74,551721.43,694239.25,3437650.13
001027-092378-00028-X,"בית שערים 28, דימונה",דימונה,בית שערים,28,,8619428,exact,203287.75,551701.26,694182.67,3437628.83
001027-092378-00029-X,"בית שערים 29, דימונה",דימונה,בית שערים,29,,8619429,exact,203356.67,551712.26,694251.36,3437641.20
001027-092378-00030-X,"בית שערים 30, דימונה",דימונה,בית שערים,30,,8619430,exact,203313.94,551699.63,694208.89,3437627.72
001027-092378-00031-X,"בית שערים 31, דימונה",דימונה,בית שערים,31,,8619431,exact,203364.51,551714.40,694259.16,3437643.49
001027-092378-00034-X,"בית שערים 34, דימונה",דימונה,בית שערים,34,,8619434,exact,203345.57,551684.80,694240.80,3437613.53
001027-092378-00035-X,"בית שערים 35, דימונה",דימונה,בית שערים,35,,8619435,exact,203383.10,551711.68,694277.80,3437641.14
001027-092378-00036-X,"בית שערים 36, דימונה",דימונה,בית שערים,36,,8619436,exact,203350.67,551684.78,694245.91,3437613.60
001027-092378-00038-X,"בית שערים 38, דימונה",דימונה,בית שערים,38,,8619437,exact,203370.92,551680.70,694266.23,3437609.92
001027-092378-00040-X,"בית שערים 40, דימונה",דימונה,בית שערים,40,,8619438,exact,203373.04,551674.36,694268.48,3437603.63
001027-092446-00000-X,"תל אפק, דימונה",דימונה,תל אפק,,,8619800,street,203201.49,551615.47,694098.13,3437541.34
001027-092446-00001-X,"תל אפק 1, דימונה",דימונה,תל אפק,1,,8619801,street,203201.49,551615.47,694098.13,3437541.34
001027-092446-00002-X,"תל אפק 2, דימונה",דימונה,תל אפק,2,,8619802,exact,203187.53,551728.90,694081.92,3437654.48
001027-092446-00003-X,"תל אפק 3, דימונה",דימונה,תל אפק,3,,8619803,exact,203216.48,551693.63,694111.56,3437619.79
001027-092446-00004-X,"תל אפק 4, דימונה",דימונה,תל אפק,4,,8619804,exact,203184.58,551721.17,694079.12,3437646.69
001027-092446-00005-X,"תל אפק 5, דימונה",דימונה,תל אפק,5,,8619805,exact,203224.03,551690.99,694119.17,3437617.29
001027-092446-00007-X,"תל אפק 7, דימונה",דימונה,תל אפק,7,,8619807,exact,203217.42,551668.25,694113.01,3437594.43
001027-092446-00008-X,"תל אפק 8, דימונה",דימונה,תל אפק,8,,8619808,exact,203182.40,551702.26,694077.32,3437627.73
001027-092446-00009-X,"תל אפק 9, דימונה",דימונה,תל אפק,9,,8619809,exact,203213.29,551662.78,694108.99,3437588.88
001027-092446-00010-X,"תל אפק 10, דימונה",דימונה,תל אפק,10,,8619810,exact,203184.07,551688.35,694079.26,3437613.86
001027-092446-00011-X,"תל אפק 11, דימונה",דימונה,תל אפק,11,,8619811,exact,203215.97,551636.86,694112.18,3437563.01
001027-092446-00012-X,"תל אפק 12, דימונה",דימונה,תל אפק,12,,8619812,exact,203190.65,551681.24,694085.98,3437606.89
001027-092446-00013-X,"תל אפק 13, דימונה",דימונה,תל אפק,13,,8619813,exact,203219.59,551632.68,694115.88,3437558.91
001027-092446-00014-X,"תל אפק 14, דימונה",דימונה,תל אפק,14,,8619814,exact,203190.79,551667.74,694086.39,3437593.39
001027-092446-00016-X,"תל אפק 16, דימונה",דימונה,תל אפק,16,,8619816,exact,203183.11,551661.70,694078.83,3437587.20
001027-092446-00018-X,"תל אפק 18, דימונה",דימונה,תל אפק,18,,8619818,exact,203190.37,551647.89,694086.36,3437573.54
001027-092446-00019-X,"תל אפק 19, דימונה",דימונה,תל אפק,19,,8619819,exact,203217.70,551597.79,694114.69,3437523.99
001027-092446-00020-X,"תל אפק 20, דימונה",דימונה,תל אפק,20,,8619820,exact,203186.10,551642.25,694082.21,3437567.81
001027-092446-00022-X,"תל אפק 22, דימונה",דימונה,תל אפק,22,,8619822,exact,203187.71,551627.45,694084.11,3437553.05
001027-092446-00023-X,"תל אפק 23, דימונה",דימונה,תל אפק,23,,8619823,exact,203222.31,551573.05,694119.79,3437499.34
001027-092446-00025-X,"תל אפק 25, דימונה",דימונה,תל אפק,25,,8619825,exact,203226.43,551572.49,694123.92,3437498.86
001027-092446-00026-X,"תל אפק 26, דימונה",דימונה,תל אפק,26,,8619826,exact,203190.75,551607.25,694087.55,3437532.91
001027-092446-00027-X,"תל אפק 27, דימונה",דימונה,תל אפק,27,,8619827,street,203201.49,551615.47,694098.13,3437541.34
001027-092446-00030-X,"תל אפק 30, דימונה",דימונה,תל אפק,30,,8619830,exact,203193.02,551586.73,694090.23,3437512.44
001027-092446-00031-X,"תל אפק 31, דימונה",דימונה,תל אפק,31,,8619831,street,203201.49,551615.47,694098.13,3437541.34
001027-092446-00034-X,"תל אפק 34, דימונה",דימונה,תל אפק,34,,8619833,exact,203191.73,551566.67,694089.34,3437492.36
001027-092446-00036-X,"תל אפק 36, דימונה",דימונה,תל אפק,36,,8619834,exact,203189.95,551561.64,694087.66,3437487.29
001027-092446-00038-X,"תל אפק 38, דימונה",דימונה,תל אפק,38,,8619835,exact,203196.15,551546.00,694094.16,3437471.78
001027-092446-00040-X,"תל אפק 40, דימונה",דימונה,תל אפק,40,,8619836,exact,203191.25,551541.61,694089.35,3437467.29
001027-092446-00042-X,"תל אפק 42, דימונה",דימונה,תל אפק,42,,8619837,exact,203189.26,551526.95,694087.66,3437452.59
001027-092446-00046-X,"תל אפק 46, דימונה",דימונה,תל אפק,46,,8619839,exact,203182.61,551506.35,694081.41,3437431.86
001027-092446-00048-X,"תל אפק 48, דימונה",דימונה,תל אפק,48,,8619840,exact,203176.98,551502.17,694075.87,3437427.57
001027-092446-00052-X,"תל אפק 52, דימונה",דימונה,תל אפק,52,,8619842,exact,203175.99,551481.65,694075.29,3437407.04
001027-092472-00000-X,"קלעת נמרוד, דימונה",דימונה,קלעת נמרוד,,,8619900,street,203314.52,551465.65,694214.12,3437393.79
001027-092472-00001-X,"קלעת נמרוד 1, דימונה",דימונה,קלעת נמרוד,1,,8619901,exact,203220.90,551484.35,694120.14,3437410.63
001027-092472-00003-X,"קלעת נמרוד 3, דימונה",דימונה,קלעת נמרוד,3,,8619902,exact,203226.25,551480.86,694125.56,3437407.24
001027-092472-00005-X,"קלעת נמרוד 5, דימונה",דימונה,קלעת נמרוד,5,,8619903,exact,203240.04,551486.07,694139.24,3437412.72
001027-092472-00009-X,"קלעת נמרוד 9, דימונה",דימונה,קלעת נמרוד,9,,8619905,exact,203260.41,551485.88,694159.61,3437412.94
001027-092472-00013-X,"קלעת נמרוד 13, דימונה",דימונה,קלעת נמרוד,13,,8619907,exact,203279.22,551484.20,694178.45,3437411.63
001027-092472-00015-X,"קלעת נמרוד 15, דימונה",דימונה,קלעת נמרוד,15,,8619908,exact,203280.79,551478.23,694180.14,3437405.70
001027-092472-00019-X,"קלעת נמרוד 19, דימונה",דימונה,קלעת נמרוד,19,,8619910,exact,203308.94,551480.62,694208.24,3437408.65
001027-092472-00021-X,"קלעת נמרוד 21, דימונה",דימונה,קלעת נמרוד,21,,8619911,exact,203323.69,551485.29,694222.89,3437413.61
001027-092472-00027-X,"קלעת נמרוד 27, דימונה",דימונה,קלעת נמרוד,27,,8619914,exact,203350.14,551475.15,694249.54,3437403.99
001027-092472-00033-X,"קלעת נמרוד 33, דימונה",דימונה,קלעת נמרוד,33,,8619917,exact,203389.59,551508.96,694288.32,3437438.58
001027-092472-00035-X,"קלעת נמרוד 35, דימונה",דימונה,קלעת נמרוד,35,,8619918,exact,203392.91,551503.90,694291.73,3437433.59
001027-092472-00037-X,"קלעת נמרוד 37, דימונה",דימונה,קלעת נמרוד,37,,8619919,street,203314.52,551465.65,694214.12,3437393.79
001027-092497-00000-X,"מונפור, דימונה",דימונה,מונפור,,,8619600,street,203309.16,551528.22,694207.51,3437456.24
001027-092497-00001-X,"מונפור 1, דימונה",דימונה,מונפור,1,,8619601,street,203309.16,551528.22,694207.51,3437456.24
001027-092497-00002-X,"מונפור 2, דימונה",דימונה,מונפור,2,,8619602,exact,203224.26,551514.86,694122.89,3437441.20
001027-092497-00003-X,"מונפור 3, דימונה",דימונה,מונפור,3,,8619603,street,203309.16,551528.22,694207.51,3437456.24
001027-092497-00004-X,"מונפור 4, דימונה",דימונה,מונפור,4,,8619604,exact,203230.50,551510.70,694129.21,3437437.16
001027-092497-00006-X,"מונפור 6, דימונה",דימונה,מונפור,6,,8619606,exact,203243.43,551512.00,694142.12,3437438.72
001027-092497-00007-X,"מונפור 7, דימונה",דימונה,מונפור,7,,8619607,street,203309.16,551528.22,694207.51,3437456.24
001027-092497-00008-X,"מונפור 8, דימונה",דימונה,מונפור,8,,8619608,exact,203249.73,551515.59,694148.35,3437442.43
001027-092497-00009-X,"מונפור 9, דימונה",דימונה,מונפור,9,,8619609,street,203309.16,551528.22,694207.51,3437456.24
001027-092497-00010-X,"מונפור 10, דימונה",דימונה,מונפור,10,,8619610,exact,203264.24,551512.60,694162.91,3437439.74
001027-092497-00011-X,"מונפור 11, דימונה",דימונה,מונפור,11,,8619611,street,203309.16,551528.22,694207.51,3437456.24
001027-092497-00012-X,"מונפור 12, דימונה",דימונה,מונפור,12,,8619612,exact,203268.19,551514.37,694166.83,3437441.58
001027-092497-00014-X,"מונפור 14, דימונה",דימונה,מונפור,14,,8619613,exact,203283.68,551512.66,694182.35,3437440.18
001027-092497-00016-X,"מונפור 16, דימונה",דימונה,מונפור,16,,8619614,exact,203288.66,551512.76,694187.32,3437440.38
001027-092497-00018-X,"מונפור 18, דימונה",דימונה,מונפור,18,,8619615,exact,203306.27,551509.22,694205.00,3437437.19
001027-092497-00020-X,"מונפור 20, דימונה",דימונה,מונפור,20,,8619616,exact,203312.80,551511.63,694211.48,3437439.72
001027-092497-00022-X,"מונפור 22, דימונה",דימונה,מונפור,22,,8619617,exact,203329.28,551512.90,694227.94,3437441.32
001027-092497-00024-X,"מונפור 24, דימונה",דימונה,מונפור,24,,8619618,exact,203336.06,551511.58,694234.74,3437440.14
001027-092497-00026-X,"מונפור 26, דימונה",דימונה,מונפור,26,,8619619,exact,203350.67,551518.80,694249.20,3437447.65
001027-092497-00030-X,"מונפור 30, דימונה",דימונה,מונפור,30,,8619621,exact,203373.01,551529.30,694271.33,3437458.59
001027-092497-00032-X,"מונפור 32, דימונה",דימונה,מונפור,32,,8619622,exact,203374.23,551533.02,694272.48,3437462.33
001027-092497-00034-X,"מונפור 34, דימונה",דימונה,מונפור,34,,8619623,exact,203387.26,551540.17,694285.36,3437469.74
001027-092497-00036-X,"מונפור 36, דימונה",דימונה,מונפור,36,,8619624,exact,203388.32,551544.68,694286.33,3437474.28
001027-092524-00000-X,"יודפת, דימונה",דימונה,יודפת,,,8619700,street,203322.95,551618.59,694219.51,3437546.88
001027-092524-00002-X,"יודפת 2, דימונה",דימונה,יודפת,2,,8619702,exact,203313.09,551685.87,694208.32,3437613.95
001027-092524-00003-X,"יודפת 3, דימונה",דימונה,יודפת,3,,8619703,exact,203342.24,551661.35,694237.95,3437590.01
001027-092524-00004-X,"יודפת 4, דימונה",דימונה,יודפת,4,,8619704,exact,203310.23,551665.31,694205.86,3437593.33
001027-092524-00005-X,"יודפת 5, דימונה",דימונה,יודפת,5,,8619705,exact,203335.88,551660.19,694231.60,3437588.73
001027-092524-00006-X,"יודפת 6, דימונה",דימונה,יודפת,6,,8619706,exact,203313.76,551657.96,694209.54,3437586.05
001027-092524-00007-X,"יודפת 7, דימונה",דימונה,יודפת,7,,8619707,exact,203338.62,551643.79,694234.68,3437572.38
001027-092524-00009-X,"יודפת 9, דימונה",דימונה,יודפת,9,,8619709,exact,203334.19,551640.44,694230.31,3437568.94
001027-092524-00010-X,"יודפת 10, דימונה",דימונה,יודפת,10,,8619710,exact,203311.18,551636.49,694207.39,3437564.54
001027-092524-00011-X,"יודפת 11, דימונה",דימונה,יודפת,11,,8619711,street,203322.95,551618.59,694219.51,3437546.88
001027-092524-00012-X,"יודפת 12, דימונה",דימונה,יודפת,12,,8619712,exact,203309.29,551620.86,694205.80,3437548.87
001027-092524-00014-X,"יודפת 14, דימונה",דימונה,יודפת,14,,8619714,exact,203311.62,551613.37,694208.28,3437541.43
001027-092524-00015-X,"יודפת 15, דימונה",דימונה,יודפת,15,,8619715,exact,203348.83,551589.24,694245.96,3437518.04
001027-092524-00017-X,"יודפת 17, דימונה",דימונה,יודפת,17,,8619717,exact,203346.27,551563.22,694243.92,3437491.98
001027-092524-00018-X,"יודפת 18, דימונה",דימונה,יודפת,18,,8619718,exact,203313.50,551588.46,694210.66,3437516.56
001027-092524-00019-X,"יודפת 19, דימונה",דימונה,יודפת,19,,8619719,exact,203353.30,551565.61,694250.90,3437494.50
001027-092524-00020-X,"יודפת 20, דימונה",דימונה,יודפת,20,,8619720,exact,203313.66,551571.50,694211.15,3437499.60
001027-092524-00022-X,"יודפת 22, דימונה",דימונה,יודפת,22,,8619721,exact,203319.54,551568.13,694217.10,3437496.36
001027-092524-00024-X,"יודפת 24, דימונה",דימונה,יודפת,24,,8619722,exact,203322.47,551551.01,694220.37,3437479.30
001027-092550-00002-X,"? 2, דימונה",דימונה,?,2,,8619502,none,,,,
001027-092550-00003-X,"? 3, דימונה",דימונה,?,3,,8619503,none,,,,
001027-092550-00004-X,"? 4, דימונה",דימונה,?,4,,8619504,none,,,,
001027-092550-00005-X,"? 5, דימונה",דימונה,?,5,,8619505,none,,,,
001027-092550-00006-X,"? 6, דימונה",דימונה,?,6,,8619506,none,,,,
001027-092550-00008-X,"? 8, דימונה",דימונה,?,8,,8619508,none,,,,
001027-092550-00010-X,"? 10, דימונה",דימונה,?,10,,8619510,none,,,,
001027-092550-00012-X,"? 12, דימונה",דימונה,?,12,,8619512,none,,,,
001027-092550-00013-X,"? 13, דימונה",דימונה,?,13,,8619513,none,,,,
001027-092550-00014-X,"? 14, דימונה",דימונה,?,14,,8619514,none,,,,
001027-092550-00016-X,"? 16, דימונה",דימונה,?,16,,8619516,none,,,,
001027-092550-00017-X,"? 17, דימונה",דימונה,?,17,,8619517,none,,,,
001027-092550-00018-X,"? 18, דימונה",דימונה,?,18,,8619518,none,,,,
001027-092550-00020-X,"? 20, דימונה",דימונה,?,20,,8619520,none,,,,
001027-092550-00021-X,"? 21, דימונה",דימונה,?,21,,8619521,none,,,,
001027-092550-00022-X,"? 22, דימונה",דימונה,?,22,,8619522,none,,,,
001027-092550-00024-X,"? 24, דימונה",דימונה,?,24,,8619524,none,,,,
001027-092550-00025-X,"? 25, דימונה",דימונה,?,25,,8619525,none,,,,
001027-092550-00026-X,"? 26, דימונה",דימונה,?,26,,8619526,none,,,,
001027-092550-00027-X,"? 27, דימונה",דימונה,?,27,,8619527,none,,,,
001027-092550-00028-X,"? 28, דימונה",דימונה,?,28,,8619528,none,,,,
001027-092550-00029-X,"? 29, דימונה",דימונה,?,29,,8619529,none,,,,
001027-092550-00030-X,"? 30, דימונה",דימונה,?,30,,8619530,none,,,,
001027-092550-00031-X,"? 31, דימונה",דימונה,?,31,,8619531,none,,,,
001027-092614-00000-X,"ירושלים, דימונה",דימונה,ירושלים,,,8619500,street,203460.87,551965.87,694350.52,3437896.84
001027-092614-00006-X,"ירושלים 6, דימונה",דימונה,ירושלים,6,,8619547,street,203460.87,551965.87,694350.52,3437896.84
001027-092614-00010-X,"ירושלים 10, דימונה",דימונה,ירושלים,10,,8619549,exact,203339.84,551960.55,694229.60,3437889.12
001027-092614-00014-X,"ירושלים 14, דימונה",דימונה,ירושלים,14,,8619532,exact,203517.39,551883.91,694408.66,3437816.01
001027-092614-00014-א,"ירושלים 14א, דימונה",דימונה,ירושלים,14,א,8619533,exact,203517.39,551883.91,694408.66,3437816.01
001027-092614-00014-ב,"ירושלים 14ב, דימונה",דימונה,ירושלים,14,ב,8619534,exact,203517.39,551883.91,694408.66,3437816.01
001027-092614-00014-ג,"ירושלים 14ג, דימונה",דימונה,ירושלים,14,ג,8619535,exact,203517.39,551883.91,694408.66,3437816.01
001027-092614-00014-ד,"ירושלים 14ד, דימונה",דימונה,ירושלים,14,ד,8619536,exact,203517.39,551883.91,694408.66,3437816.01
001027-092614-00014-ה,"ירושלים 14ה, דימונה",דימונה,ירושלים,14,ה,8619537,exact,203517.39,551883.91,694408.66,3437816.01
001027-092614-00016-X,"ירושלים 16, דימונה",דימונה,ירושלים,16,,8619538,exact,203532.52,551876.59,694423.92,3437809.00
001027-092614-00016-א,"ירושלים 16א, דימונה",דימונה,ירושלים,16,א,8619539,exact,203532.52,551876.59,694423.92,3437809.00
001027-092614-00016-ב,"ירושלים 16ב, דימונה",דימונה,ירושלים,16,ב,8619540,exact,203532.52,551876.59,694423.92,3437809.00
001027-092614-00018-א,"ירושלים 18א, דימונה",דימונה,ירושלים,18,א,8619542,exact,203661.81,551833.71,694554.04,3437768.69
001027-092614-00018-ב,"ירושלים 18ב, דימונה",דימונה,ירושלים,18,ב,8619543,exact,203661.81,551833.71,694554.04,3437768.69
001027-092614-00018-ג,"ירושלים 18ג, דימונה",דימונה,ירושלים,18,ג,8619544,exact,203661.81,551833.71,694554.04,3437768.69
001027-092614-00018-ד,"ירושלים 18ד, דימונה",דימונה,ירושלים,18,ד,8619545,exact,203661.81,551833.71,694554.04,3437768.69
001027-092614-00022-X,"ירושלים 22, דימונה",דימונה,ירושלים,22,,8619551,exact,203743.46,551796.69,694636.42,3437733.29
001027-092614-00024-X,"ירושלים 24, דימונה",דימונה,ירושלים,24,,8619552,exact,203756.50,551793.05,694649.53,3437729.91
001027-092614-00028-X,"ירושלים 28, דימונה",דימונה,ירושלים,28,,8619554,exact,203777.33,551785.34,694670.51,3437722.62
001027-092614-00030-X,"ירושלים 30, דימונה",דימונה,ירושלים,30,,8619555,exact,203784.61,551782.04,694677.85,3437719.46
001027-092614-00032-X,"ירושלים 32, דימונה",דימונה,ירושלים,32,,8619556,exact,203798.62,551776.45,694691.97,3437714.15
001027-092614-00034-X,"ירושלים 34, דימונה",דימונה,ירושלים,34,,8619557,exact,203806.24,551774.34,694699.63,3437712.19
001027-092614-00038-X,"ירושלים 38, דימונה",דימונה,ירושלים,38,,8619559,exact,203827.06,551764.77,694720.65,3437703.04
001027-092614-00040-X,"ירושלים 40, דימונה",דימונה,ירושלים,40,,8619560,exact,203839.26,551759.86,694732.93,3437698.37
001027-092614-00042-X,"ירושלים 42, דימונה",דימונה,ירושלים,42,,8619561,exact,203846.45,551757.40,694740.18,3437696.06
001027-092614-00044-X,"ירושלים 44, דימונה",דימונה,ירושלים,44,,8619562,exact,203865.93,551749.61,694759.80,3437688.66
001027-092614-00046-X,"ירושלים 46, דימונה",דימונה,ירושלים,46,,8619563,exact,203872.87,551746.31,694766.81,3437685.49
001027-092614-00048-X,"ירושלים 48, דימונה",דימונה,ירושלים,48,,8619564,exact,203884.64,551740.13,694778.70,3437679.55
001027-092614-00050-X,"ירושלים 50, דימונה",דימונה,ירושלים,50,,8619565,exact,203892.68,551736.57,694786.81,3437676.15
001027-092614-00054-X,"ירושלים 54, דימונה",דימונה,ירושלים,54,,8619567,exact,203914.61,551727.43,694808.92,3437667.44
001027-092614-00058-X,"ירושלים 58, דימונה",דימונה,ירושלים,58,,8619569,exact,203936.54,551719.47,694831.00,3437659.92
001027-092614-00060-X,"ירושלים 60, דימונה",דימונה,ירושלים,60,,8619570,exact,203950.59,551714.48,694845.15,3437655.21
001027-110053-00001-X,"עין גדי 1, דימונה",דימונה,עין גדי,1,,8614736,exact,203154.72,551884.62,694046.02,3437809.53
001027-110053-00003-X,"עין גדי 3, דימונה",דימונה,עין גדי,3,,8614738,exact,203152.86,551900.12,694043.85,3437824.98
001027-110053-00004-X,"עין גדי 4, דימונה",דימונה,עין גדי,4,,8614739,exact,203175.30,551933.56,694065.62,3437858.87
001027-110053-00005-X,"עין גדי 5, דימונה",דימונה,עין גדי,5,,8614740,exact,203147.87,551916.54,694038.53,3437841.31
001027-110053-00007-X,"עין גדי 7, דימונה",דימונה,עין גדי,7,,8614741,exact,203139.15,551934.49,694029.46,3437859.08
001027-110319-00001-X,"הר חרמון 1, דימונה",דימונה,הר חרמון,1,,8618001,exact,203701.43,554980.59,694531.16,3440915.90
001027-110319-00002-X,"הר חרמון 2, דימונה",דימונה,הר חרמון,2,,8618002,street,203787.48,555014.19,694616.53,3440951.21
001027-110319-00003-X,"הר חרמון 3, דימונה",דימונה,הר חרמון,3,,8618003,exact,203721.25,554996.93,694550.64,3440932.63
001027-110319-00004-X,"הר חרמון 4, דימונה",דימונה,הר חרמון,4,,8618004,exact,203751.17,554988.97,694580.72,3440925.27
001027-110319-00005-X,"הר חרמון 5, דימונה",דימונה,הר חרמון,5,,8618005,exact,203735.81,555010.48,694564.94,3440946.46
001027-110319-00006-X,"הר חרמון 6, דימונה",דימונה,הר חרמון,6,,8618006,street,203787.48,555014.19,694616.53,3440951.21
001027-110319-00007-X,"הר חרמון 7, דימונה",דימונה,הר חרמון,7,,8618007,exact,203754.47,555019.78,694583.41,3440956.13
001027-110319-00008-X,"הר חרמון 8, דימונה",דימונה,הר חרמון,8,,8618008,exact,203796.68,555003.48,694625.94,3440940.68
001027-110319-00009-X,"הר חרמון 9, דימונה",דימונה,הר חרמון,9,,8618009,exact,203774.84,555024.65,694603.68,3440961.40
001027-110319-00010-X,"הר חרמון 10, דימונה",דימונה,הר חרמון,10,,8618010,exact,203818.91,555004.33,694648.15,3440941.97
001027-110319-00011-X,"הר חרמון 11, דימונה",דימונה,הר חרמון,11,,8618011,exact,203798.87,555027.87,694627.64,3440965.11
001027-110319-00012-X,"הר חרמון 12, דימונה",דימונה,הר חרמון,12,,8618012,exact,203845.04,554997.35,694674.41,3440935.50
001027-110319-00014-X,"הר חרמון 14, דימונה",דימונה,הר חרמון,14,,8618014,exact,203862.39,555005.16,694691.60,3440943.66
001027-110319-00016-X,"הר חרמון 16, דימונה",דימונה,הר חרמון,16,,8618016,street,203787.48,555014.19,694616.53,3440951.21
001027-110319-00017-X,"הר חרמון 17, דימונה",דימונה,הר חרמון,17,,8618017,exact,203861.20,555023.32,694690.06,3440961.80
001027-110320-00001-X,"הר תבור 1, דימונה",דימונה,הר תבור,1,,8618018,exact,203639.43,555007.11,694468.64,3440941.18
001027-110320-00002-X,"הר תבור 2, דימונה",דימונה,הר תבור,2,,8618019,exact,203671.12,554994.78,694500.57,3440929.48
001027-110320-00004-X,"הר תבור 4, דימונה",דימונה,הר תבור,4,,8618021,exact,203686.09,555004.16,694515.35,3440939.16
001027-110320-00005-X,"הר תבור 5, דימונה",דימונה,הר תבור,5,,8618022,exact,203677.45,555029.95,694506.20,3440964.77
001027-110320-00006-X,"הר תבור 6, דימונה",דימונה,הר תבור,6,,8618023,exact,203705.48,555017.65,694534.47,3440953.03
001027-110320-00007-X,"הר תבור 7, דימונה",דימונה,הר תבור,7,,8618024,exact,203691.33,555043.80,694519.80,3440978.90
001027-110320-00008-X,"הר תבור 8, דימונה",דימונה,הר תבור,8,,8618025,exact,203725.50,555036.04,694554.12,3440971.82
001027-110321-00007-X,"הר ארבל 7, דימונה",דימונה,הר ארבל,7,,8618029,exact,203616.26,554898.13,694447.64,3440831.76
001027-110321-00009-X,"הר ארבל 9, דימונה",דימונה,הר ארבל,9,,8618030,exact,203643.41,554889.34,694474.96,3440823.51
001027-110321-00013-X,"הר ארבל 13, דימונה",דימונה,הר ארבל,13,,8618031,exact,203684.00,554866.33,694516.00,3440801.30
001027-110321-00015-X,"הר ארבל 15, דימונה",דימונה,הר ארבל,15,,8618032,exact,203703.33,554858.82,694535.47,3440794.18
001027-110321-00017-X,"הר ארבל 17, דימונה",דימונה,הר ארבל,17,,8618033,exact,203729.08,554863.52,694561.13,3440799.39
001027-110321-00019-X,"הר ארבל 19, דימונה",דימונה,הר ארבל,19,,8618034,exact,203740.99,554882.25,694572.66,3440818.36
001027-110321-00021-X,"הר ארבל 21, דימונה",דימונה,הר ארבל,21,,8618035,street,203682.59,554971.93,694512.49,3440906.87
001027-110321-00023-X,"הר ארבל 23, דימונה",דימונה,הר ארבל,23,,8618036,street,203682.59,554971.93,694512.49,3440906.87
001027-110321-00025-X,"הר ארבל 25, דימונה",דימונה,הר ארבל,25,,8618037,exact,203693.83,554951.36,694524.14,3440886.52
001027-110321-00027-X,"הר ארבל 27, דימונה",דימונה,הר ארבל,27,,8618038,exact,203673.09,554960.88,694503.21,3440895.63
001027-110321-00029-X,"הר ארבל 29, דימונה",דימונה,הר ארבל,29,,8618039,exact,203651.66,554970.93,694481.58,3440905.25
001027-110321-00031-X,"הר ארבל 31, דימונה",דימונה,הר ארבל,31,,8618040,exact,203628.43,554980.19,694458.17,3440914.05
001027-110321-00035-X,"הר ארבל 35, דימונה",דימונה,הר ארבל,35,,8618042,street,203682.59,554971.93,694512.49,3440906.87
001027-110321-00037-X,"הר ארבל 37, דימונה",דימונה,הר ארבל,37,,8618043,exact,203551.70,554998.03,694381.10,3440930.36
001027-110321-00039-X,"הר ארבל 39, דימונה",דימונה,הר ארבל,39,,8618044,exact,203533.29,555004.11,694362.58,3440936.08
001027-110321-00041-X,"הר ארבל 41, דימונה",דימונה,הר ארבל,41,,8618045,exact,203512.74,555013.23,694341.85,3440944.78
001027-110321-00043-X,"הר ארבל 43, דימונה",דימונה,הר ארבל,43,,8618046,exact,203492.31,555027.09,694321.15,3440958.23
001027-110322-00000-X,"הר מירון, דימונה",דימונה,הר מירון,,,8618000,street,203631.04,555054.19,694459.32,3440988.09
001027-110322-00001-X,"הר מירון 1, דימונה",דימונה,הר מירון,1,,8618047,exact,203573.02,555023.62,694401.91,3440956.37
001027-110322-00002-X,"הר מירון 2, דימונה",דימונה,הר מירון,2,,8618048,exact,203603.82,555021.69,694432.75,3440955.05
001027-110322-00003-X,"הר מירון 3, דימונה",דימונה,הר מירון,3,,8618049,exact,203589.14,555045.01,694417.60,3440978.07
001027-110322-00004-X,"הר מירון 4, דימונה",דימונה,הר מירון,4,,8618050,exact,203620.91,555033.77,694449.59,3440967.47
001027-110322-00005-X,"הר מירון 5, דימונה",דימונה,הר מירון,5,,8618051,exact,203614.35,555058.79,694442.53,3440992.35
001027-110322-00006-X,"הר מירון 6, דימונה",דימונה,הר מירון,6,,8618052,exact,203637.98,555042.71,694466.48,3440976.75
001027-110322-00007-X,"הר מירון 7, דימונה",דימונה,הר מירון,7,,8618053,exact,203636.68,555070.01,694464.64,3441004.01
001027-110322-00008-X,"הר מירון 8, דימונה",דימונה,הר מירון,8,,8618054,exact,203659.70,555053.72,694487.98,3440988.18
001027-110322-00011-X,"הר מירון 11, דימונה",דימונה,הר מירון,11,,8618057,street,203631.04,555054.19,694459.32,3440988.09
001027-110322-00012-X,"הר מירון 12, דימונה",דימונה,הר מירון,12,,8618058,exact,203686.84,555081.45,694514.57,3441016.45
001027-110323-00001-X,"הר כנען 1, דימונה",דימונה,הר כנען,1,,8618059,exact,203522.42,555045.88,694350.88,3440977.62
001027-110323-00003-X,"הר כנען 3, דימונה",דימונה,הר כנען,3,,8618061,exact,203535.02,555064.82,694363.09,3440996.81
001027-110323-00004-X,"הר כנען 4, דימונה",דימונה,הר כנען,4,,8618062,exact,203559.55,555049.38,694387.93,3440981.86
001027-110323-00005-X,"הר כנען 5, דימונה",דימונה,הר כנען,5,,8618063,exact,203548.40,555077.84,694376.22,3441010.09
001027-110323-00006-X,"הר כנען 6, דימונה",דימונה,הר כנען,6,,8618064,exact,203578.89,555063.99,694406.98,3440996.85
001027-110323-00009-X,"הר כנען 9, דימונה",דימונה,הר כנען,9,,8618067,exact,203584.65,555100.54,694412.01,3441033.51
001027-110323-00011-X,"הר כנען 11, דימונה",דימונה,הר כנען,11,,8618069,exact,203601.00,555108.95,694428.20,3441042.24
001027-110323-00012-X,"הר כנען 12, דימונה",דימונה,הר כנען,12,,8618070,exact,203648.05,555106.68,694475.28,3441040.90
001027-110324-00003-X,"הר כרמל 3, דימונה",דימונה,הר כרמל,3,,8618071,exact,203719.21,554901.91,694550.49,3440837.58
001027-110324-00004-X,"הר כרמל 4, דימונה",דימונה,הר כרמל,4,,8618072,exact,203679.58,554926.30,694510.39,3440861.18
001027-110324-00005-X,"הר כרמל 5, דימונה",דימונה,הר כרמל,5,,8618073,exact,203699.50,554896.20,694530.91,3440831.48
001027-110324-00006-X,"הר כרמל 6, דימונה",דימונה,הר כרמל,6,,8618074,exact,203661.88,554935.95,694492.50,3440870.48
001027-110324-00008-X,"הר כרמל 8, דימונה",דימונה,הר כרמל,8,,8618076,exact,203639.97,554944.08,694470.44,3440878.17
001027-110324-00009-X,"הר כרמל 9, דימונה",דימונה,הר כרמל,9,,8618077,exact,203651.56,554912.03,694482.66,3440846.36
001027-110324-00011-X,"הר כרמל 11, דימונה",דימונה,הר כרמל,11,,8618079,exact,203635.42,554918.21,694466.40,3440852.21
001027-110324-00012-X,"הר כרמל 12, דימונה",דימונה,הר כרמל,12,,8618080,exact,203591.82,554963.26,694421.91,3440896.39
001027-110324-00014-X,"הר כרמל 14, דימונה",דימונה,הר כרמל,14,,8618082,exact,203568.72,554965.27,694398.77,3440897.94
001027-110324-00017-X,"הר כרמל 17, דימונה",דימונה,הר כרמל,17,,8618085,exact,203558.83,554938.05,694389.43,3440870.53
001027-110324-00018-X,"הר כרמל 18, דימונה",דימונה,הר כרמל,18,,8618086,exact,203524.77,554977.47,694354.59,3440909.27
001027-110324-00020-X,"הר כרמל 20, דימונה",דימונה,הר כרמל,20,,8618088,exact,203502.50,554988.98,694332.09,3440920.33
001027-110324-00021-X,"הר כרמל 21, דימונה",דימונה,הר כרמל,21,,8618089,exact,203511.70,554947.74,694342.11,3440879.28
001027-110324-00022-X,"הר כרמל 22, דימונה",דימונה,הר כרמל,22,,8618090,exact,203486.41,555007.08,694315.64,3440938.11
001027-110324-00024-X,"הר כרמל 24, דימונה",דימונה,הר כרמל,24,,8618092,street,203607.44,554942.71,694437.93,3440876.16
001027-110324-00025-X,"הר כרמל 25, דימונה",דימונה,הר כרמל,25,,8618093,exact,203479.71,554966.75,694309.74,3440897.65
001027-110325-00002-X,"הר כרכום 2, דימונה",דימונה,הר כרכום,2,,8618094,exact,203547.41,554911.12,694378.54,3440843.37
001027-110325-00006-X,"הר כרכום 6, דימונה",דימונה,הר כרכום,6,,8618096,exact,203502.29,554920.34,694333.25,3440851.70
001027-112409-00001-X,"הר שניר 1, דימונה",דימונה,הר שניר,1,,8618098,street,203281.90,555041.41,694110.48,3440968.37
001027-112409-00002-X,"הר שניר 2, דימונה",דימונה,הר שניר,2,,8618099,street,203281.90,555041.41,694110.48,3440968.37
001027-112409-00004-X,"הר שניר 4, דימונה",דימונה,הר שניר,4,,8619002,street,203281.90,555041.41,694110.48,3440968.37
001027-112409-00005-X,"הר שניר 5, דימונה",דימונה,הר שניר,5,,8619003,exact,203289.08,554933.00,694119.81,3440860.12
001027-112409-00007-X,"הר שניר 7, דימונה",דימונה,הר שניר,7,,8619005,exact,203312.30,554936.79,694142.96,3440864.37
001027-112409-00008-X,"הר שניר 8, דימונה",דימונה,הר שניר,8,,8619006,street,203281.90,555041.41,694110.48,3440968.37
001027-112409-00009-X,"הר שניר 9, דימונה",דימונה,הר שניר,9,,8619007,exact,203338.37,554948.43,694168.79,3440876.53
001027-112409-00010-X,"הר שניר 10, דימונה",דימונה,הר שניר,10,,8619008,exact,203344.09,555021.54,694173.05,3440949.74
001027-112409-00011-X,"הר שניר 11, דימונה",דימונה,הר שניר,11,,8619009,exact,203351.81,554961.87,694181.96,3440890.24
001027-112409-00012-X,"הר שניר 12, דימונה",דימונה,הר שניר,12,,8619010,exact,203323.77,555035.34,694152.46,3440963.13
001027-112409-00013-X,"הר שניר 13, דימונה",דימונה,הר שניר,13,,8619011,street,203281.90,555041.41,694110.48,3440968.37
001027-112409-00015-X,"הר שניר 15, דימונה",דימונה,הר שניר,15,,8619013,street,203281.90,555041.41,694110.48,3440968.37
001027-112409-00016-X,"הר שניר 16, דימונה",דימונה,הר שניר,16,,8619014,exact,203283.02,555059.42,694111.24,3440986.40
001027-112409-00018-X,"הר שניר 18, דימונה",דימונה,הר שניר,18,,8619016,exact,203258.02,555073.70,694085.96,3441000.18
001027-112409-00019-X,"הר שניר 19, דימונה",דימונה,הר שניר,19,,8619017,street,203281.90,555041.41,694110.48,3440968.37
001027-112409-00020-X,"הר שניר 20, דימונה",דימונה,הר שניר,20,,8619018,exact,203240.93,555083.49,694068.68,3441009.63
001027-112409-00021-X,"הר שניר 21, דימונה",דימונה,הר שניר,21,,8619019,exact,203246.02,555045.89,694074.52,3440972.14
001027-112409-00022-X,"הר שניר 22, דימונה",דימונה,הר שניר,22,,8619020,exact,203212.95,555096.77,694040.44,3441022.35
001027-112409-00024-X,"הר שניר 24, דימונה",דימונה,הר שניר,24,,8619021,exact,203194.43,555109.73,694021.67,3441034.95
001027-112409-00026-X,"הר שניר 26, דימונה",דימונה,הר שניר,26,,8619022,exact,203179.48,555128.91,694006.34,3441053.83
001027-112410-00002-X,"הר שגיא 2, דימונה",דימונה,הר שגיא,2,,8619024,exact,203307.92,554993.66,694137.45,3440921.14
001027-112410-00003-X,"הר שגיא 3, דימונה",דימונה,הר שגיא,3,,8619025,exact,203321.98,554974.69,694151.88,3440902.46
001027-112410-00004-X,"הר שגיא 4, דימונה",דימונה,הר שגיא,4,,8619026,exact,203291.16,554985.95,694120.84,3440913.11
001027-112410-00006-X,"הר שגיא 6, דימונה",דימונה,הר שגיא,6,,8619028,exact,203263.13,554979.94,694092.94,3440906.54
001027-112410-00007-X,"הר שגיא 7, דימונה",דימונה,הר שגיא,7,,8619029,exact,203282.82,554956.91,694113.08,3440883.91
001027-112410-00008-X,"הר שגיא 8, דימונה",דימונה,הר שגיא,8,,8619030,exact,203244.34,554977.83,694074.19,3440904.05
001027-112410-00009-X,"הר שגיא 9, דימונה",דימונה,הר שגיא,9,,8619031,exact,203260.52,554950.82,694090.90,3440877.37
001027-112410-00010-X,"הר שגיא 10, דימונה",דימונה,הר שגיא,10,,8619032,exact,203217.03,554978.67,694046.87,3440904.35
001027-112410-00011-X,"הר שגיא 11, דימונה",דימונה,הר שגיא,11,,8619033,exact,203236.79,554949.31,694067.21,3440875.39
001027-112410-00012-X,"הר שגיא 12, דימונה",דימונה,הר שגיא,12,,8619034,exact,203193.96,554981.42,694023.75,3440906.65
001027-112410-00013-X,"הר שגיא 13, דימונה",דימונה,הר שגיא,13,,8619035,exact,203211.28,554948.87,694041.71,3440874.44
001027-112411-00001-X,"הר גולן 1, דימונה",דימונה,הר גולן,1,,8619036,exact,203292.32,555017.41,694121.38,3440944.58
001027-112411-00002-X,"הר גולן 2, דימונה",דימונה,הר גולן,2,,8619037,exact,203264.31,555032.75,694093.06,3440959.37
001027-112411-00003-X,"הר גולן 3, דימונה",דימונה,הר גולן,3,,8619038,exact,203272.16,555007.40,694101.42,3440934.18
001027-112411-00006-X,"הר גולן 6, דימונה",דימונה,הר גולן,6,,8619041,exact,203216.29,555030.50,694045.09,3440956.16
001027-112411-00007-X,"הר גולן 7, דימונה",דימונה,הר גולן,7,,8619042,exact,203217.57,555002.23,694046.93,3440927.92
001027-112411-00008-X,"הר גולן 8, דימונה",דימונה,הר גולן,8,,8619043,street,203233.35,555013.47,694062.50,3440939.47
001027-112411-00009-X,"הר גולן 9, דימונה",דימונה,הר גולן,9,,8619044,exact,203192.79,555004.86,694022.11,3440930.06
001027-115832-00012-X,"תל לכיש 12, דימונה",דימונה,תל לכיש,12,,8619573,exact,203566.93,552008.30,694455.71,3437941.37
001027-115832-00014-X,"תל לכיש 14, דימונה",דימונה,תל לכיש,14,,8619574,exact,203563.44,551970.84,694452.96,3437903.84
001027-115832-00018-X,"תל לכיש 18, דימונה",דימונה,תל לכיש,18,,8619575,exact,203621.22,551982.27,694510.51,3437916.42
001027-115832-00020-X,"תל לכיש 20, דימונה",דימונה,תל לכיש,20,,8619576,exact,203602.96,551951.79,694492.87,3437885.58
001027-115832-00022-X,"תל לכיש 22, דימונה",דימונה,תל לכיש,22,,8619577,exact,203628.07,551926.44,694518.47,3437860.73
001027-115832-00024-X,"תל לכיש 24, דימונה",דימונה,תל לכיש,24,,8619578,exact,203660.75,551916.54,694551.34,3437851.49
001027-115832-00028-X,"תל לכיש 28, דימונה",דימונה,תל לכיש,28,,8619580,exact,203704.56,551902.73,694595.42,3437838.55
001027-118555-00011-X,"משעול התקומה 11, דימונה",דימונה,משעול התקומה,11,,8605287,street,202553.18,553637.34,693409.77,3439550.04
