id,city,file_street,file_house_number,file_match_type,utm_x,utm_y,lat,lon,google_street,google_house_number,google_full_address,match_score
001027-073567-00000-X,דימונה,מלכה הנרי,,street,693367.99,3438300.12,31.0625592,35.0266408,הנרי מלכה,24,"הנרי מלכה 24, דימונה, ישראל",none
001027-073567-00002-X,דימונה,מלכה הנרי,2,exact,693457.47,3438237.43,31.0619792,35.0275662,הנרי מלכה,2,"הנרי מלכה 2, דימונה, ישראל",none
001027-073567-00262-X,דימונה,מלכה הנרי,262,street,693367.99,3438300.12,31.0625592,35.0266408,הנרי מלכה,24,"הנרי מלכה 24, דימונה, ישראל",none
001027-073567-00265-X,דימונה,מלכה הנרי,265,exact,693454.79,3438262.81,31.0622085,35.0275429,הנרי מלכה,4,"הנרי מלכה 4, דימונה, ישראל",none
001027-073567-00265-א,דימונה,מלכה הנרי,265,exact,693454.79,3438262.81,31.0622085,35.0275429,הנרי מלכה,4,"הנרי מלכה 4, דימונה, ישראל",none
001027-073567-00265-ב,דימונה,מלכה הנרי,265,exact,693454.79,3438262.81,31.0622085,35.0275429,הנרי מלכה,4,"הנרי מלכה 4, דימונה, ישראל",none
001027-073567-00266-X,דימונה,מלכה הנרי,266,exact,693447.48,3438287.35,31.062431,35.0274711,הנרי מלכה,6,"הנרי מלכה 6, דימונה, ישראל",none
001027-073567-00266-א,דימונה,מלכה הנרי,266,exact,693447.48,3438287.35,31.062431,35.0274711,הנרי מלכה,6,"הנרי מלכה 6, דימונה, ישראל",none
001027-073567-00266-ב,דימונה,מלכה הנרי,266,exact,693447.48,3438287.35,31.062431,35.0274711,הנרי מלכה,6,"הנרי מלכה 6, דימונה, ישראל",none
001027-073567-00266-ג,דימונה,מלכה הנרי,266,exact,693447.48,3438287.35,31.062431,35.0274711,הנרי מלכה,6,"הנרי מלכה 6, דימונה, ישראל",none
001027-073567-00267-X,דימונה,מלכה הנרי,267,exact,693445.14,3438313.59,31.062668,35.0274516,הנרי מלכה,8,"הנרי מלכה 8, דימונה, ישראל",none
001027-073567-00267-ב,דימונה,מלכה הנרי,267,exact,693445.14,3438313.59,31.062668,35.0274516,הנרי מלכה,8,"הנרי מלכה 8, דימונה, ישראל",none
001027-073567-00268-X,דימונה,מלכה הנרי,268,street,693367.99,3438300.12,31.0625592,35.0266408,הנרי מלכה,24,"הנרי מלכה 24, דימונה, ישראל",none
001027-073567-00268-א,דימונה,מלכה הנרי,268,street,693367.99,3438300.12,31.0625592,35.0266408,הנרי מלכה,24,"הנרי מלכה 24, דימונה, ישראל",none
001027-073567-00268-ב,דימונה,מלכה הנרי,268,street,693367.99,3438300.12,31.0625592,35.0266408,הנרי מלכה,24,"הנרי מלכה 24, דימונה, ישראל",none
001027-073567-00268-ג,דימונה,מלכה הנרי,268,street,693367.99,3438300.12,31.0625592,35.0266408,הנרי מלכה,24,"הנרי מלכה 24, דימונה, ישראל",none
001027-073567-00268-ה,דימונה,מלכה הנרי,268,street,693367.99,3438300.12,31.0625592,35.0266408,הנרי מלכה,24,"הנרי מלכה 24, דימונה, ישראל",none
001027-073567-00269-X,דימונה,מלכה הנרי,269,street,693367.99,3438300.12,31.0625592,35.0266408,הנרי מלכה,24,"הנרי מלכה 24, דימונה, ישראל",none
001027-073567-00269-א,דימונה,מלכה הנרי,269,street,693367.99,3438300.12,31.0625592,35.0266408,הנרי מלכה,24,"הנרי מלכה 24, דימונה, ישראל",none
001027-073567-00269-ב,דימונה,מלכה הנרי,269,street,693367.99,3438300.12,31.0625592,35.0266408,הנרי מלכה,24,"הנרי מלכה 24, דימונה, ישראל",none
001027-073567-00269-ד,דימונה,מלכה הנרי,269,street,693367.99,3438300.12,31.0625592,35.0266408,הנרי מלכה,24,"הנרי מלכה 24, דימונה, ישראל",none
001027-074211-00002-X,דימונה,התאנה,2,exact,693238.2,3438449.41,31.0639268,35.0253098,התאנה,2,"התאנה 2, דימונה, ישראל",exact
001027-074211-00220-X,דימונה,התאנה,220,street,693386.87,3438512.95,31.0644753,35.0268793,התאנה,30,"התאנה 30, דימונה, ישראל",not_exact
001027-074211-00222-X,דימונה,התאנה,222,street,693386.87,3438512.95,31.0644753,35.0268793,התאנה,30,"התאנה 30, דימונה, ישראל",not_exact
001027-074211-00224-X,דימונה,התאנה,224,street,693386.87,3438512.95,31.0644753,35.0268793,התאנה,30,"התאנה 30, דימונה, ישראל",not_exact
001027-074211-00230-X,דימונה,התאנה,230,street,693386.87,3438512.95,31.0644753,35.0268793,התאנה,30,"התאנה 30, דימונה, ישראל",not_exact
001027-074211-00232-X,דימונה,התאנה,232,street,693386.87,3438512.95,31.0644753,35.0268793,התאנה,30,"התאנה 30, דימונה, ישראל",not_exact
001027-074211-00234-X,דימונה,התאנה,234,street,693386.87,3438512.95,31.0644753,35.0268793,התאנה,30,"התאנה 30, דימונה, ישראל",not_exact
001027-074211-00236-X,דימונה,התאנה,236,street,693386.87,3438512.95,31.0644753,35.0268793,התאנה,30,"התאנה 30, דימונה, ישראל",not_exact
001027-074211-00238-X,דימונה,התאנה,238,street,693386.87,3438512.95,31.0644753,35.0268793,התאנה,30,"התאנה 30, דימונה, ישראל",not_exact
001027-074211-00240-X,דימונה,התאנה,240,street,693386.87,3438512.95,31.0644753,35.0268793,התאנה,30,"התאנה 30, דימונה, ישראל",not_exact
001027-074211-00242-X,דימונה,התאנה,242,street,693386.87,3438512.95,31.0644753,35.0268793,התאנה,30,"התאנה 30, דימונה, ישראל",not_exact
001027-074211-00244-X,דימונה,התאנה,244,street,693386.87,3438512.95,31.0644753,35.0268793,התאנה,30,"התאנה 30, דימונה, ישראל",not_exact
001027-074211-00246-X,דימונה,התאנה,246,street,693386.87,3438512.95,31.0644753,35.0268793,התאנה,30,"התאנה 30, דימונה, ישראל",not_exact
001027-074211-00248-X,דימונה,התאנה,248,street,693386.87,3438512.95,31.0644753,35.0268793,התאנה,30,"התאנה 30, דימונה, ישראל",not_exact
001027-074211-00250-X,דימונה,התאנה,250,street,693386.87,3438512.95,31.0644753,35.0268793,התאנה,30,"התאנה 30, דימונה, ישראל",not_exact
001027-074211-00254-X,דימונה,התאנה,254,street,693386.87,3438512.95,31.0644753,35.0268793,התאנה,30,"התאנה 30, דימונה, ישראל",not_exact
001027-074211-00256-X,דימונה,התאנה,256,street,693386.87,3438512.95,31.0644753,35.0268793,התאנה,30,"התאנה 30, דימונה, ישראל",not_exact
001027-074211-00258-X,דימונה,התאנה,258,street,693386.87,3438512.95,31.0644753,35.0268793,התאנה,30,"התאנה 30, דימונה, ישראל",not_exact
001027-074211-00260-X,דימונה,התאנה,260,street,693386.87,3438512.95,31.0644753,35.0268793,התאנה,30,"התאנה 30, דימונה, ישראל",not_exact
001027-074211-00334-X,דימונה,התאנה,334,street,693386.87,3438512.95,31.0644753,35.0268793,התאנה,30,"התאנה 30, דימונה, ישראל",not_exact
001027-074211-00336-X,דימונה,התאנה,336,street,693386.87,3438512.95,31.0644753,35.0268793,התאנה,30,"התאנה 30, דימונה, ישראל",not_exact
001027-074211-00338-X,דימונה,התאנה,338,street,693386.87,3438512.95,31.0644753,35.0268793,התאנה,30,"התאנה 30, דימונה, ישראל",not_exact
001027-074211-00340-X,דימונה,התאנה,340,street,693386.87,3438512.95,31.0644753,35.0268793,התאנה,30,"התאנה 30, דימונה, ישראל",not_exact
001027-074211-00342-X,דימונה,התאנה,342,street,693386.87,3438512.95,31.0644753,35.0268793,התאנה,30,"התאנה 30, דימונה, ישראל",not_exact
001027-074211-00344-X,דימונה,התאנה,344,street,693386.87,3438512.95,31.0644753,35.0268793,התאנה,30,"התאנה 30, דימונה, ישראל",not_exact
001027-074211-00346-X,דימונה,התאנה,346,street,693386.87,3438512.95,31.0644753,35.0268793,התאנה,30,"התאנה 30, דימונה, ישראל",not_exact
001027-074211-00348-X,דימונה,התאנה,348,street,693386.87,3438512.95,31.0644753,35.0268793,התאנה,30,"התאנה 30, דימונה, ישראל",not_exact
001027-074211-00350-X,דימונה,התאנה,350,street,693386.87,3438512.95,31.0644753,35.0268793,התאנה,30,"התאנה 30, דימונה, ישראל",not_exact
001027-074211-00352-X,דימונה,התאנה,352,street,693386.87,3438512.95,31.0644753,35.0268793,התאנה,30,"התאנה 30, דימונה, ישראל",not_exact
001027-074211-00354-X,דימונה,התאנה,354,street,693386.87,3438512.95,31.0644753,35.0268793,התאנה,30,"התאנה 30, דימונה, ישראל",not_exact
001027-074211-00356-X,דימונה,התאנה,356,street,693386.87,3438512.95,31.0644753,35.0268793,התאנה,30,"התאנה 30, דימונה, ישראל",not_exact
001027-074211-00358-X,דימונה,התאנה,358,street,693386.87,3438512.95,31.0644753,35.0268793,התאנה,30,"התאנה 30, דימונה, ישראל",not_exact
001027-074211-00362-X,דימונה,התאנה,362,street,693386.87,3438512.95,31.0644753,35.0268793,התאנה,30,"התאנה 30, דימונה, ישראל",not_exact
001027-074211-00364-X,דימונה,התאנה,364,street,693386.87,3438512.95,31.0644753,35.0268793,התאנה,30,"התאנה 30, דימונה, ישראל",not_exact
001027-074211-00366-X,דימונה,התאנה,366,street,693386.87,3438512.95,31.0644753,35.0268793,התאנה,30,"התאנה 30, דימונה, ישראל",not_exact
001027-074211-00368-X,דימונה,התאנה,368,street,693386.87,3438512.95,31.0644753,35.0268793,התאנה,30,"התאנה 30, דימונה, ישראל",not_exact
001027-074211-00374-X,דימונה,התאנה,374,street,693386.87,3438512.95,31.0644753,35.0268793,התאנה,30,"התאנה 30, דימונה, ישראל",not_exact
001027-074211-00380-X,דימונה,התאנה,380,street,693386.87,3438512.95,31.0644753,35.0268793,התאנה,30,"התאנה 30, דימונה, ישראל",not_exact
001027-074211-00382-X,דימונה,התאנה,382,street,693386.87,3438512.95,31.0644753,35.0268793,התאנה,30,"התאנה 30, דימונה, ישראל",not_exact
001027-074430-00001-X,דימונה,הגפן,1,exact,693545.33,3438599.11,31.0652262,35.0285557,הגפן,3,"הגפן 3, דימונה, ישראל",not_exact
001027-074430-00002-X,דימונה,הגפן,2,street,693251.09,3438545.2,31.0647885,35.0254631,הגפן,179,"הגפן 179, דימונה, ישראל",not_exact
001027-074430-00004-X,דימונה,הגפן,4,exact,693444.67,3438620.41,31.0654348,35.0275054,הגפן,4,"הגפן 4, דימונה, ישראל",exact
001027-074430-00005-X,דימונה,הגפן,5,exact,693514.29,3438596.07,31.0652039,35.02823,הגפן,3,"הגפן 3, דימונה, ישראל",not_exact
001027-074430-00006-X,דימונה,הגפן,6,exact,693432.86,3438598.66,31.0652406,35.0273775,הגפן,6,"הגפן 6, דימונה, ישראל",exact
001027-074430-00007-X,דימונה,הגפן,7,exact,693474.79,3438589.65,31.0651525,35.027815,הגפן,7,"הגפן 7, דימונה, ישראל",exact
001027-074430-00008-X,דימונה,הגפן,8,exact,693414.2,3438600.53,31.0652606,35.0271824,הגפן,8,"הגפן 8, דימונה, ישראל",exact
001027-074430-00009-X,דימונה,הגפן,9,exact,693466.14,3438583.94,31.0651024,35.0277233,הגפן,7,"הגפן 7, דימונה, ישראל",not_exact
001027-074430-00010-X,דימונה,הגפן,10,exact,693405.36,3438593.34,31.0651972,35.0270884,הגפן,10,"הגפן 10, דימונה, ישראל",exact
001027-074430-00011-X,דימונה,הגפן,11,exact,693452.07,3438584.73,31.0651118,35.027576,הגפן,9,"הגפן 9, דימונה, ישראל",not_exact
001027-074430-00012-X,דימונה,הגפן,12,exact,693384.45,3438599.89,31.0652597,35.0268706,הגפן,12,"הגפן 12, דימונה, ישראל",exact
001027-074430-00013-X,דימונה,הגפן,13,exact,693443.12,3438586.75,31.0651315,35.0274827,הגפן,11,"הגפן 11, דימונה, ישראל",not_exact
001027-074430-00014-X,דימונה,הגפן,14,exact,693378.86,3438590.94,31.0651799,35.0268103,הגפן,14,"הגפן 14, דימונה, ישראל",exact
001027-074430-00015-X,דימונה,הגפן,15,exact,693417.92,3438576.99,31.0650477,35.0272168,הגפן,5,"הגפן 5, דימונה, ישראל",not_exact
001027-074430-00016-X,דימונה,הגפן,16,exact,693381.78,3438626.52,31.0655003,35.0268477,הגפן,16,"הגפן 16, דימונה, ישראל",exact
001027-074430-00017-X,דימונה,הגפן,17,exact,693416.31,3438570.9,31.064993,35.0271988,הגפן,15,"הגפן 15, דימונה, ישראל",not_exact
001027-074430-00018-X,דימונה,הגפן,18,exact,693372.61,3438621.21,31.0654539,35.0267506,הגפן,18,"הגפן 18, דימונה, ישראל",exact
001027-074430-00019-X,דימונה,הגפן,19,exact,693405.61,3438576.2,31.0650426,35.0270877,הגפן,15,"הגפן 15, דימונה, ישראל",not_exact
001027-074430-00021-X,דימונה,הגפן,21,exact,693390.09,3438572.12,31.0650083,35.0269244,הגפן,19,"הגפן 19, דימונה, ישראל",not_exact
001027-074430-00024-X,דימונה,הגפן,24,exact,693357.52,3438595.41,31.0652237,35.0265876,הגפן,24,"הגפן 24, דימונה, ישראל",exact
001027-074430-00025-X,דימונה,הגפן,25,exact,693342.87,3438559.77,31.0649048,35.0264273,הגפן,23,"הגפן 23, דימונה, ישראל",not_exact
001027-074430-00026-X,דימונה,הגפן,26,exact,693352.85,3438588.6,31.0651631,35.0265374,הגפן,24,"הגפן 24, דימונה, ישראל",not_exact
001027-074430-00027-X,דימונה,הגפן,27,exact,693323.73,3438555.67,31.0648709,35.0262261,הגפן,27,"הגפן 27, דימונה, ישראל",exact
001027-074430-00028-X,דימונה,הגפן,28,exact,693336.98,3438589.26,31.0651717,35.0263713,הגפן,26,"הגפן 26, דימונה, ישראל",not_exact
001027-074430-00029-X,דימונה,הגפן,29,exact,693314.84,3438547.54,31.0647991,35.0261314,הגפן,1,"הגפן 1, דימונה, ישראל",not_exact
001027-074430-00030-X,דימונה,הגפן,30,exact,693324.88,3438586.72,31.0651507,35.0262441,הגפן,28,"הגפן 28, דימונה, ישראל",not_exact
001027-074430-00031-X,דימונה,הגפן,31,exact,693298.79,3438546.57,31.064793,35.0259631,הגפן,31,"הגפן 31, דימונה, ישראל",exact
001027-074430-00032-X,דימונה,הגפן,32,exact,693316.35,3438581.44,31.0651045,35.0261537,הגפן,30,"הגפן 30, דימונה, ישראל",not_exact
001027-074430-00033-X,דימונה,הגפן,33,exact,693296.48,3438531.65,31.0646588,35.025936,הגפן,31,"הגפן 31, דימונה, ישראל",not_exact
001027-074430-00034-X,דימונה,הגפן,34,exact,693299.04,3438578.8,31.0650836,35.0259718,הגפן,32,"הגפן 32, דימונה, ישראל",not_exact
001027-074430-00035-X,דימונה,הגפן,35,exact,693267.92,3438537.43,31.0647156,35.0256379,הגפן,35,"הגפן 35, דימונה, ישראל",exact
001027-074430-00036-X,דימונה,הגפן,36,exact,693275.83,3438573.69,31.0650413,35.0257277,הגפן,36,"הגפן 36, דימונה, ישראל",exact
001027-074430-00037-X,דימונה,הגפן,37,exact,693256.18,3438528.42,31.0646363,35.0255132,הגפן,37,"הגפן 37, דימונה, ישראל",exact
001027-074430-00040-X,דימונה,הגפן,40,exact,693252.12,3438560.04,31.0649221,35.0254768,יאיר שטרן,40,"יאיר שטרן 40, דימונה, ישראל",none
001027-074430-00041-X,דימונה,הגפן,41,exact,693229.54,3438519.77,31.0645627,35.0252325,הגפן,41,"הגפן 41, דימונה, ישראל",exact
001027-074430-00042-X,דימונה,הגפן,42,exact,693229.09,3438559.22,31.0649185,35.0252353,הגפן,42,"הגפן 42, דימונה, ישראל",exact
001027-074430-00043-X,דימונה,הגפן,43,exact,693206.24,3438508.17,31.0644619,35.0249862,הגפן,43,"הגפן 43, דימונה, ישראל",exact
001027-074430-00044-X,דימונה,הגפן,44,exact,693216.7,3438544.98,31.0647922,35.0251028,הגפן,44,"הגפן 44, דימונה, ישראל",exact
001027-074430-00045-X,דימונה,הגפן,45,exact,693191.11,3438499.71,31.0643881,35.0248261,הגפן,45,"הגפן 45, דימונה, ישראל",exact
001027-074430-00046-X,דימונה,הגפן,46,exact,693202.33,3438538.82,31.064739,35.0249511,הגפן,46,"הגפן 46, דימונה, ישראל",exact
001027-074430-00048-X,דימונה,הגפן,48,street,693251.09,3438545.2,31.0647885,35.0254631,הגפן,179,"הגפן 179, דימונה, ישראל",not_exact
001027-074430-00049-X,דימונה,הגפן,49,exact,693163.45,3438480.67,31.064221,35.0245327,הגפן,291,"הגפן 291, דימונה, ישראל",not_exact
001027-074430-00050-X,דימונה,הגפן,50,street,693251.09,3438545.2,31.0647885,35.0254631,הגפן,179,"הגפן 179, דימונה, ישראל",not_exact
001027-074430-00051-X,דימונה,הגפן,51,exact,693147.74,3438474.51,31.064168,35.024367,הגפן,290,"הגפן 290, דימונה, ישראל",not_exact
001027-074730-00000-X,דימונה,האשל,,street,693689.65,3438746.59,31.0665323,35.0300958,האשל,10,"האשל 10, דימונה, ישראל",not_exact
001027-074730-00016-X,דימונה,האשל,16,exact,693656.12,3438765.16,31.0667052,35.0297481,האשל,206,"האשל 206, דימונה, ישראל",not_exact
001027-074730-00552-X,דימונה,האשל,552,street,693689.65,3438746.59,31.0665323,35.0300958,האשל,10,"האשל 10, דימונה, ישראל",not_exact
001027-074730-00554-X,דימונה,האשל,554,street,693689.65,3438746.59,31.0665323,35.0300958,האשל,10,"האשל 10, דימונה, ישראל",not_exact
001027-074730-00555-X,דימונה,האשל,555,street,693689.65,3438746.59,31.0665323,35.0300958,האשל,10,"האשל 10, דימונה, ישראל",not_exact
001027-074730-00557-X,דימונה,האשל,557,street,693689.65,3438746.59,31.0665323,35.0300958,האשל,10,"האשל 10, דימונה, ישראל",not_exact
001027-074730-00558-X,דימונה,האשל,558,street,693689.65,3438746.59,31.0665323,35.0300958,האשל,10,"האשל 10, דימונה, ישראל",not_exact
001027-074730-00560-X,דימונה,האשל,560,street,693689.65,3438746.59,31.0665323,35.0300958,האשל,10,"האשל 10, דימונה, ישראל",not_exact
001027-074730-00561-X,דימונה,האשל,561,street,693689.65,3438746.59,31.0665323,35.0300958,האשל,10,"האשל 10, דימונה, ישראל",not_exact
001027-074730-00562-X,דימונה,האשל,562,street,693689.65,3438746.59,31.0665323,35.0300958,האשל,10,"האשל 10, דימונה, ישראל",not_exact
001027-074730-00563-X,דימונה,האשל,563,street,693689.65,3438746.59,31.0665323,35.0300958,האשל,10,"האשל 10, דימונה, ישראל",not_exact
001027-074730-00564-X,דימונה,האשל,564,street,693689.65,3438746.59,31.0665323,35.0300958,האשל,10,"האשל 10, דימונה, ישראל",not_exact
001027-074730-00566-X,דימונה,האשל,566,street,693689.65,3438746.59,31.0665323,35.0300958,האשל,10,"האשל 10, דימונה, ישראל",not_exact
001027-074730-00567-X,דימונה,האשל,567,street,693689.65,3438746.59,31.0665323,35.0300958,האשל,10,"האשל 10, דימונה, ישראל",not_exact
001027-074730-00568-X,דימונה,האשל,568,street,693689.65,3438746.59,31.0665323,35.0300958,האשל,10,"האשל 10, דימונה, ישראל",not_exact
001027-074730-00569-X,דימונה,האשל,569,street,693689.65,3438746.59,31.0665323,35.0300958,האשל,10,"האשל 10, דימונה, ישראל",not_exact
001027-074730-00570-X,דימונה,האשל,570,street,693689.65,3438746.59,31.0665323,35.0300958,האשל,10,"האשל 10, דימונה, ישראל",not_exact
001027-075069-00010-X,דימונה,ההדס,10,exact,693697.51,3438533.35,31.0646081,35.0301373,ההדס,12,"ההדס 12, דימונה, ישראל",not_exact
001027-075069-00521-X,דימונה,ההדס,521,street,693688.65,3438553.34,31.0647898,35.0300483,ההדס,12,"ההדס 12, דימונה, ישראל",not_exact
001027-075069-00522-X,דימונה,ההדס,522,street,693688.65,3438553.34,31.0647898,35.0300483,ההדס,12,"ההדס 12, דימונה, ישראל",not_exact
001027-075069-00524-X,דימונה,ההדס,524,street,693688.65,3438553.34,31.0647898,35.0300483,ההדס,12,"ההדס 12, דימונה, ישראל",not_exact
001027-075069-00525-X,דימונה,ההדס,525,street,693688.65,3438553.34,31.0647898,35.0300483,ההדס,12,"ההדס 12, דימונה, ישראל",not_exact
001027-075069-00526-X,דימונה,ההדס,526,street,693688.65,3438553.34,31.0647898,35.0300483,ההדס,12,"ההדס 12, דימונה, ישראל",not_exact
001027-075069-00530-X,דימונה,ההדס,530,street,693688.65,3438553.34,31.0647898,35.0300483,ההדס,12,"ההדס 12, דימונה, ישראל",not_exact
001027-075069-00531-X,דימונה,ההדס,531,street,693688.65,3438553.34,31.0647898,35.0300483,ההדס,12,"ההדס 12, דימונה, ישראל",not_exact
001027-075520-00000-X,דימונה,שד גולדה מאיר,,street,693813.16,3439647.35,31.0746344,35.0315624,שדרות גולדה מאיר,1,"שדרות גולדה מאיר 1, דימונה, ישראל",none
001027-075520-00149-X,דימונה,שד גולדה מאיר,149,exact,693771,3439796.8,31.075989,35.0311494,,,"גולדה מאיר/התפוצות, דימונה, ישראל",none
001027-075520-01001-X,דימונה,שד גולדה מאיר,1001,street,693813.16,3439647.35,31.0746344,35.0315624,שדרות גולדה מאיר,1,"שדרות גולדה מאיר 1, דימונה, ישראל",none
001027-075520-01001-ב,דימונה,שד גולדה מאיר,1001,street,693813.16,3439647.35,31.0746344,35.0315624,שדרות גולדה מאיר,1,"שדרות גולדה מאיר 1, דימונה, ישראל",none
001027-075520-01002-א,דימונה,שד גולדה מאיר,1002,street,693813.16,3439647.35,31.0746344,35.0315624,שדרות גולדה מאיר,1,"שדרות גולדה מאיר 1, דימונה, ישראל",none
001027-075520-01002-ג,דימונה,שד גולדה מאיר,1002,street,693813.16,3439647.35,31.0746344,35.0315624,שדרות גולדה מאיר,1,"שדרות גולדה מאיר 1, דימונה, ישראל",none
001027-075520-01003-א,דימונה,שד גולדה מאיר,1003,street,693813.16,3439647.35,31.0746344,35.0315624,שדרות גולדה מאיר,1,"שדרות גולדה מאיר 1, דימונה, ישראל",none
001027-075520-01004-X,דימונה,שד גולדה מאיר,1004,street,693813.16,3439647.35,31.0746344,35.0315624,שדרות גולדה מאיר,1,"שדרות גולדה מאיר 1, דימונה, ישראל",none
001027-075520-01004-א,דימונה,שד גולדה מאיר,1004,street,693813.16,3439647.35,31.0746344,35.0315624,שדרות גולדה מאיר,1,"שדרות גולדה מאיר 1, דימונה, ישראל",none
001027-075520-01004-ג,דימונה,שד גולדה מאיר,1004,street,693813.16,3439647.35,31.0746344,35.0315624,שדרות גולדה מאיר,1,"שדרות גולדה מאיר 1, דימונה, ישראל",none
001027-075520-01005-X,דימונה,שד גולדה מאיר,1005,street,693813.16,3439647.35,31.0746344,35.0315624,שדרות גולדה מאיר,1,"שדרות גולדה מאיר 1, דימונה, ישראל",none
001027-075520-01005-א,דימונה,שד גולדה מאיר,1005,street,693813.16,3439647.35,31.0746344,35.0315624,שדרות גולדה מאיר,1,"שדרות גולדה מאיר 1, דימונה, ישראל",none
001027-075520-01006-X,דימונה,שד גולדה מאיר,1006,street,693813.16,3439647.35,31.0746344,35.0315624,שדרות גולדה מאיר,1,"שדרות גולדה מאיר 1, דימונה, ישראל",none
001027-075520-01006-א,דימונה,שד גולדה מאיר,1006,street,693813.16,3439647.35,31.0746344,35.0315624,שדרות גולדה מאיר,1,"שדרות גולדה מאיר 1, דימונה, ישראל",none
001027-075520-01006-ב,דימונה,שד גולדה מאיר,1006,street,693813.16,3439647.35,31.0746344,35.0315624,שדרות גולדה מאיר,1,"שדרות גולדה מאיר 1, דימונה, ישראל",none
001027-075520-01007-X,דימונה,שד גולדה מאיר,1007,street,693813.16,3439647.35,31.0746344,35.0315624,שדרות גולדה מאיר,1,"שדרות גולדה מאיר 1, דימונה, ישראל",none
001027-075520-01007-א,דימונה,שד גולדה מאיר,1007,street,693813.16,3439647.35,31.0746344,35.0315624,שדרות גולדה מאיר,1,"שדרות גולדה מאיר 1, דימונה, ישראל",none
001027-075520-01007-ד,דימונה,שד גולדה מאיר,1007,street,693813.16,3439647.35,31.0746344,35.0315624,שדרות גולדה מאיר,1,"שדרות גולדה מאיר 1, דימונה, ישראל",none
001027-075520-01007-ה,דימונה,שד גולדה מאיר,1007,street,693813.16,3439647.35,31.0746344,35.0315624,שדרות גולדה מאיר,1,"שדרות גולדה מאיר 1, דימונה, ישראל",none
001027-075520-01020-X,דימונה,שד גולדה מאיר,1020,street,693813.16,3439647.35,31.0746344,35.0315624,שדרות גולדה מאיר,1,"שדרות גולדה מאיר 1, דימונה, ישראל",none
001027-075520-01020-א,דימונה,שד גולדה מאיר,1020,street,693813.16,3439647.35,31.0746344,35.0315624,שדרות גולדה מאיר,1,"שדרות גולדה מאיר 1, דימונה, ישראל",none
001027-075520-01020-ב,דימונה,שד גולדה מאיר,1020,street,693813.16,3439647.35,31.0746344,35.0315624,שדרות גולדה מאיר,1,"שדרות גולדה מאיר 1, דימונה, ישראל",none
001027-075520-01020-ג,דימונה,שד גולדה מאיר,1020,street,693813.16,3439647.35,31.0746344,35.0315624,שדרות גולדה מאיר,1,"שדרות גולדה מאיר 1, דימונה, ישראל",none
001027-075520-01020-ד,דימונה,שד גולדה מאיר,1020,street,693813.16,3439647.35,31.0746344,35.0315624,שדרות גולדה מאיר,1,"שדרות גולדה מאיר 1, דימונה, ישראל",none
001027-075520-01021-ב,דימונה,שד גולדה מאיר,1021,street,693813.16,3439647.35,31.0746344,35.0315624,שדרות גולדה מאיר,1,"שדרות גולדה מאיר 1, דימונה, ישראל",none
001027-075520-01021-ה,דימונה,שד גולדה מאיר,1021,street,693813.16,3439647.35,31.0746344,35.0315624,שדרות גולדה מאיר,1,"שדרות גולדה מאיר 1, דימונה, ישראל",none
001027-075520-01022-X,דימונה,שד גולדה מאיר,1022,street,693813.16,3439647.35,31.0746344,35.0315624,שדרות גולדה מאיר,1,"שדרות גולדה מאיר 1, דימונה, ישראל",none
001027-075520-01022-א,דימונה,שד גולדה מאיר,1022,street,693813.16,3439647.35,31.0746344,35.0315624,שדרות גולדה מאיר,1,"שדרות גולדה מאיר 1, דימונה, ישראל",none
001027-075520-01022-ג,דימונה,שד גולדה מאיר,1022,street,693813.16,3439647.35,31.0746344,35.0315624,שדרות גולדה מאיר,1,"שדרות גולדה מאיר 1, דימונה, ישראל",none
001027-075520-01022-ד,דימונה,שד גולדה מאיר,1022,street,693813.16,3439647.35,31.0746344,35.0315624,שדרות גולדה מאיר,1,"שדרות גולדה מאיר 1, דימונה, ישראל",none
001027-075520-01022-ה,דימונה,שד גולדה מאיר,1022,street,693813.16,3439647.35,31.0746344,35.0315624,שדרות גולדה מאיר,1,"שדרות גולדה מאיר 1, דימונה, ישראל",none
001027-075520-01022-ו,דימונה,שד גולדה מאיר,1022,street,693813.16,3439647.35,31.0746344,35.0315624,שדרות גולדה מאיר,1,"שדרות גולדה מאיר 1, דימונה, ישראל",none
001027-075520-01023-X,דימונה,שד גולדה מאיר,1023,street,693813.16,3439647.35,31.0746344,35.0315624,שדרות גולדה מאיר,1,"שדרות גולדה מאיר 1, דימונה, ישראל",none
001027-075520-01023-א,דימונה,שד גולדה מאיר,1023,street,693813.16,3439647.35,31.0746344,35.0315624,שדרות גולדה מאיר,1,"שדרות גולדה מאיר 1, דימונה, ישראל",none
001027-075520-01023-ב,דימונה,שד גולדה מאיר,1023,street,693813.16,3439647.35,31.0746344,35.0315624,שדרות גולדה מאיר,1,"שדרות גולדה מאיר 1, דימונה, ישראל",none
001027-075520-01023-ג,דימונה,שד גולדה מאיר,1023,street,693813.16,3439647.35,31.0746344,35.0315624,שדרות גולדה מאיר,1,"שדרות גולדה מאיר 1, דימונה, ישראל",none
001027-075520-01023-ד,דימונה,שד גולדה מאיר,1023,street,693813.16,3439647.35,31.0746344,35.0315624,שדרות גולדה מאיר,1,"שדרות גולדה מאיר 1, דימונה, ישראל",none
001027-075520-01033-X,דימונה,שד גולדה מאיר,1033,street,693813.16,3439647.35,31.0746344,35.0315624,שדרות גולדה מאיר,1,"שדרות גולדה מאיר 1, דימונה, ישראל",none
001027-075520-01033-א,דימונה,שד גולדה מאיר,1033,street,693813.16,3439647.35,31.0746344,35.0315624,שדרות גולדה מאיר,1,"שדרות גולדה מאיר 1, דימונה, ישראל",none
001027-075520-01033-ב,דימונה,שד גולדה מאיר,1033,street,693813.16,3439647.35,31.0746344,35.0315624,שדרות גולדה מאיר,1,"שדרות גולדה מאיר 1, דימונה, ישראל",none
001027-075520-01033-ג,דימונה,שד גולדה מאיר,1033,street,693813.16,3439647.35,31.0746344,35.0315624,שדרות גולדה מאיר,1,"שדרות גולדה מאיר 1, דימונה, ישראל",none
001027-075520-01033-ד,דימונה,שד גולדה מאיר,1033,street,693813.16,3439647.35,31.0746344,35.0315624,שדרות גולדה מאיר,1,"שדרות גולדה מאיר 1, דימונה, ישראל",none
001027-075520-01034-X,דימונה,שד גולדה מאיר,1034,exact,693803.35,3439539.96,31.0736677,35.031439,שדרות גולדה מאיר,34,"שדרות גולדה מאיר 34, דימונה, ישראל",none
001027-075520-01034-א,דימונה,שד גולדה מאיר,1034,exact,693803.35,3439539.96,31.0736677,35.031439,שדרות גולדה מאיר,34,"שדרות גולדה מאיר 34, דימונה, ישראל",none
001027-075520-01034-ב,דימונה,שד גולדה מאיר,1034,exact,693803.35,3439539.96,31.0736677,35.031439,שדרות גולדה מאיר,34,"שדרות גולדה מאיר 34, דימונה, ישראל",none
001027-075520-01034-ג,דימונה,שד גולדה מאיר,1034,exact,693803.35,3439539.96,31.0736677,35.031439,שדרות גולדה מאיר,34,"שדרות גולדה מאיר 34, דימונה, ישראל",none
001027-075520-01034-ד,דימונה,שד גולדה מאיר,1034,exact,693803.35,3439539.96,31.0736677,35.031439,שדרות גולדה מאיר,34,"שדרות גולדה מאיר 34, דימונה, ישראל",none
001027-075520-01034-ה,דימונה,שד גולדה מאיר,1034,exact,693803.35,3439539.96,31.0736677,35.031439,שדרות גולדה מאיר,34,"שדרות גולדה מאיר 34, דימונה, ישראל",none
001027-075520-01034-ו,דימונה,שד גולדה מאיר,1034,exact,693803.35,3439539.96,31.0736677,35.031439,שדרות גולדה מאיר,34,"שדרות גולדה מאיר 34, דימונה, ישראל",none
001027-075520-04021-א,דימונה,שד גולדה מאיר,4021,street,693813.16,3439647.35,31.0746344,35.0315624,שדרות גולדה מאיר,1,"שדרות גולדה מאיר 1, דימונה, ישראל",none
001027-075520-04021-ב,דימונה,שד גולדה מאיר,4021,street,693813.16,3439647.35,31.0746344,35.0315624,שדרות גולדה מאיר,1,"שדרות גולדה מאיר 1, דימונה, ישראל",none
001027-075520-04021-ג,דימונה,שד גולדה מאיר,4021,street,693813.16,3439647.35,31.0746344,35.0315624,שדרות גולדה מאיר,1,"שדרות גולדה מאיר 1, דימונה, ישראל",none
001027-075520-04021-ה,דימונה,שד גולדה מאיר,4021,street,693813.16,3439647.35,31.0746344,35.0315624,שדרות גולדה מאיר,1,"שדרות גולדה מאיר 1, דימונה, ישראל",none
001027-075677-00006-X,דימונה,השבלים,6,exact,693721.49,3438400.35,31.0634048,35.030363,שדרות הנשיא,121,"שדרות הנשיא 121, דימונה, ישראל",none
001027-075677-00062-X,דימונה,השבלים,62,exact,693428.24,3438400.59,31.0634553,35.0272912,השיבולים,133,"השיבולים 133, דימונה, ישראל",none
001027-075677-00325-X,דימונה,השבלים,325,street,693509.04,3438404.91,31.0634809,35.0281384,השיבולים,29,"השיבולים 29, דימונה, ישראל",none
001027-075677-00327-X,דימונה,השבלים,327,street,693509.04,3438404.91,31.0634809,35.0281384,השיבולים,29,"השיבולים 29, דימונה, ישראל",none
001027-075677-00329-X,דימונה,השבלים,329,street,693509.04,3438404.91,31.0634809,35.0281384,השיבולים,29,"השיבולים 29, דימונה, ישראל",none
001027-075677-00331-X,דימונה,השבלים,331,street,693509.04,3438404.91,31.0634809,35.0281384,השיבולים,29,"השיבולים 29, דימונה, ישראל",none
001027-075677-00333-X,דימונה,השבלים,333,street,693509.04,3438404.91,31.0634809,35.0281384,השיבולים,29,"השיבולים 29, דימונה, ישראל",none
001027-075677-00335-X,דימונה,השבלים,335,street,693509.04,3438404.91,31.0634809,35.0281384,השיבולים,29,"השיבולים 29, דימונה, ישראל",none
001027-075677-00337-X,דימונה,השבלים,337,street,693509.04,3438404.91,31.0634809,35.0281384,השיבולים,29,"השיבולים 29, דימונה, ישראל",none
001027-075677-00339-X,דימונה,השבלים,339,street,693509.04,3438404.91,31.0634809,35.0281384,השיבולים,29,"השיבולים 29, דימונה, ישראל",none
001027-075677-00341-X,דימונה,השבלים,341,street,693509.04,3438404.91,31.0634809,35.0281384,השיבולים,29,"השיבולים 29, דימונה, ישראל",none
001027-075677-00343-X,דימונה,השבלים,343,street,693509.04,3438404.91,31.0634809,35.0281384,השיבולים,29,"השיבולים 29, דימונה, ישראל",none
001027-075677-00345-X,דימונה,השבלים,345,street,693509.04,3438404.91,31.0634809,35.0281384,השיבולים,29,"השיבולים 29, דימונה, ישראל",none
001027-075677-00347-X,דימונה,השבלים,347,street,693509.04,3438404.91,31.0634809,35.0281384,השיבולים,29,"השיבולים 29, דימונה, ישראל",none
001027-075677-00349-X,דימונה,השבלים,349,street,693509.04,3438404.91,31.0634809,35.0281384,השיבולים,29,"השיבולים 29, דימונה, ישראל",none
001027-075677-00353-X,דימונה,השבלים,353,street,693509.04,3438404.91,31.0634809,35.0281384,השיבולים,29,"השיבולים 29, דימונה, ישראל",none
001027-075677-00355-X,דימונה,השבלים,355,street,693509.04,3438404.91,31.0634809,35.0281384,השיבולים,29,"השיבולים 29, דימונה, ישראל",none
001027-075677-00357-X,דימונה,השבלים,357,street,693509.04,3438404.91,31.0634809,35.0281384,השיבולים,29,"השיבולים 29, דימונה, ישראל",none
001027-075677-00359-X,דימונה,השבלים,359,street,693509.04,3438404.91,31.0634809,35.0281384,השיבולים,29,"השיבולים 29, דימונה, ישראל",none
001027-075677-00363-X,דימונה,השבלים,363,street,693509.04,3438404.91,31.0634809,35.0281384,השיבולים,29,"השיבולים 29, דימונה, ישראל",none
001027-075677-00367-X,דימונה,השבלים,367,street,693509.04,3438404.91,31.0634809,35.0281384,השיבולים,29,"השיבולים 29, דימונה, ישראל",none
001027-075677-00371-X,דימונה,השבלים,371,street,693509.04,3438404.91,31.0634809,35.0281384,השיבולים,29,"השיבולים 29, דימונה, ישראל",none
001027-075677-00373-X,דימונה,השבלים,373,street,693509.04,3438404.91,31.0634809,35.0281384,השיבולים,29,"השיבולים 29, דימונה, ישראל",none
001027-075677-00377-X,דימונה,השבלים,377,street,693509.04,3438404.91,31.0634809,35.0281384,השיבולים,29,"השיבולים 29, דימונה, ישראל",none
001027-075677-00379-X,דימונה,השבלים,379,street,693509.04,3438404.91,31.0634809,35.0281384,השיבולים,29,"השיבולים 29, דימונה, ישראל",none
001027-075677-00387-X,דימונה,השבלים,387,street,693509.04,3438404.91,31.0634809,35.0281384,השיבולים,29,"השיבולים 29, דימונה, ישראל",none
001027-075677-00389-X,דימונה,השבלים,389,street,693509.04,3438404.91,31.0634809,35.0281384,השיבולים,29,"השיבולים 29, דימונה, ישראל",none
001027-075677-00391-X,דימונה,השבלים,391,street,693509.04,3438404.91,31.0634809,35.0281384,השיבולים,29,"השיבולים 29, דימונה, ישראל",none
001027-075677-00393-X,דימונה,השבלים,393,street,693509.04,3438404.91,31.0634809,35.0281384,השיבולים,29,"השיבולים 29, דימונה, ישראל",none
001027-075677-00397-X,דימונה,השבלים,397,street,693509.04,3438404.91,31.0634809,35.0281384,השיבולים,29,"השיבולים 29, דימונה, ישראל",none
001027-075677-00399-X,דימונה,השבלים,399,street,693509.04,3438404.91,31.0634809,35.0281384,השיבולים,29,"השיבולים 29, דימונה, ישראל",none
001027-075677-00401-X,דימונה,השבלים,401,street,693509.04,3438404.91,31.0634809,35.0281384,השיבולים,29,"השיבולים 29, דימונה, ישראל",none
001027-075677-00403-X,דימונה,השבלים,403,street,693509.04,3438404.91,31.0634809,35.0281384,השיבולים,29,"השיבולים 29, דימונה, ישראל",none
001027-075677-00407-X,דימונה,השבלים,407,street,693509.04,3438404.91,31.0634809,35.0281384,השיבולים,29,"השיבולים 29, דימונה, ישראל",none
001027-075911-00002-X,דימונה,הרימון,2,exact,693529.36,3438485.07,31.0642004,35.0283666,הרימון,2,"הרימון 2, דימונה, ישראל",exact
001027-075911-00004-X,דימונה,הרימון,4,exact,693524.21,3438479.52,31.0641512,35.0283116,הרימון,4,"הרימון 4, דימונה, ישראל",exact
001027-075911-00006-X,דימונה,הרימון,6,exact,693504.08,3438476.62,31.0641284,35.0281002,הרימון,6,"הרימון 6, דימונה, ישראל",exact
001027-075911-00007-X,דימונה,הרימון,7,exact,693441.03,3438449.5,31.0638942,35.0274345,הרימון,225,"הרימון 225, דימונה, ישראל",not_exact
001027-075911-00008-X,דימונה,הרימון,8,exact,693495.17,3438480.42,31.0641641,35.0280076,הרימון,8,"הרימון 8, דימונה, ישראל",exact
001027-075911-00010-X,דימונה,הרימון,10,street,693388.46,3438448.38,31.0638928,35.0268836,הרימון,199,"הרימון 199, דימונה, ישראל",not_exact
001027-075911-00011-X,דימונה,הרימון,11,exact,693405.01,3438440.32,31.0638174,35.0270554,הרימון,223,"הרימון 223, דימונה, ישראל",not_exact
001027-075911-00013-X,דימונה,הרימון,13,exact,693386.1,3438436.13,31.0637827,35.0268566,הרימון,222,"הרימון 222, דימונה, ישראל",not_exact
001027-075911-00014-X,דימונה,הרימון,14,exact,693454.62,3438479.55,31.064163,35.0275826,הרימון,189,"הרימון 189, דימונה, ישראל",not_exact
001027-075911-00015-X,דימונה,הרימון,15,exact,693370.15,3438431.02,31.0637393,35.0266885,הרימון,221,"הרימון 221, דימונה, ישראל",not_exact
001027-075911-00016-X,דימונה,הרימון,16,exact,693434.42,3438475.71,31.0641317,35.0273703,הרימון,196,"הרימון 196, דימונה, ישראל",not_exact
001027-075911-00019-X,דימונה,הרימון,19,exact,693320.35,3438408.14,31.0635411,35.0261624,הרימון,234,"הרימון 234, דימונה, ישראל",not_exact
001027-075911-00020-X,דימונה,הרימון,20,exact,693400.31,3438466.86,31.0640575,35.0270113,הרימון,205,"הרימון 205, דימונה, ישראל",not_exact
001027-075911-00021-X,דימונה,הרימון,21,exact,693300.45,3438404,31.0635071,35.0259532,הרימון,233,"הרימון 233, דימונה, ישראל",not_exact
001027-075911-00022-X,דימונה,הרימון,22,exact,693383.69,3438460.07,31.063999,35.0268359,הרימון,199,"הרימון 199, דימונה, ישראל",not_exact
001027-075911-00023-X,דימונה,הרימון,23,exact,693280.64,3438399.97,31.063474,35.0257449,הרימון,23,"הרימון 23, דימונה, ישראל",exact
001027-075911-00024-X,דימונה,הרימון,24,exact,693368.21,3438456.37,31.0639682,35.026673,הרימון,200,"הרימון 200, דימונה, ישראל",not_exact
001027-075911-00026-X,דימונה,הרימון,26,exact,693358.74,3438448.36,31.0638975,35.0265723,הרימון,279,"הרימון 279, דימונה, ישראל",not_exact
001027-075911-00032-X,דימונה,הרימון,32,exact,693302.1,3438437.39,31.0638079,35.0259769,הרימון,204,"הרימון 204, דימונה, ישראל",not_exact
001027-075911-00034-X,דימונה,הרימון,34,exact,693287.97,3438429.99,31.0637435,35.0258274,הרימון,34,"הרימון 34, דימונה, ישראל",exact
001027-075911-00036-X,דימונה,הרימון,36,exact,693271.59,3438427.82,31.0637266,35.0256554,הרימון,206,"הרימון 206, דימונה, ישראל",not_exact
001027-075911-00266-X,דימונה,הרימון,266,street,693388.46,3438448.38,31.0638928,35.0268836,הרימון,199,"הרימון 199, דימונה, ישראל",not_exact
001027-075911-00268-X,דימונה,הרימון,268,street,693388.46,3438448.38,31.0638928,35.0268836,הרימון,199,"הרימון 199, דימונה, ישראל",not_exact
001027-075911-00270-X,דימונה,הרימון,270,street,693388.46,3438448.38,31.0638928,35.0268836,הרימון,199,"הרימון 199, דימונה, ישראל",not_exact
001027-075911-00274-X,דימונה,הרימון,274,street,693388.46,3438448.38,31.0638928,35.0268836,הרימון,199,"הרימון 199, דימונה, ישראל",not_exact
001027-075911-00276-X,דימונה,הרימון,276,street,693388.46,3438448.38,31.0638928,35.0268836,הרימון,199,"הרימון 199, דימונה, ישראל",not_exact
001027-075911-00278-X,דימונה,הרימון,278,street,693388.46,3438448.38,31.0638928,35.0268836,הרימון,199,"הרימון 199, דימונה, ישראל",not_exact
001027-075911-00286-X,דימונה,הרימון,286,street,693388.46,3438448.38,31.0638928,35.0268836,הרימון,199,"הרימון 199, דימונה, ישראל",not_exact
001027-075911-00288-X,דימונה,הרימון,288,street,693388.46,3438448.38,31.0638928,35.0268836,הרימון,199,"הרימון 199, דימונה, ישראל",not_exact
001027-075911-00294-X,דימונה,הרימון,294,street,693388.46,3438448.38,31.0638928,35.0268836,הרימון,199,"הרימון 199, דימונה, ישראל",not_exact
001027-075911-00298-X,דימונה,הרימון,298,street,693388.46,3438448.38,31.0638928,35.0268836,הרימון,199,"הרימון 199, דימונה, ישראל",not_exact
001027-075911-00299-X,דימונה,הרימון,299,street,693388.46,3438448.38,31.0638928,35.0268836,הרימון,199,"הרימון 199, דימונה, ישראל",not_exact
001027-075911-00302-X,דימונה,הרימון,302,street,693388.46,3438448.38,31.0638928,35.0268836,הרימון,199,"הרימון 199, דימונה, ישראל",not_exact
001027-075911-00303-X,דימונה,הרימון,303,street,693388.46,3438448.38,31.0638928,35.0268836,הרימון,199,"הרימון 199, דימונה, ישראל",not_exact
001027-075911-00304-X,דימונה,הרימון,304,street,693388.46,3438448.38,31.0638928,35.0268836,הרימון,199,"הרימון 199, דימונה, ישראל",not_exact
001027-075911-00305-X,דימונה,הרימון,305,street,693388.46,3438448.38,31.0638928,35.0268836,הרימון,199,"הרימון 199, דימונה, ישראל",not_exact
001027-075911-00306-X,דימונה,הרימון,306,street,693388.46,3438448.38,31.0638928,35.0268836,הרימון,199,"הרימון 199, דימונה, ישראל",not_exact
001027-075911-00307-X,דימונה,הרימון,307,street,693388.46,3438448.38,31.0638928,35.0268836,הרימון,199,"הרימון 199, דימונה, ישראל",not_exact
001027-075911-00308-X,דימונה,הרימון,308,street,693388.46,3438448.38,31.0638928,35.0268836,הרימון,199,"הרימון 199, דימונה, ישראל",not_exact
001027-075911-00310-X,דימונה,הרימון,310,street,693388.46,3438448.38,31.0638928,35.0268836,הרימון,199,"הרימון 199, דימונה, ישראל",not_exact
001027-075911-00311-X,דימונה,הרימון,311,street,693388.46,3438448.38,31.0638928,35.0268836,הרימון,199,"הרימון 199, דימונה, ישראל",not_exact
001027-075911-00312-X,דימונה,הרימון,312,street,693388.46,3438448.38,31.0638928,35.0268836,הרימון,199,"הרימון 199, דימונה, ישראל",not_exact
001027-075911-00313-X,דימונה,הרימון,313,street,693388.46,3438448.38,31.0638928,35.0268836,הרימון,199,"הרימון 199, דימונה, ישראל",not_exact
001027-075911-00314-X,דימונה,הרימון,314,street,693388.46,3438448.38,31.0638928,35.0268836,הרימון,199,"הרימון 199, דימונה, ישראל",not_exact
001027-075911-00315-X,דימונה,הרימון,315,street,693388.46,3438448.38,31.0638928,35.0268836,הרימון,199,"הרימון 199, דימונה, ישראל",not_exact
001027-075911-00317-X,דימונה,הרימון,317,street,693388.46,3438448.38,31.0638928,35.0268836,הרימון,199,"הרימון 199, דימונה, ישראל",not_exact
001027-075911-00318-X,דימונה,הרימון,318,street,693388.46,3438448.38,31.0638928,35.0268836,הרימון,199,"הרימון 199, דימונה, ישראל",not_exact
001027-075911-00319-X,דימונה,הרימון,319,street,693388.46,3438448.38,31.0638928,35.0268836,הרימון,199,"הרימון 199, דימונה, ישראל",not_exact
001027-075911-00320-X,דימונה,הרימון,320,street,693388.46,3438448.38,31.0638928,35.0268836,הרימון,199,"הרימון 199, דימונה, ישראל",not_exact
001027-075911-00321-X,דימונה,הרימון,321,street,693388.46,3438448.38,31.0638928,35.0268836,הרימון,199,"הרימון 199, דימונה, ישראל",not_exact
001027-075911-00322-X,דימונה,הרימון,322,street,693388.46,3438448.38,31.0638928,35.0268836,הרימון,199,"הרימון 199, דימונה, ישראל",not_exact
001027-075911-00326-X,דימונה,הרימון,326,street,693388.46,3438448.38,31.0638928,35.0268836,הרימון,199,"הרימון 199, דימונה, ישראל",not_exact
001027-075911-00328-X,דימונה,הרימון,328,street,693388.46,3438448.38,31.0638928,35.0268836,הרימון,199,"הרימון 199, דימונה, ישראל",not_exact
001027-075911-00330-X,דימונה,הרימון,330,street,693388.46,3438448.38,31.0638928,35.0268836,הרימון,199,"הרימון 199, דימונה, ישראל",not_exact
001027-075911-00332-X,דימונה,הרימון,332,street,693388.46,3438448.38,31.0638928,35.0268836,הרימון,199,"הרימון 199, דימונה, ישראל",not_exact
001027-075911-00334-X,דימונה,הרימון,334,street,693388.46,3438448.38,31.0638928,35.0268836,הרימון,199,"הרימון 199, דימונה, ישראל",not_exact
001027-075911-00340-X,דימונה,הרימון,340,street,693388.46,3438448.38,31.0638928,35.0268836,הרימון,199,"הרימון 199, דימונה, ישראל",not_exact
001027-075911-00342-X,דימונה,הרימון,342,street,693388.46,3438448.38,31.0638928,35.0268836,הרימון,199,"הרימון 199, דימונה, ישראל",not_exact
001027-075911-00344-X,דימונה,הרימון,344,street,693388.46,3438448.38,31.0638928,35.0268836,הרימון,199,"הרימון 199, דימונה, ישראל",not_exact
001027-075911-00346-X,דימונה,הרימון,346,street,693388.46,3438448.38,31.0638928,35.0268836,הרימון,199,"הרימון 199, דימונה, ישראל",not_exact
001027-075911-00348-X,דימונה,הרימון,348,street,693388.46,3438448.38,31.0638928,35.0268836,הרימון,199,"הרימון 199, דימונה, ישראל",not_exact
001027-075911-00350-X,דימונה,הרימון,350,street,693388.46,3438448.38,31.0638928,35.0268836,הרימון,199,"הרימון 199, דימונה, ישראל",not_exact
001027-075911-00354-X,דימונה,הרימון,354,street,693388.46,3438448.38,31.0638928,35.0268836,הרימון,199,"הרימון 199, דימונה, ישראל",not_exact
001027-075911-00356-X,דימונה,הרימון,356,street,693388.46,3438448.38,31.0638928,35.0268836,הרימון,199,"הרימון 199, דימונה, ישראל",not_exact
001027-075911-00358-X,דימונה,הרימון,358,street,693388.46,3438448.38,31.0638928,35.0268836,הרימון,199,"הרימון 199, דימונה, ישראל",not_exact
001027-075911-00360-X,דימונה,הרימון,360,street,693388.46,3438448.38,31.0638928,35.0268836,הרימון,199,"הרימון 199, דימונה, ישראל",not_exact
001027-075911-00362-X,דימונה,הרימון,362,street,693388.46,3438448.38,31.0638928,35.0268836,הרימון,199,"הרימון 199, דימונה, ישראל",not_exact
001027-075911-00366-X,דימונה,הרימון,366,street,693388.46,3438448.38,31.0638928,35.0268836,הרימון,199,"הרימון 199, דימונה, ישראל",not_exact
001027-075911-00368-X,דימונה,הרימון,368,street,693388.46,3438448.38,31.0638928,35.0268836,הרימון,199,"הרימון 199, דימונה, ישראל",not_exact
001027-076045-00000-X,דימונה,אקסודוס,,street,694035.9,3439434.56,31.0726788,35.0338551,רחבת יציאת אירופה,1066,"רחבת יציאת אירופה 1066, דימונה, ישראל",none
001027-076045-00066-X,דימונה,אקסודוס,66,street,694035.9,3439434.56,31.0726788,35.0338551,רחבת יציאת אירופה,1066,"רחבת יציאת אירופה 1066, דימונה, ישראל",none
001027-076045-00067-X,דימונה,אקסודוס,67,street,694035.9,3439434.56,31.0726788,35.0338551,רחבת יציאת אירופה,1066,"רחבת יציאת אירופה 1066, דימונה, ישראל",none
001027-076480-00000-X,דימונה,שד יגאל אלון,,street,694256.53,3438413.27,31.0634329,35.0359702,,,"יגאל אלון/מ''ד המעפילים, דימונה, ישראל",none
001027-076480-00011-X,דימונה,שד יגאל אלון,11,street,694256.53,3438413.27,31.0634329,35.0359702,,,"יגאל אלון/מ''ד המעפילים, דימונה, ישראל",none
001027-076480-00013-X,דימונה,שד יגאל אלון,13,exact,694156.86,3438426.87,31.063572,35.0349287,,,"יגאל אלון/מ''ד המעפילים, דימונה, ישראל",none
001027-076480-00016-X,דימונה,שד יגאל אלון,16,exact,694005.59,3438380.54,31.0631793,35.0333352,פרחי ארצנו,2,"פרחי ארצנו 2, דימונה, ישראל",none
001027-076480-00030-X,דימונה,שד יגאל אלון,30,exact,694145.67,3438377.35,31.0631274,35.034802,שדרות יגאל אלון,55,"שדרות יגאל אלון 55, דימונה, ישראל",none
001027-076480-00030-ב,דימונה,שד יגאל אלון,30,exact,694145.67,3438377.35,31.0631274,35.034802,שדרות יגאל אלון,55,"שדרות יגאל אלון 55, דימונה, ישראל",none
001027-076480-00030-ד,דימונה,שד יגאל אלון,30,exact,694145.67,3438377.35,31.0631274,35.034802,שדרות יגאל אלון,55,"שדרות יגאל אלון 55, דימונה, ישראל",none
001027-076480-00031-X,דימונה,שד יגאל אלון,31,exact,694291.66,3438436,31.0636321,35.0363425,יגאל אלון,31,"יגאל אלון 31, דימונה, ישראל",exact
001027-076480-00031-א,דימונה,שד יגאל אלון,31,exact,694291.66,3438436,31.0636321,35.0363425,יגאל אלון,31,"יגאל אלון 31, דימונה, ישראל",exact
001027-076480-00031-ב,דימונה,שד יגאל אלון,31,exact,694291.66,3438436,31.0636321,35.0363425,יגאל אלון,31,"יגאל אלון 31, דימונה, ישראל",exact
001027-076480-00031-ג,דימונה,שד יגאל אלון,31,exact,694291.66,3438436,31.0636321,35.0363425,יגאל אלון,31,"יגאל אלון 31, דימונה, ישראל",exact
001027-076480-00031-ד,דימונה,שד יגאל אלון,31,exact,694291.66,3438436,31.0636321,35.0363425,יגאל אלון,31,"יגאל אלון 31, דימונה, ישראל",exact
001027-076480-00032-X,דימונה,שד יגאל אלון,32,exact,694174.26,3438382.05,31.063165,35.0351024,פרחי ארצנו,83,"פרחי ארצנו 83, דימונה, ישראל",none
001027-076480-00032-א,דימונה,שד יגאל אלון,32,exact,694174.26,3438382.05,31.063165,35.0351024,פרחי ארצנו,83,"פרחי ארצנו 83, דימונה, ישראל",none
001027-076480-00032-ב,דימונה,שד יגאל אלון,32,exact,694174.26,3438382.05,31.063165,35.0351024,פרחי ארצנו,83,"פרחי ארצנו 83, דימונה, ישראל",none
001027-076480-00032-ג,דימונה,שד יגאל אלון,32,exact,694174.26,3438382.05,31.063165,35.0351024,פרחי ארצנו,83,"פרחי ארצנו 83, דימונה, ישראל",none
001027-076480-00085-X,דימונה,שד יגאל אלון,85,street,694256.53,3438413.27,31.0634329,35.0359702,,,"יגאל אלון/מ''ד המעפילים, דימונה, ישראל",none
001027-076480-00085-א,דימונה,שד יגאל אלון,85,street,694256.53,3438413.27,31.0634329,35.0359702,,,"יגאל אלון/מ''ד המעפילים, דימונה, ישראל",none
001027-076480-00085-ב,דימונה,שד יגאל אלון,85,street,694256.53,3438413.27,31.0634329,35.0359702,,,"יגאל אלון/מ''ד המעפילים, דימונה, ישראל",none
001027-076480-00085-ג,דימונה,שד יגאל אלון,85,street,694256.53,3438413.27,31.0634329,35.0359702,,,"יגאל אלון/מ''ד המעפילים, דימונה, ישראל",none
001027-076480-00086-X,דימונה,שד יגאל אלון,86,exact,694633.26,3438732.96,31.0662533,35.039978,עבדת,1612,"עבדת 1612, דימונה, ישראל",none
001027-076480-00086-א,דימונה,שד יגאל אלון,86,exact,694633.26,3438732.96,31.0662533,35.039978,עבדת,1612,"עבדת 1612, דימונה, ישראל",none
001027-076480-00086-ב,דימונה,שד יגאל אלון,86,exact,694633.26,3438732.96,31.0662533,35.039978,עבדת,1612,"עבדת 1612, דימונה, ישראל",none
001027-076480-00086-ג,דימונה,שד יגאל אלון,86,exact,694633.26,3438732.96,31.0662533,35.039978,עבדת,1612,"עבדת 1612, דימונה, ישראל",none
001027-076480-00110-X,דימונה,שד יגאל אלון,110,street,694256.53,3438413.27,31.0634329,35.0359702,,,"יגאל אלון/מ''ד המעפילים, דימונה, ישראל",none
001027-076480-00110-ב,דימונה,שד יגאל אלון,110,street,694256.53,3438413.27,31.0634329,35.0359702,,,"יגאל אלון/מ''ד המעפילים, דימונה, ישראל",none
001027-076480-00110-ג,דימונה,שד יגאל אלון,110,street,694256.53,3438413.27,31.0634329,35.0359702,,,"יגאל אלון/מ''ד המעפילים, דימונה, ישראל",none
001027-076480-00110-ד,דימונה,שד יגאל אלון,110,street,694256.53,3438413.27,31.0634329,35.0359702,,,"יגאל אלון/מ''ד המעפילים, דימונה, ישראל",none
001027-076480-00110-ה,דימונה,שד יגאל אלון,110,street,694256.53,3438413.27,31.0634329,35.0359702,,,"יגאל אלון/מ''ד המעפילים, דימונה, ישראל",none
001027-076480-00110-ו,דימונה,שד יגאל אלון,110,street,694256.53,3438413.27,31.0634329,35.0359702,,,"יגאל אלון/מ''ד המעפילים, דימונה, ישראל",none
001027-076480-00110-ח,דימונה,שד יגאל אלון,110,street,694256.53,3438413.27,31.0634329,35.0359702,,,"יגאל אלון/מ''ד המעפילים, דימונה, ישראל",none
001027-076480-00110-ט,דימונה,שד יגאל אלון,110,street,694256.53,3438413.27,31.0634329,35.0359702,,,"יגאל אלון/מ''ד המעפילים, דימונה, ישראל",none
001027-076480-00111-א,דימונה,שד יגאל אלון,111,street,694256.53,3438413.27,31.0634329,35.0359702,,,"יגאל אלון/מ''ד המעפילים, דימונה, ישראל",none
001027-076480-00111-ב,דימונה,שד יגאל אלון,111,street,694256.53,3438413.27,31.0634329,35.0359702,,,"יגאל אלון/מ''ד המעפילים, דימונה, ישראל",none
001027-076480-00111-ג,דימונה,שד יגאל אלון,111,street,694256.53,3438413.27,31.0634329,35.0359702,,,"יגאל אלון/מ''ד המעפילים, דימונה, ישראל",none
001027-076480-00111-ד,דימונה,שד יגאל אלון,111,street,694256.53,3438413.27,31.0634329,35.0359702,,,"יגאל אלון/מ''ד המעפילים, דימונה, ישראל",none
001027-076480-00111-ו,דימונה,שד יגאל אלון,111,street,694256.53,3438413.27,31.0634329,35.0359702,,,"יגאל אלון/מ''ד המעפילים, דימונה, ישראל",none
001027-076480-00111-ח,דימונה,שד יגאל אלון,111,street,694256.53,3438413.27,31.0634329,35.0359702,,,"יגאל אלון/מ''ד המעפילים, דימונה, ישראל",none
001027-076480-00209-X,דימונה,שד יגאל אלון,209,street,694256.53,3438413.27,31.0634329,35.0359702,,,"יגאל אלון/מ''ד המעפילים, דימונה, ישראל",none
001027-076480-00209-א,דימונה,שד יגאל אלון,209,street,694256.53,3438413.27,31.0634329,35.0359702,,,"יגאל אלון/מ''ד המעפילים, דימונה, ישראל",none
001027-076480-00209-ב,דימונה,שד יגאל אלון,209,street,694256.53,3438413.27,31.0634329,35.0359702,,,"יגאל אלון/מ''ד המעפילים, דימונה, ישראל",none
001027-076480-00209-ג,דימונה,שד יגאל אלון,209,street,694256.53,3438413.27,31.0634329,35.0359702,,,"יגאל אלון/מ''ד המעפילים, דימונה, ישראל",none
001027-076480-00209-ד,דימונה,שד יגאל אלון,209,street,694256.53,3438413.27,31.0634329,35.0359702,,,"יגאל אלון/מ''ד המעפילים, דימונה, ישראל",none
001027-076480-00209-ו,דימונה,שד יגאל אלון,209,street,694256.53,3438413.27,31.0634329,35.0359702,,,"יגאל אלון/מ''ד המעפילים, דימונה, ישראל",none
001027-076480-00209-ז,דימונה,שד יגאל אלון,209,street,694256.53,3438413.27,31.0634329,35.0359702,,,"יגאל אלון/מ''ד המעפילים, דימונה, ישראל",none
001027-076480-00209-ח,דימונה,שד יגאל אלון,209,street,694256.53,3438413.27,31.0634329,35.0359702,,,"יגאל אלון/מ''ד המעפילים, דימונה, ישראל",none
001027-076480-00221-X,דימונה,שד יגאל אלון,221,street,694256.53,3438413.27,31.0634329,35.0359702,,,"יגאל אלון/מ''ד המעפילים, דימונה, ישראל",none
001027-076480-00221-א,דימונה,שד יגאל אלון,221,street,694256.53,3438413.27,31.0634329,35.0359702,,,"יגאל אלון/מ''ד המעפילים, דימונה, ישראל",none
001027-076480-00221-ב,דימונה,שד יגאל אלון,221,street,694256.53,3438413.27,31.0634329,35.0359702,,,"יגאל אלון/מ''ד המעפילים, דימונה, ישראל",none
001027-076480-00221-ד,דימונה,שד יגאל אלון,221,street,694256.53,3438413.27,31.0634329,35.0359702,,,"יגאל אלון/מ''ד המעפילים, דימונה, ישראל",none
001027-076480-00221-ה,דימונה,שד יגאל אלון,221,street,694256.53,3438413.27,31.0634329,35.0359702,,,"יגאל אלון/מ''ד המעפילים, דימונה, ישראל",none
001027-076480-00221-ו,דימונה,שד יגאל אלון,221,street,694256.53,3438413.27,31.0634329,35.0359702,,,"יגאל אלון/מ''ד המעפילים, דימונה, ישראל",none
001027-076480-00221-ז,דימונה,שד יגאל אלון,221,street,694256.53,3438413.27,31.0634329,35.0359702,,,"יגאל אלון/מ''ד המעפילים, דימונה, ישראל",none
001027-076480-00221-ח,דימונה,שד יגאל אלון,221,street,694256.53,3438413.27,31.0634329,35.0359702,,,"יגאל אלון/מ''ד המעפילים, דימונה, ישראל",none
001027-076480-00221-ט,דימונה,שד יגאל אלון,221,street,694256.53,3438413.27,31.0634329,35.0359702,,,"יגאל אלון/מ''ד המעפילים, דימונה, ישראל",none
001027-076480-00501-X,דימונה,שד יגאל אלון,501,street,694256.53,3438413.27,31.0634329,35.0359702,,,"יגאל אלון/מ''ד המעפילים, דימונה, ישראל",none
001027-076480-00501-א,דימונה,שד יגאל אלון,501,street,694256.53,3438413.27,31.0634329,35.0359702,,,"יגאל אלון/מ''ד המעפילים, דימונה, ישראל",none
001027-076480-00501-ב,דימונה,שד יגאל אלון,501,street,694256.53,3438413.27,31.0634329,35.0359702,,,"יגאל אלון/מ''ד המעפילים, דימונה, ישראל",none
001027-076793-00000-X,דימונה,הנרקיס,,street,693863.33,3438319.13,31.062649,35.0318332,נרקיס,30,"נרקיס 30, דימונה, ישראל",not_exact
001027-076793-00007-X,דימונה,הנרקיס,7,exact,693880.5,3438332.17,31.0627637,35.0320156,שדרות יגאל אלון,9,"שדרות יגאל אלון 9, דימונה, ישראל",none
001027-076793-00009-X,דימונה,הנרקיס,9,exact,693907.4,3438334.06,31.0627764,35.0322978,שדרות הנשיא,10,"שדרות הנשיא 10, דימונה, ישראל",none
001027-076793-00010-X,דימונה,הנרקיס,10,exact,693842.01,3438305.72,31.0625316,35.0316073,נרקיס,21,"נרקיס 21, דימונה, ישראל",not_exact
001027-076793-00011-X,דימונה,הנרקיס,11,exact,693927.1,3438333.82,31.0627709,35.0325041,שדרות הנשיא,11,"שדרות הנשיא 11, דימונה, ישראל",none
001027-076793-00013-X,דימונה,הנרקיס,13,street,693863.33,3438319.13,31.062649,35.0318332,נרקיס,30,"נרקיס 30, דימונה, ישראל",not_exact
001027-076793-00014-X,דימונה,הנרקיס,14,exact,693855.81,3438305.72,31.0625293,35.0317519,נרקיס,30,"נרקיס 30, דימונה, ישראל",not_exact
001027-076793-00014-א,דימונה,הנרקיס,14,exact,693855.81,3438305.72,31.0625293,35.0317519,נרקיס,30,"נרקיס 30, דימונה, ישראל",not_exact
001027-076793-00014-ב,דימונה,הנרקיס,14,exact,693855.81,3438305.72,31.0625293,35.0317519,נרקיס,30,"נרקיס 30, דימונה, ישראל",not_exact
001027-076793-00749-X,דימונה,הנרקיס,749,street,693863.33,3438319.13,31.062649,35.0318332,נרקיס,30,"נרקיס 30, דימונה, ישראל",not_exact
001027-076793-00765-X,דימונה,הנרקיס,765,street,693863.33,3438319.13,31.062649,35.0318332,נרקיס,30,"נרקיס 30, דימונה, ישראל",not_exact
001027-076793-00766-X,דימונה,הנרקיס,766,street,693863.33,3438319.13,31.062649,35.0318332,נרקיס,30,"נרקיס 30, דימונה, ישראל",not_exact
001027-076793-00767-X,דימונה,הנרקיס,767,street,693863.33,3438319.13,31.062649,35.0318332,נרקיס,30,"נרקיס 30, דימונה, ישראל",not_exact
001027-076793-00769-X,דימונה,הנרקיס,769,street,693863.33,3438319.13,31.062649,35.0318332,נרקיס,30,"נרקיס 30, דימונה, ישראל",not_exact
001027-076793-00770-X,דימונה,הנרקיס,770,street,693863.33,3438319.13,31.062649,35.0318332,נרקיס,30,"נרקיס 30, דימונה, ישראל",not_exact
001027-076793-00771-X,דימונה,הנרקיס,771,street,693863.33,3438319.13,31.062649,35.0318332,נרקיס,30,"נרקיס 30, דימונה, ישראל",not_exact
001027-076793-00772-X,דימונה,הנרקיס,772,street,693863.33,3438319.13,31.062649,35.0318332,נרקיס,30,"נרקיס 30, דימונה, ישראל",not_exact
001027-077042-00004-X,דימונה,מצדה,4,exact,693649.65,3438182.37,31.061451,35.0295687,מצדה,4,"מצדה 4, דימונה, ישראל",exact
001027-077042-00005-X,דימונה,מצדה,5,exact,693707.96,3438203.93,31.0616358,35.0301836,מצדה,7,"מצדה 7, דימונה, ישראל",not_exact
001027-077042-00009-X,דימונה,מצדה,9,exact,693722.96,3438201.45,31.061611,35.0303403,מצדה,19-13,"מצדה 19-13, דימונה, ישראל",not_exact
001027-077042-00011-X,דימונה,מצדה,11,street,693803.7,3438177.15,31.0613785,35.0311814,מצדה,20,"מצדה 20, דימונה, ישראל",not_exact
001027-077042-00021-X,דימונה,מצדה,21,street,693803.7,3438177.15,31.0613785,35.0311814,מצדה,20,"מצדה 20, דימונה, ישראל",not_exact
001027-077042-00021-א,דימונה,מצדה,21,street,693803.7,3438177.15,31.0613785,35.0311814,מצדה,20,"מצדה 20, דימונה, ישראל",not_exact
001027-077042-00021-ב,דימונה,מצדה,21,street,693803.7,3438177.15,31.0613785,35.0311814,מצדה,20,"מצדה 20, דימונה, ישראל",not_exact
001027-077042-00037-X,דימונה,מצדה,37,street,693803.7,3438177.15,31.0613785,35.0311814,מצדה,20,"מצדה 20, דימונה, ישראל",not_exact
001027-077042-00043-X,דימונה,מצדה,43,exact,693831.16,3438190.05,31.0614903,35.0314715,מצדה,24,"מצדה 24, דימונה, ישראל",not_exact
001027-077042-00045-X,דימונה,מצדה,45,exact,693851.19,3438185.7,31.0614478,35.0316805,מצדה,26,"מצדה 26, דימונה, ישראל",not_exact
001027-077042-00143-X,דימונה,מצדה,143,street,693803.7,3438177.15,31.0613785,35.0311814,מצדה,20,"מצדה 20, דימונה, ישראל",not_exact
001027-077042-00144-X,דימונה,מצדה,144,street,693803.7,3438177.15,31.0613785,35.0311814,מצדה,20,"מצדה 20, דימונה, ישראל",not_exact
001027-077042-00146-X,דימונה,מצדה,146,street,693803.7,3438177.15,31.0613785,35.0311814,מצדה,20,"מצדה 20, דימונה, ישראל",not_exact
001027-077042-00147-X,דימונה,מצדה,147,street,693803.7,3438177.15,31.0613785,35.0311814,מצדה,20,"מצדה 20, דימונה, ישראל",not_exact
001027-077042-00148-X,דימונה,מצדה,148,street,693803.7,3438177.15,31.0613785,35.0311814,מצדה,20,"מצדה 20, דימונה, ישראל",not_exact
001027-077042-00149-X,דימונה,מצדה,149,street,693803.7,3438177.15,31.0613785,35.0311814,מצדה,20,"מצדה 20, דימונה, ישראל",not_exact
001027-077042-00150-X,דימונה,מצדה,150,street,693803.7,3438177.15,31.0613785,35.0311814,מצדה,20,"מצדה 20, דימונה, ישראל",not_exact
001027-077042-00153-X,דימונה,מצדה,153,street,693803.7,3438177.15,31.0613785,35.0311814,מצדה,20,"מצדה 20, דימונה, ישראל",not_exact
001027-077042-00154-X,דימונה,מצדה,154,street,693803.7,3438177.15,31.0613785,35.0311814,מצדה,20,"מצדה 20, דימונה, ישראל",not_exact
001027-077042-00155-X,דימונה,מצדה,155,street,693803.7,3438177.15,31.0613785,35.0311814,מצדה,20,"מצדה 20, דימונה, ישראל",not_exact
001027-077042-00156-X,דימונה,מצדה,156,street,693803.7,3438177.15,31.0613785,35.0311814,מצדה,20,"מצדה 20, דימונה, ישראל",not_exact
001027-077042-00157-X,דימונה,מצדה,157,street,693803.7,3438177.15,31.0613785,35.0311814,מצדה,20,"מצדה 20, דימונה, ישראל",not_exact
001027-077042-00158-X,דימונה,מצדה,158,street,693803.7,3438177.15,31.0613785,35.0311814,מצדה,20,"מצדה 20, דימונה, ישראל",not_exact
001027-077164-00000-X,דימונה,הכלנית,,street,693816.33,3438254.83,31.0620769,35.0313286,כלנית,9,"כלנית 9, דימונה, ישראל",not_exact
001027-077164-00001-X,דימונה,הכלנית,1,exact,693759.34,3438268.84,31.0622127,35.0307343,כלנית,3,"כלנית 3, דימונה, ישראל",not_exact
001027-077164-00008-X,דימונה,הכלנית,8,exact,693739.1,3438251.18,31.0620568,35.0305189,כלנית,10,"כלנית 10, דימונה, ישראל",not_exact
001027-077164-00025-X,דימונה,הכלנית,25,exact,693912.07,3438269.99,31.0621978,35.0323344,כלנית,25,"כלנית 25, דימונה, ישראל",exact
001027-077164-00724-X,דימונה,הכלנית,724,street,693816.33,3438254.83,31.0620769,35.0313286,כלנית,9,"כלנית 9, דימונה, ישראל",not_exact
001027-077164-00725-X,דימונה,הכלנית,725,street,693816.33,3438254.83,31.0620769,35.0313286,כלנית,9,"כלנית 9, דימונה, ישראל",not_exact
001027-077164-00726-X,דימונה,הכלנית,726,street,693816.33,3438254.83,31.0620769,35.0313286,כלנית,9,"כלנית 9, דימונה, ישראל",not_exact
001027-077164-00727-X,דימונה,הכלנית,727,street,693816.33,3438254.83,31.0620769,35.0313286,כלנית,9,"כלנית 9, דימונה, ישראל",not_exact
001027-077164-00728-X,דימונה,הכלנית,728,street,693816.33,3438254.83,31.0620769,35.0313286,כלנית,9,"כלנית 9, דימונה, ישראל",not_exact
001027-077164-00729-X,דימונה,הכלנית,729,street,693816.33,3438254.83,31.0620769,35.0313286,כלנית,9,"כלנית 9, דימונה, ישראל",not_exact
001027-077164-00730-X,דימונה,הכלנית,730,street,693816.33,3438254.83,31.0620769,35.0313286,כלנית,9,"כלנית 9, דימונה, ישראל",not_exact
001027-077164-00731-X,דימונה,הכלנית,731,street,693816.33,3438254.83,31.0620769,35.0313286,כלנית,9,"כלנית 9, דימונה, ישראל",not_exact
001027-077164-00733-X,דימונה,הכלנית,733,street,693816.33,3438254.83,31.0620769,35.0313286,כלנית,9,"כלנית 9, דימונה, ישראל",not_exact
001027-077164-00736-X,דימונה,הכלנית,736,street,693816.33,3438254.83,31.0620769,35.0313286,כלנית,9,"כלנית 9, דימונה, ישראל",not_exact
001027-077164-00737-X,דימונה,הכלנית,737,street,693816.33,3438254.83,31.0620769,35.0313286,כלנית,9,"כלנית 9, דימונה, ישראל",not_exact
001027-077164-00739-X,דימונה,הכלנית,739,street,693816.33,3438254.83,31.0620769,35.0313286,כלנית,9,"כלנית 9, דימונה, ישראל",not_exact
001027-077164-00741-X,דימונה,הכלנית,741,street,693816.33,3438254.83,31.0620769,35.0313286,כלנית,9,"כלנית 9, דימונה, ישראל",not_exact
001027-077164-00742-X,דימונה,הכלנית,742,street,693816.33,3438254.83,31.0620769,35.0313286,כלנית,9,"כלנית 9, דימונה, ישראל",not_exact
001027-077164-00743-X,דימונה,הכלנית,743,street,693816.33,3438254.83,31.0620769,35.0313286,כלנית,9,"כלנית 9, דימונה, ישראל",not_exact
001027-077164-00746-X,דימונה,הכלנית,746,street,693816.33,3438254.83,31.0620769,35.0313286,כלנית,9,"כלנית 9, דימונה, ישראל",not_exact
001027-077164-00754-X,דימונה,הכלנית,754,street,693816.33,3438254.83,31.0620769,35.0313286,כלנית,9,"כלנית 9, דימונה, ישראל",not_exact
001027-077164-00755-X,דימונה,הכלנית,755,street,693816.33,3438254.83,31.0620769,35.0313286,כלנית,9,"כלנית 9, דימונה, ישראל",not_exact
001027-077164-00756-X,דימונה,הכלנית,756,street,693816.33,3438254.83,31.0620769,35.0313286,כלנית,9,"כלנית 9, דימונה, ישראל",not_exact
001027-077164-00758-X,דימונה,הכלנית,758,street,693816.33,3438254.83,31.0620769,35.0313286,כלנית,9,"כלנית 9, דימונה, ישראל",not_exact
001027-077164-00759-X,דימונה,הכלנית,759,street,693816.33,3438254.83,31.0620769,35.0313286,כלנית,9,"כלנית 9, דימונה, ישראל",not_exact
001027-077164-00760-X,דימונה,הכלנית,760,street,693816.33,3438254.83,31.0620769,35.0313286,כלנית,9,"כלנית 9, דימונה, ישראל",not_exact
001027-077164-00761-X,דימונה,הכלנית,761,street,693816.33,3438254.83,31.0620769,35.0313286,כלנית,9,"כלנית 9, דימונה, ישראל",not_exact
001027-077164-00762-X,דימונה,הכלנית,762,street,693816.33,3438254.83,31.0620769,35.0313286,כלנית,9,"כלנית 9, דימונה, ישראל",not_exact
001027-077597-00000-X,דימונה,נוה מדבר,,street,693571.1,3438083.25,31.0605702,35.0287269,נווה מדבר,27,"נווה מדבר 27, דימונה, ישראל",none
001027-077597-00033-X,דימונה,נוה מדבר,33,exact,693544.71,3438073.41,31.0604858,35.0284486,נווה מדבר,168,"נווה מדבר 168, דימונה, ישראל",none
001027-077597-00058-X,דימונה,נוה מדבר,58,exact,693457.82,3438117.63,31.0608988,35.0275469,נווה מדבר,58,"נווה מדבר 58, דימונה, ישראל",none
001027-077597-00102-X,דימונה,נוה מדבר,102,street,693571.1,3438083.25,31.0605702,35.0287269,נווה מדבר,27,"נווה מדבר 27, דימונה, ישראל",none
001027-077597-00104-X,דימונה,נוה מדבר,104,street,693571.1,3438083.25,31.0605702,35.0287269,נווה מדבר,27,"נווה מדבר 27, דימונה, ישראל",none
001027-077597-00105-X,דימונה,נוה מדבר,105,street,693571.1,3438083.25,31.0605702,35.0287269,נווה מדבר,27,"נווה מדבר 27, דימונה, ישראל",none
001027-077597-00108-X,דימונה,נוה מדבר,108,street,693571.1,3438083.25,31.0605702,35.0287269,נווה מדבר,27,"נווה מדבר 27, דימונה, ישראל",none
001027-077597-00112-X,דימונה,נוה מדבר,112,street,693571.1,3438083.25,31.0605702,35.0287269,נווה מדבר,27,"נווה מדבר 27, דימונה, ישראל",none
001027-077597-00113-X,דימונה,נוה מדבר,113,street,693571.1,3438083.25,31.0605702,35.0287269,נווה מדבר,27,"נווה מדבר 27, דימונה, ישראל",none
001027-077597-00117-X,דימונה,נוה מדבר,117,street,693571.1,3438083.25,31.0605702,35.0287269,נווה מדבר,27,"נווה מדבר 27, דימונה, ישראל",none
001027-077597-00119-X,דימונה,נוה מדבר,119,street,693571.1,3438083.25,31.0605702,35.0287269,נווה מדבר,27,"נווה מדבר 27, דימונה, ישראל",none
001027-077597-00120-X,דימונה,נוה מדבר,120,street,693571.1,3438083.25,31.0605702,35.0287269,נווה מדבר,27,"נווה מדבר 27, דימונה, ישראל",none
001027-077597-00121-X,דימונה,נוה מדבר,121,street,693571.1,3438083.25,31.0605702,35.0287269,נווה מדבר,27,"נווה מדבר 27, דימונה, ישראל",none
001027-077597-00122-X,דימונה,נוה מדבר,122,street,693571.1,3438083.25,31.0605702,35.0287269,נווה מדבר,27,"נווה מדבר 27, דימונה, ישראל",none
001027-077597-00123-X,דימונה,נוה מדבר,123,street,693571.1,3438083.25,31.0605702,35.0287269,נווה מדבר,27,"נווה מדבר 27, דימונה, ישראל",none
001027-077597-00124-X,דימונה,נוה מדבר,124,street,693571.1,3438083.25,31.0605702,35.0287269,נווה מדבר,27,"נווה מדבר 27, דימונה, ישראל",none
001027-077597-00126-X,דימונה,נוה מדבר,126,street,693571.1,3438083.25,31.0605702,35.0287269,נווה מדבר,27,"נווה מדבר 27, דימונה, ישראל",none
001027-077597-00127-X,דימונה,נוה מדבר,127,street,693571.1,3438083.25,31.0605702,35.0287269,נווה מדבר,27,"נווה מדבר 27, דימונה, ישראל",none
001027-077597-00130-X,דימונה,נוה מדבר,130,street,693571.1,3438083.25,31.0605702,35.0287269,נווה מדבר,27,"נווה מדבר 27, דימונה, ישראל",none
001027-077597-00131-X,דימונה,נוה מדבר,131,street,693571.1,3438083.25,31.0605702,35.0287269,נווה מדבר,27,"נווה מדבר 27, דימונה, ישראל",none
001027-077597-00132-X,דימונה,נוה מדבר,132,street,693571.1,3438083.25,31.0605702,35.0287269,נווה מדבר,27,"נווה מדבר 27, דימונה, ישראל",none
001027-077597-00133-X,דימונה,נוה מדבר,133,street,693571.1,3438083.25,31.0605702,35.0287269,נווה מדבר,27,"נווה מדבר 27, דימונה, ישראל",none
001027-077597-00134-X,דימונה,נוה מדבר,134,street,693571.1,3438083.25,31.0605702,35.0287269,נווה מדבר,27,"נווה מדבר 27, דימונה, ישראל",none
001027-077597-00135-X,דימונה,נוה מדבר,135,street,693571.1,3438083.25,31.0605702,35.0287269,נווה מדבר,27,"נווה מדבר 27, דימונה, ישראל",none
001027-077597-00137-X,דימונה,נוה מדבר,137,street,693571.1,3438083.25,31.0605702,35.0287269,נווה מדבר,27,"נווה מדבר 27, דימונה, ישראל",none
001027-077597-00141-X,דימונה,נוה מדבר,141,street,693571.1,3438083.25,31.0605702,35.0287269,נווה מדבר,27,"נווה מדבר 27, דימונה, ישראל",none
001027-077597-00145-X,דימונה,נוה מדבר,145,street,693571.1,3438083.25,31.0605702,35.0287269,נווה מדבר,27,"נווה מדבר 27, דימונה, ישראל",none
001027-077597-00147-X,דימונה,נוה מדבר,147,street,693571.1,3438083.25,31.0605702,35.0287269,נווה מדבר,27,"נווה מדבר 27, דימונה, ישראל",none
001027-077597-00149-X,דימונה,נוה מדבר,149,street,693571.1,3438083.25,31.0605702,35.0287269,נווה מדבר,27,"נווה מדבר 27, דימונה, ישראל",none
001027-077597-00151-X,דימונה,נוה מדבר,151,street,693571.1,3438083.25,31.0605702,35.0287269,נווה מדבר,27,"נווה מדבר 27, דימונה, ישראל",none
001027-077597-00157-X,דימונה,נוה מדבר,157,street,693571.1,3438083.25,31.0605702,35.0287269,נווה מדבר,27,"נווה מדבר 27, דימונה, ישראל",none
001027-077597-00159-X,דימונה,נוה מדבר,159,street,693571.1,3438083.25,31.0605702,35.0287269,נווה מדבר,27,"נווה מדבר 27, דימונה, ישראל",none
001027-077597-00160-X,דימונה,נוה מדבר,160,street,693571.1,3438083.25,31.0605702,35.0287269,נווה מדבר,27,"נווה מדבר 27, דימונה, ישראל",none
001027-077597-00161-X,דימונה,נוה מדבר,161,street,693571.1,3438083.25,31.0605702,35.0287269,נווה מדבר,27,"נווה מדבר 27, דימונה, ישראל",none
001027-077597-00162-X,דימונה,נוה מדבר,162,street,693571.1,3438083.25,31.0605702,35.0287269,נווה מדבר,27,"נווה מדבר 27, דימונה, ישראל",none
001027-077597-00163-X,דימונה,נוה מדבר,163,street,693571.1,3438083.25,31.0605702,35.0287269,נווה מדבר,27,"נווה מדבר 27, דימונה, ישראל",none
001027-077597-00166-X,דימונה,נוה מדבר,166,street,693571.1,3438083.25,31.0605702,35.0287269,נווה מדבר,27,"נווה מדבר 27, דימונה, ישראל",none
001027-077597-00167-X,דימונה,נוה מדבר,167,street,693571.1,3438083.25,31.0605702,35.0287269,נווה מדבר,27,"נווה מדבר 27, דימונה, ישראל",none
001027-077597-00169-X,דימונה,נוה מדבר,169,street,693571.1,3438083.25,31.0605702,35.0287269,נווה מדבר,27,"נווה מדבר 27, דימונה, ישראל",none
001027-077597-00171-X,דימונה,נוה מדבר,171,street,693571.1,3438083.25,31.0605702,35.0287269,נווה מדבר,27,"נווה מדבר 27, דימונה, ישראל",none
001027-077597-00172-X,דימונה,נוה מדבר,172,street,693571.1,3438083.25,31.0605702,35.0287269,נווה מדבר,27,"נווה מדבר 27, דימונה, ישראל",none
001027-077597-00173-X,דימונה,נוה מדבר,173,street,693571.1,3438083.25,31.0605702,35.0287269,נווה מדבר,27,"נווה מדבר 27, דימונה, ישראל",none
001027-077597-00174-X,דימונה,נוה מדבר,174,street,693571.1,3438083.25,31.0605702,35.0287269,נווה מדבר,27,"נווה מדבר 27, דימונה, ישראל",none
001027-077597-00176-X,דימונה,נוה מדבר,176,street,693571.1,3438083.25,31.0605702,35.0287269,נווה מדבר,27,"נווה מדבר 27, דימונה, ישראל",none
001027-077597-00177-X,דימונה,נוה מדבר,177,street,693571.1,3438083.25,31.0605702,35.0287269,נווה מדבר,27,"נווה מדבר 27, דימונה, ישראל",none
001027-077597-00178-X,דימונה,נוה מדבר,178,street,693571.1,3438083.25,31.0605702,35.0287269,נווה מדבר,27,"נווה מדבר 27, דימונה, ישראל",none
001027-077597-00181-X,דימונה,נוה מדבר,181,street,693571.1,3438083.25,31.0605702,35.0287269,נווה מדבר,27,"נווה מדבר 27, דימונה, ישראל",none
001027-077597-00182-X,דימונה,נוה מדבר,182,street,693571.1,3438083.25,31.0605702,35.0287269,נווה מדבר,27,"נווה מדבר 27, דימונה, ישראל",none
001027-077597-00183-X,דימונה,נוה מדבר,183,street,693571.1,3438083.25,31.0605702,35.0287269,נווה מדבר,27,"נווה מדבר 27, דימונה, ישראל",none
001027-077597-00185-X,דימונה,נוה מדבר,185,street,693571.1,3438083.25,31.0605702,35.0287269,נווה מדבר,27,"נווה מדבר 27, דימונה, ישראל",none
001027-077659-00000-X,דימונה,בבא סאלי,,street,693897.69,3438067.09,31.0603706,35.0321448,בבא סאלי,61,"בבא סאלי 61, דימונה, ישראל",not_exact
001027-077659-00001-X,דימונה,בבא סאלי,1,exact,693370.46,3438042.63,31.0602369,35.0266175,בבא סאלי,3,"בבא סאלי 3, דימונה, ישראל",not_exact
001027-077659-00002-X,דימונה,בבא סאלי,2,street,693897.69,3438067.09,31.0603706,35.0321448,בבא סאלי,61,"בבא סאלי 61, דימונה, ישראל",not_exact
001027-077659-00003-X,דימונה,בבא סאלי,3,exact,693378.82,3438044.42,31.0602517,35.0267054,בבא סאלי,3,"בבא סאלי 3, דימונה, ישראל",exact
001027-077659-00005-X,דימונה,בבא סאלי,5,exact,693388.86,3438031.63,31.0601347,35.0268081,בבא סאלי,5,"בבא סאלי 5, דימונה, ישראל",exact
001027-077659-00006-X,דימונה,בבא סאלי,6,street,693897.69,3438067.09,31.0603706,35.0321448,בבא סאלי,61,"בבא סאלי 61, דימונה, ישראל",not_exact
001027-077659-00007-X,דימונה,בבא סאלי,7,exact,693399.45,3438029.32,31.0601121,35.0269186,בבא סאלי,7,"בבא סאלי 7, דימונה, ישראל",exact
001027-077659-00008-X,דימונה,בבא סאלי,8,street,693897.69,3438067.09,31.0603706,35.0321448,בבא סאלי,61,"בבא סאלי 61, דימונה, ישראל",not_exact
001027-077659-00009-X,דימונה,בבא סאלי,9,exact,693423.71,3438014.37,31.0599733,35.0271698,נווה מדבר,162,"נווה מדבר 162, דימונה, ישראל",none
001027-077659-00011-X,דימונה,בבא סאלי,11,exact,693433.78,3438013.89,31.0599673,35.0272752,בבא סאלי,13,"בבא סאלי 13, דימונה, ישראל",not_exact
001027-077659-00012-X,דימונה,בבא סאלי,12,exact,693485.48,3437923.53,31.059144,35.0277995,בבא סאלי,12,"בבא סאלי 12, דימונה, ישראל",exact
001027-077659-00013-X,דימונה,בבא סאלי,13,exact,693445.39,3438001.42,31.059853,35.0273945,בבא סאלי,15,"בבא סאלי 15, דימונה, ישראל",not_exact
001027-077659-00014-X,דימונה,בבא סאלי,14,exact,693508.04,3437930.65,31.0592045,35.0280372,המכתש,13,"המכתש 13, דימונה, ישראל",none
001027-077659-00016-X,דימונה,בבא סאלי,16,street,693897.69,3438067.09,31.0603706,35.0321448,בבא סאלי,61,"בבא סאלי 61, דימונה, ישראל",not_exact
001027-077659-00017-X,דימונה,בבא סאלי,17,exact,693467.52,3437994.29,31.059785,35.0276249,בבא סאלי,19,"בבא סאלי 19, דימונה, ישראל",not_exact
001027-077659-00018-X,דימונה,בבא סאלי,18,exact,693524.07,3437932.33,31.059217,35.0282054,בבא סאלי,20,"בבא סאלי 20, דימונה, ישראל",not_exact
001027-077659-00019-X,דימונה,בבא סאלי,19,exact,693481.38,3437994.63,31.0597858,35.0277702,נווה מדבר,164,"נווה מדבר 164, דימונה, ישראל",none
001027-077659-00020-X,דימונה,בבא סאלי,20,exact,693533.15,3437934.16,31.059232,35.0283009,בבא סאלי,20,"בבא סאלי 20, דימונה, ישראל",exact
001027-077659-00021-X,דימונה,בבא סאלי,21,exact,693495.18,3437980.48,31.0596559,35.027912,בבא סאלי,21,"בבא סאלי 21, דימונה, ישראל",exact
001027-077659-00022-X,דימונה,בבא סאלי,22,exact,693547.64,3437936.52,31.0592509,35.0284531,בבא סאלי,24,"בבא סאלי 24, דימונה, ישראל",not_exact
001027-077659-00023-X,דימונה,בבא סאלי,23,exact,693529.38,3438005.68,31.0598775,35.0282751,בבא סאלי,25,"בבא סאלי 25, דימונה, ישראל",not_exact
001027-077659-00024-X,דימונה,בבא סאלי,24,exact,693555.08,3437939.07,31.0592727,35.0285315,בבא סאלי,24,"בבא סאלי 24, דימונה, ישראל",exact
001027-077659-00025-X,דימונה,בבא סאלי,25,exact,693538.29,3437999.09,31.0598167,35.0283671,בבא סאלי,25,"בבא סאלי 25, דימונה, ישראל",exact
001027-077659-00026-X,דימונה,בבא סאלי,26,exact,693572.76,3437940.32,31.059281,35.028717,בבא סאלי,28,"בבא סאלי 28, דימונה, ישראל",not_exact
001027-077659-00027-X,דימונה,בבא סאלי,27,exact,693552.33,3437998.16,31.059806,35.028514,בבא סאלי,27,"בבא סאלי 27, דימונה, ישראל",exact
001027-077659-00028-X,דימונה,בבא סאלי,28,exact,693583.66,3437945.44,31.0593254,35.0288321,בבא סאלי,30,"בבא סאלי 30, דימונה, ישראל",not_exact
001027-077659-00029-X,דימונה,בבא סאלי,29,exact,693563.34,3437999.9,31.0598198,35.0286297,בבא סאלי,29,"בבא סאלי 29, דימונה, ישראל",exact
001027-077659-00030-X,דימונה,בבא סאלי,30,exact,693604.35,3437944.75,31.0593158,35.0290487,המכתש,17,"המכתש 17, דימונה, ישראל",none
001027-077659-00031-X,דימונה,בבא סאלי,31,exact,693584.39,3437992.89,31.0597531,35.0288488,בבא סאלי,33,"בבא סאלי 33, דימונה, ישראל",not_exact
001027-077659-00032-X,דימונה,בבא סאלי,32,exact,693607.53,3437941.76,31.0592883,35.0290814,המכתש,17,"המכתש 17, דימונה, ישראל",none
001027-077659-00033-X,דימונה,בבא סאלי,33,exact,693588.78,3437996.13,31.0597816,35.0288954,בבא סאלי,33,"בבא סאלי 33, דימונה, ישראל",exact
001027-077659-00034-X,דימונה,בבא סאלי,34,exact,693622.81,3437942.36,31.0592912,35.0292416,קדש,37,"קדש 37, דימונה, ישראל",none
001027-077659-00035-X,דימונה,בבא סאלי,35,exact,693599.65,3437985.47,31.0596837,35.0290073,בבא סאלי,35,"בבא סאלי 35, דימונה, ישראל",exact
001027-077659-00037-X,דימונה,בבא סאלי,37,exact,693609.67,3437976.4,31.0596003,35.0291105,בבא סאלי,35,"בבא סאלי 35, דימונה, ישראל",not_exact
001027-077659-00038-X,דימונה,בבא סאלי,38,exact,693648.43,3437935.46,31.0592247,35.0295086,בבא סאלי,38,"בבא סאלי 38, דימונה, ישראל",exact
001027-077659-00039-X,דימונה,בבא סאלי,39,exact,693635.74,3437987.55,31.0596965,35.0293857,בבא סאלי,39,"בבא סאלי 39, דימונה, ישראל",exact
001027-077659-00041-X,דימונה,בבא סאלי,41,exact,693646.8,3437990.67,31.0597228,35.0295021,בבא סאלי,39,"בבא סאלי 39, דימונה, ישראל",not_exact
001027-077659-00043-X,דימונה,בבא סאלי,43,exact,693662.25,3437988.31,31.059699,35.0296635,בבא סאלי,45,"בבא סאלי 45, דימונה, ישראל",not_exact
001027-077659-00045-X,דימונה,בבא סאלי,45,exact,693671.73,3437977.5,31.0596,35.0297608,בבא סאלי,45,"בבא סאלי 45, דימונה, ישראל",exact
001027-077659-00063-X,דימונה,בבא סאלי,63,street,693897.69,3438067.09,31.0603706,35.0321448,בבא סאלי,61,"בבא סאלי 61, דימונה, ישראל",not_exact
001027-077659-00064-X,דימונה,בבא סאלי,64,exact,693897.3,3438036.38,31.0600937,35.0321349,בבא סאלי,164,"בבא סאלי 164, דימונה, ישראל",not_exact
001027-077659-00064-א,דימונה,בבא סאלי,64,exact,693897.3,3438036.38,31.0600937,35.0321349,בבא סאלי,164,"בבא סאלי 164, דימונה, ישראל",not_exact
001027-077659-00064-ב,דימונה,בבא סאלי,64,exact,693897.3,3438036.38,31.0600937,35.0321349,בבא סאלי,164,"בבא סאלי 164, דימונה, ישראל",not_exact
001027-077659-00065-X,דימונה,בבא סאלי,65,exact,693928.18,3438050.2,31.0602132,35.032461,בבא סאלי,165,"בבא סאלי 165, דימונה, ישראל",not_exact
001027-077659-00065-א,דימונה,בבא סאלי,65,exact,693928.18,3438050.2,31.0602132,35.032461,בבא סאלי,165,"בבא סאלי 165, דימונה, ישראל",not_exact
001027-077659-00065-ב,דימונה,בבא סאלי,65,exact,693928.18,3438050.2,31.0602132,35.032461,בבא סאלי,165,"בבא סאלי 165, דימונה, ישראל",not_exact
001027-077659-00066-X,דימונה,בבא סאלי,66,exact,693965.69,3438066.26,31.0603519,35.032857,בבא סאלי,66,"בבא סאלי 66, דימונה, 86000, ישראל",exact
001027-077659-00066-א,דימונה,בבא סאלי,66,exact,693965.69,3438066.26,31.0603519,35.032857,בבא סאלי,66,"בבא סאלי 66, דימונה, 86000, ישראל",exact
001027-077659-00067-X,דימונה,בבא סאלי,67,street,693897.69,3438067.09,31.0603706,35.0321448,בבא סאלי,61,"בבא סאלי 61, דימונה, ישראל",not_exact
001027-077659-00068-X,דימונה,בבא סאלי,68,exact,694016.88,3438107.45,31.0607148,35.0334011,עיינות,2,"עיינות 2, דימונה, ישראל",none
001027-077659-00068-א,דימונה,בבא סאלי,68,exact,694016.88,3438107.45,31.0607148,35.0334011,עיינות,2,"עיינות 2, דימונה, ישראל",none
001027-077659-00069-X,דימונה,בבא סאלי,69,exact,694061.83,3438125.55,31.0608706,35.0338754,בבא סאלי,169,"בבא סאלי 169, דימונה, ישראל",not_exact
001027-077659-00069-א,דימונה,בבא סאלי,69,exact,694061.83,3438125.55,31.0608706,35.0338754,בבא סאלי,169,"בבא סאלי 169, דימונה, ישראל",not_exact
001027-077659-00069-ב,דימונה,בבא סאלי,69,exact,694061.83,3438125.55,31.0608706,35.0338754,בבא סאלי,169,"בבא סאלי 169, דימונה, ישראל",not_exact
001027-077659-00070-X,דימונה,בבא סאלי,70,exact,694093.59,3438138.72,31.0609841,35.0342106,בבא סאלי,96,"בבא סאלי 96, דימונה, ישראל",not_exact
001027-077659-00071-X,דימונה,בבא סאלי,71,exact,694160.29,3438156.88,31.0611369,35.0349128,בבא סאלי,181,"בבא סאלי 181, דימונה, ישראל",not_exact
001027-077659-00071-א,דימונה,בבא סאלי,71,exact,694160.29,3438156.88,31.0611369,35.0349128,בבא סאלי,181,"בבא סאלי 181, דימונה, ישראל",not_exact
001027-077659-00071-ב,דימונה,בבא סאלי,71,exact,694160.29,3438156.88,31.0611369,35.0349128,בבא סאלי,181,"בבא סאלי 181, דימונה, ישראל",not_exact
001027-077659-00071-ג,דימונה,בבא סאלי,71,exact,694160.29,3438156.88,31.0611369,35.0349128,בבא סאלי,181,"בבא סאלי 181, דימונה, ישראל",not_exact
001027-077659-00072-X,דימונה,בבא סאלי,72,exact,693899.84,3438039.32,31.0601198,35.032162,בבא סאלי,64,"בבא סאלי 64, דימונה, ישראל",not_exact
001027-077659-00072-ב,דימונה,בבא סאלי,72,exact,693899.84,3438039.32,31.0601198,35.032162,בבא סאלי,64,"בבא סאלי 64, דימונה, ישראל",not_exact
001027-077659-00072-ג,דימונה,בבא סאלי,72,exact,693899.84,3438039.32,31.0601198,35.032162,בבא סאלי,64,"בבא סאלי 64, דימונה, ישראל",not_exact
001027-077659-00073-א,דימונה,בבא סאלי,73,exact,693947.56,3438137.2,31.0609945,35.0326807,קציעות,37,"קציעות 37, דימונה, ישראל",none
001027-077659-00074-X,דימונה,בבא סאלי,74,exact,693932.23,3438052.26,31.0602311,35.0325038,בבא סאלי,165,"בבא סאלי 165, דימונה, ישראל",not_exact
001027-077659-00074-א,דימונה,בבא סאלי,74,exact,693932.23,3438052.26,31.0602311,35.0325038,בבא סאלי,165,"בבא סאלי 165, דימונה, ישראל",not_exact
001027-077659-00074-ב,דימונה,בבא סאלי,74,exact,693932.23,3438052.26,31.0602311,35.0325038,בבא סאלי,165,"בבא סאלי 165, דימונה, ישראל",not_exact
001027-077659-00075-X,דימונה,בבא סאלי,75,exact,693953.34,3438132.2,31.0609485,35.0327403,בבא סאלי,37,"בבא סאלי 37, דימונה, ישראל",not_exact
001027-077659-00075-א,דימונה,בבא סאלי,75,exact,693953.34,3438132.2,31.0609485,35.0327403,בבא סאלי,37,"בבא סאלי 37, דימונה, ישראל",not_exact
001027-077659-00076-X,דימונה,בבא סאלי,76,exact,693941.27,3438056.82,31.0602708,35.0325994,בבא סאלי,165,"בבא סאלי 165, דימונה, ישראל",not_exact
001027-077659-00076-ב,דימונה,בבא סאלי,76,exact,693941.27,3438056.82,31.0602708,35.0325994,בבא סאלי,165,"בבא סאלי 165, דימונה, ישראל",not_exact
001027-077659-00077-X,דימונה,בבא סאלי,77,exact,694039.42,3438164.83,31.0612285,35.0336482,בבא סאלי,77,"בבא סאלי 77, דימונה, ישראל",exact
001027-077659-00077-א,דימונה,בבא סאלי,77,exact,694039.42,3438164.83,31.0612285,35.0336482,בבא סאלי,77,"בבא סאלי 77, דימונה, ישראל",exact
001027-077659-00077-ב,דימונה,בבא סאלי,77,exact,694039.42,3438164.83,31.0612285,35.0336482,בבא סאלי,77,"בבא סאלי 77, דימונה, ישראל",exact
001027-077659-00077-ג,דימונה,בבא סאלי,77,exact,694039.42,3438164.83,31.0612285,35.0336482,בבא סאלי,77,"בבא סאלי 77, דימונה, ישראל",exact
001027-077659-00078-X,דימונה,בבא סאלי,78,exact,693956.86,3438062.68,31.060321,35.0327638,בבא סאלי,166,"בבא סאלי 166, דימונה, ישראל",not_exact
001027-077659-00078-א,דימונה,בבא סאלי,78,exact,693956.86,3438062.68,31.060321,35.0327638,בבא סאלי,166,"בבא סאלי 166, דימונה, ישראל",not_exact
001027-077659-00078-ב,דימונה,בבא סאלי,78,exact,693956.86,3438062.68,31.060321,35.0327638,בבא סאלי,166,"בבא סאלי 166, דימונה, ישראל",not_exact
001027-077659-00078-ג,דימונה,בבא סאלי,78,exact,693956.86,3438062.68,31.060321,35.0327638,בבא סאלי,166,"בבא סאלי 166, דימונה, ישראל",not_exact
001027-077659-00079-X,דימונה,בבא סאלי,79,exact,694176.16,3438201.65,31.0615379,35.0350876,בבא סאלי,137,"בבא סאלי 137, דימונה, ישראל",not_exact
001027-077659-00079-ב,דימונה,בבא סאלי,79,exact,694176.16,3438201.65,31.0615379,35.0350876,בבא סאלי,137,"בבא סאלי 137, דימונה, ישראל",not_exact
001027-077659-00080-X,דימונה,בבא סאלי,80,exact,693969.95,3438067.52,31.0603625,35.0329018,בבא סאלי,66,"בבא סאלי 66, דימונה, 86000, ישראל",not_exact
001027-077659-00082-X,דימונה,בבא סאלי,82,exact,693994.8,3438100.17,31.0606528,35.0331684,היורה,40,"היורה 40, דימונה, ישראל",none
001027-077659-00084-X,דימונה,בבא סאלי,84,exact,694015.53,3438109.17,31.0607306,35.0333873,בבא סאלי,68,"בבא סאלי 68, דימונה, ישראל",not_exact
001027-077659-00086-X,דימונה,בבא סאלי,86,exact,694029.09,3438114.18,31.0607735,35.0335303,עיינות,68,"עיינות 68, דימונה, ישראל",none
001027-077659-00087-X,דימונה,בבא סאלי,87,exact,694061.3,3438162.06,31.0611999,35.0338769,קציעות,77,"קציעות 77, דימונה, ישראל",none
001027-077659-00088-X,דימונה,בבא סאלי,88,exact,694053.22,3438122.99,31.060849,35.0337847,בבא סאלי,169,"בבא סאלי 169, דימונה, ישראל",not_exact
001027-077659-00089-X,דימונה,בבא סאלי,89,exact,694109.12,3438179.02,31.061345,35.034381,בבא סאלי,89,"בבא סאלי 89, דימונה, ישראל",exact
001027-077659-00090-X,דימונה,בבא סאלי,90,exact,694066.99,3438129.83,31.0609084,35.0339303,בבא סאלי,169,"בבא סאלי 169, דימונה, ישראל",not_exact
001027-077659-00091-X,דימונה,בבא סאלי,91,exact,694126.47,3438183.26,31.0613803,35.0345636,בבא סאלי,136,"בבא סאלי 136, דימונה, ישראל",not_exact
001027-077659-00094-X,דימונה,בבא סאלי,94,exact,694100.36,3438142.44,31.0610166,35.0342823,בבא סאלי,170,"בבא סאלי 170, דימונה, ישראל",not_exact
001027-077659-00098-X,דימונה,בבא סאלי,98,exact,694135.81,3438150.45,31.0610829,35.0346551,בבא סאלי,71,"בבא סאלי 71, דימונה, ישראל",not_exact
001027-077659-00100-X,דימונה,בבא סאלי,100,exact,694150.79,3438155.7,31.0611278,35.0348131,בבא סאלי,100,"בבא סאלי 100, דימונה, ישראל",exact
001027-077659-00102-X,דימונה,בבא סאלי,102,exact,694164.87,3438160.71,31.0611706,35.0349615,בבא סאלי,181,"בבא סאלי 181, דימונה, ישראל",not_exact
001027-077659-00104-X,דימונה,בבא סאלי,104,exact,694211.03,3438177.28,31.0613124,35.0354482,בבא סאלי,108,"בבא סאלי 108, דימונה, ישראל",not_exact
001027-077659-00105-X,דימונה,בבא סאלי,105,street,693897.69,3438067.09,31.0603706,35.0321448,בבא סאלי,61,"בבא סאלי 61, דימונה, ישראל",not_exact
001027-077659-00106-X,דימונה,בבא סאלי,106,exact,694226.84,3438180.43,31.0613382,35.0356144,בבא סאלי,108,"בבא סאלי 108, דימונה, ישראל",not_exact
001027-077659-00110-X,דימונה,בבא סאלי,110,exact,694256.95,3438199.15,31.061502,35.0359334,בבא סאלי,112,"בבא סאלי 112, דימונה, ישראל",not_exact
001027-077659-00112-X,דימונה,בבא סאלי,112,exact,694273.31,3438204.19,31.0615448,35.0361058,בבא סאלי,73,"בבא סאלי 73, דימונה, ישראל",not_exact
001027-077659-00114-X,דימונה,בבא סאלי,114,exact,694291.27,3438210.54,31.0615991,35.0362951,בבא סאלי,74,"בבא סאלי 74, דימונה, ישראל",not_exact
001027-077659-00127-X,דימונה,בבא סאלי,127,exact,694313.36,3438306.18,31.0624578,35.0365449,בבא סאלי,125,"בבא סאלי 125, דימונה, ישראל",not_exact
001027-077659-00129-X,דימונה,בבא סאלי,129,exact,694315.03,3438318.6,31.0625696,35.0365648,בבא סאלי,127,"בבא סאלי 127, דימונה, ישראל",not_exact
001027-077659-00141-X,דימונה,בבא סאלי,141,street,693897.69,3438067.09,31.0603706,35.0321448,בבא סאלי,61,"בבא סאלי 61, דימונה, ישראל",not_exact
001027-077659-00142-X,דימונה,בבא סאלי,142,street,693897.69,3438067.09,31.0603706,35.0321448,בבא סאלי,61,"בבא סאלי 61, דימונה, ישראל",not_exact
001027-078072-00000-X,דימונה,קדש,,street,693594.88,3437866.17,31.0586087,35.0289345,קדש,20,"קדש 20, דימונה, ישראל",not_exact
001027-078072-00023-X,דימונה,קדש,23,exact,693613.12,3437837.01,31.0583428,35.0291199,המכתש,33,"המכתש 33, דימונה, ישראל",none
001027-078072-00025-X,דימונה,קדש,25,exact,693603.87,3437834.76,31.058324,35.0290226,קדש,33,"קדש 33, דימונה, ישראל",not_exact
001027-078072-00029-X,דימונה,קדש,29,exact,693577.07,3437826.22,31.0582514,35.0287403,קדש,34,"קדש 34, דימונה, ישראל",not_exact
001027-078072-00047-X,דימונה,קדש,47,street,693594.88,3437866.17,31.0586087,35.0289345,קדש,20,"קדש 20, דימונה, ישראל",not_exact
001027-078072-00048-X,דימונה,קדש,48,street,693594.88,3437866.17,31.0586087,35.0289345,קדש,20,"קדש 20, דימונה, ישראל",not_exact
001027-078072-00049-X,דימונה,קדש,49,street,693594.88,3437866.17,31.0586087,35.0289345,קדש,20,"קדש 20, דימונה, ישראל",not_exact
001027-078072-00050-X,דימונה,קדש,50,street,693594.88,3437866.17,31.0586087,35.0289345,קדש,20,"קדש 20, דימונה, ישראל",not_exact
001027-078072-00052-X,דימונה,קדש,52,street,693594.88,3437866.17,31.0586087,35.0289345,קדש,20,"קדש 20, דימונה, ישראל",not_exact
001027-078072-00053-X,דימונה,קדש,53,street,693594.88,3437866.17,31.0586087,35.0289345,קדש,20,"קדש 20, דימונה, ישראל",not_exact
001027-078072-00054-X,דימונה,קדש,54,street,693594.88,3437866.17,31.0586087,35.0289345,קדש,20,"קדש 20, דימונה, ישראל",not_exact
001027-078072-00055-X,דימונה,קדש,55,street,693594.88,3437866.17,31.0586087,35.0289345,קדש,20,"קדש 20, דימונה, ישראל",not_exact
001027-078072-00056-X,דימונה,קדש,56,street,693594.88,3437866.17,31.0586087,35.0289345,קדש,20,"קדש 20, דימונה, ישראל",not_exact
001027-078072-00057-X,דימונה,קדש,57,street,693594.88,3437866.17,31.0586087,35.0289345,קדש,20,"קדש 20, דימונה, ישראל",not_exact
001027-078072-00058-X,דימונה,קדש,58,street,693594.88,3437866.17,31.0586087,35.0289345,קדש,20,"קדש 20, דימונה, ישראל",not_exact
001027-078072-00059-X,דימונה,קדש,59,street,693594.88,3437866.17,31.0586087,35.0289345,קדש,20,"קדש 20, דימונה, ישראל",not_exact
001027-078072-00065-X,דימונה,קדש,65,street,693594.88,3437866.17,31.0586087,35.0289345,קדש,20,"קדש 20, דימונה, ישראל",not_exact
001027-078072-00066-X,דימונה,קדש,66,street,693594.88,3437866.17,31.0586087,35.0289345,קדש,20,"קדש 20, דימונה, ישראל",not_exact
001027-078072-00067-X,דימונה,קדש,67,street,693594.88,3437866.17,31.0586087,35.0289345,קדש,20,"קדש 20, דימונה, ישראל",not_exact
001027-078072-00068-X,דימונה,קדש,68,street,693594.88,3437866.17,31.0586087,35.0289345,קדש,20,"קדש 20, דימונה, ישראל",not_exact
001027-078072-00069-X,דימונה,קדש,69,street,693594.88,3437866.17,31.0586087,35.0289345,קדש,20,"קדש 20, דימונה, ישראל",not_exact
001027-078072-00071-X,דימונה,קדש,71,street,693594.88,3437866.17,31.0586087,35.0289345,קדש,20,"קדש 20, דימונה, ישראל",not_exact
001027-078072-00072-X,דימונה,קדש,72,street,693594.88,3437866.17,31.0586087,35.0289345,קדש,20,"קדש 20, דימונה, ישראל",not_exact
001027-078072-00074-X,דימונה,קדש,74,street,693594.88,3437866.17,31.0586087,35.0289345,קדש,20,"קדש 20, דימונה, ישראל",not_exact
001027-078072-00129-X,דימונה,קדש,129,street,693594.88,3437866.17,31.0586087,35.0289345,קדש,20,"קדש 20, דימונה, ישראל",not_exact
001027-078222-00135-X,דימונה,ניצנה,135,street,693844.27,3438068.35,31.0603907,35.0315855,ניצנה,4,"ניצנה 4, דימונה, ישראל",not_exact
001027-078222-00136-X,דימונה,ניצנה,136,street,693844.27,3438068.35,31.0603907,35.0315855,ניצנה,4,"ניצנה 4, דימונה, ישראל",not_exact
001027-078222-00137-X,דימונה,ניצנה,137,street,693844.27,3438068.35,31.0603907,35.0315855,ניצנה,4,"ניצנה 4, דימונה, ישראל",not_exact
001027-078222-00138-X,דימונה,ניצנה,138,street,693844.27,3438068.35,31.0603907,35.0315855,ניצנה,4,"ניצנה 4, דימונה, ישראל",not_exact
001027-078222-00140-X,דימונה,ניצנה,140,street,693844.27,3438068.35,31.0603907,35.0315855,ניצנה,4,"ניצנה 4, דימונה, ישראל",not_exact
001027-078222-00141-X,דימונה,ניצנה,141,street,693844.27,3438068.35,31.0603907,35.0315855,ניצנה,4,"ניצנה 4, דימונה, ישראל",not_exact
001027-078222-00142-X,דימונה,ניצנה,142,street,693844.27,3438068.35,31.0603907,35.0315855,ניצנה,4,"ניצנה 4, דימונה, ישראל",not_exact
001027-079388-00001-X,דימונה,עבדת,1,exact,694632.84,3438611.98,31.0651625,35.0399504,עבדת,1628,"עבדת 1628, דימונה, ישראל",not_exact
001027-079388-00004-X,דימונה,עבדת,4,exact,694664.45,3438612.52,31.0651621,35.0402816,עבדת,4,"עבדת 4, דימונה, ישראל",exact
001027-079388-00005-X,דימונה,עבדת,5,exact,694636.15,3438632.48,31.0653468,35.039989,עבדת,1629,"עבדת 1629, דימונה, ישראל",not_exact
001027-079388-00006-X,דימונה,עבדת,6,exact,694667.37,3438626.93,31.0652916,35.0403149,עבדת,6,"עבדת 6, דימונה, ישראל",exact
001027-079388-00008-X,דימונה,עבדת,8,exact,694671.16,3438633.24,31.0653478,35.0403559,עבדת,8,"עבדת 8, דימונה, ישראל",exact
001027-079388-00009-X,דימונה,עבדת,9,exact,694641.49,3438653.67,31.065537,35.040049,עבדת,1630,"עבדת 1630, דימונה, ישראל",not_exact
001027-079388-00010-X,דימונה,עבדת,10,exact,694675.76,3438646.32,31.065465,35.0404066,עבדת,1625,"עבדת 1625, דימונה, ישראל",not_exact
001027-079388-00012-X,דימונה,עבדת,12,exact,694678.54,3438654.91,31.065542,35.0404373,עבדת,12,"עבדת 12, דימונה, ישראל",exact
001027-079388-00014-X,דימונה,עבדת,14,street,694770,3438652.52,31.0655053,35.041395,עבדת,16,"עבדת 16, דימונה, 8604816, ישראל",not_exact
001027-079388-00015-X,דימונה,עבדת,15,exact,694652.45,3438688.73,31.0658513,35.0401706,עבדת,1631,"עבדת 1631, דימונה, ישראל",not_exact
001027-079388-00016-X,דימונה,עבדת,16,exact,694765.09,3438641.63,31.0654079,35.0413414,עבדת,16,"עבדת 16, דימונה, 8604816, ישראל",exact
001027-079388-00019-X,דימונה,עבדת,19,exact,694653.63,3438707.9,31.066024,35.0401866,עבדת,1632,"עבדת 1632, דימונה, ישראל",not_exact
001027-079388-00020-X,דימונה,עבדת,20,exact,694818.21,3438619.77,31.065202,35.0418937,עבדת,22,"עבדת 22, דימונה, ישראל",not_exact
001027-079388-00021-X,דימונה,עבדת,21,exact,694676,3438701.59,31.0659634,35.0404197,עבדת,1651,"עבדת 1651, דימונה, ישראל",not_exact
001027-079388-00023-X,דימונה,עבדת,23,exact,694682.21,3438695.01,31.065903,35.0404835,עבדת,23,"עבדת 23, דימונה, ישראל",exact
001027-079388-00024-X,דימונה,עבדת,24,exact,694844.44,3438610.66,31.0651155,35.0421667,עבדת,1653,"עבדת 1653, דימונה, ישראל",not_exact
001027-079388-00025-X,דימונה,עבדת,25,exact,694697.9,3438690.59,31.0658605,35.040647,עבדת,27,"עבדת 27, דימונה, ישראל",not_exact
001027-079388-00027-X,דימונה,עבדת,27,exact,694703.95,3438691.72,31.0658697,35.0407106,עבדת,1650,"עבדת 1650, דימונה, ישראל",not_exact
001027-079388-00029-X,דימונה,עבדת,29,exact,694721.9,3438688.17,31.0658347,35.040898,עבדת,1649,"עבדת 1649, דימונה, ישראל",not_exact
001027-079388-00030-X,דימונה,עבדת,30,exact,694874.35,3438601.84,31.065031,35.0424783,עבדת,1652,"עבדת 1652, דימונה, ישראל",not_exact
001027-079388-00031-X,דימונה,עבדת,31,exact,694726.62,3438682.52,31.065783,35.0409463,עבדת,31,"עבדת 31, דימונה, ישראל",exact
001027-079388-00033-X,דימונה,עבדת,33,exact,694746.75,3438682.54,31.0657798,35.0411572,עבדת,33,"עבדת 33, דימונה, ישראל",exact
001027-079388-00035-X,דימונה,עבדת,35,exact,694754.74,3438676.07,31.0657202,35.0412396,עבדת,1648,"עבדת 1648, דימונה, ישראל",not_exact
001027-079388-00037-X,דימונה,עבדת,37,exact,694768.02,3438672.58,31.0656865,35.0413781,עבדת,1647,"עבדת 1647, דימונה, ישראל",not_exact
001027-079388-00039-X,דימונה,עבדת,39,exact,694776.2,3438670.28,31.0656644,35.0414633,עבדת,1647,"עבדת 1647, דימונה, ישראל",not_exact
001027-079388-00041-X,דימונה,עבדת,41,exact,694797.33,3438666.31,31.0656251,35.0416839,עבדת,1646,"עבדת 1646, דימונה, ישראל",not_exact
001027-079388-00043-X,דימונה,עבדת,43,exact,694800.87,3438663.54,31.0655995,35.0417205,עבדת,43,"עבדת 43, דימונה, ישראל",exact
001027-079388-00045-X,דימונה,עבדת,45,exact,694822.96,3438657,31.0655369,35.0419506,עבדת,1645,"עבדת 1645, דימונה, ישראל",not_exact
001027-079388-00047-X,דימונה,עבדת,47,exact,694825.57,3438653.18,31.065502,35.0419772,עבדת,47,"עבדת 47, דימונה, ישראל",exact
001027-079388-00051-X,דימונה,עבדת,51,exact,694849.88,3438649.97,31.065469,35.0422313,עבדת,51,"עבדת 51, דימונה, ישראל",exact
001027-079388-00053-X,דימונה,עבדת,53,exact,694865.64,3438649.42,31.0654615,35.0423962,עבדת,1643,"עבדת 1643, דימונה, ישראל",not_exact
001027-079388-00055-X,דימונה,עבדת,55,exact,694869.8,3438643.33,31.0654059,35.0424386,עבדת,55,"עבדת 55, דימונה, ישראל",exact
001027-079550-00008-X,דימונה,האורן,8,exact,693668.49,3438696.51,31.0660841,35.0298646,האורן,8,"האורן 8, דימונה, ישראל",exact
001027-079550-00012-X,דימונה,האורן,12,exact,693642.99,3438698.37,31.0661051,35.0295978,האורן,10,"האורן 10, דימונה, ישראל",not_exact
001027-079550-00039-X,דימונה,האורן,39,street,693566.33,3438646.65,31.0656514,35.0287848,הגפן,1,"הגפן 1, דימונה, ישראל",none
001027-079550-00039-א,דימונה,האורן,39,street,693566.33,3438646.65,31.0656514,35.0287848,הגפן,1,"הגפן 1, דימונה, ישראל",none
001027-079550-00039-ב,דימונה,האורן,39,street,693566.33,3438646.65,31.0656514,35.0287848,הגפן,1,"הגפן 1, דימונה, ישראל",none
001027-079550-00039-ג,דימונה,האורן,39,street,693566.33,3438646.65,31.0656514,35.0287848,הגפן,1,"הגפן 1, דימונה, ישראל",none
001027-079550-00039-ד,דימונה,האורן,39,street,693566.33,3438646.65,31.0656514,35.0287848,הגפן,1,"הגפן 1, דימונה, ישראל",none
001027-079550-00040-X,דימונה,האורן,40,street,693566.33,3438646.65,31.0656514,35.0287848,הגפן,1,"הגפן 1, דימונה, ישראל",none
001027-079550-00040-א,דימונה,האורן,40,street,693566.33,3438646.65,31.0656514,35.0287848,הגפן,1,"הגפן 1, דימונה, ישראל",none
001027-079550-00040-ג,דימונה,האורן,40,street,693566.33,3438646.65,31.0656514,35.0287848,הגפן,1,"הגפן 1, דימונה, ישראל",none
001027-079550-00042-X,דימונה,האורן,42,street,693566.33,3438646.65,31.0656514,35.0287848,הגפן,1,"הגפן 1, דימונה, ישראל",none
001027-079550-00042-א,דימונה,האורן,42,street,693566.33,3438646.65,31.0656514,35.0287848,הגפן,1,"הגפן 1, דימונה, ישראל",none
001027-079550-00042-ב,דימונה,האורן,42,street,693566.33,3438646.65,31.0656514,35.0287848,הגפן,1,"הגפן 1, דימונה, ישראל",none
001027-079550-00536-X,דימונה,האורן,536,street,693566.33,3438646.65,31.0656514,35.0287848,הגפן,1,"הגפן 1, דימונה, ישראל",none
001027-079550-00537-X,דימונה,האורן,537,street,693566.33,3438646.65,31.0656514,35.0287848,הגפן,1,"הגפן 1, דימונה, ישראל",none
001027-079550-00540-X,דימונה,האורן,540,street,693566.33,3438646.65,31.0656514,35.0287848,הגפן,1,"הגפן 1, דימונה, ישראל",none
001027-079550-00542-X,דימונה,האורן,542,street,693566.33,3438646.65,31.0656514,35.0287848,הגפן,1,"הגפן 1, דימונה, ישראל",none
001027-079550-00545-X,דימונה,האורן,545,street,693566.33,3438646.65,31.0656514,35.0287848,הגפן,1,"הגפן 1, דימונה, ישראל",none
001027-079550-00546-X,דימונה,האורן,546,street,693566.33,3438646.65,31.0656514,35.0287848,הגפן,1,"הגפן 1, דימונה, ישראל",none
001027-079550-00547-X,דימונה,האורן,547,street,693566.33,3438646.65,31.0656514,35.0287848,הגפן,1,"הגפן 1, דימונה, ישראל",none
001027-079550-00548-X,דימונה,האורן,548,street,693566.33,3438646.65,31.0656514,35.0287848,הגפן,1,"הגפן 1, דימונה, ישראל",none
001027-079550-00549-X,דימונה,האורן,549,street,693566.33,3438646.65,31.0656514,35.0287848,הגפן,1,"הגפן 1, דימונה, ישראל",none
001027-079550-00550-X,דימונה,האורן,550,street,693566.33,3438646.65,31.0656514,35.0287848,הגפן,1,"הגפן 1, דימונה, ישראל",none
001027-079550-00551-X,דימונה,האורן,551,street,693566.33,3438646.65,31.0656514,35.0287848,הגפן,1,"הגפן 1, דימונה, ישראל",none
001027-080572-00004-X,דימונה,רחבת האשלג,4,exact,693641.02,3438592.57,31.0651514,35.0295569,רחבת האשלג,66,"רחבת האשלג 66, דימונה, ישראל",not_exact
001027-080572-00010-X,דימונה,רחבת האשלג,10,exact,693639.09,3438626.76,31.06546,35.0295432,ההדס,23,"ההדס 23, דימונה, ישראל",none
001027-080572-00012-X,דימונה,רחבת האשלג,12,exact,693641.25,3438641.37,31.0655914,35.0295686,האורן,9,"האורן 9, דימונה, ישראל",none
001027-080572-00013-X,דימונה,רחבת האשלג,13,exact,693622.01,3438555.05,31.0648162,35.0293506,רחבת האשלג,62,"רחבת האשלג 62, דימונה, ישראל",not_exact
001027-080572-00014-X,דימונה,רחבת האשלג,14,exact,693635.66,3438648.55,31.0656571,35.0295115,האורן,9,"האורן 9, דימונה, ישראל",none
001027-080572-00015-X,דימונה,רחבת האשלג,15,exact,693604.89,3438564.92,31.064908,35.0291731,רחבת האשלג,61,"רחבת האשלג 61, דימונה, ישראל",not_exact
001027-080572-00017-X,דימונה,רחבת האשלג,17,exact,693598.69,3438567.99,31.0649367,35.0291088,רחבת האשלג,61,"רחבת האשלג 61, דימונה, ישראל",not_exact
001027-080572-00018-X,דימונה,רחבת האשלג,18,exact,693604.32,3438653.88,31.0657103,35.0291842,האורן,13,"האורן 13, דימונה, ישראל",none
001027-080572-00019-X,דימונה,רחבת האשלג,19,exact,693597.86,3438592.14,31.0651546,35.0291047,רחבת האשלג,61,"רחבת האשלג 61, דימונה, ישראל",not_exact
001027-080572-00021-X,דימונה,רחבת האשלג,21,exact,693601.84,3438600.87,31.0652327,35.029148,רחבת האשלג,61,"רחבת האשלג 61, דימונה, ישראל",not_exact
001027-080572-00023-X,דימונה,רחבת האשלג,23,exact,693592.3,3438611.63,31.0653313,35.0290502,רחבת האשלג,61,"רחבת האשלג 61, דימונה, ישראל",not_exact
001027-080572-00025-X,דימונה,רחבת האשלג,25,exact,693595.67,3438620.95,31.0654148,35.0290873,רחבת האשלג,61,"רחבת האשלג 61, דימונה, ישראל",not_exact
001027-080572-00027-X,דימונה,רחבת האשלג,27,exact,693594.49,3438636.35,31.0655539,35.0290778,האורן,15,"האורן 15, דימונה, ישראל",none
001027-080572-00029-X,דימונה,רחבת האשלג,29,exact,693589.44,3438644.75,31.0656304,35.0290266,הגפן,1,"הגפן 1, דימונה, ישראל",none
001027-080618-00001-X,דימונה,הצאלה,1,exact,693856.5,3438657.15,31.0656982,35.0318265,שדרות הנשיא,53,"שדרות הנשיא 53, דימונה, ישראל",none
001027-080618-00003-X,דימונה,הצאלה,3,exact,693847.38,3438655.19,31.065682,35.0317306,שדרות הנשיא,53,"שדרות הנשיא 53, דימונה, ישראל",none
001027-080618-00005-X,דימונה,הצאלה,5,exact,693831.13,3438665.62,31.0657788,35.0315624,הצאלה,5,"הצאלה 5, דימונה, ישראל",exact
001027-080618-00007-X,דימונה,הצאלה,7,exact,693821.6,3438670.06,31.0658204,35.0314634,הצאלה,5,"הצאלה 5, דימונה, ישראל",not_exact
001027-080618-00011-X,דימונה,הצאלה,11,exact,693763.76,3438682.27,31.06594,35.0308598,ההדס,80,"ההדס 80, דימונה, ישראל",none
001027-080618-00013-X,דימונה,הצאלה,13,exact,693756.83,3438687.7,31.0659901,35.0307883,הצאלה,80,"הצאלה 80, דימונה, ישראל",not_exact
001027-080618-00015-X,דימונה,הצאלה,15,exact,693744.82,3438687.99,31.0659947,35.0306625,הצאלה,13,"הצאלה 13, דימונה, ישראל",not_exact
001027-080618-00017-X,דימונה,הצאלה,17,exact,693735.21,3438693.73,31.0660481,35.030563,ההדס,24,"ההדס 24, דימונה, ישראל",none
001027-080737-00001-X,דימונה,רחבת אורון,1,street,693731.72,3438447.71,31.0638302,35.0304792,שדרות הנשיא,153,"שדרות הנשיא 153, דימונה, ישראל",none
001027-080737-00002-X,דימונה,רחבת אורון,2,street,693731.72,3438447.71,31.0638302,35.0304792,שדרות הנשיא,153,"שדרות הנשיא 153, דימונה, ישראל",none
001027-080737-00004-X,דימונה,רחבת אורון,4,exact,693728.7,3438434.75,31.0637138,35.0304451,שדרות הנשיא,153,"שדרות הנשיא 153, דימונה, ישראל",none
001027-080737-00005-X,דימונה,רחבת אורון,5,exact,693732.5,3438474.59,31.0640724,35.0304926,אורון,5,"אורון 5, דימונה, ישראל",exact
001027-080737-00006-X,דימונה,רחבת אורון,6,exact,693742.82,3438432.69,31.0636929,35.0305926,אורון,8,"אורון 8, דימונה, ישראל",not_exact
001027-080737-00007-X,דימונה,רחבת אורון,7,exact,693752.17,3438464.89,31.0639817,35.0306968,שדרות הנשיא,40,"שדרות הנשיא 40, דימונה, ישראל",none
001027-080737-00009-X,דימונה,רחבת אורון,9,exact,693767.42,3438472.97,31.0640521,35.0308581,אורון,9,"אורון 9, דימונה, ישראל",exact
001027-080737-00010-X,דימונה,רחבת אורון,10,exact,693772.16,3438433.76,31.0636977,35.0309002,שדרות הנשיא,150,"שדרות הנשיא 150, דימונה, ישראל",none
001027-080737-00011-X,דימונה,רחבת אורון,11,exact,693796.01,3438471.35,31.0640327,35.0311572,אורון,11,"אורון 11, דימונה, ישראל",exact
001027-080737-00012-X,דימונה,רחבת אורון,12,exact,693790.99,3438441.01,31.06376,35.0310988,אורון,12,"אורון 12, דימונה, ישראל",exact
001027-080737-00013-X,דימונה,רחבת אורון,13,exact,693807.18,3438473.13,31.0640469,35.0312746,שדרות הנשיא,41,"שדרות הנשיא 41, דימונה, ישראל",none
001027-080737-00014-X,דימונה,רחבת אורון,14,exact,693789.31,3438453.89,31.0638764,35.0310837,שדרות הנשיא,42,"שדרות הנשיא 42, דימונה, ישראל",none
001027-080737-00018-X,דימונה,רחבת אורון,18,street,693731.72,3438447.71,31.0638302,35.0304792,שדרות הנשיא,153,"שדרות הנשיא 153, דימונה, ישראל",none
001027-080737-00020-X,דימונה,רחבת אורון,20,street,693731.72,3438447.71,31.0638302,35.0304792,שדרות הנשיא,153,"שדרות הנשיא 153, דימונה, ישראל",none
001027-080737-00022-X,דימונה,רחבת אורון,22,street,693731.72,3438447.71,31.0638302,35.0304792,שדרות הנשיא,153,"שדרות הנשיא 153, דימונה, ישראל",none
001027-080737-00024-X,דימונה,רחבת אורון,24,street,693731.72,3438447.71,31.0638302,35.0304792,שדרות הנשיא,153,"שדרות הנשיא 153, דימונה, ישראל",none
001027-080737-00026-X,דימונה,רחבת אורון,26,street,693731.72,3438447.71,31.0638302,35.0304792,שדרות הנשיא,153,"שדרות הנשיא 153, דימונה, ישראל",none
001027-080737-00030-X,דימונה,רחבת אורון,30,street,693731.72,3438447.71,31.0638302,35.0304792,שדרות הנשיא,153,"שדרות הנשיא 153, דימונה, ישראל",none
001027-080737-00032-X,דימונה,רחבת אורון,32,street,693731.72,3438447.71,31.0638302,35.0304792,שדרות הנשיא,153,"שדרות הנשיא 153, דימונה, ישראל",none
001027-080737-00034-X,דימונה,רחבת אורון,34,street,693731.72,3438447.71,31.0638302,35.0304792,שדרות הנשיא,153,"שדרות הנשיא 153, דימונה, ישראל",none
001027-080737-00036-X,דימונה,רחבת אורון,36,street,693731.72,3438447.71,31.0638302,35.0304792,שדרות הנשיא,153,"שדרות הנשיא 153, דימונה, ישראל",none
001027-080737-00038-X,דימונה,רחבת אורון,38,street,693731.72,3438447.71,31.0638302,35.0304792,שדרות הנשיא,153,"שדרות הנשיא 153, דימונה, ישראל",none
001027-080737-00040-X,דימונה,רחבת אורון,40,street,693731.72,3438447.71,31.0638302,35.0304792,שדרות הנשיא,153,"שדרות הנשיא 153, דימונה, ישראל",none
001027-080813-00000-X,דימונה,קציעות,,street,694031.01,3438207.2,31.061612,35.0335682,קציעות,10,"קציעות 10, דימונה, ישראל",not_exact
001027-080813-00001-X,דימונה,קציעות,1,street,694031.01,3438207.2,31.061612,35.0335682,קציעות,10,"קציעות 10, דימונה, ישראל",not_exact
001027-080813-00002-X,דימונה,קציעות,2,street,694031.01,3438207.2,31.061612,35.0335682,קציעות,10,"קציעות 10, דימונה, ישראל",not_exact
001027-080813-00003-X,דימונה,קציעות,3,exact,694075.36,3438166.49,31.0612376,35.034025,קציעות,77,"קציעות 77, דימונה, ישראל",not_exact
001027-080813-00004-X,דימונה,קציעות,4,street,694031.01,3438207.2,31.061612,35.0335682,קציעות,10,"קציעות 10, דימונה, ישראל",not_exact
001027-080813-00006-X,דימונה,קציעות,6,street,694031.01,3438207.2,31.061612,35.0335682,קציעות,10,"קציעות 10, דימונה, ישראל",not_exact
001027-080813-00007-X,דימונה,קציעות,7,exact,694018.88,3438159.02,31.0611795,35.0334319,בבא סאלי,76,"בבא סאלי 76, דימונה, ישראל",none
001027-080813-00008-X,דימונה,קציעות,8,exact,694055.44,3438217.66,31.0617023,35.0338262,קציעות,8,"קציעות 8, דימונה, ישראל",exact
001027-080813-00012-X,דימונה,קציעות,12,street,694031.01,3438207.2,31.061612,35.0335682,קציעות,10,"קציעות 10, דימונה, ישראל",not_exact
001027-080813-00016-X,דימונה,קציעות,16,street,694031.01,3438207.2,31.061612,35.0335682,קציעות,10,"קציעות 10, דימונה, ישראל",not_exact
001027-080813-00080-X,דימונה,קציעות,80,street,694031.01,3438207.2,31.061612,35.0335682,קציעות,10,"קציעות 10, דימונה, ישראל",not_exact
001027-080813-00080-א,דימונה,קציעות,80,street,694031.01,3438207.2,31.061612,35.0335682,קציעות,10,"קציעות 10, דימונה, ישראל",not_exact
001027-080813-00080-ב,דימונה,קציעות,80,street,694031.01,3438207.2,31.061612,35.0335682,קציעות,10,"קציעות 10, דימונה, ישראל",not_exact
001027-080813-00080-ג,דימונה,קציעות,80,street,694031.01,3438207.2,31.061612,35.0335682,קציעות,10,"קציעות 10, דימונה, ישראל",not_exact
001027-080813-00081-א,דימונה,קציעות,81,street,694031.01,3438207.2,31.061612,35.0335682,קציעות,10,"קציעות 10, דימונה, ישראל",not_exact
001027-080813-00081-ב,דימונה,קציעות,81,street,694031.01,3438207.2,31.061612,35.0335682,קציעות,10,"קציעות 10, דימונה, ישראל",not_exact
001027-080813-00081-ג,דימונה,קציעות,81,street,694031.01,3438207.2,31.061612,35.0335682,קציעות,10,"קציעות 10, דימונה, ישראל",not_exact
001027-080850-00000-X,דימונה,הרצל,,street,693765.65,3438858.83,31.0675318,35.0309135,שדרות הרצל,61,"שדרות הרצל 61, דימונה, ישראל",not_exact
001027-080850-00034-X,דימונה,הרצל,34,exact,693827.67,3438901.34,31.0679049,35.0315713,רחבת הבנים,1086,"רחבת הבנים 1086, דימונה, ישראל",none
001027-080850-00035-X,דימונה,הרצל,35,exact,694222.26,3438834.08,31.0672332,35.035692,שדרות הרצל,232,"שדרות הרצל 232, דימונה, ישראל",not_exact
001027-080850-00036-X,דימונה,הרצל,36,exact,693804.17,3438901.11,31.0679067,35.0313251,שדרות הרצל,1086,"שדרות הרצל 1086, דימונה, ישראל",not_exact
001027-080850-00037-X,דימונה,הרצל,37,exact,694208.84,3438835.25,31.067246,35.0355517,שדרות הרצל,232,"שדרות הרצל 232, דימונה, ישראל",not_exact
001027-080850-00040-X,דימונה,הרצל,40,exact,693750.14,3438895.7,31.0678669,35.0307581,שדרות הרצל,1088,"שדרות הרצל 1088, דימונה, ישראל",not_exact
001027-080850-00041-X,דימונה,הרצל,41,exact,694188.07,3438853.52,31.0674142,35.0353376,שדרות הרצל,231,"שדרות הרצל 231, דימונה, ישראל",not_exact
001027-080850-00042-X,דימונה,הרצל,42,exact,693708.15,3438890.89,31.0678304,35.0303173,שדרות הרצל,1092,"שדרות הרצל 1092, דימונה, ישראל",not_exact
001027-080850-00049-X,דימונה,הרצל,49,street,693765.65,3438858.83,31.0675318,35.0309135,שדרות הרצל,61,"שדרות הרצל 61, דימונה, ישראל",not_exact
001027-080850-00051-X,דימונה,הרצל,51,street,693765.65,3438858.83,31.0675318,35.0309135,שדרות הרצל,61,"שדרות הרצל 61, דימונה, ישראל",not_exact
001027-080850-00055-X,דימונה,הרצל,55,exact,693850.77,3438831.58,31.0672721,35.0317999,שדרות הרצל,100,"שדרות הרצל 100, דימונה, ישראל",not_exact
001027-080850-00057-X,דימונה,הרצל,57,exact,693836.98,3438831.09,31.0672699,35.0316554,שדרות הנשיא,197,"שדרות הנשיא 197, דימונה, ישראל",none
001027-080850-00059-X,דימונה,הרצל,59,exact,693823.98,3438831.86,31.067279,35.0315194,שדרות הרצל,60,"שדרות הרצל 60, דימונה, ישראל",not_exact
001027-080850-00061-X,דימונה,הרצל,61,exact,693800.37,3438827.65,31.0672449,35.0312712,שדרות הנשיא,198,"שדרות הנשיא 198, דימונה, ישראל",none
001027-080850-00061-א,דימונה,הרצל,61,exact,693800.37,3438827.65,31.0672449,35.0312712,שדרות הנשיא,198,"שדרות הנשיא 198, דימונה, ישראל",none
001027-080850-00061-ב,דימונה,הרצל,61,exact,693800.37,3438827.65,31.0672449,35.0312712,שדרות הנשיא,198,"שדרות הנשיא 198, דימונה, ישראל",none
001027-080850-00062-X,דימונה,הרצל,62,exact,693800.06,3438994.1,31.0687459,35.0312999,רחבת הבנים,1099,"ניצחון א 1099, דימונה, 8601001, ישראל",none
001027-080850-00062-א,דימונה,הרצל,62,exact,693800.06,3438994.1,31.0687459,35.0312999,רחבת הבנים,1099,"ניצחון א 1099, דימונה, 8601001, ישראל",none
001027-080850-00062-ב,דימונה,הרצל,62,exact,693800.06,3438994.1,31.0687459,35.0312999,רחבת הבנים,1099,"ניצחון א 1099, דימונה, 8601001, ישראל",none
001027-080850-00062-ג,דימונה,הרצל,62,exact,693800.06,3438994.1,31.0687459,35.0312999,רחבת הבנים,1099,"ניצחון א 1099, דימונה, 8601001, ישראל",none
001027-080850-00063-X,דימונה,הרצל,63,exact,693786.68,3438825.69,31.0672295,35.0311274,שדרות הנשיא,198,"שדרות הנשיא 198, דימונה, ישראל",none
001027-080850-00063-א,דימונה,הרצל,63,exact,693786.68,3438825.69,31.0672295,35.0311274,שדרות הנשיא,198,"שדרות הנשיא 198, דימונה, ישראל",none
001027-080850-00063-ב,דימונה,הרצל,63,exact,693786.68,3438825.69,31.0672295,35.0311274,שדרות הנשיא,198,"שדרות הנשיא 198, דימונה, ישראל",none
001027-080850-00063-ג,דימונה,הרצל,63,exact,693786.68,3438825.69,31.0672295,35.0311274,שדרות הנשיא,198,"שדרות הנשיא 198, דימונה, ישראל",none
001027-080850-00114-X,דימונה,הרצל,114,street,693765.65,3438858.83,31.0675318,35.0309135,שדרות הרצל,61,"שדרות הרצל 61, דימונה, ישראל",not_exact
001027-080850-00115-X,דימונה,הרצל,115,street,693765.65,3438858.83,31.0675318,35.0309135,שדרות הרצל,61,"שדרות הרצל 61, דימונה, ישראל",not_exact
001027-080850-00117-X,דימונה,הרצל,117,exact,693420.95,3438730.37,31.0664303,35.0272779,שדרות הרצל,117,"שדרות הרצל 117, דימונה, ישראל",exact
001027-080850-00118-X,דימונה,הרצל,118,street,693765.65,3438858.83,31.0675318,35.0309135,שדרות הרצל,61,"שדרות הרצל 61, דימונה, ישראל",not_exact
001027-080850-00231-X,דימונה,הרצל,231,street,693765.65,3438858.83,31.0675318,35.0309135,שדרות הרצל,61,"שדרות הרצל 61, דימונה, ישראל",not_exact
001027-080850-00231-ב,דימונה,הרצל,231,street,693765.65,3438858.83,31.0675318,35.0309135,שדרות הרצל,61,"שדרות הרצל 61, דימונה, ישראל",not_exact
001027-080850-00231-ג,דימונה,הרצל,231,street,693765.65,3438858.83,31.0675318,35.0309135,שדרות הרצל,61,"שדרות הרצל 61, דימונה, ישראל",not_exact
001027-080850-00231-ד,דימונה,הרצל,231,street,693765.65,3438858.83,31.0675318,35.0309135,שדרות הרצל,61,"שדרות הרצל 61, דימונה, ישראל",not_exact
001027-080850-00231-ה,דימונה,הרצל,231,street,693765.65,3438858.83,31.0675318,35.0309135,שדרות הרצל,61,"שדרות הרצל 61, דימונה, ישראל",not_exact
001027-080850-00232-X,דימונה,הרצל,232,street,693765.65,3438858.83,31.0675318,35.0309135,שדרות הרצל,61,"שדרות הרצל 61, דימונה, ישראל",not_exact
001027-080850-00232-א,דימונה,הרצל,232,street,693765.65,3438858.83,31.0675318,35.0309135,שדרות הרצל,61,"שדרות הרצל 61, דימונה, ישראל",not_exact
001027-080850-00232-ב,דימונה,הרצל,232,street,693765.65,3438858.83,31.0675318,35.0309135,שדרות הרצל,61,"שדרות הרצל 61, דימונה, ישראל",not_exact
001027-080850-00232-ג,דימונה,הרצל,232,street,693765.65,3438858.83,31.0675318,35.0309135,שדרות הרצל,61,"שדרות הרצל 61, דימונה, ישראל",not_exact
001027-080850-00232-ה,דימונה,הרצל,232,street,693765.65,3438858.83,31.0675318,35.0309135,שדרות הרצל,61,"שדרות הרצל 61, דימונה, ישראל",not_exact
001027-080850-00233-X,דימונה,הרצל,233,street,693765.65,3438858.83,31.0675318,35.0309135,שדרות הרצל,61,"שדרות הרצל 61, דימונה, ישראל",not_exact
001027-080850-00233-ב,דימונה,הרצל,233,street,693765.65,3438858.83,31.0675318,35.0309135,שדרות הרצל,61,"שדרות הרצל 61, דימונה, ישראל",not_exact
001027-080850-00233-ד,דימונה,הרצל,233,street,693765.65,3438858.83,31.0675318,35.0309135,שדרות הרצל,61,"שדרות הרצל 61, דימונה, ישראל",not_exact
001027-080850-00233-ה,דימונה,הרצל,233,street,693765.65,3438858.83,31.0675318,35.0309135,שדרות הרצל,61,"שדרות הרצל 61, דימונה, ישראל",not_exact
001027-080850-00234-X,דימונה,הרצל,234,street,693765.65,3438858.83,31.0675318,35.0309135,שדרות הרצל,61,"שדרות הרצל 61, דימונה, ישראל",not_exact
001027-080850-00234-א,דימונה,הרצל,234,street,693765.65,3438858.83,31.0675318,35.0309135,שדרות הרצל,61,"שדרות הרצל 61, דימונה, ישראל",not_exact
001027-080850-00234-ב,דימונה,הרצל,234,street,693765.65,3438858.83,31.0675318,35.0309135,שדרות הרצל,61,"שדרות הרצל 61, דימונה, ישראל",not_exact
001027-080850-00234-ג,דימונה,הרצל,234,street,693765.65,3438858.83,31.0675318,35.0309135,שדרות הרצל,61,"שדרות הרצל 61, דימונה, ישראל",not_exact
001027-080850-00234-ד,דימונה,הרצל,234,street,693765.65,3438858.83,31.0675318,35.0309135,שדרות הרצל,61,"שדרות הרצל 61, דימונה, ישראל",not_exact
001027-080850-00295-X,דימונה,הרצל,295,street,693765.65,3438858.83,31.0675318,35.0309135,שדרות הרצל,61,"שדרות הרצל 61, דימונה, ישראל",not_exact
001027-080850-00295-א,דימונה,הרצל,295,street,693765.65,3438858.83,31.0675318,35.0309135,שדרות הרצל,61,"שדרות הרצל 61, דימונה, ישראל",not_exact
001027-080850-00295-ג,דימונה,הרצל,295,street,693765.65,3438858.83,31.0675318,35.0309135,שדרות הרצל,61,"שדרות הרצל 61, דימונה, ישראל",not_exact
001027-080850-00295-ד,דימונה,הרצל,295,street,693765.65,3438858.83,31.0675318,35.0309135,שדרות הרצל,61,"שדרות הרצל 61, דימונה, ישראל",not_exact
001027-080850-00295-ה,דימונה,הרצל,295,street,693765.65,3438858.83,31.0675318,35.0309135,שדרות הרצל,61,"שדרות הרצל 61, דימונה, ישראל",not_exact
001027-080850-00295-ו,דימונה,הרצל,295,street,693765.65,3438858.83,31.0675318,35.0309135,שדרות הרצל,61,"שדרות הרצל 61, דימונה, ישראל",not_exact
001027-080850-00503-X,דימונה,הרצל,503,street,693765.65,3438858.83,31.0675318,35.0309135,שדרות הרצל,61,"שדרות הרצל 61, דימונה, ישראל",not_exact
001027-080850-00503-א,דימונה,הרצל,503,street,693765.65,3438858.83,31.0675318,35.0309135,שדרות הרצל,61,"שדרות הרצל 61, דימונה, ישראל",not_exact
001027-080850-00503-ב,דימונה,הרצל,503,street,693765.65,3438858.83,31.0675318,35.0309135,שדרות הרצל,61,"שדרות הרצל 61, דימונה, ישראל",not_exact
001027-080850-00503-ג,דימונה,הרצל,503,street,693765.65,3438858.83,31.0675318,35.0309135,שדרות הרצל,61,"שדרות הרצל 61, דימונה, ישראל",not_exact
001027-080850-00504-א,דימונה,הרצל,504,street,693765.65,3438858.83,31.0675318,35.0309135,שדרות הרצל,61,"שדרות הרצל 61, דימונה, ישראל",not_exact
001027-080850-00504-ב,דימונה,הרצל,504,street,693765.65,3438858.83,31.0675318,35.0309135,שדרות הרצל,61,"שדרות הרצל 61, דימונה, ישראל",not_exact
001027-080850-00504-ג,דימונה,הרצל,504,street,693765.65,3438858.83,31.0675318,35.0309135,שדרות הרצל,61,"שדרות הרצל 61, דימונה, ישראל",not_exact
001027-080850-00504-ד,דימונה,הרצל,504,street,693765.65,3438858.83,31.0675318,35.0309135,שדרות הרצל,61,"שדרות הרצל 61, דימונה, ישראל",not_exact
001027-080957-00000-X,דימונה,סביון,,street,693971.11,3438160.12,31.0611973,35.0329318,קציעות,36,"קציעות 36, דימונה, ישראל",none
001027-080957-00001-X,דימונה,סביון,1,street,693971.11,3438160.12,31.0611973,35.0329318,קציעות,36,"קציעות 36, דימונה, ישראל",none
001027-080957-00003-X,דימונה,סביון,3,street,693971.11,3438160.12,31.0611973,35.0329318,קציעות,36,"קציעות 36, דימונה, ישראל",none
001027-080957-00005-X,דימונה,סביון,5,street,693971.11,3438160.12,31.0611973,35.0329318,קציעות,36,"קציעות 36, דימונה, ישראל",none
001027-081029-00000-X,דימונה,עזרא ונחמיה,,street,694202.5,3438624.83,31.0653496,35.0354448,עזרא ונחמיה,220,"עזרא ונחמיה 220, דימונה, ישראל",not_exact
001027-081029-00021-X,דימונה,עזרא ונחמיה,21,street,694202.5,3438624.83,31.0653496,35.0354448,עזרא ונחמיה,220,"עזרא ונחמיה 220, דימונה, ישראל",not_exact
001027-081029-00220-X,דימונה,עזרא ונחמיה,220,street,694202.5,3438624.83,31.0653496,35.0354448,עזרא ונחמיה,220,"עזרא ונחמיה 220, דימונה, ישראל",exact
001027-081029-00220-א,דימונה,עזרא ונחמיה,220,street,694202.5,3438624.83,31.0653496,35.0354448,עזרא ונחמיה,220,"עזרא ונחמיה 220, דימונה, ישראל",exact
001027-081029-00220-ג,דימונה,עזרא ונחמיה,220,street,694202.5,3438624.83,31.0653496,35.0354448,עזרא ונחמיה,220,"עזרא ונחמיה 220, דימונה, ישראל",exact
001027-081029-00220-ד,דימונה,עזרא ונחמיה,220,street,694202.5,3438624.83,31.0653496,35.0354448,עזרא ונחמיה,220,"עזרא ונחמיה 220, דימונה, ישראל",exact
001027-081029-00220-ה,דימונה,עזרא ונחמיה,220,street,694202.5,3438624.83,31.0653496,35.0354448,עזרא ונחמיה,220,"עזרא ונחמיה 220, דימונה, ישראל",exact
001027-081029-00220-ו,דימונה,עזרא ונחמיה,220,street,694202.5,3438624.83,31.0653496,35.0354448,עזרא ונחמיה,220,"עזרא ונחמיה 220, דימונה, ישראל",exact
001027-081029-00220-ז,דימונה,עזרא ונחמיה,220,street,694202.5,3438624.83,31.0653496,35.0354448,עזרא ונחמיה,220,"עזרא ונחמיה 220, דימונה, ישראל",exact
001027-081029-00243-א,דימונה,עזרא ונחמיה,243,exact,694181.56,3438641.75,31.0655056,35.0352287,עזרא ונחמיה,243,"עזרא ונחמיה 243, דימונה, ישראל",exact
001027-081029-00243-ג,דימונה,עזרא ונחמיה,243,exact,694181.56,3438641.75,31.0655056,35.0352287,עזרא ונחמיה,243,"עזרא ונחמיה 243, דימונה, ישראל",exact
001027-081029-00243-ד,דימונה,עזרא ונחמיה,243,exact,694181.56,3438641.75,31.0655056,35.0352287,עזרא ונחמיה,243,"עזרא ונחמיה 243, דימונה, ישראל",exact
001027-081029-00244-X,דימונה,עזרא ונחמיה,244,street,694202.5,3438624.83,31.0653496,35.0354448,עזרא ונחמיה,220,"עזרא ונחמיה 220, דימונה, ישראל",not_exact
001027-081029-00244-א,דימונה,עזרא ונחמיה,244,street,694202.5,3438624.83,31.0653496,35.0354448,עזרא ונחמיה,220,"עזרא ונחמיה 220, דימונה, ישראל",not_exact
001027-081029-00244-ב,דימונה,עזרא ונחמיה,244,street,694202.5,3438624.83,31.0653496,35.0354448,עזרא ונחמיה,220,"עזרא ונחמיה 220, דימונה, ישראל",not_exact
001027-081029-00244-ד,דימונה,עזרא ונחמיה,244,street,694202.5,3438624.83,31.0653496,35.0354448,עזרא ונחמיה,220,"עזרא ונחמיה 220, דימונה, ישראל",not_exact
001027-081029-00244-ה,דימונה,עזרא ונחמיה,244,street,694202.5,3438624.83,31.0653496,35.0354448,עזרא ונחמיה,220,"עזרא ונחמיה 220, דימונה, ישראל",not_exact
001027-081029-00244-ו,דימונה,עזרא ונחמיה,244,street,694202.5,3438624.83,31.0653496,35.0354448,עזרא ונחמיה,220,"עזרא ונחמיה 220, דימונה, ישראל",not_exact
001027-081029-00250-X,דימונה,עזרא ונחמיה,250,street,694202.5,3438624.83,31.0653496,35.0354448,עזרא ונחמיה,220,"עזרא ונחמיה 220, דימונה, ישראל",not_exact
001027-081029-00250-א,דימונה,עזרא ונחמיה,250,street,694202.5,3438624.83,31.0653496,35.0354448,עזרא ונחמיה,220,"עזרא ונחמיה 220, דימונה, ישראל",not_exact
001027-081029-00250-ב,דימונה,עזרא ונחמיה,250,street,694202.5,3438624.83,31.0653496,35.0354448,עזרא ונחמיה,220,"עזרא ונחמיה 220, דימונה, ישראל",not_exact
001027-081029-00250-ג,דימונה,עזרא ונחמיה,250,street,694202.5,3438624.83,31.0653496,35.0354448,עזרא ונחמיה,220,"עזרא ונחמיה 220, דימונה, ישראל",not_exact
001027-081029-00250-ד,דימונה,עזרא ונחמיה,250,street,694202.5,3438624.83,31.0653496,35.0354448,עזרא ונחמיה,220,"עזרא ונחמיה 220, דימונה, ישראל",not_exact
001027-081029-00250-ה,דימונה,עזרא ונחמיה,250,street,694202.5,3438624.83,31.0653496,35.0354448,עזרא ונחמיה,220,"עזרא ונחמיה 220, דימונה, ישראל",not_exact
001027-081029-00250-ו,דימונה,עזרא ונחמיה,250,street,694202.5,3438624.83,31.0653496,35.0354448,עזרא ונחמיה,220,"עזרא ונחמיה 220, דימונה, ישראל",not_exact
001027-081311-00000-X,דימונה,השיטה,,street,693765.43,3438549.67,31.064744,35.0308519,שדרות הנשיא,258,"שדרות הנשיא 258, דימונה, ישראל",none
001027-081311-00045-X,דימונה,השיטה,45,exact,693754.19,3438501.93,31.0643154,35.030725,שדרות הנשיא,259,"שדרות הנשיא 259, דימונה, ישראל",none
001027-081311-00045-ה,דימונה,השיטה,45,exact,693754.19,3438501.93,31.0643154,35.030725,שדרות הנשיא,259,"שדרות הנשיא 259, דימונה, ישראל",none
001027-081311-00045-ו,דימונה,השיטה,45,exact,693754.19,3438501.93,31.0643154,35.030725,שדרות הנשיא,259,"שדרות הנשיא 259, דימונה, ישראל",none
001027-081311-00045-ז,דימונה,השיטה,45,exact,693754.19,3438501.93,31.0643154,35.030725,שדרות הנשיא,259,"שדרות הנשיא 259, דימונה, ישראל",none
001027-081311-00046-X,דימונה,השיטה,46,exact,693774.29,3438532.11,31.0645842,35.0309414,שדרות הנשיא,258,"שדרות הנשיא 258, דימונה, ישראל",none
001027-081311-00046-א,דימונה,השיטה,46,exact,693774.29,3438532.11,31.0645842,35.0309414,שדרות הנשיא,258,"שדרות הנשיא 258, דימונה, ישראל",none
001027-081311-00046-ב,דימונה,השיטה,46,exact,693774.29,3438532.11,31.0645842,35.0309414,שדרות הנשיא,258,"שדרות הנשיא 258, דימונה, ישראל",none
001027-081311-00046-ג,דימונה,השיטה,46,exact,693774.29,3438532.11,31.0645842,35.0309414,שדרות הנשיא,258,"שדרות הנשיא 258, דימונה, ישראל",none
001027-081311-00046-ד,דימונה,השיטה,46,exact,693774.29,3438532.11,31.0645842,35.0309414,שדרות הנשיא,258,"שדרות הנשיא 258, דימונה, ישראל",none
001027-081311-00047-א,דימונה,השיטה,47,exact,693770.88,3438559.98,31.0648361,35.030911,שדרות הנשיא,257,"שדרות הנשיא 257, דימונה, ישראל",none
001027-081311-00047-ב,דימונה,השיטה,47,exact,693770.88,3438559.98,31.0648361,35.030911,שדרות הנשיא,257,"שדרות הנשיא 257, דימונה, ישראל",none
001027-081311-00047-ג,דימונה,השיטה,47,exact,693770.88,3438559.98,31.0648361,35.030911,שדרות הנשיא,257,"שדרות הנשיא 257, דימונה, ישראל",none
001027-081311-00047-ד,דימונה,השיטה,47,exact,693770.88,3438559.98,31.0648361,35.030911,שדרות הנשיא,257,"שדרות הנשיא 257, דימונה, ישראל",none
001027-081311-00047-ה,דימונה,השיטה,47,exact,693770.88,3438559.98,31.0648361,35.030911,שדרות הנשיא,257,"שדרות הנשיא 257, דימונה, ישראל",none
001027-081311-00048-X,דימונה,השיטה,48,exact,693735.47,3438549.24,31.0647451,35.030538,שדרות הנשיא,48,"שדרות הנשיא 48, דימונה, ישראל",none
001027-081311-00048-א,דימונה,השיטה,48,exact,693735.47,3438549.24,31.0647451,35.030538,שדרות הנשיא,48,"שדרות הנשיא 48, דימונה, ישראל",none
001027-081311-00048-ב,דימונה,השיטה,48,exact,693735.47,3438549.24,31.0647451,35.030538,שדרות הנשיא,48,"שדרות הנשיא 48, דימונה, ישראל",none
001027-081311-00048-ג,דימונה,השיטה,48,exact,693735.47,3438549.24,31.0647451,35.030538,שדרות הנשיא,48,"שדרות הנשיא 48, דימונה, ישראל",none
001027-081676-00000-X,דימונה,רקפת,,street,693948.23,3438368.54,31.0630805,35.0327321,רקפת,4,"רקפת 4, דימונה, 8603809, ישראל",not_exact
001027-081676-00004-X,דימונה,רקפת,4,street,693948.23,3438368.54,31.0630805,35.0327321,רקפת,4,"רקפת 4, דימונה, 8603809, ישראל",exact
001027-081676-00014-X,דימונה,רקפת,14,street,693948.23,3438368.54,31.0630805,35.0327321,רקפת,4,"רקפת 4, דימונה, 8603809, ישראל",not_exact
001027-081676-00022-X,דימונה,רקפת,22,street,693948.23,3438368.54,31.0630805,35.0327321,רקפת,4,"רקפת 4, דימונה, 8603809, ישראל",not_exact
001027-081676-00024-X,דימונה,רקפת,24,street,693948.23,3438368.54,31.0630805,35.0327321,רקפת,4,"רקפת 4, דימונה, 8603809, ישראל",not_exact
001027-081676-00751-X,דימונה,רקפת,751,street,693948.23,3438368.54,31.0630805,35.0327321,רקפת,4,"רקפת 4, דימונה, 8603809, ישראל",not_exact
001027-081676-00752-X,דימונה,רקפת,752,street,693948.23,3438368.54,31.0630805,35.0327321,רקפת,4,"רקפת 4, דימונה, 8603809, ישראל",not_exact
001027-081676-00753-X,דימונה,רקפת,753,street,693948.23,3438368.54,31.0630805,35.0327321,רקפת,4,"רקפת 4, דימונה, 8603809, ישראל",not_exact
001027-081771-00000-X,דימונה,האיריס,,street,693868.4,3438351.7,31.0629419,35.0318926,שדרות יגאל אלון,13,"שדרות יגאל אלון 13, דימונה, ישראל",none
001027-081771-00014-א,דימונה,האיריס,14,street,693868.4,3438351.7,31.0629419,35.0318926,שדרות יגאל אלון,13,"שדרות יגאל אלון 13, דימונה, ישראל",none
001027-081771-00014-ב,דימונה,האיריס,14,street,693868.4,3438351.7,31.0629419,35.0318926,שדרות יגאל אלון,13,"שדרות יגאל אלון 13, דימונה, ישראל",none
001027-081870-00000-X,דימונה,"מ""ג המעפילים",,street,694120.53,3438652.94,31.0656166,35.0345916,"מ""ד המעפילים",245,"מ""ד המעפילים 245, דימונה, ישראל",none
001027-081870-00001-X,דימונה,"מ""ג המעפילים",1,street,694120.53,3438652.94,31.0656166,35.0345916,"מ""ד המעפילים",245,"מ""ד המעפילים 245, דימונה, ישראל",none
001027-081870-00002-X,דימונה,"מ""ג המעפילים",2,exact,694144.91,3438433.52,31.063634,35.0348048,"מ""ד המעפילים",215,"מ""ד המעפילים 215, דימונה, ישראל",none
001027-081870-00005-X,דימונה,"מ""ג המעפילים",5,street,694120.53,3438652.94,31.0656166,35.0345916,"מ""ד המעפילים",245,"מ""ד המעפילים 245, דימונה, ישראל",none
001027-081870-00215-X,דימונה,"מ""ג המעפילים",215,street,694120.53,3438652.94,31.0656166,35.0345916,"מ""ד המעפילים",245,"מ""ד המעפילים 245, דימונה, ישראל",none
001027-081870-00215-א,דימונה,"מ""ג המעפילים",215,street,694120.53,3438652.94,31.0656166,35.0345916,"מ""ד המעפילים",245,"מ""ד המעפילים 245, דימונה, ישראל",none
001027-081870-00215-ב,דימונה,"מ""ג המעפילים",215,street,694120.53,3438652.94,31.0656166,35.0345916,"מ""ד המעפילים",245,"מ""ד המעפילים 245, דימונה, ישראל",none
001027-081870-00215-ד,דימונה,"מ""ג המעפילים",215,street,694120.53,3438652.94,31.0656166,35.0345916,"מ""ד המעפילים",245,"מ""ד המעפילים 245, דימונה, ישראל",none
001027-081870-00216-X,דימונה,"מ""ג המעפילים",216,street,694120.53,3438652.94,31.0656166,35.0345916,"מ""ד המעפילים",245,"מ""ד המעפילים 245, דימונה, ישראל",none
001027-081870-00216-א,דימונה,"מ""ג המעפילים",216,street,694120.53,3438652.94,31.0656166,35.0345916,"מ""ד המעפילים",245,"מ""ד המעפילים 245, דימונה, ישראל",none
001027-081870-00216-ב,דימונה,"מ""ג המעפילים",216,street,694120.53,3438652.94,31.0656166,35.0345916,"מ""ד המעפילים",245,"מ""ד המעפילים 245, דימונה, ישראל",none
001027-081870-00216-ג,דימונה,"מ""ג המעפילים",216,street,694120.53,3438652.94,31.0656166,35.0345916,"מ""ד המעפילים",245,"מ""ד המעפילים 245, דימונה, ישראל",none
001027-081870-00216-ד,דימונה,"מ""ג המעפילים",216,street,694120.53,3438652.94,31.0656166,35.0345916,"מ""ד המעפילים",245,"מ""ד המעפילים 245, דימונה, ישראל",none
001027-081870-00217-X,דימונה,"מ""ג המעפילים",217,street,694120.53,3438652.94,31.0656166,35.0345916,"מ""ד המעפילים",245,"מ""ד המעפילים 245, דימונה, ישראל",none
001027-081870-00217-ב,דימונה,"מ""ג המעפילים",217,street,694120.53,3438652.94,31.0656166,35.0345916,"מ""ד המעפילים",245,"מ""ד המעפילים 245, דימונה, ישראל",none
001027-081870-00218-X,דימונה,"מ""ג המעפילים",218,street,694120.53,3438652.94,31.0656166,35.0345916,"מ""ד המעפילים",245,"מ""ד המעפילים 245, דימונה, ישראל",none
001027-081870-00218-ב,דימונה,"מ""ג המעפילים",218,street,694120.53,3438652.94,31.0656166,35.0345916,"מ""ד המעפילים",245,"מ""ד המעפילים 245, דימונה, ישראל",none
001027-081870-00218-ג,דימונה,"מ""ג המעפילים",218,street,694120.53,3438652.94,31.0656166,35.0345916,"מ""ד המעפילים",245,"מ""ד המעפילים 245, דימונה, ישראל",none
001027-081870-00218-ד,דימונה,"מ""ג המעפילים",218,street,694120.53,3438652.94,31.0656166,35.0345916,"מ""ד המעפילים",245,"מ""ד המעפילים 245, דימונה, ישראל",none
001027-081870-00227-ג,דימונה,"מ""ג המעפילים",227,exact,694144.9,3438750.76,31.0664947,35.0348656,"מ""ד המעפילים",227,"מ""ד המעפילים 227, דימונה, ישראל",none
001027-081870-00228-א,דימונה,"מ""ג המעפילים",228,exact,694141.93,3438775.68,31.0667199,35.0348393,"מ""ד המעפילים",228,"מ""ד המעפילים 228, דימונה, ישראל",none
001027-081870-00228-ב,דימונה,"מ""ג המעפילים",228,exact,694141.93,3438775.68,31.0667199,35.0348393,"מ""ד המעפילים",228,"מ""ד המעפילים 228, דימונה, ישראל",none
001027-081870-00229-א,דימונה,"מ""ג המעפילים",229,exact,694139.28,3438801.03,31.0669489,35.0348164,"מ""ד המעפילים",229,"מ""ד המעפילים 229, דימונה, ישראל",none
001027-081870-00229-ב,דימונה,"מ""ג המעפילים",229,exact,694139.28,3438801.03,31.0669489,35.0348164,"מ""ד המעפילים",229,"מ""ד המעפילים 229, דימונה, ישראל",none
001027-081870-00230-X,דימונה,"מ""ג המעפילים",230,exact,694140.33,3438827.2,31.0671847,35.0348324,"מ""ד המעפילים",230,"מ""ד המעפילים 230, דימונה, ישראל",none
001027-081870-00230-א,דימונה,"מ""ג המעפילים",230,exact,694140.33,3438827.2,31.0671847,35.0348324,"מ""ד המעפילים",230,"מ""ד המעפילים 230, דימונה, ישראל",none
001027-081870-00245-X,דימונה,"מ""ג המעפילים",245,exact,694141.97,3438697.29,31.066013,35.0348247,"מ""ד המעפילים",245,"מ""ד המעפילים 245, דימונה, ישראל",none
001027-081870-00245-א,דימונה,"מ""ג המעפילים",245,exact,694141.97,3438697.29,31.066013,35.0348247,"מ""ד המעפילים",245,"מ""ד המעפילים 245, דימונה, ישראל",none
001027-081870-00245-ב,דימונה,"מ""ג המעפילים",245,exact,694141.97,3438697.29,31.066013,35.0348247,"מ""ד המעפילים",245,"מ""ד המעפילים 245, דימונה, ישראל",none
001027-081870-00245-ג,דימונה,"מ""ג המעפילים",245,exact,694141.97,3438697.29,31.066013,35.0348247,"מ""ד המעפילים",245,"מ""ד המעפילים 245, דימונה, ישראל",none
001027-081870-00245-ה,דימונה,"מ""ג המעפילים",245,exact,694141.97,3438697.29,31.066013,35.0348247,"מ""ד המעפילים",245,"מ""ד המעפילים 245, דימונה, ישראל",none
001027-081870-00245-ו,דימונה,"מ""ג המעפילים",245,exact,694141.97,3438697.29,31.066013,35.0348247,"מ""ד המעפילים",245,"מ""ד המעפילים 245, דימונה, ישראל",none
001027-081924-00000-X,דימונה,המכבים,,street,694358.86,3438724.04,31.0662183,35.0371018,מכבים,248,"מכבים 248, דימונה, ישראל",not_exact
001027-081924-00247-X,דימונה,המכבים,247,exact,694339.95,3438703.8,31.066039,35.0368999,מכבים,247,"מכבים 247, דימונה, ישראל",exact
001027-081924-00247-א,דימונה,המכבים,247,exact,694339.95,3438703.8,31.066039,35.0368999,מכבים,247,"מכבים 247, דימונה, ישראל",exact
001027-081924-00247-ב,דימונה,המכבים,247,exact,694339.95,3438703.8,31.066039,35.0368999,מכבים,247,"מכבים 247, דימונה, ישראל",exact
001027-081924-00247-ג,דימונה,המכבים,247,exact,694339.95,3438703.8,31.066039,35.0368999,מכבים,247,"מכבים 247, דימונה, ישראל",exact
001027-081924-00247-ד,דימונה,המכבים,247,exact,694339.95,3438703.8,31.066039,35.0368999,מכבים,247,"מכבים 247, דימונה, ישראל",exact
001027-081924-00247-ו,דימונה,המכבים,247,exact,694339.95,3438703.8,31.066039,35.0368999,מכבים,247,"מכבים 247, דימונה, ישראל",exact
001027-081924-00247-ז,דימונה,המכבים,247,exact,694339.95,3438703.8,31.066039,35.0368999,מכבים,247,"מכבים 247, דימונה, ישראל",exact
001027-081924-00248-X,דימונה,המכבים,248,exact,694375.51,3438695.58,31.0659589,35.0372708,מתתיהו הכהן,248,"מתתיהו הכהן 248, דימונה, ישראל",none
001027-081924-00248-א,דימונה,המכבים,248,exact,694375.51,3438695.58,31.0659589,35.0372708,מתתיהו הכהן,248,"מתתיהו הכהן 248, דימונה, ישראל",none
001027-081924-00248-ב,דימונה,המכבים,248,exact,694375.51,3438695.58,31.0659589,35.0372708,מתתיהו הכהן,248,"מתתיהו הכהן 248, דימונה, ישראל",none
001027-081924-00248-ג,דימונה,המכבים,248,exact,694375.51,3438695.58,31.0659589,35.0372708,מתתיהו הכהן,248,"מתתיהו הכהן 248, דימונה, ישראל",none
001027-081924-00248-ד,דימונה,המכבים,248,exact,694375.51,3438695.58,31.0659589,35.0372708,מתתיהו הכהן,248,"מתתיהו הכהן 248, דימונה, ישראל",none
001027-081924-00248-ה,דימונה,המכבים,248,exact,694375.51,3438695.58,31.0659589,35.0372708,מתתיהו הכהן,248,"מתתיהו הכהן 248, דימונה, ישראל",none
001027-081924-00248-ז,דימונה,המכבים,248,exact,694375.51,3438695.58,31.0659589,35.0372708,מתתיהו הכהן,248,"מתתיהו הכהן 248, דימונה, ישראל",none
001027-082023-00222-א,דימונה,מתתיהו הכהן,222,exact,694437.7,3438628.72,31.0653457,35.0379094,מתתיהו הכהן,222,"מתתיהו הכהן 222, דימונה, ישראל",exact
001027-082023-00222-ג,דימונה,מתתיהו הכהן,222,exact,694437.7,3438628.72,31.0653457,35.0379094,מתתיהו הכהן,222,"מתתיהו הכהן 222, דימונה, ישראל",exact
001027-082023-00223-X,דימונה,מתתיהו הכהן,223,exact,694464.5,3438623.91,31.0652979,35.0381892,מתתיהו הכהן,223,"מתתיהו הכהן 223, דימונה, ישראל",exact
001027-082023-00223-א,דימונה,מתתיהו הכהן,223,exact,694464.5,3438623.91,31.0652979,35.0381892,מתתיהו הכהן,223,"מתתיהו הכהן 223, דימונה, ישראל",exact
001027-082023-00223-ב,דימונה,מתתיהו הכהן,223,exact,694464.5,3438623.91,31.0652979,35.0381892,מתתיהו הכהן,223,"מתתיהו הכהן 223, דימונה, ישראל",exact
001027-082023-00223-ג,דימונה,מתתיהו הכהן,223,exact,694464.5,3438623.91,31.0652979,35.0381892,מתתיהו הכהן,223,"מתתיהו הכהן 223, דימונה, ישראל",exact
001027-082023-00224-א,דימונה,מתתיהו הכהן,224,exact,694489.86,3438614.97,31.0652131,35.0384532,מתתיהו הכהן,224,"מתתיהו הכהן 224, דימונה, ישראל",exact
001027-082023-00224-ב,דימונה,מתתיהו הכהן,224,exact,694489.86,3438614.97,31.0652131,35.0384532,מתתיהו הכהן,224,"מתתיהו הכהן 224, דימונה, ישראל",exact
001027-082023-00224-ג,דימונה,מתתיהו הכהן,224,exact,694489.86,3438614.97,31.0652131,35.0384532,מתתיהו הכהן,224,"מתתיהו הכהן 224, דימונה, ישראל",exact
001027-082023-00225-א,דימונה,מתתיהו הכהן,225,exact,694514.67,3438608.98,31.065155,35.0387119,מתתיהו הכהן,225,"מתתיהו הכהן 225, דימונה, ישראל",exact
001027-082023-00225-ב,דימונה,מתתיהו הכהן,225,exact,694514.67,3438608.98,31.065155,35.0387119,מתתיהו הכהן,225,"מתתיהו הכהן 225, דימונה, ישראל",exact
001027-082023-00225-ג,דימונה,מתתיהו הכהן,225,exact,694514.67,3438608.98,31.065155,35.0387119,מתתיהו הכהן,225,"מתתיהו הכהן 225, דימונה, ישראל",exact
001027-082023-00226-ב,דימונה,מתתיהו הכהן,226,exact,694539.89,3438601.95,31.0650874,35.0389747,מתתיהו הכהן,226,"מתתיהו הכהן 226, דימונה, ישראל",exact
001027-082023-00249-א,דימונה,מתתיהו הכהן,249,exact,694503.54,3438647.22,31.0655017,35.0386027,מכבים,249,"מכבים 249, דימונה, ישראל",none
001027-082023-00249-ג,דימונה,מתתיהו הכהן,249,exact,694503.54,3438647.22,31.0655017,35.0386027,מכבים,249,"מכבים 249, דימונה, ישראל",none
001027-082023-00249-ד,דימונה,מתתיהו הכהן,249,exact,694503.54,3438647.22,31.0655017,35.0386027,מכבים,249,"מכבים 249, דימונה, ישראל",none
001027-082023-00249-ה,דימונה,מתתיהו הכהן,249,exact,694503.54,3438647.22,31.0655017,35.0386027,מכבים,249,"מכבים 249, דימונה, ישראל",none
001027-082023-00249-ז,דימונה,מתתיהו הכהן,249,exact,694503.54,3438647.22,31.0655017,35.0386027,מכבים,249,"מכבים 249, דימונה, ישראל",none
001027-082052-00000-X,דימונה,בר כוכבא,,street,694283.11,3438554.99,31.0647065,35.0362758,בר כוכבא,208,"בר כוכבא 208, דימונה, ישראל",not_exact
001027-082052-00205-X,דימונה,בר כוכבא,205,street,694283.11,3438554.99,31.0647065,35.0362758,בר כוכבא,208,"בר כוכבא 208, דימונה, ישראל",not_exact
001027-082052-00205-א,דימונה,בר כוכבא,205,street,694283.11,3438554.99,31.0647065,35.0362758,בר כוכבא,208,"בר כוכבא 208, דימונה, ישראל",not_exact
001027-082052-00205-ב,דימונה,בר כוכבא,205,street,694283.11,3438554.99,31.0647065,35.0362758,בר כוכבא,208,"בר כוכבא 208, דימונה, ישראל",not_exact
001027-082052-00205-ג,דימונה,בר כוכבא,205,street,694283.11,3438554.99,31.0647065,35.0362758,בר כוכבא,208,"בר כוכבא 208, דימונה, ישראל",not_exact
001027-082052-00205-ד,דימונה,בר כוכבא,205,street,694283.11,3438554.99,31.0647065,35.0362758,בר כוכבא,208,"בר כוכבא 208, דימונה, ישראל",not_exact
001027-082052-00206-X,דימונה,בר כוכבא,206,exact,694309.17,3438502.03,31.0642246,35.0365386,בר כוכבא,206,"בר כוכבא 206, דימונה, ישראל",exact
001027-082052-00206-א,דימונה,בר כוכבא,206,exact,694309.17,3438502.03,31.0642246,35.0365386,בר כוכבא,206,"בר כוכבא 206, דימונה, ישראל",exact
001027-082052-00206-ב,דימונה,בר כוכבא,206,exact,694309.17,3438502.03,31.0642246,35.0365386,בר כוכבא,206,"בר כוכבא 206, דימונה, ישראל",exact
001027-082052-00206-ד,דימונה,בר כוכבא,206,exact,694309.17,3438502.03,31.0642246,35.0365386,בר כוכבא,206,"בר כוכבא 206, דימונה, ישראל",exact
001027-082052-00207-X,דימונה,בר כוכבא,207,exact,694308.22,3438530.33,31.06448,35.0365341,בר כוכבא,207,"בר כוכבא 207, דימונה, ישראל",exact
001027-082052-00207-א,דימונה,בר כוכבא,207,exact,694308.22,3438530.33,31.06448,35.0365341,בר כוכבא,207,"בר כוכבא 207, דימונה, ישראל",exact
001027-082052-00207-ב,דימונה,בר כוכבא,207,exact,694308.22,3438530.33,31.06448,35.0365341,בר כוכבא,207,"בר כוכבא 207, דימונה, ישראל",exact
001027-082052-00207-ד,דימונה,בר כוכבא,207,exact,694308.22,3438530.33,31.06448,35.0365341,בר כוכבא,207,"בר כוכבא 207, דימונה, ישראל",exact
001027-082052-00208-X,דימונה,בר כוכבא,208,street,694283.11,3438554.99,31.0647065,35.0362758,בר כוכבא,208,"בר כוכבא 208, דימונה, ישראל",exact
001027-082052-00208-א,דימונה,בר כוכבא,208,street,694283.11,3438554.99,31.0647065,35.0362758,בר כוכבא,208,"בר כוכבא 208, דימונה, ישראל",exact
001027-082052-00208-ג,דימונה,בר כוכבא,208,street,694283.11,3438554.99,31.0647065,35.0362758,בר כוכבא,208,"בר כוכבא 208, דימונה, ישראל",exact
001027-082052-00208-ד,דימונה,בר כוכבא,208,street,694283.11,3438554.99,31.0647065,35.0362758,בר כוכבא,208,"בר כוכבא 208, דימונה, ישראל",exact
001027-082052-00210-X,דימונה,בר כוכבא,210,street,694283.11,3438554.99,31.0647065,35.0362758,בר כוכבא,208,"בר כוכבא 208, דימונה, ישראל",not_exact
001027-082052-00211-X,דימונה,בר כוכבא,211,street,694283.11,3438554.99,31.0647065,35.0362758,בר כוכבא,208,"בר כוכבא 208, דימונה, ישראל",not_exact
001027-082052-00212-X,דימונה,בר כוכבא,212,street,694283.11,3438554.99,31.0647065,35.0362758,בר כוכבא,208,"בר כוכבא 208, דימונה, ישראל",not_exact
001027-082052-00213-X,דימונה,בר כוכבא,213,street,694283.11,3438554.99,31.0647065,35.0362758,בר כוכבא,208,"בר כוכבא 208, דימונה, ישראל",not_exact
001027-082052-00270-א,דימונה,בר כוכבא,270,street,694283.11,3438554.99,31.0647065,35.0362758,בר כוכבא,208,"בר כוכבא 208, דימונה, ישראל",not_exact
001027-082052-00270-ב,דימונה,בר כוכבא,270,street,694283.11,3438554.99,31.0647065,35.0362758,בר כוכבא,208,"בר כוכבא 208, דימונה, ישראל",not_exact
001027-082052-00270-ג,דימונה,בר כוכבא,270,street,694283.11,3438554.99,31.0647065,35.0362758,בר כוכבא,208,"בר כוכבא 208, דימונה, ישראל",not_exact
001027-082052-00270-ד,דימונה,בר כוכבא,270,street,694283.11,3438554.99,31.0647065,35.0362758,בר כוכבא,208,"בר כוכבא 208, דימונה, ישראל",not_exact
001027-082052-00270-ה,דימונה,בר כוכבא,270,street,694283.11,3438554.99,31.0647065,35.0362758,בר כוכבא,208,"בר כוכבא 208, דימונה, ישראל",not_exact
001027-082052-00270-ו,דימונה,בר כוכבא,270,street,694283.11,3438554.99,31.0647065,35.0362758,בר כוכבא,208,"בר כוכבא 208, דימונה, ישראל",not_exact
001027-082052-00270-ז,דימונה,בר כוכבא,270,street,694283.11,3438554.99,31.0647065,35.0362758,בר כוכבא,208,"בר כוכבא 208, דימונה, ישראל",not_exact
001027-082052-00270-ט,דימונה,בר כוכבא,270,street,694283.11,3438554.99,31.0647065,35.0362758,בר כוכבא,208,"בר כוכבא 208, דימונה, ישראל",not_exact
001027-082133-00000-X,דימונה,המלאכה,,street,692558.11,3438736.35,31.066626,35.0182402,,,"3289+M7 דימונה, ישראל",none
001027-082133-00003-X,דימונה,המלאכה,3,street,692558.11,3438736.35,31.066626,35.0182402,,,"3289+M7 דימונה, ישראל",none
001027-082133-00012-X,דימונה,המלאכה,12,street,692558.11,3438736.35,31.066626,35.0182402,,,"3289+M7 דימונה, ישראל",none
001027-082133-01026-X,דימונה,המלאכה,1026,street,692558.11,3438736.35,31.066626,35.0182402,,,"3289+M7 דימונה, ישראל",none
001027-082204-00274-X,דימונה,הסנהדרין,274,exact,694491.9,3438544.89,31.0645808,35.038461,שדרות יגאל אלון,274,"שדרות יגאל אלון 274, דימונה, ישראל",none
001027-082204-00274-ד,דימונה,הסנהדרין,274,exact,694491.9,3438544.89,31.0645808,35.038461,שדרות יגאל אלון,274,"שדרות יגאל אלון 274, דימונה, ישראל",none
001027-082204-00274-ו,דימונה,הסנהדרין,274,exact,694491.9,3438544.89,31.0645808,35.038461,שדרות יגאל אלון,274,"שדרות יגאל אלון 274, דימונה, ישראל",none
001027-082204-00274-ז,דימונה,הסנהדרין,274,exact,694491.9,3438544.89,31.0645808,35.038461,שדרות יגאל אלון,274,"שדרות יגאל אלון 274, דימונה, ישראל",none
001027-082204-00275-א,דימונה,הסנהדרין,275,exact,694444.5,3438519.11,31.0643562,35.0379596,רחבת סנהדרין,275,"רחבת סנהדרין 275, דימונה, ישראל",none
001027-082204-00275-ב,דימונה,הסנהדרין,275,exact,694444.5,3438519.11,31.0643562,35.0379596,רחבת סנהדרין,275,"רחבת סנהדרין 275, דימונה, ישראל",none
001027-082204-00275-ג,דימונה,הסנהדרין,275,exact,694444.5,3438519.11,31.0643562,35.0379596,רחבת סנהדרין,275,"רחבת סנהדרין 275, דימונה, ישראל",none
001027-082204-00275-ד,דימונה,הסנהדרין,275,exact,694444.5,3438519.11,31.0643562,35.0379596,רחבת סנהדרין,275,"רחבת סנהדרין 275, דימונה, ישראל",none
001027-082204-00276-א,דימונה,הסנהדרין,276,exact,694446.78,3438492.16,31.0641128,35.0379783,רחבת סנהדרין,276,"רחבת סנהדרין 276, דימונה, ישראל",none
001027-082204-00276-ב,דימונה,הסנהדרין,276,exact,694446.78,3438492.16,31.0641128,35.0379783,רחבת סנהדרין,276,"רחבת סנהדרין 276, דימונה, ישראל",none
001027-082204-00276-ד,דימונה,הסנהדרין,276,exact,694446.78,3438492.16,31.0641128,35.0379783,רחבת סנהדרין,276,"רחבת סנהדרין 276, דימונה, ישראל",none
001027-082204-00277-X,דימונה,הסנהדרין,277,exact,694503.88,3438512.14,31.0642835,35.0385802,יגאל אלון,227,"יגאל אלון 227, דימונה, ישראל",none
001027-082204-00277-ג,דימונה,הסנהדרין,277,exact,694503.88,3438512.14,31.0642835,35.0385802,יגאל אלון,227,"יגאל אלון 227, דימונה, ישראל",none
001027-082204-00277-ד,דימונה,הסנהדרין,277,exact,694503.88,3438512.14,31.0642835,35.0385802,יגאל אלון,227,"יגאל אלון 227, דימונה, ישראל",none
001027-082292-00000-X,דימונה,כובשי אילת,,street,694630.71,3438443.66,31.063645,35.0398956,שדרות יגאל אלון,110,"שדרות יגאל אלון 110, דימונה, ישראל",none
001027-082292-00001-X,דימונה,כובשי אילת,1,street,694630.71,3438443.66,31.063645,35.0398956,שדרות יגאל אלון,110,"שדרות יגאל אלון 110, דימונה, ישראל",none
001027-082292-00002-X,דימונה,כובשי אילת,2,exact,694392.81,3438237.09,31.0618217,35.0373639,כובשי אילת,2,"כובשי אילת 2, דימונה, ישראל",exact
001027-082292-00101-X,דימונה,כובשי אילת,101,street,694630.71,3438443.66,31.063645,35.0398956,שדרות יגאל אלון,110,"שדרות יגאל אלון 110, דימונה, ישראל",none
001027-082292-00101-א,דימונה,כובשי אילת,101,street,694630.71,3438443.66,31.063645,35.0398956,שדרות יגאל אלון,110,"שדרות יגאל אלון 110, דימונה, ישראל",none
001027-082292-00101-ב,דימונה,כובשי אילת,101,street,694630.71,3438443.66,31.063645,35.0398956,שדרות יגאל אלון,110,"שדרות יגאל אלון 110, דימונה, ישראל",none
001027-082292-00101-ג,דימונה,כובשי אילת,101,street,694630.71,3438443.66,31.063645,35.0398956,שדרות יגאל אלון,110,"שדרות יגאל אלון 110, דימונה, ישראל",none
001027-082292-00101-ד,דימונה,כובשי אילת,101,street,694630.71,3438443.66,31.063645,35.0398956,שדרות יגאל אלון,110,"שדרות יגאל אלון 110, דימונה, ישראל",none
001027-082292-00101-ה,דימונה,כובשי אילת,101,street,694630.71,3438443.66,31.063645,35.0398956,שדרות יגאל אלון,110,"שדרות יגאל אלון 110, דימונה, ישראל",none
001027-082292-00102-X,דימונה,כובשי אילת,102,street,694630.71,3438443.66,31.063645,35.0398956,שדרות יגאל אלון,110,"שדרות יגאל אלון 110, דימונה, ישראל",none
001027-082292-00102-א,דימונה,כובשי אילת,102,street,694630.71,3438443.66,31.063645,35.0398956,שדרות יגאל אלון,110,"שדרות יגאל אלון 110, דימונה, ישראל",none
001027-082292-00102-ב,דימונה,כובשי אילת,102,street,694630.71,3438443.66,31.063645,35.0398956,שדרות יגאל אלון,110,"שדרות יגאל אלון 110, דימונה, ישראל",none
001027-082292-00102-ג,דימונה,כובשי אילת,102,street,694630.71,3438443.66,31.063645,35.0398956,שדרות יגאל אלון,110,"שדרות יגאל אלון 110, דימונה, ישראל",none
001027-082292-00102-ד,דימונה,כובשי אילת,102,street,694630.71,3438443.66,31.063645,35.0398956,שדרות יגאל אלון,110,"שדרות יגאל אלון 110, דימונה, ישראל",none
001027-082292-00102-ה,דימונה,כובשי אילת,102,street,694630.71,3438443.66,31.063645,35.0398956,שדרות יגאל אלון,110,"שדרות יגאל אלון 110, דימונה, ישראל",none
001027-082292-00103-X,דימונה,כובשי אילת,103,exact,694449.61,3438242.01,31.0618567,35.0379598,כובשי אילת,2,"כובשי אילת 2, דימונה, ישראל",not_exact
001027-082292-00103-א,דימונה,כובשי אילת,103,exact,694449.61,3438242.01,31.0618567,35.0379598,כובשי אילת,2,"כובשי אילת 2, דימונה, ישראל",not_exact
001027-082292-00103-ב,דימונה,כובשי אילת,103,exact,694449.61,3438242.01,31.0618567,35.0379598,כובשי אילת,2,"כובשי אילת 2, דימונה, ישראל",not_exact
001027-082292-00103-ג,דימונה,כובשי אילת,103,exact,694449.61,3438242.01,31.0618567,35.0379598,כובשי אילת,2,"כובשי אילת 2, דימונה, ישראל",not_exact
001027-082292-00103-ד,דימונה,כובשי אילת,103,exact,694449.61,3438242.01,31.0618567,35.0379598,כובשי אילת,2,"כובשי אילת 2, דימונה, ישראל",not_exact
001027-082292-00103-ה,דימונה,כובשי אילת,103,exact,694449.61,3438242.01,31.0618567,35.0379598,כובשי אילת,2,"כובשי אילת 2, דימונה, ישראל",not_exact
001027-082292-00103-ו,דימונה,כובשי אילת,103,exact,694449.61,3438242.01,31.0618567,35.0379598,כובשי אילת,2,"כובשי אילת 2, דימונה, ישראל",not_exact
001027-082292-00104-X,דימונה,כובשי אילת,104,street,694630.71,3438443.66,31.063645,35.0398956,שדרות יגאל אלון,110,"שדרות יגאל אלון 110, דימונה, ישראל",none
001027-082292-00104-ד,דימונה,כובשי אילת,104,street,694630.71,3438443.66,31.063645,35.0398956,שדרות יגאל אלון,110,"שדרות יגאל אלון 110, דימונה, ישראל",none
001027-082292-00104-ה,דימונה,כובשי אילת,104,street,694630.71,3438443.66,31.063645,35.0398956,שדרות יגאל אלון,110,"שדרות יגאל אלון 110, דימונה, ישראל",none
001027-082292-00104-ו,דימונה,כובשי אילת,104,street,694630.71,3438443.66,31.063645,35.0398956,שדרות יגאל אלון,110,"שדרות יגאל אלון 110, דימונה, ישראל",none
001027-082292-00104-ח,דימונה,כובשי אילת,104,street,694630.71,3438443.66,31.063645,35.0398956,שדרות יגאל אלון,110,"שדרות יגאל אלון 110, דימונה, ישראל",none
001027-082292-00104-ט,דימונה,כובשי אילת,104,street,694630.71,3438443.66,31.063645,35.0398956,שדרות יגאל אלון,110,"שדרות יגאל אלון 110, דימונה, ישראל",none
001027-082292-00104-י,דימונה,כובשי אילת,104,street,694630.71,3438443.66,31.063645,35.0398956,שדרות יגאל אלון,110,"שדרות יגאל אלון 110, דימונה, ישראל",none
001027-082292-00105-X,דימונה,כובשי אילת,105,street,694630.71,3438443.66,31.063645,35.0398956,שדרות יגאל אלון,110,"שדרות יגאל אלון 110, דימונה, ישראל",none
001027-082292-00105-א,דימונה,כובשי אילת,105,street,694630.71,3438443.66,31.063645,35.0398956,שדרות יגאל אלון,110,"שדרות יגאל אלון 110, דימונה, ישראל",none
001027-082292-00105-ב,דימונה,כובשי אילת,105,street,694630.71,3438443.66,31.063645,35.0398956,שדרות יגאל אלון,110,"שדרות יגאל אלון 110, דימונה, ישראל",none
001027-082292-00105-ג,דימונה,כובשי אילת,105,street,694630.71,3438443.66,31.063645,35.0398956,שדרות יגאל אלון,110,"שדרות יגאל אלון 110, דימונה, ישראל",none
001027-082292-00105-ד,דימונה,כובשי אילת,105,street,694630.71,3438443.66,31.063645,35.0398956,שדרות יגאל אלון,110,"שדרות יגאל אלון 110, דימונה, ישראל",none
001027-082292-00106-א,דימונה,כובשי אילת,106,street,694630.71,3438443.66,31.063645,35.0398956,שדרות יגאל אלון,110,"שדרות יגאל אלון 110, דימונה, ישראל",none
001027-082292-00106-ב,דימונה,כובשי אילת,106,street,694630.71,3438443.66,31.063645,35.0398956,שדרות יגאל אלון,110,"שדרות יגאל אלון 110, דימונה, ישראל",none
001027-082292-00106-ג,דימונה,כובשי אילת,106,street,694630.71,3438443.66,31.063645,35.0398956,שדרות יגאל אלון,110,"שדרות יגאל אלון 110, דימונה, ישראל",none
001027-082292-00106-ה,דימונה,כובשי אילת,106,street,694630.71,3438443.66,31.063645,35.0398956,שדרות יגאל אלון,110,"שדרות יגאל אלון 110, דימונה, ישראל",none
001027-082292-00106-ו,דימונה,כובשי אילת,106,street,694630.71,3438443.66,31.063645,35.0398956,שדרות יגאל אלון,110,"שדרות יגאל אלון 110, דימונה, ישראל",none
001027-082292-00107-א,דימונה,כובשי אילת,107,street,694630.71,3438443.66,31.063645,35.0398956,שדרות יגאל אלון,110,"שדרות יגאל אלון 110, דימונה, ישראל",none
001027-082292-00107-ג,דימונה,כובשי אילת,107,street,694630.71,3438443.66,31.063645,35.0398956,שדרות יגאל אלון,110,"שדרות יגאל אלון 110, דימונה, ישראל",none
001027-082292-00107-ד,דימונה,כובשי אילת,107,street,694630.71,3438443.66,31.063645,35.0398956,שדרות יגאל אלון,110,"שדרות יגאל אלון 110, דימונה, ישראל",none
001027-082292-00107-ה,דימונה,כובשי אילת,107,street,694630.71,3438443.66,31.063645,35.0398956,שדרות יגאל אלון,110,"שדרות יגאל אלון 110, דימונה, ישראל",none
001027-082292-00108-X,דימונה,כובשי אילת,108,street,694630.71,3438443.66,31.063645,35.0398956,שדרות יגאל אלון,110,"שדרות יגאל אלון 110, דימונה, ישראל",none
001027-082292-00108-א,דימונה,כובשי אילת,108,street,694630.71,3438443.66,31.063645,35.0398956,שדרות יגאל אלון,110,"שדרות יגאל אלון 110, דימונה, ישראל",none
001027-082292-00108-ב,דימונה,כובשי אילת,108,street,694630.71,3438443.66,31.063645,35.0398956,שדרות יגאל אלון,110,"שדרות יגאל אלון 110, דימונה, ישראל",none
001027-082292-00108-ג,דימונה,כובשי אילת,108,street,694630.71,3438443.66,31.063645,35.0398956,שדרות יגאל אלון,110,"שדרות יגאל אלון 110, דימונה, ישראל",none
001027-082292-00108-ד,דימונה,כובשי אילת,108,street,694630.71,3438443.66,31.063645,35.0398956,שדרות יגאל אלון,110,"שדרות יגאל אלון 110, דימונה, ישראל",none
001027-082292-00108-ה,דימונה,כובשי אילת,108,street,694630.71,3438443.66,31.063645,35.0398956,שדרות יגאל אלון,110,"שדרות יגאל אלון 110, דימונה, ישראל",none
001027-082292-00108-ח,דימונה,כובשי אילת,108,street,694630.71,3438443.66,31.063645,35.0398956,שדרות יגאל אלון,110,"שדרות יגאל אלון 110, דימונה, ישראל",none
001027-082292-00502-X,דימונה,כובשי אילת,502,street,694630.71,3438443.66,31.063645,35.0398956,שדרות יגאל אלון,110,"שדרות יגאל אלון 110, דימונה, ישראל",none
001027-082292-00502-א,דימונה,כובשי אילת,502,street,694630.71,3438443.66,31.063645,35.0398956,שדרות יגאל אלון,110,"שדרות יגאל אלון 110, דימונה, ישראל",none
001027-082292-00502-ב,דימונה,כובשי אילת,502,street,694630.71,3438443.66,31.063645,35.0398956,שדרות יגאל אלון,110,"שדרות יגאל אלון 110, דימונה, ישראל",none
001027-082292-00502-ג,דימונה,כובשי אילת,502,street,694630.71,3438443.66,31.063645,35.0398956,שדרות יגאל אלון,110,"שדרות יגאל אלון 110, דימונה, ישראל",none
001027-082292-01612-X,דימונה,כובשי אילת,1612,street,694630.71,3438443.66,31.063645,35.0398956,שדרות יגאל אלון,110,"שדרות יגאל אלון 110, דימונה, ישראל",none
001027-082292-01613-X,דימונה,כובשי אילת,1613,street,694630.71,3438443.66,31.063645,35.0398956,שדרות יגאל אלון,110,"שדרות יגאל אלון 110, דימונה, ישראל",none
001027-082292-01614-X,דימונה,כובשי אילת,1614,street,694630.71,3438443.66,31.063645,35.0398956,שדרות יגאל אלון,110,"שדרות יגאל אלון 110, דימונה, ישראל",none
001027-082292-01617-X,דימונה,כובשי אילת,1617,street,694630.71,3438443.66,31.063645,35.0398956,שדרות יגאל אלון,110,"שדרות יגאל אלון 110, דימונה, ישראל",none
001027-082292-01622-X,דימונה,כובשי אילת,1622,street,694630.71,3438443.66,31.063645,35.0398956,שדרות יגאל אלון,110,"שדרות יגאל אלון 110, דימונה, ישראל",none
001027-082292-01623-X,דימונה,כובשי אילת,1623,street,694630.71,3438443.66,31.063645,35.0398956,שדרות יגאל אלון,110,"שדרות יגאל אלון 110, דימונה, ישראל",none
001027-082292-01624-X,דימונה,כובשי אילת,1624,street,694630.71,3438443.66,31.063645,35.0398956,שדרות יגאל אלון,110,"שדרות יגאל אלון 110, דימונה, ישראל",none
001027-082292-01627-X,דימונה,כובשי אילת,1627,street,694630.71,3438443.66,31.063645,35.0398956,שדרות יגאל אלון,110,"שדרות יגאל אלון 110, דימונה, ישראל",none
001027-082292-01629-X,דימונה,כובשי אילת,1629,street,694630.71,3438443.66,31.063645,35.0398956,שדרות יגאל אלון,110,"שדרות יגאל אלון 110, דימונה, ישראל",none
001027-082292-01631-X,דימונה,כובשי אילת,1631,street,694630.71,3438443.66,31.063645,35.0398956,שדרות יגאל אלון,110,"שדרות יגאל אלון 110, דימונה, ישראל",none
001027-082292-01632-X,דימונה,כובשי אילת,1632,street,694630.71,3438443.66,31.063645,35.0398956,שדרות יגאל אלון,110,"שדרות יגאל אלון 110, דימונה, ישראל",none
001027-082292-01633-X,דימונה,כובשי אילת,1633,street,694630.71,3438443.66,31.063645,35.0398956,שדרות יגאל אלון,110,"שדרות יגאל אלון 110, דימונה, ישראל",none
001027-082292-01634-X,דימונה,כובשי אילת,1634,street,694630.71,3438443.66,31.063645,35.0398956,שדרות יגאל אלון,110,"שדרות יגאל אלון 110, דימונה, ישראל",none
001027-082292-01635-X,דימונה,כובשי אילת,1635,street,694630.71,3438443.66,31.063645,35.0398956,שדרות יגאל אלון,110,"שדרות יגאל אלון 110, דימונה, ישראל",none
001027-082292-01636-X,דימונה,כובשי אילת,1636,street,694630.71,3438443.66,31.063645,35.0398956,שדרות יגאל אלון,110,"שדרות יגאל אלון 110, דימונה, ישראל",none
001027-082292-01637-X,דימונה,כובשי אילת,1637,street,694630.71,3438443.66,31.063645,35.0398956,שדרות יגאל אלון,110,"שדרות יגאל אלון 110, דימונה, ישראל",none
001027-082292-01639-X,דימונה,כובשי אילת,1639,street,694630.71,3438443.66,31.063645,35.0398956,שדרות יגאל אלון,110,"שדרות יגאל אלון 110, דימונה, ישראל",none
001027-082292-01640-X,דימונה,כובשי אילת,1640,street,694630.71,3438443.66,31.063645,35.0398956,שדרות יגאל אלון,110,"שדרות יגאל אלון 110, דימונה, ישראל",none
001027-082292-01641-X,דימונה,כובשי אילת,1641,street,694630.71,3438443.66,31.063645,35.0398956,שדרות יגאל אלון,110,"שדרות יגאל אלון 110, דימונה, ישראל",none
001027-082292-01642-X,דימונה,כובשי אילת,1642,street,694630.71,3438443.66,31.063645,35.0398956,שדרות יגאל אלון,110,"שדרות יגאל אלון 110, דימונה, ישראל",none
001027-082292-01643-X,דימונה,כובשי אילת,1643,street,694630.71,3438443.66,31.063645,35.0398956,שדרות יגאל אלון,110,"שדרות יגאל אלון 110, דימונה, ישראל",none
001027-082292-01644-X,דימונה,כובשי אילת,1644,street,694630.71,3438443.66,31.063645,35.0398956,שדרות יגאל אלון,110,"שדרות יגאל אלון 110, דימונה, ישראל",none
001027-082292-01645-X,דימונה,כובשי אילת,1645,street,694630.71,3438443.66,31.063645,35.0398956,שדרות יגאל אלון,110,"שדרות יגאל אלון 110, דימונה, ישראל",none
001027-082292-01646-X,דימונה,כובשי אילת,1646,street,694630.71,3438443.66,31.063645,35.0398956,שדרות יגאל אלון,110,"שדרות יגאל אלון 110, דימונה, ישראל",none
001027-082292-01648-X,דימונה,כובשי אילת,1648,street,694630.71,3438443.66,31.063645,35.0398956,שדרות יגאל אלון,110,"שדרות יגאל אלון 110, דימונה, ישראל",none
001027-082292-01650-X,דימונה,כובשי אילת,1650,street,694630.71,3438443.66,31.063645,35.0398956,שדרות יגאל אלון,110,"שדרות יגאל אלון 110, דימונה, ישראל",none
001027-082292-01651-X,דימונה,כובשי אילת,1651,street,694630.71,3438443.66,31.063645,35.0398956,שדרות יגאל אלון,110,"שדרות יגאל אלון 110, דימונה, ישראל",none
001027-082292-01653-X,דימונה,כובשי אילת,1653,street,694630.71,3438443.66,31.063645,35.0398956,שדרות יגאל אלון,110,"שדרות יגאל אלון 110, דימונה, ישראל",none
001027-082292-01654-X,דימונה,כובשי אילת,1654,street,694630.71,3438443.66,31.063645,35.0398956,שדרות יגאל אלון,110,"שדרות יגאל אלון 110, דימונה, ישראל",none
001027-082292-01655-X,דימונה,כובשי אילת,1655,street,694630.71,3438443.66,31.063645,35.0398956,שדרות יגאל אלון,110,"שדרות יגאל אלון 110, דימונה, ישראל",none
001027-082292-01656-X,דימונה,כובשי אילת,1656,street,694630.71,3438443.66,31.063645,35.0398956,שדרות יגאל אלון,110,"שדרות יגאל אלון 110, דימונה, ישראל",none
001027-082292-01657-X,דימונה,כובשי אילת,1657,street,694630.71,3438443.66,31.063645,35.0398956,שדרות יגאל אלון,110,"שדרות יגאל אלון 110, דימונה, ישראל",none
001027-082292-01658-X,דימונה,כובשי אילת,1658,street,694630.71,3438443.66,31.063645,35.0398956,שדרות יגאל אלון,110,"שדרות יגאל אלון 110, דימונה, ישראל",none
001027-082292-01659-X,דימונה,כובשי אילת,1659,street,694630.71,3438443.66,31.063645,35.0398956,שדרות יגאל אלון,110,"שדרות יגאל אלון 110, דימונה, ישראל",none
001027-082292-01660-X,דימונה,כובשי אילת,1660,street,694630.71,3438443.66,31.063645,35.0398956,שדרות יגאל אלון,110,"שדרות יגאל אלון 110, דימונה, ישראל",none
001027-082334-00235-X,דימונה,החשמונאים,235,exact,694443.97,3438763.07,31.0665562,35.0380009,שדרות הרצל,235,"שדרות הרצל 235, דימונה, ישראל",none
001027-082334-00235-ג,דימונה,החשמונאים,235,exact,694443.97,3438763.07,31.0665562,35.0380009,שדרות הרצל,235,"שדרות הרצל 235, דימונה, ישראל",none
001027-082334-00235-ד,דימונה,החשמונאים,235,exact,694443.97,3438763.07,31.0665562,35.0380009,שדרות הרצל,235,"שדרות הרצל 235, דימונה, ישראל",none
001027-082334-00236-X,דימונה,החשמונאים,236,exact,694445.3,3438736.01,31.066312,35.0380097,חשמונאים,236,"חשמונאים 236, דימונה, ישראל",exact
001027-082334-00236-א,דימונה,החשמונאים,236,exact,694445.3,3438736.01,31.066312,35.0380097,חשמונאים,236,"חשמונאים 236, דימונה, ישראל",exact
001027-082334-00236-ב,דימונה,החשמונאים,236,exact,694445.3,3438736.01,31.066312,35.0380097,חשמונאים,236,"חשמונאים 236, דימונה, ישראל",exact
001027-082334-00236-ג,דימונה,החשמונאים,236,exact,694445.3,3438736.01,31.066312,35.0380097,חשמונאים,236,"חשמונאים 236, דימונה, ישראל",exact
001027-082334-00236-ד,דימונה,החשמונאים,236,exact,694445.3,3438736.01,31.066312,35.0380097,חשמונאים,236,"חשמונאים 236, דימונה, ישראל",exact
001027-082334-00237-X,דימונה,החשמונאים,237,exact,694444.77,3438710.4,31.0660811,35.0379992,מכבים,237,"מכבים 237, דימונה, ישראל",none
001027-082334-00237-א,דימונה,החשמונאים,237,exact,694444.77,3438710.4,31.0660811,35.0379992,מכבים,237,"מכבים 237, דימונה, ישראל",none
001027-082334-00237-ב,דימונה,החשמונאים,237,exact,694444.77,3438710.4,31.0660811,35.0379992,מכבים,237,"מכבים 237, דימונה, ישראל",none
001027-082334-00237-ג,דימונה,החשמונאים,237,exact,694444.77,3438710.4,31.0660811,35.0379992,מכבים,237,"מכבים 237, דימונה, ישראל",none
001027-082334-00502-X,דימונה,החשמונאים,502,street,694487.57,3438732.62,31.0662744,35.0384518,רחבת הקנאים,2,"רחבת הקנאים 2, דימונה, ישראל",none
001027-082334-00502-ב,דימונה,החשמונאים,502,street,694487.57,3438732.62,31.0662744,35.0384518,רחבת הקנאים,2,"רחבת הקנאים 2, דימונה, ישראל",none
001027-082334-00502-ג,דימונה,החשמונאים,502,street,694487.57,3438732.62,31.0662744,35.0384518,רחבת הקנאים,2,"רחבת הקנאים 2, דימונה, ישראל",none
001027-082334-00502-ד,דימונה,החשמונאים,502,street,694487.57,3438732.62,31.0662744,35.0384518,רחבת הקנאים,2,"רחבת הקנאים 2, דימונה, ישראל",none
001027-082456-00000-X,דימונה,הברוש,,street,693746.71,3438625.13,31.0654276,35.0306703,הצאלה,21,"הצאלה 21, דימונה, ישראל",none
001027-082456-00003-X,דימונה,הברוש,3,street,693746.71,3438625.13,31.0654276,35.0306703,הצאלה,21,"הצאלה 21, דימונה, ישראל",none
001027-082456-00004-X,דימונה,הברוש,4,exact,693783.81,3438633.05,31.0654929,35.0310604,הצאלה,20,"הצאלה 20, דימונה, ישראל",none
001027-082456-00005-X,דימונה,הברוש,5,street,693746.71,3438625.13,31.0654276,35.0306703,הצאלה,21,"הצאלה 21, דימונה, ישראל",none
001027-082456-00006-X,דימונה,הברוש,6,street,693746.71,3438625.13,31.0654276,35.0306703,הצאלה,21,"הצאלה 21, דימונה, ישראל",none
001027-082456-00007-X,דימונה,הברוש,7,exact,693810.64,3438642.28,31.0655717,35.0313433,הצאלה,20,"הצאלה 20, דימונה, ישראל",none
001027-082456-00008-X,דימונה,הברוש,8,street,693746.71,3438625.13,31.0654276,35.0306703,הצאלה,21,"הצאלה 21, דימונה, ישראל",none
001027-082456-00009-X,דימונה,הברוש,9,exact,693807.15,3438627.32,31.0654374,35.0313038,ההדס,20,"ההדס 20, דימונה, ישראל",none
001027-082456-00010-X,דימונה,הברוש,10,street,693746.71,3438625.13,31.0654276,35.0306703,הצאלה,21,"הצאלה 21, דימונה, ישראל",none
001027-082456-00011-X,דימונה,הברוש,11,exact,693772.07,3438604.37,31.0652362,35.030932,הברוש,11,"הברוש 11, דימונה, ישראל",exact
001027-082456-00012-X,דימונה,הברוש,12,street,693746.71,3438625.13,31.0654276,35.0306703,הצאלה,21,"הצאלה 21, דימונה, ישראל",none
001027-082456-00013-X,דימונה,הברוש,13,street,693746.71,3438625.13,31.0654276,35.0306703,הצאלה,21,"הצאלה 21, דימונה, ישראל",none
001027-082456-00014-X,דימונה,הברוש,14,street,693746.71,3438625.13,31.0654276,35.0306703,הצאלה,21,"הצאלה 21, דימונה, ישראל",none
001027-082456-00015-X,דימונה,הברוש,15,street,693746.71,3438625.13,31.0654276,35.0306703,הצאלה,21,"הצאלה 21, דימונה, ישראל",none
001027-082456-00017-X,דימונה,הברוש,17,street,693746.71,3438625.13,31.0654276,35.0306703,הצאלה,21,"הצאלה 21, דימונה, ישראל",none
001027-082456-00018-X,דימונה,הברוש,18,street,693746.71,3438625.13,31.0654276,35.0306703,הצאלה,21,"הצאלה 21, דימונה, ישראל",none
001027-082456-00019-X,דימונה,הברוש,19,exact,693723.03,3438638.66,31.0655535,35.0304248,הצאלה,22,"הצאלה 22, דימונה, ישראל",none
001027-082456-00020-X,דימונה,הברוש,20,street,693746.71,3438625.13,31.0654276,35.0306703,הצאלה,21,"הצאלה 21, דימונה, ישראל",none
001027-082456-00021-X,דימונה,הברוש,21,street,693746.71,3438625.13,31.0654276,35.0306703,הצאלה,21,"הצאלה 21, דימונה, ישראל",none
001027-082456-00022-X,דימונה,הברוש,22,street,693746.71,3438625.13,31.0654276,35.0306703,הצאלה,21,"הצאלה 21, דימונה, ישראל",none
001027-082456-00023-X,דימונה,הברוש,23,street,693746.71,3438625.13,31.0654276,35.0306703,הצאלה,21,"הצאלה 21, דימונה, ישראל",none
001027-082456-00024-X,דימונה,הברוש,24,street,693746.71,3438625.13,31.0654276,35.0306703,הצאלה,21,"הצאלה 21, דימונה, ישראל",none
001027-082584-00001-X,דימונה,השקד,1,street,693547.42,3438442.3,31.0638118,35.0285476,השיבולים,6,"השיבולים 6, דימונה, ישראל",none
001027-082584-00002-X,דימונה,השקד,2,street,693547.42,3438442.3,31.0638118,35.0285476,השיבולים,6,"השיבולים 6, דימונה, ישראל",none
001027-082584-00004-X,דימונה,השקד,4,street,693547.42,3438442.3,31.0638118,35.0285476,השיבולים,6,"השיבולים 6, דימונה, ישראל",none
001027-082584-00005-X,דימונה,השקד,5,street,693547.42,3438442.3,31.0638118,35.0285476,השיבולים,6,"השיבולים 6, דימונה, ישראל",none
001027-082584-00006-X,דימונה,השקד,6,street,693547.42,3438442.3,31.0638118,35.0285476,השיבולים,6,"השיבולים 6, דימונה, ישראל",none
001027-082584-00007-X,דימונה,השקד,7,street,693547.42,3438442.3,31.0638118,35.0285476,השיבולים,6,"השיבולים 6, דימונה, ישראל",none
001027-082584-00010-X,דימונה,השקד,10,street,693547.42,3438442.3,31.0638118,35.0285476,השיבולים,6,"השיבולים 6, דימונה, ישראל",none
001027-082584-00011-X,דימונה,השקד,11,street,693547.42,3438442.3,31.0638118,35.0285476,השיבולים,6,"השיבולים 6, דימונה, ישראל",none
001027-082584-00012-X,דימונה,השקד,12,street,693547.42,3438442.3,31.0638118,35.0285476,השיבולים,6,"השיבולים 6, דימונה, ישראל",none
001027-082584-00013-X,דימונה,השקד,13,street,693547.42,3438442.3,31.0638118,35.0285476,השיבולים,6,"השיבולים 6, דימונה, ישראל",none
001027-082584-00014-X,דימונה,השקד,14,street,693547.42,3438442.3,31.0638118,35.0285476,השיבולים,6,"השיבולים 6, דימונה, ישראל",none
001027-082646-00000-X,דימונה,התירוש,,street,693145,3438398.99,31.0634875,35.0243239,הגפן,289,"הגפן 289, דימונה, ישראל",none
001027-082646-00001-X,דימונה,התירוש,1,street,693145,3438398.99,31.0634875,35.0243239,הגפן,289,"הגפן 289, דימונה, ישראל",none
001027-082646-00002-X,דימונה,התירוש,2,street,693145,3438398.99,31.0634875,35.0243239,הגפן,289,"הגפן 289, דימונה, ישראל",none
001027-082646-00003-X,דימונה,התירוש,3,street,693145,3438398.99,31.0634875,35.0243239,הגפן,289,"הגפן 289, דימונה, ישראל",none
001027-082646-00004-X,דימונה,התירוש,4,street,693145,3438398.99,31.0634875,35.0243239,הגפן,289,"הגפן 289, דימונה, ישראל",none
001027-082646-00005-X,דימונה,התירוש,5,street,693145,3438398.99,31.0634875,35.0243239,הגפן,289,"הגפן 289, דימונה, ישראל",none
001027-082646-00006-X,דימונה,התירוש,6,street,693145,3438398.99,31.0634875,35.0243239,הגפן,289,"הגפן 289, דימונה, ישראל",none
001027-082646-00007-X,דימונה,התירוש,7,street,693145,3438398.99,31.0634875,35.0243239,הגפן,289,"הגפן 289, דימונה, ישראל",none
001027-082646-00009-X,דימונה,התירוש,9,street,693145,3438398.99,31.0634875,35.0243239,הגפן,289,"הגפן 289, דימונה, ישראל",none
001027-082646-00010-X,דימונה,התירוש,10,street,693145,3438398.99,31.0634875,35.0243239,הגפן,289,"הגפן 289, דימונה, ישראל",none
001027-082646-00011-X,דימונה,התירוש,11,street,693145,3438398.99,31.0634875,35.0243239,הגפן,289,"הגפן 289, דימונה, ישראל",none
001027-082646-00012-X,דימונה,התירוש,12,street,693145,3438398.99,31.0634875,35.0243239,הגפן,289,"הגפן 289, דימונה, ישראל",none
001027-082646-00013-X,דימונה,התירוש,13,street,693145,3438398.99,31.0634875,35.0243239,הגפן,289,"הגפן 289, דימונה, ישראל",none
001027-082646-00014-X,דימונה,התירוש,14,street,693145,3438398.99,31.0634875,35.0243239,הגפן,289,"הגפן 289, דימונה, ישראל",none
001027-082696-00013-X,דימונה,היורה,13,exact,693965.09,3438025.95,31.0599885,35.032843,היורה,13,"היורה 13, דימונה, ישראל",exact
001027-082696-00067-X,דימונה,היורה,67,street,693953.62,3438010.11,31.0598475,35.0327198,היורה,12-20,"היורה 12-20, דימונה, ישראל",not_exact
001027-082696-00067-א,דימונה,היורה,67,street,693953.62,3438010.11,31.0598475,35.0327198,היורה,12-20,"היורה 12-20, דימונה, ישראל",not_exact
001027-082696-00067-ב,דימונה,היורה,67,street,693953.62,3438010.11,31.0598475,35.0327198,היורה,12-20,"היורה 12-20, דימונה, ישראל",not_exact
001027-082696-00774-X,דימונה,היורה,774,street,693953.62,3438010.11,31.0598475,35.0327198,היורה,12-20,"היורה 12-20, דימונה, ישראל",not_exact
001027-082696-00775-X,דימונה,היורה,775,street,693953.62,3438010.11,31.0598475,35.0327198,היורה,12-20,"היורה 12-20, דימונה, ישראל",not_exact
001027-082696-00776-X,דימונה,היורה,776,street,693953.62,3438010.11,31.0598475,35.0327198,היורה,12-20,"היורה 12-20, דימונה, ישראל",not_exact
001027-082696-00777-X,דימונה,היורה,777,street,693953.62,3438010.11,31.0598475,35.0327198,היורה,12-20,"היורה 12-20, דימונה, ישראל",not_exact
001027-082696-00778-X,דימונה,היורה,778,street,693953.62,3438010.11,31.0598475,35.0327198,היורה,12-20,"היורה 12-20, דימונה, ישראל",not_exact
001027-082696-00779-X,דימונה,היורה,779,street,693953.62,3438010.11,31.0598475,35.0327198,היורה,12-20,"היורה 12-20, דימונה, ישראל",not_exact
001027-082696-00780-X,דימונה,היורה,780,street,693953.62,3438010.11,31.0598475,35.0327198,היורה,12-20,"היורה 12-20, דימונה, ישראל",not_exact
001027-082696-00781-X,דימונה,היורה,781,street,693953.62,3438010.11,31.0598475,35.0327198,היורה,12-20,"היורה 12-20, דימונה, ישראל",not_exact
001027-082696-00785-X,דימונה,היורה,785,street,693953.62,3438010.11,31.0598475,35.0327198,היורה,12-20,"היורה 12-20, דימונה, ישראל",not_exact
001027-082696-00786-X,דימונה,היורה,786,street,693953.62,3438010.11,31.0598475,35.0327198,היורה,12-20,"היורה 12-20, דימונה, ישראל",not_exact
001027-082696-00787-X,דימונה,היורה,787,street,693953.62,3438010.11,31.0598475,35.0327198,היורה,12-20,"היורה 12-20, דימונה, ישראל",not_exact
001027-082696-00788-X,דימונה,היורה,788,street,693953.62,3438010.11,31.0598475,35.0327198,היורה,12-20,"היורה 12-20, דימונה, ישראל",not_exact
001027-082696-00790-X,דימונה,היורה,790,street,693953.62,3438010.11,31.0598475,35.0327198,היורה,12-20,"היורה 12-20, דימונה, ישראל",not_exact
001027-082696-00791-X,דימונה,היורה,791,street,693953.62,3438010.11,31.0598475,35.0327198,היורה,12-20,"היורה 12-20, דימונה, ישראל",not_exact
001027-082696-00792-X,דימונה,היורה,792,street,693953.62,3438010.11,31.0598475,35.0327198,היורה,12-20,"היורה 12-20, דימונה, ישראל",not_exact
001027-082696-00793-X,דימונה,היורה,793,street,693953.62,3438010.11,31.0598475,35.0327198,היורה,12-20,"היורה 12-20, דימונה, ישראל",not_exact
001027-082696-00795-X,דימונה,היורה,795,street,693953.62,3438010.11,31.0598475,35.0327198,היורה,12-20,"היורה 12-20, דימונה, ישראל",not_exact
001027-082696-00796-X,דימונה,היורה,796,street,693953.62,3438010.11,31.0598475,35.0327198,היורה,12-20,"היורה 12-20, דימונה, ישראל",not_exact
001027-082696-00797-X,דימונה,היורה,797,street,693953.62,3438010.11,31.0598475,35.0327198,היורה,12-20,"היורה 12-20, דימונה, ישראל",not_exact
001027-082696-00798-X,דימונה,היורה,798,street,693953.62,3438010.11,31.0598475,35.0327198,היורה,12-20,"היורה 12-20, דימונה, ישראל",not_exact
001027-082696-00799-X,דימונה,היורה,799,street,693953.62,3438010.11,31.0598475,35.0327198,היורה,12-20,"היורה 12-20, דימונה, ישראל",not_exact
001027-082759-00025-ב,דימונה,הצבר,25,street,694193.78,3438332.81,31.0627178,35.0352974,צבר,9,"צבר 9, דימונה, ישראל",not_exact
001027-082759-00026-X,דימונה,הצבר,26,street,694193.78,3438332.81,31.0627178,35.0352974,צבר,9,"צבר 9, דימונה, ישראל",not_exact
001027-082759-00026-א,דימונה,הצבר,26,street,694193.78,3438332.81,31.0627178,35.0352974,צבר,9,"צבר 9, דימונה, ישראל",not_exact
001027-082759-00026-ב,דימונה,הצבר,26,street,694193.78,3438332.81,31.0627178,35.0352974,צבר,9,"צבר 9, דימונה, ישראל",not_exact
001027-082759-00027-א,דימונה,הצבר,27,street,694193.78,3438332.81,31.0627178,35.0352974,צבר,9,"צבר 9, דימונה, ישראל",not_exact
001027-082759-00027-ב,דימונה,הצבר,27,street,694193.78,3438332.81,31.0627178,35.0352974,צבר,9,"צבר 9, דימונה, ישראל",not_exact
001027-082952-01006-X,דימונה,העצמאות,1006,street,693617.55,3439086.97,31.0696135,35.0294057,רחבת הסוכנות,1094,"רחבת הסוכנות 1094, דימונה, ישראל",none
001027-082952-01009-X,דימונה,העצמאות,1009,street,693617.55,3439086.97,31.0696135,35.0294057,רחבת הסוכנות,1094,"רחבת הסוכנות 1094, דימונה, ישראל",none
001027-082952-01009-א,דימונה,העצמאות,1009,street,693617.55,3439086.97,31.0696135,35.0294057,רחבת הסוכנות,1094,"רחבת הסוכנות 1094, דימונה, ישראל",none
001027-082952-01012-X,דימונה,העצמאות,1012,street,693617.55,3439086.97,31.0696135,35.0294057,רחבת הסוכנות,1094,"רחבת הסוכנות 1094, דימונה, ישראל",none
001027-082952-01012-א,דימונה,העצמאות,1012,street,693617.55,3439086.97,31.0696135,35.0294057,רחבת הסוכנות,1094,"רחבת הסוכנות 1094, דימונה, ישראל",none
001027-082952-01012-ב,דימונה,העצמאות,1012,street,693617.55,3439086.97,31.0696135,35.0294057,רחבת הסוכנות,1094,"רחבת הסוכנות 1094, דימונה, ישראל",none
001027-082952-01012-ג,דימונה,העצמאות,1012,street,693617.55,3439086.97,31.0696135,35.0294057,רחבת הסוכנות,1094,"רחבת הסוכנות 1094, דימונה, ישראל",none
001027-082952-01012-ד,דימונה,העצמאות,1012,street,693617.55,3439086.97,31.0696135,35.0294057,רחבת הסוכנות,1094,"רחבת הסוכנות 1094, דימונה, ישראל",none
001027-082952-01012-ה,דימונה,העצמאות,1012,street,693617.55,3439086.97,31.0696135,35.0294057,רחבת הסוכנות,1094,"רחבת הסוכנות 1094, דימונה, ישראל",none
001027-082952-01013-X,דימונה,העצמאות,1013,street,693617.55,3439086.97,31.0696135,35.0294057,רחבת הסוכנות,1094,"רחבת הסוכנות 1094, דימונה, ישראל",none
001027-082952-01013-א,דימונה,העצמאות,1013,street,693617.55,3439086.97,31.0696135,35.0294057,רחבת הסוכנות,1094,"רחבת הסוכנות 1094, דימונה, ישראל",none
001027-082952-01013-ב,דימונה,העצמאות,1013,street,693617.55,3439086.97,31.0696135,35.0294057,רחבת הסוכנות,1094,"רחבת הסוכנות 1094, דימונה, ישראל",none
001027-082952-01013-ג,דימונה,העצמאות,1013,street,693617.55,3439086.97,31.0696135,35.0294057,רחבת הסוכנות,1094,"רחבת הסוכנות 1094, דימונה, ישראל",none
001027-082952-01013-ד,דימונה,העצמאות,1013,street,693617.55,3439086.97,31.0696135,35.0294057,רחבת הסוכנות,1094,"רחבת הסוכנות 1094, דימונה, ישראל",none
001027-082996-00001-X,דימונה,המעפיל,1,street,694274.81,3439353.02,31.071904,35.0363423,המעפיל,238,"המעפיל 238, דימונה, ישראל",not_exact
001027-082996-00002-X,דימונה,המעפיל,2,exact,693699.07,3439273.8,31.0712848,35.0302955,יצחק צוקרמן,1011,"יצחק צוקרמן 1011, דימונה, ישראל",none
001027-082996-00004-X,דימונה,המעפיל,4,exact,693718.16,3439314.69,31.0716504,35.0305034,המעפיל,4,"המעפיל 4, דימונה, ישראל",exact
001027-082996-00006-X,דימונה,המעפיל,6,exact,693753.58,3439317.74,31.071672,35.030875,המעפיל,1007,"המעפיל 1007, דימונה, ישראל",not_exact
001027-082996-00007-X,דימונה,המעפיל,7,street,694274.81,3439353.02,31.071904,35.0363423,המעפיל,238,"המעפיל 238, דימונה, ישראל",not_exact
001027-082996-00008-X,דימונה,המעפיל,8,street,694274.81,3439353.02,31.071904,35.0363423,המעפיל,238,"המעפיל 238, דימונה, ישראל",not_exact
001027-082996-00009-X,דימונה,המעפיל,9,exact,693996.22,3439372.92,31.0721295,35.0334275,המעפיל,1055,"המעפיל 1055, דימונה, ישראל",not_exact
001027-082996-00011-X,דימונה,המעפיל,11,exact,694006.98,3439366.97,31.0720741,35.0335391,המעפיל,1068,"המעפיל 1068, דימונה, ישראל",not_exact
001027-082996-00012-X,דימונה,המעפיל,12,exact,694006.4,3439332.14,31.0717601,35.0335264,המעפיל,1056,"המעפיל 1056, דימונה, ישראל",not_exact
001027-082996-00013-X,דימונה,המעפיל,13,exact,694018.34,3439373.2,31.0721284,35.0336593,המעפיל,1067,"המעפיל 1067, דימונה, ישראל",not_exact
001027-082996-00014-X,דימונה,המעפיל,14,exact,694014.62,3439328.57,31.0717266,35.0336118,המעפיל,1056,"המעפיל 1056, דימונה, ישראל",not_exact
001027-082996-00015-X,דימונה,המעפיל,15,exact,694034.15,3439367.58,31.0720751,35.0338239,המעפיל,1066,"המעפיל 1066, דימונה, ישראל",not_exact
001027-082996-00016-X,דימונה,המעפיל,16,exact,694021.46,3439332.89,31.0717644,35.0336843,המעפיל,1056,"המעפיל 1056, דימונה, ישראל",not_exact
001027-082996-00017-X,דימונה,המעפיל,17,exact,694044.92,3439372.77,31.0721201,35.0339377,המעפיל,1065,"המעפיל 1065, דימונה, ישראל",not_exact
001027-082996-00018-X,דימונה,המעפיל,18,street,694274.81,3439353.02,31.071904,35.0363423,המעפיל,238,"המעפיל 238, דימונה, ישראל",not_exact
001027-082996-00019-X,דימונה,המעפיל,19,exact,694058.1,3439368.66,31.0720809,35.034075,המעפיל,1064,"המעפיל 1064, דימונה, ישראל",not_exact
001027-082996-00021-X,דימונה,המעפיל,21,exact,694136.98,3439372.61,31.0721035,35.0349021,המעפיל,1205,"המעפיל 1205, דימונה, ישראל",not_exact
001027-082996-00022-X,דימונה,המעפיל,22,exact,694148.77,3439336.35,31.0717745,35.0350187,המעפיל,1237,"המעפיל 1237, דימונה, ישראל",not_exact
001027-082996-00026-X,דימונה,המעפיל,26,exact,694182.04,3439337.48,31.0717792,35.0353674,המעפיל,1237,"המעפיל 1237, דימונה, ישראל",not_exact
001027-082996-00027-X,דימונה,המעפיל,27,exact,694176.44,3439380.19,31.0721653,35.035317,המעפיל,28,"המעפיל 28, דימונה, ישראל",not_exact
001027-082996-00028-X,דימונה,המעפיל,28,exact,694198.69,3439334.89,31.0717531,35.0355414,המעפיל,28,"המעפיל 28, דימונה, ישראל",exact
001027-082996-00029-X,דימונה,המעפיל,29,exact,694190.38,3439386.38,31.0722188,35.0354642,משעול רגבים,21,"משעול רגבים 21, דימונה, ישראל",none
001027-082996-00032-X,דימונה,המעפיל,32,exact,694245.19,3439335.88,31.0717544,35.0360287,,,"המעפיל/בן גוריון, דימונה, ישראל",none
001027-082996-00036-X,דימונה,המעפיל,36,exact,694282.53,3439337.43,31.0717622,35.0364202,המעפיל,238,"המעפיל 238, דימונה, ישראל",not_exact
001027-082996-00038-X,דימונה,המעפיל,38,exact,694303.16,3439336.98,31.0717547,35.0366362,המעפיל,238,"המעפיל 238, דימונה, ישראל",not_exact
001027-082996-00039-X,דימונה,המעפיל,39,street,694274.81,3439353.02,31.071904,35.0363423,המעפיל,238,"המעפיל 238, דימונה, ישראל",not_exact
001027-082996-00041-X,דימונה,המעפיל,41,street,694274.81,3439353.02,31.071904,35.0363423,המעפיל,238,"המעפיל 238, דימונה, ישראל",not_exact
001027-082996-00042-X,דימונה,המעפיל,42,exact,694360.37,3439338.17,31.0717559,35.0372358,המעפיל,239,"המעפיל 239, דימונה, ישראל",not_exact
001027-082996-00043-X,דימונה,המעפיל,43,street,694274.81,3439353.02,31.071904,35.0363423,המעפיל,238,"המעפיל 238, דימונה, ישראל",not_exact
001027-082996-00044-X,דימונה,המעפיל,44,exact,694378.89,3439339.1,31.0717613,35.03743,המעפיל,239,"המעפיל 239, דימונה, ישראל",not_exact
001027-082996-00045-X,דימונה,המעפיל,45,street,694274.81,3439353.02,31.071904,35.0363423,המעפיל,238,"המעפיל 238, דימונה, ישראל",not_exact
001027-082996-00047-X,דימונה,המעפיל,47,exact,694251.04,3439377.17,31.0721257,35.0360979,המעפיל,47,"המעפיל 47, דימונה, ישראל",exact
001027-082996-00049-X,דימונה,המעפיל,49,exact,694261.92,3439382.41,31.0721712,35.0362129,המעפיל,49,"המעפיל 49, דימונה, ישראל",exact
001027-082996-00050-X,דימונה,המעפיל,50,exact,694437.21,3439339.34,31.0717538,35.038041,,,"המעפיל/השלווה, דימונה, ישראל",none
001027-082996-00051-X,דימונה,המעפיל,51,exact,694277.08,3439385,31.072192,35.0363722,המעפיל,51,"המעפיל 51, דימונה, ישראל",exact
001027-082996-00052-X,דימונה,המעפיל,52,street,694274.81,3439353.02,31.071904,35.0363423,המעפיל,238,"המעפיל 238, דימונה, ישראל",not_exact
001027-082996-00053-X,דימונה,המעפיל,53,exact,694290.03,3439383.25,31.0721741,35.0365075,המעפיל,53,"המעפיל 53, דימונה, ישראל",exact
001027-082996-00054-X,דימונה,המעפיל,54,exact,694541.11,3439350.07,31.0718333,35.0391315,המעפיל,1,"המעפיל 1, דימונה, ישראל",not_exact
001027-082996-00055-X,דימונה,המעפיל,55,exact,694304.81,3439390.79,31.0722396,35.0366638,המעפיל,55,"המעפיל 55, דימונה, ישראל",exact
001027-082996-00056-X,דימונה,המעפיל,56,exact,694558.95,3439347.9,31.0718108,35.039318,המעפיל,2,"המעפיל 2, דימונה, ישראל",not_exact
001027-082996-00058-X,דימונה,המעפיל,58,exact,694578,3439349.82,31.0718249,35.0395179,המעפיל,3,"המעפיל 3, דימונה, ישראל",not_exact
001027-082996-00059-X,דימונה,המעפיל,59,exact,694612.58,3439377.08,31.072065,35.0398854,הפיסגה,35,"הפיסגה 35, דימונה, ישראל",none
001027-082996-00060-X,דימונה,המעפיל,60,exact,694593.91,3439350.68,31.0718301,35.0396848,המעפיל,4,"המעפיל 4, דימונה, ישראל",not_exact
001027-082996-00061-X,דימונה,המעפיל,61,exact,694643.58,3439376.24,31.0720523,35.04021,המעפיל,33,"המעפיל 33, דימונה, ישראל",not_exact
001027-082996-00064-X,דימונה,המעפיל,64,exact,694639.07,3439343.79,31.0717605,35.0401565,המעפיל,6,"המעפיל 6, דימונה, ישראל",not_exact
001027-082996-00065-X,דימונה,המעפיל,65,exact,694681.9,3439357.72,31.071879,35.0406079,המעפיל,29,"המעפיל 29, דימונה, ישראל",not_exact
001027-082996-00066-X,דימונה,המעפיל,66,exact,694660.4,3439336.18,31.0716883,35.0403785,המעפיל,7,"המעפיל 7, דימונה, ישראל",not_exact
001027-082996-00067-X,דימונה,המעפיל,67,exact,694695.89,3439350.68,31.0718132,35.0407531,המעפיל,27,"המעפיל 27, דימונה, ישראל",not_exact
001027-082996-00068-X,דימונה,המעפיל,68,exact,694674.31,3439323.05,31.0715676,35.0405217,המעפיל,8,"המעפיל 8, דימונה, ישראל",not_exact
001027-082996-00069-X,דימונה,המעפיל,69,exact,694711.72,3439335.87,31.071677,35.0409161,המעפיל,25,"המעפיל 25, דימונה, ישראל",not_exact
001027-082996-00070-X,דימונה,המעפיל,70,exact,694688.98,3439310.28,31.07145,35.0406729,המעפיל,9,"המעפיל 9, דימונה, ישראל",not_exact
001027-082996-00071-X,דימונה,המעפיל,71,exact,694720.69,3439321.37,31.0715447,35.0410073,המעלה,25,"המעלה 25, דימונה, ישראל",none
001027-082996-00072-X,דימונה,המעפיל,72,exact,694701.67,3439300.97,31.0713639,35.0408041,המעפיל,10,"המעפיל 10, דימונה, ישראל",not_exact
001027-082996-00073-X,דימונה,המעפיל,73,exact,694765.12,3439279.24,31.0711575,35.0414646,המעפיל,20,"המעפיל 20, דימונה, ישראל",not_exact
001027-082996-00075-X,דימונה,המעפיל,75,exact,694782.3,3439265.46,31.0710304,35.0416419,המעפיל,18,"המעפיל 18, דימונה, ישראל",not_exact
001027-082996-00076-X,דימונה,המעפיל,76,exact,694728.86,3439266.99,31.071053,35.0410824,המעפיל,12,"המעפיל 12, דימונה, ישראל",not_exact
001027-082996-00077-X,דימונה,המעפיל,77,exact,694790.29,3439248.85,31.0708793,35.0417224,המעפיל,16,"המעפיל 16, דימונה, ישראל",not_exact
001027-082996-00078-X,דימונה,המעפיל,78,exact,694742.22,3439255.69,31.0709489,35.0412202,המעפיל,13,"המעפיל 13, דימונה, ישראל",not_exact
001027-082996-00079-X,דימונה,המעפיל,79,exact,694796.86,3439234.96,31.0707529,35.0417886,המעפיל,244,"המעפיל 244, דימונה, ישראל",not_exact
001027-082996-00081-X,דימונה,המעפיל,81,exact,694807.43,3439216.56,31.0705852,35.0418958,המעפיל,243,"המעפיל 243, דימונה, ישראל",not_exact
001027-082996-00082-X,דימונה,המעפיל,82,exact,694765.5,3439229.09,31.0707052,35.0414589,המעפיל,15,"המעפיל 15, דימונה, ישראל",not_exact
001027-082996-00083-X,דימונה,המעפיל,83,exact,694813.95,3439200.52,31.0704395,35.041961,המעפיל,89,"המעפיל 89, דימונה, ישראל",not_exact
001027-082996-00084-X,דימונה,המעפיל,84,exact,694777.9,3439210.08,31.0705317,35.0415852,המעפיל,100,"המעפיל 100, דימונה, ישראל",not_exact
001027-082996-00085-X,דימונה,המעפיל,85,exact,694823.68,3439161.25,31.0700838,35.0420553,המעפיל,252,"המעפיל 252, דימונה, ישראל",not_exact
001027-082996-00087-X,דימונה,המעפיל,87,exact,694836.62,3439151.73,31.0699958,35.0421891,המעפיל,253,"המעפיל 253, דימונה, ישראל",not_exact
001027-082996-00088-X,דימונה,המעפיל,88,exact,694814.02,3439127.63,31.0697822,35.0419477,המעפיל,394,"המעפיל 394, דימונה, ישראל",not_exact
001027-082996-00090-X,דימונה,המעפיל,90,exact,694826.84,3439115.66,31.0696722,35.0420797,המעפיל,393,"המעפיל 393, דימונה, ישראל",not_exact
001027-082996-00091-X,דימונה,המעפיל,91,exact,694857.87,3439128.84,31.0697859,35.0424073,המעפיל,254,"המעפיל 254, דימונה, ישראל",not_exact
001027-082996-00092-X,דימונה,המעפיל,92,exact,694838.39,3439107.04,31.0695925,35.042199,המעפיל,392,"המעפיל 392, דימונה, ישראל",not_exact
001027-082996-00093-X,דימונה,המעפיל,93,street,694274.81,3439353.02,31.071904,35.0363423,המעפיל,238,"המעפיל 238, דימונה, ישראל",not_exact
001027-082996-00094-X,דימונה,המעפיל,94,exact,694849.62,3439096.18,31.0694927,35.0423145,המעפיל,391,"המעפיל 391, דימונה, ישראל",not_exact
001027-082996-00096-X,דימונה,המעפיל,96,exact,694862.08,3439087.76,31.0694147,35.0424435,המעפיל,390,"המעפיל 390, דימונה, ישראל",not_exact
001027-082996-00098-X,דימונה,המעפיל,98,exact,694871.54,3439073.89,31.0692881,35.0425399,המעפיל,98,"המעפיל 98, דימונה, ישראל",exact
001027-082996-00102-X,דימונה,המעפיל,102,street,694274.81,3439353.02,31.071904,35.0363423,המעפיל,238,"המעפיל 238, דימונה, ישראל",not_exact
001027-082996-01015-X,דימונה,המעפיל,1015,street,694274.81,3439353.02,31.071904,35.0363423,המעפיל,238,"המעפיל 238, דימונה, ישראל",not_exact
001027-082996-01015-א,דימונה,המעפיל,1015,street,694274.81,3439353.02,31.071904,35.0363423,המעפיל,238,"המעפיל 238, דימונה, ישראל",not_exact
001027-082996-01015-ג,דימונה,המעפיל,1015,street,694274.81,3439353.02,31.071904,35.0363423,המעפיל,238,"המעפיל 238, דימונה, ישראל",not_exact
001027-082996-01015-ה,דימונה,המעפיל,1015,street,694274.81,3439353.02,31.071904,35.0363423,המעפיל,238,"המעפיל 238, דימונה, ישראל",not_exact
001027-082996-01015-ו,דימונה,המעפיל,1015,street,694274.81,3439353.02,31.071904,35.0363423,המעפיל,238,"המעפיל 238, דימונה, ישראל",not_exact
001027-082996-01055-X,דימונה,המעפיל,1055,street,694274.81,3439353.02,31.071904,35.0363423,המעפיל,238,"המעפיל 238, דימונה, ישראל",not_exact
001027-082996-01055-א,דימונה,המעפיל,1055,street,694274.81,3439353.02,31.071904,35.0363423,המעפיל,238,"המעפיל 238, דימונה, ישראל",not_exact
001027-082996-01055-ב,דימונה,המעפיל,1055,street,694274.81,3439353.02,31.071904,35.0363423,המעפיל,238,"המעפיל 238, דימונה, ישראל",not_exact
001027-082996-01055-ג,דימונה,המעפיל,1055,street,694274.81,3439353.02,31.071904,35.0363423,המעפיל,238,"המעפיל 238, דימונה, ישראל",not_exact
001027-082996-01055-ד,דימונה,המעפיל,1055,street,694274.81,3439353.02,31.071904,35.0363423,המעפיל,238,"המעפיל 238, דימונה, ישראל",not_exact
001027-082996-01055-ה,דימונה,המעפיל,1055,street,694274.81,3439353.02,31.071904,35.0363423,המעפיל,238,"המעפיל 238, דימונה, ישראל",not_exact
001027-082996-01067-X,דימונה,המעפיל,1067,street,694274.81,3439353.02,31.071904,35.0363423,המעפיל,238,"המעפיל 238, דימונה, ישראל",not_exact
001027-082996-01067-א,דימונה,המעפיל,1067,street,694274.81,3439353.02,31.071904,35.0363423,המעפיל,238,"המעפיל 238, דימונה, ישראל",not_exact
001027-082996-01067-ב,דימונה,המעפיל,1067,street,694274.81,3439353.02,31.071904,35.0363423,המעפיל,238,"המעפיל 238, דימונה, ישראל",not_exact
001027-082996-01067-ג,דימונה,המעפיל,1067,street,694274.81,3439353.02,31.071904,35.0363423,המעפיל,238,"המעפיל 238, דימונה, ישראל",not_exact
001027-082996-01067-ד,דימונה,המעפיל,1067,street,694274.81,3439353.02,31.071904,35.0363423,המעפיל,238,"המעפיל 238, דימונה, ישראל",not_exact
001027-082996-01067-ה,דימונה,המעפיל,1067,street,694274.81,3439353.02,31.071904,35.0363423,המעפיל,238,"המעפיל 238, דימונה, ישראל",not_exact
001027-082996-01067-ו,דימונה,המעפיל,1067,street,694274.81,3439353.02,31.071904,35.0363423,המעפיל,238,"המעפיל 238, דימונה, ישראל",not_exact
001027-082996-01205-א,דימונה,המעפיל,1205,exact,694142.96,3439372.93,31.0721054,35.0349648,המעפיל,1205,"המעפיל 1205, דימונה, ישראל",exact
001027-082996-01205-ב,דימונה,המעפיל,1205,exact,694142.96,3439372.93,31.0721054,35.0349648,המעפיל,1205,"המעפיל 1205, דימונה, ישראל",exact
001027-082996-01205-ג,דימונה,המעפיל,1205,exact,694142.96,3439372.93,31.0721054,35.0349648,המעפיל,1205,"המעפיל 1205, דימונה, ישראל",exact
001027-082996-01205-ד,דימונה,המעפיל,1205,exact,694142.96,3439372.93,31.0721054,35.0349648,המעפיל,1205,"המעפיל 1205, דימונה, ישראל",exact
001027-082996-01205-ה,דימונה,המעפיל,1205,exact,694142.96,3439372.93,31.0721054,35.0349648,המעפיל,1205,"המעפיל 1205, דימונה, ישראל",exact
001027-082996-01209-X,דימונה,המעפיל,1209,street,694274.81,3439353.02,31.071904,35.0363423,המעפיל,238,"המעפיל 238, דימונה, ישראל",not_exact
001027-082996-01209-א,דימונה,המעפיל,1209,street,694274.81,3439353.02,31.071904,35.0363423,המעפיל,238,"המעפיל 238, דימונה, ישראל",not_exact
001027-082996-01209-ג,דימונה,המעפיל,1209,street,694274.81,3439353.02,31.071904,35.0363423,המעפיל,238,"המעפיל 238, דימונה, ישראל",not_exact
001027-082996-01209-ד,דימונה,המעפיל,1209,street,694274.81,3439353.02,31.071904,35.0363423,המעפיל,238,"המעפיל 238, דימונה, ישראל",not_exact
001027-082996-01209-ה,דימונה,המעפיל,1209,street,694274.81,3439353.02,31.071904,35.0363423,המעפיל,238,"המעפיל 238, דימונה, ישראל",not_exact
001027-082996-01215-X,דימונה,המעפיל,1215,street,694274.81,3439353.02,31.071904,35.0363423,המעפיל,238,"המעפיל 238, דימונה, ישראל",not_exact
001027-082996-01215-א,דימונה,המעפיל,1215,street,694274.81,3439353.02,31.071904,35.0363423,המעפיל,238,"המעפיל 238, דימונה, ישראל",not_exact
001027-082996-01215-ב,דימונה,המעפיל,1215,street,694274.81,3439353.02,31.071904,35.0363423,המעפיל,238,"המעפיל 238, דימונה, ישראל",not_exact
001027-082996-01215-ד,דימונה,המעפיל,1215,street,694274.81,3439353.02,31.071904,35.0363423,המעפיל,238,"המעפיל 238, דימונה, ישראל",not_exact
001027-082996-01237-X,דימונה,המעפיל,1237,street,694274.81,3439353.02,31.071904,35.0363423,המעפיל,238,"המעפיל 238, דימונה, ישראל",not_exact
001027-082996-01237-א,דימונה,המעפיל,1237,street,694274.81,3439353.02,31.071904,35.0363423,המעפיל,238,"המעפיל 238, דימונה, ישראל",not_exact
001027-082996-01237-ב,דימונה,המעפיל,1237,street,694274.81,3439353.02,31.071904,35.0363423,המעפיל,238,"המעפיל 238, דימונה, ישראל",not_exact
001027-082996-01237-ג,דימונה,המעפיל,1237,street,694274.81,3439353.02,31.071904,35.0363423,המעפיל,238,"המעפיל 238, דימונה, ישראל",not_exact
001027-082996-01237-ד,דימונה,המעפיל,1237,street,694274.81,3439353.02,31.071904,35.0363423,המעפיל,238,"המעפיל 238, דימונה, ישראל",not_exact
001027-082996-01237-ה,דימונה,המעפיל,1237,street,694274.81,3439353.02,31.071904,35.0363423,המעפיל,238,"המעפיל 238, דימונה, ישראל",not_exact
001027-082996-01238-X,דימונה,המעפיל,1238,street,694274.81,3439353.02,31.071904,35.0363423,המעפיל,238,"המעפיל 238, דימונה, ישראל",not_exact
001027-082996-01238-ב,דימונה,המעפיל,1238,street,694274.81,3439353.02,31.071904,35.0363423,המעפיל,238,"המעפיל 238, דימונה, ישראל",not_exact
001027-082996-01238-ה,דימונה,המעפיל,1238,street,694274.81,3439353.02,31.071904,35.0363423,המעפיל,238,"המעפיל 238, דימונה, ישראל",not_exact
001027-082996-01239-X,דימונה,המעפיל,1239,street,694274.81,3439353.02,31.071904,35.0363423,המעפיל,238,"המעפיל 238, דימונה, ישראל",not_exact
001027-082996-01239-א,דימונה,המעפיל,1239,street,694274.81,3439353.02,31.071904,35.0363423,המעפיל,238,"המעפיל 238, דימונה, ישראל",not_exact
001027-082996-01239-ב,דימונה,המעפיל,1239,street,694274.81,3439353.02,31.071904,35.0363423,המעפיל,238,"המעפיל 238, דימונה, ישראל",not_exact
001027-082996-01239-ג,דימונה,המעפיל,1239,street,694274.81,3439353.02,31.071904,35.0363423,המעפיל,238,"המעפיל 238, דימונה, ישראל",not_exact
001027-082996-01239-ה,דימונה,המעפיל,1239,street,694274.81,3439353.02,31.071904,35.0363423,המעפיל,238,"המעפיל 238, דימונה, ישראל",not_exact
001027-083058-00000-X,דימונה,טיילת הספורט,,street,693972.85,3439276.81,31.0712667,35.0331643,טיילת הספורט,1058,"טיילת הספורט 1058, דימונה, ישראל",not_exact
001027-083058-00004-X,דימונה,טיילת הספורט,4,exact,693991.82,3438947.46,31.0682937,35.0332998,טיילת הספורט,286,"טיילת הספורט 286, דימונה, ישראל",not_exact
001027-083058-00006-X,דימונה,טיילת הספורט,6,exact,693992.05,3438974.65,31.0685388,35.0333074,טיילת הספורט,287,"טיילת הספורט 287, דימונה, ישראל",not_exact
001027-083058-00008-X,דימונה,טיילת הספורט,8,exact,693990.92,3439002.68,31.0687918,35.033301,טיילת הספורט,288,"טיילת הספורט 288, דימונה, ישראל",not_exact
001027-083058-00010-X,דימונה,טיילת הספורט,10,exact,693990.22,3439030.7,31.0690446,35.033299,טיילת הספורט,289,"טיילת הספורט 289, דימונה, ישראל",not_exact
001027-083058-00012-X,דימונה,טיילת הספורט,12,exact,693989.63,3439057.65,31.0692877,35.033298,השקמה,,"48, השקמה, Dimona, ישראל",none
001027-083058-00016-X,דימונה,טיילת הספורט,16,street,693972.85,3439276.81,31.0712667,35.0331643,טיילת הספורט,1058,"טיילת הספורט 1058, דימונה, ישראל",not_exact
001027-083058-00018-X,דימונה,טיילת הספורט,18,exact,693983.73,3439191.01,31.0704912,35.0332618,טיילת הספורט,1060,"טיילת הספורט 1060, דימונה, ישראל",not_exact
001027-083058-00021-X,דימונה,טיילת הספורט,21,street,693972.85,3439276.81,31.0712667,35.0331643,טיילת הספורט,1058,"טיילת הספורט 1058, דימונה, ישראל",not_exact
001027-083058-00024-X,דימונה,טיילת הספורט,24,exact,693987.84,3439271.9,31.07122,35.0333204,טיילת הספורט,1058,"טיילת הספורט 1058, דימונה, ישראל",not_exact
001027-083058-00026-X,דימונה,טיילת הספורט,26,exact,693984.71,3439301.09,31.0714837,35.0332932,טיילת הספורט,1057,"טיילת הספורט 1057, דימונה, ישראל",not_exact
001027-083058-00028-X,דימונה,טיילת הספורט,28,exact,693983,3439329.32,31.0717386,35.0332807,טיילת הספורט,1056,"טיילת הספורט 1056, דימונה, ישראל",not_exact
001027-083058-00032-X,דימונה,טיילת הספורט,32,exact,693991.93,3439408.39,31.0724501,35.0333894,דרך דוד בן גוריון,1103,"דרך דוד בן גוריון 1103, דימונה, ישראל",none
001027-083058-00034-X,דימונה,טיילת הספורט,34,exact,693991.85,3439451.48,31.0728387,35.0333968,רחבת יציאת אירופה,1102,"רחבת יציאת אירופה 1102, דימונה, ישראל",none
001027-083058-00036-X,דימונה,טיילת הספורט,36,exact,693993.88,3439506.96,31.0733386,35.0334288,רחבת יציאת אירופה,1,"רחבת יציאת אירופה 1, דימונה, ישראל",none
001027-083058-00040-X,דימונה,טיילת הספורט,40,exact,693980.77,3439561.9,31.0738362,35.033302,טיילת הספורט,1050,"טיילת הספורט 1050, דימונה, ישראל",not_exact
001027-083058-00042-X,דימונה,טיילת הספורט,42,exact,693980.56,3439591.21,31.0741005,35.0333054,טיילת הספורט,1049,"טיילת הספורט 1049, דימונה, ישראל",not_exact
001027-083058-00046-X,דימונה,טיילת הספורט,46,exact,693979.68,3439645.31,31.0745885,35.0333066,רחבת יציאת אירופה,1048,"רחבת יציאת אירופה 1048, דימונה, ישראל",none
001027-083058-00287-X,דימונה,טיילת הספורט,287,street,693972.85,3439276.81,31.0712667,35.0331643,טיילת הספורט,1058,"טיילת הספורט 1058, דימונה, ישראל",not_exact
001027-083058-00288-X,דימונה,טיילת הספורט,288,street,693972.85,3439276.81,31.0712667,35.0331643,טיילת הספורט,1058,"טיילת הספורט 1058, דימונה, ישראל",not_exact
001027-083058-01047-א,דימונה,טיילת הספורט,1047,street,693972.85,3439276.81,31.0712667,35.0331643,טיילת הספורט,1058,"טיילת הספורט 1058, דימונה, ישראל",not_exact
001027-083058-01047-ב,דימונה,טיילת הספורט,1047,street,693972.85,3439276.81,31.0712667,35.0331643,טיילת הספורט,1058,"טיילת הספורט 1058, דימונה, ישראל",not_exact
001027-083058-01047-ג,דימונה,טיילת הספורט,1047,street,693972.85,3439276.81,31.0712667,35.0331643,טיילת הספורט,1058,"טיילת הספורט 1058, דימונה, ישראל",not_exact
001027-083058-01047-ה,דימונה,טיילת הספורט,1047,street,693972.85,3439276.81,31.0712667,35.0331643,טיילת הספורט,1058,"טיילת הספורט 1058, דימונה, ישראל",not_exact
001027-083058-01047-ו,דימונה,טיילת הספורט,1047,street,693972.85,3439276.81,31.0712667,35.0331643,טיילת הספורט,1058,"טיילת הספורט 1058, דימונה, ישראל",not_exact
001027-083058-01047-ז,דימונה,טיילת הספורט,1047,street,693972.85,3439276.81,31.0712667,35.0331643,טיילת הספורט,1058,"טיילת הספורט 1058, דימונה, ישראל",not_exact
001027-083058-01048-X,דימונה,טיילת הספורט,1048,street,693972.85,3439276.81,31.0712667,35.0331643,טיילת הספורט,1058,"טיילת הספורט 1058, דימונה, ישראל",not_exact
001027-083058-01048-א,דימונה,טיילת הספורט,1048,street,693972.85,3439276.81,31.0712667,35.0331643,טיילת הספורט,1058,"טיילת הספורט 1058, דימונה, ישראל",not_exact
001027-083058-01048-ב,דימונה,טיילת הספורט,1048,street,693972.85,3439276.81,31.0712667,35.0331643,טיילת הספורט,1058,"טיילת הספורט 1058, דימונה, ישראל",not_exact
001027-083058-01048-ג,דימונה,טיילת הספורט,1048,street,693972.85,3439276.81,31.0712667,35.0331643,טיילת הספורט,1058,"טיילת הספורט 1058, דימונה, ישראל",not_exact
001027-083058-01048-ד,דימונה,טיילת הספורט,1048,street,693972.85,3439276.81,31.0712667,35.0331643,טיילת הספורט,1058,"טיילת הספורט 1058, דימונה, ישראל",not_exact
001027-083058-01049-א,דימונה,טיילת הספורט,1049,street,693972.85,3439276.81,31.0712667,35.0331643,טיילת הספורט,1058,"טיילת הספורט 1058, דימונה, ישראל",not_exact
001027-083058-01049-ד,דימונה,טיילת הספורט,1049,street,693972.85,3439276.81,31.0712667,35.0331643,טיילת הספורט,1058,"טיילת הספורט 1058, דימונה, ישראל",not_exact
001027-083058-01050-ב,דימונה,טיילת הספורט,1050,street,693972.85,3439276.81,31.0712667,35.0331643,טיילת הספורט,1058,"טיילת הספורט 1058, דימונה, ישראל",not_exact
001027-083058-01050-ג,דימונה,טיילת הספורט,1050,street,693972.85,3439276.81,31.0712667,35.0331643,טיילת הספורט,1058,"טיילת הספורט 1058, דימונה, ישראל",not_exact
001027-083058-01050-ד,דימונה,טיילת הספורט,1050,street,693972.85,3439276.81,31.0712667,35.0331643,טיילת הספורט,1058,"טיילת הספורט 1058, דימונה, ישראל",not_exact
001027-083058-01051-X,דימונה,טיילת הספורט,1051,street,693972.85,3439276.81,31.0712667,35.0331643,טיילת הספורט,1058,"טיילת הספורט 1058, דימונה, ישראל",not_exact
001027-083058-01051-א,דימונה,טיילת הספורט,1051,street,693972.85,3439276.81,31.0712667,35.0331643,טיילת הספורט,1058,"טיילת הספורט 1058, דימונה, ישראל",not_exact
001027-083058-01051-ב,דימונה,טיילת הספורט,1051,street,693972.85,3439276.81,31.0712667,35.0331643,טיילת הספורט,1058,"טיילת הספורט 1058, דימונה, ישראל",not_exact
001027-083058-01051-ג,דימונה,טיילת הספורט,1051,street,693972.85,3439276.81,31.0712667,35.0331643,טיילת הספורט,1058,"טיילת הספורט 1058, דימונה, ישראל",not_exact
001027-083058-01051-ד,דימונה,טיילת הספורט,1051,street,693972.85,3439276.81,31.0712667,35.0331643,טיילת הספורט,1058,"טיילת הספורט 1058, דימונה, ישראל",not_exact
001027-083058-01056-X,דימונה,טיילת הספורט,1056,street,693972.85,3439276.81,31.0712667,35.0331643,טיילת הספורט,1058,"טיילת הספורט 1058, דימונה, ישראל",not_exact
001027-083058-01056-א,דימונה,טיילת הספורט,1056,street,693972.85,3439276.81,31.0712667,35.0331643,טיילת הספורט,1058,"טיילת הספורט 1058, דימונה, ישראל",not_exact
001027-083058-01056-ב,דימונה,טיילת הספורט,1056,street,693972.85,3439276.81,31.0712667,35.0331643,טיילת הספורט,1058,"טיילת הספורט 1058, דימונה, ישראל",not_exact
001027-083058-01056-ג,דימונה,טיילת הספורט,1056,street,693972.85,3439276.81,31.0712667,35.0331643,טיילת הספורט,1058,"טיילת הספורט 1058, דימונה, ישראל",not_exact
001027-083058-01056-ד,דימונה,טיילת הספורט,1056,street,693972.85,3439276.81,31.0712667,35.0331643,טיילת הספורט,1058,"טיילת הספורט 1058, דימונה, ישראל",not_exact
001027-083058-01057-X,דימונה,טיילת הספורט,1057,street,693972.85,3439276.81,31.0712667,35.0331643,טיילת הספורט,1058,"טיילת הספורט 1058, דימונה, ישראל",not_exact
001027-083058-01057-א,דימונה,טיילת הספורט,1057,street,693972.85,3439276.81,31.0712667,35.0331643,טיילת הספורט,1058,"טיילת הספורט 1058, דימונה, ישראל",not_exact
001027-083058-01057-ב,דימונה,טיילת הספורט,1057,street,693972.85,3439276.81,31.0712667,35.0331643,טיילת הספורט,1058,"טיילת הספורט 1058, דימונה, ישראל",not_exact
001027-083058-01057-ג,דימונה,טיילת הספורט,1057,street,693972.85,3439276.81,31.0712667,35.0331643,טיילת הספורט,1058,"טיילת הספורט 1058, דימונה, ישראל",not_exact
001027-083058-01057-ד,דימונה,טיילת הספורט,1057,street,693972.85,3439276.81,31.0712667,35.0331643,טיילת הספורט,1058,"טיילת הספורט 1058, דימונה, ישראל",not_exact
001027-083058-01058-X,דימונה,טיילת הספורט,1058,street,693972.85,3439276.81,31.0712667,35.0331643,טיילת הספורט,1058,"טיילת הספורט 1058, דימונה, ישראל",exact
001027-083058-01058-ד,דימונה,טיילת הספורט,1058,street,693972.85,3439276.81,31.0712667,35.0331643,טיילת הספורט,1058,"טיילת הספורט 1058, דימונה, ישראל",exact
001027-083058-01059-X,דימונה,טיילת הספורט,1059,street,693972.85,3439276.81,31.0712667,35.0331643,טיילת הספורט,1058,"טיילת הספורט 1058, דימונה, ישראל",not_exact
001027-083058-01059-א,דימונה,טיילת הספורט,1059,street,693972.85,3439276.81,31.0712667,35.0331643,טיילת הספורט,1058,"טיילת הספורט 1058, דימונה, ישראל",not_exact
001027-083058-01059-ב,דימונה,טיילת הספורט,1059,street,693972.85,3439276.81,31.0712667,35.0331643,טיילת הספורט,1058,"טיילת הספורט 1058, דימונה, ישראל",not_exact
001027-083058-01059-ג,דימונה,טיילת הספורט,1059,street,693972.85,3439276.81,31.0712667,35.0331643,טיילת הספורט,1058,"טיילת הספורט 1058, דימונה, ישראל",not_exact
001027-083058-01059-ד,דימונה,טיילת הספורט,1059,street,693972.85,3439276.81,31.0712667,35.0331643,טיילת הספורט,1058,"טיילת הספורט 1058, דימונה, ישראל",not_exact
001027-083058-01060-א,דימונה,טיילת הספורט,1060,street,693972.85,3439276.81,31.0712667,35.0331643,טיילת הספורט,1058,"טיילת הספורט 1058, דימונה, ישראל",not_exact
001027-083058-01060-ב,דימונה,טיילת הספורט,1060,street,693972.85,3439276.81,31.0712667,35.0331643,טיילת הספורט,1058,"טיילת הספורט 1058, דימונה, ישראל",not_exact
001027-083058-01060-ג,דימונה,טיילת הספורט,1060,street,693972.85,3439276.81,31.0712667,35.0331643,טיילת הספורט,1058,"טיילת הספורט 1058, דימונה, ישראל",not_exact
001027-083058-01060-ד,דימונה,טיילת הספורט,1060,street,693972.85,3439276.81,31.0712667,35.0331643,טיילת הספורט,1058,"טיילת הספורט 1058, דימונה, ישראל",not_exact
001027-083058-01066-X,דימונה,טיילת הספורט,1066,street,693972.85,3439276.81,31.0712667,35.0331643,טיילת הספורט,1058,"טיילת הספורט 1058, דימונה, ישראל",not_exact
001027-083058-01066-א,דימונה,טיילת הספורט,1066,street,693972.85,3439276.81,31.0712667,35.0331643,טיילת הספורט,1058,"טיילת הספורט 1058, דימונה, ישראל",not_exact
001027-083058-01066-ב,דימונה,טיילת הספורט,1066,street,693972.85,3439276.81,31.0712667,35.0331643,טיילת הספורט,1058,"טיילת הספורט 1058, דימונה, ישראל",not_exact
001027-083058-01066-ג,דימונה,טיילת הספורט,1066,street,693972.85,3439276.81,31.0712667,35.0331643,טיילת הספורט,1058,"טיילת הספורט 1058, דימונה, ישראל",not_exact
001027-083058-01066-ד,דימונה,טיילת הספורט,1066,street,693972.85,3439276.81,31.0712667,35.0331643,טיילת הספורט,1058,"טיילת הספורט 1058, דימונה, ישראל",not_exact
001027-083058-01066-ה,דימונה,טיילת הספורט,1066,street,693972.85,3439276.81,31.0712667,35.0331643,טיילת הספורט,1058,"טיילת הספורט 1058, דימונה, ישראל",not_exact
001027-083222-00000-X,דימונה,המלך דוד,,street,694133.24,3439038.7,31.0690931,35.0347988,דרך דוד בן גוריון,1,"דרך דוד בן גוריון 1, דימונה, ישראל",none
001027-083222-00285-X,דימונה,המלך דוד,285,street,694133.24,3439038.7,31.0690931,35.0347988,דרך דוד בן גוריון,1,"דרך דוד בן גוריון 1, דימונה, ישראל",none
001027-083222-00285-א,דימונה,המלך דוד,285,street,694133.24,3439038.7,31.0690931,35.0347988,דרך דוד בן גוריון,1,"דרך דוד בן גוריון 1, דימונה, ישראל",none
001027-083222-00285-ג,דימונה,המלך דוד,285,street,694133.24,3439038.7,31.0690931,35.0347988,דרך דוד בן גוריון,1,"דרך דוד בן גוריון 1, דימונה, ישראל",none
001027-083222-00285-ד,דימונה,המלך דוד,285,street,694133.24,3439038.7,31.0690931,35.0347988,דרך דוד בן גוריון,1,"דרך דוד בן גוריון 1, דימונה, ישראל",none
001027-083222-00285-ה,דימונה,המלך דוד,285,street,694133.24,3439038.7,31.0690931,35.0347988,דרך דוד בן גוריון,1,"דרך דוד בן גוריון 1, דימונה, ישראל",none
001027-083222-00285-ו,דימונה,המלך דוד,285,street,694133.24,3439038.7,31.0690931,35.0347988,דרך דוד בן גוריון,1,"דרך דוד בן גוריון 1, דימונה, ישראל",none
001027-083222-00286-א,דימונה,המלך דוד,286,street,694133.24,3439038.7,31.0690931,35.0347988,דרך דוד בן גוריון,1,"דרך דוד בן גוריון 1, דימונה, ישראל",none
001027-083222-00286-ד,דימונה,המלך דוד,286,street,694133.24,3439038.7,31.0690931,35.0347988,דרך דוד בן גוריון,1,"דרך דוד בן גוריון 1, דימונה, ישראל",none
001027-083222-00286-ה,דימונה,המלך דוד,286,street,694133.24,3439038.7,31.0690931,35.0347988,דרך דוד בן גוריון,1,"דרך דוד בן גוריון 1, דימונה, ישראל",none
001027-083222-00286-ו,דימונה,המלך דוד,286,street,694133.24,3439038.7,31.0690931,35.0347988,דרך דוד בן גוריון,1,"דרך דוד בן גוריון 1, דימונה, ישראל",none
001027-083222-00286-ח,דימונה,המלך דוד,286,street,694133.24,3439038.7,31.0690931,35.0347988,דרך דוד בן גוריון,1,"דרך דוד בן גוריון 1, דימונה, ישראל",none
001027-083222-00286-ט,דימונה,המלך דוד,286,street,694133.24,3439038.7,31.0690931,35.0347988,דרך דוד בן גוריון,1,"דרך דוד בן גוריון 1, דימונה, ישראל",none
001027-083222-00287-א,דימונה,המלך דוד,287,street,694133.24,3439038.7,31.0690931,35.0347988,דרך דוד בן גוריון,1,"דרך דוד בן גוריון 1, דימונה, ישראל",none
001027-083222-00287-ב,דימונה,המלך דוד,287,street,694133.24,3439038.7,31.0690931,35.0347988,דרך דוד בן גוריון,1,"דרך דוד בן גוריון 1, דימונה, ישראל",none
001027-083222-00288-א,דימונה,המלך דוד,288,exact,694027.62,3439005.25,31.0688089,35.0336859,דוד המלך,288,"דוד המלך 288, דימונה, ישראל",none
001027-083222-00288-ב,דימונה,המלך דוד,288,exact,694027.62,3439005.25,31.0688089,35.0336859,דוד המלך,288,"דוד המלך 288, דימונה, ישראל",none
001027-083222-00288-ג,דימונה,המלך דוד,288,exact,694027.62,3439005.25,31.0688089,35.0336859,דוד המלך,288,"דוד המלך 288, דימונה, ישראל",none
001027-083222-00289-X,דימונה,המלך דוד,289,exact,694028.83,3439031.25,31.0690432,35.0337036,דוד המלך,289,"דוד המלך 289, דימונה, ישראל",none
001027-083222-00289-א,דימונה,המלך דוד,289,exact,694028.83,3439031.25,31.0690432,35.0337036,דוד המלך,289,"דוד המלך 289, דימונה, ישראל",none
001027-083222-00289-ב,דימונה,המלך דוד,289,exact,694028.83,3439031.25,31.0690432,35.0337036,דוד המלך,289,"דוד המלך 289, דימונה, ישראל",none
001027-083222-00289-ג,דימונה,המלך דוד,289,exact,694028.83,3439031.25,31.0690432,35.0337036,דוד המלך,289,"דוד המלך 289, דימונה, ישראל",none
001027-083222-00293-X,דימונה,המלך דוד,293,exact,694071.32,3439057.94,31.0692768,35.0341538,דרך דוד בן גוריון,293,"דרך דוד בן גוריון 293, דימונה, ישראל",none
001027-083222-00293-ב,דימונה,המלך דוד,293,exact,694071.32,3439057.94,31.0692768,35.0341538,דרך דוד בן גוריון,293,"דרך דוד בן גוריון 293, דימונה, ישראל",none
001027-083222-00293-ג,דימונה,המלך דוד,293,exact,694071.32,3439057.94,31.0692768,35.0341538,דרך דוד בן גוריון,293,"דרך דוד בן גוריון 293, דימונה, ישראל",none
001027-083222-00293-ד,דימונה,המלך דוד,293,exact,694071.32,3439057.94,31.0692768,35.0341538,דרך דוד בן גוריון,293,"דרך דוד בן גוריון 293, דימונה, ישראל",none
001027-083222-00293-ה,דימונה,המלך דוד,293,exact,694071.32,3439057.94,31.0692768,35.0341538,דרך דוד בן גוריון,293,"דרך דוד בן גוריון 293, דימונה, ישראל",none
001027-083222-00293-ו,דימונה,המלך דוד,293,exact,694071.32,3439057.94,31.0692768,35.0341538,דרך דוד בן גוריון,293,"דרך דוד בן גוריון 293, דימונה, ישראל",none
001027-083222-00293-ז,דימונה,המלך דוד,293,exact,694071.32,3439057.94,31.0692768,35.0341538,דרך דוד בן גוריון,293,"דרך דוד בן גוריון 293, דימונה, ישראל",none
001027-083222-00293-ח,דימונה,המלך דוד,293,exact,694071.32,3439057.94,31.0692768,35.0341538,דרך דוד בן גוריון,293,"דרך דוד בן גוריון 293, דימונה, ישראל",none
001027-083222-00293-ט,דימונה,המלך דוד,293,exact,694071.32,3439057.94,31.0692768,35.0341538,דרך דוד בן גוריון,293,"דרך דוד בן גוריון 293, דימונה, ישראל",none
001027-083463-00000-X,דימונה,סטרומה,,street,693963,3439672.61,31.0748374,35.0331371,שושן צחור,18,"שושן צחור 18, דימונה, ישראל",none
001027-083523-00001-X,דימונה,רחבת האיסיים,1,exact,694505.92,3438738.31,31.0663227,35.0386451,שדרות הרצל,9,"שדרות הרצל 9, דימונה, ישראל",none
001027-083523-00002-X,דימונה,רחבת האיסיים,2,exact,694500.98,3438712.87,31.0660941,35.0385885,רחבת הקנאים,2,"רחבת הקנאים 2, דימונה, ישראל",none
001027-083523-00004-X,דימונה,רחבת האיסיים,4,exact,694518.69,3438711.88,31.0660822,35.0387738,רחבת הקנאים,4,"רחבת הקנאים 4, דימונה, ישראל",none
001027-083523-00005-X,דימונה,רחבת האיסיים,5,exact,694546.1,3438724.69,31.0661932,35.0390634,רחבת הקנאים,7,"רחבת הקנאים 7, דימונה, ישראל",none
001027-083523-00006-X,דימונה,רחבת האיסיים,6,exact,694531.15,3438678.87,31.0657825,35.038898,מתתיהו הכהן,54,"מתתיהו הכהן 54, דימונה, ישראל",none
001027-083523-00007-X,דימונה,רחבת האיסיים,7,exact,694561.09,3438722.09,31.0661673,35.0392199,רחבת הקנאים,7,"רחבת הקנאים 7, דימונה, ישראל",none
001027-083523-00008-X,דימונה,רחבת האיסיים,8,exact,694550.39,3438668.74,31.065688,35.0390976,רחבת הקנאים,10,"רחבת הקנאים 10, דימונה, ישראל",none
001027-083523-00009-X,דימונה,רחבת האיסיים,9,street,694567.14,3438702.31,31.0659879,35.0392795,רחבת הקנאים,12,"רחבת הקנאים 12, דימונה, ישראל",none
001027-083523-00011-X,דימונה,רחבת האיסיים,11,street,694567.14,3438702.31,31.0659879,35.0392795,רחבת הקנאים,12,"רחבת הקנאים 12, דימונה, ישראל",none
001027-083523-00013-X,דימונה,רחבת האיסיים,13,street,694567.14,3438702.31,31.0659879,35.0392795,רחבת הקנאים,12,"רחבת הקנאים 12, דימונה, ישראל",none
001027-083523-00014-X,דימונה,רחבת האיסיים,14,street,694567.14,3438702.31,31.0659879,35.0392795,רחבת הקנאים,12,"רחבת הקנאים 12, דימונה, ישראל",none
001027-083523-00015-X,דימונה,רחבת האיסיים,15,street,694567.14,3438702.31,31.0659879,35.0392795,רחבת הקנאים,12,"רחבת הקנאים 12, דימונה, ישראל",none
001027-083571-00001-X,דימונה,שד בן גוריון,1,exact,694090.7,3438920.78,31.0680368,35.0343305,דרך דוד בן גוריון,1,"דרך דוד בן גוריון 1, דימונה, ישראל",none
001027-083571-00003-X,דימונה,שד בן גוריון,3,exact,694095.37,3438946.29,31.068266,35.0343843,דרך דוד בן גוריון,1,"דרך דוד בן גוריון 1, דימונה, ישראל",none
001027-083571-00005-X,דימונה,שד בן גוריון,5,exact,694097.74,3438967.18,31.068454,35.0344132,דרך דוד בן גוריון,284,"דרך דוד בן גוריון 284, דימונה, ישראל",none
001027-083571-00015-X,דימונה,שד בן גוריון,15,exact,694095.51,3439020.56,31.0689357,35.0344001,דרך דוד בן גוריון,285,"דרך דוד בן גוריון 285, דימונה, ישראל",none
001027-083571-00017-X,דימונה,שד בן גוריון,17,exact,694090.32,3439057.09,31.069266,35.0343527,דוד המלך,293,"דוד המלך 293, דימונה, ישראל",none
001027-083571-00019-X,דימונה,שד בן גוריון,19,exact,694096.18,3439080.49,31.069476,35.0344186,דוד המלך,293,"דוד המלך 293, דימונה, ישראל",none
001027-083571-00021-X,דימונה,שד בן גוריון,21,exact,694093.35,3439092.08,31.069581,35.0343912,דרך דוד בן גוריון,1041,"דרך דוד בן גוריון 1041, דימונה, ישראל",none
001027-083571-00023-X,דימונה,שד בן גוריון,23,exact,694096.02,3439103.78,31.0696861,35.0344214,דרך דוד בן גוריון,1041,"דרך דוד בן גוריון 1041, דימונה, ישראל",none
001027-083571-00027-X,דימונה,שד בן גוריון,27,exact,694095.68,3439129.25,31.0699158,35.0344227,דרך דוד בן גוריון,1041,"דרך דוד בן גוריון 1041, דימונה, ישראל",none
001027-083571-00029-X,דימונה,שד בן גוריון,29,exact,694094.32,3439148.62,31.0700907,35.0344122,דרך דוד בן גוריון,1042,"דרך דוד בן גוריון 1042, דימונה, ישראל",none
001027-083571-00031-X,דימונה,שד בן גוריון,31,exact,694091.34,3439159.51,31.0701894,35.0343831,דרך דוד בן גוריון,1042,"דרך דוד בן גוריון 1042, דימונה, ישראל",none
001027-083571-00033-X,דימונה,שד בן גוריון,33,exact,694093.58,3439168.52,31.0702703,35.0344082,טיילת הספורט,1042,"טיילת הספורט 1042, דימונה, ישראל",none
001027-083571-00037-X,דימונה,שד בן גוריון,37,exact,694092.92,3439188.35,31.0704492,35.0344051,רחבת שאול המלך,1042,"רחבת שאול המלך 1042, דימונה, ישראל",none
001027-083571-00039-X,דימונה,שד בן גוריון,39,exact,694092.61,3439218.72,31.0707231,35.0344077,דרך דוד בן גוריון,1043,"דרך דוד בן גוריון 1043, דימונה, ישראל",none
001027-083571-00043-X,דימונה,שד בן גוריון,43,exact,694092.41,3439227.4,31.0708014,35.0344073,דרך דוד בן גוריון,1043,"דרך דוד בן גוריון 1043, דימונה, ישראל",none
001027-083571-00047-X,דימונה,שד בן גוריון,47,exact,694092.15,3439238.49,31.0709015,35.0344067,טיילת הספורט,1043,"טיילת הספורט 1043, דימונה, ישראל",none
001027-083571-00051-X,דימונה,שד בן גוריון,51,exact,694091.91,3439249.03,31.0709965,35.0344062,טיילת הספורט,1043,"טיילת הספורט 1043, דימונה, ישראל",none
001027-083571-00053-X,דימונה,שד בן גוריון,53,exact,694091.98,3439268.35,31.0711708,35.0344107,,,"בן גוריון/בית ספר בן עטר, דימונה, ישראל",none
001027-083571-00057-X,דימונה,שד בן גוריון,57,exact,694091.82,3439289.81,31.0713643,35.0344131,דרך דוד בן גוריון,1044,"דרך דוד בן גוריון 1044, דימונה, ישראל",none
001027-083571-00063-X,דימונה,שד בן גוריון,63,exact,694088.55,3439319.64,31.0716338,35.0343846,טיילת הספורט,1044,"טיילת הספורט 1044, דימונה, ישראל",none
001027-083571-00065-X,דימונה,שד בן גוריון,65,exact,694091.33,3439330.27,31.0717292,35.0344157,טיילת הספורט,1044,"טיילת הספורט 1044, דימונה, ישראל",none
001027-083571-00067-X,דימונה,שד בן גוריון,67,exact,694068.09,3439417.97,31.0725239,35.0341891,דרך דוד בן גוריון,1065,"דרך דוד בן גוריון 1065, דימונה, ישראל",none
001027-083571-00069-X,דימונה,שד בן גוריון,69,exact,694089.12,3439395.08,31.072314,35.034405,דרך דוד בן גוריון,1065,"דרך דוד בן גוריון 1065, דימונה, ישראל",none
001027-083571-00073-X,דימונה,שד בן גוריון,73,street,694101.87,3439397.11,31.0723302,35.034539,דרך דוד בן גוריון,1065,"דרך דוד בן גוריון 1065, דימונה, ישראל",none
001027-083571-00075-X,דימונה,שד בן גוריון,75,street,694101.87,3439397.11,31.0723302,35.034539,דרך דוד בן גוריון,1065,"דרך דוד בן גוריון 1065, דימונה, ישראל",none
001027-083571-00077-X,דימונה,שד בן גוריון,77,street,694101.87,3439397.11,31.0723302,35.034539,דרך דוד בן גוריון,1065,"דרך דוד בן גוריון 1065, דימונה, ישראל",none
001027-083571-00079-X,דימונה,שד בן גוריון,79,street,694101.87,3439397.11,31.0723302,35.034539,דרך דוד בן גוריון,1065,"דרך דוד בן גוריון 1065, דימונה, ישראל",none
001027-083571-00083-X,דימונה,שד בן גוריון,83,exact,694082.76,3439528.43,31.0735175,35.034364,דרך דוד בן גוריון,1045,"דרך דוד בן גוריון 1045, דימונה, ישראל",none
001027-083571-00085-X,דימונה,שד בן גוריון,85,exact,694084.59,3439540.93,31.0736299,35.0343856,דרך דוד בן גוריון,1045,"דרך דוד בן גוריון 1045, דימונה, ישראל",none
001027-083571-00087-X,דימונה,שד בן גוריון,87,exact,694085.43,3439564.1,31.0738387,35.0343988,דוד בן גוריון,87,"דוד בן גוריון 87, דימונה, ישראל",none
001027-083571-00089-X,דימונה,שד בן גוריון,89,exact,694082.95,3439577.07,31.0739561,35.0343754,דוד בן גוריון,89,"דוד בן גוריון 89, דימונה, ישראל",none
001027-083571-00093-X,דימונה,שד בן גוריון,93,exact,694082.35,3439599.44,31.0741579,35.0343734,דוד בן גוריון,93,"דוד בן גוריון 93, דימונה, ישראל",none
001027-083571-00095-X,דימונה,שד בן גוריון,95,exact,694084.4,3439610.83,31.0742603,35.034397,דוד בן גוריון,95,"דוד בן גוריון 95, דימונה, ישראל",none
001027-083571-00097-X,דימונה,שד בן גוריון,97,exact,694081.86,3439624.42,31.0743833,35.034373,דרך דוד בן גוריון,1046,"דרך דוד בן גוריון 1046, דימונה, ישראל",none
001027-083571-00099-X,דימונה,שד בן גוריון,99,exact,694069.03,3439644.25,31.0745642,35.0342424,דוד בן גוריון,99,"דוד בן גוריון 99, דימונה, ישראל",none
001027-083571-00122-X,דימונה,שד בן גוריון,122,street,694101.87,3439397.11,31.0723302,35.034539,דרך דוד בן גוריון,1065,"דרך דוד בן גוריון 1065, דימונה, ישראל",none
001027-083571-00126-X,דימונה,שד בן גוריון,126,street,694101.87,3439397.11,31.0723302,35.034539,דרך דוד בן גוריון,1065,"דרך דוד בן גוריון 1065, דימונה, ישראל",none
001027-083571-01041-X,דימונה,שד בן גוריון,1041,exact,694091.94,3439109.8,31.069741,35.0343798,דרך דוד בן גוריון,1041,"דרך דוד בן גוריון 1041, דימונה, ישראל",none
001027-083571-01041-א,דימונה,שד בן גוריון,1041,exact,694091.94,3439109.8,31.069741,35.0343798,דרך דוד בן גוריון,1041,"דרך דוד בן גוריון 1041, דימונה, ישראל",none
001027-083571-01041-ב,דימונה,שד בן גוריון,1041,exact,694091.94,3439109.8,31.069741,35.0343798,דרך דוד בן גוריון,1041,"דרך דוד בן גוריון 1041, דימונה, ישראל",none
001027-083571-01041-ג,דימונה,שד בן גוריון,1041,exact,694091.94,3439109.8,31.069741,35.0343798,דרך דוד בן גוריון,1041,"דרך דוד בן גוריון 1041, דימונה, ישראל",none
001027-083571-01041-ד,דימונה,שד בן גוריון,1041,exact,694091.94,3439109.8,31.069741,35.0343798,דרך דוד בן גוריון,1041,"דרך דוד בן גוריון 1041, דימונה, ישראל",none
001027-083571-01041-ה,דימונה,שד בן גוריון,1041,exact,694091.94,3439109.8,31.069741,35.0343798,דרך דוד בן גוריון,1041,"דרך דוד בן גוריון 1041, דימונה, ישראל",none
001027-083571-01042-X,דימונה,שד בן גוריון,1042,exact,694088.1,3439168.57,31.0702716,35.0343509,טיילת הספורט,1042,"טיילת הספורט 1042, דימונה, ישראל",none
001027-083571-01042-א,דימונה,שד בן גוריון,1042,exact,694088.1,3439168.57,31.0702716,35.0343509,טיילת הספורט,1042,"טיילת הספורט 1042, דימונה, ישראל",none
001027-083571-01042-ב,דימונה,שד בן גוריון,1042,exact,694088.1,3439168.57,31.0702716,35.0343509,טיילת הספורט,1042,"טיילת הספורט 1042, דימונה, ישראל",none
001027-083571-01042-ד,דימונה,שד בן גוריון,1042,exact,694088.1,3439168.57,31.0702716,35.0343509,טיילת הספורט,1042,"טיילת הספורט 1042, דימונה, ישראל",none
001027-083571-01043-X,דימונה,שד בן גוריון,1043,exact,694088.41,3439245.92,31.0709691,35.034369,טיילת הספורט,1043,"טיילת הספורט 1043, דימונה, ישראל",none
001027-083571-01043-א,דימונה,שד בן גוריון,1043,exact,694088.41,3439245.92,31.0709691,35.034369,טיילת הספורט,1043,"טיילת הספורט 1043, דימונה, ישראל",none
001027-083571-01043-ב,דימונה,שד בן גוריון,1043,exact,694088.41,3439245.92,31.0709691,35.034369,טיילת הספורט,1043,"טיילת הספורט 1043, דימונה, ישראל",none
001027-083571-01043-ג,דימונה,שד בן גוריון,1043,exact,694088.41,3439245.92,31.0709691,35.034369,טיילת הספורט,1043,"טיילת הספורט 1043, דימונה, ישראל",none
001027-083571-01044-X,דימונה,שד בן גוריון,1044,street,694101.87,3439397.11,31.0723302,35.034539,דרך דוד בן גוריון,1065,"דרך דוד בן גוריון 1065, דימונה, ישראל",none
001027-083571-01044-א,דימונה,שד בן גוריון,1044,street,694101.87,3439397.11,31.0723302,35.034539,דרך דוד בן גוריון,1065,"דרך דוד בן גוריון 1065, דימונה, ישראל",none
001027-083571-01044-ב,דימונה,שד בן גוריון,1044,street,694101.87,3439397.11,31.0723302,35.034539,דרך דוד בן גוריון,1065,"דרך דוד בן גוריון 1065, דימונה, ישראל",none
001027-083571-01044-ג,דימונה,שד בן גוריון,1044,street,694101.87,3439397.11,31.0723302,35.034539,דרך דוד בן גוריון,1065,"דרך דוד בן גוריון 1065, דימונה, ישראל",none
001027-083571-01044-ד,דימונה,שד בן גוריון,1044,street,694101.87,3439397.11,31.0723302,35.034539,דרך דוד בן גוריון,1065,"דרך דוד בן גוריון 1065, דימונה, ישראל",none
001027-083571-01044-ו,דימונה,שד בן גוריון,1044,street,694101.87,3439397.11,31.0723302,35.034539,דרך דוד בן גוריון,1065,"דרך דוד בן גוריון 1065, דימונה, ישראל",none
001027-083571-01045-X,דימונה,שד בן גוריון,1045,street,694101.87,3439397.11,31.0723302,35.034539,דרך דוד בן גוריון,1065,"דרך דוד בן גוריון 1065, דימונה, ישראל",none
001027-083571-01045-ב,דימונה,שד בן גוריון,1045,street,694101.87,3439397.11,31.0723302,35.034539,דרך דוד בן גוריון,1065,"דרך דוד בן גוריון 1065, דימונה, ישראל",none
001027-083571-01045-ג,דימונה,שד בן גוריון,1045,street,694101.87,3439397.11,31.0723302,35.034539,דרך דוד בן גוריון,1065,"דרך דוד בן גוריון 1065, דימונה, ישראל",none
001027-083571-01046-X,דימונה,שד בן גוריון,1046,exact,694087.63,3439642.14,31.0745421,35.0344369,דרך דוד בן גוריון,1046,"דרך דוד בן גוריון 1046, דימונה, ישראל",none
001027-083571-01046-א,דימונה,שד בן גוריון,1046,exact,694087.63,3439642.14,31.0745421,35.0344369,דרך דוד בן גוריון,1046,"דרך דוד בן גוריון 1046, דימונה, ישראל",none
001027-083571-01046-ב,דימונה,שד בן גוריון,1046,exact,694087.63,3439642.14,31.0745421,35.0344369,דרך דוד בן גוריון,1046,"דרך דוד בן גוריון 1046, דימונה, ישראל",none
001027-083571-01046-ג,דימונה,שד בן גוריון,1046,exact,694087.63,3439642.14,31.0745421,35.0344369,דרך דוד בן גוריון,1046,"דרך דוד בן גוריון 1046, דימונה, ישראל",none
001027-083571-01046-ד,דימונה,שד בן גוריון,1046,exact,694087.63,3439642.14,31.0745421,35.0344369,דרך דוד בן גוריון,1046,"דרך דוד בן גוריון 1046, דימונה, ישראל",none
001027-083571-01046-ה,דימונה,שד בן גוריון,1046,exact,694087.63,3439642.14,31.0745421,35.0344369,דרך דוד בן גוריון,1046,"דרך דוד בן גוריון 1046, דימונה, ישראל",none
001027-083571-01046-ו,דימונה,שד בן גוריון,1046,exact,694087.63,3439642.14,31.0745421,35.0344369,דרך דוד בן גוריון,1046,"דרך דוד בן גוריון 1046, דימונה, ישראל",none
001027-083571-01064-X,דימונה,שד בן גוריון,1064,exact,694083.21,3439470.48,31.0729949,35.0343576,דרך דוד בן גוריון,1104,"דרך דוד בן גוריון 1104, דימונה, ישראל",none
001027-083571-01065-X,דימונה,שד בן גוריון,1065,exact,694083.1,3439397.99,31.0723412,35.0343425,דרך דוד בן גוריון,1065,"דרך דוד בן גוריון 1065, דימונה, ישראל",none
001027-083571-01100-X,דימונה,שד בן גוריון,1100,street,694101.87,3439397.11,31.0723302,35.034539,דרך דוד בן גוריון,1065,"דרך דוד בן גוריון 1065, דימונה, ישראל",none
001027-083571-01101-X,דימונה,שד בן גוריון,1101,exact,694119.1,3439625.08,31.074383,35.0347633,דרך דוד בן גוריון,101,"דרך דוד בן גוריון 101, דימונה, ישראל",none
001027-083571-01102-X,דימונה,שד בן גוריון,1102,street,694101.87,3439397.11,31.0723302,35.034539,דרך דוד בן גוריון,1065,"דרך דוד בן גוריון 1065, דימונה, ישראל",none
001027-083571-01103-X,דימונה,שד בן גוריון,1103,street,694101.87,3439397.11,31.0723302,35.034539,דרך דוד בן גוריון,1065,"דרך דוד בן גוריון 1065, דימונה, ישראל",none
001027-083571-01201-X,דימונה,שד בן גוריון,1201,street,694101.87,3439397.11,31.0723302,35.034539,דרך דוד בן גוריון,1065,"דרך דוד בן גוריון 1065, דימונה, ישראל",none
001027-083571-01316-X,דימונה,שד בן גוריון,1316,street,694101.87,3439397.11,31.0723302,35.034539,דרך דוד בן גוריון,1065,"דרך דוד בן גוריון 1065, דימונה, ישראל",none
001027-083571-01316-א,דימונה,שד בן גוריון,1316,street,694101.87,3439397.11,31.0723302,35.034539,דרך דוד בן גוריון,1065,"דרך דוד בן גוריון 1065, דימונה, ישראל",none
001027-083571-01316-ב,דימונה,שד בן גוריון,1316,street,694101.87,3439397.11,31.0723302,35.034539,דרך דוד בן גוריון,1065,"דרך דוד בן גוריון 1065, דימונה, ישראל",none
001027-083571-01316-ג,דימונה,שד בן גוריון,1316,street,694101.87,3439397.11,31.0723302,35.034539,דרך דוד בן גוריון,1065,"דרך דוד בן גוריון 1065, דימונה, ישראל",none
001027-083571-01316-ד,דימונה,שד בן גוריון,1316,street,694101.87,3439397.11,31.0723302,35.034539,דרך דוד בן גוריון,1065,"דרך דוד בן גוריון 1065, דימונה, ישראל",none
001027-083571-01316-ו,דימונה,שד בן גוריון,1316,street,694101.87,3439397.11,31.0723302,35.034539,דרך דוד בן גוריון,1065,"דרך דוד בן גוריון 1065, דימונה, ישראל",none
001027-083571-01317-X,דימונה,שד בן גוריון,1317,street,694101.87,3439397.11,31.0723302,35.034539,דרך דוד בן גוריון,1065,"דרך דוד בן גוריון 1065, דימונה, ישראל",none
001027-083571-01318-X,דימונה,שד בן גוריון,1318,exact,694112.85,3439821.83,31.0761583,35.0347356,גדולי ישראל,1318,"גדולי ישראל 1318, דימונה, ישראל",none
001027-083571-01318-א,דימונה,שד בן גוריון,1318,exact,694112.85,3439821.83,31.0761583,35.0347356,גדולי ישראל,1318,"גדולי ישראל 1318, דימונה, ישראל",none
001027-083571-01318-ב,דימונה,שד בן גוריון,1318,exact,694112.85,3439821.83,31.0761583,35.0347356,גדולי ישראל,1318,"גדולי ישראל 1318, דימונה, ישראל",none
001027-083571-01318-ג,דימונה,שד בן גוריון,1318,exact,694112.85,3439821.83,31.0761583,35.0347356,גדולי ישראל,1318,"גדולי ישראל 1318, דימונה, ישראל",none
001027-083571-01318-ד,דימונה,שד בן גוריון,1318,exact,694112.85,3439821.83,31.0761583,35.0347356,גדולי ישראל,1318,"גדולי ישראל 1318, דימונה, ישראל",none
001027-083571-01318-ה,דימונה,שד בן גוריון,1318,exact,694112.85,3439821.83,31.0761583,35.0347356,גדולי ישראל,1318,"גדולי ישראל 1318, דימונה, ישראל",none
001027-083571-01318-ו,דימונה,שד בן גוריון,1318,exact,694112.85,3439821.83,31.0761583,35.0347356,גדולי ישראל,1318,"גדולי ישראל 1318, דימונה, ישראל",none
001027-083571-01318-ז,דימונה,שד בן גוריון,1318,exact,694112.85,3439821.83,31.0761583,35.0347356,גדולי ישראל,1318,"גדולי ישראל 1318, דימונה, ישראל",none
001027-083571-01319-X,דימונה,שד בן גוריון,1319,street,694101.87,3439397.11,31.0723302,35.034539,דרך דוד בן גוריון,1065,"דרך דוד בן גוריון 1065, דימונה, ישראל",none
001027-083571-01319-א,דימונה,שד בן גוריון,1319,street,694101.87,3439397.11,31.0723302,35.034539,דרך דוד בן גוריון,1065,"דרך דוד בן גוריון 1065, דימונה, ישראל",none
001027-083571-01319-ג,דימונה,שד בן גוריון,1319,street,694101.87,3439397.11,31.0723302,35.034539,דרך דוד בן גוריון,1065,"דרך דוד בן גוריון 1065, דימונה, ישראל",none
001027-083571-01323-X,דימונה,שד בן גוריון,1323,street,694101.87,3439397.11,31.0723302,35.034539,דרך דוד בן גוריון,1065,"דרך דוד בן גוריון 1065, דימונה, ישראל",none
001027-083571-01323-ב,דימונה,שד בן גוריון,1323,street,694101.87,3439397.11,31.0723302,35.034539,דרך דוד בן גוריון,1065,"דרך דוד בן גוריון 1065, דימונה, ישראל",none
001027-083571-01323-ג,דימונה,שד בן גוריון,1323,street,694101.87,3439397.11,31.0723302,35.034539,דרך דוד בן גוריון,1065,"דרך דוד בן גוריון 1065, דימונה, ישראל",none
001027-083571-01323-ה,דימונה,שד בן גוריון,1323,street,694101.87,3439397.11,31.0723302,35.034539,דרך דוד בן גוריון,1065,"דרך דוד בן גוריון 1065, דימונה, ישראל",none
001027-083571-01324-X,דימונה,שד בן גוריון,1324,street,694101.87,3439397.11,31.0723302,35.034539,דרך דוד בן גוריון,1065,"דרך דוד בן גוריון 1065, דימונה, ישראל",none
001027-083571-01325-X,דימונה,שד בן גוריון,1325,street,694101.87,3439397.11,31.0723302,35.034539,דרך דוד בן גוריון,1065,"דרך דוד בן גוריון 1065, דימונה, ישראל",none
001027-083571-01326-X,דימונה,שד בן גוריון,1326,street,694101.87,3439397.11,31.0723302,35.034539,דרך דוד בן גוריון,1065,"דרך דוד בן גוריון 1065, דימונה, ישראל",none
001027-083571-01327-X,דימונה,שד בן גוריון,1327,street,694101.87,3439397.11,31.0723302,35.034539,דרך דוד בן גוריון,1065,"דרך דוד בן גוריון 1065, דימונה, ישראל",none
001027-083571-01327-א,דימונה,שד בן גוריון,1327,street,694101.87,3439397.11,31.0723302,35.034539,דרך דוד בן גוריון,1065,"דרך דוד בן גוריון 1065, דימונה, ישראל",none
001027-083571-01327-ג,דימונה,שד בן גוריון,1327,street,694101.87,3439397.11,31.0723302,35.034539,דרך דוד בן גוריון,1065,"דרך דוד בן גוריון 1065, דימונה, ישראל",none
001027-083571-01327-ד,דימונה,שד בן גוריון,1327,street,694101.87,3439397.11,31.0723302,35.034539,דרך דוד בן גוריון,1065,"דרך דוד בן גוריון 1065, דימונה, ישראל",none
001027-083633-00001-X,דימונה,דרך השלום,1,exact,694164.52,3439472.42,31.0729989,35.0352098,דרך השלום,9,"דרך השלום 9, דימונה, ישראל",not_exact
001027-083633-00003-X,דימונה,דרך השלום,3,exact,694166.41,3439476.25,31.0730332,35.0352303,דרך השלום,9,"דרך השלום 9, דימונה, ישראל",not_exact
001027-083633-00004-X,דימונה,דרך השלום,4,exact,694186.44,3439453,31.0728202,35.0354357,דרך דוד בן גוריון,114,"דרך דוד בן גוריון 114, דימונה, ישראל",none
001027-083633-00005-X,דימונה,דרך השלום,5,exact,694173.77,3439477.23,31.0730408,35.0353076,דרך דוד בן גוריון,112,"דרך דוד בן גוריון 112, דימונה, ישראל",none
001027-083633-00006-X,דימונה,דרך השלום,6,exact,694188.94,3439460.54,31.0728878,35.0354634,דרך השלום,10,"דרך השלום 10, דימונה, ישראל",not_exact
001027-083633-00009-X,דימונה,דרך השלום,9,exact,694182.83,3439482.54,31.0730872,35.0354036,דרך השלום,9,"דרך השלום 9, דימונה, ישראל",exact
001027-083633-00010-X,דימונה,דרך השלום,10,exact,694197.04,3439462.45,31.0729037,35.0355486,דרך השלום,10,"דרך השלום 10, דימונה, ישראל",exact
001027-083633-00011-X,דימונה,דרך השלום,11,exact,694187.19,3439488.37,31.073139,35.0354504,דרך השלום,11,"דרך השלום 11, דימונה, ישראל",exact
001027-083633-00013-X,דימונה,דרך השלום,13,exact,694197.95,3439494.92,31.0731963,35.0355644,דרך השלום,17,"דרך השלום 17, דימונה, ישראל",not_exact
001027-083633-00015-X,דימונה,דרך השלום,15,exact,694200.37,3439501.59,31.073256,35.035591,דרך דוד בן גוריון,113,"דרך דוד בן גוריון 113, דימונה, ישראל",none
001027-083633-00016-X,דימונה,דרך השלום,16,exact,694212.26,3439475.11,31.0730153,35.0357105,דרך השלום,18,"דרך השלום 18, דימונה, ישראל",not_exact
001027-083633-00017-X,דימונה,דרך השלום,17,exact,694206.75,3439500.18,31.0732423,35.0356576,דרך דוד בן גוריון,113,"דרך דוד בן גוריון 113, דימונה, ישראל",none
001027-083633-00018-X,דימונה,דרך השלום,18,exact,694221.43,3439477.2,31.0730326,35.0358069,דרך השלום,115,"דרך השלום 115, דימונה, ישראל",not_exact
001027-083633-00019-X,דימונה,דרך השלום,19,exact,694209.02,3439507.39,31.0733069,35.0356827,דרך השלום,21,"דרך השלום 21, דימונה, ישראל",not_exact
001027-083633-00021-X,דימונה,דרך השלום,21,exact,694215.17,3439505.26,31.0732867,35.0357467,דרך השלום,21,"דרך השלום 21, דימונה, ישראל",exact
001027-083633-00022-X,דימונה,דרך השלום,22,exact,694233.49,3439486.62,31.0731156,35.0359351,דרך השלום,24,"דרך השלום 24, דימונה, ישראל",not_exact
001027-083633-00025-X,דימונה,דרך השלום,25,exact,694228.71,3439520.08,31.0734181,35.0358914,המעפיל,1206,"המעפיל 1206, דימונה, ישראל",none
001027-083633-00026-X,דימונה,דרך השלום,26,exact,694254.57,3439490.1,31.0731435,35.0361566,דרך השלום,1208,"דרך השלום 1208, דימונה, ישראל",not_exact
001027-083633-00027-X,דימונה,דרך השלום,27,exact,694225.94,3439526.32,31.0734748,35.0358636,דרך השלום,27,"דרך השלום 27, דימונה, ישראל",exact
001027-083633-00028-X,דימונה,דרך השלום,28,exact,694286.07,3439493.96,31.0731731,35.0364873,דרך השלום,28,"דרך השלום 28, דימונה, ישראל",exact
001027-083633-00029-X,דימונה,דרך השלום,29,exact,694259.6,3439525.3,31.0734601,35.0362161,דרך השלום,24-36,"דרך השלום 24-36, דימונה, ישראל",not_exact
001027-083633-00030-X,דימונה,דרך השלום,30,exact,694318.89,3439504.44,31.0732621,35.0368332,המעפיל,1214,"המעפיל 1214, דימונה, ישראל",none
001027-083633-00031-X,דימונה,דרך השלום,31,street,694289.53,3439510.56,31.0733222,35.0365268,דרך השלום,28,"דרך השלום 28, דימונה, ישראל",not_exact
001027-083633-00033-X,דימונה,דרך השלום,33,street,694289.53,3439510.56,31.0733222,35.0365268,דרך השלום,28,"דרך השלום 28, דימונה, ישראל",not_exact
001027-083633-00034-X,דימונה,דרך השלום,34,exact,694362.84,3439532.08,31.0735041,35.0372989,דרך השלום,38,"דרך השלום 38, דימונה, ישראל",not_exact
001027-083633-00035-X,דימונה,דרך השלום,35,street,694289.53,3439510.56,31.0733222,35.0365268,דרך השלום,28,"דרך השלום 28, דימונה, ישראל",not_exact
001027-083633-00037-X,דימונה,דרך השלום,37,street,694289.53,3439510.56,31.0733222,35.0365268,דרך השלום,28,"דרך השלום 28, דימונה, ישראל",not_exact
001027-083633-00038-X,דימונה,דרך השלום,38,exact,694371.6,3439538.28,31.0735586,35.0373919,דרך השלום,42,"דרך השלום 42, דימונה, ישראל",not_exact
001027-083633-00039-X,דימונה,דרך השלום,39,street,694289.53,3439510.56,31.0733222,35.0365268,דרך השלום,28,"דרך השלום 28, דימונה, ישראל",not_exact
001027-083633-00040-X,דימונה,דרך השלום,40,exact,694374.38,3439533.7,31.0735168,35.0374201,דרך השלום,144,"דרך השלום 144, דימונה, ישראל",not_exact
001027-083633-00041-X,דימונה,דרך השלום,41,street,694289.53,3439510.56,31.0733222,35.0365268,דרך השלום,28,"דרך השלום 28, דימונה, ישראל",not_exact
001027-083633-00042-X,דימונה,דרך השלום,42,exact,694381.35,3439544.47,31.0736128,35.0374952,דרך השלום,44,"דרך השלום 44, דימונה, ישראל",not_exact
001027-083633-00044-X,דימונה,דרך השלום,44,exact,694386.96,3439541.65,31.0735864,35.0375535,דרך השלום,48,"דרך השלום 48, דימונה, ישראל",not_exact
001027-083633-00045-X,דימונה,דרך השלום,45,street,694289.53,3439510.56,31.0733222,35.0365268,דרך השלום,28,"דרך השלום 28, דימונה, ישראל",not_exact
001027-083633-00047-X,דימונה,דרך השלום,47,exact,694325.71,3439547.13,31.073646,35.0369128,דרך השלום,1212,"דרך השלום 1212, דימונה, ישראל",not_exact
001027-083633-00048-X,דימונה,דרך השלום,48,exact,694398.32,3439544.57,31.0736109,35.037673,דרך השלום,50,"דרך השלום 50, דימונה, ישראל",not_exact
001027-083633-00049-X,דימונה,דרך השלום,49,exact,694343.96,3439558.32,31.0737438,35.0371062,דרך השלום,51,"דרך השלום 51, דימונה, ישראל",not_exact
001027-083633-00050-X,דימונה,דרך השלום,50,exact,694401.66,3439550.32,31.0736621,35.0377091,דרך השלום,50,"דרך השלום 50, דימונה, ישראל",exact
001027-083633-00051-X,דימונה,דרך השלום,51,exact,694347.04,3439553.78,31.0737024,35.0371376,דרך השלום,53,"דרך השלום 53, דימונה, ישראל",not_exact
001027-083633-00052-X,דימונה,דרך השלום,52,exact,694405.14,3439558.66,31.0737368,35.0377472,דרך השלום,145,"דרך השלום 145, דימונה, ישראל",not_exact
001027-083633-00055-X,דימונה,דרך השלום,55,exact,694353.67,3439564.51,31.0737981,35.0372091,דרך השלום,55,"דרך השלום 55, דימונה, ישראל",exact
001027-083633-00057-X,דימונה,דרך השלום,57,exact,694365.6,3439565.83,31.073808,35.0373343,דרך השלום,59,"דרך השלום 59, דימונה, ישראל",not_exact
001027-083633-00058-X,דימונה,דרך השלום,58,exact,694414.96,3439565.34,31.0737954,35.0378514,דרך השלום,58,"דרך השלום 58, דימונה, ישראל",exact
001027-083633-00059-X,דימונה,דרך השלום,59,exact,694364.8,3439572,31.0738637,35.0373271,דרך השלום,59,"דרך השלום 59, דימונה, ישראל",exact
001027-083633-00061-X,דימונה,דרך השלום,61,exact,694377.94,3439574.51,31.0738842,35.0374653,דרך השלום,63,"דרך השלום 63, דימונה, ישראל",not_exact
001027-083633-00063-X,דימונה,דרך השלום,63,exact,694385.49,3439573.73,31.0738759,35.0375442,דרך השלום,65,"דרך השלום 65, דימונה, ישראל",not_exact
001027-083633-00065-X,דימונה,דרך השלום,65,exact,694389.89,3439582.36,31.073953,35.037592,דרך השלום,67,"דרך השלום 67, דימונה, ישראל",not_exact
001027-083633-00067-X,דימונה,דרך השלום,67,street,694289.53,3439510.56,31.0733222,35.0365268,דרך השלום,28,"דרך השלום 28, דימונה, ישראל",not_exact
001027-083633-00069-X,דימונה,דרך השלום,69,exact,694399.39,3439582.2,31.07395,35.0376915,דרך השלום,69,"דרך השלום 69, דימונה, ישראל",exact
001027-083633-00073-X,דימונה,דרך השלום,73,exact,694428.2,3439605.98,31.0741597,35.0379979,דרך השלום,75,"דרך השלום 75, דימונה, ישראל",not_exact
001027-083633-00077-X,דימונה,דרך השלום,77,exact,694440.33,3439613.26,31.0742233,35.0381264,משעול הזמיר,143,"משעול הזמיר 143, דימונה, ישראל",none
001027-083633-00081-X,דימונה,דרך השלום,81,exact,694453.17,3439614,31.0742278,35.038261,דרך השלום,81,"דרך השלום 81, דימונה, ישראל",exact
001027-083633-00113-X,דימונה,דרך השלום,113,street,694289.53,3439510.56,31.0733222,35.0365268,דרך השלום,28,"דרך השלום 28, דימונה, ישראל",not_exact
001027-083633-00114-X,דימונה,דרך השלום,114,street,694289.53,3439510.56,31.0733222,35.0365268,דרך השלום,28,"דרך השלום 28, דימונה, ישראל",not_exact
001027-083633-00115-X,דימונה,דרך השלום,115,street,694289.53,3439510.56,31.0733222,35.0365268,דרך השלום,28,"דרך השלום 28, דימונה, ישראל",not_exact
001027-083633-00138-X,דימונה,דרך השלום,138,street,694289.53,3439510.56,31.0733222,35.0365268,דרך השלום,28,"דרך השלום 28, דימונה, ישראל",not_exact
001027-083633-00139-X,דימונה,דרך השלום,139,street,694289.53,3439510.56,31.0733222,35.0365268,דרך השלום,28,"דרך השלום 28, דימונה, ישראל",not_exact
001027-083633-00143-X,דימונה,דרך השלום,143,street,694289.53,3439510.56,31.0733222,35.0365268,דרך השלום,28,"דרך השלום 28, דימונה, ישראל",not_exact
001027-083633-00144-X,דימונה,דרך השלום,144,street,694289.53,3439510.56,31.0733222,35.0365268,דרך השלום,28,"דרך השלום 28, דימונה, ישראל",not_exact
001027-083633-00145-X,דימונה,דרך השלום,145,street,694289.53,3439510.56,31.0733222,35.0365268,דרך השלום,28,"דרך השלום 28, דימונה, ישראל",not_exact
001027-083633-00906-X,דימונה,דרך השלום,906,street,694289.53,3439510.56,31.0733222,35.0365268,דרך השלום,28,"דרך השלום 28, דימונה, ישראל",not_exact
001027-083633-01112-X,דימונה,דרך השלום,1112,street,694289.53,3439510.56,31.0733222,35.0365268,דרך השלום,28,"דרך השלום 28, דימונה, ישראל",not_exact
001027-083633-01203-X,דימונה,דרך השלום,1203,street,694289.53,3439510.56,31.0733222,35.0365268,דרך השלום,28,"דרך השלום 28, דימונה, ישראל",not_exact
001027-083633-01203-א,דימונה,דרך השלום,1203,street,694289.53,3439510.56,31.0733222,35.0365268,דרך השלום,28,"דרך השלום 28, דימונה, ישראל",not_exact
001027-083633-01203-ב,דימונה,דרך השלום,1203,street,694289.53,3439510.56,31.0733222,35.0365268,דרך השלום,28,"דרך השלום 28, דימונה, ישראל",not_exact
001027-083633-01204-X,דימונה,דרך השלום,1204,street,694289.53,3439510.56,31.0733222,35.0365268,דרך השלום,28,"דרך השלום 28, דימונה, ישראל",not_exact
001027-083633-01206-X,דימונה,דרך השלום,1206,street,694289.53,3439510.56,31.0733222,35.0365268,דרך השלום,28,"דרך השלום 28, דימונה, ישראל",not_exact
001027-083633-01212-X,דימונה,דרך השלום,1212,street,694289.53,3439510.56,31.0733222,35.0365268,דרך השלום,28,"דרך השלום 28, דימונה, ישראל",not_exact
001027-083633-01214-X,דימונה,דרך השלום,1214,street,694289.53,3439510.56,31.0733222,35.0365268,דרך השלום,28,"דרך השלום 28, דימונה, ישראל",not_exact
001027-083633-01216-X,דימונה,דרך השלום,1216,street,694289.53,3439510.56,31.0733222,35.0365268,דרך השלום,28,"דרך השלום 28, דימונה, ישראל",not_exact
001027-083704-00000-X,דימונה,מרחבים,,street,694351.77,3439681.87,31.0748566,35.0372118,מרחבים,0,"מרחבים 0, דימונה, ישראל",not_exact
001027-083704-01210-X,דימונה,מרחבים,1210,street,694351.77,3439681.87,31.0748566,35.0372118,מרחבים,0,"מרחבים 0, דימונה, ישראל",not_exact
001027-083704-01216-X,דימונה,מרחבים,1216,street,694351.77,3439681.87,31.0748566,35.0372118,מרחבים,0,"מרחבים 0, דימונה, ישראל",not_exact
001027-083704-01301-X,דימונה,מרחבים,1301,street,694351.77,3439681.87,31.0748566,35.0372118,מרחבים,0,"מרחבים 0, דימונה, ישראל",not_exact
001027-083704-01301-א,דימונה,מרחבים,1301,street,694351.77,3439681.87,31.0748566,35.0372118,מרחבים,0,"מרחבים 0, דימונה, ישראל",not_exact
001027-083704-01301-ב,דימונה,מרחבים,1301,street,694351.77,3439681.87,31.0748566,35.0372118,מרחבים,0,"מרחבים 0, דימונה, ישראל",not_exact
001027-083704-01301-ג,דימונה,מרחבים,1301,street,694351.77,3439681.87,31.0748566,35.0372118,מרחבים,0,"מרחבים 0, דימונה, ישראל",not_exact
001027-083704-01301-ד,דימונה,מרחבים,1301,street,694351.77,3439681.87,31.0748566,35.0372118,מרחבים,0,"מרחבים 0, דימונה, ישראל",not_exact
001027-083704-01302-X,דימונה,מרחבים,1302,street,694351.77,3439681.87,31.0748566,35.0372118,מרחבים,0,"מרחבים 0, דימונה, ישראל",not_exact
001027-083704-01303-X,דימונה,מרחבים,1303,street,694351.77,3439681.87,31.0748566,35.0372118,מרחבים,0,"מרחבים 0, דימונה, ישראל",not_exact
001027-083704-01303-א,דימונה,מרחבים,1303,street,694351.77,3439681.87,31.0748566,35.0372118,מרחבים,0,"מרחבים 0, דימונה, ישראל",not_exact
001027-083704-01303-ב,דימונה,מרחבים,1303,street,694351.77,3439681.87,31.0748566,35.0372118,מרחבים,0,"מרחבים 0, דימונה, ישראל",not_exact
001027-083704-01303-ג,דימונה,מרחבים,1303,street,694351.77,3439681.87,31.0748566,35.0372118,מרחבים,0,"מרחבים 0, דימונה, ישראל",not_exact
001027-083704-01304-X,דימונה,מרחבים,1304,street,694351.77,3439681.87,31.0748566,35.0372118,מרחבים,0,"מרחבים 0, דימונה, ישראל",not_exact
001027-083704-01305-א,דימונה,מרחבים,1305,street,694351.77,3439681.87,31.0748566,35.0372118,מרחבים,0,"מרחבים 0, דימונה, ישראל",not_exact
001027-083704-01305-ב,דימונה,מרחבים,1305,street,694351.77,3439681.87,31.0748566,35.0372118,מרחבים,0,"מרחבים 0, דימונה, ישראל",not_exact
001027-083704-01305-ג,דימונה,מרחבים,1305,street,694351.77,3439681.87,31.0748566,35.0372118,מרחבים,0,"מרחבים 0, דימונה, ישראל",not_exact
001027-083704-01305-ד,דימונה,מרחבים,1305,street,694351.77,3439681.87,31.0748566,35.0372118,מרחבים,0,"מרחבים 0, דימונה, ישראל",not_exact
001027-083704-01305-ה,דימונה,מרחבים,1305,street,694351.77,3439681.87,31.0748566,35.0372118,מרחבים,0,"מרחבים 0, דימונה, ישראל",not_exact
001027-083704-01307-X,דימונה,מרחבים,1307,street,694351.77,3439681.87,31.0748566,35.0372118,מרחבים,0,"מרחבים 0, דימונה, ישראל",not_exact
001027-083704-01307-א,דימונה,מרחבים,1307,street,694351.77,3439681.87,31.0748566,35.0372118,מרחבים,0,"מרחבים 0, דימונה, ישראל",not_exact
001027-083704-01307-ב,דימונה,מרחבים,1307,street,694351.77,3439681.87,31.0748566,35.0372118,מרחבים,0,"מרחבים 0, דימונה, ישראל",not_exact
001027-083704-01307-ד,דימונה,מרחבים,1307,street,694351.77,3439681.87,31.0748566,35.0372118,מרחבים,0,"מרחבים 0, דימונה, ישראל",not_exact
001027-083704-01307-ה,דימונה,מרחבים,1307,street,694351.77,3439681.87,31.0748566,35.0372118,מרחבים,0,"מרחבים 0, דימונה, ישראל",not_exact
001027-083704-01308-X,דימונה,מרחבים,1308,street,694351.77,3439681.87,31.0748566,35.0372118,מרחבים,0,"מרחבים 0, דימונה, ישראל",not_exact
001027-083704-01308-ב,דימונה,מרחבים,1308,street,694351.77,3439681.87,31.0748566,35.0372118,מרחבים,0,"מרחבים 0, דימונה, ישראל",not_exact
001027-083704-01308-ג,דימונה,מרחבים,1308,street,694351.77,3439681.87,31.0748566,35.0372118,מרחבים,0,"מרחבים 0, דימונה, ישראל",not_exact
001027-083704-01308-ד,דימונה,מרחבים,1308,street,694351.77,3439681.87,31.0748566,35.0372118,מרחבים,0,"מרחבים 0, דימונה, ישראל",not_exact
001027-083704-01308-ה,דימונה,מרחבים,1308,street,694351.77,3439681.87,31.0748566,35.0372118,מרחבים,0,"מרחבים 0, דימונה, ישראל",not_exact
001027-083704-01308-ו,דימונה,מרחבים,1308,street,694351.77,3439681.87,31.0748566,35.0372118,מרחבים,0,"מרחבים 0, דימונה, ישראל",not_exact
001027-083704-01311-X,דימונה,מרחבים,1311,street,694351.77,3439681.87,31.0748566,35.0372118,מרחבים,0,"מרחבים 0, דימונה, ישראל",not_exact
001027-083704-01312-X,דימונה,מרחבים,1312,street,694351.77,3439681.87,31.0748566,35.0372118,מרחבים,0,"מרחבים 0, דימונה, ישראל",not_exact
001027-083704-01313-X,דימונה,מרחבים,1313,street,694351.77,3439681.87,31.0748566,35.0372118,מרחבים,0,"מרחבים 0, דימונה, ישראל",not_exact
001027-083704-01314-X,דימונה,מרחבים,1314,street,694351.77,3439681.87,31.0748566,35.0372118,מרחבים,0,"מרחבים 0, דימונה, ישראל",not_exact
001027-083704-01315-X,דימונה,מרחבים,1315,street,694351.77,3439681.87,31.0748566,35.0372118,מרחבים,0,"מרחבים 0, דימונה, ישראל",not_exact
001027-083704-01320-X,דימונה,מרחבים,1320,street,694351.77,3439681.87,31.0748566,35.0372118,מרחבים,0,"מרחבים 0, דימונה, ישראל",not_exact
001027-083704-01321-X,דימונה,מרחבים,1321,street,694351.77,3439681.87,31.0748566,35.0372118,מרחבים,0,"מרחבים 0, דימונה, ישראל",not_exact
001027-083704-01322-X,דימונה,מרחבים,1322,street,694351.77,3439681.87,31.0748566,35.0372118,מרחבים,0,"מרחבים 0, דימונה, ישראל",not_exact
001027-083704-01324-X,דימונה,מרחבים,1324,street,694351.77,3439681.87,31.0748566,35.0372118,מרחבים,0,"מרחבים 0, דימונה, ישראל",not_exact
001027-083704-01325-X,דימונה,מרחבים,1325,street,694351.77,3439681.87,31.0748566,35.0372118,מרחבים,0,"מרחבים 0, דימונה, ישראל",not_exact
001027-083704-01327-X,דימונה,מרחבים,1327,exact,694573.62,3439754.13,31.0754715,35.0395499,הרב חיים פינטו,1327,"הרב חיים פינטו 1327, דימונה, ישראל",none
001027-083704-01327-א,דימונה,מרחבים,1327,exact,694573.62,3439754.13,31.0754715,35.0395499,הרב חיים פינטו,1327,"הרב חיים פינטו 1327, דימונה, ישראל",none
001027-083704-01327-ד,דימונה,מרחבים,1327,exact,694573.62,3439754.13,31.0754715,35.0395499,הרב חיים פינטו,1327,"הרב חיים פינטו 1327, דימונה, ישראל",none
001027-083704-01328-X,דימונה,מרחבים,1328,street,694351.77,3439681.87,31.0748566,35.0372118,מרחבים,0,"מרחבים 0, דימונה, ישראל",not_exact
001027-083704-01329-X,דימונה,מרחבים,1329,street,694351.77,3439681.87,31.0748566,35.0372118,מרחבים,0,"מרחבים 0, דימונה, ישראל",not_exact
001027-083704-01331-X,דימונה,מרחבים,1331,exact,694422.46,3439699.97,31.0750082,35.0379558,מרחבים,1331,"מרחבים 1331, דימונה, ישראל",exact
001027-083704-01331-א,דימונה,מרחבים,1331,exact,694422.46,3439699.97,31.0750082,35.0379558,מרחבים,1331,"מרחבים 1331, דימונה, ישראל",exact
001027-083704-01331-ב,דימונה,מרחבים,1331,exact,694422.46,3439699.97,31.0750082,35.0379558,מרחבים,1331,"מרחבים 1331, דימונה, ישראל",exact
001027-083704-01331-ג,דימונה,מרחבים,1331,exact,694422.46,3439699.97,31.0750082,35.0379558,מרחבים,1331,"מרחבים 1331, דימונה, ישראל",exact
001027-083704-01331-ד,דימונה,מרחבים,1331,exact,694422.46,3439699.97,31.0750082,35.0379558,מרחבים,1331,"מרחבים 1331, דימונה, ישראל",exact
001027-083704-01331-ה,דימונה,מרחבים,1331,exact,694422.46,3439699.97,31.0750082,35.0379558,מרחבים,1331,"מרחבים 1331, דימונה, ישראל",exact
001027-083704-01331-ו,דימונה,מרחבים,1331,exact,694422.46,3439699.97,31.0750082,35.0379558,מרחבים,1331,"מרחבים 1331, דימונה, ישראל",exact
001027-083704-01331-ז,דימונה,מרחבים,1331,exact,694422.46,3439699.97,31.0750082,35.0379558,מרחבים,1331,"מרחבים 1331, דימונה, ישראל",exact
001027-083704-01332-X,דימונה,מרחבים,1332,street,694351.77,3439681.87,31.0748566,35.0372118,מרחבים,0,"מרחבים 0, דימונה, ישראל",not_exact
001027-083704-01332-א,דימונה,מרחבים,1332,street,694351.77,3439681.87,31.0748566,35.0372118,מרחבים,0,"מרחבים 0, דימונה, ישראל",not_exact
001027-083704-01332-ב,דימונה,מרחבים,1332,street,694351.77,3439681.87,31.0748566,35.0372118,מרחבים,0,"מרחבים 0, דימונה, ישראל",not_exact
001027-083704-01332-ג,דימונה,מרחבים,1332,street,694351.77,3439681.87,31.0748566,35.0372118,מרחבים,0,"מרחבים 0, דימונה, ישראל",not_exact
001027-083704-01332-ד,דימונה,מרחבים,1332,street,694351.77,3439681.87,31.0748566,35.0372118,מרחבים,0,"מרחבים 0, דימונה, ישראל",not_exact
001027-083744-00000-X,דימונה,הפסגה,,street,694882.16,3439308.35,31.0714005,35.0426963,הפיסגה,210,"הפיסגה 210, דימונה, ישראל",none
001027-083744-00001-X,דימונה,הפסגה,1,exact,694553.82,3439379.05,31.0720925,35.0392702,הפיסגה,1,"הפיסגה 1, דימונה, ישראל",none
001027-083744-00002-X,דימונה,הפסגה,2,exact,694591.6,3439380.77,31.0721018,35.0396664,הפיסגה,2,"הפיסגה 2, דימונה, ישראל",none
001027-083744-00003-X,דימונה,הפסגה,3,exact,694556.52,3439395.89,31.0722439,35.0393018,הפיסגה,3,"הפיסגה 3, דימונה, ישראל",none
001027-083744-00004-X,דימונה,הפסגה,4,exact,694589.55,3439399.68,31.0722726,35.0396485,הפיסגה,4,"הפיסגה 4, דימונה, ישראל",none
001027-083744-00005-X,דימונה,הפסגה,5,exact,694555.32,3439413.23,31.0724005,35.0392925,הפיסגה,95,"הפיסגה 95, דימונה, ישראל",none
001027-083744-00006-X,דימונה,הפסגה,6,exact,694589.01,3439415.59,31.0724162,35.0396459,הפיסגה,37,"הפיסגה 37, דימונה, ישראל",none
001027-083744-00007-X,דימונה,הפסגה,7,exact,694556.26,3439436.41,31.0726094,35.0393068,הפיסגה,94,"הפיסגה 94, דימונה, ישראל",none
001027-083744-00010-X,דימונה,הפסגה,10,exact,694591.38,3439457.42,31.072793,35.0396788,הפיסגה,10,"הפיסגה 10, דימונה, ישראל",none
001027-083744-00011-X,דימונה,הפסגה,11,exact,694566.67,3439471.23,31.0729216,35.0394226,הפיסגה,92,"הפיסגה 92, דימונה, ישראל",none
001027-083744-00014-X,דימונה,הפסגה,14,exact,694628.88,3439489.95,31.0730801,35.0400779,הפיסגה,14,"הפיסגה 14, דימונה, ישראל",none
001027-083744-00017-X,דימונה,הפסגה,17,exact,694616.43,3439516.13,31.0733183,35.0399526,הפיסגה,17,"הפיסגה 17, דימונה, ישראל",none
001027-083744-00019-X,דימונה,הפסגה,19,street,694882.16,3439308.35,31.0714005,35.0426963,הפיסגה,210,"הפיסגה 210, דימונה, ישראל",none
001027-083744-00020-X,דימונה,הפסגה,20,exact,694686.67,3439478.51,31.0729674,35.0406812,המעלה,45,"המעלה 45, דימונה, ישראל",none
001027-083744-00021-X,דימונה,הפסגה,21,exact,694649.9,3439524.98,31.0733925,35.0403049,הפיסגה,21,"הפיסגה 21, דימונה, ישראל",none
001027-083744-00022-X,דימונה,הפסגה,22,exact,694712.04,3439471.98,31.0729043,35.0409457,הפיסגה,22,"הפיסגה 22, דימונה, ישראל",none
001027-083744-00025-X,דימונה,הפסגה,25,exact,694687.9,3439519.06,31.0733328,35.0407019,הפיסגה,86,"הפיסגה 86, דימונה, ישראל",none
001027-083744-00026-X,דימונה,הפסגה,26,exact,694737.19,3439446.5,31.0726704,35.0412043,המעלה,50,"המעלה 50, דימונה, ישראל",none
001027-083744-00027-X,דימונה,הפסגה,27,exact,694702.88,3439512.16,31.0732681,35.0408575,הפיסגה,27,"הפיסגה 27, דימונה, ישראל",none
001027-083744-00028-X,דימונה,הפסגה,28,exact,694751.64,3439435.56,31.0725693,35.0413535,המעלה,52,"המעלה 52, דימונה, ישראל",none
001027-083744-00029-X,דימונה,הפסגה,29,exact,694731.6,3439501.27,31.0731652,35.0411562,הפיסגה,84,"הפיסגה 84, דימונה, ישראל",none
001027-083744-00030-X,דימונה,הפסגה,30,exact,694761.78,3439421.44,31.0724403,35.041457,המעלה,54,"המעלה 54, דימונה, ישראל",none
001027-083744-00031-X,דימונה,הפסגה,31,exact,694742.26,3439488.89,31.0730518,35.0412655,הפיסגה,83,"הפיסגה 83, דימונה, ישראל",none
001027-083744-00033-X,דימונה,הפסגה,33,exact,694760.42,3439477.14,31.0729428,35.0414535,הפיסגה,82,"הפיסגה 82, דימונה, ישראל",none
001027-083744-00034-X,דימונה,הפסגה,34,exact,694786.85,3439397.96,31.0722244,35.0417151,המעלה,58,"המעלה 58, דימונה, ישראל",none
001027-083744-00035-X,דימונה,הפסגה,35,exact,694770.98,3439460.82,31.0727939,35.041561,הפיסגה,81,"הפיסגה 81, דימונה, ישראל",none
001027-083744-00036-X,דימונה,הפסגה,36,exact,694798.83,3439383.17,31.0720891,35.0418378,הפיסגה,60,"הפיסגה 60, דימונה, ישראל",none
001027-083744-00037-X,דימונה,הפסגה,37,exact,694781.89,3439445.85,31.0726571,35.0416724,הפיסגה,81,"הפיסגה 81, דימונה, ישראל",none
001027-083744-00038-X,דימונה,הפסגה,38,exact,694815.33,3439365.78,31.0719295,35.0420073,המעלה,62,"המעלה 62, דימונה, ישראל",none
001027-083744-00039-X,דימונה,הפסגה,39,exact,694794.69,3439433.11,31.0725401,35.0418041,הפיסגה,32,"הפיסגה 32, דימונה, ישראל",none
001027-083744-00040-X,דימונה,הפסגה,40,exact,694824.55,3439349.25,31.0717789,35.0421007,המעלה,64,"המעלה 64, דימונה, ישראל",none
001027-083744-00041-X,דימונה,הפסגה,41,exact,694807.96,3439418.81,31.0724089,35.0419403,הפיסגה,76,"הפיסגה 76, דימונה, ישראל",none
001027-083744-00044-X,דימונה,הפסגה,44,exact,694850.47,3439324.82,31.0715543,35.0423675,המעלה,68,"המעלה 68, דימונה, ישראל",none
001027-083744-00045-X,דימונה,הפסגה,45,exact,694840.88,3439390.45,31.0721477,35.0422797,הפיסגה,74,"הפיסגה 74, דימונה, ישראל",none
001027-083744-00046-X,דימונה,הפסגה,46,exact,694860.67,3439310.1,31.0714199,35.0424716,המעלה,70,"המעלה 70, דימונה, ישראל",none
001027-083744-00047-X,דימונה,הפסגה,47,exact,694854.56,3439375.61,31.0720116,35.0424202,הפיסגה,74,"הפיסגה 74, דימונה, ישראל",none
001027-083744-00048-X,דימונה,הפסגה,48,exact,694874.68,3439295.31,31.0712842,35.0426155,המעלה,210,"המעלה 210, דימונה, ישראל",none
001027-083744-00049-X,דימונה,הפסגה,49,exact,694857.71,3439362.86,31.0718961,35.0424507,הפיסגה,74,"הפיסגה 74, דימונה, ישראל",none
001027-083744-00050-X,דימונה,הפסגה,50,exact,694894.57,3439274.04,31.0710891,35.0428197,המעלה,208,"המעלה 208, דימונה, ישראל",none
001027-083744-00052-X,דימונה,הפסגה,52,exact,694908.16,3439255.54,31.07092,35.0429585,הפיסגה,52,"הפיסגה 52, דימונה, ישראל",none
001027-083744-00053-X,דימונה,הפסגה,53,exact,694881.27,3439333.93,31.0716314,35.042692,הפיסגה,72,"הפיסגה 72, דימונה, ישראל",none
001027-083744-00055-X,דימונה,הפסגה,55,exact,694896.2,3439319.41,31.071498,35.0428456,הפיסגה,57,"הפיסגה 57, דימונה, ישראל",none
001027-083744-00056-X,דימונה,הפסגה,56,exact,694933.58,3439223.53,31.0706272,35.0432187,הפיסגה,264,"הפיסגה 264, דימונה, ישראל",none
001027-083744-00057-X,דימונה,הפסגה,57,exact,694907.55,3439308.71,31.0713996,35.0429624,הפיסגה,59,"הפיסגה 59, דימונה, ישראל",none
001027-083744-00058-X,דימונה,הפסגה,58,exact,694940.62,3439206.27,31.0704704,35.0432891,הפיסגה,263,"הפיסגה 263, דימונה, ישראל",none
001027-083744-00059-X,דימונה,הפסגה,59,exact,694921.9,3439295.04,31.0712739,35.0431101,הפיסגה,205,"הפיסגה 205, דימונה, ישראל",none
001027-083744-00060-X,דימונה,הפסגה,60,exact,694940.06,3439186.46,31.0702918,35.0432794,הפיסגה,262,"הפיסגה 262, דימונה, ישראל",none
001027-083744-00061-X,דימונה,הפסגה,61,exact,694940.49,3439300.84,31.0713231,35.043306,הפיסגה,204,"הפיסגה 204, דימונה, ישראל",none
001027-083744-00062-X,דימונה,הפסגה,62,exact,694935.94,3439168.61,31.0701315,35.0432328,הפיסגה,260,"הפיסגה 260, דימונה, ישראל",none
001027-083744-00063-X,דימונה,הפסגה,63,exact,694965.47,3439307.26,31.0713769,35.0435689,הפיסגה,202,"הפיסגה 202, דימונה, ישראל",none
001027-083744-00066-X,דימונה,הפסגה,66,exact,694927.51,3439137.68,31.069854,35.0431385,הפיסגה,259,"הפיסגה 259, דימונה, ישראל",none
001027-083744-00067-X,דימונה,הפסגה,67,exact,695002.69,3439300.42,31.071309,35.0439575,הפיסגה,67,"הפיסגה 67, דימונה, ישראל",none
001027-083744-00068-X,דימונה,הפסגה,68,exact,694922.68,3439120.01,31.0696955,35.0430845,הפיסגה,68,"הפיסגה 68, דימונה, ישראל",none
001027-083744-00069-X,דימונה,הפסגה,69,exact,695010.77,3439281.59,31.0711379,35.0440385,הפיסגה,200,"הפיסגה 200, דימונה, ישראל",none
001027-083744-00070-X,דימונה,הפסגה,70,exact,694924.13,3439102.16,31.0695343,35.0430963,הפיסגה,257,"הפיסגה 257, דימונה, ישראל",none
001027-083744-00071-X,דימונה,הפסגה,71,exact,695015.56,3439260.24,31.0709446,35.0440846,הפיסגה,199,"הפיסגה 199, דימונה, ישראל",none
001027-083744-00072-X,דימונה,הפסגה,72,exact,694936.21,3439067.31,31.069218,35.0432161,הפיסגה,386,"הפיסגה 386, דימונה, ישראל",none
001027-083744-00073-X,דימונה,הפסגה,73,exact,695002.06,3439248.78,31.0708435,35.0439409,הפיסגה,198,"הפיסגה 198, דימונה, ישראל",none
001027-083744-00074-X,דימונה,הפסגה,74,exact,694944.6,3439050.48,31.0690649,35.0433007,הפיסגה,385,"הפיסגה 385, דימונה, ישראל",none
001027-083744-00075-X,דימונה,הפסגה,75,exact,694984.57,3439236.32,31.070734,35.0437553,הפיסגה,197,"הפיסגה 197, דימונה, ישראל",none
001027-083744-00076-X,דימונה,הפסגה,76,exact,694946.17,3439032.62,31.0689036,35.0433137,הפיסגה,384,"הפיסגה 384, דימונה, ישראל",none
001027-083744-00077-X,דימונה,הפסגה,77,exact,694956.75,3439245.87,31.0708248,35.0434657,הפיסגה,195,"הפיסגה 195, דימונה, ישראל",none
001027-083744-00078-X,דימונה,הפסגה,78,exact,694945.88,3439017.36,31.068766,35.0433077,הפיסגה,383,"הפיסגה 383, דימונה, ישראל",none
001027-083744-00082-X,דימונה,הפסגה,82,exact,694950.32,3438985.47,31.0684777,35.0433481,הפיסגה,381,"הפיסגה 381, דימונה, ישראל",none
001027-083744-00083-X,דימונה,הפסגה,83,exact,694972.16,3439201.2,31.0704194,35.0436185,הפיסגה,265,"הפיסגה 265, דימונה, ישראל",none
001027-083744-00084-X,דימונה,הפסגה,84,exact,694948.86,3438972.17,31.068358,35.0433302,הפיסגה,380,"הפיסגה 380, דימונה, ישראל",none
001027-083744-00085-X,דימונה,הפסגה,85,exact,694971.88,3439185.1,31.0702743,35.0436125,הפיסגה,266,"הפיסגה 266, דימונה, ישראל",none
001027-083744-00086-X,דימונה,הפסגה,86,exact,694947.18,3438956.03,31.0682128,35.0433095,הפיסגה,379,"הפיסגה 379, דימונה, ישראל",none
001027-083744-00087-X,דימונה,הפסגה,87,exact,694966.24,3439168.56,31.0701261,35.0435502,הפיסגה,267,"הפיסגה 267, דימונה, ישראל",none
001027-083744-00089-X,דימונה,הפסגה,89,exact,694961.63,3439153.75,31.0699933,35.0434991,הפיסגה,268,"הפיסגה 268, דימונה, ישראל",none
001027-083744-00090-X,דימונה,הפסגה,90,exact,694942.93,3438921.75,31.0679043,35.0432584,הפיסגה,377,"הפיסגה 377, דימונה, ישראל",none
001027-083744-00091-X,דימונה,הפסגה,91,exact,694961.44,3439137.87,31.0698501,35.043494,הפיסגה,269,"הפיסגה 269, דימונה, ישראל",none
001027-083744-00093-X,דימונה,הפסגה,93,exact,694954.49,3439122.39,31.0697117,35.0434182,הפיסגה,270,"הפיסגה 270, דימונה, ישראל",none
001027-083744-00097-X,דימונה,הפסגה,97,exact,694961.37,3439087.74,31.0693981,35.0434836,הפיסגה,272,"הפיסגה 272, דימונה, ישראל",none
001027-083744-00099-X,דימונה,הפסגה,99,exact,694970.34,3439075.14,31.069283,35.0435751,הפיסגה,273,"הפיסגה 273, דימונה, ישראל",none
001027-083744-00101-X,דימונה,הפסגה,101,exact,694975.69,3439060.2,31.0691474,35.0436283,הפיסגה,274,"הפיסגה 274, דימונה, ישראל",none
001027-083744-00105-X,דימונה,הפסגה,105,exact,694978.1,3439019.4,31.0687791,35.0436457,הפיסגה,276,"הפיסגה 276, דימונה, ישראל",none
001027-083744-00109-X,דימונה,הפסגה,109,exact,694981.61,3438987.5,31.0684908,35.0436763,הפיסגה,279,"הפיסגה 279, דימונה, ישראל",none
001027-083744-00111-X,דימונה,הפסגה,111,exact,694979.86,3438972.88,31.0683593,35.0436551,הפיסגה,109,"הפיסגה 109, דימונה, ישראל",none
001027-083744-00115-X,דימונה,הפסגה,115,exact,694979.47,3438941.45,31.0680759,35.043645,הפיסגה,281,"הפיסגה 281, דימונה, ישראל",none
001027-083744-00117-X,דימונה,הפסגה,117,exact,694978.92,3438923.68,31.0679158,35.0436358,הפיסגה,282,"הפיסגה 282, דימונה, ישראל",none
001027-083744-00119-X,דימונה,הפסגה,119,exact,694974,3438909.42,31.067788,35.0435815,הפיסגה,283,"הפיסגה 283, דימונה, ישראל",none
001027-083784-00000-X,דימונה,המעלה,,street,694764.71,3439333.41,31.071646,35.0414708,המעלה,23,"המעלה 23, דימונה, ישראל",not_exact
001027-083784-00002-X,דימונה,המעלה,2,exact,694664.09,3439407.11,31.0723273,35.0404309,המעלה,2,"המעלה 2, דימונה, ישראל",exact
001027-083784-00003-X,דימונה,המעלה,3,exact,694702.92,3439425.07,31.0724828,35.0408411,המעלה,49,"המעלה 49, דימונה, ישראל",not_exact
001027-083784-00004-X,דימונה,המעלה,4,exact,694684.7,3439400.28,31.0722623,35.0406454,המעלה,4,"המעלה 4, דימונה, ישראל",exact
001027-083784-00005-X,דימונה,המעלה,5,exact,694717.03,3439413.05,31.0723721,35.0409866,המעלה,51,"המעלה 51, דימונה, ישראל",not_exact
001027-083784-00006-X,דימונה,המעלה,6,exact,694697,3439385.7,31.0721288,35.0407715,המעלה,30,"המעלה 30, דימונה, ישראל",not_exact
001027-083784-00007-X,דימונה,המעלה,7,exact,694729.45,3439400.86,31.0722601,35.0411144,המעלה,53,"המעלה 53, דימונה, ישראל",not_exact
001027-083784-00008-X,דימונה,המעלה,8,exact,694709.77,3439376.01,31.0720393,35.0409034,המעלה,28,"המעלה 28, דימונה, ישראל",not_exact
001027-083784-00009-X,דימונה,המעלה,9,exact,694742.63,3439390.98,31.0721688,35.0412505,המעלה,55,"המעלה 55, דימונה, ישראל",not_exact
001027-083784-00010-X,דימונה,המעלה,10,exact,694728.19,3439368.43,31.0719679,35.0410949,המעלה,26,"המעלה 26, דימונה, ישראל",not_exact
001027-083784-00011-X,דימונה,המעלה,11,exact,694758.19,3439377.21,31.0720421,35.0414109,המעלה,57,"המעלה 57, דימונה, ישראל",not_exact
001027-083784-00012-X,דימונה,המעלה,12,exact,694739.1,3439356.49,31.0718584,35.0412069,המעלה,24,"המעלה 24, דימונה, ישראל",not_exact
001027-083784-00014-X,דימונה,המעלה,14,exact,694749.43,3439342.19,31.0717277,35.0413124,המעלה,14,"המעלה 14, דימונה, ישראל",exact
001027-083784-00015-X,דימונה,המעלה,15,exact,694784.58,3439344.75,31.071745,35.0416811,המעלה,61,"המעלה 61, דימונה, ישראל",not_exact
001027-083784-00017-X,דימונה,המעלה,17,exact,694797.74,3439332.15,31.0716292,35.0418165,המעלה,63,"המעלה 63, דימונה, ישראל",not_exact
001027-083784-00018-X,דימונה,המעלה,18,exact,694805.02,3439283.23,31.0711868,35.0418834,המעפיל,19,"המעפיל 19, דימונה, ישראל",none
001027-083784-00019-X,דימונה,המעלה,19,exact,694808.83,3439317.56,31.0714958,35.0419299,המעלה,65,"המעלה 65, דימונה, ישראל",not_exact
001027-083784-00020-X,דימונה,המעלה,20,exact,694816.09,3439269.66,31.0710626,35.0419967,המעפיל,17,"המעפיל 17, דימונה, ישראל",none
001027-083784-00023-X,דימונה,המעלה,23,exact,694832.74,3439292.85,31.071269,35.0421756,המעלה,69,"המעלה 69, דימונה, ישראל",not_exact
001027-083784-00024-X,דימונה,המעלה,24,exact,694834.76,3439235.52,31.0707517,35.0421857,המעלה,246,"המעלה 246, דימונה, ישראל",not_exact
001027-083784-00025-X,דימונה,המעלה,25,exact,694849.39,3439277.12,31.0711244,35.042347,המעלה,209,"המעלה 209, דימונה, ישראל",not_exact
001027-083784-00026-X,דימונה,המעלה,26,exact,694841.52,3439216.71,31.0705809,35.0422529,המעפיל,247,"המעפיל 247, דימונה, ישראל",none
001027-083784-00027-X,דימונה,המעלה,27,exact,694874.84,3439264.08,31.0710026,35.0426111,המעלה,248,"המעלה 248, דימונה, ישראל",not_exact
001027-083784-00028-X,דימונה,המעלה,28,street,694764.71,3439333.41,31.071646,35.0414708,המעלה,23,"המעלה 23, דימונה, ישראל",not_exact
001027-083784-00029-X,דימונה,המעלה,29,exact,694896.77,3439242.4,31.0708034,35.0428367,המעלה,249,"המעלה 249, דימונה, ישראל",not_exact
001027-083784-00030-X,דימונה,המעלה,30,street,694764.71,3439333.41,31.071646,35.0414708,המעלה,23,"המעלה 23, דימונה, ישראל",not_exact
001027-083784-00031-X,דימונה,המעלה,31,exact,694879.42,3439227.99,31.0706764,35.0426521,המעלה,250,"המעלה 250, דימונה, ישראל",not_exact
001027-083784-00032-X,דימונה,המעלה,32,street,694764.71,3439333.41,31.071646,35.0414708,המעלה,23,"המעלה 23, דימונה, ישראל",not_exact
001027-083784-00033-X,דימונה,המעלה,33,exact,694863.63,3439224.83,31.0706505,35.0424861,המעלה,251,"המעלה 251, דימונה, ישראל",not_exact
001027-083850-00004-X,דימונה,ערוגות,4,exact,694139.73,3439535.07,31.073568,35.0349621,משעול ערוגות,6,"משעול ערוגות 6, דימונה, ישראל",not_exact
001027-083850-00005-X,דימונה,ערוגות,5,exact,694134.85,3439553.61,31.073736,35.0349146,משעול ערוגות,104,"משעול ערוגות 104, דימונה, ישראל",not_exact
001027-083850-00006-X,דימונה,ערוגות,6,exact,694144.58,3439542.86,31.0736374,35.0350144,משעול ערוגות,8,"משעול ערוגות 8, דימונה, ישראל",not_exact
001027-083850-00007-X,דימונה,ערוגות,7,exact,694144.54,3439554.22,31.0737399,35.0350162,משעול ערוגות,7,"משעול ערוגות 7, דימונה, ישראל",exact
001027-083850-00008-X,דימונה,ערוגות,8,exact,694154.91,3439544.32,31.0736489,35.0351229,משעול ערוגות,10,"משעול ערוגות 10, דימונה, ישראל",not_exact
001027-083850-00009-X,דימונה,ערוגות,9,exact,694154.75,3439562.77,31.0738153,35.0351248,משעול ערוגות,9,"משעול ערוגות 9, דימונה, ישראל",exact
001027-083850-00010-X,דימונה,ערוגות,10,exact,694163.76,3439555.5,31.0737482,35.0352178,משעול ערוגות,12,"משעול ערוגות 12, דימונה, ישראל",not_exact
001027-083850-00012-X,דימונה,ערוגות,12,exact,694174.67,3439557.19,31.0737617,35.0353324,משעול ערוגות,107,"משעול ערוגות 107, דימונה, ישראל",not_exact
001027-083850-00013-X,דימונה,ערוגות,13,exact,694170.08,3439571.59,31.0738923,35.0352871,דרך דוד בן גוריון,105,"דרך דוד בן גוריון 105, דימונה, ישראל",none
001027-083850-00014-X,דימונה,ערוגות,14,exact,694179.43,3439564.89,31.0738303,35.0353838,משעול ערוגות,16,"משעול ערוגות 16, דימונה, ישראל",not_exact
001027-083850-00015-X,דימונה,ערוגות,15,exact,694175.94,3439581.11,31.0739772,35.0353503,משעול ערוגות,15,"משעול ערוגות 15, דימונה, ישראל",exact
001027-083850-00016-X,דימונה,ערוגות,16,exact,694188.45,3439565.64,31.0738356,35.0354784,משעול ערוגות,16,"משעול ערוגות 16, דימונה, ישראל",exact
001027-083956-00135-X,דימונה,הזמיר,135,exact,694369.55,3439610.27,31.0742081,35.0373843,משעול הזמיר,135,"משעול הזמיר 135, דימונה, ישראל",exact
001027-083956-00137-X,דימונה,הזמיר,137,street,694393.21,3439620,31.0742919,35.037634,משעול הזמיר,1216,"משעול הזמיר 1216, דימונה, ישראל",not_exact
001027-083956-00142-X,דימונה,הזמיר,142,street,694393.21,3439620,31.0742919,35.037634,משעול הזמיר,1216,"משעול הזמיר 1216, דימונה, ישראל",not_exact
001027-083956-00143-X,דימונה,הזמיר,143,street,694393.21,3439620,31.0742919,35.037634,משעול הזמיר,1216,"משעול הזמיר 1216, דימונה, ישראל",not_exact
001027-083956-01216-X,דימונה,הזמיר,1216,street,694393.21,3439620,31.0742919,35.037634,משעול הזמיר,1216,"משעול הזמיר 1216, דימונה, ישראל",exact
001027-083998-00122-X,דימונה,דוכיפת,122,street,694230.33,3439612.86,31.0742545,35.0359262,משעול דוכיפת,5,"משעול דוכיפת 5, דימונה, ישראל",not_exact
001027-084045-00004-X,דימונה,היונה,4,exact,694440.34,3439505.43,31.073251,35.0381057,משעול היונה,4,"משעול היונה 4, דימונה, ישראל",exact
001027-084045-00148-X,דימונה,היונה,148,street,694429.97,3439485.1,31.0730693,35.0379932,משעול היונה,8,"משעול היונה 8, דימונה, ישראל",not_exact
001027-084045-00150-X,דימונה,היונה,150,street,694429.97,3439485.1,31.0730693,35.0379932,משעול היונה,8,"משעול היונה 8, דימונה, ישראל",not_exact
001027-084045-00151-X,דימונה,היונה,151,street,694429.97,3439485.1,31.0730693,35.0379932,משעול היונה,8,"משעול היונה 8, דימונה, ישראל",not_exact
001027-084045-00153-X,דימונה,היונה,153,street,694429.97,3439485.1,31.0730693,35.0379932,משעול היונה,8,"משעול היונה 8, דימונה, ישראל",not_exact
001027-084045-00155-X,דימונה,היונה,155,street,694429.97,3439485.1,31.0730693,35.0379932,משעול היונה,8,"משעול היונה 8, דימונה, ישראל",not_exact
001027-084045-00156-X,דימונה,היונה,156,exact,694441.86,3439411.44,31.0724032,35.0381036,השלווה,156,"השלווה 156, דימונה, ישראל",none
001027-084045-00186-X,דימונה,היונה,186,exact,694452.07,3439388.61,31.0721956,35.0382061,משעול היונה,186,"משעול היונה 186, דימונה, ישראל",exact
001027-084092-00000-X,דימונה,השלוה,,street,694477.24,3439522.49,31.0733987,35.0384956,אברהם עופר,10,"אברהם עופר 10, דימונה, ישראל",none
001027-084092-01157-X,דימונה,השלוה,1157,street,694477.24,3439522.49,31.0733987,35.0384956,אברהם עופר,10,"אברהם עופר 10, דימונה, ישראל",none
001027-084092-01157-א,דימונה,השלוה,1157,street,694477.24,3439522.49,31.0733987,35.0384956,אברהם עופר,10,"אברהם עופר 10, דימונה, ישראל",none
001027-084092-01158-X,דימונה,השלוה,1158,street,694477.24,3439522.49,31.0733987,35.0384956,אברהם עופר,10,"אברהם עופר 10, דימונה, ישראל",none
001027-084092-01160-X,דימונה,השלוה,1160,street,694477.24,3439522.49,31.0733987,35.0384956,אברהם עופר,10,"אברהם עופר 10, דימונה, ישראל",none
001027-084092-01161-X,דימונה,השלוה,1161,street,694477.24,3439522.49,31.0733987,35.0384956,אברהם עופר,10,"אברהם עופר 10, דימונה, ישראל",none
001027-084092-01170-X,דימונה,השלוה,1170,street,694477.24,3439522.49,31.0733987,35.0384956,אברהם עופר,10,"אברהם עופר 10, דימונה, ישראל",none
001027-084092-01170-א,דימונה,השלוה,1170,street,694477.24,3439522.49,31.0733987,35.0384956,אברהם עופר,10,"אברהם עופר 10, דימונה, ישראל",none
001027-084092-01170-ב,דימונה,השלוה,1170,street,694477.24,3439522.49,31.0733987,35.0384956,אברהם עופר,10,"אברהם עופר 10, דימונה, ישראל",none
001027-084092-01177-X,דימונה,השלוה,1177,street,694477.24,3439522.49,31.0733987,35.0384956,אברהם עופר,10,"אברהם עופר 10, דימונה, ישראל",none
001027-084092-01178-X,דימונה,השלוה,1178,street,694477.24,3439522.49,31.0733987,35.0384956,אברהם עופר,10,"אברהם עופר 10, דימונה, ישראל",none
001027-084092-01178-א,דימונה,השלוה,1178,street,694477.24,3439522.49,31.0733987,35.0384956,אברהם עופר,10,"אברהם עופר 10, דימונה, ישראל",none
001027-084092-01178-ב,דימונה,השלוה,1178,street,694477.24,3439522.49,31.0733987,35.0384956,אברהם עופר,10,"אברהם עופר 10, דימונה, ישראל",none
001027-084092-01179-X,דימונה,השלוה,1179,street,694477.24,3439522.49,31.0733987,35.0384956,אברהם עופר,10,"אברהם עופר 10, דימונה, ישראל",none
001027-084092-01179-א,דימונה,השלוה,1179,street,694477.24,3439522.49,31.0733987,35.0384956,אברהם עופר,10,"אברהם עופר 10, דימונה, ישראל",none
001027-084092-01179-ב,דימונה,השלוה,1179,street,694477.24,3439522.49,31.0733987,35.0384956,אברהם עופר,10,"אברהם עופר 10, דימונה, ישראל",none
001027-084092-01180-א,דימונה,השלוה,1180,street,694477.24,3439522.49,31.0733987,35.0384956,אברהם עופר,10,"אברהם עופר 10, דימונה, ישראל",none
001027-084092-01180-ב,דימונה,השלוה,1180,street,694477.24,3439522.49,31.0733987,35.0384956,אברהם עופר,10,"אברהם עופר 10, דימונה, ישראל",none
001027-084092-01181-X,דימונה,השלוה,1181,street,694477.24,3439522.49,31.0733987,35.0384956,אברהם עופר,10,"אברהם עופר 10, דימונה, ישראל",none
001027-084216-00000-X,דימונה,מילרוד אליעזר,,street,694640.48,3438594.29,31.0650017,35.040027,עבדת,1,"עבדת 1, דימונה, ישראל",none
001027-084216-00001-X,דימונה,מילרוד אליעזר,1,street,694640.48,3438594.29,31.0650017,35.040027,עבדת,1,"עבדת 1, דימונה, ישראל",none
001027-084216-00002-X,דימונה,מילרוד אליעזר,2,exact,694593.89,3438589.98,31.0649705,35.0395381,אליעזר מילרוד,4,"אליעזר מילרוד 4, דימונה, ישראל",none
001027-084216-00005-X,דימונה,מילרוד אליעזר,5,street,694640.48,3438594.29,31.0650017,35.040027,עבדת,1,"עבדת 1, דימונה, ישראל",none
001027-084216-00006-X,דימונה,מילרוד אליעזר,6,exact,694616.65,3438582.74,31.0649015,35.0397751,אליעזר מילרוד,8,"אליעזר מילרוד 8, דימונה, ישראל",none
001027-084216-00008-X,דימונה,מילרוד אליעזר,8,exact,694623.78,3438577.69,31.0648548,35.0398488,אליעזר מילרוד,1619,"אליעזר מילרוד 1619, דימונה, ישראל",none
001027-084216-00010-X,דימונה,מילרוד אליעזר,10,exact,694641.67,3438576.72,31.0648431,35.0400361,אליעזר מילרוד,10,"אליעזר מילרוד 10, דימונה, ישראל",none
001027-084216-00012-X,דימונה,מילרוד אליעזר,12,exact,694649.36,3438572.72,31.0648057,35.0401158,אליעזר מילרוד,1620,"אליעזר מילרוד 1620, דימונה, ישראל",none
001027-084216-00014-X,דימונה,מילרוד אליעזר,14,exact,694664.97,3438569.75,31.0647763,35.0402788,אליעזר מילרוד,16,"אליעזר מילרוד 16, דימונה, ישראל",none
001027-084216-01618-X,דימונה,מילרוד אליעזר,1618,street,694640.48,3438594.29,31.0650017,35.040027,עבדת,1,"עבדת 1, דימונה, ישראל",none
001027-084216-01619-X,דימונה,מילרוד אליעזר,1619,street,694640.48,3438594.29,31.0650017,35.040027,עבדת,1,"עבדת 1, דימונה, ישראל",none
001027-084216-01620-X,דימונה,מילרוד אליעזר,1620,street,694640.48,3438594.29,31.0650017,35.040027,עבדת,1,"עבדת 1, דימונה, ישראל",none
001027-084310-00001-X,דימונה,נבטים,1,exact,694194.31,3439424.09,31.0725582,35.0355126,משעול נבטים,2,"משעול נבטים 2, דימונה, ישראל",not_exact
001027-084310-00002-X,דימונה,נבטים,2,exact,694198.15,3439418.67,31.0725087,35.0355518,משעול נבטים,4,"משעול נבטים 4, דימונה, ישראל",not_exact
001027-084310-00003-X,דימונה,נבטים,3,exact,694198.17,3439430.41,31.0726146,35.0355543,דרך דוד בן גוריון,116,"דרך דוד בן גוריון 116, דימונה, ישראל",none
001027-084310-00004-X,דימונה,נבטים,4,exact,694206.1,3439421.04,31.0725287,35.0356355,משעול נבטים,4,"משעול נבטים 4, דימונה, ישראל",exact
001027-084310-00006-X,דימונה,נבטים,6,exact,694211.5,3439428.75,31.0725974,35.0356936,משעול נבטים,8,"משעול נבטים 8, דימונה, ישראל",not_exact
001027-084310-00008-X,דימונה,נבטים,8,exact,694221.34,3439429.68,31.0726041,35.0357969,משעול נבטים,8,"משעול נבטים 8, דימונה, ישראל",exact
001027-084310-00009-X,דימונה,נבטים,9,exact,694226.02,3439444.14,31.0727338,35.0358487,משעול נבטים,10,"משעול נבטים 10, דימונה, ישראל",not_exact
001027-084310-00010-X,דימונה,נבטים,10,exact,694233.13,3439440.99,31.0727042,35.0359225,משעול נבטים,12,"משעול נבטים 12, דימונה, ישראל",not_exact
001027-084310-00011-X,דימונה,נבטים,11,exact,694228.69,3439451.67,31.0728012,35.0358781,דרך השלום,117,"דרך השלום 117, דימונה, ישראל",none
001027-084310-00012-X,דימונה,נבטים,12,exact,694242.66,3439442.23,31.0727138,35.0360226,דרך דוד בן גוריון,119,"דרך דוד בן גוריון 119, דימונה, ישראל",none
001027-084310-00013-X,דימונה,נבטים,13,exact,694238.22,3439451.9,31.0728017,35.035978,דרך דוד בן גוריון,117,"דרך דוד בן גוריון 117, דימונה, ישראל",none
001027-084310-00015-X,דימונה,נבטים,15,exact,694243.62,3439461.15,31.0728842,35.0360363,משעול נבטים,15,"משעול נבטים 15, דימונה, ישראל",exact
001027-084626-00002-X,דימונה,עלית הנוער,2,street,693726.32,3439244.89,31.0710196,35.0305755,שדרות גולדה מאיר,1003,"שדרות גולדה מאיר 1003, דימונה, ישראל",none
001027-084626-00006-X,דימונה,עלית הנוער,6,street,693726.32,3439244.89,31.0710196,35.0305755,שדרות גולדה מאיר,1003,"שדרות גולדה מאיר 1003, דימונה, ישראל",none
001027-084626-00007-X,דימונה,עלית הנוער,7,street,693726.32,3439244.89,31.0710196,35.0305755,שדרות גולדה מאיר,1003,"שדרות גולדה מאיר 1003, דימונה, ישראל",none
001027-084626-00008-X,דימונה,עלית הנוער,8,street,693726.32,3439244.89,31.0710196,35.0305755,שדרות גולדה מאיר,1003,"שדרות גולדה מאיר 1003, דימונה, ישראל",none
001027-084626-00009-X,דימונה,עלית הנוער,9,street,693726.32,3439244.89,31.0710196,35.0305755,שדרות גולדה מאיר,1003,"שדרות גולדה מאיר 1003, דימונה, ישראל",none
001027-084626-00010-X,דימונה,עלית הנוער,10,street,693726.32,3439244.89,31.0710196,35.0305755,שדרות גולדה מאיר,1003,"שדרות גולדה מאיר 1003, דימונה, ישראל",none
001027-084626-00011-X,דימונה,עלית הנוער,11,street,693726.32,3439244.89,31.0710196,35.0305755,שדרות גולדה מאיר,1003,"שדרות גולדה מאיר 1003, דימונה, ישראל",none
001027-084626-00012-X,דימונה,עלית הנוער,12,street,693726.32,3439244.89,31.0710196,35.0305755,שדרות גולדה מאיר,1003,"שדרות גולדה מאיר 1003, דימונה, ישראל",none
001027-084626-00013-X,דימונה,עלית הנוער,13,street,693726.32,3439244.89,31.0710196,35.0305755,שדרות גולדה מאיר,1003,"שדרות גולדה מאיר 1003, דימונה, ישראל",none
001027-085016-00035-X,דימונה,שאול המלך,35,street,694071.78,3439139.66,31.0700136,35.0341743,דרך דוד בן גוריון,1042,"דרך דוד בן גוריון 1042, דימונה, ישראל",none
001027-085190-00000-X,דימונה,הסדנה,,street,693159.14,3438258.17,31.0622153,35.0244451,המלאכה,28,"המלאכה 28, דימונה, ישראל",none
001027-085190-00001-X,דימונה,הסדנה,1,exact,693254.34,3438288.59,31.062474,35.0254481,הזית,121,"הזית 121, דימונה, ישראל",none
001027-085190-00007-X,דימונה,הסדנה,7,exact,693217.96,3438266.42,31.06228,35.0250628,הסדנה,121,"הסדנה 121, דימונה, ישראל",not_exact
001027-085404-00000-X,דימונה,העליה,,street,694820.49,3438712.11,31.0660343,35.0419354,,,"תיכון זינמן/עליה, דימונה, ישראל",none
001027-085404-00002-X,דימונה,העליה,2,exact,694641.18,3438738.33,31.0663004,35.040062,עבדת,1612,"עבדת 1612, דימונה, ישראל",none
001027-085404-00004-X,דימונה,העליה,4,exact,694654.67,3438735.48,31.0662725,35.0402028,עבדת,1633,"עבדת 1633, דימונה, ישראל",none
001027-085404-00006-X,דימונה,העליה,6,exact,694660.23,3438729.17,31.0662147,35.0402598,עבדת,1633,"עבדת 1633, דימונה, ישראל",none
001027-085404-00008-X,דימונה,העליה,8,exact,694682.82,3438729.11,31.0662104,35.0404965,עבדת,1634,"עבדת 1634, דימונה, ישראל",none
001027-085404-00010-X,דימונה,העליה,10,exact,694690.65,3438720.67,31.066133,35.0405769,עבדת,1634,"עבדת 1634, דימונה, ישראל",none
001027-085404-00014-X,דימונה,העליה,14,exact,694714.24,3438712.83,31.0660584,35.0408225,עבדת,1635,"עבדת 1635, דימונה, ישראל",none
001027-085404-00016-X,דימונה,העליה,16,exact,694730.67,3438712.37,31.0660515,35.0409945,עבדת,1636,"עבדת 1636, דימונה, ישראל",none
001027-085404-00020-X,דימונה,העליה,20,exact,694758.05,3438703.58,31.0659677,35.0412796,עלייה,1637,"עלייה 1637, דימונה, ישראל",none
001027-085404-00022-X,דימונה,העליה,22,exact,694763.87,3438699.79,31.0659326,35.0413399,עבדת,1637,"עבדת 1637, דימונה, ישראל",none
001027-085404-00024-X,דימונה,העליה,24,exact,694779.63,3438699.13,31.065924,35.0415048,עבדת,1638,"עבדת 1638, דימונה, ישראל",none
001027-085404-00026-X,דימונה,העליה,26,exact,694786.93,3438692.66,31.0658644,35.0415801,עבדת,1638,"עבדת 1638, דימונה, ישראל",none
001027-085404-00028-X,דימונה,העליה,28,exact,694802.8,3438692.58,31.0658611,35.0417463,עלייה,1639,"עלייה 1639, דימונה, ישראל",none
001027-085404-00030-X,דימונה,העליה,30,exact,694808.33,3438686.53,31.0658056,35.041803,עבדת,1639,"עבדת 1639, דימונה, ישראל",none
001027-085404-00034-X,דימונה,העליה,34,exact,694835.94,3438679.04,31.0657335,35.0420908,עבדת,1640,"עבדת 1640, דימונה, ישראל",none
001027-085404-00038-X,דימונה,העליה,38,exact,694858.07,3438673.33,31.0656783,35.0423215,עלייה,1641,"עלייה 1641, דימונה, ישראל",none
001027-085404-00040-X,דימונה,העליה,40,exact,694873.45,3438672.87,31.0656716,35.0424826,עבדת,1642,"עבדת 1642, דימונה, ישראל",none
001027-085404-00042-X,דימונה,העליה,42,exact,694880.61,3438667.93,31.0656259,35.0425566,עבדת,1642,"עבדת 1642, דימונה, ישראל",none
001027-085404-00044-X,דימונה,העליה,44,street,694820.49,3438712.11,31.0660343,35.0419354,,,"תיכון זינמן/עליה, דימונה, ישראל",none
001027-085619-00013-X,דימונה,התפוצות,13,street,693713.62,3439867.97,31.0766403,35.0305619,,,"התפוצות/גולדה מאיר, דימונה, ישראל",none
001027-085619-00031-X,דימונה,התפוצות,31,street,693713.62,3439867.97,31.0766403,35.0305619,,,"התפוצות/גולדה מאיר, דימונה, ישראל",none
001027-085619-00033-X,דימונה,התפוצות,33,street,693713.62,3439867.97,31.0766403,35.0305619,,,"התפוצות/גולדה מאיר, דימונה, ישראל",none
001027-085619-00035-X,דימונה,התפוצות,35,street,693713.62,3439867.97,31.0766403,35.0305619,,,"התפוצות/גולדה מאיר, דימונה, ישראל",none
001027-085619-00037-X,דימונה,התפוצות,37,street,693713.62,3439867.97,31.0766403,35.0305619,,,"התפוצות/גולדה מאיר, דימונה, ישראל",none
001027-085619-00143-X,דימונה,התפוצות,143,street,693713.62,3439867.97,31.0766403,35.0305619,,,"התפוצות/גולדה מאיר, דימונה, ישראל",none
001027-085619-00145-X,דימונה,התפוצות,145,street,693713.62,3439867.97,31.0766403,35.0305619,,,"התפוצות/גולדה מאיר, דימונה, ישראל",none
001027-085619-00149-X,דימונה,התפוצות,149,street,693713.62,3439867.97,31.0766403,35.0305619,,,"התפוצות/גולדה מאיר, דימונה, ישראל",none
001027-085619-00150-X,דימונה,התפוצות,150,street,693713.62,3439867.97,31.0766403,35.0305619,,,"התפוצות/גולדה מאיר, דימונה, ישראל",none
001027-085800-00001-X,דימונה,הגיא,1,street,694710.83,3439217.78,31.0706123,35.040884,הגיא,338,"הגיא 338, דימונה, ישראל",not_exact
001027-085800-00002-X,דימונה,הגיא,2,exact,694630.37,3439307.32,31.071433,35.0400584,הגיא,111,"הגיא 111, דימונה, ישראל",not_exact
001027-085800-00003-X,דימונה,הגיא,3,street,694710.83,3439217.78,31.0706123,35.040884,הגיא,338,"הגיא 338, דימונה, ישראל",not_exact
001027-085800-00005-X,דימונה,הגיא,5,exact,694608.74,3439287.52,31.0712581,35.039828,הגיא,113,"הגיא 113, דימונה, ישראל",not_exact
001027-085800-00006-X,דימונה,הגיא,6,exact,694663.98,3439292.69,31.0712955,35.0404077,הגיא,109,"הגיא 109, דימונה, ישראל",not_exact
001027-085800-00009-X,דימונה,הגיא,9,street,694710.83,3439217.78,31.0706123,35.040884,הגיא,338,"הגיא 338, דימונה, ישראל",not_exact
001027-085800-00010-X,דימונה,הגיא,10,exact,694692.87,3439263.57,31.0710282,35.0407047,הגיא,107,"הגיא 107, דימונה, ישראל",not_exact
001027-085800-00011-X,דימונה,הגיא,11,street,694710.83,3439217.78,31.0706123,35.040884,הגיא,338,"הגיא 338, דימונה, ישראל",not_exact
001027-085800-00014-X,דימונה,הגיא,14,exact,694717.69,3439235.28,31.0707689,35.0409593,הגיא,105,"הגיא 105, דימונה, ישראל",not_exact
001027-085800-00016-X,דימונה,הגיא,16,exact,694728.82,3439221.32,31.0706412,35.0410732,הגיא,104,"הגיא 104, דימונה, ישראל",not_exact
001027-085959-00000-X,דימונה,משעול שלדג,,street,694218.01,3439580.59,31.0739655,35.035791,מרחבים,124,"מרחבים 124, דימונה, ישראל",none
001027-085959-00001-X,דימונה,משעול שלדג,1,street,694218.01,3439580.59,31.0739655,35.035791,מרחבים,124,"מרחבים 124, דימונה, ישראל",none
001027-085959-00002-X,דימונה,משעול שלדג,2,street,694218.01,3439580.59,31.0739655,35.035791,מרחבים,124,"מרחבים 124, דימונה, ישראל",none
001027-085959-00003-X,דימונה,משעול שלדג,3,street,694218.01,3439580.59,31.0739655,35.035791,מרחבים,124,"מרחבים 124, דימונה, ישראל",none
001027-085959-00004-X,דימונה,משעול שלדג,4,street,694218.01,3439580.59,31.0739655,35.035791,מרחבים,124,"מרחבים 124, דימונה, ישראל",none
001027-085959-00005-X,דימונה,משעול שלדג,5,street,694218.01,3439580.59,31.0739655,35.035791,מרחבים,124,"מרחבים 124, דימונה, ישראל",none
001027-085959-00007-X,דימונה,משעול שלדג,7,street,694218.01,3439580.59,31.0739655,35.035791,מרחבים,124,"מרחבים 124, דימונה, ישראל",none
001027-085959-00008-X,דימונה,משעול שלדג,8,street,694218.01,3439580.59,31.0739655,35.035791,מרחבים,124,"מרחבים 124, דימונה, ישראל",none
001027-085959-00012-X,דימונה,משעול שלדג,12,street,694218.01,3439580.59,31.0739655,35.035791,מרחבים,124,"מרחבים 124, דימונה, ישראל",none
001027-085959-00015-X,דימונה,משעול שלדג,15,street,694218.01,3439580.59,31.0739655,35.035791,מרחבים,124,"מרחבים 124, דימונה, ישראל",none
001027-085959-00016-X,דימונה,משעול שלדג,16,street,694218.01,3439580.59,31.0739655,35.035791,מרחבים,124,"מרחבים 124, דימונה, ישראל",none
001027-085959-00123-X,דימונה,משעול שלדג,123,street,694218.01,3439580.59,31.0739655,35.035791,מרחבים,124,"מרחבים 124, דימונה, ישראל",none
001027-085959-00124-X,דימונה,משעול שלדג,124,street,694218.01,3439580.59,31.0739655,35.035791,מרחבים,124,"מרחבים 124, דימונה, ישראל",none
001027-085959-00127-X,דימונה,משעול שלדג,127,street,694218.01,3439580.59,31.0739655,35.035791,מרחבים,124,"מרחבים 124, דימונה, ישראל",none
001027-085959-00128-X,דימונה,משעול שלדג,128,street,694218.01,3439580.59,31.0739655,35.035791,מרחבים,124,"מרחבים 124, דימונה, ישראל",none
001027-085985-00000-X,דימונה,דוד אלעזר,,street,694589.29,3439569.21,31.0738014,35.0396784,דוד אלעזר,172,"דוד אלעזר 172, דימונה, ישראל",not_exact
001027-085985-00070-X,דימונה,דוד אלעזר,70,street,694589.29,3439569.21,31.0738014,35.0396784,דוד אלעזר,172,"דוד אלעזר 172, דימונה, ישראל",not_exact
001027-085985-00071-X,דימונה,דוד אלעזר,71,street,694589.29,3439569.21,31.0738014,35.0396784,דוד אלעזר,172,"דוד אלעזר 172, דימונה, ישראל",not_exact
001027-085985-00073-X,דימונה,דוד אלעזר,73,street,694589.29,3439569.21,31.0738014,35.0396784,דוד אלעזר,172,"דוד אלעזר 172, דימונה, ישראל",not_exact
001027-085985-00074-X,דימונה,דוד אלעזר,74,street,694589.29,3439569.21,31.0738014,35.0396784,דוד אלעזר,172,"דוד אלעזר 172, דימונה, ישראל",not_exact
001027-085985-00076-X,דימונה,דוד אלעזר,76,street,694589.29,3439569.21,31.0738014,35.0396784,דוד אלעזר,172,"דוד אלעזר 172, דימונה, ישראל",not_exact
001027-085985-00077-X,דימונה,דוד אלעזר,77,street,694589.29,3439569.21,31.0738014,35.0396784,דוד אלעזר,172,"דוד אלעזר 172, דימונה, ישראל",not_exact
001027-085985-00078-X,דימונה,דוד אלעזר,78,street,694589.29,3439569.21,31.0738014,35.0396784,דוד אלעזר,172,"דוד אלעזר 172, דימונה, ישראל",not_exact
001027-085985-00083-X,דימונה,דוד אלעזר,83,street,694589.29,3439569.21,31.0738014,35.0396784,דוד אלעזר,172,"דוד אלעזר 172, דימונה, ישראל",not_exact
001027-085985-00085-X,דימונה,דוד אלעזר,85,street,694589.29,3439569.21,31.0738014,35.0396784,דוד אלעזר,172,"דוד אלעזר 172, דימונה, ישראל",not_exact
001027-085985-00086-X,דימונה,דוד אלעזר,86,street,694589.29,3439569.21,31.0738014,35.0396784,דוד אלעזר,172,"דוד אלעזר 172, דימונה, ישראל",not_exact
001027-085985-00088-X,דימונה,דוד אלעזר,88,street,694589.29,3439569.21,31.0738014,35.0396784,דוד אלעזר,172,"דוד אלעזר 172, דימונה, ישראל",not_exact
001027-085985-00090-X,דימונה,דוד אלעזר,90,street,694589.29,3439569.21,31.0738014,35.0396784,דוד אלעזר,172,"דוד אלעזר 172, דימונה, ישראל",not_exact
001027-085985-00091-X,דימונה,דוד אלעזר,91,street,694589.29,3439569.21,31.0738014,35.0396784,דוד אלעזר,172,"דוד אלעזר 172, דימונה, ישראל",not_exact
001027-085985-00092-X,דימונה,דוד אלעזר,92,street,694589.29,3439569.21,31.0738014,35.0396784,דוד אלעזר,172,"דוד אלעזר 172, דימונה, ישראל",not_exact
001027-085985-00094-X,דימונה,דוד אלעזר,94,street,694589.29,3439569.21,31.0738014,35.0396784,דוד אלעזר,172,"דוד אלעזר 172, דימונה, ישראל",not_exact
001027-085985-00519-X,דימונה,דוד אלעזר,519,street,694589.29,3439569.21,31.0738014,35.0396784,דוד אלעזר,172,"דוד אלעזר 172, דימונה, ישראל",not_exact
001027-085985-00519-א,דימונה,דוד אלעזר,519,street,694589.29,3439569.21,31.0738014,35.0396784,דוד אלעזר,172,"דוד אלעזר 172, דימונה, ישראל",not_exact
001027-085985-00519-ב,דימונה,דוד אלעזר,519,street,694589.29,3439569.21,31.0738014,35.0396784,דוד אלעזר,172,"דוד אלעזר 172, דימונה, ישראל",not_exact
001027-085985-00519-ג,דימונה,דוד אלעזר,519,street,694589.29,3439569.21,31.0738014,35.0396784,דוד אלעזר,172,"דוד אלעזר 172, דימונה, ישראל",not_exact
001027-085985-00520-X,דימונה,דוד אלעזר,520,street,694589.29,3439569.21,31.0738014,35.0396784,דוד אלעזר,172,"דוד אלעזר 172, דימונה, ישראל",not_exact
001027-085985-00520-א,דימונה,דוד אלעזר,520,street,694589.29,3439569.21,31.0738014,35.0396784,דוד אלעזר,172,"דוד אלעזר 172, דימונה, ישראל",not_exact
001027-085985-00520-ב,דימונה,דוד אלעזר,520,street,694589.29,3439569.21,31.0738014,35.0396784,דוד אלעזר,172,"דוד אלעזר 172, דימונה, ישראל",not_exact
001027-085985-00520-ג,דימונה,דוד אלעזר,520,street,694589.29,3439569.21,31.0738014,35.0396784,דוד אלעזר,172,"דוד אלעזר 172, דימונה, ישראל",not_exact
001027-085985-00521-X,דימונה,דוד אלעזר,521,street,694589.29,3439569.21,31.0738014,35.0396784,דוד אלעזר,172,"דוד אלעזר 172, דימונה, ישראל",not_exact
