id,address,city,street,house_number,entrance,zip,match_type,itm_x,itm_y,utm_x,utm_y
001027-073567-00000-X,"מלכה הנרי, דימונה",דימונה,מלכה הנרי,,,8601100,street,202486.6,552388.56,693367.99,3438300.12
001027-073567-00002-X,"מלכה הנרי 2, דימונה",דימונה,מלכה הנרי,2,,8601101,exact,202574.8,552324.11,693457.47,3438237.43
001027-073567-00262-X,"מלכה הנרי 262, דימונה",דימונה,מלכה הנרי,262,,8601199,street,202486.6,552388.56,693367.99,3438300.12
001027-073567-00265-X,"מלכה הנרי 265, דימונה",דימונה,מלכה הנרי,265,,8601102,exact,202572.64,552349.53,693454.79,3438262.81
001027-073567-00265-א,"מלכה הנרי 265א, דימונה",דימונה,מלכה הנרי,265,א,8601103,exact,202572.64,552349.53,693454.79,3438262.81
001027-073567-00265-ב,"מלכה הנרי 265ב, דימונה",דימונה,מלכה הנרי,265,ב,8601104,exact,202572.64,552349.53,693454.79,3438262.81
001027-073567-00266-X,"מלכה הנרי 266, דימונה",דימונה,מלכה הנרי,266,,8601106,exact,202565.81,552374.22,693447.48,3438287.35
001027-073567-00266-א,"מלכה הנרי 266א, דימונה",דימונה,מלכה הנרי,266,א,8601107,exact,202565.81,552374.22,693447.48,3438287.35
001027-073567-00266-ב,"מלכה הנרי 266ב, דימונה",דימונה,מלכה הנרי,266,ב,8601108,exact,202565.81,552374.22,693447.48,3438287.35
001027-073567-00266-ג,"מלכה הנרי 266ג, דימונה",דימונה,מלכה הנרי,266,ג,8601109,exact,202565.81,552374.22,693447.48,3438287.35
001027-073567-00267-X,"מלכה הנרי 267, דימונה",דימונה,מלכה הנרי,267,,8601110,exact,202564,552400.49,693445.14,3438313.59
001027-073567-00267-ב,"מלכה הנרי 267ב, דימונה",דימונה,מלכה הנרי,267,ב,8601112,exact,202564,552400.49,693445.14,3438313.59
001027-073567-00268-X,"מלכה הנרי 268, דימונה",דימונה,מלכה הנרי,268,,8601114,street,202486.6,552388.56,693367.99,3438300.12
001027-073567-00268-א,"מלכה הנרי 268א, דימונה",דימונה,מלכה הנרי,268,א,8601115,street,202486.6,552388.56,693367.99,3438300.12
001027-073567-00268-ב,"מלכה הנרי 268ב, דימונה",דימונה,מלכה הנרי,268,ב,8601116,street,202486.6,552388.56,693367.99,3438300.12
001027-073567-00268-ג,"מלכה הנרי 268ג, דימונה",דימונה,מלכה הנרי,268,ג,8601117,street,202486.6,552388.56,693367.99,3438300.12
001027-073567-00268-ה,"מלכה הנרי 268ה, דימונה",דימונה,מלכה הנרי,268,ה,8601119,street,202486.6,552388.56,693367.99,3438300.12
001027-073567-00269-X,"מלכה הנרי 269, דימונה",דימונה,מלכה הנרי,269,,8601123,street,202486.6,552388.56,693367.99,3438300.12
001027-073567-00269-א,"מלכה הנרי 269א, דימונה",דימונה,מלכה הנרי,269,א,8601124,street,202486.6,552388.56,693367.99,3438300.12
001027-073567-00269-ב,"מלכה הנרי 269ב, דימונה",דימונה,מלכה הנרי,269,ב,8601125,street,202486.6,552388.56,693367.99,3438300.12
001027-073567-00269-ד,"מלכה הנרי 269ד, דימונה",דימונה,מלכה הנרי,269,ד,8601127,street,202486.6,552388.56,693367.99,3438300.12
001027-073822-00121-X,"? 121, דימונה",דימונה,?,121,,8601128,none,,,,
001027-073822-00121-א,"? 121א, דימונה",דימונה,?,121,א,8601129,none,,,,
001027-073822-00121-ב,"? 121ב, דימונה",דימונה,?,121,ב,8601130,none,,,,
001027-073822-00121-ג,"? 121ג, דימונה",דימונה,?,121,ג,8601131,none,,,,
001027-073822-00122-ב,"? 122ב, דימונה",דימונה,?,122,ב,8601135,none,,,,
001027-073822-00123-X,"? 123, דימונה",דימונה,?,123,,8601137,none,,,,
001027-073822-00123-א,"? 123א, דימונה",דימונה,?,123,א,8601138,none,,,,
001027-073822-00123-ב,"? 123ב, דימונה",דימונה,?,123,ב,8601139,none,,,,
001027-073822-00124-X,"? 124, דימונה",דימונה,?,124,,8601141,none,,,,
001027-073822-00124-א,"? 124א, דימונה",דימונה,?,124,א,8601142,none,,,,
001027-073822-00124-ב,"? 124ב, דימונה",דימונה,?,124,ב,8601143,none,,,,
001027-073822-00124-ג,"? 124ג, דימונה",דימונה,?,124,ג,8601144,none,,,,
001027-073822-00125-X,"? 125, דימונה",דימונה,?,125,,8601145,none,,,,
001027-073822-00125-א,"? 125א, דימונה",דימונה,?,125,א,8601146,none,,,,
001027-073822-00125-ג,"? 125ג, דימונה",דימונה,?,125,ג,8601148,none,,,,
001027-073822-00258-X,"? 258, דימונה",דימונה,?,258,,8612302,none,,,,
001027-073822-00261-X,"? 261, דימונה",דימונה,?,261,,8601149,none,,,,
001027-073822-00262-X,"? 262, דימונה",דימונה,?,262,,8612305,none,,,,
001027-073822-00265-X,"? 265, דימונה",דימונה,?,265,,8612308,none,,,,
001027-074211-00002-X,"התאנה 2, דימונה",דימונה,התאנה,2,,8602701,exact,202359.8,552540.39,693238.2,3438449.41
001027-074211-00220-X,"התאנה 220, דימונה",דימונה,התאנה,220,,8602704,street,202509.7,552600.96,693386.87,3438512.95
001027-074211-00222-X,"התאנה 222, דימונה",דימונה,התאנה,222,,8602705,street,202509.7,552600.96,693386.87,3438512.95
001027-074211-00224-X,"התאנה 224, דימונה",דימונה,התאנה,224,,8602706,street,202509.7,552600.96,693386.87,3438512.95
001027-074211-00230-X,"התאנה 230, דימונה",דימונה,התאנה,230,,8602709,street,202509.7,552600.96,693386.87,3438512.95
001027-074211-00232-X,"התאנה 232, דימונה",דימונה,התאנה,232,,8602710,street,202509.7,552600.96,693386.87,3438512.95
001027-074211-00234-X,"התאנה 234, דימונה",דימונה,התאנה,234,,8602711,street,202509.7,552600.96,693386.87,3438512.95
001027-074211-00236-X,"התאנה 236, דימונה",דימונה,התאנה,236,,8602712,street,202509.7,552600.96,693386.87,3438512.95
001027-074211-00238-X,"התאנה 238, דימונה",דימונה,התאנה,238,,8602713,street,202509.7,552600.96,693386.87,3438512.95
001027-074211-00240-X,"התאנה 240, דימונה",דימונה,התאנה,240,,8602714,street,202509.7,552600.96,693386.87,3438512.95
001027-074211-00242-X,"התאנה 242, דימונה",דימונה,התאנה,242,,8602715,street,202509.7,552600.96,693386.87,3438512.95
001027-074211-00244-X,"התאנה 244, דימונה",דימונה,התאנה,244,,8602716,street,202509.7,552600.96,693386.87,3438512.95
001027-074211-00246-X,"התאנה 246, דימונה",דימונה,התאנה,246,,8602717,street,202509.7,552600.96,693386.87,3438512.95
001027-074211-00248-X,"התאנה 248, דימונה",דימונה,התאנה,248,,8602718,street,202509.7,552600.96,693386.87,3438512.95
001027-074211-00250-X,"התאנה 250, דימונה",דימונה,התאנה,250,,8602719,street,202509.7,552600.96,693386.87,3438512.95
001027-074211-00254-X,"התאנה 254, דימונה",דימונה,התאנה,254,,8602721,street,202509.7,552600.96,693386.87,3438512.95
001027-074211-00256-X,"התאנה 256, דימונה",דימונה,התאנה,256,,8602722,street,202509.7,552600.96,693386.87,3438512.95
001027-074211-00258-X,"התאנה 258, דימונה",דימונה,התאנה,258,,8602723,street,202509.7,552600.96,693386.87,3438512.95
001027-074211-00260-X,"התאנה 260, דימונה",דימונה,התאנה,260,,8602724,street,202509.7,552600.96,693386.87,3438512.95
001027-074211-00334-X,"התאנה 334, דימונה",דימונה,התאנה,334,,8602725,street,202509.7,552600.96,693386.87,3438512.95
001027-074211-00336-X,"התאנה 336, דימונה",דימונה,התאנה,336,,8602726,street,202509.7,552600.96,693386.87,3438512.95
001027-074211-00338-X,"התאנה 338, דימונה",דימונה,התאנה,338,,8602727,street,202509.7,552600.96,693386.87,3438512.95
001027-074211-00340-X,"התאנה 340, דימונה",דימונה,התאנה,340,,8602728,street,202509.7,552600.96,693386.87,3438512.95
001027-074211-00342-X,"התאנה 342, דימונה",דימונה,התאנה,342,,8602729,street,202509.7,552600.96,693386.87,3438512.95
001027-074211-00344-X,"התאנה 344, דימונה",דימונה,התאנה,344,,8602730,street,202509.7,552600.96,693386.87,3438512.95
001027-074211-00346-X,"התאנה 346, דימונה",דימונה,התאנה,346,,8602731,street,202509.7,552600.96,693386.87,3438512.95
001027-074211-00348-X,"התאנה 348, דימונה",דימונה,התאנה,348,,8602732,street,202509.7,552600.96,693386.87,3438512.95
001027-074211-00350-X,"התאנה 350, דימונה",דימונה,התאנה,350,,8602733,street,202509.7,552600.96,693386.87,3438512.95
001027-074211-00352-X,"התאנה 352, דימונה",דימונה,התאנה,352,,8602734,street,202509.7,552600.96,693386.87,3438512.95
001027-074211-00354-X,"התאנה 354, דימונה",דימונה,התאנה,354,,8602735,street,202509.7,552600.96,693386.87,3438512.95
001027-074211-00356-X,"התאנה 356, דימונה",דימונה,התאנה,356,,8602736,street,202509.7,552600.96,693386.87,3438512.95
001027-074211-00358-X,"התאנה 358, דימונה",דימונה,התאנה,358,,8602737,street,202509.7,552600.96,693386.87,3438512.95
001027-074211-00362-X,"התאנה 362, דימונה",דימונה,התאנה,362,,8602739,street,202509.7,552600.96,693386.87,3438512.95
001027-074211-00364-X,"התאנה 364, דימונה",דימונה,התאנה,364,,8602740,street,202509.7,552600.96,693386.87,3438512.95
001027-074211-00366-X,"התאנה 366, דימונה",דימונה,התאנה,366,,8602741,street,202509.7,552600.96,693386.87,3438512.95
001027-074211-00368-X,"התאנה 368, דימונה",דימונה,התאנה,368,,8602742,street,202509.7,552600.96,693386.87,3438512.95
001027-074211-00374-X,"התאנה 374, דימונה",דימונה,התאנה,374,,8602745,street,202509.7,552600.96,693386.87,3438512.95
001027-074211-00380-X,"התאנה 380, דימונה",דימונה,התאנה,380,,8602748,street,202509.7,552600.96,693386.87,3438512.95
001027-074211-00382-X,"התאנה 382, דימונה",דימונה,התאנה,382,,8602749,street,202509.7,552600.96,693386.87,3438512.95
001027-074430-00001-X,"הגפן 1, דימונה",דימונה,הגפן,1,,8610565,exact,202669.83,552683.95,693545.33,3438599.11
001027-074430-00002-X,"הגפן 2, דימונה",דימונה,הגפן,2,,8610566,street,202374.59,552635.9,693251.09,3438545.2
001027-074430-00004-X,"הגפן 4, דימונה",דימונה,הגפן,4,,8610568,exact,202569.61,552707.25,693444.67,3438620.41
001027-074430-00005-X,"הגפן 5, דימונה",דימונה,הגפן,5,,8610569,exact,202638.73,552681.53,693514.29,3438596.07
001027-074430-00006-X,"הגפן 6, דימונה",דימונה,הגפן,6,,8610570,exact,202557.38,552685.74,693432.86,3438598.66
001027-074430-00007-X,"הגפן 7, דימונה",דימונה,הגפן,7,,8610571,exact,202599.12,552675.9,693474.79,3438589.65
001027-074430-00008-X,"הגפן 8, דימונה",דימונה,הגפן,8,,8610572,exact,202538.76,552687.98,693414.2,3438600.53
001027-074430-00009-X,"הגפן 9, דימונה",דימונה,הגפן,9,,8610573,exact,202590.36,552670.36,693466.14,3438583.94
001027-074430-00010-X,"הגפן 10, דימונה",דימונה,הגפן,10,,8610574,exact,202529.78,552680.96,693405.36,3438593.34
001027-074430-00011-X,"הגפן 11, דימונה",דימונה,הגפן,11,,8610575,exact,202576.3,552671.43,693452.07,3438584.73
001027-074430-00012-X,"הגפן 12, דימונה",דימונה,הגפן,12,,8610576,exact,202509.01,552687.92,693384.45,3438599.89
001027-074430-00013-X,"הגפן 13, דימונה",דימונה,הגפן,13,,8610577,exact,202567.4,552673.63,693443.12,3438586.75
001027-074430-00014-X,"הגפן 14, דימונה",דימונה,הגפן,14,,8610578,exact,202503.23,552679.09,693378.86,3438590.94
001027-074430-00015-X,"הגפן 15, דימונה",דימונה,הגפן,15,,8610579,exact,202542.01,552664.37,693417.92,3438576.99
001027-074430-00016-X,"הגפן 16, דימונה",דימונה,הגפן,16,,8610580,exact,202506.86,552714.6,693381.78,3438626.52
001027-074430-00017-X,"הגפן 17, דימונה",דימונה,הגפן,17,,8602801,exact,202540.28,552658.31,693416.31,3438570.9
001027-074430-00018-X,"הגפן 18, דימונה",דימונה,הגפן,18,,8602802,exact,202497.59,552709.48,693372.61,3438621.21
001027-074430-00019-X,"הגפן 19, דימונה",דימונה,הגפן,19,,8602803,exact,202529.69,552663.83,693405.61,3438576.2
001027-074430-00021-X,"הגפן 21, דימונה",דימונה,הגפן,21,,8602805,exact,202514.09,552660.05,693390.09,3438572.12
001027-074430-00024-X,"הגפן 24, דימונה",דימונה,הגפן,24,,8602808,exact,202481.99,552683.99,693357.52,3438595.41
001027-074430-00025-X,"הגפן 25, דימונה",דימונה,הגפן,25,,8602809,exact,202466.63,552648.64,693342.87,3438559.77
001027-074430-00026-X,"הגפן 26, דימונה",דימונה,הגפן,26,,8602810,exact,202477.18,552677.27,693352.85,3438588.6
001027-074430-00027-X,"הגפן 27, דימונה",דימונה,הגפן,27,,8602811,exact,202447.42,552644.93,693323.73,3438555.67
001027-074430-00028-X,"הגפן 28, דימונה",דימונה,הגפן,28,,8602812,exact,202461.33,552678.25,693336.98,3438589.26
001027-074430-00029-X,"הגפן 29, דימונה",דימונה,הגפן,29,,8602813,exact,202438.37,552636.98,693314.84,3438547.54
001027-074430-00030-X,"הגפן 30, דימונה",דימונה,הגפן,30,,8602814,exact,202449.18,552675.94,693324.88,3438586.72
001027-074430-00031-X,"הגפן 31, דימונה",דימונה,הגפן,31,,8602815,exact,202422.3,552636.32,693298.79,3438546.57
001027-074430-00032-X,"הגפן 32, דימונה",דימונה,הגפן,32,,8602816,exact,202440.55,552670.84,693316.35,3438581.44
001027-074430-00033-X,"הגפן 33, דימונה",דימונה,הגפן,33,,8602817,exact,202419.7,552621.46,693296.48,3438531.65
001027-074430-00034-X,"הגפן 34, דימונה",דימונה,הגפן,34,,8602818,exact,202423.19,552668.54,693299.04,3438578.8
001027-074430-00035-X,"הגפן 35, דימונה",דימונה,הגפן,35,,8602819,exact,202391.27,552627.79,693267.92,3438537.43
001027-074430-00036-X,"הגפן 36, דימונה",דימונה,הגפן,36,,8602820,exact,202399.89,552663.89,693275.83,3438573.69
001027-074430-00037-X,"הגפן 37, דימונה",דימונה,הגפן,37,,8602821,exact,202379.34,552619.02,693256.18,3438528.42
001027-074430-00040-X,"הגפן 40, דימונה",דימונה,הגפן,40,,8602824,exact,202375.91,552650.72,693252.12,3438560.04
001027-074430-00041-X,"הגפן 41, דימונה",דימונה,הגפן,41,,8602825,exact,202352.54,552610.9,693229.54,3438519.77
001027-074430-00042-X,"הגפן 42, דימונה",דימונה,הגפן,42,,8602826,exact,202352.88,552650.35,693229.09,3438559.22
001027-074430-00043-X,"הגפן 43, דימונה",דימונה,הגפן,43,,8602827,exact,202329.02,552599.77,693206.24,3438508.17
001027-074430-00044-X,"הגפן 44, דימונה",דימונה,הגפן,44,,8602828,exact,202340.2,552636.36,693216.7,3438544.98
001027-074430-00045-X,"הגפן 45, דימונה",דימונה,הגפן,45,,8602829,exact,202313.72,552591.61,693191.11,3438499.71
001027-074430-00046-X,"הגפן 46, דימונה",דימונה,הגפן,46,,8602830,exact,202325.72,552630.49,693202.33,3438538.82
001027-074430-00048-X,"הגפן 48, דימונה",דימונה,הגפן,48,,8602832,street,202374.59,552635.9,693251.09,3438545.2
001027-074430-00049-X,"הגפן 49, דימונה",דימונה,הגפן,49,,8602833,exact,202285.69,552573.12,693163.45,3438480.67
001027-074430-00050-X,"הגפן 50, דימונה",דימונה,הגפן,50,,8602834,street,202374.59,552635.9,693251.09,3438545.2
001027-074430-00051-X,"הגפן 51, דימונה",דימונה,הגפן,51,,8602835,exact,202269.86,552567.27,693147.74,3438474.51
001027-074730-00000-X,"האשל, דימונה",דימונה,האשל,,,8602500,street,202817.04,552828.53,693689.65,3438746.59
001027-074730-00016-X,"האשל 16, דימונה",דימונה,האשל,16,,8602501,exact,202783.89,552847.77,693656.12,3438765.16
001027-074730-00552-X,"האשל 552, דימונה",דימונה,האשל,552,,8602502,street,202817.04,552828.53,693689.65,3438746.59
001027-074730-00554-X,"האשל 554, דימונה",דימונה,האשל,554,,8602504,street,202817.04,552828.53,693689.65,3438746.59
001027-074730-00555-X,"האשל 555, דימונה",דימונה,האשל,555,,8602505,street,202817.04,552828.53,693689.65,3438746.59
001027-074730-00557-X,"האשל 557, דימונה",דימונה,האשל,557,,8602507,street,202817.04,552828.53,693689.65,3438746.59
001027-074730-00558-X,"האשל 558, דימונה",דימונה,האשל,558,,8602508,street,202817.04,552828.53,693689.65,3438746.59
001027-074730-00560-X,"האשל 560, דימונה",דימונה,האשל,560,,8602510,street,202817.04,552828.53,693689.65,3438746.59
001027-074730-00561-X,"האשל 561, דימונה",דימונה,האשל,561,,8602511,street,202817.04,552828.53,693689.65,3438746.59
001027-074730-00562-X,"האשל 562, דימונה",דימונה,האשל,562,,8602512,street,202817.04,552828.53,693689.65,3438746.59
001027-074730-00563-X,"האשל 563, דימונה",דימונה,האשל,563,,8602513,street,202817.04,552828.53,693689.65,3438746.59
001027-074730-00564-X,"האשל 564, דימונה",דימונה,האשל,564,,8602514,street,202817.04,552828.53,693689.65,3438746.59
001027-074730-00566-X,"האשל 566, דימונה",דימונה,האשל,566,,8602516,street,202817.04,552828.53,693689.65,3438746.59
001027-074730-00567-X,"האשל 567, דימונה",דימונה,האשל,567,,8602517,street,202817.04,552828.53,693689.65,3438746.59
001027-074730-00568-X,"האשל 568, דימונה",דימונה,האשל,568,,8602518,street,202817.04,552828.53,693689.65,3438746.59
001027-074730-00569-X,"האשל 569, דימונה",דימונה,האשל,569,,8602519,street,202817.04,552828.53,693689.65,3438746.59
001027-074730-00570-X,"האשל 570, דימונה",דימונה,האשל,570,,8602520,street,202817.04,552828.53,693689.65,3438746.59
001027-075069-00010-X,"ההדס 10, דימונה",דימונה,ההדס,10,,8602836,exact,202820.66,552615.19,693697.51,3438533.35
001027-075069-00521-X,"ההדס 521, דימונה",דימונה,ההדס,521,,8602837,street,202812.2,552635.35,693688.65,3438553.34
001027-075069-00522-X,"ההדס 522, דימונה",דימונה,ההדס,522,,8602838,street,202812.2,552635.35,693688.65,3438553.34
001027-075069-00524-X,"ההדס 524, דימונה",דימונה,ההדס,524,,8602840,street,202812.2,552635.35,693688.65,3438553.34
001027-075069-00525-X,"ההדס 525, דימונה",דימונה,ההדס,525,,8602841,street,202812.2,552635.35,693688.65,3438553.34
001027-075069-00526-X,"ההדס 526, דימונה",דימונה,ההדס,526,,8602842,street,202812.2,552635.35,693688.65,3438553.34
001027-075069-00530-X,"ההדס 530, דימונה",דימונה,ההדס,530,,8602843,street,202812.2,552635.35,693688.65,3438553.34
001027-075069-00531-X,"ההדס 531, דימונה",דימונה,ההדס,531,,8602844,street,202812.2,552635.35,693688.65,3438553.34
001027-075520-00000-X,"שד גולדה מאיר, דימונה",דימונה,שד גולדה מאיר,,,8605800,street,202958.41,553726.62,693813.16,3439647.35
001027-075520-00149-X,"שד גולדה מאיר 149, דימונה",דימונה,שד גולדה מאיר,149,,8605887,exact,202919.22,553876.87,693771,3439796.8
001027-075520-01001-X,"שד גולדה מאיר 1001, דימונה",דימונה,שד גולדה מאיר,1001,,8605801,street,202958.41,553726.62,693813.16,3439647.35
001027-075520-01001-ב,"שד גולדה מאיר 1001ב, דימונה",דימונה,שד גולדה מאיר,1001,ב,8605803,street,202958.41,553726.62,693813.16,3439647.35
001027-075520-01002-א,"שד גולדה מאיר 1002א, דימונה",דימונה,שד גולדה מאיר,1002,א,8605805,street,202958.41,553726.62,693813.16,3439647.35
001027-075520-01002-ג,"שד גולדה מאיר 1002ג, דימונה",דימונה,שד גולדה מאיר,1002,ג,8605807,street,202958.41,553726.62,693813.16,3439647.35
001027-075520-01003-א,"שד גולדה מאיר 1003א, דימונה",דימונה,שד גולדה מאיר,1003,א,8605810,street,202958.41,553726.62,693813.16,3439647.35
001027-075520-01004-X,"שד גולדה מאיר 1004, דימונה",דימונה,שד גולדה מאיר,1004,,8605814,street,202958.41,553726.62,693813.16,3439647.35
001027-075520-01004-א,"שד גולדה מאיר 1004א, דימונה",דימונה,שד גולדה מאיר,1004,א,8605815,street,202958.41,553726.62,693813.16,3439647.35
001027-075520-01004-ג,"שד גולדה מאיר 1004ג, דימונה",דימונה,שד גולדה מאיר,1004,ג,8605817,street,202958.41,553726.62,693813.16,3439647.35
001027-075520-01005-X,"שד גולדה מאיר 1005, דימונה",דימונה,שד גולדה מאיר,1005,,8605818,street,202958.41,553726.62,693813.16,3439647.35
001027-075520-01005-א,"שד גולדה מאיר 1005א, דימונה",דימונה,שד גולדה מאיר,1005,א,8605819,street,202958.41,553726.62,693813.16,3439647.35
001027-075520-01006-X,"שד גולדה מאיר 1006, דימונה",דימונה,שד גולדה מאיר,1006,,8605822,street,202958.41,553726.62,693813.16,3439647.35
001027-075520-01006-א,"שד גולדה מאיר 1006א, דימונה",דימונה,שד גולדה מאיר,1006,א,8605823,street,202958.41,553726.62,693813.16,3439647.35
001027-075520-01006-ב,"שד גולדה מאיר 1006ב, דימונה",דימונה,שד גולדה מאיר,1006,ב,8605824,street,202958.41,553726.62,693813.16,3439647.35
001027-075520-01007-X,"שד גולדה מאיר 1007, דימונה",דימונה,שד גולדה מאיר,1007,,8605826,street,202958.41,553726.62,693813.16,3439647.35
001027-075520-01007-א,"שד גולדה מאיר 1007א, דימונה",דימונה,שד גולדה מאיר,1007,א,8605827,street,202958.41,553726.62,693813.16,3439647.35
001027-075520-01007-ד,"שד גולדה מאיר 1007ד, דימונה",דימונה,שד גולדה מאיר,1007,ד,8605830,street,202958.41,553726.62,693813.16,3439647.35
001027-075520-01007-ה,"שד גולדה מאיר 1007ה, דימונה",דימונה,שד גולדה מאיר,1007,ה,8605831,street,202958.41,553726.62,693813.16,3439647.35
001027-075520-01020-X,"שד גולדה מאיר 1020, דימונה",דימונה,שד גולדה מאיר,1020,,8605832,street,202958.41,553726.62,693813.16,3439647.35
001027-075520-01020-א,"שד גולדה מאיר 1020א, דימונה",דימונה,שד גולדה מאיר,1020,א,8605833,street,202958.41,553726.62,693813.16,3439647.35
001027-075520-01020-ב,"שד גולדה מאיר 1020ב, דימונה",דימונה,שד גולדה מאיר,1020,ב,8605834,street,202958.41,553726.62,693813.16,3439647.35
001027-075520-01020-ג,"שד גולדה מאיר 1020ג, דימונה",דימונה,שד גולדה מאיר,1020,ג,8605835,street,202958.41,553726.62,693813.16,3439647.35
001027-075520-01020-ד,"שד גולדה מאיר 1020ד, דימונה",דימונה,שד גולדה מאיר,1020,ד,8605836,street,202958.41,553726.62,693813.16,3439647.35
001027-075520-01021-ב,"שד גולדה מאיר 1021ב, דימונה",דימונה,שד גולדה מאיר,1021,ב,8605839,street,202958.41,553726.62,693813.16,3439647.35
001027-075520-01021-ה,"שד גולדה מאיר 1021ה, דימונה",דימונה,שד גולדה מאיר,1021,ה,8605842,street,202958.41,553726.62,693813.16,3439647.35
001027-075520-01022-X,"שד גולדה מאיר 1022, דימונה",דימונה,שד גולדה מאיר,1022,,8605844,street,202958.41,553726.62,693813.16,3439647.35
001027-075520-01022-א,"שד גולדה מאיר 1022א, דימונה",דימונה,שד גולדה מאיר,1022,א,8605845,street,202958.41,553726.62,693813.16,3439647.35
001027-075520-01022-ג,"שד גולדה מאיר 1022ג, דימונה",דימונה,שד גולדה מאיר,1022,ג,8605847,street,202958.41,553726.62,693813.16,3439647.35
001027-075520-01022-ד,"שד גולדה מאיר 1022ד, דימונה",דימונה,שד גולדה מאיר,1022,ד,8605848,street,202958.41,553726.62,693813.16,3439647.35
001027-075520-01022-ה,"שד גולדה מאיר 1022ה, דימונה",דימונה,שד גולדה מאיר,1022,ה,8605849,street,202958.41,553726.62,693813.16,3439647.35
001027-075520-01022-ו,"שד גולדה מאיר 1022ו, דימונה",דימונה,שד גולדה מאיר,1022,ו,8605850,street,202958.41,553726.62,693813.16,3439647.35
001027-075520-01023-X,"שד גולדה מאיר 1023, דימונה",דימונה,שד גולדה מאיר,1023,,8605852,street,202958.41,553726.62,693813.16,3439647.35
001027-075520-01023-א,"שד גולדה מאיר 1023א, דימונה",דימונה,שד גולדה מאיר,1023,א,8605853,street,202958.41,553726.62,693813.16,3439647.35
001027-075520-01023-ב,"שד גולדה מאיר 1023ב, דימונה",דימונה,שד גולדה מאיר,1023,ב,8605854,street,202958.41,553726.62,693813.16,3439647.35
001027-075520-01023-ג,"שד גולדה מאיר 1023ג, דימונה",דימונה,שד גולדה מאיר,1023,ג,8605855,street,202958.41,553726.62,693813.16,3439647.35
001027-075520-01023-ד,"שד גולדה מאיר 1023ד, דימונה",דימונה,שד גולדה מאיר,1023,ד,8605856,street,202958.41,553726.62,693813.16,3439647.35
001027-075520-01033-X,"שד גולדה מאיר 1033, דימונה",דימונה,שד גולדה מאיר,1033,,8605857,street,202958.41,553726.62,693813.16,3439647.35
001027-075520-01033-א,"שד גולדה מאיר 1033א, דימונה",דימונה,שד גולדה מאיר,1033,א,8605858,street,202958.41,553726.62,693813.16,3439647.35
001027-075520-01033-ב,"שד גולדה מאיר 1033ב, דימונה",דימונה,שד גולדה מאיר,1033,ב,8605859,street,202958.41,553726.62,693813.16,3439647.35
001027-075520-01033-ג,"שד גולדה מאיר 1033ג, דימונה",דימונה,שד גולדה מאיר,1033,ג,8605860,street,202958.41,553726.62,693813.16,3439647.35
001027-075520-01033-ד,"שד גולדה מאיר 1033ד, דימונה",דימונה,שד גולדה מאיר,1033,ד,8605861,street,202958.41,553726.62,693813.16,3439647.35
001027-075520-01034-X,"שד גולדה מאיר 1034, דימונה",דימונה,שד גולדה מאיר,1034,,8605862,exact,202946.47,553619.45,693803.35,3439539.96
001027-075520-01034-א,"שד גולדה מאיר 1034א, דימונה",דימונה,שד גולדה מאיר,1034,א,8605863,exact,202946.47,553619.45,693803.35,3439539.96
001027-075520-01034-ב,"שד גולדה מאיר 1034ב, דימונה",דימונה,שד גולדה מאיר,1034,ב,8605864,exact,202946.47,553619.45,693803.35,3439539.96
001027-075520-01034-ג,"שד גולדה מאיר 1034ג, דימונה",דימונה,שד גולדה מאיר,1034,ג,8605865,exact,202946.47,553619.45,693803.35,3439539.96
001027-075520-01034-ד,"שד גולדה מאיר 1034ד, דימונה",דימונה,שד גולדה מאיר,1034,ד,8605866,exact,202946.47,553619.45,693803.35,3439539.96
001027-075520-01034-ה,"שד גולדה מאיר 1034ה, דימונה",דימונה,שד גולדה מאיר,1034,ה,8605867,exact,202946.47,553619.45,693803.35,3439539.96
001027-075520-01034-ו,"שד גולדה מאיר 1034ו, דימונה",דימונה,שד גולדה מאיר,1034,ו,8605868,exact,202946.47,553619.45,693803.35,3439539.96
001027-075520-04021-א,"שד גולדה מאיר 4021א, דימונה",דימונה,שד גולדה מאיר,4021,א,8605870,street,202958.41,553726.62,693813.16,3439647.35
001027-075520-04021-ב,"שד גולדה מאיר 4021ב, דימונה",דימונה,שד גולדה מאיר,4021,ב,8605871,street,202958.41,553726.62,693813.16,3439647.35
001027-075520-04021-ג,"שד גולדה מאיר 4021ג, דימונה",דימונה,שד גולדה מאיר,4021,ג,8605872,street,202958.41,553726.62,693813.16,3439647.35
001027-075520-04021-ה,"שד גולדה מאיר 4021ה, דימונה",דימונה,שד גולדה מאיר,4021,ה,8605874,street,202958.41,553726.62,693813.16,3439647.35
001027-075677-00006-X,"השבלים 6, דימונה",דימונה,השבלים,6,,8603101,exact,202842,552481.74,693721.49,3438400.35
001027-075677-00062-X,"השבלים 62, דימונה",דימונה,השבלים,62,,8603174,exact,202548.82,552487.81,693428.24,3438400.59
001027-075677-00325-X,"השבלים 325, דימונה",דימונה,השבלים,325,,8602751,street,202629.69,552490.53,693509.04,3438404.91
001027-075677-00327-X,"השבלים 327, דימונה",דימונה,השבלים,327,,8602752,street,202629.69,552490.53,693509.04,3438404.91
001027-075677-00329-X,"השבלים 329, דימונה",דימונה,השבלים,329,,8602753,street,202629.69,552490.53,693509.04,3438404.91
001027-075677-00331-X,"השבלים 331, דימונה",דימונה,השבלים,331,,8602754,street,202629.69,552490.53,693509.04,3438404.91
001027-075677-00333-X,"השבלים 333, דימונה",דימונה,השבלים,333,,8602755,street,202629.69,552490.53,693509.04,3438404.91
001027-075677-00335-X,"השבלים 335, דימונה",דימונה,השבלים,335,,8602756,street,202629.69,552490.53,693509.04,3438404.91
001027-075677-00337-X,"השבלים 337, דימונה",דימונה,השבלים,337,,8602757,street,202629.69,552490.53,693509.04,3438404.91
001027-075677-00339-X,"השבלים 339, דימונה",דימונה,השבלים,339,,8602758,street,202629.69,552490.53,693509.04,3438404.91
001027-075677-00341-X,"השבלים 341, דימונה",דימונה,השבלים,341,,8602759,street,202629.69,552490.53,693509.04,3438404.91
001027-075677-00343-X,"השבלים 343, דימונה",דימונה,השבלים,343,,8602760,street,202629.69,552490.53,693509.04,3438404.91
001027-075677-00345-X,"השבלים 345, דימונה",דימונה,השבלים,345,,8602761,street,202629.69,552490.53,693509.04,3438404.91
001027-075677-00347-X,"השבלים 347, דימונה",דימונה,השבלים,347,,8602762,street,202629.69,552490.53,693509.04,3438404.91
001027-075677-00349-X,"השבלים 349, דימונה",דימונה,השבלים,349,,8602763,street,202629.69,552490.53,693509.04,3438404.91
001027-075677-00353-X,"השבלים 353, דימונה",דימונה,השבלים,353,,8602765,street,202629.69,552490.53,693509.04,3438404.91
001027-075677-00355-X,"השבלים 355, דימונה",דימונה,השבלים,355,,8602766,street,202629.69,552490.53,693509.04,3438404.91
001027-075677-00357-X,"השבלים 357, דימונה",דימונה,השבלים,357,,8602767,street,202629.69,552490.53,693509.04,3438404.91
001027-075677-00359-X,"השבלים 359, דימונה",דימונה,השבלים,359,,8602768,street,202629.69,552490.53,693509.04,3438404.91
001027-075677-00363-X,"השבלים 363, דימונה",דימונה,השבלים,363,,8602770,street,202629.69,552490.53,693509.04,3438404.91
001027-075677-00367-X,"השבלים 367, דימונה",דימונה,השבלים,367,,8602772,street,202629.69,552490.53,693509.04,3438404.91
001027-075677-00371-X,"השבלים 371, דימונה",דימונה,השבלים,371,,8602774,street,202629.69,552490.53,693509.04,3438404.91
001027-075677-00373-X,"השבלים 373, דימונה",דימונה,השבלים,373,,8602775,street,202629.69,552490.53,693509.04,3438404.91
001027-075677-00377-X,"השבלים 377, דימונה",דימונה,השבלים,377,,8602777,street,202629.69,552490.53,693509.04,3438404.91
001027-075677-00379-X,"השבלים 379, דימונה",דימונה,השבלים,379,,8602778,street,202629.69,552490.53,693509.04,3438404.91
001027-075677-00387-X,"השבלים 387, דימונה",דימונה,השבלים,387,,8602782,street,202629.69,552490.53,693509.04,3438404.91
001027-075677-00389-X,"השבלים 389, דימונה",דימונה,השבלים,389,,8602783,street,202629.69,552490.53,693509.04,3438404.91
001027-075677-00391-X,"השבלים 391, דימונה",דימונה,השבלים,391,,8602784,street,202629.69,552490.53,693509.04,3438404.91
001027-075677-00393-X,"השבלים 393, דימונה",דימונה,השבלים,393,,8602785,street,202629.69,552490.53,693509.04,3438404.91
001027-075677-00397-X,"השבלים 397, דימונה",דימונה,השבלים,397,,8602787,street,202629.69,552490.53,693509.04,3438404.91
001027-075677-00399-X,"השבלים 399, דימונה",דימונה,השבלים,399,,8602788,street,202629.69,552490.53,693509.04,3438404.91
001027-075677-00401-X,"השבלים 401, דימונה",דימונה,השבלים,401,,8602789,street,202629.69,552490.53,693509.04,3438404.91
001027-075677-00403-X,"השבלים 403, דימונה",דימונה,השבלים,403,,8602790,street,202629.69,552490.53,693509.04,3438404.91
001027-075677-00407-X,"השבלים 407, דימונה",דימונה,השבלים,407,,8602792,street,202629.69,552490.53,693509.04,3438404.91
001027-075911-00002-X,"הרימון 2, דימונה",דימונה,הרימון,2,,8602845,exact,202651.6,552570.26,693529.36,3438485.07
001027-075911-00004-X,"הרימון 4, דימונה",דימונה,הרימון,4,,8602846,exact,202646.34,552564.82,693524.21,3438479.52
001027-075911-00006-X,"הרימון 6, דימונה",דימונה,הרימון,6,,8602847,exact,202626.16,552562.31,693504.08,3438476.62
001027-075911-00007-X,"הרימון 7, דימונה",דימונה,הרימון,7,,8602848,exact,202562.58,552536.46,693441.03,3438449.5
001027-075911-00008-X,"הרימון 8, דימונה",דימונה,הרימון,8,,8602849,exact,202617.32,552566.29,693495.17,3438480.42
001027-075911-00010-X,"הרימון 10, דימונה",דימונה,הרימון,10,,8602851,street,202510.01,552536.37,693388.46,3438448.38
001027-075911-00011-X,"הרימון 11, דימונה",דימונה,הרימון,11,,8602852,exact,202526.39,552527.99,693405.01,3438440.32
001027-075911-00013-X,"הרימון 13, דימונה",דימונה,הרימון,13,,8602854,exact,202507.4,552524.18,693386.1,3438436.13
001027-075911-00014-X,"הרימון 14, דימונה",דימונה,הרימון,14,,8602855,exact,202576.77,552566.23,693454.62,3438479.55
001027-075911-00015-X,"הרימון 15, דימונה",דימונה,הרימון,15,,8602856,exact,202491.35,552519.39,693370.15,3438431.02
001027-075911-00016-X,"הרימון 16, דימונה",דימונה,הרימון,16,,8602857,exact,202556.49,552562.79,693434.42,3438475.71
001027-075911-00019-X,"הרימון 19, דימונה",דימונה,הרימון,19,,8602860,exact,202441.11,552497.5,693320.35,3438408.14
001027-075911-00020-X,"הרימון 20, דימונה",דימונה,הרימון,20,,8602861,exact,202522.22,552554.62,693400.31,3438466.86
001027-075911-00021-X,"הרימון 21, דימונה",דימונה,הרימון,21,,8602862,exact,202421.13,552493.75,693300.45,3438404
001027-075911-00022-X,"הרימון 22, דימונה",דימונה,הרימון,22,,8602863,exact,202505.47,552548.15,693383.69,3438460.07
001027-075911-00023-X,"הרימון 23, דימונה",דימונה,הרימון,23,,8602864,exact,202401.25,552490.11,693280.64,3438399.97
001027-075911-00024-X,"הרימון 24, דימונה",דימונה,הרימון,24,,8602865,exact,202489.92,552544.76,693368.21,3438456.37
001027-075911-00026-X,"הרימון 26, דימונה",דימונה,הרימון,26,,8602866,exact,202480.3,552536.94,693358.74,3438448.36
001027-075911-00032-X,"הרימון 32, דימונה",דימונה,הרימון,32,,8602868,exact,202423.45,552527.1,693302.1,3438437.39
001027-075911-00034-X,"הרימון 34, דימונה",דימונה,הרימון,34,,8602869,exact,202409.17,552519.98,693287.97,3438429.99
001027-075911-00036-X,"הרימון 36, דימונה",דימונה,הרימון,36,,8602870,exact,202392.75,552518.14,693271.59,3438427.82
001027-075911-00266-X,"הרימון 266, דימונה",דימונה,הרימון,266,,8602871,street,202510.01,552536.37,693388.46,3438448.38
001027-075911-00268-X,"הרימון 268, דימונה",דימונה,הרימון,268,,8602872,street,202510.01,552536.37,693388.46,3438448.38
001027-075911-00270-X,"הרימון 270, דימונה",דימונה,הרימון,270,,8602873,street,202510.01,552536.37,693388.46,3438448.38
001027-075911-00274-X,"הרימון 274, דימונה",דימונה,הרימון,274,,8602875,street,202510.01,552536.37,693388.46,3438448.38
001027-075911-00276-X,"הרימון 276, דימונה",דימונה,הרימון,276,,8602876,street,202510.01,552536.37,693388.46,3438448.38
001027-075911-00278-X,"הרימון 278, דימונה",דימונה,הרימון,278,,8602877,street,202510.01,552536.37,693388.46,3438448.38
001027-075911-00286-X,"הרימון 286, דימונה",דימונה,הרימון,286,,8602881,street,202510.01,552536.37,693388.46,3438448.38
001027-075911-00288-X,"הרימון 288, דימונה",דימונה,הרימון,288,,8602882,street,202510.01,552536.37,693388.46,3438448.38
001027-075911-00294-X,"הרימון 294, דימונה",דימונה,הרימון,294,,8602885,street,202510.01,552536.37,693388.46,3438448.38
001027-075911-00298-X,"הרימון 298, דימונה",דימונה,הרימון,298,,8602887,street,202510.01,552536.37,693388.46,3438448.38
001027-075911-00299-X,"הרימון 299, דימונה",דימונה,הרימון,299,,8602888,street,202510.01,552536.37,693388.46,3438448.38
001027-075911-00302-X,"הרימון 302, דימונה",דימונה,הרימון,302,,8602891,street,202510.01,552536.37,693388.46,3438448.38
001027-075911-00303-X,"הרימון 303, דימונה",דימונה,הרימון,303,,8602892,street,202510.01,552536.37,693388.46,3438448.38
001027-075911-00304-X,"הרימון 304, דימונה",דימונה,הרימון,304,,8602893,street,202510.01,552536.37,693388.46,3438448.38
001027-075911-00305-X,"הרימון 305, דימונה",דימונה,הרימון,305,,8602894,street,202510.01,552536.37,693388.46,3438448.38
001027-075911-00306-X,"הרימון 306, דימונה",דימונה,הרימון,306,,8602895,street,202510.01,552536.37,693388.46,3438448.38
001027-075911-00307-X,"הרימון 307, דימונה",דימונה,הרימון,307,,8602896,street,202510.01,552536.37,693388.46,3438448.38
001027-075911-00308-X,"הרימון 308, דימונה",דימונה,הרימון,308,,8602897,street,202510.01,552536.37,693388.46,3438448.38
001027-075911-00310-X,"הרימון 310, דימונה",דימונה,הרימון,310,,8602899,street,202510.01,552536.37,693388.46,3438448.38
001027-075911-00311-X,"הרימון 311, דימונה",דימונה,הרימון,311,,8610501,street,202510.01,552536.37,693388.46,3438448.38
001027-075911-00312-X,"הרימון 312, דימונה",דימונה,הרימון,312,,8610502,street,202510.01,552536.37,693388.46,3438448.38
001027-075911-00313-X,"הרימון 313, דימונה",דימונה,הרימון,313,,8610503,street,202510.01,552536.37,693388.46,3438448.38
001027-075911-00314-X,"הרימון 314, דימונה",דימונה,הרימון,314,,8610504,street,202510.01,552536.37,693388.46,3438448.38
001027-075911-00315-X,"הרימון 315, דימונה",דימונה,הרימון,315,,8610505,street,202510.01,552536.37,693388.46,3438448.38
001027-075911-00317-X,"הרימון 317, דימונה",דימונה,הרימון,317,,8610507,street,202510.01,552536.37,693388.46,3438448.38
001027-075911-00318-X,"הרימון 318, דימונה",דימונה,הרימון,318,,8610508,street,202510.01,552536.37,693388.46,3438448.38
001027-075911-00319-X,"הרימון 319, דימונה",דימונה,הרימון,319,,8610509,street,202510.01,552536.37,693388.46,3438448.38
001027-075911-00320-X,"הרימון 320, דימונה",דימונה,הרימון,320,,8610510,street,202510.01,552536.37,693388.46,3438448.38
001027-075911-00321-X,"הרימון 321, דימונה",דימונה,הרימון,321,,8610511,street,202510.01,552536.37,693388.46,3438448.38
001027-075911-00322-X,"הרימון 322, דימונה",דימונה,הרימון,322,,8610512,street,202510.01,552536.37,693388.46,3438448.38
001027-075911-00326-X,"הרימון 326, דימונה",דימונה,הרימון,326,,8610515,street,202510.01,552536.37,693388.46,3438448.38
001027-075911-00328-X,"הרימון 328, דימונה",דימונה,הרימון,328,,8610516,street,202510.01,552536.37,693388.46,3438448.38
001027-075911-00330-X,"הרימון 330, דימונה",דימונה,הרימון,330,,8610517,street,202510.01,552536.37,693388.46,3438448.38
001027-075911-00332-X,"הרימון 332, דימונה",דימונה,הרימון,332,,8610518,street,202510.01,552536.37,693388.46,3438448.38
001027-075911-00334-X,"הרימון 334, דימונה",דימונה,הרימון,334,,8610519,street,202510.01,552536.37,693388.46,3438448.38
001027-075911-00340-X,"הרימון 340, דימונה",דימונה,הרימון,340,,8610522,street,202510.01,552536.37,693388.46,3438448.38
001027-075911-00342-X,"הרימון 342, דימונה",דימונה,הרימון,342,,8610523,street,202510.01,552536.37,693388.46,3438448.38
001027-075911-00344-X,"הרימון 344, דימונה",דימונה,הרימון,344,,8610524,street,202510.01,552536.37,693388.46,3438448.38
001027-075911-00346-X,"הרימון 346, דימונה",דימונה,הרימון,346,,8610525,street,202510.01,552536.37,693388.46,3438448.38
001027-075911-00348-X,"הרימון 348, דימונה",דימונה,הרימון,348,,8610526,street,202510.01,552536.37,693388.46,3438448.38
001027-075911-00350-X,"הרימון 350, דימונה",דימונה,הרימון,350,,8610527,street,202510.01,552536.37,693388.46,3438448.38
001027-075911-00354-X,"הרימון 354, דימונה",דימונה,הרימון,354,,8610529,street,202510.01,552536.37,693388.46,3438448.38
001027-075911-00356-X,"הרימון 356, דימונה",דימונה,הרימון,356,,8610530,street,202510.01,552536.37,693388.46,3438448.38
001027-075911-00358-X,"הרימון 358, דימונה",דימונה,הרימון,358,,8610531,street,202510.01,552536.37,693388.46,3438448.38
001027-075911-00360-X,"הרימון 360, דימונה",דימונה,הרימון,360,,8610532,street,202510.01,552536.37,693388.46,3438448.38
001027-075911-00362-X,"הרימון 362, דימונה",דימונה,הרימון,362,,8610533,street,202510.01,552536.37,693388.46,3438448.38
001027-075911-00366-X,"הרימון 366, דימונה",דימונה,הרימון,366,,8610535,street,202510.01,552536.37,693388.46,3438448.38
001027-075911-00368-X,"הרימון 368, דימונה",דימונה,הרימון,368,,8610536,street,202510.01,552536.37,693388.46,3438448.38
001027-076045-00000-X,"אקסודוס, דימונה",דימונה,אקסודוס,,,8606800,street,203176.87,553509.46,694035.9,3439434.56
001027-076045-00066-X,"אקסודוס 66, דימונה",דימונה,אקסודוס,66,,8606801,street,203176.87,553509.46,694035.9,3439434.56
001027-076045-00067-X,"אקסודוס 67, דימונה",דימונה,אקסודוס,67,,8606802,street,203176.87,553509.46,694035.9,3439434.56
001027-076480-00000-X,"שד יגאל אלון, דימונה",דימונה,שד יגאל אלון,,,8603100,street,203377.16,552484.04,694256.53,3438413.27
001027-076480-00011-X,"שד יגאל אלון 11, דימונה",דימונה,שד יגאל אלון,11,,8603103,street,203377.16,552484.04,694256.53,3438413.27
001027-076480-00013-X,"שד יגאל אלון 13, דימונה",דימונה,שד יגאל אלון,13,,8603104,exact,203277.79,552499.62,694156.86,3438426.87
001027-076480-00016-X,"שד יגאל אלון 16, דימונה",דימונה,שד יגאל אלון,16,,8603106,exact,203125.64,552456.3,694005.59,3438380.54
001027-076480-00030-X,"שד יגאל אלון 30, דימונה",דימונה,שד יגאל אלון,30,,8603109,exact,203265.62,552450.33,694145.67,3438377.35
001027-076480-00030-ב,"שד יגאל אלון 30ב, דימונה",דימונה,שד יגאל אלון,30,ב,8603111,exact,203265.62,552450.33,694145.67,3438377.35
001027-076480-00030-ד,"שד יגאל אלון 30ד, דימונה",דימונה,שד יגאל אלון,30,ד,8603113,exact,203265.62,552450.33,694145.67,3438377.35
001027-076480-00031-X,"שד יגאל אלון 31, דימונה",דימונה,שד יגאל אלון,31,,8603114,exact,203412.73,552506.07,694291.66,3438436
001027-076480-00031-א,"שד יגאל אלון 31א, דימונה",דימונה,שד יגאל אלון,31,א,8603115,exact,203412.73,552506.07,694291.66,3438436
001027-076480-00031-ב,"שד יגאל אלון 31ב, דימונה",דימונה,שד יגאל אלון,31,ב,8603116,exact,203412.73,552506.07,694291.66,3438436
001027-076480-00031-ג,"שד יגאל אלון 31ג, דימונה",דימונה,שד יגאל אלון,31,ג,8603117,exact,203412.73,552506.07,694291.66,3438436
001027-076480-00031-ד,"שד יגאל אלון 31ד, דימונה",דימונה,שד יגאל אלון,31,ד,8603118,exact,203412.73,552506.07,694291.66,3438436
001027-076480-00032-X,"שד יגאל אלון 32, דימונה",דימונה,שד יגאל אלון,32,,8603119,exact,203294.29,552454.46,694174.26,3438382.05
001027-076480-00032-א,"שד יגאל אלון 32א, דימונה",דימונה,שד יגאל אלון,32,א,8603120,exact,203294.29,552454.46,694174.26,3438382.05
001027-076480-00032-ב,"שד יגאל אלון 32ב, דימונה",דימונה,שד יגאל אלון,32,ב,8603121,exact,203294.29,552454.46,694174.26,3438382.05
001027-076480-00032-ג,"שד יגאל אלון 32ג, דימונה",דימונה,שד יגאל אלון,32,ג,8603122,exact,203294.29,552454.46,694174.26,3438382.05
001027-076480-00085-X,"שד יגאל אלון 85, דימונה",דימונה,שד יגאל אלון,85,,8603123,street,203377.16,552484.04,694256.53,3438413.27
001027-076480-00085-א,"שד יגאל אלון 85א, דימונה",דימונה,שד יגאל אלון,85,א,8603124,street,203377.16,552484.04,694256.53,3438413.27
001027-076480-00085-ב,"שד יגאל אלון 85ב, דימונה",דימונה,שד יגאל אלון,85,ב,8603125,street,203377.16,552484.04,694256.53,3438413.27
001027-076480-00085-ג,"שד יגאל אלון 85ג, דימונה",דימונה,שד יגאל אלון,85,ג,8603126,street,203377.16,552484.04,694256.53,3438413.27
001027-076480-00086-X,"שד יגאל אלון 86, דימונה",דימונה,שד יגאל אלון,86,,8603127,exact,203760.15,552796.17,694633.26,3438732.96
001027-076480-00086-א,"שד יגאל אלון 86א, דימונה",דימונה,שד יגאל אלון,86,א,8603128,exact,203760.15,552796.17,694633.26,3438732.96
001027-076480-00086-ב,"שד יגאל אלון 86ב, דימונה",דימונה,שד יגאל אלון,86,ב,8603129,exact,203760.15,552796.17,694633.26,3438732.96
001027-076480-00086-ג,"שד יגאל אלון 86ג, דימונה",דימונה,שד יגאל אלון,86,ג,8603130,exact,203760.15,552796.17,694633.26,3438732.96
001027-076480-00110-X,"שד יגאל אלון 110, דימונה",דימונה,שד יגאל אלון,110,,8603132,street,203377.16,552484.04,694256.53,3438413.27
001027-076480-00110-ב,"שד יגאל אלון 110ב, דימונה",דימונה,שד יגאל אלון,110,ב,8603134,street,203377.16,552484.04,694256.53,3438413.27
001027-076480-00110-ג,"שד יגאל אלון 110ג, דימונה",דימונה,שד יגאל אלון,110,ג,8603135,street,203377.16,552484.04,694256.53,3438413.27
001027-076480-00110-ד,"שד יגאל אלון 110ד, דימונה",דימונה,שד יגאל אלון,110,ד,8603136,street,203377.16,552484.04,694256.53,3438413.27
001027-076480-00110-ה,"שד יגאל אלון 110ה, דימונה",דימונה,שד יגאל אלון,110,ה,8603137,street,203377.16,552484.04,694256.53,3438413.27
001027-076480-00110-ו,"שד יגאל אלון 110ו, דימונה",דימונה,שד יגאל אלון,110,ו,8603138,street,203377.16,552484.04,694256.53,3438413.27
001027-076480-00110-ח,"שד יגאל אלון 110ח, דימונה",דימונה,שד יגאל אלון,110,ח,8603140,street,203377.16,552484.04,694256.53,3438413.27
001027-076480-00110-ט,"שד יגאל אלון 110ט, דימונה",דימונה,שד יגאל אלון,110,ט,8603141,street,203377.16,552484.04,694256.53,3438413.27
001027-076480-00111-א,"שד יגאל אלון 111א, דימונה",דימונה,שד יגאל אלון,111,א,8603143,street,203377.16,552484.04,694256.53,3438413.27
001027-076480-00111-ב,"שד יגאל אלון 111ב, דימונה",דימונה,שד יגאל אלון,111,ב,8603144,street,203377.16,552484.04,694256.53,3438413.27
001027-076480-00111-ג,"שד יגאל אלון 111ג, דימונה",דימונה,שד יגאל אלון,111,ג,8603145,street,203377.16,552484.04,694256.53,3438413.27
001027-076480-00111-ד,"שד יגאל אלון 111ד, דימונה",דימונה,שד יגאל אלון,111,ד,8603146,street,203377.16,552484.04,694256.53,3438413.27
001027-076480-00111-ו,"שד יגאל אלון 111ו, דימונה",דימונה,שד יגאל אלון,111,ו,8603148,street,203377.16,552484.04,694256.53,3438413.27
001027-076480-00111-ח,"שד יגאל אלון 111ח, דימונה",דימונה,שד יגאל אלון,111,ח,8603150,street,203377.16,552484.04,694256.53,3438413.27
001027-076480-00209-X,"שד יגאל אלון 209, דימונה",דימונה,שד יגאל אלון,209,,8603152,street,203377.16,552484.04,694256.53,3438413.27
001027-076480-00209-א,"שד יגאל אלון 209א, דימונה",דימונה,שד יגאל אלון,209,א,8603153,street,203377.16,552484.04,694256.53,3438413.27
001027-076480-00209-ב,"שד יגאל אלון 209ב, דימונה",דימונה,שד יגאל אלון,209,ב,8603154,street,203377.16,552484.04,694256.53,3438413.27
001027-076480-00209-ג,"שד יגאל אלון 209ג, דימונה",דימונה,שד יגאל אלון,209,ג,8603155,street,203377.16,552484.04,694256.53,3438413.27
001027-076480-00209-ד,"שד יגאל אלון 209ד, דימונה",דימונה,שד יגאל אלון,209,ד,8603156,street,203377.16,552484.04,694256.53,3438413.27
001027-076480-00209-ו,"שד יגאל אלון 209ו, דימונה",דימונה,שד יגאל אלון,209,ו,8603158,street,203377.16,552484.04,694256.53,3438413.27
001027-076480-00209-ז,"שד יגאל אלון 209ז, דימונה",דימונה,שד יגאל אלון,209,ז,8603159,street,203377.16,552484.04,694256.53,3438413.27
001027-076480-00209-ח,"שד יגאל אלון 209ח, דימונה",דימונה,שד יגאל אלון,209,ח,8603160,street,203377.16,552484.04,694256.53,3438413.27
001027-076480-00221-X,"שד יגאל אלון 221, דימונה",דימונה,שד יגאל אלון,221,,8603161,street,203377.16,552484.04,694256.53,3438413.27
001027-076480-00221-א,"שד יגאל אלון 221א, דימונה",דימונה,שד יגאל אלון,221,א,8603162,street,203377.16,552484.04,694256.53,3438413.27
001027-076480-00221-ב,"שד יגאל אלון 221ב, דימונה",דימונה,שד יגאל אלון,221,ב,8603163,street,203377.16,552484.04,694256.53,3438413.27
001027-076480-00221-ד,"שד יגאל אלון 221ד, דימונה",דימונה,שד יגאל אלון,221,ד,8603165,street,203377.16,552484.04,694256.53,3438413.27
001027-076480-00221-ה,"שד יגאל אלון 221ה, דימונה",דימונה,שד יגאל אלון,221,ה,8603166,street,203377.16,552484.04,694256.53,3438413.27
001027-076480-00221-ו,"שד יגאל אלון 221ו, דימונה",דימונה,שד יגאל אלון,221,ו,8603167,street,203377.16,552484.04,694256.53,3438413.27
001027-076480-00221-ז,"שד יגאל אלון 221ז, דימונה",דימונה,שד יגאל אלון,221,ז,8603168,street,203377.16,552484.04,694256.53,3438413.27
001027-076480-00221-ח,"שד יגאל אלון 221ח, דימונה",דימונה,שד יגאל אלון,221,ח,8603169,street,203377.16,552484.04,694256.53,3438413.27
001027-076480-00221-ט,"שד יגאל אלון 221ט, דימונה",דימונה,שד יגאל אלון,221,ט,8603170,street,203377.16,552484.04,694256.53,3438413.27
001027-076480-00501-X,"שד יגאל אלון 501, דימונה",דימונה,שד יגאל אלון,501,,8603171,street,203377.16,552484.04,694256.53,3438413.27
001027-076480-00501-א,"שד יגאל אלון 501א, דימונה",דימונה,שד יגאל אלון,501,א,8603172,street,203377.16,552484.04,694256.53,3438413.27
001027-076480-00501-ב,"שד יגאל אלון 501ב, דימונה",דימונה,שד יגאל אלון,501,ב,8603173,street,203377.16,552484.04,694256.53,3438413.27
001027-076793-00000-X,"הנרקיס, דימונה",דימונה,הנרקיס,,,8603600,street,202982.19,552397.73,693863.33,3438319.13
001027-076793-00007-X,"הנרקיס 7, דימונה",דימונה,הנרקיס,7,,8603602,exact,202999.62,552410.42,693880.5,3438332.17
001027-076793-00009-X,"הנרקיס 9, דימונה",דימונה,הנרקיס,9,,8603604,exact,203026.55,552411.78,693907.4,3438334.06
001027-076793-00010-X,"הנרקיס 10, דימונה",דימונה,הנרקיס,10,,8603605,exact,202960.61,552384.74,693842.01,3438305.72
001027-076793-00011-X,"הנרקיס 11, דימונה",דימונה,הנרקיס,11,,8603606,exact,203046.24,552411.15,693927.1,3438333.82
001027-076793-00013-X,"הנרקיס 13, דימונה",דימונה,הנרקיס,13,,8603607,street,202982.19,552397.73,693863.33,3438319.13
001027-076793-00014-X,"הנרקיס 14, דימונה",דימונה,הנרקיס,14,,8603619,exact,202974.41,552384.47,693855.81,3438305.72
001027-076793-00014-א,"הנרקיס 14א, דימונה",דימונה,הנרקיס,14,א,8603620,exact,202974.41,552384.47,693855.81,3438305.72
001027-076793-00014-ב,"הנרקיס 14ב, דימונה",דימונה,הנרקיס,14,ב,8603621,exact,202974.41,552384.47,693855.81,3438305.72
001027-076793-00749-X,"הנרקיס 749, דימונה",דימונה,הנרקיס,749,,8603608,street,202982.19,552397.73,693863.33,3438319.13
001027-076793-00765-X,"הנרקיס 765, דימונה",דימונה,הנרקיס,765,,8603610,street,202982.19,552397.73,693863.33,3438319.13
001027-076793-00766-X,"הנרקיס 766, דימונה",דימונה,הנרקיס,766,,8603611,street,202982.19,552397.73,693863.33,3438319.13
001027-076793-00767-X,"הנרקיס 767, דימונה",דימונה,הנרקיס,767,,8603612,street,202982.19,552397.73,693863.33,3438319.13
001027-076793-00769-X,"הנרקיס 769, דימונה",דימונה,הנרקיס,769,,8603614,street,202982.19,552397.73,693863.33,3438319.13
001027-076793-00770-X,"הנרקיס 770, דימונה",דימונה,הנרקיס,770,,8603615,street,202982.19,552397.73,693863.33,3438319.13
001027-076793-00771-X,"הנרקיס 771, דימונה",דימונה,הנרקיס,771,,8603616,street,202982.19,552397.73,693863.33,3438319.13
001027-076793-00772-X,"הנרקיס 772, דימונה",דימונה,הנרקיס,772,,8603617,street,202982.19,552397.73,693863.33,3438319.13
001027-077042-00004-X,"מצדה 4, דימונה",דימונה,מצדה,4,,8601252,exact,202765.85,552265.24,693649.65,3438182.37
001027-077042-00005-X,"מצדה 5, דימונה",דימונה,מצדה,5,,8601201,exact,202824.57,552285.64,693707.96,3438203.93
001027-077042-00009-X,"מצדה 9, דימונה",דימונה,מצדה,9,,8601203,exact,202839.52,552282.86,693722.96,3438201.45
001027-077042-00011-X,"מצדה 11, דימונה",דימונה,מצדה,11,,8601204,street,202919.76,552256.97,693803.7,3438177.15
001027-077042-00021-X,"מצדה 21, דימונה",דימונה,מצדה,21,,8601205,street,202919.76,552256.97,693803.7,3438177.15
001027-077042-00021-א,"מצדה 21א, דימונה",דימונה,מצדה,21,א,8601206,street,202919.76,552256.97,693803.7,3438177.15
001027-077042-00021-ב,"מצדה 21ב, דימונה",דימונה,מצדה,21,ב,8601207,street,202919.76,552256.97,693803.7,3438177.15
001027-077042-00037-X,"מצדה 37, דימונה",דימונה,מצדה,37,,8601254,street,202919.76,552256.97,693803.7,3438177.15
001027-077042-00043-X,"מצדה 43, דימונה",דימונה,מצדה,43,,8601208,exact,202947.47,552269.32,693831.16,3438190.05
001027-077042-00045-X,"מצדה 45, דימונה",דימונה,מצדה,45,,8601209,exact,202967.4,552264.57,693851.19,3438185.7
001027-077042-00143-X,"מצדה 143, דימונה",דימונה,מצדה,143,,8601210,street,202919.76,552256.97,693803.7,3438177.15
001027-077042-00144-X,"מצדה 144, דימונה",דימונה,מצדה,144,,8601211,street,202919.76,552256.97,693803.7,3438177.15
001027-077042-00146-X,"מצדה 146, דימונה",דימונה,מצדה,146,,8601213,street,202919.76,552256.97,693803.7,3438177.15
001027-077042-00147-X,"מצדה 147, דימונה",דימונה,מצדה,147,,8601214,street,202919.76,552256.97,693803.7,3438177.15
001027-077042-00148-X,"מצדה 148, דימונה",דימונה,מצדה,148,,8601215,street,202919.76,552256.97,693803.7,3438177.15
001027-077042-00149-X,"מצדה 149, דימונה",דימונה,מצדה,149,,8601216,street,202919.76,552256.97,693803.7,3438177.15
001027-077042-00150-X,"מצדה 150, דימונה",דימונה,מצדה,150,,8601217,street,202919.76,552256.97,693803.7,3438177.15
001027-077042-00153-X,"מצדה 153, דימונה",דימונה,מצדה,153,,8601220,street,202919.76,552256.97,693803.7,3438177.15
001027-077042-00154-X,"מצדה 154, דימונה",דימונה,מצדה,154,,8601221,street,202919.76,552256.97,693803.7,3438177.15
001027-077042-00155-X,"מצדה 155, דימונה",דימונה,מצדה,155,,8601222,street,202919.76,552256.97,693803.7,3438177.15
001027-077042-00156-X,"מצדה 156, דימונה",דימונה,מצדה,156,,8601223,street,202919.76,552256.97,693803.7,3438177.15
001027-077042-00157-X,"מצדה 157, דימונה",דימונה,מצדה,157,,8601224,street,202919.76,552256.97,693803.7,3438177.15
001027-077042-00158-X,"מצדה 158, דימונה",דימונה,מצדה,158,,8601225,street,202919.76,552256.97,693803.7,3438177.15
001027-077164-00000-X,"הכלנית, דימונה",דימונה,הכלנית,,,8603700,street,202933.93,552334.38,693816.33,3438254.83
001027-077164-00001-X,"הכלנית 1, דימונה",דימונה,הכלנית,1,,8603732,exact,202877.23,552349.51,693759.34,3438268.84
001027-077164-00008-X,"הכלנית 8, דימונה",דימונה,הכלנית,8,,8603733,exact,202856.64,552332.26,693739.1,3438251.18
001027-077164-00025-X,"הכלנית 25, דימונה",דימונה,הכלנית,25,,8603734,exact,203029.94,552347.63,693912.07,3438269.99
001027-077164-00724-X,"הכלנית 724, דימונה",דימונה,הכלנית,724,,8603701,street,202933.93,552334.38,693816.33,3438254.83
001027-077164-00725-X,"הכלנית 725, דימונה",דימונה,הכלנית,725,,8603702,street,202933.93,552334.38,693816.33,3438254.83
001027-077164-00726-X,"הכלנית 726, דימונה",דימונה,הכלנית,726,,8603703,street,202933.93,552334.38,693816.33,3438254.83
001027-077164-00727-X,"הכלנית 727, דימונה",דימונה,הכלנית,727,,8603704,street,202933.93,552334.38,693816.33,3438254.83
001027-077164-00728-X,"הכלנית 728, דימונה",דימונה,הכלנית,728,,8603705,street,202933.93,552334.38,693816.33,3438254.83
001027-077164-00729-X,"הכלנית 729, דימונה",דימונה,הכלנית,729,,8603706,street,202933.93,552334.38,693816.33,3438254.83
001027-077164-00730-X,"הכלנית 730, דימונה",דימונה,הכלנית,730,,8603707,street,202933.93,552334.38,693816.33,3438254.83
001027-077164-00731-X,"הכלנית 731, דימונה",דימונה,הכלנית,731,,8603708,street,202933.93,552334.38,693816.33,3438254.83
001027-077164-00733-X,"הכלנית 733, דימונה",דימונה,הכלנית,733,,8603709,street,202933.93,552334.38,693816.33,3438254.83
001027-077164-00736-X,"הכלנית 736, דימונה",דימונה,הכלנית,736,,8603711,street,202933.93,552334.38,693816.33,3438254.83
001027-077164-00737-X,"הכלנית 737, דימונה",דימונה,הכלנית,737,,8603712,street,202933.93,552334.38,693816.33,3438254.83
001027-077164-00739-X,"הכלנית 739, דימונה",דימונה,הכלנית,739,,8603714,street,202933.93,552334.38,693816.33,3438254.83
001027-077164-00741-X,"הכלנית 741, דימונה",דימונה,הכלנית,741,,8603716,street,202933.93,552334.38,693816.33,3438254.83
001027-077164-00742-X,"הכלנית 742, דימונה",דימונה,הכלנית,742,,8603717,street,202933.93,552334.38,693816.33,3438254.83
001027-077164-00743-X,"הכלנית 743, דימונה",דימונה,הכלנית,743,,8603718,street,202933.93,552334.38,693816.33,3438254.83
001027-077164-00746-X,"הכלנית 746, דימונה",דימונה,הכלנית,746,,8603721,street,202933.93,552334.38,693816.33,3438254.83
001027-077164-00754-X,"הכלנית 754, דימונה",דימונה,הכלנית,754,,8603723,street,202933.93,552334.38,693816.33,3438254.83
001027-077164-00755-X,"הכלנית 755, דימונה",דימונה,הכלנית,755,,8603724,street,202933.93,552334.38,693816.33,3438254.83
001027-077164-00756-X,"הכלנית 756, דימונה",דימונה,הכלנית,756,,8603725,street,202933.93,552334.38,693816.33,3438254.83
001027-077164-00758-X,"הכלנית 758, דימונה",דימונה,הכלנית,758,,8603727,street,202933.93,552334.38,693816.33,3438254.83
001027-077164-00759-X,"הכלנית 759, דימונה",דימונה,הכלנית,759,,8603728,street,202933.93,552334.38,693816.33,3438254.83
001027-077164-00760-X,"הכלנית 760, דימונה",דימונה,הכלנית,760,,8603729,street,202933.93,552334.38,693816.33,3438254.83
001027-077164-00761-X,"הכלנית 761, דימונה",דימונה,הכלנית,761,,8603730,street,202933.93,552334.38,693816.33,3438254.83
001027-077164-00762-X,"הכלנית 762, דימונה",דימונה,הכלנית,762,,8603731,street,202933.93,552334.38,693816.33,3438254.83
001027-077597-00000-X,"נוה מדבר, דימונה",דימונה,נוה מדבר,,,8601300,street,202685.35,552167.71,693571.1,3438083.25
001027-077597-00033-X,"נוה מדבר 33, דימונה",דימונה,נוה מדבר,33,,8601301,exact,202658.77,552158.39,693544.71,3438073.41
001027-077597-00058-X,"נוה מדבר 58, דימונה",דימונה,נוה מדבר,58,,8601382,exact,202572.78,552204.33,693457.82,3438117.63
001027-077597-00102-X,"נוה מדבר 102, דימונה",דימונה,נוה מדבר,102,,8601302,street,202685.35,552167.71,693571.1,3438083.25
001027-077597-00104-X,"נוה מדבר 104, דימונה",דימונה,נוה מדבר,104,,8601303,street,202685.35,552167.71,693571.1,3438083.25
001027-077597-00105-X,"נוה מדבר 105, דימונה",דימונה,נוה מדבר,105,,8601341,street,202685.35,552167.71,693571.1,3438083.25
001027-077597-00108-X,"נוה מדבר 108, דימונה",דימונה,נוה מדבר,108,,8601305,street,202685.35,552167.71,693571.1,3438083.25
001027-077597-00112-X,"נוה מדבר 112, דימונה",דימונה,נוה מדבר,112,,8601307,street,202685.35,552167.71,693571.1,3438083.25
001027-077597-00113-X,"נוה מדבר 113, דימונה",דימונה,נוה מדבר,113,,8601345,street,202685.35,552167.71,693571.1,3438083.25
001027-077597-00117-X,"נוה מדבר 117, דימונה",דימונה,נוה מדבר,117,,8601347,street,202685.35,552167.71,693571.1,3438083.25
001027-077597-00119-X,"נוה מדבר 119, דימונה",דימונה,נוה מדבר,119,,8601348,street,202685.35,552167.71,693571.1,3438083.25
001027-077597-00120-X,"נוה מדבר 120, דימונה",דימונה,נוה מדבר,120,,8601311,street,202685.35,552167.71,693571.1,3438083.25
001027-077597-00121-X,"נוה מדבר 121, דימונה",דימונה,נוה מדבר,121,,8601349,street,202685.35,552167.71,693571.1,3438083.25
001027-077597-00122-X,"נוה מדבר 122, דימונה",דימונה,נוה מדבר,122,,8601312,street,202685.35,552167.71,693571.1,3438083.25
001027-077597-00123-X,"נוה מדבר 123, דימונה",דימונה,נוה מדבר,123,,8601350,street,202685.35,552167.71,693571.1,3438083.25
001027-077597-00124-X,"נוה מדבר 124, דימונה",דימונה,נוה מדבר,124,,8601313,street,202685.35,552167.71,693571.1,3438083.25
001027-077597-00126-X,"נוה מדבר 126, דימונה",דימונה,נוה מדבר,126,,8601314,street,202685.35,552167.71,693571.1,3438083.25
001027-077597-00127-X,"נוה מדבר 127, דימונה",דימונה,נוה מדבר,127,,8601352,street,202685.35,552167.71,693571.1,3438083.25
001027-077597-00130-X,"נוה מדבר 130, דימונה",דימונה,נוה מדבר,130,,8601316,street,202685.35,552167.71,693571.1,3438083.25
001027-077597-00131-X,"נוה מדבר 131, דימונה",דימונה,נוה מדבר,131,,8601354,street,202685.35,552167.71,693571.1,3438083.25
001027-077597-00132-X,"נוה מדבר 132, דימונה",דימונה,נוה מדבר,132,,8601317,street,202685.35,552167.71,693571.1,3438083.25
001027-077597-00133-X,"נוה מדבר 133, דימונה",דימונה,נוה מדבר,133,,8601355,street,202685.35,552167.71,693571.1,3438083.25
001027-077597-00134-X,"נוה מדבר 134, דימונה",דימונה,נוה מדבר,134,,8601318,street,202685.35,552167.71,693571.1,3438083.25
001027-077597-00135-X,"נוה מדבר 135, דימונה",דימונה,נוה מדבר,135,,8601369,street,202685.35,552167.71,693571.1,3438083.25
001027-077597-00137-X,"נוה מדבר 137, דימונה",דימונה,נוה מדבר,137,,8601370,street,202685.35,552167.71,693571.1,3438083.25
001027-077597-00141-X,"נוה מדבר 141, דימונה",דימונה,נוה מדבר,141,,8601372,street,202685.35,552167.71,693571.1,3438083.25
001027-077597-00145-X,"נוה מדבר 145, דימונה",דימונה,נוה מדבר,145,,8601374,street,202685.35,552167.71,693571.1,3438083.25
001027-077597-00147-X,"נוה מדבר 147, דימונה",דימונה,נוה מדבר,147,,8601375,street,202685.35,552167.71,693571.1,3438083.25
001027-077597-00149-X,"נוה מדבר 149, דימונה",דימונה,נוה מדבר,149,,8601376,street,202685.35,552167.71,693571.1,3438083.25
001027-077597-00151-X,"נוה מדבר 151, דימונה",דימונה,נוה מדבר,151,,8601377,street,202685.35,552167.71,693571.1,3438083.25
001027-077597-00157-X,"נוה מדבר 157, דימונה",דימונה,נוה מדבר,157,,8601380,street,202685.35,552167.71,693571.1,3438083.25
001027-077597-00159-X,"נוה מדבר 159, דימונה",דימונה,נוה מדבר,159,,8601356,street,202685.35,552167.71,693571.1,3438083.25
001027-077597-00160-X,"נוה מדבר 160, דימונה",דימונה,נוה מדבר,160,,8601319,street,202685.35,552167.71,693571.1,3438083.25
001027-077597-00161-X,"נוה מדבר 161, דימונה",דימונה,נוה מדבר,161,,8601357,street,202685.35,552167.71,693571.1,3438083.25
001027-077597-00162-X,"נוה מדבר 162, דימונה",דימונה,נוה מדבר,162,,8601320,street,202685.35,552167.71,693571.1,3438083.25
001027-077597-00163-X,"נוה מדבר 163, דימונה",דימונה,נוה מדבר,163,,8601358,street,202685.35,552167.71,693571.1,3438083.25
001027-077597-00166-X,"נוה מדבר 166, דימונה",דימונה,נוה מדבר,166,,8601322,street,202685.35,552167.71,693571.1,3438083.25
001027-077597-00167-X,"נוה מדבר 167, דימונה",דימונה,נוה מדבר,167,,8601360,street,202685.35,552167.71,693571.1,3438083.25
001027-077597-00169-X,"נוה מדבר 169, דימונה",דימונה,נוה מדבר,169,,8601361,street,202685.35,552167.71,693571.1,3438083.25
001027-077597-00171-X,"נוה מדבר 171, דימונה",דימונה,נוה מדבר,171,,8601362,street,202685.35,552167.71,693571.1,3438083.25
001027-077597-00172-X,"נוה מדבר 172, דימונה",דימונה,נוה מדבר,172,,8601325,street,202685.35,552167.71,693571.1,3438083.25
001027-077597-00173-X,"נוה מדבר 173, דימונה",דימונה,נוה מדבר,173,,8601363,street,202685.35,552167.71,693571.1,3438083.25
001027-077597-00174-X,"נוה מדבר 174, דימונה",דימונה,נוה מדבר,174,,8601326,street,202685.35,552167.71,693571.1,3438083.25
001027-077597-00176-X,"נוה מדבר 176, דימונה",דימונה,נוה מדבר,176,,8601327,street,202685.35,552167.71,693571.1,3438083.25
001027-077597-00177-X,"נוה מדבר 177, דימונה",דימונה,נוה מדבר,177,,8601365,street,202685.35,552167.71,693571.1,3438083.25
001027-077597-00178-X,"נוה מדבר 178, דימונה",דימונה,נוה מדבר,178,,8601328,street,202685.35,552167.71,693571.1,3438083.25
001027-077597-00181-X,"נוה מדבר 181, דימונה",דימונה,נוה מדבר,181,,8601367,street,202685.35,552167.71,693571.1,3438083.25
001027-077597-00182-X,"נוה מדבר 182, דימונה",דימונה,נוה מדבר,182,,8601330,street,202685.35,552167.71,693571.1,3438083.25
001027-077597-00183-X,"נוה מדבר 183, דימונה",דימונה,נוה מדבר,183,,8601368,street,202685.35,552167.71,693571.1,3438083.25
001027-077597-00185-X,"נוה מדבר 185, דימונה",דימונה,נוה מדבר,185,,8601381,street,202685.35,552167.71,693571.1,3438083.25
001027-077659-00000-X,"בבא סאלי, דימונה",דימונה,בבא סאלי,,,8601700,street,203011.54,552145.06,693897.69,3438067.09
001027-077659-00001-X,"בבא סאלי 1, דימונה",דימונה,בבא סאלי,1,,8601001,exact,202483.96,552131.08,693370.46,3438042.63
001027-077659-00002-X,"בבא סאלי 2, דימונה",דימונה,בבא סאלי,2,,8601002,street,203011.54,552145.06,693897.69,3438067.09
001027-077659-00003-X,"בבא סאלי 3, דימונה",דימונה,בבא סאלי,3,,8601003,exact,202492.35,552132.7,693378.82,3438044.42
001027-077659-00005-X,"בבא סאלי 5, דימונה",דימונה,בבא סאלי,5,,8601005,exact,202502.13,552119.72,693388.86,3438031.63
001027-077659-00006-X,"בבא סאלי 6, דימונה",דימונה,בבא סאלי,6,,8601006,street,203011.54,552145.06,693897.69,3438067.09
001027-077659-00007-X,"בבא סאלי 7, דימונה",דימונה,בבא סאלי,7,,8601007,exact,202512.68,552117.2,693399.45,3438029.32
001027-077659-00008-X,"בבא סאלי 8, דימונה",דימונה,בבא סאלי,8,,8601008,street,203011.54,552145.06,693897.69,3438067.09
001027-077659-00009-X,"בבא סאלי 9, דימונה",דימונה,בבא סאלי,9,,8601009,exact,202536.63,552101.78,693423.71,3438014.37
001027-077659-00011-X,"בבא סאלי 11, דימונה",דימונה,בבא סאלי,11,,8601011,exact,202546.68,552101.09,693433.78,3438013.89
001027-077659-00012-X,"בבא סאלי 12, דימונה",דימונה,בבא סאלי,12,,8601012,exact,202596.58,552009.73,693485.48,3437923.53
001027-077659-00013-X,"בבא סאלי 13, דימונה",דימונה,בבא סאלי,13,,8601013,exact,202558.05,552088.39,693445.39,3438001.42
001027-077659-00014-X,"בבא סאלי 14, דימונה",דימונה,בבא סאלי,14,,8601014,exact,202619.28,552016.4,693508.04,3437930.65
001027-077659-00016-X,"בבא סאלי 16, דימונה",דימונה,בבא סאלי,16,,8601016,street,203011.54,552145.06,693897.69,3438067.09
001027-077659-00017-X,"בבא סאלי 17, דימונה",דימונה,בבא סאלי,17,,8601017,exact,202580.03,552080.83,693467.52,3437994.29
001027-077659-00018-X,"בבא סאלי 18, דימונה",דימונה,בבא סאלי,18,,8601018,exact,202635.34,552017.75,693524.07,3437932.33
001027-077659-00019-X,"בבא סאלי 19, דימונה",דימונה,בבא סאלי,19,,8601019,exact,202593.89,552080.89,693481.38,3437994.63
001027-077659-00020-X,"בבא סאלי 20, דימונה",דימונה,בבא סאלי,20,,8601020,exact,202644.45,552019.41,693533.15,3437934.16
001027-077659-00021-X,"בבא סאלי 21, דימונה",דימונה,בבא סאלי,21,,8601021,exact,202607.41,552066.47,693495.18,3437980.48
001027-077659-00022-X,"בבא סאלי 22, דימונה",דימונה,בבא סאלי,22,,8601022,exact,202658.99,552021.48,693547.64,3437936.52
001027-077659-00023-X,"בבא סאלי 23, דימונה",דימונה,בבא סאלי,23,,8601023,exact,202642.11,552090.99,693529.38,3438005.68
001027-077659-00024-X,"בבא סאלי 24, דימונה",דימונה,בבא סאלי,24,,8601024,exact,202666.47,552023.88,693555.08,3437939.07
001027-077659-00025-X,"בבא סאלי 25, דימונה",דימונה,בבא סאלי,25,,8601025,exact,202650.87,552084.22,693538.29,3437999.09
001027-077659-00026-X,"בבא סאלי 26, דימונה",דימונה,בבא סאלי,26,,8601026,exact,202684.18,552024.78,693572.76,3437940.32
001027-077659-00027-X,"בבא סאלי 27, דימונה",דימונה,בבא סאלי,27,,8601027,exact,202664.9,552083.01,693552.33,3437998.16
001027-077659-00028-X,"בבא סאלי 28, דימונה",דימונה,בבא סאלי,28,,8601028,exact,202695.17,552029.68,693583.66,3437945.44
001027-077659-00029-X,"בבא סאלי 29, דימונה",דימונה,בבא סאלי,29,,8601029,exact,202675.94,552084.54,693563.34,3437999.9
001027-077659-00030-X,"בבא סאלי 30, דימונה",דימונה,בבא סאלי,30,,8601030,exact,202715.85,552028.59,693604.35,3437944.75
001027-077659-00031-X,"בבא סאלי 31, דימונה",דימונה,בבא סאלי,31,,8601031,exact,202696.85,552077.11,693584.39,3437992.89
001027-077659-00032-X,"בבא סאלי 32, דימונה",דימונה,בבא סאלי,32,,8601032,exact,202718.97,552025.53,693607.53,3437941.76
001027-077659-00033-X,"בבא סאלי 33, דימונה",דימונה,בבא סאלי,33,,8601033,exact,202701.3,552080.26,693588.78,3437996.13
001027-077659-00034-X,"בבא סאלי 34, דימונה",דימונה,בבא סאלי,34,,8601034,exact,202734.25,552025.83,693622.81,3437942.36
001027-077659-00035-X,"בבא סאלי 35, דימונה",דימונה,בבא סאלי,35,,8601035,exact,202711.95,552069.38,693599.65,3437985.47
001027-077659-00037-X,"בבא סאלי 37, דימונה",דימונה,בבא סאלי,37,,8601037,exact,202721.79,552060.11,693609.67,3437976.4
001027-077659-00038-X,"בבא סאלי 38, דימונה",דימונה,בבא סאלי,38,,8601038,exact,202759.72,552018.42,693648.43,3437935.46
001027-077659-00039-X,"בבא סאלי 39, דימונה",דימונה,בבא סאלי,39,,8601039,exact,202748.07,552070.75,693635.74,3437987.55
001027-077659-00041-X,"בבא סאלי 41, דימונה",דימונה,בבא סאלי,41,,8601041,exact,202759.19,552073.65,693646.8,3437990.67
001027-077659-00043-X,"בבא סאלי 43, דימונה",דימונה,בבא סאלי,43,,8601042,exact,202774.59,552070.99,693662.25,3437988.31
001027-077659-00045-X,"בבא סאלי 45, דימונה",דימונה,בבא סאלי,45,,8601043,exact,202783.85,552059.99,693671.73,3437977.5
001027-077659-00063-X,"בבא סאלי 63, דימונה",דימונה,בבא סאלי,63,,8601702,street,203011.54,552145.06,693897.69,3438067.09
001027-077659-00064-X,"בבא סאלי 64, דימונה",דימונה,בבא סאלי,64,,8601703,exact,203010.54,552114.37,693897.3,3438036.38
001027-077659-00064-א,"בבא סאלי 64א, דימונה",דימונה,בבא סאלי,64,א,8601704,exact,203010.54,552114.37,693897.3,3438036.38
001027-077659-00064-ב,"בבא סאלי 64ב, דימונה",דימונה,בבא סאלי,64,ב,8601705,exact,203010.54,552114.37,693897.3,3438036.38
001027-077659-00065-X,"בבא סאלי 65, דימונה",דימונה,בבא סאלי,65,,8601706,exact,203041.68,552127.58,693928.18,3438050.2
001027-077659-00065-א,"בבא סאלי 65א, דימונה",דימונה,בבא סאלי,65,א,8601707,exact,203041.68,552127.58,693928.18,3438050.2
001027-077659-00065-ב,"בבא סאלי 65ב, דימונה",דימונה,בבא סאלי,65,ב,8601708,exact,203041.68,552127.58,693928.18,3438050.2
001027-077659-00066-X,"בבא סאלי 66, דימונה",דימונה,בבא סאלי,66,,8601709,exact,203079.51,552142.89,693965.69,3438066.26
001027-077659-00066-א,"בבא סאלי 66א, דימונה",דימונה,בבא סאלי,66,א,8601710,exact,203079.51,552142.89,693965.69,3438066.26
001027-077659-00067-X,"בבא סאלי 67, דימונה",דימונה,בבא סאלי,67,,8601712,street,203011.54,552145.06,693897.69,3438067.09
001027-077659-00068-X,"בבא סאלי 68, דימונה",דימונה,בבא סאלי,68,,8601713,exact,203131.5,552183.06,694016.88,3438107.45
001027-077659-00068-א,"בבא סאלי 68א, דימונה",דימונה,בבא סאלי,68,א,8601714,exact,203131.5,552183.06,694016.88,3438107.45
001027-077659-00069-X,"בבא סאלי 69, דימונה",דימונה,בבא סאלי,69,,8601716,exact,203176.8,552200.25,694061.83,3438125.55
001027-077659-00069-א,"בבא סאלי 69א, דימונה",דימונה,בבא סאלי,69,א,8601717,exact,203176.8,552200.25,694061.83,3438125.55
001027-077659-00069-ב,"בבא סאלי 69ב, דימונה",דימונה,בבא סאלי,69,ב,8601718,exact,203176.8,552200.25,694061.83,3438125.55
001027-077659-00070-X,"בבא סאלי 70, דימונה",דימונה,בבא סאלי,70,,8601719,exact,203208.81,552212.8,694093.59,3438138.72
001027-077659-00071-X,"בבא סאלי 71, דימונה",דימונה,בבא סאלי,71,,8601723,exact,203275.86,552229.62,694160.29,3438156.88
001027-077659-00071-א,"בבא סאלי 71א, דימונה",דימונה,בבא סאלי,71,א,8601724,exact,203275.86,552229.62,694160.29,3438156.88
001027-077659-00071-ב,"בבא סאלי 71ב, דימונה",דימונה,בבא סאלי,71,ב,8601725,exact,203275.86,552229.62,694160.29,3438156.88
001027-077659-00071-ג,"בבא סאלי 71ג, דימונה",דימונה,בבא סאלי,71,ג,8601726,exact,203275.86,552229.62,694160.29,3438156.88
001027-077659-00072-X,"בבא סאלי 72, דימונה",דימונה,בבא סאלי,72,,8601727,exact,203013.14,552117.26,693899.84,3438039.32
001027-077659-00072-ב,"בבא סאלי 72ב, דימונה",דימונה,בבא סאלי,72,ב,8601729,exact,203013.14,552117.26,693899.84,3438039.32
001027-077659-00072-ג,"בבא סאלי 72ג, דימונה",דימונה,בבא סאלי,72,ג,8601730,exact,203013.14,552117.26,693899.84,3438039.32
001027-077659-00073-א,"בבא סאלי 73א, דימונה",דימונה,בבא סאלי,73,א,8601732,exact,203062.79,552214.17,693947.56,3438137.2
001027-077659-00074-X,"בבא סאלי 74, דימונה",דימונה,בבא סאלי,74,,8601734,exact,203045.78,552129.56,693932.23,3438052.26
001027-077659-00074-א,"בבא סאלי 74א, דימונה",דימונה,בבא סאלי,74,א,8601735,exact,203045.78,552129.56,693932.23,3438052.26
001027-077659-00074-ב,"בבא סאלי 74ב, דימונה",דימונה,בבא סאלי,74,ב,8601736,exact,203045.78,552129.56,693932.23,3438052.26
001027-077659-00075-X,"בבא סאלי 75, דימונה",דימונה,בבא סאלי,75,,8601737,exact,203068.47,552209.05,693953.34,3438132.2
001027-077659-00075-א,"בבא סאלי 75א, דימונה",דימונה,בבא סאלי,75,א,8601738,exact,203068.47,552209.05,693953.34,3438132.2
001027-077659-00076-X,"בבא סאלי 76, דימונה",דימונה,בבא סאלי,76,,8601740,exact,203054.91,552133.94,693941.27,3438056.82
001027-077659-00076-ב,"בבא סאלי 76ב, דימונה",דימונה,בבא סאלי,76,ב,8601742,exact,203054.91,552133.94,693941.27,3438056.82
001027-077659-00077-X,"בבא סאלי 77, דימונה",דימונה,בבא סאלי,77,,8601744,exact,203155.18,552239.97,694039.42,3438164.83
001027-077659-00077-א,"בבא סאלי 77א, דימונה",דימונה,בבא סאלי,77,א,8601745,exact,203155.18,552239.97,694039.42,3438164.83
001027-077659-00077-ב,"בבא סאלי 77ב, דימונה",דימונה,בבא סאלי,77,ב,8601746,exact,203155.18,552239.97,694039.42,3438164.83
001027-077659-00077-ג,"בבא סאלי 77ג, דימונה",דימונה,בבא סאלי,77,ג,8601747,exact,203155.18,552239.97,694039.42,3438164.83
001027-077659-00078-X,"בבא סאלי 78, דימונה",דימונה,בבא סאלי,78,,8601748,exact,203070.61,552139.49,693956.86,3438062.68
001027-077659-00078-א,"בבא סאלי 78א, דימונה",דימונה,בבא סאלי,78,א,8601749,exact,203070.61,552139.49,693956.86,3438062.68
001027-077659-00078-ב,"בבא סאלי 78ב, דימונה",דימונה,בבא סאלי,78,ב,8601750,exact,203070.61,552139.49,693956.86,3438062.68
001027-077659-00078-ג,"בבא סאלי 78ג, דימונה",דימונה,בבא סאלי,78,ג,8601751,exact,203070.61,552139.49,693956.86,3438062.68
001027-077659-00079-X,"בבא סאלי 79, דימונה",דימונה,בבא סאלי,79,,8601752,exact,203292.62,552274.07,694176.16,3438201.65
001027-077659-00079-ב,"בבא סאלי 79ב, דימונה",דימונה,בבא סאלי,79,ב,8601754,exact,203292.62,552274.07,694176.16,3438201.65
001027-077659-00080-X,"בבא סאלי 80, דימונה",דימונה,בבא סאלי,80,,8601756,exact,203083.79,552144.07,693969.95,3438067.52
001027-077659-00082-X,"בבא סאלי 82, דימונה",דימונה,בבא סאלי,82,,8601757,exact,203109.29,552176.21,693994.8,3438100.17
001027-077659-00084-X,"בבא סאלי 84, דימונה",דימונה,בבא סאלי,84,,8601758,exact,203130.18,552184.8,694015.53,3438109.17
001027-077659-00086-X,"בבא סאלי 86, דימונה",דימונה,בבא סאלי,86,,8601759,exact,203143.85,552189.54,694029.09,3438114.18
001027-077659-00087-X,"בבא סאלי 87, דימונה",דימונה,בבא סאלי,87,,8601901,exact,203176.99,552236.77,694061.3,3438162.06
001027-077659-00088-X,"בבא סאלי 88, דימונה",דימונה,בבא סאלי,88,,8601902,exact,203168.14,552197.87,694053.22,3438122.99
001027-077659-00089-X,"בבא סאלי 89, דימונה",דימונה,בבא סאלי,89,,8601903,exact,203225.14,552252.77,694109.12,3438179.02
001027-077659-00090-X,"בבא סאלי 90, דימונה",דימונה,בבא סאלי,90,,8601904,exact,203182.05,552204.43,694066.99,3438129.83
001027-077659-00091-X,"בבא סאלי 91, דימונה",דימונה,בבא סאלי,91,,8601905,exact,203242.57,552256.67,694126.47,3438183.26
001027-077659-00094-X,"בבא סאלי 94, דימונה",דימונה,בבא סאלי,94,,8601907,exact,203215.65,552216.38,694100.36,3438142.44
001027-077659-00098-X,"בבא סאלי 98, דימונה",דימונה,בבא סאלי,98,,8601909,exact,203251.26,552223.68,694135.81,3438150.45
001027-077659-00100-X,"בבא סאלי 100, דימונה",דימונה,בבא סאלי,100,,8601910,exact,203266.34,552228.63,694150.79,3438155.7
001027-077659-00102-X,"בבא סאלי 102, דימונה",דימונה,בבא סאלי,102,,8601911,exact,203280.51,552233.36,694164.87,3438160.71
001027-077659-00104-X,"בבא סאלי 104, דימונה",דימונה,בבא סאלי,104,,8601912,exact,203326.99,552249.01,694211.03,3438177.28
001027-077659-00105-X,"בבא סאלי 105, דימונה",דימונה,בבא סאלי,105,,8603001,street,203011.54,552145.06,693897.69,3438067.09
001027-077659-00106-X,"בבא סאלי 106, דימונה",דימונה,בבא סאלי,106,,8601913,exact,203342.86,552251.85,694226.84,3438180.43
001027-077659-00110-X,"בבא סאלי 110, דימונה",דימונה,בבא סאלי,110,,8601915,exact,203373.33,552269.96,694256.95,3438199.15
001027-077659-00112-X,"בבא סאלי 112, דימונה",דימונה,בבא סאלי,112,,8601916,exact,203389.78,552274.68,694273.31,3438204.19
001027-077659-00114-X,"בבא סאלי 114, דימונה",דימונה,בבא סאלי,114,,8601917,exact,203407.87,552280.67,694291.27,3438210.54
001027-077659-00127-X,"בבא סאלי 127, דימונה",דימונה,בבא סאלי,127,,8601760,exact,203431.85,552375.85,694313.36,3438306.18
001027-077659-00129-X,"בבא סאלי 129, דימונה",דימונה,בבא סאלי,129,,8601761,exact,203433.77,552388.23,694315.03,3438318.6
001027-077659-00141-X,"בבא סאלי 141, דימונה",דימונה,בבא סאלי,141,,8601762,street,203011.54,552145.06,693897.69,3438067.09
001027-077659-00142-X,"בבא סאלי 142, דימונה",דימונה,בבא סאלי,142,,8601763,street,203011.54,552145.06,693897.69,3438067.09
001027-077853-00000-X,"?, דימונה",דימונה,?,,,8601400,none,,,,
001027-077853-00001-X,"? 1, דימונה",דימונה,?,1,,8601401,none,,,,
001027-077853-00002-X,"? 2, דימונה",דימונה,?,2,,8601601,none,,,,
001027-077853-00003-X,"? 3, דימונה",דימונה,?,3,,8601402,none,,,,
001027-077853-00004-X,"? 4, דימונה",דימונה,?,4,,8601602,none,,,,
001027-077853-00005-X,"? 5, דימונה",דימונה,?,5,,8601403,none,,,,
001027-077853-00006-X,"? 6, דימונה",דימונה,?,6,,8601603,none,,,,
001027-077853-00007-X,"? 7, דימונה",דימונה,?,7,,8601404,none,,,,
001027-077853-00008-X,"? 8, דימונה",דימונה,?,8,,8601604,none,,,,
001027-077853-00009-X,"? 9, דימונה",דימונה,?,9,,8601405,none,,,,
001027-077853-00011-X,"? 11, דימונה",דימונה,?,11,,8601406,none,,,,
001027-077853-00012-X,"? 12, דימונה",דימונה,?,12,,8601606,none,,,,
001027-077853-00014-X,"? 14, דימונה",דימונה,?,14,,8601607,none,,,,
001027-077853-00015-X,"? 15, דימונה",דימונה,?,15,,8601408,none,,,,
001027-077853-00016-X,"? 16, דימונה",דימונה,?,16,,8601608,none,,,,
001027-077853-00017-X,"? 17, דימונה",דימונה,?,17,,8601409,none,,,,
001027-077853-00018-X,"? 18, דימונה",דימונה,?,18,,8601609,none,,,,
001027-077853-00020-X,"? 20, דימונה",דימונה,?,20,,8601610,none,,,,
001027-077853-00022-X,"? 22, דימונה",דימונה,?,22,,8601611,none,,,,
001027-077853-00024-X,"? 24, דימונה",דימונה,?,24,,8601612,none,,,,
001027-077853-00026-X,"? 26, דימונה",דימונה,?,26,,8601613,none,,,,
001027-077853-00028-X,"? 28, דימונה",דימונה,?,28,,8601614,none,,,,
001027-077853-00030-X,"? 30, דימונה",דימונה,?,30,,8601615,none,,,,
001027-077853-00032-X,"? 32, דימונה",דימונה,?,32,,8601616,none,,,,
001027-077853-00034-X,"? 34, דימונה",דימונה,?,34,,8601617,none,,,,
001027-077853-00075-X,"? 75, דימונה",דימונה,?,75,,8601412,none,,,,
001027-078072-00000-X,"קדש, דימונה",דימונה,קדש,,,8601600,street,202704.82,551950.21,693594.88,3437866.17
001027-078072-00023-X,"קדש 23, דימונה",דימונה,קדש,23,,8601618,exact,202722.48,551920.69,693613.12,3437837.01
001027-078072-00025-X,"קדש 25, דימונה",דימונה,קדש,25,,8601620,exact,202713.18,551918.63,693603.87,3437834.76
001027-078072-00029-X,"קדש 29, דימונה",דימונה,קדש,29,,8601622,exact,202686.22,551910.62,693577.07,3437826.22
001027-078072-00047-X,"קדש 47, דימונה",דימונה,קדש,47,,8601624,street,202704.82,551950.21,693594.88,3437866.17
001027-078072-00048-X,"קדש 48, דימונה",דימונה,קדש,48,,8601625,street,202704.82,551950.21,693594.88,3437866.17
001027-078072-00049-X,"קדש 49, דימונה",דימונה,קדש,49,,8601626,street,202704.82,551950.21,693594.88,3437866.17
001027-078072-00050-X,"קדש 50, דימונה",דימונה,קדש,50,,8601627,street,202704.82,551950.21,693594.88,3437866.17
001027-078072-00052-X,"קדש 52, דימונה",דימונה,קדש,52,,8601629,street,202704.82,551950.21,693594.88,3437866.17
001027-078072-00053-X,"קדש 53, דימונה",דימונה,קדש,53,,8601630,street,202704.82,551950.21,693594.88,3437866.17
001027-078072-00054-X,"קדש 54, דימונה",דימונה,קדש,54,,8601631,street,202704.82,551950.21,693594.88,3437866.17
001027-078072-00055-X,"קדש 55, דימונה",דימונה,קדש,55,,8601632,street,202704.82,551950.21,693594.88,3437866.17
001027-078072-00056-X,"קדש 56, דימונה",דימונה,קדש,56,,8601633,street,202704.82,551950.21,693594.88,3437866.17
001027-078072-00057-X,"קדש 57, דימונה",דימונה,קדש,57,,8601634,street,202704.82,551950.21,693594.88,3437866.17
001027-078072-00058-X,"קדש 58, דימונה",דימונה,קדש,58,,8601635,street,202704.82,551950.21,693594.88,3437866.17
001027-078072-00059-X,"קדש 59, דימונה",דימונה,קדש,59,,8601636,street,202704.82,551950.21,693594.88,3437866.17
001027-078072-00065-X,"קדש 65, דימונה",דימונה,קדש,65,,8601638,street,202704.82,551950.21,693594.88,3437866.17
001027-078072-00066-X,"קדש 66, דימונה",דימונה,קדש,66,,8601639,street,202704.82,551950.21,693594.88,3437866.17
001027-078072-00067-X,"קדש 67, דימונה",דימונה,קדש,67,,8601640,street,202704.82,551950.21,693594.88,3437866.17
001027-078072-00068-X,"קדש 68, דימונה",דימונה,קדש,68,,8601641,street,202704.82,551950.21,693594.88,3437866.17
001027-078072-00069-X,"קדש 69, דימונה",דימונה,קדש,69,,8601642,street,202704.82,551950.21,693594.88,3437866.17
001027-078072-00071-X,"קדש 71, דימונה",דימונה,קדש,71,,8601644,street,202704.82,551950.21,693594.88,3437866.17
001027-078072-00072-X,"קדש 72, דימונה",דימונה,קדש,72,,8601645,street,202704.82,551950.21,693594.88,3437866.17
001027-078072-00074-X,"קדש 74, דימונה",דימונה,קדש,74,,8601647,street,202704.82,551950.21,693594.88,3437866.17
001027-078072-00129-X,"קדש 129, דימונה",דימונה,קדש,129,,8601650,street,202704.82,551950.21,693594.88,3437866.17
001027-078222-00135-X,"ניצנה 135, דימונה",דימונה,ניצנה,135,,8601332,street,202958.16,552147.39,693844.27,3438068.35
001027-078222-00136-X,"ניצנה 136, דימונה",דימונה,ניצנה,136,,8601333,street,202958.16,552147.39,693844.27,3438068.35
001027-078222-00137-X,"ניצנה 137, דימונה",דימונה,ניצנה,137,,8601334,street,202958.16,552147.39,693844.27,3438068.35
001027-078222-00138-X,"ניצנה 138, דימונה",דימונה,ניצנה,138,,8601335,street,202958.16,552147.39,693844.27,3438068.35
001027-078222-00140-X,"ניצנה 140, דימונה",דימונה,ניצנה,140,,8601337,street,202958.16,552147.39,693844.27,3438068.35
001027-078222-00141-X,"ניצנה 141, דימונה",דימונה,ניצנה,141,,8601338,street,202958.16,552147.39,693844.27,3438068.35
001027-078222-00142-X,"ניצנה 142, דימונה",דימונה,ניצנה,142,,8601339,street,202958.16,552147.39,693844.27,3438068.35
001027-079388-00001-X,"עבדת 1, דימונה",דימונה,עבדת,1,,8604801,exact,203757.32,552675.22,694632.84,3438611.98
001027-079388-00004-X,"עבדת 4, דימונה",דימונה,עבדת,4,,8604804,exact,203788.94,552675.14,694664.45,3438612.52
001027-079388-00005-X,"עבדת 5, דימונה",דימונה,עבדת,5,,8604805,exact,203761.04,552695.66,694636.15,3438632.48
001027-079388-00006-X,"עבדת 6, דימונה",דימונה,עבדת,6,,8604806,exact,203792.15,552689.49,694667.37,3438626.93
001027-079388-00008-X,"עבדת 8, דימונה",דימונה,עבדת,8,,8604808,exact,203796.06,552695.72,694671.16,3438633.24
001027-079388-00009-X,"עבדת 9, דימונה",דימונה,עבדת,9,,8604809,exact,203766.8,552716.73,694641.49,3438653.67
001027-079388-00010-X,"עבדת 10, דימונה",דימונה,עבדת,10,,8604810,exact,203800.92,552708.71,694675.76,3438646.32
001027-079388-00012-X,"עבדת 12, דימונה",דימונה,עבדת,12,,8604812,exact,203803.87,552717.24,694678.54,3438654.91
001027-079388-00014-X,"עבדת 14, דימונה",דימונה,עבדת,14,,8604814,street,203895.26,552713.03,694770,3438652.52
001027-079388-00015-X,"עבדת 15, דימונה",דימונה,עבדת,15,,8604815,exact,203778.46,552751.57,694652.45,3438688.73
001027-079388-00016-X,"עבדת 16, דימונה",דימונה,עבדת,16,,8604816,exact,203890.13,552702.24,694765.09,3438641.63
001027-079388-00019-X,"עבדת 19, דימונה",דימונה,עבדת,19,,8604819,exact,203780.01,552770.71,694653.63,3438707.9
001027-079388-00020-X,"עבדת 20, דימונה",דימונה,עבדת,20,,8604820,exact,203942.81,552679.34,694818.21,3438619.77
001027-079388-00021-X,"עבדת 21, דימונה",דימונה,עבדת,21,,8604821,exact,203802.25,552763.96,694676,3438701.59
001027-079388-00023-X,"עבדת 23, דימונה",דימונה,עבדת,23,,8604823,exact,203808.34,552757.26,694682.21,3438695.01
001027-079388-00024-X,"עבדת 24, דימונה",דימונה,עבדת,24,,8604824,exact,203968.85,552669.71,694844.44,3438610.66
001027-079388-00025-X,"עבדת 25, דימונה",דימונה,עבדת,25,,8604825,exact,203823.93,552752.52,694697.9,3438690.59
001027-079388-00027-X,"עבדת 27, דימונה",דימונה,עבדת,27,,8604827,exact,203830,552753.53,694703.95,3438691.72
001027-079388-00029-X,"עבדת 29, דימונה",דימונה,עבדת,29,,8604829,exact,203847.88,552749.63,694721.9,3438688.17
001027-079388-00030-X,"עבדת 30, דימונה",דימונה,עבדת,30,,8604830,exact,203998.58,552660.29,694874.35,3438601.84
001027-079388-00031-X,"עבדת 31, דימונה",דימונה,עבדת,31,,8604831,exact,203852.48,552743.89,694726.62,3438682.52
001027-079388-00033-X,"עבדת 33, דימונה",דימונה,עבדת,33,,8604832,exact,203872.61,552743.5,694746.75,3438682.54
001027-079388-00035-X,"עבדת 35, דימונה",דימונה,עבדת,35,,8604833,exact,203880.47,552736.88,694754.74,3438676.07
001027-079388-00037-X,"עבדת 37, דימונה",דימונה,עבדת,37,,8604834,exact,203893.67,552733.13,694768.02,3438672.58
001027-079388-00039-X,"עבדת 39, דימונה",דימונה,עבדת,39,,8604835,exact,203901.81,552730.66,694776.2,3438670.28
001027-079388-00041-X,"עבדת 41, דימונה",דימונה,עבדת,41,,8604836,exact,203922.85,552726.28,694797.33,3438666.31
001027-079388-00043-X,"עבדת 43, דימונה",דימונה,עבדת,43,,8604837,exact,203926.34,552723.44,694800.87,3438663.54
001027-079388-00045-X,"עבדת 45, דימונה",דימונה,עבדת,45,,8604838,exact,203948.29,552716.46,694822.96,3438657
001027-079388-00047-X,"עבדת 47, דימונה",דימונה,עבדת,47,,8604839,exact,203950.83,552712.59,694825.57,3438653.18
001027-079388-00051-X,"עבדת 51, דימונה",דימונה,עבדת,51,,8604841,exact,203975.07,552708.9,694849.88,3438649.97
001027-079388-00053-X,"עבדת 53, דימונה",דימונה,עבדת,53,,8604842,exact,203990.82,552708.03,694865.64,3438649.42
001027-079388-00055-X,"עבדת 55, דימונה",דימונה,עבדת,55,,8604843,exact,203994.85,552701.86,694869.8,3438643.33
001027-079550-00008-X,"האורן 8, דימונה",דימונה,האורן,8,,8602902,exact,202794.89,552778.88,693668.49,3438696.51
001027-079550-00012-X,"האורן 12, דימונה",דימונה,האורן,12,,8602904,exact,202769.43,552781.25,693642.99,3438698.37
001027-079550-00039-X,"האורן 39, דימונה",דימונה,האורן,39,,8602906,street,202691.77,552731.07,693566.33,3438646.65
001027-079550-00039-א,"האורן 39א, דימונה",דימונה,האורן,39,א,8602907,street,202691.77,552731.07,693566.33,3438646.65
001027-079550-00039-ב,"האורן 39ב, דימונה",דימונה,האורן,39,ב,8602908,street,202691.77,552731.07,693566.33,3438646.65
001027-079550-00039-ג,"האורן 39ג, דימונה",דימונה,האורן,39,ג,8602909,street,202691.77,552731.07,693566.33,3438646.65
001027-079550-00039-ד,"האורן 39ד, דימונה",דימונה,האורן,39,ד,8602910,street,202691.77,552731.07,693566.33,3438646.65
001027-079550-00040-X,"האורן 40, דימונה",דימונה,האורן,40,,8602911,street,202691.77,552731.07,693566.33,3438646.65
001027-079550-00040-א,"האורן 40א, דימונה",דימונה,האורן,40,א,8602912,street,202691.77,552731.07,693566.33,3438646.65
001027-079550-00040-ג,"האורן 40ג, דימונה",דימונה,האורן,40,ג,8602914,street,202691.77,552731.07,693566.33,3438646.65
001027-079550-00042-X,"האורן 42, דימונה",דימונה,האורן,42,,8602915,street,202691.77,552731.07,693566.33,3438646.65
001027-079550-00042-א,"האורן 42א, דימונה",דימונה,האורן,42,א,8602916,street,202691.77,552731.07,693566.33,3438646.65
001027-079550-00042-ב,"האורן 42ב, דימונה",דימונה,האורן,42,ב,8602917,street,202691.77,552731.07,693566.33,3438646.65
001027-079550-00536-X,"האורן 536, דימונה",דימונה,האורן,536,,8602919,street,202691.77,552731.07,693566.33,3438646.65
001027-079550-00537-X,"האורן 537, דימונה",דימונה,האורן,537,,8602920,street,202691.77,552731.07,693566.33,3438646.65
001027-079550-00540-X,"האורן 540, דימונה",דימונה,האורן,540,,8602923,street,202691.77,552731.07,693566.33,3438646.65
001027-079550-00542-X,"האורן 542, דימונה",דימונה,האורן,542,,8602925,street,202691.77,552731.07,693566.33,3438646.65
001027-079550-00545-X,"האורן 545, דימונה",דימונה,האורן,545,,8602926,street,202691.77,552731.07,693566.33,3438646.65
001027-079550-00546-X,"האורן 546, דימונה",דימונה,האורן,546,,8602927,street,202691.77,552731.07,693566.33,3438646.65
001027-079550-00547-X,"האורן 547, דימונה",דימונה,האורן,547,,8602928,street,202691.77,552731.07,693566.33,3438646.65
001027-079550-00548-X,"האורן 548, דימונה",דימונה,האורן,548,,8602929,street,202691.77,552731.07,693566.33,3438646.65
001027-079550-00549-X,"האורן 549, דימונה",דימונה,האורן,549,,8602930,street,202691.77,552731.07,693566.33,3438646.65
001027-079550-00550-X,"האורן 550, דימונה",דימונה,האורן,550,,8602931,street,202691.77,552731.07,693566.33,3438646.65
001027-079550-00551-X,"האורן 551, דימונה",דימונה,האורן,551,,8602932,street,202691.77,552731.07,693566.33,3438646.65
001027-079944-01086-א,"? 1086א, דימונה",דימונה,?,1086,א,8602202,none,,,,
001027-079944-01086-ב,"? 1086ב, דימונה",דימונה,?,1086,ב,8602203,none,,,,
001027-079944-01086-ג,"? 1086ג, דימונה",דימונה,?,1086,ג,8602204,none,,,,
001027-079944-01086-ד,"? 1086ד, דימונה",דימונה,?,1086,ד,8602205,none,,,,
001027-079944-01086-ה,"? 1086ה, דימונה",דימונה,?,1086,ה,8602206,none,,,,
001027-079944-01086-ו,"? 1086ו, דימונה",דימונה,?,1086,ו,8602207,none,,,,
001027-079944-01086-ח,"? 1086ח, דימונה",דימונה,?,1086,ח,8602209,none,,,,
001027-079944-01086-ט,"? 1086ט, דימונה",דימונה,?,1086,ט,8602210,none,,,,
001027-079944-01087-א,"? 1087א, דימונה",דימונה,?,1087,א,8602212,none,,,,
001027-079944-01087-ב,"? 1087ב, דימונה",דימונה,?,1087,ב,8602213,none,,,,
001027-079944-01087-ג,"? 1087ג, דימונה",דימונה,?,1087,ג,8602214,none,,,,
001027-079944-01088-ב,"? 1088ב, דימונה",דימונה,?,1088,ב,8602218,none,,,,
001027-079944-01088-ג,"? 1088ג, דימונה",דימונה,?,1088,ג,8602219,none,,,,
001027-079944-01088-ד,"? 1088ד, דימונה",דימונה,?,1088,ד,8602220,none,,,,
001027-079944-01089-X,"? 1089, דימונה",דימונה,?,1089,,8602221,none,,,,
001027-079944-01089-א,"? 1089א, דימונה",דימונה,?,1089,א,8602222,none,,,,
001027-079944-01089-ב,"? 1089ב, דימונה",דימונה,?,1089,ב,8602223,none,,,,
001027-079944-01089-ד,"? 1089ד, דימונה",דימונה,?,1089,ד,8602225,none,,,,
001027-079944-01089-ה,"? 1089ה, דימונה",דימונה,?,1089,ה,8602226,none,,,,
001027-079944-01090-X,"? 1090, דימונה",דימונה,?,1090,,8602227,none,,,,
001027-079944-01090-א,"? 1090א, דימונה",דימונה,?,1090,א,8602228,none,,,,
001027-079944-01090-ב,"? 1090ב, דימונה",דימונה,?,1090,ב,8602229,none,,,,
001027-079944-01090-ג,"? 1090ג, דימונה",דימונה,?,1090,ג,8602230,none,,,,
001027-079944-01090-ד,"? 1090ד, דימונה",דימונה,?,1090,ד,8602231,none,,,,
001027-079944-01090-ה,"? 1090ה, דימונה",דימונה,?,1090,ה,8602232,none,,,,
001027-079944-01090-ו,"? 1090ו, דימונה",דימונה,?,1090,ו,8602233,none,,,,
001027-079944-01090-ז,"? 1090ז, דימונה",דימונה,?,1090,ז,8602234,none,,,,
001027-079944-01090-ח,"? 1090ח, דימונה",דימונה,?,1090,ח,8602235,none,,,,
001027-079944-01090-ט,"? 1090ט, דימונה",דימונה,?,1090,ט,8602236,none,,,,
001027-079944-01091-X,"? 1091, דימונה",דימונה,?,1091,,8602237,none,,,,
001027-079944-01091-א,"? 1091א, דימונה",דימונה,?,1091,א,8602238,none,,,,
001027-079944-01091-ב,"? 1091ב, דימונה",דימונה,?,1091,ב,8602239,none,,,,
001027-079944-01091-ד,"? 1091ד, דימונה",דימונה,?,1091,ד,8602241,none,,,,
001027-079944-01092-X,"? 1092, דימונה",דימונה,?,1092,,8602243,none,,,,
001027-079944-01092-ד,"? 1092ד, דימונה",דימונה,?,1092,ד,8602247,none,,,,
001027-079944-01092-ה,"? 1092ה, דימונה",דימונה,?,1092,ה,8602248,none,,,,
001027-079944-01093-X,"? 1093, דימונה",דימונה,?,1093,,8602249,none,,,,
001027-079944-01093-א,"? 1093א, דימונה",דימונה,?,1093,א,8602250,none,,,,
001027-079944-01093-ב,"? 1093ב, דימונה",דימונה,?,1093,ב,8602251,none,,,,
001027-079944-01093-ג,"? 1093ג, דימונה",דימונה,?,1093,ג,8602252,none,,,,
001027-079944-01093-ד,"? 1093ד, דימונה",דימונה,?,1093,ד,8602253,none,,,,
001027-079944-01093-ה,"? 1093ה, דימונה",דימונה,?,1093,ה,8602254,none,,,,
001027-079944-01094-X,"? 1094, דימונה",דימונה,?,1094,,8602255,none,,,,
001027-079944-01094-א,"? 1094א, דימונה",דימונה,?,1094,א,8602256,none,,,,
001027-079944-01094-ב,"? 1094ב, דימונה",דימונה,?,1094,ב,8602257,none,,,,
001027-079944-01094-ג,"? 1094ג, דימונה",דימונה,?,1094,ג,8602258,none,,,,
001027-079944-01094-ד,"? 1094ד, דימונה",דימונה,?,1094,ד,8602259,none,,,,
001027-079944-01094-ה,"? 1094ה, דימונה",דימונה,?,1094,ה,8602260,none,,,,
001027-079944-01094-ו,"? 1094ו, דימונה",דימונה,?,1094,ו,8602261,none,,,,
001027-079944-01094-ט,"? 1094ט, דימונה",דימונה,?,1094,ט,8602264,none,,,,
001027-079944-01094-י,"? 1094י, דימונה",דימונה,?,1094,י,8602265,none,,,,
001027-079944-01095-א,"? 1095א, דימונה",דימונה,?,1095,א,8602267,none,,,,
001027-079944-01095-ב,"? 1095ב, דימונה",דימונה,?,1095,ב,8602268,none,,,,
001027-079944-01095-ג,"? 1095ג, דימונה",דימונה,?,1095,ג,8602269,none,,,,
001027-079944-01095-ד,"? 1095ד, דימונה",דימונה,?,1095,ד,8602270,none,,,,
001027-079944-01095-ה,"? 1095ה, דימונה",דימונה,?,1095,ה,8602271,none,,,,
001027-079944-01096-X,"? 1096, דימונה",דימונה,?,1096,,8602272,none,,,,
001027-079944-01096-א,"? 1096א, דימונה",דימונה,?,1096,א,8602273,none,,,,
001027-079944-01096-ג,"? 1096ג, דימונה",דימונה,?,1096,ג,8602275,none,,,,
001027-079944-01096-ד,"? 1096ד, דימונה",דימונה,?,1096,ד,8602276,none,,,,
001027-079944-01097-X,"? 1097, דימונה",דימונה,?,1097,,8602277,none,,,,
001027-079944-01097-א,"? 1097א, דימונה",דימונה,?,1097,א,8602278,none,,,,
001027-079944-01097-ב,"? 1097ב, דימונה",דימונה,?,1097,ב,8602279,none,,,,
001027-079944-01097-ג,"? 1097ג, דימונה",דימונה,?,1097,ג,8602280,none,,,,
001027-079944-01097-ד,"? 1097ד, דימונה",דימונה,?,1097,ד,8602281,none,,,,
001027-079944-01098-X,"? 1098, דימונה",דימונה,?,1098,,8602282,none,,,,
001027-079944-01098-א,"? 1098א, דימונה",דימונה,?,1098,א,8602283,none,,,,
001027-079944-01098-ב,"? 1098ב, דימונה",דימונה,?,1098,ב,8602284,none,,,,
001027-079944-01098-ג,"? 1098ג, דימונה",דימונה,?,1098,ג,8602285,none,,,,
001027-079944-01098-ד,"? 1098ד, דימונה",דימונה,?,1098,ד,8602286,none,,,,
001027-079944-01098-ה,"? 1098ה, דימונה",דימונה,?,1098,ה,8602287,none,,,,
001027-079944-01098-ו,"? 1098ו, דימונה",דימונה,?,1098,ו,8602288,none,,,,
001027-079944-01098-ז,"? 1098ז, דימונה",דימונה,?,1098,ז,8602289,none,,,,
001027-079944-01098-ח,"? 1098ח, דימונה",דימונה,?,1098,ח,8602290,none,,,,
001027-079944-01098-ט,"? 1098ט, דימונה",דימונה,?,1098,ט,8602291,none,,,,
001027-079944-01099-א,"? 1099א, דימונה",דימונה,?,1099,א,8602293,none,,,,
001027-079944-01099-ב,"? 1099ב, דימונה",דימונה,?,1099,ב,8602294,none,,,,
001027-079944-01099-ה,"? 1099ה, דימונה",דימונה,?,1099,ה,8602297,none,,,,
001027-079944-01100-X,"? 1100, דימונה",דימונה,?,1100,,8610861,none,,,,
001027-079944-01100-ב,"? 1100ב, דימונה",דימונה,?,1100,ב,8610863,none,,,,
001027-079944-01100-ג,"? 1100ג, דימונה",דימונה,?,1100,ג,8610864,none,,,,
001027-079944-01101-X,"? 1101, דימונה",דימונה,?,1101,,8610866,none,,,,
001027-079944-01101-א,"? 1101א, דימונה",דימונה,?,1101,א,8610867,none,,,,
001027-079944-01101-ד,"? 1101ד, דימונה",דימונה,?,1101,ד,8610870,none,,,,
001027-080572-00004-X,"רחבת האשלג 4, דימונה",דימונה,רחבת האשלג,4,,8602965,exact,202765.37,552675.52,693641.02,3438592.57
001027-080572-00010-X,"רחבת האשלג 10, דימונה",דימונה,רחבת האשלג,10,,8602969,exact,202764.11,552709.74,693639.09,3438626.76
001027-080572-00012-X,"רחבת האשלג 12, דימונה",דימונה,רחבת האשלג,12,,8602970,exact,202766.57,552724.3,693641.25,3438641.37
001027-080572-00013-X,"רחבת האשלג 13, דימונה",דימונה,רחבת האשלג,13,,8602934,exact,202745.62,552638.39,693622.01,3438555.05
001027-080572-00014-X,"רחבת האשלג 14, דימונה",דימונה,רחבת האשלג,14,,8602971,exact,202761.12,552731.59,693635.66,3438648.55
001027-080572-00015-X,"רחבת האשלג 15, דימונה",דימונה,רחבת האשלג,15,,8602935,exact,202728.7,552648.59,693604.89,3438564.92
001027-080572-00017-X,"רחבת האשלג 17, דימונה",דימונה,רחבת האשלג,17,,8602936,exact,202722.56,552651.78,693598.69,3438567.99
001027-080572-00018-X,"רחבת האשלג 18, דימונה",דימונה,רחבת האשלג,18,,8602973,exact,202729.89,552737.54,693604.32,3438653.88
001027-080572-00019-X,"רחבת האשלג 19, דימונה",דימונה,רחבת האשלג,19,,8602937,exact,202722.2,552675.95,693597.86,3438592.14
001027-080572-00021-X,"רחבת האשלג 21, דימונה",דימונה,רחבת האשלג,21,,8602938,exact,202726.36,552684.59,693601.84,3438600.87
001027-080572-00023-X,"רחבת האשלג 23, דימונה",דימונה,רחבת האשלג,23,,8602939,exact,202717.04,552695.54,693592.3,3438611.63
001027-080572-00025-X,"רחבת האשלג 25, דימונה",דימונה,רחבת האשלג,25,,8602940,exact,202720.59,552704.79,693595.67,3438620.95
001027-080572-00027-X,"רחבת האשלג 27, דימונה",דימונה,רחבת האשלג,27,,8602941,exact,202719.72,552720.21,693594.49,3438636.35
001027-080572-00029-X,"רחבת האשלג 29, דימונה",דימונה,רחבת האשלג,29,,8602942,exact,202714.84,552728.71,693589.44,3438644.75
001027-080618-00001-X,"הצאלה 1, דימונה",דימונה,הצאלה,1,,8602521,exact,202982.07,552735.8,693856.5,3438657.15
001027-080618-00003-X,"הצאלה 3, דימונה",דימונה,הצאלה,3,,8602522,exact,202972.92,552734.02,693847.38,3438655.19
001027-080618-00005-X,"הצאלה 5, דימונה",דימונה,הצאלה,5,,8602523,exact,202956.87,552744.78,693831.13,3438665.62
001027-080618-00007-X,"הצאלה 7, דימונה",דימונה,הצאלה,7,,8602524,exact,202947.44,552749.4,693821.6,3438670.06
001027-080618-00011-X,"הצאלה 11, דימונה",דימונה,הצאלה,11,,8602526,exact,202889.85,552762.76,693763.76,3438682.27
001027-080618-00013-X,"הצאלה 13, דימונה",דימונה,הצאלה,13,,8602527,exact,202883.04,552768.32,693756.83,3438687.7
001027-080618-00015-X,"הצאלה 15, דימונה",דימונה,הצאלה,15,,8602528,exact,202871.04,552768.85,693744.82,3438687.99
001027-080618-00017-X,"הצאלה 17, דימונה",דימונה,הצאלה,17,,8602529,exact,202861.54,552774.78,693735.21,3438693.73
001027-080737-00001-X,"רחבת אורון 1, דימונה",דימונה,רחבת אורון,1,,8602298,street,202853.17,552528.89,693731.72,3438447.71
001027-080737-00002-X,"רחבת אורון 2, דימונה",דימונה,רחבת אורון,2,,8602299,street,202853.17,552528.89,693731.72,3438447.71
001027-080737-00004-X,"רחבת אורון 4, דימונה",דימונה,רחבת אורון,4,,8610802,exact,202849.89,552515.99,693728.7,3438434.75
001027-080737-00005-X,"רחבת אורון 5, דימונה",דימונה,רחבת אורון,5,,8610803,exact,202854.48,552555.75,693732.5,3438474.59
001027-080737-00006-X,"רחבת אורון 6, דימונה",דימונה,רחבת אורון,6,,8610804,exact,202863.97,552513.65,693742.82,3438432.69
001027-080737-00007-X,"רחבת אורון 7, דימונה",דימונה,רחבת אורון,7,,8610805,exact,202873.96,552545.66,693752.17,3438464.89
001027-080737-00009-X,"רחבת אורון 9, דימונה",דימונה,רחבת אורון,9,,8610807,exact,202889.36,552553.43,693767.42,3438472.97
001027-080737-00010-X,"רחבת אורון 10, דימונה",דימונה,רחבת אורון,10,,8610808,exact,202893.32,552514.14,693772.16,3438433.76
001027-080737-00011-X,"רחבת אורון 11, דימונה",דימונה,רחבת אורון,11,,8610809,exact,202917.91,552551.25,693796.01,3438471.35
001027-080737-00012-X,"רחבת אורון 12, דימונה",דימונה,רחבת אורון,12,,8610810,exact,202912.29,552521.01,693790.99,3438441.01
001027-080737-00013-X,"רחבת אורון 13, דימונה",דימונה,רחבת אורון,13,,8610811,exact,202929.12,552552.81,693807.18,3438473.13
001027-080737-00014-X,"רחבת אורון 14, דימונה",דימונה,רחבת אורון,14,,8610812,exact,202910.87,552533.93,693789.31,3438453.89
001027-080737-00018-X,"רחבת אורון 18, דימונה",דימונה,רחבת אורון,18,,8610814,street,202853.17,552528.89,693731.72,3438447.71
001027-080737-00020-X,"רחבת אורון 20, דימונה",דימונה,רחבת אורון,20,,8610815,street,202853.17,552528.89,693731.72,3438447.71
001027-080737-00022-X,"רחבת אורון 22, דימונה",דימונה,רחבת אורון,22,,8610816,street,202853.17,552528.89,693731.72,3438447.71
001027-080737-00024-X,"רחבת אורון 24, דימונה",דימונה,רחבת אורון,24,,8610817,street,202853.17,552528.89,693731.72,3438447.71
001027-080737-00026-X,"רחבת אורון 26, דימונה",דימונה,רחבת אורון,26,,8610818,street,202853.17,552528.89,693731.72,3438447.71
001027-080737-00030-X,"רחבת אורון 30, דימונה",דימונה,רחבת אורון,30,,8610820,street,202853.17,552528.89,693731.72,3438447.71
001027-080737-00032-X,"רחבת אורון 32, דימונה",דימונה,רחבת אורון,32,,8610821,street,202853.17,552528.89,693731.72,3438447.71
001027-080737-00034-X,"רחבת אורון 34, דימונה",דימונה,רחבת אורון,34,,8610822,street,202853.17,552528.89,693731.72,3438447.71
001027-080737-00036-X,"רחבת אורון 36, דימונה",דימונה,רחבת אורון,36,,8610823,street,202853.17,552528.89,693731.72,3438447.71
001027-080737-00038-X,"רחבת אורון 38, דימונה",דימונה,רחבת אורון,38,,8610824,street,202853.17,552528.89,693731.72,3438447.71
001027-080737-00040-X,"רחבת אורון 40, דימונה",דימונה,רחבת אורון,40,,8610825,street,202853.17,552528.89,693731.72,3438447.71
001027-080813-00000-X,"קציעות, דימונה",דימונה,קציעות,,,8601800,street,203147.61,552282.5,694031.01,3438207.2
001027-080813-00001-X,"קציעות 1, דימונה",דימונה,קציעות,1,,8601801,street,203147.61,552282.5,694031.01,3438207.2
001027-080813-00002-X,"קציעות 2, דימונה",דימונה,קציעות,2,,8601150,street,203147.61,552282.5,694031.01,3438207.2
001027-080813-00003-X,"קציעות 3, דימונה",דימונה,קציעות,3,,8601802,exact,203191.14,552240.92,694075.36,3438166.49
001027-080813-00004-X,"קציעות 4, דימונה",דימונה,קציעות,4,,8601151,street,203147.61,552282.5,694031.01,3438207.2
001027-080813-00006-X,"קציעות 6, דימונה",דימונה,קציעות,6,,8601152,street,203147.61,552282.5,694031.01,3438207.2
001027-080813-00007-X,"קציעות 7, דימונה",דימונה,קציעות,7,,8601804,exact,203134.53,552234.57,694018.88,3438159.02
001027-080813-00008-X,"קציעות 8, דימונה",דימונה,קציעות,8,,8601153,exact,203172.24,552292.47,694055.44,3438217.66
001027-080813-00012-X,"קציעות 12, דימונה",דימונה,קציעות,12,,8601155,street,203147.61,552282.5,694031.01,3438207.2
001027-080813-00016-X,"קציעות 16, דימונה",דימונה,קציעות,16,,8601157,street,203147.61,552282.5,694031.01,3438207.2
001027-080813-00080-X,"קציעות 80, דימונה",דימונה,קציעות,80,,8601806,street,203147.61,552282.5,694031.01,3438207.2
001027-080813-00080-א,"קציעות 80א, דימונה",דימונה,קציעות,80,א,8601807,street,203147.61,552282.5,694031.01,3438207.2
001027-080813-00080-ב,"קציעות 80ב, דימונה",דימונה,קציעות,80,ב,8601808,street,203147.61,552282.5,694031.01,3438207.2
001027-080813-00080-ג,"קציעות 80ג, דימונה",דימונה,קציעות,80,ג,8601809,street,203147.61,552282.5,694031.01,3438207.2
001027-080813-00081-א,"קציעות 81א, דימונה",דימונה,קציעות,81,א,8601811,street,203147.61,552282.5,694031.01,3438207.2
001027-080813-00081-ב,"קציעות 81ב, דימונה",דימונה,קציעות,81,ב,8601812,street,203147.61,552282.5,694031.01,3438207.2
001027-080813-00081-ג,"קציעות 81ג, דימונה",דימונה,קציעות,81,ג,8601813,street,203147.61,552282.5,694031.01,3438207.2
001027-080850-00000-X,"הרצל, דימונה",דימונה,הרצל,,,8602100,street,202895.25,552939.24,693765.65,3438858.83
001027-080850-00034-X,"הרצל 34, דימונה",דימונה,הרצל,34,,8602134,exact,202958.1,552980.51,693827.67,3438901.34
001027-080850-00035-X,"הרצל 35, דימונה",דימונה,הרצל,35,,8602135,exact,203351.25,552905.42,694222.26,3438834.08
001027-080850-00036-X,"הרצל 36, דימונה",דימונה,הרצל,36,,8602136,exact,202934.61,552980.74,693804.17,3438901.11
001027-080850-00037-X,"הרצל 37, דימונה",דימונה,הרצל,37,,8602137,exact,203337.86,552906.86,694208.84,3438835.25
001027-080850-00040-X,"הרצל 40, דימונה",דימונה,הרצל,40,,8602140,exact,202880.48,552976.4,693750.14,3438895.7
001027-080850-00041-X,"הרצל 41, דימונה",דימונה,הרצל,41,,8602141,exact,203317.47,552925.54,694188.07,3438853.52
001027-080850-00042-X,"הרצל 42, דימונה",דימונה,הרצל,42,,8602142,exact,202838.4,552972.43,693708.15,3438890.89
001027-080850-00049-X,"הרצל 49, דימונה",דימונה,הרצל,49,,8602101,street,202895.25,552939.24,693765.65,3438858.83
001027-080850-00051-X,"הרצל 51, דימונה",דימונה,הרצל,51,,8602102,street,202895.25,552939.24,693765.65,3438858.83
001027-080850-00055-X,"הרצל 55, דימונה",דימונה,הרצל,55,,8602104,exact,202979.81,552910.3,693850.77,3438831.58
001027-080850-00057-X,"הרצל 57, דימונה",דימונה,הרצל,57,,8602105,exact,202966.01,552910.09,693836.98,3438831.09
001027-080850-00059-X,"הרצל 59, דימונה",דימונה,הרצל,59,,8602106,exact,202953.03,552911.12,693823.98,3438831.86
001027-080850-00061-X,"הרצל 61, דימונה",דימונה,הרצל,61,,8602107,exact,202929.34,552907.37,693800.37,3438827.65
001027-080850-00061-א,"הרצל 61א, דימונה",דימונה,הרצל,61,א,8602108,exact,202929.34,552907.37,693800.37,3438827.65
001027-080850-00061-ב,"הרצל 61ב, דימונה",דימונה,הרצל,61,ב,8602109,exact,202929.34,552907.37,693800.37,3438827.65
001027-080850-00062-X,"הרצל 62, דימונה",דימונה,הרצל,62,,8602111,exact,202932.34,553073.79,693800.06,3438994.1
001027-080850-00062-א,"הרצל 62א, דימונה",דימונה,הרצל,62,א,8602112,exact,202932.34,553073.79,693800.06,3438994.1
001027-080850-00062-ב,"הרצל 62ב, דימונה",דימונה,הרצל,62,ב,8602113,exact,202932.34,553073.79,693800.06,3438994.1
001027-080850-00062-ג,"הרצל 62ג, דימונה",דימונה,הרצל,62,ג,8602114,exact,202932.34,553073.79,693800.06,3438994.1
001027-080850-00063-X,"הרצל 63, דימונה",דימונה,הרצל,63,,8602115,exact,202915.62,552905.68,693786.68,3438825.69
001027-080850-00063-א,"הרצל 63א, דימונה",דימונה,הרצל,63,א,8602116,exact,202915.62,552905.68,693786.68,3438825.69
001027-080850-00063-ב,"הרצל 63ב, דימונה",דימונה,הרצל,63,ב,8602117,exact,202915.62,552905.68,693786.68,3438825.69
001027-080850-00063-ג,"הרצל 63ג, דימונה",דימונה,הרצל,63,ג,8602118,exact,202915.62,552905.68,693786.68,3438825.69
001027-080850-00114-X,"הרצל 114, דימונה",דימונה,הרצל,114,,8602119,street,202895.25,552939.24,693765.65,3438858.83
001027-080850-00115-X,"הרצל 115, דימונה",דימונה,הרצל,115,,8602120,street,202895.25,552939.24,693765.65,3438858.83
001027-080850-00117-X,"הרצל 117, דימונה",דימונה,הרצל,117,,8602122,exact,202548.08,552817.66,693420.95,3438730.37
001027-080850-00118-X,"הרצל 118, דימונה",דימונה,הרצל,118,,8602123,street,202895.25,552939.24,693765.65,3438858.83
001027-080850-00231-X,"הרצל 231, דימונה",דימונה,הרצל,231,,8604101,street,202895.25,552939.24,693765.65,3438858.83
001027-080850-00231-ב,"הרצל 231ב, דימונה",דימונה,הרצל,231,ב,8604103,street,202895.25,552939.24,693765.65,3438858.83
001027-080850-00231-ג,"הרצל 231ג, דימונה",דימונה,הרצל,231,ג,8604104,street,202895.25,552939.24,693765.65,3438858.83
001027-080850-00231-ד,"הרצל 231ד, דימונה",דימונה,הרצל,231,ד,8604105,street,202895.25,552939.24,693765.65,3438858.83
001027-080850-00231-ה,"הרצל 231ה, דימונה",דימונה,הרצל,231,ה,8604106,street,202895.25,552939.24,693765.65,3438858.83
001027-080850-00232-X,"הרצל 232, דימונה",דימונה,הרצל,232,,8604107,street,202895.25,552939.24,693765.65,3438858.83
001027-080850-00232-א,"הרצל 232א, דימונה",דימונה,הרצל,232,א,8604108,street,202895.25,552939.24,693765.65,3438858.83
001027-080850-00232-ב,"הרצל 232ב, דימונה",דימונה,הרצל,232,ב,8604109,street,202895.25,552939.24,693765.65,3438858.83
001027-080850-00232-ג,"הרצל 232ג, דימונה",דימונה,הרצל,232,ג,8604110,street,202895.25,552939.24,693765.65,3438858.83
001027-080850-00232-ה,"הרצל 232ה, דימונה",דימונה,הרצל,232,ה,8604112,street,202895.25,552939.24,693765.65,3438858.83
001027-080850-00233-X,"הרצל 233, דימונה",דימונה,הרצל,233,,8604113,street,202895.25,552939.24,693765.65,3438858.83
001027-080850-00233-ב,"הרצל 233ב, דימונה",דימונה,הרצל,233,ב,8604115,street,202895.25,552939.24,693765.65,3438858.83
001027-080850-00233-ד,"הרצל 233ד, דימונה",דימונה,הרצל,233,ד,8604117,street,202895.25,552939.24,693765.65,3438858.83
001027-080850-00233-ה,"הרצל 233ה, דימונה",דימונה,הרצל,233,ה,8604118,street,202895.25,552939.24,693765.65,3438858.83
001027-080850-00234-X,"הרצל 234, דימונה",דימונה,הרצל,234,,8604119,street,202895.25,552939.24,693765.65,3438858.83
001027-080850-00234-א,"הרצל 234א, דימונה",דימונה,הרצל,234,א,8604120,street,202895.25,552939.24,693765.65,3438858.83
001027-080850-00234-ב,"הרצל 234ב, דימונה",דימונה,הרצל,234,ב,8604121,street,202895.25,552939.24,693765.65,3438858.83
001027-080850-00234-ג,"הרצל 234ג, דימונה",דימונה,הרצל,234,ג,8604122,street,202895.25,552939.24,693765.65,3438858.83
001027-080850-00234-ד,"הרצל 234ד, דימונה",דימונה,הרצל,234,ד,8604123,street,202895.25,552939.24,693765.65,3438858.83
001027-080850-00295-X,"הרצל 295, דימונה",דימונה,הרצל,295,,8607002,street,202895.25,552939.24,693765.65,3438858.83
001027-080850-00295-א,"הרצל 295א, דימונה",דימונה,הרצל,295,א,8607003,street,202895.25,552939.24,693765.65,3438858.83
001027-080850-00295-ג,"הרצל 295ג, דימונה",דימונה,הרצל,295,ג,8607005,street,202895.25,552939.24,693765.65,3438858.83
001027-080850-00295-ד,"הרצל 295ד, דימונה",דימונה,הרצל,295,ד,8607006,street,202895.25,552939.24,693765.65,3438858.83
001027-080850-00295-ה,"הרצל 295ה, דימונה",דימונה,הרצל,295,ה,8607007,street,202895.25,552939.24,693765.65,3438858.83
001027-080850-00295-ו,"הרצל 295ו, דימונה",דימונה,הרצל,295,ו,8607008,street,202895.25,552939.24,693765.65,3438858.83
001027-080850-00503-X,"הרצל 503, דימונה",דימונה,הרצל,503,,8602124,street,202895.25,552939.24,693765.65,3438858.83
001027-080850-00503-א,"הרצל 503א, דימונה",דימונה,הרצל,503,א,8602125,street,202895.25,552939.24,693765.65,3438858.83
001027-080850-00503-ב,"הרצל 503ב, דימונה",דימונה,הרצל,503,ב,8602126,street,202895.25,552939.24,693765.65,3438858.83
001027-080850-00503-ג,"הרצל 503ג, דימונה",דימונה,הרצל,503,ג,8602127,street,202895.25,552939.24,693765.65,3438858.83
001027-080850-00504-א,"הרצל 504א, דימונה",דימונה,הרצל,504,א,8602130,street,202895.25,552939.24,693765.65,3438858.83
001027-080850-00504-ב,"הרצל 504ב, דימונה",דימונה,הרצל,504,ב,8602131,street,202895.25,552939.24,693765.65,3438858.83
001027-080850-00504-ג,"הרצל 504ג, דימונה",דימונה,הרצל,504,ג,8602132,street,202895.25,552939.24,693765.65,3438858.83
001027-080850-00504-ד,"הרצל 504ד, דימונה",דימונה,הרצל,504,ד,8602133,street,202895.25,552939.24,693765.65,3438858.83
001027-080957-00000-X,"סביון, דימונה",דימונה,סביון,,,8601500,street,203086.79,552236.62,693971.11,3438160.12
001027-080957-00001-X,"סביון 1, דימונה",דימונה,סביון,1,,8601501,street,203086.79,552236.62,693971.11,3438160.12
001027-080957-00003-X,"סביון 3, דימונה",דימונה,סביון,3,,8601502,street,203086.79,552236.62,693971.11,3438160.12
001027-080957-00005-X,"סביון 5, דימונה",דימונה,סביון,5,,8601503,street,203086.79,552236.62,693971.11,3438160.12
001027-081029-00000-X,"עזרא ונחמיה, דימונה",דימונה,עזרא ונחמיה,,,8604300,street,203327.35,552696.62,694202.5,3438624.83
001027-081029-00021-X,"עזרא ונחמיה 21, דימונה",דימונה,עזרא ונחמיה,21,,8604601,street,203327.35,552696.62,694202.5,3438624.83
001027-081029-00220-X,"עזרא ונחמיה 220, דימונה",דימונה,עזרא ונחמיה,220,,8604602,street,203327.35,552696.62,694202.5,3438624.83
001027-081029-00220-א,"עזרא ונחמיה 220א, דימונה",דימונה,עזרא ונחמיה,220,א,8604603,street,203327.35,552696.62,694202.5,3438624.83
001027-081029-00220-ג,"עזרא ונחמיה 220ג, דימונה",דימונה,עזרא ונחמיה,220,ג,8604605,street,203327.35,552696.62,694202.5,3438624.83
001027-081029-00220-ד,"עזרא ונחמיה 220ד, דימונה",דימונה,עזרא ונחמיה,220,ד,8604606,street,203327.35,552696.62,694202.5,3438624.83
001027-081029-00220-ה,"עזרא ונחמיה 220ה, דימונה",דימונה,עזרא ונחמיה,220,ה,8604607,street,203327.35,552696.62,694202.5,3438624.83
001027-081029-00220-ו,"עזרא ונחמיה 220ו, דימונה",דימונה,עזרא ונחמיה,220,ו,8604608,street,203327.35,552696.62,694202.5,3438624.83
001027-081029-00220-ז,"עזרא ונחמיה 220ז, דימונה",דימונה,עזרא ונחמיה,220,ז,8604609,street,203327.35,552696.62,694202.5,3438624.83
001027-081029-00243-א,"עזרא ונחמיה 243א, דימונה",דימונה,עזרא ונחמיה,243,א,8604611,exact,203306.75,552713.95,694181.56,3438641.75
001027-081029-00243-ג,"עזרא ונחמיה 243ג, דימונה",דימונה,עזרא ונחמיה,243,ג,8604613,exact,203306.75,552713.95,694181.56,3438641.75
001027-081029-00243-ד,"עזרא ונחמיה 243ד, דימונה",דימונה,עזרא ונחמיה,243,ד,8604614,exact,203306.75,552713.95,694181.56,3438641.75
001027-081029-00244-X,"עזרא ונחמיה 244, דימונה",דימונה,עזרא ונחמיה,244,,8604615,street,203327.35,552696.62,694202.5,3438624.83
001027-081029-00244-א,"עזרא ונחמיה 244א, דימונה",דימונה,עזרא ונחמיה,244,א,8604616,street,203327.35,552696.62,694202.5,3438624.83
001027-081029-00244-ב,"עזרא ונחמיה 244ב, דימונה",דימונה,עזרא ונחמיה,244,ב,8604617,street,203327.35,552696.62,694202.5,3438624.83
001027-081029-00244-ד,"עזרא ונחמיה 244ד, דימונה",דימונה,עזרא ונחמיה,244,ד,8604619,street,203327.35,552696.62,694202.5,3438624.83
001027-081029-00244-ה,"עזרא ונחמיה 244ה, דימונה",דימונה,עזרא ונחמיה,244,ה,8604620,street,203327.35,552696.62,694202.5,3438624.83
001027-081029-00244-ו,"עזרא ונחמיה 244ו, דימונה",דימונה,עזרא ונחמיה,244,ו,8604621,street,203327.35,552696.62,694202.5,3438624.83
001027-081029-00250-X,"עזרא ונחמיה 250, דימונה",דימונה,עזרא ונחמיה,250,,8604301,street,203327.35,552696.62,694202.5,3438624.83
001027-081029-00250-א,"עזרא ונחמיה 250א, דימונה",דימונה,עזרא ונחמיה,250,א,8604302,street,203327.35,552696.62,694202.5,3438624.83
001027-081029-00250-ב,"עזרא ונחמיה 250ב, דימונה",דימונה,עזרא ונחמיה,250,ב,8604303,street,203327.35,552696.62,694202.5,3438624.83
001027-081029-00250-ג,"עזרא ונחמיה 250ג, דימונה",דימונה,עזרא ונחמיה,250,ג,8604304,street,203327.35,552696.62,694202.5,3438624.83
001027-081029-00250-ד,"עזרא ונחמיה 250ד, דימונה",דימונה,עזרא ונחמיה,250,ד,8604305,street,203327.35,552696.62,694202.5,3438624.83
001027-081029-00250-ה,"עזרא ונחמיה 250ה, דימונה",דימונה,עזרא ונחמיה,250,ה,8604306,street,203327.35,552696.62,694202.5,3438624.83
001027-081029-00250-ו,"עזרא ונחמיה 250ו, דימונה",דימונה,עזרא ונחמיה,250,ו,8604307,street,203327.35,552696.62,694202.5,3438624.83
001027-081210-00055-X,"? 55, דימונה",דימונה,?,55,,8610827,none,,,,
001027-081210-00055-ב,"? 55ב, דימונה",דימונה,?,55,ב,8610829,none,,,,
001027-081210-00056-ג,"? 56ג, דימונה",דימונה,?,56,ג,8610833,none,,,,
001027-081210-00057-X,"? 57, דימונה",דימונה,?,57,,8610834,none,,,,
001027-081210-00057-א,"? 57א, דימונה",דימונה,?,57,א,8610835,none,,,,
001027-081210-00057-ב,"? 57ב, דימונה",דימונה,?,57,ב,8610836,none,,,,
001027-081210-00057-ג,"? 57ג, דימונה",דימונה,?,57,ג,8610837,none,,,,
001027-081210-00057-ד,"? 57ד, דימונה",דימונה,?,57,ד,8610838,none,,,,
001027-081210-00058-X,"? 58, דימונה",דימונה,?,58,,8610839,none,,,,
001027-081210-00058-א,"? 58א, דימונה",דימונה,?,58,א,8610840,none,,,,
001027-081210-00058-ב,"? 58ב, דימונה",דימונה,?,58,ב,8610841,none,,,,
001027-081210-00058-ג,"? 58ג, דימונה",דימונה,?,58,ג,8610842,none,,,,
001027-081210-00059-א,"? 59א, דימונה",דימונה,?,59,א,8610844,none,,,,
001027-081210-00059-ב,"? 59ב, דימונה",דימונה,?,59,ב,8610845,none,,,,
001027-081210-00059-ג,"? 59ג, דימונה",דימונה,?,59,ג,8610846,none,,,,
001027-081311-00000-X,"השיטה, דימונה",דימונה,השיטה,,,8612200,street,202888.89,552630.16,693765.43,3438549.67
001027-081311-00045-X,"השיטה 45, דימונה",דימונה,השיטה,45,,8612201,exact,202876.71,552582.65,693754.19,3438501.93
001027-081311-00045-ה,"השיטה 45ה, דימונה",דימונה,השיטה,45,ה,8612206,exact,202876.71,552582.65,693754.19,3438501.93
001027-081311-00045-ו,"השיטה 45ו, דימונה",דימונה,השיטה,45,ו,8612207,exact,202876.71,552582.65,693754.19,3438501.93
001027-081311-00045-ז,"השיטה 45ז, דימונה",דימונה,השיטה,45,ז,8612208,exact,202876.71,552582.65,693754.19,3438501.93
001027-081311-00046-X,"השיטה 46, דימונה",דימונה,השיטה,46,,8612209,exact,202897.4,552612.42,693774.29,3438532.11
001027-081311-00046-א,"השיטה 46א, דימונה",דימונה,השיטה,46,א,8612210,exact,202897.4,552612.42,693774.29,3438532.11
001027-081311-00046-ב,"השיטה 46ב, דימונה",דימונה,השיטה,46,ב,8612211,exact,202897.4,552612.42,693774.29,3438532.11
001027-081311-00046-ג,"השיטה 46ג, דימונה",דימונה,השיטה,46,ג,8612212,exact,202897.4,552612.42,693774.29,3438532.11
001027-081311-00046-ד,"השיטה 46ד, דימונה",דימונה,השיטה,46,ד,8612213,exact,202897.4,552612.42,693774.29,3438532.11
001027-081311-00047-א,"השיטה 47א, דימונה",דימונה,השיטה,47,א,8612215,exact,202894.55,552640.36,693770.88,3438559.98
001027-081311-00047-ב,"השיטה 47ב, דימונה",דימונה,השיטה,47,ב,8612216,exact,202894.55,552640.36,693770.88,3438559.98
001027-081311-00047-ג,"השיטה 47ג, דימונה",דימונה,השיטה,47,ג,8612217,exact,202894.55,552640.36,693770.88,3438559.98
001027-081311-00047-ד,"השיטה 47ד, דימונה",דימונה,השיטה,47,ד,8612218,exact,202894.55,552640.36,693770.88,3438559.98
001027-081311-00047-ה,"השיטה 47ה, דימונה",דימונה,השיטה,47,ה,8612219,exact,202894.55,552640.36,693770.88,3438559.98
001027-081311-00048-X,"השיטה 48, דימונה",דימונה,השיטה,48,,8612220,exact,202858.93,552630.32,693735.47,3438549.24
001027-081311-00048-א,"השיטה 48א, דימונה",דימונה,השיטה,48,א,8612221,exact,202858.93,552630.32,693735.47,3438549.24
001027-081311-00048-ב,"השיטה 48ב, דימונה",דימונה,השיטה,48,ב,8612222,exact,202858.93,552630.32,693735.47,3438549.24
001027-081311-00048-ג,"השיטה 48ג, דימונה",דימונה,השיטה,48,ג,8612223,exact,202858.93,552630.32,693735.47,3438549.24
001027-081676-00000-X,"רקפת, דימונה",דימונה,רקפת,,,8603800,street,203068.05,552445.44,693948.23,3438368.54
001027-081676-00004-X,"רקפת 4, דימונה",דימונה,רקפת,4,,8603809,street,203068.05,552445.44,693948.23,3438368.54
001027-081676-00014-X,"רקפת 14, דימונה",דימונה,רקפת,14,,8603801,street,203068.05,552445.44,693948.23,3438368.54
001027-081676-00022-X,"רקפת 22, דימונה",דימונה,רקפת,22,,8603802,street,203068.05,552445.44,693948.23,3438368.54
001027-081676-00024-X,"רקפת 24, דימונה",דימונה,רקפת,24,,8603803,street,203068.05,552445.44,693948.23,3438368.54
001027-081676-00751-X,"רקפת 751, דימונה",דימונה,רקפת,751,,8603806,street,203068.05,552445.44,693948.23,3438368.54
001027-081676-00752-X,"רקפת 752, דימונה",דימונה,רקפת,752,,8603807,street,203068.05,552445.44,693948.23,3438368.54
001027-081676-00753-X,"רקפת 753, דימונה",דימונה,רקפת,753,,8603808,street,203068.05,552445.44,693948.23,3438368.54
001027-081741-00000-X,"?, דימונה",דימונה,?,,,8603500,none,,,,
001027-081741-00023-X,"? 23, דימונה",דימונה,?,23,,8603501,none,,,,
001027-081741-00023-א,"? 23א, דימונה",דימונה,?,23,א,8603502,none,,,,
001027-081741-00024-X,"? 24, דימונה",דימונה,?,24,,8603504,none,,,,
001027-081741-00024-א,"? 24א, דימונה",דימונה,?,24,א,8603505,none,,,,
001027-081741-00029-X,"? 29, דימונה",דימונה,?,29,,8603507,none,,,,
001027-081741-00029-א,"? 29א, דימונה",דימונה,?,29,א,8603508,none,,,,
001027-081741-00029-ב,"? 29ב, דימונה",דימונה,?,29,ב,8603509,none,,,,
001027-081741-00082-א,"? 82א, דימונה",דימונה,?,82,א,8603511,none,,,,
001027-081741-00082-ב,"? 82ב, דימונה",דימונה,?,82,ב,8603512,none,,,,
001027-081741-00082-ג,"? 82ג, דימונה",דימונה,?,82,ג,8603513,none,,,,
001027-081741-00083-א,"? 83א, דימונה",דימונה,?,83,א,8603515,none,,,,
001027-081741-00083-ג,"? 83ג, דימונה",דימונה,?,83,ג,8603517,none,,,,
001027-081741-00084-א,"? 84א, דימונה",דימונה,?,84,א,8603519,none,,,,
001027-081741-00084-ג,"? 84ג, דימונה",דימונה,?,84,ג,8603521,none,,,,
001027-081771-00000-X,"האיריס, דימונה",דימונה,האיריס,,,8603300,street,202987.91,552430.19,693868.4,3438351.7
001027-081771-00014-א,"האיריס 14א, דימונה",דימונה,האיריס,14,א,8603302,street,202987.91,552430.19,693868.4,3438351.7
001027-081771-00014-ב,"האיריס 14ב, דימונה",דימונה,האיריס,14,ב,8603303,street,202987.91,552430.19,693868.4,3438351.7
001027-081870-00000-X,"מ""ג המעפילים, דימונה",דימונה,"מ""ג המעפילים",,,8604700,street,203245.96,552726.35,694120.53,3438652.94
001027-081870-00001-X,"מ""ג המעפילים 1, דימונה",דימונה,"מ""ג המעפילים",1,,8604701,street,203245.96,552726.35,694120.53,3438652.94
001027-081870-00002-X,"מ""ג המעפילים 2, דימונה",דימונה,"מ""ג המעפילים",2,,8613601,exact,203265.97,552506.5,694144.91,3438433.52
001027-081870-00005-X,"מ""ג המעפילים 5, דימונה",דימונה,"מ""ג המעפילים",5,,8613602,street,203245.96,552726.35,694120.53,3438652.94
001027-081870-00215-X,"מ""ג המעפילים 215, דימונה",דימונה,"מ""ג המעפילים",215,,8604702,street,203245.96,552726.35,694120.53,3438652.94
001027-081870-00215-א,"מ""ג המעפילים 215א, דימונה",דימונה,"מ""ג המעפילים",215,א,8604703,street,203245.96,552726.35,694120.53,3438652.94
001027-081870-00215-ב,"מ""ג המעפילים 215ב, דימונה",דימונה,"מ""ג המעפילים",215,ב,8604704,street,203245.96,552726.35,694120.53,3438652.94
001027-081870-00215-ד,"מ""ג המעפילים 215ד, דימונה",דימונה,"מ""ג המעפילים",215,ד,8604706,street,203245.96,552726.35,694120.53,3438652.94
001027-081870-00216-X,"מ""ג המעפילים 216, דימונה",דימונה,"מ""ג המעפילים",216,,8604707,street,203245.96,552726.35,694120.53,3438652.94
001027-081870-00216-א,"מ""ג המעפילים 216א, דימונה",דימונה,"מ""ג המעפילים",216,א,8604708,street,203245.96,552726.35,694120.53,3438652.94
001027-081870-00216-ב,"מ""ג המעפילים 216ב, דימונה",דימונה,"מ""ג המעפילים",216,ב,8604709,street,203245.96,552726.35,694120.53,3438652.94
001027-081870-00216-ג,"מ""ג המעפילים 216ג, דימונה",דימונה,"מ""ג המעפילים",216,ג,8604710,street,203245.96,552726.35,694120.53,3438652.94
001027-081870-00216-ד,"מ""ג המעפילים 216ד, דימונה",דימונה,"מ""ג המעפילים",216,ד,8604711,street,203245.96,552726.35,694120.53,3438652.94
001027-081870-00217-X,"מ""ג המעפילים 217, דימונה",דימונה,"מ""ג המעפילים",217,,8604712,street,203245.96,552726.35,694120.53,3438652.94
001027-081870-00217-ב,"מ""ג המעפילים 217ב, דימונה",דימונה,"מ""ג המעפילים",217,ב,8604714,street,203245.96,552726.35,694120.53,3438652.94
001027-081870-00218-X,"מ""ג המעפילים 218, דימונה",דימונה,"מ""ג המעפילים",218,,8604717,street,203245.96,552726.35,694120.53,3438652.94
001027-081870-00218-ב,"מ""ג המעפילים 218ב, דימונה",דימונה,"מ""ג המעפילים",218,ב,8604719,street,203245.96,552726.35,694120.53,3438652.94
001027-081870-00218-ג,"מ""ג המעפילים 218ג, דימונה",דימונה,"מ""ג המעפילים",218,ג,8604720,street,203245.96,552726.35,694120.53,3438652.94
001027-081870-00218-ד,"מ""ג המעפילים 218ד, דימונה",דימונה,"מ""ג המעפילים",218,ד,8604721,street,203245.96,552726.35,694120.53,3438652.94
001027-081870-00227-ג,"מ""ג המעפילים 227ג, דימונה",דימונה,"מ""ג המעפילים",227,ג,8604004,exact,203272.26,552823.66,694144.9,3438750.76
001027-081870-00228-א,"מ""ג המעפילים 228א, דימונה",דימונה,"מ""ג המעפילים",228,א,8604006,exact,203269.79,552848.63,694141.93,3438775.68
001027-081870-00228-ב,"מ""ג המעפילים 228ב, דימונה",דימונה,"מ""ג המעפילים",228,ב,8604007,exact,203269.79,552848.63,694141.93,3438775.68
001027-081870-00229-א,"מ""ג המעפילים 229א, דימונה",דימונה,"מ""ג המעפילים",229,א,8604010,exact,203267.64,552874.03,694139.28,3438801.03
001027-081870-00229-ב,"מ""ג המעפילים 229ב, דימונה",דימונה,"מ""ג המעפילים",229,ב,8604011,exact,203267.64,552874.03,694139.28,3438801.03
001027-081870-00230-X,"מ""ג המעפילים 230, דימונה",דימונה,"מ""ג המעפילים",230,,8604013,exact,203269.22,552900.18,694140.33,3438827.2
001027-081870-00230-א,"מ""ג המעפילים 230א, דימונה",דימונה,"מ""ג המעפילים",230,א,8604014,exact,203269.22,552900.18,694140.33,3438827.2
001027-081870-00245-X,"מ""ג המעפילים 245, דימונה",דימונה,"מ""ג המעפילים",245,,8604722,exact,203268.27,552770.26,694141.97,3438697.29
001027-081870-00245-א,"מ""ג המעפילים 245א, דימונה",דימונה,"מ""ג המעפילים",245,א,8604723,exact,203268.27,552770.26,694141.97,3438697.29
001027-081870-00245-ב,"מ""ג המעפילים 245ב, דימונה",דימונה,"מ""ג המעפילים",245,ב,8604724,exact,203268.27,552770.26,694141.97,3438697.29
001027-081870-00245-ג,"מ""ג המעפילים 245ג, דימונה",דימונה,"מ""ג המעפילים",245,ג,8604725,exact,203268.27,552770.26,694141.97,3438697.29
001027-081870-00245-ה,"מ""ג המעפילים 245ה, דימונה",דימונה,"מ""ג המעפילים",245,ה,8604727,exact,203268.27,552770.26,694141.97,3438697.29
001027-081870-00245-ו,"מ""ג המעפילים 245ו, דימונה",דימונה,"מ""ג המעפילים",245,ו,8604728,exact,203268.27,552770.26,694141.97,3438697.29
001027-081924-00000-X,"המכבים, דימונה",דימונה,המכבים,,,8604100,street,203485.64,552792.7,694358.86,3438724.04
001027-081924-00247-X,"המכבים 247, דימונה",דימונה,המכבים,247,,8604124,exact,203466.33,552772.84,694339.95,3438703.8
001027-081924-00247-א,"המכבים 247א, דימונה",דימונה,המכבים,247,א,8604125,exact,203466.33,552772.84,694339.95,3438703.8
001027-081924-00247-ב,"המכבים 247ב, דימונה",דימונה,המכבים,247,ב,8604126,exact,203466.33,552772.84,694339.95,3438703.8
001027-081924-00247-ג,"המכבים 247ג, דימונה",דימונה,המכבים,247,ג,8604127,exact,203466.33,552772.84,694339.95,3438703.8
001027-081924-00247-ד,"המכבים 247ד, דימונה",דימונה,המכבים,247,ד,8604128,exact,203466.33,552772.84,694339.95,3438703.8
001027-081924-00247-ו,"המכבים 247ו, דימונה",דימונה,המכבים,247,ו,8604130,exact,203466.33,552772.84,694339.95,3438703.8
001027-081924-00247-ז,"המכבים 247ז, דימונה",דימונה,המכבים,247,ז,8604131,exact,203466.33,552772.84,694339.95,3438703.8
001027-081924-00248-X,"המכבים 248, דימונה",דימונה,המכבים,248,,8604132,exact,203501.72,552763.92,694375.51,3438695.58
001027-081924-00248-א,"המכבים 248א, דימונה",דימונה,המכבים,248,א,8604133,exact,203501.72,552763.92,694375.51,3438695.58
001027-081924-00248-ב,"המכבים 248ב, דימונה",דימונה,המכבים,248,ב,8604134,exact,203501.72,552763.92,694375.51,3438695.58
001027-081924-00248-ג,"המכבים 248ג, דימונה",דימונה,המכבים,248,ג,8604135,exact,203501.72,552763.92,694375.51,3438695.58
001027-081924-00248-ד,"המכבים 248ד, דימונה",דימונה,המכבים,248,ד,8604136,exact,203501.72,552763.92,694375.51,3438695.58
001027-081924-00248-ה,"המכבים 248ה, דימונה",דימונה,המכבים,248,ה,8604137,exact,203501.72,552763.92,694375.51,3438695.58
001027-081924-00248-ז,"המכבים 248ז, דימונה",דימונה,המכבים,248,ז,8604139,exact,203501.72,552763.92,694375.51,3438695.58
001027-082023-00222-א,"מתתיהו הכהן 222א, דימונה",דימונה,מתתיהו הכהן,222,א,8604309,exact,203562.57,552695.84,694437.7,3438628.72
001027-082023-00222-ג,"מתתיהו הכהן 222ג, דימונה",דימונה,מתתיהו הכהן,222,ג,8604311,exact,203562.57,552695.84,694437.7,3438628.72
001027-082023-00223-X,"מתתיהו הכהן 223, דימונה",דימונה,מתתיהו הכהן,223,,8604312,exact,203589.27,552690.5,694464.5,3438623.91
001027-082023-00223-א,"מתתיהו הכהן 223א, דימונה",דימונה,מתתיהו הכהן,223,א,8604313,exact,203589.27,552690.5,694464.5,3438623.91
001027-082023-00223-ב,"מתתיהו הכהן 223ב, דימונה",דימונה,מתתיהו הכהן,223,ב,8604314,exact,203589.27,552690.5,694464.5,3438623.91
001027-082023-00223-ג,"מתתיהו הכהן 223ג, דימונה",דימונה,מתתיהו הכהן,223,ג,8604315,exact,203589.27,552690.5,694464.5,3438623.91
001027-082023-00224-א,"מתתיהו הכהן 224א, דימונה",דימונה,מתתיהו הכהן,224,א,8604317,exact,203614.44,552681.05,694489.86,3438614.97
001027-082023-00224-ב,"מתתיהו הכהן 224ב, דימונה",דימונה,מתתיהו הכהן,224,ב,8604318,exact,203614.44,552681.05,694489.86,3438614.97
001027-082023-00224-ג,"מתתיהו הכהן 224ג, דימונה",דימונה,מתתיהו הכהן,224,ג,8604319,exact,203614.44,552681.05,694489.86,3438614.97
001027-082023-00225-א,"מתתיהו הכהן 225א, דימונה",דימונה,מתתיהו הכהן,225,א,8604321,exact,203639.13,552674.57,694514.67,3438608.98
001027-082023-00225-ב,"מתתיהו הכהן 225ב, דימונה",דימונה,מתתיהו הכהן,225,ב,8604322,exact,203639.13,552674.57,694514.67,3438608.98
001027-082023-00225-ג,"מתתיהו הכהן 225ג, דימונה",דימונה,מתתיהו הכהן,225,ג,8604323,exact,203639.13,552674.57,694514.67,3438608.98
001027-082023-00226-ב,"מתתיהו הכהן 226ב, דימונה",דימונה,מתתיהו הכהן,226,ב,8604326,exact,203664.2,552667.04,694539.89,3438601.95
001027-082023-00249-א,"מתתיהו הכהן 249א, דימונה",דימונה,מתתיהו הכהן,249,א,8604329,exact,203628.76,552713.03,694503.54,3438647.22
001027-082023-00249-ג,"מתתיהו הכהן 249ג, דימונה",דימונה,מתתיהו הכהן,249,ג,8604331,exact,203628.76,552713.03,694503.54,3438647.22
001027-082023-00249-ד,"מתתיהו הכהן 249ד, דימונה",דימונה,מתתיהו הכהן,249,ד,8604332,exact,203628.76,552713.03,694503.54,3438647.22
001027-082023-00249-ה,"מתתיהו הכהן 249ה, דימונה",דימונה,מתתיהו הכהן,249,ה,8604333,exact,203628.76,552713.03,694503.54,3438647.22
001027-082023-00249-ז,"מתתיהו הכהן 249ז, דימונה",דימונה,מתתיהו הכהן,249,ז,8604335,exact,203628.76,552713.03,694503.54,3438647.22
001027-082052-00000-X,"בר כוכבא, דימונה",דימונה,בר כוכבא,,,8604600,street,203406.55,552625.19,694283.11,3438554.99
001027-082052-00205-X,"בר כוכבא 205, דימונה",דימונה,בר כוכבא,205,,8604622,street,203406.55,552625.19,694283.11,3438554.99
001027-082052-00205-א,"בר כוכבא 205א, דימונה",דימונה,בר כוכבא,205,א,8604623,street,203406.55,552625.19,694283.11,3438554.99
001027-082052-00205-ב,"בר כוכבא 205ב, דימונה",דימונה,בר כוכבא,205,ב,8604624,street,203406.55,552625.19,694283.11,3438554.99
001027-082052-00205-ג,"בר כוכבא 205ג, דימונה",דימונה,בר כוכבא,205,ג,8604625,street,203406.55,552625.19,694283.11,3438554.99
001027-082052-00205-ד,"בר כוכבא 205ד, דימונה",דימונה,בר כוכבא,205,ד,8604626,street,203406.55,552625.19,694283.11,3438554.99
001027-082052-00206-X,"בר כוכבא 206, דימונה",דימונה,בר כוכבא,206,,8604627,exact,203431.56,552571.73,694309.17,3438502.03
001027-082052-00206-א,"בר כוכבא 206א, דימונה",דימונה,בר כוכבא,206,א,8604628,exact,203431.56,552571.73,694309.17,3438502.03
001027-082052-00206-ב,"בר כוכבא 206ב, דימונה",דימונה,בר כוכבא,206,ב,8604629,exact,203431.56,552571.73,694309.17,3438502.03
001027-082052-00206-ד,"בר כוכבא 206ד, דימונה",דימונה,בר כוכבא,206,ד,8604631,exact,203431.56,552571.73,694309.17,3438502.03
001027-082052-00207-X,"בר כוכבא 207, דימונה",דימונה,בר כוכבא,207,,8604632,exact,203431.16,552600.04,694308.22,3438530.33
001027-082052-00207-א,"בר כוכבא 207א, דימונה",דימונה,בר כוכבא,207,א,8604633,exact,203431.16,552600.04,694308.22,3438530.33
001027-082052-00207-ב,"בר כוכבא 207ב, דימונה",דימונה,בר כוכבא,207,ב,8604634,exact,203431.16,552600.04,694308.22,3438530.33
001027-082052-00207-ד,"בר כוכבא 207ד, דימונה",דימונה,בר כוכבא,207,ד,8604636,exact,203431.16,552600.04,694308.22,3438530.33
001027-082052-00208-X,"בר כוכבא 208, דימונה",דימונה,בר כוכבא,208,,8604637,street,203406.55,552625.19,694283.11,3438554.99
001027-082052-00208-א,"בר כוכבא 208א, דימונה",דימונה,בר כוכבא,208,א,8604638,street,203406.55,552625.19,694283.11,3438554.99
001027-082052-00208-ג,"בר כוכבא 208ג, דימונה",דימונה,בר כוכבא,208,ג,8604640,street,203406.55,552625.19,694283.11,3438554.99
001027-082052-00208-ד,"בר כוכבא 208ד, דימונה",דימונה,בר כוכבא,208,ד,8604641,street,203406.55,552625.19,694283.11,3438554.99
001027-082052-00210-X,"בר כוכבא 210, דימונה",דימונה,בר כוכבא,210,,8604642,street,203406.55,552625.19,694283.11,3438554.99
001027-082052-00211-X,"בר כוכבא 211, דימונה",דימונה,בר כוכבא,211,,8604643,street,203406.55,552625.19,694283.11,3438554.99
001027-082052-00212-X,"בר כוכבא 212, דימונה",דימונה,בר כוכבא,212,,8604644,street,203406.55,552625.19,694283.11,3438554.99
001027-082052-00213-X,"בר כוכבא 213, דימונה",דימונה,בר כוכבא,213,,8604645,street,203406.55,552625.19,694283.11,3438554.99
001027-082052-00270-א,"בר כוכבא 270א, דימונה",דימונה,בר כוכבא,270,א,8604648,street,203406.55,552625.19,694283.11,3438554.99
001027-082052-00270-ב,"בר כוכבא 270ב, דימונה",דימונה,בר כוכבא,270,ב,8604649,street,203406.55,552625.19,694283.11,3438554.99
001027-082052-00270-ג,"בר כוכבא 270ג, דימונה",דימונה,בר כוכבא,270,ג,8604650,street,203406.55,552625.19,694283.11,3438554.99
001027-082052-00270-ד,"בר כוכבא 270ד, דימונה",דימונה,בר כוכבא,270,ד,8604651,street,203406.55,552625.19,694283.11,3438554.99
001027-082052-00270-ה,"בר כוכבא 270ה, דימונה",דימונה,בר כוכבא,270,ה,8604652,street,203406.55,552625.19,694283.11,3438554.99
001027-082052-00270-ו,"בר כוכבא 270ו, דימונה",דימונה,בר כוכבא,270,ו,8604653,street,203406.55,552625.19,694283.11,3438554.99
001027-082052-00270-ז,"בר כוכבא 270ז, דימונה",דימונה,בר כוכבא,270,ז,8604654,street,203406.55,552625.19,694283.11,3438554.99
001027-082052-00270-ט,"בר כוכבא 270ט, דימונה",דימונה,בר כוכבא,270,ט,8604656,street,203406.55,552625.19,694283.11,3438554.99
001027-082133-00000-X,"המלאכה, דימונה",דימונה,המלאכה,,,8621100,street,201685.57,552840.77,692558.11,3438736.35
001027-082133-00003-X,"המלאכה 3, דימונה",דימונה,המלאכה,3,,8621106,street,201685.57,552840.77,692558.11,3438736.35
001027-082133-00012-X,"המלאכה 12, דימונה",דימונה,המלאכה,12,,8621102,street,201685.57,552840.77,692558.11,3438736.35
001027-082133-01026-X,"המלאכה 1026, דימונה",דימונה,המלאכה,1026,,8621105,street,201685.57,552840.77,692558.11,3438736.35
001027-082204-00274-X,"הסנהדרין 274, דימונה",דימונה,הסנהדרין,274,,8604401,exact,203615.09,552610.95,694491.9,3438544.89
001027-082204-00274-ד,"הסנהדרין 274ד, דימונה",דימונה,הסנהדרין,274,ד,8604405,exact,203615.09,552610.95,694491.9,3438544.89
001027-082204-00274-ו,"הסנהדרין 274ו, דימונה",דימונה,הסנהדרין,274,ו,8604407,exact,203615.09,552610.95,694491.9,3438544.89
001027-082204-00274-ז,"הסנהדרין 274ז, דימונה",דימונה,הסנהדרין,274,ז,8604408,exact,203615.09,552610.95,694491.9,3438544.89
001027-082204-00275-א,"הסנהדרין 275א, דימונה",דימונה,הסנהדרין,275,א,8604410,exact,203567.19,552586.12,694444.5,3438519.11
001027-082204-00275-ב,"הסנהדרין 275ב, דימונה",דימונה,הסנהדרין,275,ב,8604411,exact,203567.19,552586.12,694444.5,3438519.11
001027-082204-00275-ג,"הסנהדרין 275ג, דימונה",דימונה,הסנהדרין,275,ג,8604412,exact,203567.19,552586.12,694444.5,3438519.11
001027-082204-00275-ד,"הסנהדרין 275ד, דימונה",דימונה,הסנהדרין,275,ד,8604413,exact,203567.19,552586.12,694444.5,3438519.11
001027-082204-00276-א,"הסנהדרין 276א, דימונה",דימונה,הסנהדרין,276,א,8604415,exact,203568.93,552559.13,694446.78,3438492.16
001027-082204-00276-ב,"הסנהדרין 276ב, דימונה",דימונה,הסנהדרין,276,ב,8604416,exact,203568.93,552559.13,694446.78,3438492.16
001027-082204-00276-ד,"הסנהדרין 276ד, דימונה",דימונה,הסנהדרין,276,ד,8604418,exact,203568.93,552559.13,694446.78,3438492.16
001027-082204-00277-X,"הסנהדרין 277, דימונה",דימונה,הסנהדרין,277,,8604419,exact,203626.42,552577.97,694503.88,3438512.14
001027-082204-00277-ג,"הסנהדרין 277ג, דימונה",דימונה,הסנהדרין,277,ג,8604422,exact,203626.42,552577.97,694503.88,3438512.14
001027-082204-00277-ד,"הסנהדרין 277ד, דימונה",דימונה,הסנהדרין,277,ד,8604423,exact,203626.42,552577.97,694503.88,3438512.14
001027-082292-00000-X,"כובשי אילת, דימונה",דימונה,כובשי אילת,,,8603200,street,203751.86,552507,694630.71,3438443.66
001027-082292-00001-X,"כובשי אילת 1, דימונה",דימונה,כובשי אילת,1,,8603201,street,203751.86,552507,694630.71,3438443.66
001027-082292-00002-X,"כובשי אילת 2, דימונה",דימונה,כובשי אילת,2,,8603202,exact,203509.91,552305.2,694392.81,3438237.09
001027-082292-00101-X,"כובשי אילת 101, דימונה",דימונה,כובשי אילת,101,,8603203,street,203751.86,552507,694630.71,3438443.66
001027-082292-00101-א,"כובשי אילת 101א, דימונה",דימונה,כובשי אילת,101,א,8603204,street,203751.86,552507,694630.71,3438443.66
001027-082292-00101-ב,"כובשי אילת 101ב, דימונה",דימונה,כובשי אילת,101,ב,8603205,street,203751.86,552507,694630.71,3438443.66
001027-082292-00101-ג,"כובשי אילת 101ג, דימונה",דימונה,כובשי אילת,101,ג,8603206,street,203751.86,552507,694630.71,3438443.66
001027-082292-00101-ד,"כובשי אילת 101ד, דימונה",דימונה,כובשי אילת,101,ד,8603207,street,203751.86,552507,694630.71,3438443.66
001027-082292-00101-ה,"כובשי אילת 101ה, דימונה",דימונה,כובשי אילת,101,ה,8603208,street,203751.86,552507,694630.71,3438443.66
001027-082292-00102-X,"כובשי אילת 102, דימונה",דימונה,כובשי אילת,102,,8603209,street,203751.86,552507,694630.71,3438443.66
001027-082292-00102-א,"כובשי אילת 102א, דימונה",דימונה,כובשי אילת,102,א,8603210,street,203751.86,552507,694630.71,3438443.66
001027-082292-00102-ב,"כובשי אילת 102ב, דימונה",דימונה,כובשי אילת,102,ב,8603211,street,203751.86,552507,694630.71,3438443.66
001027-082292-00102-ג,"כובשי אילת 102ג, דימונה",דימונה,כובשי אילת,102,ג,8603212,street,203751.86,552507,694630.71,3438443.66
001027-082292-00102-ד,"כובשי אילת 102ד, דימונה",דימונה,כובשי אילת,102,ד,8603213,street,203751.86,552507,694630.71,3438443.66
001027-082292-00102-ה,"כובשי אילת 102ה, דימונה",דימונה,כובשי אילת,102,ה,8603214,street,203751.86,552507,694630.71,3438443.66
001027-082292-00103-X,"כובשי אילת 103, דימונה",דימונה,כובשי אילת,103,,8603216,exact,203566.8,552308.98,694449.61,3438242.01
001027-082292-00103-א,"כובשי אילת 103א, דימונה",דימונה,כובשי אילת,103,א,8603217,exact,203566.8,552308.98,694449.61,3438242.01
001027-082292-00103-ב,"כובשי אילת 103ב, דימונה",דימונה,כובשי אילת,103,ב,8603218,exact,203566.8,552308.98,694449.61,3438242.01
001027-082292-00103-ג,"כובשי אילת 103ג, דימונה",דימונה,כובשי אילת,103,ג,8603219,exact,203566.8,552308.98,694449.61,3438242.01
001027-082292-00103-ד,"כובשי אילת 103ד, דימונה",דימונה,כובשי אילת,103,ד,8603220,exact,203566.8,552308.98,694449.61,3438242.01
001027-082292-00103-ה,"כובשי אילת 103ה, דימונה",דימונה,כובשי אילת,103,ה,8603221,exact,203566.8,552308.98,694449.61,3438242.01
001027-082292-00103-ו,"כובשי אילת 103ו, דימונה",דימונה,כובשי אילת,103,ו,8603222,exact,203566.8,552308.98,694449.61,3438242.01
001027-082292-00104-X,"כובשי אילת 104, דימונה",דימונה,כובשי אילת,104,,8603223,street,203751.86,552507,694630.71,3438443.66
001027-082292-00104-ד,"כובשי אילת 104ד, דימונה",דימונה,כובשי אילת,104,ד,8603227,street,203751.86,552507,694630.71,3438443.66
001027-082292-00104-ה,"כובשי אילת 104ה, דימונה",דימונה,כובשי אילת,104,ה,8603228,street,203751.86,552507,694630.71,3438443.66
001027-082292-00104-ו,"כובשי אילת 104ו, דימונה",דימונה,כובשי אילת,104,ו,8603229,street,203751.86,552507,694630.71,3438443.66
001027-082292-00104-ח,"כובשי אילת 104ח, דימונה",דימונה,כובשי אילת,104,ח,8603231,street,203751.86,552507,694630.71,3438443.66
001027-082292-00104-ט,"כובשי אילת 104ט, דימונה",דימונה,כובשי אילת,104,ט,8603232,street,203751.86,552507,694630.71,3438443.66
001027-082292-00104-י,"כובשי אילת 104י, דימונה",דימונה,כובשי אילת,104,י,8603233,street,203751.86,552507,694630.71,3438443.66
001027-082292-00105-X,"כובשי אילת 105, דימונה",דימונה,כובשי אילת,105,,8603234,street,203751.86,552507,694630.71,3438443.66
001027-082292-00105-א,"כובשי אילת 105א, דימונה",דימונה,כובשי אילת,105,א,8603235,street,203751.86,552507,694630.71,3438443.66
001027-082292-00105-ב,"כובשי אילת 105ב, דימונה",דימונה,כובשי אילת,105,ב,8603236,street,203751.86,552507,694630.71,3438443.66
001027-082292-00105-ג,"כובשי אילת 105ג, דימונה",דימונה,כובשי אילת,105,ג,8603237,street,203751.86,552507,694630.71,3438443.66
001027-082292-00105-ד,"כובשי אילת 105ד, דימונה",דימונה,כובשי אילת,105,ד,8603238,street,203751.86,552507,694630.71,3438443.66
001027-082292-00106-א,"כובשי אילת 106א, דימונה",דימונה,כובשי אילת,106,א,8603241,street,203751.86,552507,694630.71,3438443.66
001027-082292-00106-ב,"כובשי אילת 106ב, דימונה",דימונה,כובשי אילת,106,ב,8603242,street,203751.86,552507,694630.71,3438443.66
001027-082292-00106-ג,"כובשי אילת 106ג, דימונה",דימונה,כובשי אילת,106,ג,8603243,street,203751.86,552507,694630.71,3438443.66
001027-082292-00106-ה,"כובשי אילת 106ה, דימונה",דימונה,כובשי אילת,106,ה,8603245,street,203751.86,552507,694630.71,3438443.66
001027-082292-00106-ו,"כובשי אילת 106ו, דימונה",דימונה,כובשי אילת,106,ו,8603246,street,203751.86,552507,694630.71,3438443.66
001027-082292-00107-א,"כובשי אילת 107א, דימונה",דימונה,כובשי אילת,107,א,8603248,street,203751.86,552507,694630.71,3438443.66
001027-082292-00107-ג,"כובשי אילת 107ג, דימונה",דימונה,כובשי אילת,107,ג,8603250,street,203751.86,552507,694630.71,3438443.66
001027-082292-00107-ד,"כובשי אילת 107ד, דימונה",דימונה,כובשי אילת,107,ד,8603251,street,203751.86,552507,694630.71,3438443.66
001027-082292-00107-ה,"כובשי אילת 107ה, דימונה",דימונה,כובשי אילת,107,ה,8603252,street,203751.86,552507,694630.71,3438443.66
001027-082292-00108-X,"כובשי אילת 108, דימונה",דימונה,כובשי אילת,108,,8603253,street,203751.86,552507,694630.71,3438443.66
001027-082292-00108-א,"כובשי אילת 108א, דימונה",דימונה,כובשי אילת,108,א,8603254,street,203751.86,552507,694630.71,3438443.66
001027-082292-00108-ב,"כובשי אילת 108ב, דימונה",דימונה,כובשי אילת,108,ב,8603255,street,203751.86,552507,694630.71,3438443.66
001027-082292-00108-ג,"כובשי אילת 108ג, דימונה",דימונה,כובשי אילת,108,ג,8603256,street,203751.86,552507,694630.71,3438443.66
001027-082292-00108-ד,"כובשי אילת 108ד, דימונה",דימונה,כובשי אילת,108,ד,8603257,street,203751.86,552507,694630.71,3438443.66
001027-082292-00108-ה,"כובשי אילת 108ה, דימונה",דימונה,כובשי אילת,108,ה,8603258,street,203751.86,552507,694630.71,3438443.66
001027-082292-00108-ח,"כובשי אילת 108ח, דימונה",דימונה,כובשי אילת,108,ח,8603261,street,203751.86,552507,694630.71,3438443.66
001027-082292-00502-X,"כובשי אילת 502, דימונה",דימונה,כובשי אילת,502,,8603262,street,203751.86,552507,694630.71,3438443.66
001027-082292-00502-א,"כובשי אילת 502א, דימונה",דימונה,כובשי אילת,502,א,8603263,street,203751.86,552507,694630.71,3438443.66
001027-082292-00502-ב,"כובשי אילת 502ב, דימונה",דימונה,כובשי אילת,502,ב,8603264,street,203751.86,552507,694630.71,3438443.66
001027-082292-00502-ג,"כובשי אילת 502ג, דימונה",דימונה,כובשי אילת,502,ג,8603265,street,203751.86,552507,694630.71,3438443.66
001027-082292-01612-X,"כובשי אילת 1612, דימונה",דימונה,כובשי אילת,1612,,8603266,street,203751.86,552507,694630.71,3438443.66
001027-082292-01613-X,"כובשי אילת 1613, דימונה",דימונה,כובשי אילת,1613,,8603267,street,203751.86,552507,694630.71,3438443.66
001027-082292-01614-X,"כובשי אילת 1614, דימונה",דימונה,כובשי אילת,1614,,8603268,street,203751.86,552507,694630.71,3438443.66
001027-082292-01617-X,"כובשי אילת 1617, דימונה",דימונה,כובשי אילת,1617,,8603271,street,203751.86,552507,694630.71,3438443.66
001027-082292-01622-X,"כובשי אילת 1622, דימונה",דימונה,כובשי אילת,1622,,8603272,street,203751.86,552507,694630.71,3438443.66
001027-082292-01623-X,"כובשי אילת 1623, דימונה",דימונה,כובשי אילת,1623,,8603273,street,203751.86,552507,694630.71,3438443.66
001027-082292-01624-X,"כובשי אילת 1624, דימונה",דימונה,כובשי אילת,1624,,8603274,street,203751.86,552507,694630.71,3438443.66
001027-082292-01627-X,"כובשי אילת 1627, דימונה",דימונה,כובשי אילת,1627,,8603277,street,203751.86,552507,694630.71,3438443.66
001027-082292-01629-X,"כובשי אילת 1629, דימונה",דימונה,כובשי אילת,1629,,8603279,street,203751.86,552507,694630.71,3438443.66
001027-082292-01631-X,"כובשי אילת 1631, דימונה",דימונה,כובשי אילת,1631,,8603281,street,203751.86,552507,694630.71,3438443.66
001027-082292-01632-X,"כובשי אילת 1632, דימונה",דימונה,כובשי אילת,1632,,8603282,street,203751.86,552507,694630.71,3438443.66
001027-082292-01633-X,"כובשי אילת 1633, דימונה",דימונה,כובשי אילת,1633,,8603283,street,203751.86,552507,694630.71,3438443.66
001027-082292-01634-X,"כובשי אילת 1634, דימונה",דימונה,כובשי אילת,1634,,8603284,street,203751.86,552507,694630.71,3438443.66
001027-082292-01635-X,"כובשי אילת 1635, דימונה",דימונה,כובשי אילת,1635,,8603285,street,203751.86,552507,694630.71,3438443.66
001027-082292-01636-X,"כובשי אילת 1636, דימונה",דימונה,כובשי אילת,1636,,8603286,street,203751.86,552507,694630.71,3438443.66
001027-082292-01637-X,"כובשי אילת 1637, דימונה",דימונה,כובשי אילת,1637,,8603287,street,203751.86,552507,694630.71,3438443.66
001027-082292-01639-X,"כובשי אילת 1639, דימונה",דימונה,כובשי אילת,1639,,8603289,street,203751.86,552507,694630.71,3438443.66
001027-082292-01640-X,"כובשי אילת 1640, דימונה",דימונה,כובשי אילת,1640,,8603290,street,203751.86,552507,694630.71,3438443.66
001027-082292-01641-X,"כובשי אילת 1641, דימונה",דימונה,כובשי אילת,1641,,8603291,street,203751.86,552507,694630.71,3438443.66
001027-082292-01642-X,"כובשי אילת 1642, דימונה",דימונה,כובשי אילת,1642,,8603292,street,203751.86,552507,694630.71,3438443.66
001027-082292-01643-X,"כובשי אילת 1643, דימונה",דימונה,כובשי אילת,1643,,8603293,street,203751.86,552507,694630.71,3438443.66
001027-082292-01644-X,"כובשי אילת 1644, דימונה",דימונה,כובשי אילת,1644,,8603294,street,203751.86,552507,694630.71,3438443.66
001027-082292-01645-X,"כובשי אילת 1645, דימונה",דימונה,כובשי אילת,1645,,8603295,street,203751.86,552507,694630.71,3438443.66
001027-082292-01646-X,"כובשי אילת 1646, דימונה",דימונה,כובשי אילת,1646,,8603296,street,203751.86,552507,694630.71,3438443.66
001027-082292-01648-X,"כובשי אילת 1648, דימונה",דימונה,כובשי אילת,1648,,8603298,street,203751.86,552507,694630.71,3438443.66
001027-082292-01650-X,"כובשי אילת 1650, דימונה",דימונה,כובשי אילת,1650,,8603901,street,203751.86,552507,694630.71,3438443.66
001027-082292-01651-X,"כובשי אילת 1651, דימונה",דימונה,כובשי אילת,1651,,8603902,street,203751.86,552507,694630.71,3438443.66
001027-082292-01653-X,"כובשי אילת 1653, דימונה",דימונה,כובשי אילת,1653,,8603904,street,203751.86,552507,694630.71,3438443.66
001027-082292-01654-X,"כובשי אילת 1654, דימונה",דימונה,כובשי אילת,1654,,8603905,street,203751.86,552507,694630.71,3438443.66
001027-082292-01655-X,"כובשי אילת 1655, דימונה",דימונה,כובשי אילת,1655,,8603906,street,203751.86,552507,694630.71,3438443.66
001027-082292-01656-X,"כובשי אילת 1656, דימונה",דימונה,כובשי אילת,1656,,8603907,street,203751.86,552507,694630.71,3438443.66
001027-082292-01657-X,"כובשי אילת 1657, דימונה",דימונה,כובשי אילת,1657,,8603908,street,203751.86,552507,694630.71,3438443.66
001027-082292-01658-X,"כובשי אילת 1658, דימונה",דימונה,כובשי אילת,1658,,8603909,street,203751.86,552507,694630.71,3438443.66
001027-082292-01659-X,"כובשי אילת 1659, דימונה",דימונה,כובשי אילת,1659,,8603910,street,203751.86,552507,694630.71,3438443.66
001027-082292-01660-X,"כובשי אילת 1660, דימונה",דימונה,כובשי אילת,1660,,8603911,street,203751.86,552507,694630.71,3438443.66
001027-082334-00235-X,"החשמונאים 235, דימונה",דימונה,החשמונאים,235,,8604140,exact,203571.51,552830.03,694443.97,3438763.07
001027-082334-00235-ג,"החשמונאים 235ג, דימונה",דימונה,החשמונאים,235,ג,8604143,exact,203571.51,552830.03,694443.97,3438763.07
001027-082334-00235-ד,"החשמונאים 235ד, דימונה",דימונה,החשמונאים,235,ד,8604144,exact,203571.51,552830.03,694443.97,3438763.07
001027-082334-00236-X,"החשמונאים 236, דימונה",דימונה,החשמונאים,236,,8604145,exact,203572.29,552802.95,694445.3,3438736.01
001027-082334-00236-א,"החשמונאים 236א, דימונה",דימונה,החשמונאים,236,א,8604146,exact,203572.29,552802.95,694445.3,3438736.01
001027-082334-00236-ב,"החשמונאים 236ב, דימונה",דימונה,החשמונאים,236,ב,8604147,exact,203572.29,552802.95,694445.3,3438736.01
001027-082334-00236-ג,"החשמונאים 236ג, דימונה",דימונה,החשמונאים,236,ג,8604148,exact,203572.29,552802.95,694445.3,3438736.01
001027-082334-00236-ד,"החשמונאים 236ד, דימונה",דימונה,החשמונאים,236,ד,8604149,exact,203572.29,552802.95,694445.3,3438736.01
001027-082334-00237-X,"החשמונאים 237, דימונה",דימונה,החשמונאים,237,,8604150,exact,203571.26,552777.36,694444.77,3438710.4
001027-082334-00237-א,"החשמונאים 237א, דימונה",דימונה,החשמונאים,237,א,8604151,exact,203571.26,552777.36,694444.77,3438710.4
001027-082334-00237-ב,"החשמונאים 237ב, דימונה",דימונה,החשמונאים,237,ב,8604152,exact,203571.26,552777.36,694444.77,3438710.4
001027-082334-00237-ג,"החשמונאים 237ג, דימונה",דימונה,החשמונאים,237,ג,8604153,exact,203571.26,552777.36,694444.77,3438710.4
001027-082334-00502-X,"החשמונאים 502, דימונה",דימונה,החשמונאים,502,,8604155,street,203614.49,552798.72,694487.57,3438732.62
001027-082334-00502-ב,"החשמונאים 502ב, דימונה",דימונה,החשמונאים,502,ב,8604157,street,203614.49,552798.72,694487.57,3438732.62
001027-082334-00502-ג,"החשמונאים 502ג, דימונה",דימונה,החשמונאים,502,ג,8604158,street,203614.49,552798.72,694487.57,3438732.62
001027-082334-00502-ד,"החשמונאים 502ד, דימונה",דימונה,החשמונאים,502,ד,8604159,street,203614.49,552798.72,694487.57,3438732.62
001027-082456-00000-X,"הברוש, דימונה",דימונה,הברוש,,,8602900,street,202871.68,552705.97,693746.71,3438625.13
001027-082456-00003-X,"הברוש 3, דימונה",דימונה,הברוש,3,,8602943,street,202871.68,552705.97,693746.71,3438625.13
001027-082456-00004-X,"הברוש 4, דימונה",דימונה,הברוש,4,,8602944,exact,202908.92,552713.15,693783.81,3438633.05
001027-082456-00005-X,"הברוש 5, דימונה",דימונה,הברוש,5,,8602945,street,202871.68,552705.97,693746.71,3438625.13
001027-082456-00006-X,"הברוש 6, דימונה",דימונה,הברוש,6,,8602946,street,202871.68,552705.97,693746.71,3438625.13
001027-082456-00007-X,"הברוש 7, דימונה",דימונה,הברוש,7,,8602947,exact,202935.93,552721.84,693810.64,3438642.28
001027-082456-00008-X,"הברוש 8, דימונה",דימונה,הברוש,8,,8602948,street,202871.68,552705.97,693746.71,3438625.13
001027-082456-00009-X,"הברוש 9, דימונה",דימונה,הברוש,9,,8602949,exact,202932.14,552706.96,693807.15,3438627.32
001027-082456-00010-X,"הברוש 10, דימונה",דימונה,הברוש,10,,8602950,street,202871.68,552705.97,693746.71,3438625.13
001027-082456-00011-X,"הברוש 11, דימונה",דימונה,הברוש,11,,8602951,exact,202896.62,552684.71,693772.07,3438604.37
001027-082456-00012-X,"הברוש 12, דימונה",דימונה,הברוש,12,,8602952,street,202871.68,552705.97,693746.71,3438625.13
001027-082456-00013-X,"הברוש 13, דימונה",דימונה,הברוש,13,,8602953,street,202871.68,552705.97,693746.71,3438625.13
001027-082456-00014-X,"הברוש 14, דימונה",דימונה,הברוש,14,,8602954,street,202871.68,552705.97,693746.71,3438625.13
001027-082456-00015-X,"הברוש 15, דימונה",דימונה,הברוש,15,,8602955,street,202871.68,552705.97,693746.71,3438625.13
001027-082456-00017-X,"הברוש 17, דימונה",דימונה,הברוש,17,,8602957,street,202871.68,552705.97,693746.71,3438625.13
001027-082456-00018-X,"הברוש 18, דימונה",דימונה,הברוש,18,,8602958,street,202871.68,552705.97,693746.71,3438625.13
001027-082456-00019-X,"הברוש 19, דימונה",דימונה,הברוש,19,,8602959,exact,202848.27,552719.96,693723.03,3438638.66
001027-082456-00020-X,"הברוש 20, דימונה",דימונה,הברוש,20,,8602960,street,202871.68,552705.97,693746.71,3438625.13
001027-082456-00021-X,"הברוש 21, דימונה",דימונה,הברוש,21,,8602961,street,202871.68,552705.97,693746.71,3438625.13
001027-082456-00022-X,"הברוש 22, דימונה",דימונה,הברוש,22,,8602962,street,202871.68,552705.97,693746.71,3438625.13
001027-082456-00023-X,"הברוש 23, דימונה",דימונה,הברוש,23,,8602963,street,202871.68,552705.97,693746.71,3438625.13
001027-082456-00024-X,"הברוש 24, דימונה",דימונה,הברוש,24,,8602964,street,202871.68,552705.97,693746.71,3438625.13
001027-082584-00001-X,"השקד 1, דימונה",דימונה,השקד,1,,8610537,street,202668.81,552527.14,693547.42,3438442.3
001027-082584-00002-X,"השקד 2, דימונה",דימונה,השקד,2,,8610538,street,202668.81,552527.14,693547.42,3438442.3
001027-082584-00004-X,"השקד 4, דימונה",דימונה,השקד,4,,8610540,street,202668.81,552527.14,693547.42,3438442.3
001027-082584-00005-X,"השקד 5, דימונה",דימונה,השקד,5,,8610541,street,202668.81,552527.14,693547.42,3438442.3
001027-082584-00006-X,"השקד 6, דימונה",דימונה,השקד,6,,8610542,street,202668.81,552527.14,693547.42,3438442.3
001027-082584-00007-X,"השקד 7, דימונה",דימונה,השקד,7,,8610543,street,202668.81,552527.14,693547.42,3438442.3
001027-082584-00010-X,"השקד 10, דימונה",דימונה,השקד,10,,8610546,street,202668.81,552527.14,693547.42,3438442.3
001027-082584-00011-X,"השקד 11, דימונה",דימונה,השקד,11,,8610547,street,202668.81,552527.14,693547.42,3438442.3
001027-082584-00012-X,"השקד 12, דימונה",דימונה,השקד,12,,8610548,street,202668.81,552527.14,693547.42,3438442.3
001027-082584-00013-X,"השקד 13, דימונה",דימונה,השקד,13,,8610549,street,202668.81,552527.14,693547.42,3438442.3
001027-082584-00014-X,"השקד 14, דימונה",דימונה,השקד,14,,8610550,street,202668.81,552527.14,693547.42,3438442.3
001027-082646-00000-X,"התירוש, דימונה",דימונה,התירוש,,,8602800,street,202265.62,552491.84,693145,3438398.99
001027-082646-00001-X,"התירוש 1, דימונה",דימונה,התירוש,1,,8610551,street,202265.62,552491.84,693145,3438398.99
001027-082646-00002-X,"התירוש 2, דימונה",דימונה,התירוש,2,,8610552,street,202265.62,552491.84,693145,3438398.99
001027-082646-00003-X,"התירוש 3, דימונה",דימונה,התירוש,3,,8610553,street,202265.62,552491.84,693145,3438398.99
001027-082646-00004-X,"התירוש 4, דימונה",דימונה,התירוש,4,,8610554,street,202265.62,552491.84,693145,3438398.99
001027-082646-00005-X,"התירוש 5, דימונה",דימונה,התירוש,5,,8610555,street,202265.62,552491.84,693145,3438398.99
001027-082646-00006-X,"התירוש 6, דימונה",דימונה,התירוש,6,,8610556,street,202265.62,552491.84,693145,3438398.99
001027-082646-00007-X,"התירוש 7, דימונה",דימונה,התירוש,7,,8610557,street,202265.62,552491.84,693145,3438398.99
001027-082646-00009-X,"התירוש 9, דימונה",דימונה,התירוש,9,,8610559,street,202265.62,552491.84,693145,3438398.99
001027-082646-00010-X,"התירוש 10, דימונה",דימונה,התירוש,10,,8610560,street,202265.62,552491.84,693145,3438398.99
001027-082646-00011-X,"התירוש 11, דימונה",דימונה,התירוש,11,,8610561,street,202265.62,552491.84,693145,3438398.99
001027-082646-00012-X,"התירוש 12, דימונה",דימונה,התירוש,12,,8610562,street,202265.62,552491.84,693145,3438398.99
001027-082646-00013-X,"התירוש 13, דימונה",דימונה,התירוש,13,,8610563,street,202265.62,552491.84,693145,3438398.99
001027-082646-00014-X,"התירוש 14, דימונה",דימונה,התירוש,14,,8610564,street,202265.62,552491.84,693145,3438398.99
001027-082696-00013-X,"היורה 13, דימונה",דימונה,היורה,13,,8601818,exact,203078.1,552102.6,693965.09,3438025.95
001027-082696-00067-X,"היורה 67, דימונה",דימונה,היורה,67,,8601814,street,203066.32,552086.99,693953.62,3438010.11
001027-082696-00067-א,"היורה 67א, דימונה",דימונה,היורה,67,א,8601815,street,203066.32,552086.99,693953.62,3438010.11
001027-082696-00067-ב,"היורה 67ב, דימונה",דימונה,היורה,67,ב,8601816,street,203066.32,552086.99,693953.62,3438010.11
001027-082696-00774-X,"היורה 774, דימונה",דימונה,היורה,774,,8601226,street,203066.32,552086.99,693953.62,3438010.11
001027-082696-00775-X,"היורה 775, דימונה",דימונה,היורה,775,,8601227,street,203066.32,552086.99,693953.62,3438010.11
001027-082696-00776-X,"היורה 776, דימונה",דימונה,היורה,776,,8601228,street,203066.32,552086.99,693953.62,3438010.11
001027-082696-00777-X,"היורה 777, דימונה",דימונה,היורה,777,,8601229,street,203066.32,552086.99,693953.62,3438010.11
001027-082696-00778-X,"היורה 778, דימונה",דימונה,היורה,778,,8601230,street,203066.32,552086.99,693953.62,3438010.11
001027-082696-00779-X,"היורה 779, דימונה",דימונה,היורה,779,,8601231,street,203066.32,552086.99,693953.62,3438010.11
001027-082696-00780-X,"היורה 780, דימונה",דימונה,היורה,780,,8601232,street,203066.32,552086.99,693953.62,3438010.11
001027-082696-00781-X,"היורה 781, דימונה",דימונה,היורה,781,,8601233,street,203066.32,552086.99,693953.62,3438010.11
001027-082696-00785-X,"היורה 785, דימונה",דימונה,היורה,785,,8601237,street,203066.32,552086.99,693953.62,3438010.11
001027-082696-00786-X,"היורה 786, דימונה",דימונה,היורה,786,,8601238,street,203066.32,552086.99,693953.62,3438010.11
001027-082696-00787-X,"היורה 787, דימונה",דימונה,היורה,787,,8601239,street,203066.32,552086.99,693953.62,3438010.11
001027-082696-00788-X,"היורה 788, דימונה",דימונה,היורה,788,,8601240,street,203066.32,552086.99,693953.62,3438010.11
001027-082696-00790-X,"היורה 790, דימונה",דימונה,היורה,790,,8601242,street,203066.32,552086.99,693953.62,3438010.11
001027-082696-00791-X,"היורה 791, דימונה",דימונה,היורה,791,,8601243,street,203066.32,552086.99,693953.62,3438010.11
001027-082696-00792-X,"היורה 792, דימונה",דימונה,היורה,792,,8601244,street,203066.32,552086.99,693953.62,3438010.11
001027-082696-00793-X,"היורה 793, דימונה",דימונה,היורה,793,,8601245,street,203066.32,552086.99,693953.62,3438010.11
001027-082696-00795-X,"היורה 795, דימונה",דימונה,היורה,795,,8601247,street,203066.32,552086.99,693953.62,3438010.11
001027-082696-00796-X,"היורה 796, דימונה",דימונה,היורה,796,,8601248,street,203066.32,552086.99,693953.62,3438010.11
001027-082696-00797-X,"היורה 797, דימונה",דימונה,היורה,797,,8601249,street,203066.32,552086.99,693953.62,3438010.11
001027-082696-00798-X,"היורה 798, דימונה",דימונה,היורה,798,,8601250,street,203066.32,552086.99,693953.62,3438010.11
001027-082696-00799-X,"היורה 799, דימונה",דימונה,היורה,799,,8601251,street,203066.32,552086.99,693953.62,3438010.11
001027-082759-00025-ב,"הצבר 25ב, דימונה",דימונה,הצבר,25,ב,8603306,street,203312.83,552404.85,694193.78,3438332.81
001027-082759-00026-X,"הצבר 26, דימונה",דימונה,הצבר,26,,8603307,street,203312.83,552404.85,694193.78,3438332.81
001027-082759-00026-א,"הצבר 26א, דימונה",דימונה,הצבר,26,א,8603308,street,203312.83,552404.85,694193.78,3438332.81
001027-082759-00026-ב,"הצבר 26ב, דימונה",דימונה,הצבר,26,ב,8603309,street,203312.83,552404.85,694193.78,3438332.81
001027-082759-00027-א,"הצבר 27א, דימונה",דימונה,הצבר,27,א,8603311,street,203312.83,552404.85,694193.78,3438332.81
001027-082759-00027-ב,"הצבר 27ב, דימונה",דימונה,הצבר,27,ב,8603312,street,203312.83,552404.85,694193.78,3438332.81
001027-082952-01006-X,"העצמאות 1006, דימונה",דימונה,העצמאות,1006,,8616606,street,202751.72,553170.26,693617.55,3439086.97
001027-082952-01009-X,"העצמאות 1009, דימונה",דימונה,העצמאות,1009,,8605001,street,202751.72,553170.26,693617.55,3439086.97
001027-082952-01009-א,"העצמאות 1009א, דימונה",דימונה,העצמאות,1009,א,8605002,street,202751.72,553170.26,693617.55,3439086.97
001027-082952-01012-X,"העצמאות 1012, דימונה",דימונה,העצמאות,1012,,8605004,street,202751.72,553170.26,693617.55,3439086.97
001027-082952-01012-א,"העצמאות 1012א, דימונה",דימונה,העצמאות,1012,א,8605005,street,202751.72,553170.26,693617.55,3439086.97
001027-082952-01012-ב,"העצמאות 1012ב, דימונה",דימונה,העצמאות,1012,ב,8605006,street,202751.72,553170.26,693617.55,3439086.97
001027-082952-01012-ג,"העצמאות 1012ג, דימונה",דימונה,העצמאות,1012,ג,8605007,street,202751.72,553170.26,693617.55,3439086.97
001027-082952-01012-ד,"העצמאות 1012ד, דימונה",דימונה,העצמאות,1012,ד,8605008,street,202751.72,553170.26,693617.55,3439086.97
001027-082952-01012-ה,"העצמאות 1012ה, דימונה",דימונה,העצמאות,1012,ה,8605009,street,202751.72,553170.26,693617.55,3439086.97
001027-082952-01013-X,"העצמאות 1013, דימונה",דימונה,העצמאות,1013,,8605010,street,202751.72,553170.26,693617.55,3439086.97
001027-082952-01013-א,"העצמאות 1013א, דימונה",דימונה,העצמאות,1013,א,8605011,street,202751.72,553170.26,693617.55,3439086.97
001027-082952-01013-ב,"העצמאות 1013ב, דימונה",דימונה,העצמאות,1013,ב,8605012,street,202751.72,553170.26,693617.55,3439086.97
001027-082952-01013-ג,"העצמאות 1013ג, דימונה",דימונה,העצמאות,1013,ג,8605013,street,202751.72,553170.26,693617.55,3439086.97
001027-082952-01013-ד,"העצמאות 1013ד, דימונה",דימונה,העצמאות,1013,ד,8605014,street,202751.72,553170.26,693617.55,3439086.97
001027-082996-00001-X,"המעפיל 1, דימונה",דימונה,המעפיל,1,,8605048,street,203414.1,553423.19,694274.81,3439353.02
001027-082996-00002-X,"המעפיל 2, דימונה",דימונה,המעפיל,2,,8605049,exact,202836.93,553355.42,693699.07,3439273.8
001027-082996-00004-X,"המעפיל 4, דימונה",דימונה,המעפיל,4,,8605051,exact,202856.83,553395.93,693718.16,3439314.69
001027-082996-00006-X,"המעפיל 6, דימונה",דימונה,המעפיל,6,,8605053,exact,202892.3,553398.27,693753.58,3439317.74
001027-082996-00007-X,"המעפיל 7, דימונה",דימונה,המעפיל,7,,8605054,street,203414.1,553423.19,694274.81,3439353.02
001027-082996-00008-X,"המעפיל 8, דימונה",דימונה,המעפיל,8,,8605055,street,203414.1,553423.19,694274.81,3439353.02
001027-082996-00009-X,"המעפיל 9, דימונה",דימונה,המעפיל,9,,8605056,exact,203135.98,553448.62,693996.22,3439372.92
001027-082996-00011-X,"המעפיל 11, דימונה",דימונה,המעפיל,11,,8605058,exact,203146.61,553442.46,694006.98,3439366.97
001027-082996-00012-X,"המעפיל 12, דימונה",דימונה,המעפיל,12,,8605059,exact,203145.34,553407.65,694006.4,3439332.14
001027-082996-00013-X,"המעפיל 13, דימונה",דימונה,המעפיל,13,,8605060,exact,203158.1,553448.46,694018.34,3439373.2
001027-082996-00014-X,"המעפיל 14, דימונה",דימונה,המעפיל,14,,8605061,exact,203153.49,553403.92,694014.62,3439328.57
001027-082996-00015-X,"המעפיל 15, דימונה",דימונה,המעפיל,15,,8605062,exact,203173.79,553442.53,694034.15,3439367.58
001027-082996-00016-X,"המעפיל 16, דימונה",דימונה,המעפיל,16,,8605063,exact,203160.41,553408.1,694021.46,3439332.89
001027-082996-00017-X,"המעפיל 17, דימונה",דימונה,המעפיל,17,,8605064,exact,203184.66,553447.5,694044.92,3439372.77
001027-082996-00018-X,"המעפיל 18, דימונה",דימונה,המעפיל,18,,8605065,street,203414.1,553423.19,694274.81,3439353.02
001027-082996-00019-X,"המעפיל 19, דימונה",דימונה,המעפיל,19,,8605066,exact,203197.75,553443.13,694058.1,3439368.66
001027-082996-00021-X,"המעפיל 21, דימונה",דימונה,המעפיל,21,,8605068,exact,203276.69,553445.51,694136.98,3439372.61
001027-082996-00022-X,"המעפיל 22, דימונה",דימונה,המעפיל,22,,8605069,exact,203287.76,553409.03,694148.77,3439336.35
001027-082996-00026-X,"המעפיל 26, דימונה",דימונה,המעפיל,26,,8605073,exact,203321.04,553409.5,694182.04,3439337.48
001027-082996-00027-X,"המעפיל 27, דימונה",דימונה,המעפיל,27,,8605074,exact,203316.3,553452.31,694176.44,3439380.19
001027-082996-00028-X,"המעפיל 28, דימונה",דימונה,המעפיל,28,,8605075,exact,203337.64,553406.58,694198.69,3439334.89
001027-082996-00029-X,"המעפיל 29, דימונה",דימונה,המעפיל,29,,8605076,exact,203330.36,553458.23,694190.38,3439386.38
001027-082996-00032-X,"המעפיל 32, דימונה",דימונה,המעפיל,32,,8605079,exact,203384.15,553406.65,694245.19,3439335.88
001027-082996-00036-X,"המעפיל 36, דימונה",דימונה,המעפיל,36,,8605083,exact,203421.51,553407.46,694282.53,3439337.43
001027-082996-00038-X,"המעפיל 38, דימונה",דימונה,המעפיל,38,,8605085,exact,203442.13,553406.6,694303.16,3439336.98
001027-082996-00039-X,"המעפיל 39, דימונה",דימונה,המעפיל,39,,8605086,street,203414.1,553423.19,694274.81,3439353.02
001027-082996-00041-X,"המעפיל 41, דימונה",דימונה,המעפיל,41,,8605088,street,203414.1,553423.19,694274.81,3439353.02
001027-082996-00042-X,"המעפיל 42, דימונה",דימונה,המעפיל,42,,8605089,exact,203499.35,553406.65,694360.37,3439338.17
001027-082996-00043-X,"המעפיל 43, דימונה",דימונה,המעפיל,43,,8605090,street,203414.1,553423.19,694274.81,3439353.02
001027-082996-00044-X,"המעפיל 44, דימונה",דימונה,המעפיל,44,,8605091,exact,203517.88,553407.21,694378.89,3439339.1
001027-082996-00045-X,"המעפיל 45, דימונה",דימונה,המעפיל,45,,8605092,street,203414.1,553423.19,694274.81,3439353.02
001027-082996-00047-X,"המעפיל 47, דימונה",דימונה,המעפיל,47,,8605094,exact,203390.82,553447.81,694251.04,3439377.17
001027-082996-00049-X,"המעפיל 49, דימונה",דימונה,המעפיל,49,,8605096,exact,203401.8,553452.83,694261.92,3439382.41
001027-082996-00050-X,"המעפיל 50, דימונה",דימונה,המעפיל,50,,8605097,exact,203576.19,553406.29,694437.21,3439339.34
001027-082996-00051-X,"המעפיל 51, דימונה",דימונה,המעפיל,51,,8605098,exact,203417.01,553455.12,694277.08,3439385
001027-082996-00052-X,"המעפיל 52, דימונה",דימונה,המעפיל,52,,8605099,street,203414.1,553423.19,694274.81,3439353.02
001027-082996-00053-X,"המעפיל 53, דימונה",דימונה,המעפיל,53,,8616601,exact,203429.92,553453.12,694290.03,3439383.25
001027-082996-00054-X,"המעפיל 54, דימונה",דימונה,המעפיל,54,,8607801,exact,203680.28,553414.95,694541.11,3439350.07
001027-082996-00055-X,"המעפיל 55, דימונה",דימונה,המעפיל,55,,8607802,exact,203444.84,553460.36,694304.81,3439390.79
001027-082996-00056-X,"המעפיל 56, דימונה",דימונה,המעפיל,56,,8607803,exact,203698.07,553412.43,694558.95,3439347.9
001027-082996-00058-X,"המעפיל 58, דימונה",דימונה,המעפיל,58,,8607805,exact,203717.15,553413.97,694578,3439349.82
001027-082996-00059-X,"המעפיל 59, דימונה",דימונה,המעפיל,59,,8607806,exact,203752.27,553440.54,694612.58,3439377.08
001027-082996-00060-X,"המעפיל 60, דימונה",דימונה,המעפיל,60,,8607807,exact,203733.07,553414.52,694593.91,3439350.68
001027-082996-00061-X,"המעפיל 61, דימונה",דימונה,המעפיל,61,,8607808,exact,203783.24,553439.08,694643.58,3439376.24
001027-082996-00064-X,"המעפיל 64, דימונה",דימונה,המעפיל,64,,8607811,exact,203778.09,553406.73,694639.07,3439343.79
001027-082996-00065-X,"המעפיל 65, דימונה",דימונה,המעפיל,65,,8607812,exact,203821.18,553419.81,694681.9,3439357.72
001027-082996-00066-X,"המעפיל 66, דימונה",דימונה,המעפיל,66,,8607813,exact,203799.26,553398.7,694660.4,3439336.18
001027-082996-00067-X,"המעפיל 67, דימונה",דימונה,המעפיל,67,,8607814,exact,203835.03,553412.49,694695.89,3439350.68
001027-082996-00068-X,"המעפיל 68, דימונה",דימונה,המעפיל,68,,8607815,exact,203812.91,553385.3,694674.31,3439323.05
001027-082996-00069-X,"המעפיל 69, דימונה",דימונה,המעפיל,69,,8607816,exact,203850.56,553397.37,694711.72,3439335.87
001027-082996-00070-X,"המעפיל 70, דימונה",דימונה,המעפיל,70,,8607817,exact,203827.32,553372.24,694688.98,3439310.28
001027-082996-00071-X,"המעפיל 71, דימונה",דימונה,המעפיל,71,,8607818,exact,203859.24,553382.7,694720.69,3439321.37
001027-082996-00072-X,"המעפיל 72, דימונה",דימונה,המעפיל,72,,8607819,exact,203839.82,553362.68,694701.67,3439300.97
001027-082996-00073-X,"המעפיל 73, דימונה",דימונה,המעפיל,73,,8607820,exact,203902.83,553339.69,694765.12,3439279.24
001027-082996-00075-X,"המעפיל 75, דימונה",דימונה,המעפיל,75,,8607822,exact,203919.73,553325.58,694782.3,3439265.46
001027-082996-00076-X,"המעפיל 76, דימונה",דימונה,המעפיל,76,,8607823,exact,203866.33,553328.17,694728.86,3439266.99
001027-082996-00077-X,"המעפיל 77, דימונה",דימונה,המעפיל,77,,8607824,exact,203927.39,553308.81,694790.29,3439248.85
001027-082996-00078-X,"המעפיל 78, דימונה",דימונה,המעפיל,78,,8607825,exact,203879.46,553316.6,694742.22,3439255.69
001027-082996-00079-X,"המעפיל 79, דימונה",דימונה,המעפיל,79,,8607826,exact,203933.68,553294.8,694796.86,3439234.96
001027-082996-00081-X,"המעפיל 81, דימונה",דימונה,המעפיל,81,,8607828,exact,203943.87,553276.19,694807.43,3439216.56
001027-082996-00082-X,"המעפיל 82, דימונה",דימונה,המעפיל,82,,8607829,exact,203902.21,553289.55,694765.5,3439229.09
001027-082996-00083-X,"המעפיל 83, דימונה",דימונה,המעפיל,83,,8607830,exact,203950.08,553260.02,694813.95,3439200.52
001027-082996-00084-X,"המעפיל 84, דימונה",דימונה,המעפיל,84,,8607831,exact,203914.23,553270.3,694777.9,3439210.08
001027-082996-00085-X,"המעפיל 85, דימונה",דימונה,המעפיל,85,,8607832,exact,203959.03,553220.57,694823.68,3439161.25
001027-082996-00087-X,"המעפיל 87, דימונה",דימונה,המעפיל,87,,8607834,exact,203971.78,553210.79,694836.62,3439151.73
001027-082996-00088-X,"המעפיל 88, דימונה",דימונה,המעפיל,88,,8607835,exact,203948.7,553187.15,694814.02,3439127.63
001027-082996-00090-X,"המעפיל 90, דימונה",דימונה,המעפיל,90,,8607837,exact,203961.28,553174.93,694826.84,3439115.66
001027-082996-00091-X,"המעפיל 91, דימונה",דימונה,המעפיל,91,,8616602,exact,203992.56,553187.48,694857.87,3439128.84
001027-082996-00092-X,"המעפיל 92, דימונה",דימונה,המעפיל,92,,8607838,exact,203972.65,553166.08,694838.39,3439107.04
001027-082996-00093-X,"המעפיל 93, דימונה",דימונה,המעפיל,93,,8616603,street,203414.1,553423.19,694274.81,3439353.02
001027-082996-00094-X,"המעפיל 94, דימונה",דימונה,המעפיל,94,,8607839,exact,203983.67,553155,694849.62,3439096.18
001027-082996-00096-X,"המעפיל 96, דימונה",דימונה,המעפיל,96,,8607840,exact,203995.95,553146.33,694862.08,3439087.76
001027-082996-00098-X,"המעפיל 98, דימונה",דימונה,המעפיל,98,,8607841,exact,204005.14,553132.28,694871.54,3439073.89
001027-082996-00102-X,"המעפיל 102, דימונה",דימונה,המעפיל,102,,8616605,street,203414.1,553423.19,694274.81,3439353.02
001027-082996-01015-X,"המעפיל 1015, דימונה",דימונה,המעפיל,1015,,8614102,street,203414.1,553423.19,694274.81,3439353.02
001027-082996-01015-א,"המעפיל 1015א, דימונה",דימונה,המעפיל,1015,א,8614103,street,203414.1,553423.19,694274.81,3439353.02
001027-082996-01015-ג,"המעפיל 1015ג, דימונה",דימונה,המעפיל,1015,ג,8614105,street,203414.1,553423.19,694274.81,3439353.02
001027-082996-01015-ה,"המעפיל 1015ה, דימונה",דימונה,המעפיל,1015,ה,8614107,street,203414.1,553423.19,694274.81,3439353.02
001027-082996-01015-ו,"המעפיל 1015ו, דימונה",דימונה,המעפיל,1015,ו,8614108,street,203414.1,553423.19,694274.81,3439353.02
001027-082996-01055-X,"המעפיל 1055, דימונה",דימונה,המעפיל,1055,,8614201,street,203414.1,553423.19,694274.81,3439353.02
001027-082996-01055-א,"המעפיל 1055א, דימונה",דימונה,המעפיל,1055,א,8614202,street,203414.1,553423.19,694274.81,3439353.02
001027-082996-01055-ב,"המעפיל 1055ב, דימונה",דימונה,המעפיל,1055,ב,8614203,street,203414.1,553423.19,694274.81,3439353.02
001027-082996-01055-ג,"המעפיל 1055ג, דימונה",דימונה,המעפיל,1055,ג,8614204,street,203414.1,553423.19,694274.81,3439353.02
001027-082996-01055-ד,"המעפיל 1055ד, דימונה",דימונה,המעפיל,1055,ד,8614205,street,203414.1,553423.19,694274.81,3439353.02
001027-082996-01055-ה,"המעפיל 1055ה, דימונה",דימונה,המעפיל,1055,ה,8614206,street,203414.1,553423.19,694274.81,3439353.02
001027-082996-01067-X,"המעפיל 1067, דימונה",דימונה,המעפיל,1067,,8614208,street,203414.1,553423.19,694274.81,3439353.02
001027-082996-01067-א,"המעפיל 1067א, דימונה",דימונה,המעפיל,1067,א,8614209,street,203414.1,553423.19,694274.81,3439353.02
001027-082996-01067-ב,"המעפיל 1067ב, דימונה",דימונה,המעפיל,1067,ב,8614210,street,203414.1,553423.19,694274.81,3439353.02
001027-082996-01067-ג,"המעפיל 1067ג, דימונה",דימונה,המעפיל,1067,ג,8614211,street,203414.1,553423.19,694274.81,3439353.02
001027-082996-01067-ד,"המעפיל 1067ד, דימונה",דימונה,המעפיל,1067,ד,8614212,street,203414.1,553423.19,694274.81,3439353.02
001027-082996-01067-ה,"המעפיל 1067ה, דימונה",דימונה,המעפיל,1067,ה,8614213,street,203414.1,553423.19,694274.81,3439353.02
001027-082996-01067-ו,"המעפיל 1067ו, דימונה",דימונה,המעפיל,1067,ו,8614214,street,203414.1,553423.19,694274.81,3439353.02
001027-082996-01205-א,"המעפיל 1205א, דימונה",דימונה,המעפיל,1205,א,8607846,exact,203282.68,553445.72,694142.96,3439372.93
001027-082996-01205-ב,"המעפיל 1205ב, דימונה",דימונה,המעפיל,1205,ב,8607847,exact,203282.68,553445.72,694142.96,3439372.93
001027-082996-01205-ג,"המעפיל 1205ג, דימונה",דימונה,המעפיל,1205,ג,8607848,exact,203282.68,553445.72,694142.96,3439372.93
001027-082996-01205-ד,"המעפיל 1205ד, דימונה",דימונה,המעפיל,1205,ד,8607849,exact,203282.68,553445.72,694142.96,3439372.93
001027-082996-01205-ה,"המעפיל 1205ה, דימונה",דימונה,המעפיל,1205,ה,8607850,exact,203282.68,553445.72,694142.96,3439372.93
001027-082996-01209-X,"המעפיל 1209, דימונה",דימונה,המעפיל,1209,,8607851,street,203414.1,553423.19,694274.81,3439353.02
001027-082996-01209-א,"המעפיל 1209א, דימונה",דימונה,המעפיל,1209,א,8607852,street,203414.1,553423.19,694274.81,3439353.02
001027-082996-01209-ג,"המעפיל 1209ג, דימונה",דימונה,המעפיל,1209,ג,8607854,street,203414.1,553423.19,694274.81,3439353.02
001027-082996-01209-ד,"המעפיל 1209ד, דימונה",דימונה,המעפיל,1209,ד,8607855,street,203414.1,553423.19,694274.81,3439353.02
001027-082996-01209-ה,"המעפיל 1209ה, דימונה",דימונה,המעפיל,1209,ה,8607856,street,203414.1,553423.19,694274.81,3439353.02
001027-082996-01215-X,"המעפיל 1215, דימונה",דימונה,המעפיל,1215,,8607857,street,203414.1,553423.19,694274.81,3439353.02
001027-082996-01215-א,"המעפיל 1215א, דימונה",דימונה,המעפיל,1215,א,8607858,street,203414.1,553423.19,694274.81,3439353.02
001027-082996-01215-ב,"המעפיל 1215ב, דימונה",דימונה,המעפיל,1215,ב,8607859,street,203414.1,553423.19,694274.81,3439353.02
001027-082996-01215-ד,"המעפיל 1215ד, דימונה",דימונה,המעפיל,1215,ד,8607861,street,203414.1,553423.19,694274.81,3439353.02
001027-082996-01237-X,"המעפיל 1237, דימונה",דימונה,המעפיל,1237,,8607863,street,203414.1,553423.19,694274.81,3439353.02
001027-082996-01237-א,"המעפיל 1237א, דימונה",דימונה,המעפיל,1237,א,8607864,street,203414.1,553423.19,694274.81,3439353.02
001027-082996-01237-ב,"המעפיל 1237ב, דימונה",דימונה,המעפיל,1237,ב,8607865,street,203414.1,553423.19,694274.81,3439353.02
001027-082996-01237-ג,"המעפיל 1237ג, דימונה",דימונה,המעפיל,1237,ג,8607866,street,203414.1,553423.19,694274.81,3439353.02
001027-082996-01237-ד,"המעפיל 1237ד, דימונה",דימונה,המעפיל,1237,ד,8607867,street,203414.1,553423.19,694274.81,3439353.02
001027-082996-01237-ה,"המעפיל 1237ה, דימונה",דימונה,המעפיל,1237,ה,8607868,street,203414.1,553423.19,694274.81,3439353.02
001027-082996-01238-X,"המעפיל 1238, דימונה",דימונה,המעפיל,1238,,8607869,street,203414.1,553423.19,694274.81,3439353.02
001027-082996-01238-ב,"המעפיל 1238ב, דימונה",דימונה,המעפיל,1238,ב,8607871,street,203414.1,553423.19,694274.81,3439353.02
001027-082996-01238-ה,"המעפיל 1238ה, דימונה",דימונה,המעפיל,1238,ה,8607874,street,203414.1,553423.19,694274.81,3439353.02
001027-082996-01239-X,"המעפיל 1239, דימונה",דימונה,המעפיל,1239,,8607875,street,203414.1,553423.19,694274.81,3439353.02
001027-082996-01239-א,"המעפיל 1239א, דימונה",דימונה,המעפיל,1239,א,8607876,street,203414.1,553423.19,694274.81,3439353.02
001027-082996-01239-ב,"המעפיל 1239ב, דימונה",דימונה,המעפיל,1239,ב,8607877,street,203414.1,553423.19,694274.81,3439353.02
001027-082996-01239-ג,"המעפיל 1239ג, דימונה",דימונה,המעפיל,1239,ג,8607878,street,203414.1,553423.19,694274.81,3439353.02
001027-082996-01239-ה,"המעפיל 1239ה, דימונה",דימונה,המעפיל,1239,ה,8607880,street,203414.1,553423.19,694274.81,3439353.02
001027-083058-00000-X,"טיילת הספורט, דימונה",דימונה,טיילת הספורט,,,8617900,street,203110.71,553353,693972.85,3439276.81
001027-083058-00004-X,"טיילת הספורט 4, דימונה",דימונה,טיילת הספורט,4,,8617961,exact,203123.12,553023.36,693991.82,3438947.46
001027-083058-00006-X,"טיילת הספורט 6, דימונה",דימונה,טיילת הספורט,6,,8617962,exact,203123.89,553050.53,693992.05,3438974.65
001027-083058-00008-X,"טיילת הספורט 8, דימונה",דימונה,טיילת הספורט,8,,8617963,exact,203123.32,553078.57,693990.92,3439002.68
001027-083058-00010-X,"טיילת הספורט 10, דימונה",דימונה,טיילת הספורט,10,,8617964,exact,203123.18,553106.61,693990.22,3439030.7
001027-083058-00012-X,"טיילת הספורט 12, דימונה",דימונה,טיילת הספורט,12,,8617965,exact,203123.12,553133.56,693989.63,3439057.65
001027-083058-00016-X,"טיילת הספורט 16, דימונה",דימונה,טיילת הספורט,16,,8617967,street,203110.71,553353,693972.85,3439276.81
001027-083058-00018-X,"טיילת הספורט 18, דימונה",דימונה,טיילת הספורט,18,,8617968,exact,203119.88,553267,693983.73,3439191.01
001027-083058-00021-X,"טיילת הספורט 21, דימונה",דימונה,טיילת הספורט,21,,8617983,street,203110.71,553353,693972.85,3439276.81
001027-083058-00024-X,"טיילת הספורט 24, דימונה",דימונה,טיילת הספורט,24,,8617971,exact,203125.59,553347.79,693987.84,3439271.9
001027-083058-00026-X,"טיילת הספורט 26, דימונה",דימונה,טיילת הספורט,26,,8617972,exact,203123.04,553377.04,693984.71,3439301.09
001027-083058-00028-X,"טיילת הספורט 28, דימונה",דימונה,טיילת הספורט,28,,8617973,exact,203121.89,553405.29,693983,3439329.32
001027-083058-00032-X,"טיילת הספורט 32, דימונה",דימונה,טיילת הספורט,32,,8617975,exact,203132.39,553484.17,693991.93,3439408.39
001027-083058-00034-X,"טיילת הספורט 34, דימונה",דימונה,טיילת הספורט,34,,8617976,exact,203133.17,553527.25,693991.85,3439451.48
001027-083058-00036-X,"טיילת הספורט 36, דימונה",דימונה,טיילת הספורט,36,,8617977,exact,203136.3,553582.67,693993.88,3439506.96
001027-083058-00040-X,"טיילת הספורט 40, דימונה",דימונה,טיילת הספורט,40,,8617979,exact,203124.29,553637.86,693980.77,3439561.9
001027-083058-00042-X,"טיילת הספורט 42, דימונה",דימונה,טיילת הספורט,42,,8617980,exact,203124.65,553667.17,693980.56,3439591.21
001027-083058-00046-X,"טיילת הספורט 46, דימונה",דימונה,טיילת הספורט,46,,8617982,exact,203124.85,553721.27,693979.68,3439645.31
001027-083058-00287-X,"טיילת הספורט 287, דימונה",דימונה,טיילת הספורט,287,,8617985,street,203110.71,553353,693972.85,3439276.81
001027-083058-00288-X,"טיילת הספורט 288, דימונה",דימונה,טיילת הספורט,288,,8617984,street,203110.71,553353,693972.85,3439276.81
001027-083058-01047-א,"טיילת הספורט 1047א, דימונה",דימונה,טיילת הספורט,1047,א,8617902,street,203110.71,553353,693972.85,3439276.81
001027-083058-01047-ב,"טיילת הספורט 1047ב, דימונה",דימונה,טיילת הספורט,1047,ב,8617903,street,203110.71,553353,693972.85,3439276.81
001027-083058-01047-ג,"טיילת הספורט 1047ג, דימונה",דימונה,טיילת הספורט,1047,ג,8617904,street,203110.71,553353,693972.85,3439276.81
001027-083058-01047-ה,"טיילת הספורט 1047ה, דימונה",דימונה,טיילת הספורט,1047,ה,8617906,street,203110.71,553353,693972.85,3439276.81
001027-083058-01047-ו,"טיילת הספורט 1047ו, דימונה",דימונה,טיילת הספורט,1047,ו,8617907,street,203110.71,553353,693972.85,3439276.81
001027-083058-01047-ז,"טיילת הספורט 1047ז, דימונה",דימונה,טיילת הספורט,1047,ז,8617908,street,203110.71,553353,693972.85,3439276.81
001027-083058-01048-X,"טיילת הספורט 1048, דימונה",דימונה,טיילת הספורט,1048,,8617909,street,203110.71,553353,693972.85,3439276.81
001027-083058-01048-א,"טיילת הספורט 1048א, דימונה",דימונה,טיילת הספורט,1048,א,8617910,street,203110.71,553353,693972.85,3439276.81
001027-083058-01048-ב,"טיילת הספורט 1048ב, דימונה",דימונה,טיילת הספורט,1048,ב,8617911,street,203110.71,553353,693972.85,3439276.81
001027-083058-01048-ג,"טיילת הספורט 1048ג, דימונה",דימונה,טיילת הספורט,1048,ג,8617912,street,203110.71,553353,693972.85,3439276.81
001027-083058-01048-ד,"טיילת הספורט 1048ד, דימונה",דימונה,טיילת הספורט,1048,ד,8617913,street,203110.71,553353,693972.85,3439276.81
001027-083058-01049-א,"טיילת הספורט 1049א, דימונה",דימונה,טיילת הספורט,1049,א,8617915,street,203110.71,553353,693972.85,3439276.81
001027-083058-01049-ד,"טיילת הספורט 1049ד, דימונה",דימונה,טיילת הספורט,1049,ד,8617918,street,203110.71,553353,693972.85,3439276.81
001027-083058-01050-ב,"טיילת הספורט 1050ב, דימונה",דימונה,טיילת הספורט,1050,ב,8617921,street,203110.71,553353,693972.85,3439276.81
001027-083058-01050-ג,"טיילת הספורט 1050ג, דימונה",דימונה,טיילת הספורט,1050,ג,8617922,street,203110.71,553353,693972.85,3439276.81
001027-083058-01050-ד,"טיילת הספורט 1050ד, דימונה",דימונה,טיילת הספורט,1050,ד,8617923,street,203110.71,553353,693972.85,3439276.81
001027-083058-01051-X,"טיילת הספורט 1051, דימונה",דימונה,טיילת הספורט,1051,,8617924,street,203110.71,553353,693972.85,3439276.81
001027-083058-01051-א,"טיילת הספורט 1051א, דימונה",דימונה,טיילת הספורט,1051,א,8617925,street,203110.71,553353,693972.85,3439276.81
001027-083058-01051-ב,"טיילת הספורט 1051ב, דימונה",דימונה,טיילת הספורט,1051,ב,8617926,street,203110.71,553353,693972.85,3439276.81
001027-083058-01051-ג,"טיילת הספורט 1051ג, דימונה",דימונה,טיילת הספורט,1051,ג,8617927,street,203110.71,553353,693972.85,3439276.81
001027-083058-01051-ד,"טיילת הספורט 1051ד, דימונה",דימונה,טיילת הספורט,1051,ד,8617928,street,203110.71,553353,693972.85,3439276.81
001027-083058-01056-X,"טיילת הספורט 1056, דימונה",דימונה,טיילת הספורט,1056,,8617929,street,203110.71,553353,693972.85,3439276.81
001027-083058-01056-א,"טיילת הספורט 1056א, דימונה",דימונה,טיילת הספורט,1056,א,8617930,street,203110.71,553353,693972.85,3439276.81
001027-083058-01056-ב,"טיילת הספורט 1056ב, דימונה",דימונה,טיילת הספורט,1056,ב,8617931,street,203110.71,553353,693972.85,3439276.81
001027-083058-01056-ג,"טיילת הספורט 1056ג, דימונה",דימונה,טיילת הספורט,1056,ג,8617932,street,203110.71,553353,693972.85,3439276.81
001027-083058-01056-ד,"טיילת הספורט 1056ד, דימונה",דימונה,טיילת הספורט,1056,ד,8617933,street,203110.71,553353,693972.85,3439276.81
001027-083058-01057-X,"טיילת הספורט 1057, דימונה",דימונה,טיילת הספורט,1057,,8617934,street,203110.71,553353,693972.85,3439276.81
001027-083058-01057-א,"טיילת הספורט 1057א, דימונה",דימונה,טיילת הספורט,1057,א,8617935,street,203110.71,553353,693972.85,3439276.81
001027-083058-01057-ב,"טיילת הספורט 1057ב, דימונה",דימונה,טיילת הספורט,1057,ב,8617936,street,203110.71,553353,693972.85,3439276.81
001027-083058-01057-ג,"טיילת הספורט 1057ג, דימונה",דימונה,טיילת הספורט,1057,ג,8617937,street,203110.71,553353,693972.85,3439276.81
001027-083058-01057-ד,"טיילת הספורט 1057ד, דימונה",דימונה,טיילת הספורט,1057,ד,8617938,street,203110.71,553353,693972.85,3439276.81
001027-083058-01058-X,"טיילת הספורט 1058, דימונה",דימונה,טיילת הספורט,1058,,8617939,street,203110.71,553353,693972.85,3439276.81
001027-083058-01058-ד,"טיילת הספורט 1058ד, דימונה",דימונה,טיילת הספורט,1058,ד,8617943,street,203110.71,553353,693972.85,3439276.81
001027-083058-01059-X,"טיילת הספורט 1059, דימונה",דימונה,טיילת הספורט,1059,,8617944,street,203110.71,553353,693972.85,3439276.81
001027-083058-01059-א,"טיילת הספורט 1059א, דימונה",דימונה,טיילת הספורט,1059,א,8617945,street,203110.71,553353,693972.85,3439276.81
001027-083058-01059-ב,"טיילת הספורט 1059ב, דימונה",דימונה,טיילת הספורט,1059,ב,8617946,street,203110.71,553353,693972.85,3439276.81
001027-083058-01059-ג,"טיילת הספורט 1059ג, דימונה",דימונה,טיילת הספורט,1059,ג,8617947,street,203110.71,553353,693972.85,3439276.81
001027-083058-01059-ד,"טיילת הספורט 1059ד, דימונה",דימונה,טיילת הספורט,1059,ד,8617948,street,203110.71,553353,693972.85,3439276.81
001027-083058-01060-א,"טיילת הספורט 1060א, דימונה",דימונה,טיילת הספורט,1060,א,8617950,street,203110.71,553353,693972.85,3439276.81
001027-083058-01060-ב,"טיילת הספורט 1060ב, דימונה",דימונה,טיילת הספורט,1060,ב,8617951,street,203110.71,553353,693972.85,3439276.81
001027-083058-01060-ג,"טיילת הספורט 1060ג, דימונה",דימונה,טיילת הספורט,1060,ג,8617952,street,203110.71,553353,693972.85,3439276.81
001027-083058-01060-ד,"טיילת הספורט 1060ד, דימונה",דימונה,טיילת הספורט,1060,ד,8617953,street,203110.71,553353,693972.85,3439276.81
001027-083058-01066-X,"טיילת הספורט 1066, דימונה",דימונה,טיילת הספורט,1066,,8617954,street,203110.71,553353,693972.85,3439276.81
001027-083058-01066-א,"טיילת הספורט 1066א, דימונה",דימונה,טיילת הספורט,1066,א,8617955,street,203110.71,553353,693972.85,3439276.81
001027-083058-01066-ב,"טיילת הספורט 1066ב, דימונה",דימונה,טיילת הספורט,1066,ב,8617956,street,203110.71,553353,693972.85,3439276.81
001027-083058-01066-ג,"טיילת הספורט 1066ג, דימונה",דימונה,טיילת הספורט,1066,ג,8617957,street,203110.71,553353,693972.85,3439276.81
001027-083058-01066-ד,"טיילת הספורט 1066ד, דימונה",דימונה,טיילת הספורט,1066,ד,8617958,street,203110.71,553353,693972.85,3439276.81
001027-083058-01066-ה,"טיילת הספורט 1066ה, דימונה",דימונה,טיילת הספורט,1066,ה,8617959,street,203110.71,553353,693972.85,3439276.81
001027-083222-00000-X,"המלך דוד, דימונה",דימונה,המלך דוד,,,8614300,street,203266.32,553111.76,694133.24,3439038.7
001027-083222-00285-X,"המלך דוד 285, דימונה",דימונה,המלך דוד,285,,8614301,street,203266.32,553111.76,694133.24,3439038.7
001027-083222-00285-א,"המלך דוד 285א, דימונה",דימונה,המלך דוד,285,א,8614302,street,203266.32,553111.76,694133.24,3439038.7
001027-083222-00285-ג,"המלך דוד 285ג, דימונה",דימונה,המלך דוד,285,ג,8614304,street,203266.32,553111.76,694133.24,3439038.7
001027-083222-00285-ד,"המלך דוד 285ד, דימונה",דימונה,המלך דוד,285,ד,8614305,street,203266.32,553111.76,694133.24,3439038.7
001027-083222-00285-ה,"המלך דוד 285ה, דימונה",דימונה,המלך דוד,285,ה,8614306,street,203266.32,553111.76,694133.24,3439038.7
001027-083222-00285-ו,"המלך דוד 285ו, דימונה",דימונה,המלך דוד,285,ו,8614307,street,203266.32,553111.76,694133.24,3439038.7
001027-083222-00286-א,"המלך דוד 286א, דימונה",דימונה,המלך דוד,286,א,8614309,street,203266.32,553111.76,694133.24,3439038.7
001027-083222-00286-ד,"המלך דוד 286ד, דימונה",דימונה,המלך דוד,286,ד,8614312,street,203266.32,553111.76,694133.24,3439038.7
001027-083222-00286-ה,"המלך דוד 286ה, דימונה",דימונה,המלך דוד,286,ה,8614313,street,203266.32,553111.76,694133.24,3439038.7
001027-083222-00286-ו,"המלך דוד 286ו, דימונה",דימונה,המלך דוד,286,ו,8614314,street,203266.32,553111.76,694133.24,3439038.7
001027-083222-00286-ח,"המלך דוד 286ח, דימונה",דימונה,המלך דוד,286,ח,8614316,street,203266.32,553111.76,694133.24,3439038.7
001027-083222-00286-ט,"המלך דוד 286ט, דימונה",דימונה,המלך דוד,286,ט,8614317,street,203266.32,553111.76,694133.24,3439038.7
001027-083222-00287-א,"המלך דוד 287א, דימונה",דימונה,המלך דוד,287,א,8614319,street,203266.32,553111.76,694133.24,3439038.7
001027-083222-00287-ב,"המלך דוד 287ב, דימונה",דימונה,המלך דוד,287,ב,8614320,street,203266.32,553111.76,694133.24,3439038.7
001027-083222-00288-א,"המלך דוד 288א, דימונה",דימונה,המלך דוד,288,א,8614323,exact,203160.06,553080.42,694027.62,3439005.25
001027-083222-00288-ב,"המלך דוד 288ב, דימונה",דימונה,המלך דוד,288,ב,8614324,exact,203160.06,553080.42,694027.62,3439005.25
001027-083222-00288-ג,"המלך דוד 288ג, דימונה",דימונה,המלך דוד,288,ג,8614325,exact,203160.06,553080.42,694027.62,3439005.25
001027-083222-00289-X,"המלך דוד 289, דימונה",דימונה,המלך דוד,289,,8614326,exact,203161.79,553106.39,694028.83,3439031.25
001027-083222-00289-א,"המלך דוד 289א, דימונה",דימונה,המלך דוד,289,א,8614327,exact,203161.79,553106.39,694028.83,3439031.25
001027-083222-00289-ב,"המלך דוד 289ב, דימונה",דימונה,המלך דוד,289,ב,8614328,exact,203161.79,553106.39,694028.83,3439031.25
001027-083222-00289-ג,"המלך דוד 289ג, דימונה",דימונה,המלך דוד,289,ג,8614329,exact,203161.79,553106.39,694028.83,3439031.25
001027-083222-00293-X,"המלך דוד 293, דימונה",דימונה,המלך דוד,293,,8614330,exact,203204.8,553132.23,694071.32,3439057.94
001027-083222-00293-ב,"המלך דוד 293ב, דימונה",דימונה,המלך דוד,293,ב,8614332,exact,203204.8,553132.23,694071.32,3439057.94
001027-083222-00293-ג,"המלך דוד 293ג, דימונה",דימונה,המלך דוד,293,ג,8614333,exact,203204.8,553132.23,694071.32,3439057.94
001027-083222-00293-ד,"המלך דוד 293ד, דימונה",דימונה,המלך דוד,293,ד,8614334,exact,203204.8,553132.23,694071.32,3439057.94
001027-083222-00293-ה,"המלך דוד 293ה, דימונה",דימונה,המלך דוד,293,ה,8614335,exact,203204.8,553132.23,694071.32,3439057.94
001027-083222-00293-ו,"המלך דוד 293ו, דימונה",דימונה,המלך דוד,293,ו,8614336,exact,203204.8,553132.23,694071.32,3439057.94
001027-083222-00293-ז,"המלך דוד 293ז, דימונה",דימונה,המלך דוד,293,ז,8614337,exact,203204.8,553132.23,694071.32,3439057.94
001027-083222-00293-ח,"המלך דוד 293ח, דימונה",דימונה,המלך דוד,293,ח,8614338,exact,203204.8,553132.23,694071.32,3439057.94
001027-083222-00293-ט,"המלך דוד 293ט, דימונה",דימונה,המלך דוד,293,ט,8614339,exact,203204.8,553132.23,694071.32,3439057.94
001027-083463-00000-X,"סטרומה, דימונה",דימונה,סטרומה,,,8607600,street,203108.71,553748.89,693963,3439672.61
001027-083523-00001-X,"רחבת האיסיים 1, דימונה",דימונה,רחבת האיסיים,1,,8604729,exact,203632.95,552804.04,694505.92,3438738.31
001027-083523-00002-X,"רחבת האיסיים 2, דימונה",דימונה,רחבת האיסיים,2,,8604730,exact,203627.5,552778.71,694500.98,3438712.87
001027-083523-00004-X,"רחבת האיסיים 4, דימונה",דימונה,רחבת האיסיים,4,,8604732,exact,203645.19,552777.37,694518.69,3438711.88
001027-083523-00005-X,"רחבת האיסיים 5, דימונה",דימונה,רחבת האיסיים,5,,8604733,exact,203672.84,552789.63,694546.1,3438724.69
001027-083523-00006-X,"רחבת האיסיים 6, דימונה",דימונה,רחבת האיסיים,6,,8604734,exact,203656.99,552744.12,694531.15,3438678.87
001027-083523-00007-X,"רחבת האיסיים 7, דימונה",דימונה,רחבת האיסיים,7,,8604735,exact,203687.78,552786.74,694561.09,3438722.09
001027-083523-00008-X,"רחבת האיסיים 8, דימונה",דימונה,רחבת האיסיים,8,,8604736,exact,203676.03,552733.61,694550.39,3438668.74
001027-083523-00009-X,"רחבת האיסיים 9, דימונה",דימונה,רחבת האיסיים,9,,8604737,street,203693.44,552766.84,694567.14,3438702.31
001027-083523-00011-X,"רחבת האיסיים 11, דימונה",דימונה,רחבת האיסיים,11,,8604739,street,203693.44,552766.84,694567.14,3438702.31
001027-083523-00013-X,"רחבת האיסיים 13, דימונה",דימונה,רחבת האיסיים,13,,8604741,street,203693.44,552766.84,694567.14,3438702.31
001027-083523-00014-X,"רחבת האיסיים 14, דימונה",דימונה,רחבת האיסיים,14,,8604742,street,203693.44,552766.84,694567.14,3438702.31
001027-083523-00015-X,"רחבת האיסיים 15, דימונה",דימונה,רחבת האיסיים,15,,8604743,street,203693.44,552766.84,694567.14,3438702.31
001027-083571-00001-X,"שד בן גוריון 1, דימונה",דימונה,שד בן גוריון,1,,8607602,exact,203221.45,552994.72,694090.7,3438920.78
001027-083571-00003-X,"שד בן גוריון 3, דימונה",דימונה,שד בן גוריון,3,,8607603,exact,203226.62,553020.12,694095.37,3438946.29
001027-083571-00005-X,"שד בן גוריון 5, דימונה",דימונה,שד בן גוריון,5,,8607604,exact,203229.41,553040.97,694097.74,3438967.18
001027-083571-00015-X,"שד בן גוריון 15, דימונה",דימונה,שד בן גוריון,15,,8607609,exact,203228.25,553094.37,694095.51,3439020.56
001027-083571-00017-X,"שד בן גוריון 17, דימונה",דימונה,שד בן גוריון,17,,8607610,exact,203223.78,553131,694090.32,3439057.09
001027-083571-00019-X,"שד בן גוריון 19, דימונה",דימונה,שד בן גוריון,19,,8607611,exact,203230.1,553154.28,694096.18,3439080.49
001027-083571-00021-X,"שד בן גוריון 21, דימונה",דימונה,שד בן גוריון,21,,8607612,exact,203227.5,553165.92,694093.35,3439092.08
001027-083571-00023-X,"שד בן גוריון 23, דימונה",דימונה,שד בן גוריון,23,,8607613,exact,203230.4,553177.56,694096.02,3439103.78
001027-083571-00027-X,"שד בן גוריון 27, דימונה",דימונה,שד בן גוריון,27,,8607615,exact,203230.57,553203.03,694095.68,3439129.25
001027-083571-00029-X,"שד בן גוריון 29, דימונה",דימונה,שד בן גוריון,29,,8607616,exact,203229.59,553222.43,694094.32,3439148.62
001027-083571-00031-X,"שד בן גוריון 31, דימונה",דימונה,שד בן גוריון,31,,8607617,exact,203226.83,553233.38,694091.34,3439159.51
001027-083571-00033-X,"שד בן גוריון 33, דימונה",דימונה,שד בן גוריון,33,,8607618,exact,203229.25,553242.34,694093.58,3439168.52
001027-083571-00037-X,"שד בן גוריון 37, דימונה",דימונה,שד בן גוריון,37,,8607620,exact,203228.99,553262.17,694092.92,3439188.35
001027-083571-00039-X,"שד בן גוריון 39, דימונה",דימונה,שד בן גוריון,39,,8607621,exact,203229.28,553292.54,694092.61,3439218.72
001027-083571-00043-X,"שד בן גוריון 43, דימונה",דימונה,שד בן גוריון,43,,8607623,exact,203229.26,553301.23,694092.41,3439227.4
001027-083571-00047-X,"שד בן גוריון 47, דימונה",דימונה,שד בן גוריון,47,,8607625,exact,203229.21,553312.32,694092.15,3439238.49
001027-083571-00051-X,"שד בן גוריון 51, דימונה",דימונה,שד בן גוריון,51,,8607627,exact,203229.18,553322.86,694091.91,3439249.03
001027-083571-00053-X,"שד בן גוריון 53, דימונה",דימונה,שד בן גוריון,53,,8607628,exact,203229.63,553342.18,694091.98,3439268.35
001027-083571-00057-X,"שד בן גוריון 57, דימונה",דימונה,שד בן גוריון,57,,8607630,exact,203229.9,553363.63,694091.82,3439289.81
001027-083571-00063-X,"שד בן גוריון 63, דימונה",דימונה,שד בן גוריון,63,,8607633,exact,203227.23,553393.52,694088.55,3439319.64
001027-083571-00065-X,"שד בן גוריון 65, דימונה",דימונה,שד בן גוריון,65,,8607634,exact,203230.21,553404.1,694091.33,3439330.27
001027-083571-00067-X,"שד בן גוריון 67, דימונה",דימונה,שד בן גוריון,67,,8607635,exact,203208.72,553492.24,694068.09,3439417.97
001027-083571-00069-X,"שד בן גוריון 69, דימונה",דימונה,שד בן גוריון,69,,8607636,exact,203229.29,553468.93,694089.12,3439395.08
001027-083571-00073-X,"שד בן גוריון 73, דימונה",דימונה,שד בן גוריון,73,,8607638,street,203242.08,553470.71,694101.87,3439397.11
001027-083571-00075-X,"שד בן גוריון 75, דימונה",דימונה,שד בן גוריון,75,,8607639,street,203242.08,553470.71,694101.87,3439397.11
001027-083571-00077-X,"שד בן גוריון 77, דימונה",דימונה,שד בן גוריון,77,,8607640,street,203242.08,553470.71,694101.87,3439397.11
001027-083571-00079-X,"שד בן גוריון 79, דימונה",דימונה,שד בן גוריון,79,,8607641,street,203242.08,553470.71,694101.87,3439397.11
001027-083571-00083-X,"שד בן גוריון 83, דימונה",דימונה,שד בן גוריון,83,,8607643,exact,203225.59,553602.38,694082.76,3439528.43
001027-083571-00085-X,"שד בן גוריון 85, דימונה",דימונה,שד בן גוריון,85,,8607644,exact,203227.66,553614.83,694084.59,3439540.93
001027-083571-00087-X,"שד בן גוריון 87, דימונה",דימונה,שד בן גוריון,87,,8607645,exact,203228.96,553637.98,694085.43,3439564.1
001027-083571-00089-X,"שד בן גוריון 89, דימונה",דימונה,שד בן גוריון,89,,8607646,exact,203226.74,553651,694082.95,3439577.07
001027-083571-00093-X,"שד בן גוריון 93, דימונה",דימונה,שד בן גוריון,93,,8607648,exact,203226.59,553673.38,694082.35,3439599.44
001027-083571-00095-X,"שד בן גוריון 95, דימונה",דימונה,שד בן גוריון,95,,8607649,exact,203228.86,553684.72,694084.4,3439610.83
001027-083571-00097-X,"שד בן גוריון 97, דימונה",דימונה,שד בן גוריון,97,,8607650,exact,203226.59,553698.36,694081.86,3439624.42
001027-083571-00099-X,"שד בן גוריון 99, דימונה",דימונה,שד בן גוריון,99,,8607651,exact,203214.16,553718.44,694069.03,3439644.25
001027-083571-00122-X,"שד בן גוריון 122, דימונה",דימונה,שד בן גוריון,122,,8607652,street,203242.08,553470.71,694101.87,3439397.11
001027-083571-00126-X,"שד בן גוריון 126, דימונה",דימונה,שד בן גוריון,126,,8607653,street,203242.08,553470.71,694101.87,3439397.11
001027-083571-01041-X,"שד בן גוריון 1041, דימונה",דימונה,שד בן גוריון,1041,,8607655,exact,203226.44,553183.66,694091.94,3439109.8
001027-083571-01041-א,"שד בן גוריון 1041א, דימונה",דימונה,שד בן גוריון,1041,א,8607656,exact,203226.44,553183.66,694091.94,3439109.8
001027-083571-01041-ב,"שד בן גוריון 1041ב, דימונה",דימונה,שד בן גוריון,1041,ב,8607657,exact,203226.44,553183.66,694091.94,3439109.8
001027-083571-01041-ג,"שד בן גוריון 1041ג, דימונה",דימונה,שד בן גוריון,1041,ג,8607658,exact,203226.44,553183.66,694091.94,3439109.8
001027-083571-01041-ד,"שד בן גוריון 1041ד, דימונה",דימונה,שד בן גוריון,1041,ד,8607659,exact,203226.44,553183.66,694091.94,3439109.8
001027-083571-01041-ה,"שד בן גוריון 1041ה, דימונה",דימונה,שד בן גוריון,1041,ה,8607660,exact,203226.44,553183.66,694091.94,3439109.8
001027-083571-01042-X,"שד בן גוריון 1042, דימונה",דימונה,שד בן גוריון,1042,,8607661,exact,203223.77,553242.5,694088.1,3439168.57
001027-083571-01042-א,"שד בן גוריון 1042א, דימונה",דימונה,שד בן גוריון,1042,א,8607662,exact,203223.77,553242.5,694088.1,3439168.57
001027-083571-01042-ב,"שד בן גוריון 1042ב, דימונה",דימונה,שד בן גוריון,1042,ב,8607663,exact,203223.77,553242.5,694088.1,3439168.57
001027-083571-01042-ד,"שד בן גוריון 1042ד, דימונה",דימונה,שד בן גוריון,1042,ד,8607665,exact,203223.77,553242.5,694088.1,3439168.57
001027-083571-01043-X,"שד בן גוריון 1043, דימונה",דימונה,שד בן גוריון,1043,,8607666,exact,203225.62,553319.82,694088.41,3439245.92
001027-083571-01043-א,"שד בן גוריון 1043א, דימונה",דימונה,שד בן גוריון,1043,א,8607667,exact,203225.62,553319.82,694088.41,3439245.92
001027-083571-01043-ב,"שד בן גוריון 1043ב, דימונה",דימונה,שד בן גוריון,1043,ב,8607668,exact,203225.62,553319.82,694088.41,3439245.92
001027-083571-01043-ג,"שד בן גוריון 1043ג, דימונה",דימונה,שד בן גוריון,1043,ג,8607669,exact,203225.62,553319.82,694088.41,3439245.92
001027-083571-01044-X,"שד בן גוריון 1044, דימונה",דימונה,שד בן גוריון,1044,,8613901,street,203242.08,553470.71,694101.87,3439397.11
001027-083571-01044-א,"שד בן גוריון 1044א, דימונה",דימונה,שד בן גוריון,1044,א,8613902,street,203242.08,553470.71,694101.87,3439397.11
001027-083571-01044-ב,"שד בן גוריון 1044ב, דימונה",דימונה,שד בן גוריון,1044,ב,8613903,street,203242.08,553470.71,694101.87,3439397.11
001027-083571-01044-ג,"שד בן גוריון 1044ג, דימונה",דימונה,שד בן גוריון,1044,ג,8613904,street,203242.08,553470.71,694101.87,3439397.11
001027-083571-01044-ד,"שד בן גוריון 1044ד, דימונה",דימונה,שד בן גוריון,1044,ד,8613905,street,203242.08,553470.71,694101.87,3439397.11
001027-083571-01044-ו,"שד בן גוריון 1044ו, דימונה",דימונה,שד בן גוריון,1044,ו,8613907,street,203242.08,553470.71,694101.87,3439397.11
001027-083571-01045-X,"שד בן גוריון 1045, דימונה",דימונה,שד בן גוריון,1045,,8613908,street,203242.08,553470.71,694101.87,3439397.11
001027-083571-01045-ב,"שד בן גוריון 1045ב, דימונה",דימונה,שד בן גוריון,1045,ב,8613910,street,203242.08,553470.71,694101.87,3439397.11
001027-083571-01045-ג,"שד בן גוריון 1045ג, דימונה",דימונה,שד בן גוריון,1045,ג,8613911,street,203242.08,553470.71,694101.87,3439397.11
001027-083571-01046-X,"שד בן גוריון 1046, דימונה",דימונה,שד בן גוריון,1046,,8613912,exact,203232.71,553715.96,694087.63,3439642.14
001027-083571-01046-א,"שד בן גוריון 1046א, דימונה",דימונה,שד בן גוריון,1046,א,8613913,exact,203232.71,553715.96,694087.63,3439642.14
001027-083571-01046-ב,"שד בן גוריון 1046ב, דימונה",דימונה,שד בן גוריון,1046,ב,8613914,exact,203232.71,553715.96,694087.63,3439642.14
001027-083571-01046-ג,"שד בן גוריון 1046ג, דימונה",דימונה,שד בן גוריון,1046,ג,8613915,exact,203232.71,553715.96,694087.63,3439642.14
001027-083571-01046-ד,"שד בן גוריון 1046ד, דימונה",דימונה,שד בן גוריון,1046,ד,8613916,exact,203232.71,553715.96,694087.63,3439642.14
001027-083571-01046-ה,"שד בן גוריון 1046ה, דימונה",דימונה,שד בן גוריון,1046,ה,8613917,exact,203232.71,553715.96,694087.63,3439642.14
001027-083571-01046-ו,"שד בן גוריון 1046ו, דימונה",דימונה,שד בן גוריון,1046,ו,8613918,exact,203232.71,553715.96,694087.63,3439642.14
001027-083571-01064-X,"שד בן גוריון 1064, דימונה",דימונה,שד בן גוריון,1064,,8613919,exact,203224.88,553544.43,694083.21,3439470.48
001027-083571-01065-X,"שד בן גוריון 1065, דימונה",דימונה,שד בן גוריון,1065,,8613920,exact,203223.33,553471.96,694083.1,3439397.99
001027-083571-01100-X,"שד בן גוריון 1100, דימונה",דימונה,שד בן גוריון,1100,,8607670,street,203242.08,553470.71,694101.87,3439397.11
001027-083571-01101-X,"שד בן גוריון 1101, דימונה",דימונה,שד בן גוריון,1101,,8607671,exact,203263.84,553698.28,694119.1,3439625.08
001027-083571-01102-X,"שד בן גוריון 1102, דימונה",דימונה,שד בן גוריון,1102,,8607672,street,203242.08,553470.71,694101.87,3439397.11
001027-083571-01103-X,"שד בן גוריון 1103, דימונה",דימונה,שד בן גוריון,1103,,8607673,street,203242.08,553470.71,694101.87,3439397.11
001027-083571-01201-X,"שד בן גוריון 1201, דימונה",דימונה,שד בן גוריון,1201,,8607674,street,203242.08,553470.71,694101.87,3439397.11
001027-083571-01316-X,"שד בן גוריון 1316, דימונה",דימונה,שד בן גוריון,1316,,8614001,street,203242.08,553470.71,694101.87,3439397.11
001027-083571-01316-א,"שד בן גוריון 1316א, דימונה",דימונה,שד בן גוריון,1316,א,8614002,street,203242.08,553470.71,694101.87,3439397.11
001027-083571-01316-ב,"שד בן גוריון 1316ב, דימונה",דימונה,שד בן גוריון,1316,ב,8614003,street,203242.08,553470.71,694101.87,3439397.11
001027-083571-01316-ג,"שד בן גוריון 1316ג, דימונה",דימונה,שד בן גוריון,1316,ג,8614004,street,203242.08,553470.71,694101.87,3439397.11
001027-083571-01316-ד,"שד בן גוריון 1316ד, דימונה",דימונה,שד בן גוריון,1316,ד,8614005,street,203242.08,553470.71,694101.87,3439397.11
001027-083571-01316-ו,"שד בן גוריון 1316ו, דימונה",דימונה,שד בן גוריון,1316,ו,8614007,street,203242.08,553470.71,694101.87,3439397.11
001027-083571-01317-X,"שד בן גוריון 1317, דימונה",דימונה,שד בן גוריון,1317,,8614008,street,203242.08,553470.71,694101.87,3439397.11
001027-083571-01318-X,"שד בן גוריון 1318, דימונה",דימונה,שד בן גוריון,1318,,8607675,exact,203261.49,553895.1,694112.85,3439821.83
001027-083571-01318-א,"שד בן גוריון 1318א, דימונה",דימונה,שד בן גוריון,1318,א,8607676,exact,203261.49,553895.1,694112.85,3439821.83
001027-083571-01318-ב,"שד בן גוריון 1318ב, דימונה",דימונה,שד בן גוריון,1318,ב,8607677,exact,203261.49,553895.1,694112.85,3439821.83
001027-083571-01318-ג,"שד בן גוריון 1318ג, דימונה",דימונה,שד בן גוריון,1318,ג,8607678,exact,203261.49,553895.1,694112.85,3439821.83
001027-083571-01318-ד,"שד בן גוריון 1318ד, דימונה",דימונה,שד בן גוריון,1318,ד,8607679,exact,203261.49,553895.1,694112.85,3439821.83
001027-083571-01318-ה,"שד בן גוריון 1318ה, דימונה",דימונה,שד בן גוריון,1318,ה,8607680,exact,203261.49,553895.1,694112.85,3439821.83
001027-083571-01318-ו,"שד בן גוריון 1318ו, דימונה",דימונה,שד בן גוריון,1318,ו,8607681,exact,203261.49,553895.1,694112.85,3439821.83
001027-083571-01318-ז,"שד בן גוריון 1318ז, דימונה",דימונה,שד בן גוריון,1318,ז,8607682,exact,203261.49,553895.1,694112.85,3439821.83
001027-083571-01319-X,"שד בן גוריון 1319, דימונה",דימונה,שד בן גוריון,1319,,8614009,street,203242.08,553470.71,694101.87,3439397.11
001027-083571-01319-א,"שד בן גוריון 1319א, דימונה",דימונה,שד בן גוריון,1319,א,8614010,street,203242.08,553470.71,694101.87,3439397.11
001027-083571-01319-ג,"שד בן גוריון 1319ג, דימונה",דימונה,שד בן גוריון,1319,ג,8614012,street,203242.08,553470.71,694101.87,3439397.11
001027-083571-01323-X,"שד בן גוריון 1323, דימונה",דימונה,שד בן גוריון,1323,,8607683,street,203242.08,553470.71,694101.87,3439397.11
001027-083571-01323-ב,"שד בן גוריון 1323ב, דימונה",דימונה,שד בן גוריון,1323,ב,8607685,street,203242.08,553470.71,694101.87,3439397.11
001027-083571-01323-ג,"שד בן גוריון 1323ג, דימונה",דימונה,שד בן גוריון,1323,ג,8607686,street,203242.08,553470.71,694101.87,3439397.11
001027-083571-01323-ה,"שד בן גוריון 1323ה, דימונה",דימונה,שד בן גוריון,1323,ה,8607688,street,203242.08,553470.71,694101.87,3439397.11
001027-083571-01324-X,"שד בן גוריון 1324, דימונה",דימונה,שד בן גוריון,1324,,8613921,street,203242.08,553470.71,694101.87,3439397.11
001027-083571-01325-X,"שד בן גוריון 1325, דימונה",דימונה,שד בן גוריון,1325,,8607689,street,203242.08,553470.71,694101.87,3439397.11
001027-083571-01326-X,"שד בן גוריון 1326, דימונה",דימונה,שד בן גוריון,1326,,8613922,street,203242.08,553470.71,694101.87,3439397.11
001027-083571-01327-X,"שד בן גוריון 1327, דימונה",דימונה,שד בן גוריון,1327,,8607690,street,203242.08,553470.71,694101.87,3439397.11
001027-083571-01327-א,"שד בן גוריון 1327א, דימונה",דימונה,שד בן גוריון,1327,א,8607691,street,203242.08,553470.71,694101.87,3439397.11
001027-083571-01327-ג,"שד בן גוריון 1327ג, דימונה",דימונה,שד בן גוריון,1327,ג,8607693,street,203242.08,553470.71,694101.87,3439397.11
001027-083571-01327-ד,"שד בן גוריון 1327ד, דימונה",דימונה,שד בן גוריון,1327,ד,8607694,street,203242.08,553470.71,694101.87,3439397.11
001027-083633-00001-X,"דרך השלום 1, דימונה",דימונה,דרך השלום,1,,8607101,exact,203306.21,553544.75,694164.52,3439472.42
001027-083633-00003-X,"דרך השלום 3, דימונה",דימונה,דרך השלום,3,,8607103,exact,203308.18,553548.54,694166.41,3439476.25
001027-083633-00004-X,"דרך השלום 4, דימונה",דימונה,דרך השלום,4,,8607104,exact,203327.74,553524.91,694186.44,3439453
001027-083633-00005-X,"דרך השלום 5, דימונה",דימונה,דרך השלום,5,,8607105,exact,203315.55,553549.38,694173.77,3439477.23
001027-083633-00006-X,"דרך השלום 6, דימונה",דימונה,דרך השלום,6,,8607106,exact,203330.38,553532.39,694188.94,3439460.54
001027-083633-00009-X,"דרך השלום 9, דימונה",דימונה,דרך השלום,9,,8607109,exact,203324.72,553554.51,694182.83,3439482.54
001027-083633-00010-X,"דרך השלום 10, דימונה",דימונה,דרך השלום,10,,8607110,exact,203338.52,553534.14,694197.04,3439462.45
001027-083633-00011-X,"דרך השלום 11, דימונה",דימונה,דרך השלום,11,,8607111,exact,203329.19,553560.25,694187.19,3439488.37
001027-083633-00013-X,"דרך השלום 13, דימונה",דימונה,דרך השלום,13,,8607113,exact,203340.08,553566.59,694197.95,3439494.92
001027-083633-00015-X,"דרך השלום 15, דימונה",דימונה,דרך השלום,15,,8607115,exact,203342.63,553573.2,694200.37,3439501.59
001027-083633-00016-X,"דרך השלום 16, דימונה",דימונה,דרך השלום,16,,8607116,exact,203353.99,553546.5,694212.26,3439475.11
001027-083633-00017-X,"דרך השלום 17, דימונה",דימונה,דרך השלום,17,,8607117,exact,203348.98,553571.67,694206.75,3439500.18
001027-083633-00018-X,"דרך השלום 18, דימונה",דימונה,דרך השלום,18,,8607118,exact,203363.2,553548.4,694221.43,3439477.2
001027-083633-00019-X,"דרך השלום 19, דימונה",דימונה,דרך השלום,19,,8607119,exact,203351.39,553578.83,694209.02,3439507.39
001027-083633-00021-X,"דרך השלום 21, דימונה",דימונה,דרך השלום,21,,8607121,exact,203357.5,553576.58,694215.17,3439505.26
001027-083633-00022-X,"דרך השלום 22, דימונה",דימונה,דרך השלום,22,,8607122,exact,203375.45,553557.58,694233.49,3439486.62
001027-083633-00025-X,"דרך השלום 25, דימונה",דימונה,דרך השלום,25,,8607125,exact,203371.33,553591.13,694228.71,3439520.08
001027-083633-00026-X,"דרך השלום 26, דימונה",דימונה,דרך השלום,26,,8607126,exact,203396.59,553560.65,694254.57,3439490.1
001027-083633-00027-X,"דרך השלום 27, דימונה",דימונה,דרך השלום,27,,8607127,exact,203368.68,553597.42,694225.94,3439526.32
001027-083633-00028-X,"דרך השלום 28, דימונה",דימונה,דרך השלום,28,,8607128,exact,203428.16,553563.88,694286.07,3439493.96
001027-083633-00029-X,"דרך השלום 29, דימונה",דימונה,דרך השלום,29,,8607129,exact,203402.32,553595.73,694259.6,3439525.3
001027-083633-00030-X,"דרך השלום 30, דימונה",דימונה,דרך השלום,30,,8607130,exact,203461.18,553573.7,694318.89,3439504.44
001027-083633-00031-X,"דרך השלום 31, דימונה",דימונה,דרך השלום,31,,8607131,street,203431.95,553580.41,694289.53,3439510.56
001027-083633-00033-X,"דרך השלום 33, דימונה",דימונה,דרך השלום,33,,8607133,street,203431.95,553580.41,694289.53,3439510.56
001027-083633-00034-X,"דרך השלום 34, דימונה",דימונה,דרך השלום,34,,8607134,exact,203505.66,553600.46,694362.84,3439532.08
001027-083633-00035-X,"דרך השלום 35, דימונה",דימונה,דרך השלום,35,,8607135,street,203431.95,553580.41,694289.53,3439510.56
001027-083633-00037-X,"דרך השלום 37, דימונה",דימונה,דרך השלום,37,,8607137,street,203431.95,553580.41,694289.53,3439510.56
001027-083633-00038-X,"דרך השלום 38, דימונה",דימונה,דרך השלום,38,,8607138,exact,203514.55,553606.48,694371.6,3439538.28
001027-083633-00039-X,"דרך השלום 39, דימונה",דימונה,דרך השלום,39,,8607139,street,203431.95,553580.41,694289.53,3439510.56
001027-083633-00040-X,"דרך השלום 40, דימונה",דימונה,דרך השלום,40,,8607140,exact,203517.23,553601.85,694374.38,3439533.7
001027-083633-00041-X,"דרך השלום 41, דימונה",דימונה,דרך השלום,41,,8607141,street,203431.95,553580.41,694289.53,3439510.56
001027-083633-00042-X,"דרך השלום 42, דימונה",דימונה,דרך השלום,42,,8607142,exact,203524.42,553612.48,694381.35,3439544.47
001027-083633-00044-X,"דרך השלום 44, דימונה",דימונה,דרך השלום,44,,8607144,exact,203529.97,553609.55,694386.96,3439541.65
001027-083633-00045-X,"דרך השלום 45, דימונה",דימונה,דרך השלום,45,,8607145,street,203431.95,553580.41,694289.53,3439510.56
001027-083633-00047-X,"דרך השלום 47, דימונה",דימונה,דרך השלום,47,,8607147,exact,203468.85,553616.25,694325.71,3439547.13
001027-083633-00048-X,"דרך השלום 48, דימונה",דימונה,דרך השלום,48,,8607148,exact,203541.38,553612.24,694398.32,3439544.57
001027-083633-00049-X,"דרך השלום 49, דימונה",דימונה,דרך השלום,49,,8607149,exact,203487.32,553627.07,694343.96,3439558.32
001027-083633-00050-X,"דרך השלום 50, דימונה",דימונה,דרך השלום,50,,8607150,exact,203544.84,553617.92,694401.66,3439550.32
001027-083633-00051-X,"דרך השלום 51, דימונה",דימונה,דרך השלום,51,,8607151,exact,203490.3,553622.47,694347.04,3439553.78
001027-083633-00052-X,"דרך השלום 52, דימונה",דימונה,דרך השלום,52,,8607152,exact,203548.48,553626.19,694405.14,3439558.66
001027-083633-00055-X,"דרך השלום 55, דימונה",דימונה,דרך השלום,55,,8607155,exact,203497.14,553633.07,694353.67,3439564.51
001027-083633-00057-X,"דרך השלום 57, דימונה",דימונה,דרך השלום,57,,8607157,exact,203509.09,553634.14,694365.6,3439565.83
001027-083633-00058-X,"דרך השלום 58, דימונה",דימונה,דרך השלום,58,,8607158,exact,203558.44,553632.68,694414.96,3439565.34
001027-083633-00059-X,"דרך השלום 59, דימונה",דימונה,דרך השלום,59,,8607159,exact,203508.41,553640.33,694364.8,3439572
001027-083633-00061-X,"דרך השלום 61, דימונה",דימונה,דרך השלום,61,,8607160,exact,203521.61,553642.58,694377.94,3439574.51
001027-083633-00063-X,"דרך השלום 63, דימונה",דימונה,דרך השלום,63,,8607161,exact,203529.14,553641.65,694385.49,3439573.73
001027-083633-00065-X,"דרך השלום 65, דימונה",דימונה,דרך השלום,65,,8607162,exact,203533.71,553650.19,694389.89,3439582.36
001027-083633-00067-X,"דרך השלום 67, דימונה",דימונה,דרך השלום,67,,8607163,street,203431.95,553580.41,694289.53,3439510.56
001027-083633-00069-X,"דרך השלום 69, דימונה",דימונה,דרך השלום,69,,8607164,exact,203543.2,553649.84,694399.39,3439582.2
001027-083633-00073-X,"דרך השלום 73, דימונה",דימונה,דרך השלום,73,,8607166,exact,203572.48,553673.05,694428.2,3439605.98
001027-083633-00077-X,"דרך השלום 77, דימונה",דימונה,דרך השלום,77,,8607168,exact,203584.75,553680.08,694440.33,3439613.26
001027-083633-00081-X,"דרך השלום 81, דימונה",דימונה,דרך השלום,81,,8607170,exact,203597.6,553680.57,694453.17,3439614
001027-083633-00113-X,"דרך השלום 113, דימונה",דימונה,דרך השלום,113,,8607701,street,203431.95,553580.41,694289.53,3439510.56
001027-083633-00114-X,"דרך השלום 114, דימונה",דימונה,דרך השלום,114,,8607702,street,203431.95,553580.41,694289.53,3439510.56
001027-083633-00115-X,"דרך השלום 115, דימונה",דימונה,דרך השלום,115,,8607703,street,203431.95,553580.41,694289.53,3439510.56
001027-083633-00138-X,"דרך השלום 138, דימונה",דימונה,דרך השלום,138,,8607704,street,203431.95,553580.41,694289.53,3439510.56
001027-083633-00139-X,"דרך השלום 139, דימונה",דימונה,דרך השלום,139,,8607705,street,203431.95,553580.41,694289.53,3439510.56
001027-083633-00143-X,"דרך השלום 143, דימונה",דימונה,דרך השלום,143,,8607706,street,203431.95,553580.41,694289.53,3439510.56
001027-083633-00144-X,"דרך השלום 144, דימונה",דימונה,דרך השלום,144,,8607707,street,203431.95,553580.41,694289.53,3439510.56
001027-083633-00145-X,"דרך השלום 145, דימונה",דימונה,דרך השלום,145,,8607708,street,203431.95,553580.41,694289.53,3439510.56
001027-083633-00906-X,"דרך השלום 906, דימונה",דימונה,דרך השלום,906,,8617701,street,203431.95,553580.41,694289.53,3439510.56
001027-083633-01112-X,"דרך השלום 1112, דימונה",דימונה,דרך השלום,1112,,8617702,street,203431.95,553580.41,694289.53,3439510.56
001027-083633-01203-X,"דרך השלום 1203, דימונה",דימונה,דרך השלום,1203,,8607709,street,203431.95,553580.41,694289.53,3439510.56
001027-083633-01203-א,"דרך השלום 1203א, דימונה",דימונה,דרך השלום,1203,א,8607710,street,203431.95,553580.41,694289.53,3439510.56
001027-083633-01203-ב,"דרך השלום 1203ב, דימונה",דימונה,דרך השלום,1203,ב,8607711,street,203431.95,553580.41,694289.53,3439510.56
001027-083633-01204-X,"דרך השלום 1204, דימונה",דימונה,דרך השלום,1204,,8617703,street,203431.95,553580.41,694289.53,3439510.56
001027-083633-01206-X,"דרך השלום 1206, דימונה",דימונה,דרך השלום,1206,,8617704,street,203431.95,553580.41,694289.53,3439510.56
001027-083633-01212-X,"דרך השלום 1212, דימונה",דימונה,דרך השלום,1212,,8617706,street,203431.95,553580.41,694289.53,3439510.56
001027-083633-01214-X,"דרך השלום 1214, דימונה",דימונה,דרך השלום,1214,,8617707,street,203431.95,553580.41,694289.53,3439510.56
001027-083633-01216-X,"דרך השלום 1216, דימונה",דימונה,דרך השלום,1216,,8617708,street,203431.95,553580.41,694289.53,3439510.56
001027-083704-00000-X,"מרחבים, דימונה",דימונה,מרחבים,,,8616700,street,203497.57,553750.43,694351.77,3439681.87
001027-083704-01210-X,"מרחבים 1210, דימונה",דימונה,מרחבים,1210,,8616701,street,203497.57,553750.43,694351.77,3439681.87
001027-083704-01216-X,"מרחבים 1216, דימונה",דימונה,מרחבים,1216,,8616725,street,203497.57,553750.43,694351.77,3439681.87
001027-083704-01301-X,"מרחבים 1301, דימונה",דימונה,מרחבים,1301,,8616801,street,203497.57,553750.43,694351.77,3439681.87
001027-083704-01301-א,"מרחבים 1301א, דימונה",דימונה,מרחבים,1301,א,8616802,street,203497.57,553750.43,694351.77,3439681.87
001027-083704-01301-ב,"מרחבים 1301ב, דימונה",דימונה,מרחבים,1301,ב,8616803,street,203497.57,553750.43,694351.77,3439681.87
001027-083704-01301-ג,"מרחבים 1301ג, דימונה",דימונה,מרחבים,1301,ג,8616804,street,203497.57,553750.43,694351.77,3439681.87
001027-083704-01301-ד,"מרחבים 1301ד, דימונה",דימונה,מרחבים,1301,ד,8616805,street,203497.57,553750.43,694351.77,3439681.87
001027-083704-01302-X,"מרחבים 1302, דימונה",דימונה,מרחבים,1302,,8616806,street,203497.57,553750.43,694351.77,3439681.87
001027-083704-01303-X,"מרחבים 1303, דימונה",דימונה,מרחבים,1303,,8616807,street,203497.57,553750.43,694351.77,3439681.87
001027-083704-01303-א,"מרחבים 1303א, דימונה",דימונה,מרחבים,1303,א,8616808,street,203497.57,553750.43,694351.77,3439681.87
001027-083704-01303-ב,"מרחבים 1303ב, דימונה",דימונה,מרחבים,1303,ב,8616809,street,203497.57,553750.43,694351.77,3439681.87
001027-083704-01303-ג,"מרחבים 1303ג, דימונה",דימונה,מרחבים,1303,ג,8616810,street,203497.57,553750.43,694351.77,3439681.87
001027-083704-01304-X,"מרחבים 1304, דימונה",דימונה,מרחבים,1304,,8616812,street,203497.57,553750.43,694351.77,3439681.87
001027-083704-01305-א,"מרחבים 1305א, דימונה",דימונה,מרחבים,1305,א,8616814,street,203497.57,553750.43,694351.77,3439681.87
001027-083704-01305-ב,"מרחבים 1305ב, דימונה",דימונה,מרחבים,1305,ב,8616815,street,203497.57,553750.43,694351.77,3439681.87
001027-083704-01305-ג,"מרחבים 1305ג, דימונה",דימונה,מרחבים,1305,ג,8616816,street,203497.57,553750.43,694351.77,3439681.87
001027-083704-01305-ד,"מרחבים 1305ד, דימונה",דימונה,מרחבים,1305,ד,8616817,street,203497.57,553750.43,694351.77,3439681.87
001027-083704-01305-ה,"מרחבים 1305ה, דימונה",דימונה,מרחבים,1305,ה,8616818,street,203497.57,553750.43,694351.77,3439681.87
001027-083704-01307-X,"מרחבים 1307, דימונה",דימונה,מרחבים,1307,,8616901,street,203497.57,553750.43,694351.77,3439681.87
001027-083704-01307-א,"מרחבים 1307א, דימונה",דימונה,מרחבים,1307,א,8616902,street,203497.57,553750.43,694351.77,3439681.87
001027-083704-01307-ב,"מרחבים 1307ב, דימונה",דימונה,מרחבים,1307,ב,8616903,street,203497.57,553750.43,694351.77,3439681.87
001027-083704-01307-ד,"מרחבים 1307ד, דימונה",דימונה,מרחבים,1307,ד,8616905,street,203497.57,553750.43,694351.77,3439681.87
001027-083704-01307-ה,"מרחבים 1307ה, דימונה",דימונה,מרחבים,1307,ה,8616906,street,203497.57,553750.43,694351.77,3439681.87
001027-083704-01308-X,"מרחבים 1308, דימונה",דימונה,מרחבים,1308,,8616909,street,203497.57,553750.43,694351.77,3439681.87
001027-083704-01308-ב,"מרחבים 1308ב, דימונה",דימונה,מרחבים,1308,ב,8616911,street,203497.57,553750.43,694351.77,3439681.87
001027-083704-01308-ג,"מרחבים 1308ג, דימונה",דימונה,מרחבים,1308,ג,8616912,street,203497.57,553750.43,694351.77,3439681.87
001027-083704-01308-ד,"מרחבים 1308ד, דימונה",דימונה,מרחבים,1308,ד,8616913,street,203497.57,553750.43,694351.77,3439681.87
001027-083704-01308-ה,"מרחבים 1308ה, דימונה",דימונה,מרחבים,1308,ה,8616914,street,203497.57,553750.43,694351.77,3439681.87
001027-083704-01308-ו,"מרחבים 1308ו, דימונה",דימונה,מרחבים,1308,ו,8616915,street,203497.57,553750.43,694351.77,3439681.87
001027-083704-01311-X,"מרחבים 1311, דימונה",דימונה,מרחבים,1311,,8616703,street,203497.57,553750.43,694351.77,3439681.87
001027-083704-01312-X,"מרחבים 1312, דימונה",דימונה,מרחבים,1312,,8616704,street,203497.57,553750.43,694351.77,3439681.87
001027-083704-01313-X,"מרחבים 1313, דימונה",דימונה,מרחבים,1313,,8616705,street,203497.57,553750.43,694351.77,3439681.87
001027-083704-01314-X,"מרחבים 1314, דימונה",דימונה,מרחבים,1314,,8616706,street,203497.57,553750.43,694351.77,3439681.87
001027-083704-01315-X,"מרחבים 1315, דימונה",דימונה,מרחבים,1315,,8616707,street,203497.57,553750.43,694351.77,3439681.87
001027-083704-01320-X,"מרחבים 1320, דימונה",דימונה,מרחבים,1320,,8616917,street,203497.57,553750.43,694351.77,3439681.87
001027-083704-01321-X,"מרחבים 1321, דימונה",דימונה,מרחבים,1321,,8616918,street,203497.57,553750.43,694351.77,3439681.87
001027-083704-01322-X,"מרחבים 1322, דימונה",דימונה,מרחבים,1322,,8616919,street,203497.57,553750.43,694351.77,3439681.87
001027-083704-01324-X,"מרחבים 1324, דימונה",דימונה,מרחבים,1324,,8616920,street,203497.57,553750.43,694351.77,3439681.87
001027-083704-01325-X,"מרחבים 1325, דימונה",דימונה,מרחבים,1325,,8616921,street,203497.57,553750.43,694351.77,3439681.87
001027-083704-01327-X,"מרחבים 1327, דימונה",דימונה,מרחבים,1327,,8616923,exact,203720.8,553818.27,694573.62,3439754.13
001027-083704-01327-א,"מרחבים 1327א, דימונה",דימונה,מרחבים,1327,א,8616924,exact,203720.8,553818.27,694573.62,3439754.13
001027-083704-01327-ד,"מרחבים 1327ד, דימונה",דימונה,מרחבים,1327,ד,8616927,exact,203720.8,553818.27,694573.62,3439754.13
001027-083704-01328-X,"מרחבים 1328, דימונה",דימונה,מרחבים,1328,,8616708,street,203497.57,553750.43,694351.77,3439681.87
001027-083704-01329-X,"מרחבים 1329, דימונה",דימונה,מרחבים,1329,,8616709,street,203497.57,553750.43,694351.77,3439681.87
001027-083704-01331-X,"מרחבים 1331, דימונה",דימונה,מרחבים,1331,,8616711,exact,203568.61,553767.12,694422.46,3439699.97
001027-083704-01331-א,"מרחבים 1331א, דימונה",דימונה,מרחבים,1331,א,8616712,exact,203568.61,553767.12,694422.46,3439699.97
001027-083704-01331-ב,"מרחבים 1331ב, דימונה",דימונה,מרחבים,1331,ב,8616713,exact,203568.61,553767.12,694422.46,3439699.97
001027-083704-01331-ג,"מרחבים 1331ג, דימונה",דימונה,מרחבים,1331,ג,8616714,exact,203568.61,553767.12,694422.46,3439699.97
001027-083704-01331-ד,"מרחבים 1331ד, דימונה",דימונה,מרחבים,1331,ד,8616715,exact,203568.61,553767.12,694422.46,3439699.97
001027-083704-01331-ה,"מרחבים 1331ה, דימונה",דימונה,מרחבים,1331,ה,8616716,exact,203568.61,553767.12,694422.46,3439699.97
001027-083704-01331-ו,"מרחבים 1331ו, דימונה",דימונה,מרחבים,1331,ו,8616717,exact,203568.61,553767.12,694422.46,3439699.97
001027-083704-01331-ז,"מרחבים 1331ז, דימונה",דימונה,מרחבים,1331,ז,8616718,exact,203568.61,553767.12,694422.46,3439699.97
001027-083704-01332-X,"מרחבים 1332, דימונה",דימונה,מרחבים,1332,,8616719,street,203497.57,553750.43,694351.77,3439681.87
001027-083704-01332-א,"מרחבים 1332א, דימונה",דימונה,מרחבים,1332,א,8616720,street,203497.57,553750.43,694351.77,3439681.87
001027-083704-01332-ב,"מרחבים 1332ב, דימונה",דימונה,מרחבים,1332,ב,8616721,street,203497.57,553750.43,694351.77,3439681.87
001027-083704-01332-ג,"מרחבים 1332ג, דימונה",דימונה,מרחבים,1332,ג,8616722,street,203497.57,553750.43,694351.77,3439681.87
001027-083704-01332-ד,"מרחבים 1332ד, דימונה",דימונה,מרחבים,1332,ד,8616723,street,203497.57,553750.43,694351.77,3439681.87
001027-083744-00000-X,"הפסגה, דימונה",דימונה,הפסגה,,,8617100,street,204020.41,553366.47,694882.16,3439308.35
001027-083744-00001-X,"הפסגה 1, דימונה",דימונה,הפסגה,1,,8617001,exact,203693.56,553443.67,694553.82,3439379.05
001027-083744-00002-X,"הפסגה 2, דימונה",דימונה,הפסגה,2,,8617002,exact,203731.37,553444.65,694591.6,3439380.77
001027-083744-00003-X,"הפסגה 3, דימונה",דימונה,הפסגה,3,,8617003,exact,203696.59,553460.46,694556.52,3439395.89
001027-083744-00004-X,"הפסגה 4, דימונה",דימונה,הפסגה,4,,8617004,exact,203729.69,553463.59,694589.55,3439399.68
001027-083744-00005-X,"הפסגה 5, דימונה",דימונה,הפסגה,5,,8617005,exact,203695.74,553477.82,694555.32,3439413.23
001027-083744-00006-X,"הפסגה 6, דימונה",דימונה,הפסגה,6,,8617006,exact,203729.46,553479.51,694589.01,3439415.59
001027-083744-00007-X,"הפסגה 7, דימונה",דימונה,הפסגה,7,,8617007,exact,203697.14,553500.97,694556.26,3439436.41
001027-083744-00010-X,"הפסגה 10, דימונה",דימונה,הפסגה,10,,8617010,exact,203732.66,553521.28,694591.38,3439457.42
001027-083744-00011-X,"הפסגה 11, דימונה",דימונה,הפסגה,11,,8617011,exact,203708.24,553535.58,694566.67,3439471.23
001027-083744-00014-X,"הפסגה 14, דימונה",דימונה,הפסגה,14,,8617014,exact,203770.8,553553.05,694628.88,3439489.95
001027-083744-00017-X,"הפסגה 17, דימונה",דימונה,הפסגה,17,,8617017,exact,203758.87,553579.47,694616.43,3439516.13
001027-083744-00019-X,"הפסגה 19, דימונה",דימונה,הפסגה,19,,8617019,street,204020.41,553366.47,694882.16,3439308.35
001027-083744-00020-X,"הפסגה 20, דימונה",דימונה,הפסגה,20,,8617020,exact,203828.35,553540.47,694686.67,3439478.51
001027-083744-00021-X,"הפסגה 21, דימונה",דימונה,הפסגה,21,,8617021,exact,203792.51,553587.66,694649.9,3439524.98
001027-083744-00022-X,"הפסגה 22, דימונה",דימונה,הפסגה,22,,8617022,exact,203853.58,553533.44,694712.04,3439471.98
001027-083744-00025-X,"הפסגה 25, דימונה",דימונה,הפסגה,25,,8617025,exact,203830.39,553580.99,694687.9,3439519.06
001027-083744-00026-X,"הפסגה 26, דימונה",דימונה,הפסגה,26,,8617026,exact,203878.22,553507.46,694737.19,3439446.5
001027-083744-00027-X,"הפסגה 27, דימונה",דימונה,הפסגה,27,,8617027,exact,203845.23,553573.79,694702.88,3439512.16
001027-083744-00028-X,"הפסגה 28, דימונה",דימונה,הפסגה,28,,8617028,exact,203892.45,553496.25,694751.64,3439435.56
001027-083744-00029-X,"הפסגה 29, דימונה",דימונה,הפסגה,29,,8617029,exact,203873.72,553562.33,694731.6,3439501.27
001027-083744-00030-X,"הפסגה 30, דימונה",דימונה,הפסגה,30,,8617030,exact,203902.31,553481.92,694761.78,3439421.44
001027-083744-00031-X,"הפסגה 31, דימונה",דימונה,הפסגה,31,,8617031,exact,203884.14,553549.75,694742.26,3439488.89
001027-083744-00033-X,"הפסגה 33, דימונה",דימונה,הפסגה,33,,8617033,exact,203902.05,553537.64,694760.42,3439477.14
001027-083744-00034-X,"הפסגה 34, דימונה",דימונה,הפסגה,34,,8617034,exact,203926.9,553457.95,694786.85,3439397.96
001027-083744-00035-X,"הפסגה 35, דימונה",דימונה,הפסגה,35,,8617035,exact,203912.29,553521.11,694770.98,3439460.82
001027-083744-00036-X,"הפסגה 36, דימונה",דימונה,הפסגה,36,,8617036,exact,203938.59,553442.93,694798.83,3439383.17
001027-083744-00037-X,"הפסגה 37, דימונה",דימונה,הפסגה,37,,8617037,exact,203922.9,553505.93,694781.89,3439445.85
001027-083744-00038-X,"הפסגה 38, דימונה",דימונה,הפסגה,38,,8617038,exact,203954.74,553425.22,694815.33,3439365.78
001027-083744-00039-X,"הפסגה 39, דימונה",דימונה,הפסגה,39,,8617039,exact,203935.44,553492.94,694794.69,3439433.11
001027-083744-00040-X,"הפסגה 40, דימונה",דימונה,הפסגה,40,,8617101,exact,203963.63,553408.51,694824.55,3439349.25
001027-083744-00041-X,"הפסגה 41, דימונה",דימונה,הפסגה,41,,8617102,exact,203948.43,553478.38,694807.96,3439418.81
001027-083744-00044-X,"הפסגה 44, דימונה",דימונה,הפסגה,44,,8617105,exact,203989.06,553383.56,694850.47,3439324.82
001027-083744-00045-X,"הפסגה 45, דימונה",דימונה,הפסגה,45,,8617106,exact,203980.77,553449.37,694840.88,3439390.45
001027-083744-00046-X,"הפסגה 46, דימונה",דימונה,הפסגה,46,,8617107,exact,203998.96,553368.65,694860.67,3439310.1
001027-083744-00047-X,"הפסגה 47, דימונה",דימונה,הפסגה,47,,8617108,exact,203994.15,553434.26,694854.56,3439375.61
001027-083744-00048-X,"הפסגה 48, דימונה",דימונה,הפסגה,48,,8617109,exact,204012.67,553353.58,694874.68,3439295.31
001027-083744-00049-X,"הפסגה 49, דימונה",דימונה,הפסגה,49,,8617110,exact,203997.05,553421.45,694857.71,3439362.86
001027-083744-00050-X,"הפסגה 50, דימונה",דימונה,הפסגה,50,,8617111,exact,204032.13,553331.92,694894.57,3439274.04
001027-083744-00052-X,"הפסגה 52, דימונה",דימונה,הפסגה,52,,8617113,exact,204045.36,553313.16,694908.16,3439255.54
001027-083744-00053-X,"הפסגה 53, דימונה",דימונה,הפסגה,53,,8617114,exact,204020.03,553392.07,694881.27,3439333.93
001027-083744-00055-X,"הפסגה 55, דימונה",דימונה,הפסגה,55,,8617116,exact,204034.67,553377.25,694896.2,3439319.41
001027-083744-00056-X,"הפסגה 56, דימונה",דימונה,הפסגה,56,,8617117,exact,204070.14,553280.66,694933.58,3439223.53
001027-083744-00057-X,"הפסגה 57, דימונה",דימונה,הפסגה,57,,8617118,exact,204045.8,553366.33,694907.55,3439308.71
001027-083744-00058-X,"הפסגה 58, דימונה",דימונה,הפסגה,58,,8617119,exact,204076.83,553263.26,694940.62,3439206.27
001027-083744-00059-X,"הפסגה 59, דימונה",דימונה,הפסגה,59,,8617120,exact,204059.88,553352.38,694921.9,3439295.04
001027-083744-00060-X,"הפסגה 60, דימונה",דימונה,הפסגה,60,,8617121,exact,204075.88,553243.46,694940.06,3439186.46
001027-083744-00061-X,"הפסגה 61, דימונה",דימונה,הפסגה,61,,8617122,exact,204078.58,553357.8,694940.49,3439300.84
001027-083744-00062-X,"הפסגה 62, דימונה",דימונה,הפסגה,62,,8617123,exact,204071.4,553225.7,694935.94,3439168.61
001027-083744-00063-X,"הפסגה 63, דימונה",דימונה,הפסגה,63,,8617124,exact,204103.68,553363.73,694965.47,3439307.26
001027-083744-00066-X,"הפסגה 66, דימונה",דימונה,הפסגה,66,,8617127,exact,204062.36,553194.95,694927.51,3439137.68
001027-083744-00067-X,"הפסגה 67, דימונה",דימונה,הפסגה,67,,8617128,exact,204140.76,553356.15,695002.69,3439300.42
001027-083744-00068-X,"הפסגה 68, דימונה",דימונה,הפסגה,68,,8617129,exact,204057.18,553177.38,694922.68,3439120.01
001027-083744-00069-X,"הפסגה 69, דימונה",דימונה,הפסגה,69,,8617130,exact,204148.46,553337.16,695010.77,3439281.59
001027-083744-00070-X,"הפסגה 70, דימונה",דימונה,הפסגה,70,,8617131,exact,204058.28,553159.5,694924.13,3439102.16
001027-083744-00071-X,"הפסגה 71, דימונה",דימונה,הפסגה,71,,8617132,exact,204152.82,553315.72,695015.56,3439260.24
001027-083744-00072-X,"הפסגה 72, דימונה",דימונה,הפסגה,72,,8617133,exact,204069.66,553124.42,694936.21,3439067.31
001027-083744-00073-X,"הפסגה 73, דימונה",דימונה,הפסגה,73,,8617134,exact,204139.1,553304.53,695002.06,3439248.78
001027-083744-00074-X,"הפסגה 74, דימונה",דימונה,הפסגה,74,,8617135,exact,204077.71,553107.43,694944.6,3439050.48
001027-083744-00075-X,"הפסגה 75, דימונה",דימונה,הפסגה,75,,8617136,exact,204121.37,553292.43,694984.57,3439236.32
001027-083744-00076-X,"הפסגה 76, דימונה",דימונה,הפסגה,76,,8617137,exact,204078.93,553089.54,694946.17,3439032.62
001027-083744-00077-X,"הפסגה 77, דימונה",דימונה,הפסגה,77,,8617138,exact,204093.75,553302.53,694956.75,3439245.87
001027-083744-00078-X,"הפסגה 78, דימונה",דימונה,הפסגה,78,,8617139,exact,204078.34,553074.29,694945.88,3439017.36
001027-083744-00082-X,"הפסגה 82, דימונה",דימונה,הפסגה,82,,8617143,exact,204082.14,553042.32,694950.32,3438985.47
001027-083744-00083-X,"הפסגה 83, דימונה",דימונה,הפסגה,83,,8617144,exact,204108.26,553257.56,694972.16,3439201.2
001027-083744-00084-X,"הפסגה 84, דימונה",דימונה,הפסגה,84,,8617145,exact,204080.42,553029.05,694948.86,3438972.17
001027-083744-00085-X,"הפסגה 85, דימונה",דימונה,הפסגה,85,,8617146,exact,204107.66,553241.47,694971.88,3439185.1
001027-083744-00086-X,"הפסגה 86, דימונה",דימונה,הפסגה,86,,8617147,exact,204078.42,553012.94,694947.18,3438956.03
001027-083744-00087-X,"הפסגה 87, דימונה",דימונה,הפסגה,87,,8617148,exact,204101.69,553225.05,694966.24,3439168.56
001027-083744-00089-X,"הפסגה 89, דימונה",דימונה,הפסגה,89,,8617150,exact,204096.79,553210.33,694961.63,3439153.75
001027-083744-00090-X,"הפסגה 90, דימונה",דימונה,הפסגה,90,,8617151,exact,204073.49,552978.76,694942.93,3438921.75
001027-083744-00091-X,"הפסגה 91, דימונה",דימונה,הפסגה,91,,8617152,exact,204096.29,553194.46,694961.44,3439137.87
001027-083744-00093-X,"הפסגה 93, דימונה",דימונה,הפסגה,93,,8617153,exact,204089.03,553179.12,694954.49,3439122.39
001027-083744-00097-X,"הפסגה 97, דימונה",דימונה,הפסגה,97,,8617155,exact,204095.22,553144.34,694961.37,3439087.74
001027-083744-00099-X,"הפסגה 99, דימונה",דימונה,הפסגה,99,,8617156,exact,204103.94,553131.57,694970.34,3439075.14
001027-083744-00101-X,"הפסגה 101, דימונה",דימונה,הפסגה,101,,8617157,exact,204108.99,553116.52,694975.69,3439060.2
001027-083744-00105-X,"הפסגה 105, דימונה",דימונה,הפסגה,105,,8617159,exact,204110.6,553075.69,694978.1,3439019.4
001027-083744-00109-X,"הפסגה 109, דימונה",דימונה,הפסגה,109,,8617161,exact,204113.47,553043.73,694981.61,3438987.5
001027-083744-00111-X,"הפסגה 111, דימונה",דימונה,הפסגה,111,,8617162,exact,204111.43,553029.14,694979.86,3438972.88
001027-083744-00115-X,"הפסגה 115, דימונה",דימונה,הפסגה,115,,8617164,exact,204110.42,552997.73,694979.47,3438941.45
001027-083744-00117-X,"הפסגה 117, דימונה",דימונה,הפסגה,117,,8617165,exact,204109.51,552979.97,694978.92,3438923.68
001027-083744-00119-X,"הפסגה 119, דימונה",דימונה,הפסגה,119,,8617166,exact,204104.31,552965.82,694974,3438909.42
001027-083784-00000-X,"המעלה, דימונה",דימונה,המעלה,,,8607900,street,203903.49,553393.85,694764.71,3439333.41
001027-083784-00002-X,"המעלה 2, דימונה",דימונה,המעלה,2,,8607902,exact,203804.36,553469.54,694664.09,3439407.11
001027-083784-00003-X,"המעלה 3, דימונה",דימונה,המעלה,3,,8607903,exact,203843.54,553486.72,694702.92,3439425.07
001027-083784-00004-X,"המעלה 4, דימונה",דימונה,המעלה,4,,8607904,exact,203824.83,553462.3,694684.7,3439400.28
001027-083784-00005-X,"המעלה 5, דימונה",דימונה,המעלה,5,,8607905,exact,203857.41,553474.43,694717.03,3439413.05
001027-083784-00006-X,"המעלה 6, דימונה",דימונה,המעלה,6,,8607906,exact,203836.83,553447.48,694697,3439385.7
001027-083784-00007-X,"המעלה 7, דימונה",דימונה,המעלה,7,,8607907,exact,203869.58,553461.99,694729.45,3439400.86
001027-083784-00008-X,"המעלה 8, דימונה",דימונה,המעלה,8,,8607908,exact,203849.41,553437.54,694709.77,3439376.01
001027-083784-00009-X,"המעלה 9, דימונה",דימונה,המעלה,9,,8607909,exact,203882.56,553451.85,694742.63,3439390.98
001027-083784-00010-X,"המעלה 10, דימונה",דימונה,המעלה,10,,8607910,exact,203867.67,553429.59,694728.19,3439368.43
001027-083784-00011-X,"המעלה 11, דימונה",דימונה,המעלה,11,,8607911,exact,203897.84,553437.78,694758.19,3439377.21
001027-083784-00012-X,"המעלה 12, דימונה",דימונה,המעלה,12,,8607912,exact,203878.34,553417.44,694739.1,3439356.49
001027-083784-00014-X,"המעלה 14, דימונה",דימונה,המעלה,14,,8607914,exact,203888.38,553402.94,694749.43,3439342.19
001027-083784-00015-X,"המעלה 15, דימונה",דימונה,המעלה,15,,8607915,exact,203923.58,553404.8,694784.58,3439344.75
001027-083784-00017-X,"המעלה 17, דימונה",דימונה,המעלה,17,,8607917,exact,203936.48,553391.94,694797.74,3439332.15
001027-083784-00018-X,"המעלה 18, דימונה",דימונה,המעלה,18,,8607918,exact,203942.79,553342.89,694805.02,3439283.23
001027-083784-00019-X,"המעלה 19, דימונה",דימונה,המעלה,19,,8607919,exact,203947.28,553377.13,694808.83,3439317.56
001027-083784-00020-X,"המעלה 20, דימונה",דימונה,המעלה,20,,8607920,exact,203953.6,553329.1,694816.09,3439269.66
001027-083784-00023-X,"המעלה 23, דימונה",דימונה,המעלה,23,,8607923,exact,203970.7,553351.96,694832.74,3439292.85
001027-083784-00024-X,"המעלה 24, דימונה",דימונה,המעלה,24,,8607924,exact,203971.57,553294.6,694834.76,3439235.52
001027-083784-00025-X,"המעלה 25, דימונה",דימונה,המעלה,25,,8607925,exact,203987.03,553335.9,694849.39,3439277.12
001027-083784-00026-X,"המעלה 26, דימונה",דימונה,המעלה,26,,8607926,exact,203977.96,553275.66,694841.52,3439216.71
001027-083784-00027-X,"המעלה 27, דימונה",דימונה,המעלה,27,,8607927,exact,204012.21,553322.36,694874.84,3439264.08
001027-083784-00028-X,"המעלה 28, דימונה",דימונה,המעלה,28,,8607928,street,203903.49,553393.85,694764.71,3439333.41
001027-083784-00029-X,"המעלה 29, דימונה",דימונה,המעלה,29,,8607929,exact,204033.71,553300.25,694896.77,3439242.4
001027-083784-00030-X,"המעלה 30, דימונה",דימונה,המעלה,30,,8607930,street,203903.49,553393.85,694764.71,3439333.41
001027-083784-00031-X,"המעלה 31, דימונה",דימונה,המעלה,31,,8607931,exact,204016.08,553286.18,694879.42,3439227.99
001027-083784-00032-X,"המעלה 32, דימונה",דימונה,המעלה,32,,8607932,street,203903.49,553393.85,694764.71,3439333.41
001027-083784-00033-X,"המעלה 33, דימונה",דימונה,המעלה,33,,8607933,exact,204000.23,553283.34,694863.63,3439224.83
001027-083850-00004-X,"ערוגות 4, דימונה",דימונה,ערוגות,4,,8607404,exact,203282.67,553607.88,694139.73,3439535.07
001027-083850-00005-X,"ערוגות 5, דימונה",דימונה,ערוגות,5,,8607405,exact,203278.16,553626.52,694134.85,3439553.61
001027-083850-00006-X,"ערוגות 6, דימונה",דימונה,ערוגות,6,,8607406,exact,203287.67,553615.57,694144.58,3439542.86
001027-083850-00007-X,"ערוגות 7, דימונה",דימונה,ערוגות,7,,8607407,exact,203287.86,553626.93,694144.54,3439554.22
001027-083850-00008-X,"ערוגות 8, דימונה",דימונה,ערוגות,8,,8607408,exact,203298.03,553616.83,694154.91,3439544.32
001027-083850-00009-X,"ערוגות 9, דימונה",דימונה,ערוגות,9,,8607409,exact,203298.23,553635.28,694154.75,3439562.77
001027-083850-00010-X,"ערוגות 10, דימונה",דימונה,ערוגות,10,,8607410,exact,203307.1,553627.83,694163.76,3439555.5
001027-083850-00012-X,"ערוגות 12, דימונה",דימונה,ערוגות,12,,8607412,exact,203318.04,553629.31,694174.67,3439557.19
001027-083850-00013-X,"ערוגות 13, דימונה",דימונה,ערוגות,13,,8607413,exact,203313.74,553643.79,694170.08,3439571.59
001027-083850-00014-X,"ערוגות 14, דימונה",דימונה,ערוגות,14,,8607414,exact,203322.95,553636.9,694179.43,3439564.89
001027-083850-00015-X,"ערוגות 15, דימונה",דימונה,ערוגות,15,,8607415,exact,203319.79,553653.19,694175.94,3439581.11
001027-083850-00016-X,"ערוגות 16, דימונה",דימונה,ערוגות,16,,8607416,exact,203331.98,553637.48,694188.45,3439565.64
001027-083910-00000-X,"?, דימונה",דימונה,?,,,8607200,none,,,,
001027-083910-00001-X,"? 1, דימונה",דימונה,?,1,,8607213,none,,,,
001027-083910-00002-X,"? 2, דימונה",דימונה,?,2,,8607214,none,,,,
001027-083910-00003-X,"? 3, דימונה",דימונה,?,3,,8607215,none,,,,
001027-083910-00004-X,"? 4, דימונה",דימונה,?,4,,8607216,none,,,,
001027-083910-00005-X,"? 5, דימונה",דימונה,?,5,,8607217,none,,,,
001027-083910-00006-X,"? 6, דימונה",דימונה,?,6,,8607218,none,,,,
001027-083910-00007-X,"? 7, דימונה",דימונה,?,7,,8607219,none,,,,
001027-083910-00008-X,"? 8, דימונה",דימונה,?,8,,8607220,none,,,,
001027-083910-00009-X,"? 9, דימונה",דימונה,?,9,,8607221,none,,,,
001027-083910-00010-X,"? 10, דימונה",דימונה,?,10,,8607222,none,,,,
001027-083910-00011-X,"? 11, דימונה",דימונה,?,11,,8607223,none,,,,
001027-083910-00012-X,"? 12, דימונה",דימונה,?,12,,8607224,none,,,,
001027-083910-00013-X,"? 13, דימונה",דימונה,?,13,,8607225,none,,,,
001027-083910-00015-X,"? 15, דימונה",דימונה,?,15,,8607227,none,,,,
001027-083910-00016-X,"? 16, דימונה",דימונה,?,16,,8607228,none,,,,
001027-083910-00146-X,"? 146, דימונה",דימונה,?,146,,8607201,none,,,,
001027-083910-00147-X,"? 147, דימונה",דימונה,?,147,,8607202,none,,,,
001027-083956-00135-X,"הזמיר 135, דימונה",דימונה,הזמיר,135,,8607697,exact,203513.92,553678.5,694369.55,3439610.27
001027-083956-00137-X,"הזמיר 137, דימונה",דימונה,הזמיר,137,,8607699,street,203537.78,553687.76,694393.21,3439620
001027-083956-00142-X,"הזמיר 142, דימונה",דימונה,הזמיר,142,,8611503,street,203537.78,553687.76,694393.21,3439620
001027-083956-00143-X,"הזמיר 143, דימונה",דימונה,הזמיר,143,,8611504,street,203537.78,553687.76,694393.21,3439620
001027-083956-01216-X,"הזמיר 1216, דימונה",דימונה,הזמיר,1216,,8611505,street,203537.78,553687.76,694393.21,3439620
001027-083998-00122-X,"דוכיפת 122, דימונה",דימונה,דוכיפת,122,,8617601,street,203374.8,553683.85,694230.33,3439612.86
001027-084045-00004-X,"היונה 4, דימונה",דימונה,היונה,4,,8607205,exact,203582.61,553572.27,694440.34,3439505.43
001027-084045-00148-X,"היונה 148, דימונה",דימונה,היונה,148,,8607206,street,203571.84,553552.16,694429.97,3439485.1
001027-084045-00150-X,"היונה 150, דימונה",דימונה,היונה,150,,8607207,street,203571.84,553552.16,694429.97,3439485.1
001027-084045-00151-X,"היונה 151, דימונה",דימונה,היונה,151,,8607208,street,203571.84,553552.16,694429.97,3439485.1
001027-084045-00153-X,"היונה 153, דימונה",דימונה,היונה,153,,8607209,street,203571.84,553552.16,694429.97,3439485.1
001027-084045-00155-X,"היונה 155, דימונה",דימונה,היונה,155,,8607210,street,203571.84,553552.16,694429.97,3439485.1
001027-084045-00156-X,"היונה 156, דימונה",דימונה,היונה,156,,8607211,exact,203582.27,553478.28,694441.86,3439411.44
001027-084045-00186-X,"היונה 186, דימונה",דימונה,היונה,186,,8607212,exact,203592.02,553455.25,694452.07,3439388.61
001027-084092-00000-X,"השלוה, דימונה",דימונה,השלוה,,,8613800,street,203619.84,553588.6,694477.24,3439522.49
001027-084092-01157-X,"השלוה 1157, דימונה",דימונה,השלוה,1157,,8613701,street,203619.84,553588.6,694477.24,3439522.49
001027-084092-01157-א,"השלוה 1157א, דימונה",דימונה,השלוה,1157,א,8613702,street,203619.84,553588.6,694477.24,3439522.49
001027-084092-01158-X,"השלוה 1158, דימונה",דימונה,השלוה,1158,,8613704,street,203619.84,553588.6,694477.24,3439522.49
001027-084092-01160-X,"השלוה 1160, דימונה",דימונה,השלוה,1160,,8613801,street,203619.84,553588.6,694477.24,3439522.49
001027-084092-01161-X,"השלוה 1161, דימונה",דימונה,השלוה,1161,,8613804,street,203619.84,553588.6,694477.24,3439522.49
001027-084092-01170-X,"השלוה 1170, דימונה",דימונה,השלוה,1170,,8613806,street,203619.84,553588.6,694477.24,3439522.49
001027-084092-01170-א,"השלוה 1170א, דימונה",דימונה,השלוה,1170,א,8613807,street,203619.84,553588.6,694477.24,3439522.49
001027-084092-01170-ב,"השלוה 1170ב, דימונה",דימונה,השלוה,1170,ב,8613808,street,203619.84,553588.6,694477.24,3439522.49
001027-084092-01177-X,"השלוה 1177, דימונה",דימונה,השלוה,1177,,8613809,street,203619.84,553588.6,694477.24,3439522.49
001027-084092-01178-X,"השלוה 1178, דימונה",דימונה,השלוה,1178,,8613810,street,203619.84,553588.6,694477.24,3439522.49
001027-084092-01178-א,"השלוה 1178א, דימונה",דימונה,השלוה,1178,א,8613811,street,203619.84,553588.6,694477.24,3439522.49
001027-084092-01178-ב,"השלוה 1178ב, דימונה",דימונה,השלוה,1178,ב,8613812,street,203619.84,553588.6,694477.24,3439522.49
001027-084092-01179-X,"השלוה 1179, דימונה",דימונה,השלוה,1179,,8613813,street,203619.84,553588.6,694477.24,3439522.49
001027-084092-01179-א,"השלוה 1179א, דימונה",דימונה,השלוה,1179,א,8613814,street,203619.84,553588.6,694477.24,3439522.49
001027-084092-01179-ב,"השלוה 1179ב, דימונה",דימונה,השלוה,1179,ב,8613815,street,203619.84,553588.6,694477.24,3439522.49
001027-084092-01180-א,"השלוה 1180א, דימונה",דימונה,השלוה,1180,א,8613817,street,203619.84,553588.6,694477.24,3439522.49
001027-084092-01180-ב,"השלוה 1180ב, דימונה",דימונה,השלוה,1180,ב,8613818,street,203619.84,553588.6,694477.24,3439522.49
001027-084092-01181-X,"השלוה 1181, דימונה",דימונה,השלוה,1181,,8613819,street,203619.84,553588.6,694477.24,3439522.49
001027-084137-00000-X,"?, דימונה",דימונה,?,,,8604200,none,,,,
001027-084137-00251-X,"? 251, דימונה",דימונה,?,251,,8604201,none,,,,
001027-084137-00253-X,"? 253, דימונה",דימונה,?,253,,8604203,none,,,,
001027-084137-00254-X,"? 254, דימונה",דימונה,?,254,,8604204,none,,,,
001027-084216-00000-X,"מילרוד אליעזר, דימונה",דימונה,מילרוד אליעזר,,,8604500,street,203764.61,552657.39,694640.48,3438594.29
001027-084216-00001-X,"מילרוד אליעזר 1, דימונה",דימונה,מילרוד אליעזר,1,,8604501,street,203764.61,552657.39,694640.48,3438594.29
001027-084216-00002-X,"מילרוד אליעזר 2, דימונה",דימונה,מילרוד אליעזר,2,,8604502,exact,203717.94,552654.01,694593.89,3438589.98
001027-084216-00005-X,"מילרוד אליעזר 5, דימונה",דימונה,מילרוד אליעזר,5,,8604505,street,203764.61,552657.39,694640.48,3438594.29
001027-084216-00006-X,"מילרוד אליעזר 6, דימונה",דימונה,מילרוד אליעזר,6,,8604506,exact,203740.56,552646.32,694616.65,3438582.74
001027-084216-00008-X,"מילרוד אליעזר 8, דימונה",דימונה,מילרוד אליעזר,8,,8604508,exact,203747.58,552641.12,694623.78,3438577.69
001027-084216-00010-X,"מילרוד אליעזר 10, דימונה",דימונה,מילרוד אליעזר,10,,8604509,exact,203765.45,552639.8,694641.67,3438576.72
001027-084216-00012-X,"מילרוד אליעזר 12, דימונה",דימונה,מילרוד אליעזר,12,,8604510,exact,203773.06,552635.64,694649.36,3438572.72
001027-084216-00014-X,"מילרוד אליעזר 14, דימונה",דימונה,מילרוד אליעזר,14,,8604511,exact,203788.61,552632.37,694664.97,3438569.75
001027-084216-01618-X,"מילרוד אליעזר 1618, דימונה",דימונה,מילרוד אליעזר,1618,,8604513,street,203764.61,552657.39,694640.48,3438594.29
001027-084216-01619-X,"מילרוד אליעזר 1619, דימונה",דימונה,מילרוד אליעזר,1619,,8604514,street,203764.61,552657.39,694640.48,3438594.29
001027-084216-01620-X,"מילרוד אליעזר 1620, דימונה",דימונה,מילרוד אליעזר,1620,,8604515,street,203764.61,552657.39,694640.48,3438594.29
001027-084310-00001-X,"נבטים 1, דימונה",דימונה,נבטים,1,,8607417,exact,203335.03,553495.85,694194.31,3439424.09
001027-084310-00002-X,"נבטים 2, דימונה",דימונה,נבטים,2,,8607418,exact,203338.77,553490.35,694198.15,3439418.67
001027-084310-00003-X,"נבטים 3, דימונה",דימונה,נבטים,3,,8607419,exact,203339.02,553502.08,694198.17,3439430.41
001027-084310-00004-X,"נבטים 4, דימונה",דימונה,נבטים,4,,8607420,exact,203346.76,553492.56,694206.1,3439421.04
001027-084310-00006-X,"נבטים 6, דימונה",דימונה,נבטים,6,,8607422,exact,203352.31,553500.16,694211.5,3439428.75
001027-084310-00008-X,"נבטים 8, דימונה",דימונה,נבטים,8,,8607424,exact,203362.17,553500.9,694221.34,3439429.68
001027-084310-00009-X,"נבטים 9, דימונה",דימונה,נבטים,9,,8607425,exact,203367.14,553515.26,694226.02,3439444.14
001027-084310-00010-X,"נבטים 10, דימונה",דימונה,נבטים,10,,8607426,exact,203374.17,553511.97,694233.13,3439440.99
001027-084310-00011-X,"נבטים 11, דימונה",דימונה,נבטים,11,,8607427,exact,203369.95,553522.73,694228.69,3439451.67
001027-084310-00012-X,"נבטים 12, דימונה",דימונה,נבטים,12,,8607428,exact,203383.74,553513.02,694242.66,3439442.23
001027-084310-00013-X,"נבטים 13, דימונה",דימונה,נבטים,13,,8607429,exact,203379.49,553522.78,694238.22,3439451.9
001027-084310-00015-X,"נבטים 15, דימונה",דימונה,נבטים,15,,8607431,exact,203385.07,553531.92,694243.62,3439461.15
001027-084386-00000-X,"?, דימונה",דימונה,?,,,8607400,none,,,,
001027-084386-00002-X,"? 2, דימונה",דימונה,?,2,,8607434,none,,,,
001027-084386-00003-X,"? 3, דימונה",דימונה,?,3,,8607435,none,,,,
001027-084386-00004-X,"? 4, דימונה",דימונה,?,4,,8607436,none,,,,
001027-084386-00005-X,"? 5, דימונה",דימונה,?,5,,8607437,none,,,,
001027-084386-00006-X,"? 6, דימונה",דימונה,?,6,,8607438,none,,,,
001027-084386-00007-X,"? 7, דימונה",דימונה,?,7,,8607439,none,,,,
001027-084386-00008-X,"? 8, דימונה",דימונה,?,8,,8607440,none,,,,
001027-084386-00009-X,"? 9, דימונה",דימונה,?,9,,8607441,none,,,,
001027-084386-00010-X,"? 10, דימונה",דימונה,?,10,,8607442,none,,,,
001027-084386-00011-X,"? 11, דימונה",דימונה,?,11,,8607443,none,,,,
001027-084386-00013-X,"? 13, דימונה",דימונה,?,13,,8607445,none,,,,
001027-084386-00014-X,"? 14, דימונה",דימונה,?,14,,8607446,none,,,,
001027-084386-00125-X,"? 125, דימונה",דימונה,?,125,,8607449,none,,,,
001027-084626-00002-X,"עלית הנוער 2, דימונה",דימונה,עלית הנוער,2,,8605016,street,202863.6,553325.99,693726.32,3439244.89
001027-084626-00006-X,"עלית הנוער 6, דימונה",דימונה,עלית הנוער,6,,8605020,street,202863.6,553325.99,693726.32,3439244.89
001027-084626-00007-X,"עלית הנוער 7, דימונה",דימונה,עלית הנוער,7,,8605021,street,202863.6,553325.99,693726.32,3439244.89
001027-084626-00008-X,"עלית הנוער 8, דימונה",דימונה,עלית הנוער,8,,8605022,street,202863.6,553325.99,693726.32,3439244.89
001027-084626-00009-X,"עלית הנוער 9, דימונה",דימונה,עלית הנוער,9,,8605023,street,202863.6,553325.99,693726.32,3439244.89
001027-084626-00010-X,"עלית הנוער 10, דימונה",דימונה,עלית הנוער,10,,8605024,street,202863.6,553325.99,693726.32,3439244.89
001027-084626-00011-X,"עלית הנוער 11, דימונה",דימונה,עלית הנוער,11,,8605025,street,202863.6,553325.99,693726.32,3439244.89
001027-084626-00012-X,"עלית הנוער 12, דימונה",דימונה,עלית הנוער,12,,8605026,street,202863.6,553325.99,693726.32,3439244.89
001027-084626-00013-X,"עלית הנוער 13, דימונה",דימונה,עלית הנוער,13,,8605027,street,202863.6,553325.99,693726.32,3439244.89
001027-085016-00035-X,"שאול המלך 35, דימונה",דימונה,שאול המלך,35,,8617986,street,203206.88,553213.91,694071.78,3439139.66
001027-085148-00000-X,"נתיב הצפורים, דימונה",דימונה,נתיב הצפורים,,,8607500,none,,,,
001027-085148-00131-X,"נתיב הצפורים 131, דימונה",דימונה,נתיב הצפורים,131,,8607501,none,,,,
001027-085148-00132-X,"נתיב הצפורים 132, דימונה",דימונה,נתיב הצפורים,132,,8607502,none,,,,
001027-085148-00133-X,"נתיב הצפורים 133, דימונה",דימונה,נתיב הצפורים,133,,8607503,none,,,,
001027-085190-00000-X,"הסדנה, דימונה",דימונה,הסדנה,,,8612300,street,202276.96,552350.76,693159.14,3438258.17
001027-085190-00001-X,"הסדנה 1, דימונה",דימונה,הסדנה,1,,8612309,exact,202372.75,552379.29,693254.34,3438288.59
001027-085190-00007-X,"הסדנה 7, דימונה",דימונה,הסדנה,7,,8612312,exact,202335.93,552357.84,693217.96,3438266.42
001027-085404-00000-X,"העליה, דימונה",דימונה,העליה,,,8604800,street,203946.92,552771.61,694820.49,3438712.11
001027-085404-00002-X,"העליה 2, דימונה",דימונה,העליה,2,,8604844,exact,203768.18,552801.38,694641.18,3438738.33
001027-085404-00004-X,"העליה 4, דימונה",דימונה,העליה,4,,8604845,exact,203781.6,552798.27,694654.67,3438735.48
001027-085404-00006-X,"העליה 6, דימונה",דימונה,העליה,6,,8604846,exact,203787.04,552791.84,694660.23,3438729.17
001027-085404-00008-X,"העליה 8, דימונה",דימונה,העליה,8,,8604847,exact,203809.62,552791.34,694682.82,3438729.11
001027-085404-00010-X,"העליה 10, דימונה",דימונה,העליה,10,,8604848,exact,203817.28,552782.74,694690.65,3438720.67
001027-085404-00014-X,"העליה 14, דימונה",דימונה,העליה,14,,8604850,exact,203840.71,552774.44,694714.24,3438712.83
001027-085404-00016-X,"העליה 16, דימונה",דימונה,העליה,16,,8604851,exact,203857.13,552773.65,694730.67,3438712.37
001027-085404-00020-X,"העליה 20, דימונה",דימונה,העליה,20,,8604853,exact,203884.32,552764.31,694758.05,3438703.58
001027-085404-00022-X,"העליה 22, דימונה",דימונה,העליה,22,,8604854,exact,203890.07,552760.41,694763.87,3438699.79
001027-085404-00024-X,"העליה 24, דימונה",דימונה,העליה,24,,8604855,exact,203905.81,552759.44,694779.63,3438699.13
001027-085404-00026-X,"העליה 26, דימונה",דימונה,העליה,26,,8604856,exact,203912.98,552752.83,694786.93,3438692.66
001027-085404-00028-X,"העליה 28, דימונה",דימונה,העליה,28,,8604857,exact,203928.85,552752.43,694802.8,3438692.58
001027-085404-00030-X,"העליה 30, דימונה",דימונה,העליה,30,,8604858,exact,203934.26,552746.27,694808.33,3438686.53
001027-085404-00034-X,"העליה 34, דימונה",דימונה,העליה,34,,8604860,exact,203961.7,552738.23,694835.94,3438679.04
001027-085404-00038-X,"העליה 38, דימונה",דימונה,העליה,38,,8604862,exact,203983.71,552732.09,694858.07,3438673.33
001027-085404-00040-X,"העליה 40, דימונה",דימונה,העליה,40,,8604863,exact,203999.08,552731.32,694873.45,3438672.87
001027-085404-00042-X,"העליה 42, דימונה",דימונה,העליה,42,,8604864,exact,204006.14,552726.24,694880.61,3438667.93
001027-085404-00044-X,"העליה 44, דימונה",דימונה,העליה,44,,8604865,street,203946.92,552771.61,694820.49,3438712.11
001027-085619-00013-X,"התפוצות 13, דימונה",דימונה,התפוצות,13,,8605875,street,202863.27,553949.16,693713.62,3439867.97
001027-085619-00031-X,"התפוצות 31, דימונה",דימונה,התפוצות,31,,8605877,street,202863.27,553949.16,693713.62,3439867.97
001027-085619-00033-X,"התפוצות 33, דימונה",דימונה,התפוצות,33,,8605878,street,202863.27,553949.16,693713.62,3439867.97
001027-085619-00035-X,"התפוצות 35, דימונה",דימונה,התפוצות,35,,8605879,street,202863.27,553949.16,693713.62,3439867.97
001027-085619-00037-X,"התפוצות 37, דימונה",דימונה,התפוצות,37,,8605880,street,202863.27,553949.16,693713.62,3439867.97
001027-085619-00143-X,"התפוצות 143, דימונה",דימונה,התפוצות,143,,8605882,street,202863.27,553949.16,693713.62,3439867.97
001027-085619-00145-X,"התפוצות 145, דימונה",דימונה,התפוצות,145,,8605884,street,202863.27,553949.16,693713.62,3439867.97
001027-085619-00149-X,"התפוצות 149, דימונה",דימונה,התפוצות,149,,8605885,street,202863.27,553949.16,693713.62,3439867.97
001027-085619-00150-X,"התפוצות 150, דימונה",דימונה,התפוצות,150,,8605886,street,202863.27,553949.16,693713.62,3439867.97
001027-085800-00001-X,"הגיא 1, דימונה",דימונה,הגיא,1,,8607881,street,203847.33,553279.33,694710.83,3439217.78
001027-085800-00002-X,"הגיא 2, דימונה",דימונה,הגיא,2,,8607882,exact,203768.67,553370.44,694630.37,3439307.32
001027-085800-00003-X,"הגיא 3, דימונה",דימונה,הגיא,3,,8607883,street,203847.33,553279.33,694710.83,3439217.78
001027-085800-00005-X,"הגיא 5, דימונה",דימונה,הגיא,5,,8607885,exact,203746.65,553351.07,694608.74,3439287.52
001027-085800-00006-X,"הגיא 6, דימונה",דימונה,הגיא,6,,8607886,exact,203801.98,553355.15,694663.98,3439292.69
001027-085800-00009-X,"הגיא 9, דימונה",דימונה,הגיא,9,,8607889,street,203847.33,553279.33,694710.83,3439217.78
001027-085800-00010-X,"הגיא 10, דימונה",דימונה,הגיא,10,,8607890,exact,203830.28,553325.47,694692.87,3439263.57
001027-085800-00011-X,"הגיא 11, דימונה",דימונה,הגיא,11,,8607891,street,203847.33,553279.33,694710.83,3439217.78
001027-085800-00014-X,"הגיא 14, דימונה",דימונה,הגיא,14,,8607893,exact,203854.53,553296.69,694717.69,3439235.28
001027-085800-00016-X,"הגיא 16, דימונה",דימונה,הגיא,16,,8607894,exact,203865.38,553282.51,694728.82,3439221.32
001027-085959-00000-X,"משעול שלדג, דימונה",דימונה,משעול שלדג,,,8617600,street,203361.84,553651.84,694218.01,3439580.59
001027-085959-00001-X,"משעול שלדג 1, דימונה",דימונה,משעול שלדג,1,,8617604,street,203361.84,553651.84,694218.01,3439580.59
001027-085959-00002-X,"משעול שלדג 2, דימונה",דימונה,משעול שלדג,2,,8617605,street,203361.84,553651.84,694218.01,3439580.59
001027-085959-00003-X,"משעול שלדג 3, דימונה",דימונה,משעול שלדג,3,,8617606,street,203361.84,553651.84,694218.01,3439580.59
001027-085959-00004-X,"משעול שלדג 4, דימונה",דימונה,משעול שלדג,4,,8617607,street,203361.84,553651.84,694218.01,3439580.59
001027-085959-00005-X,"משעול שלדג 5, דימונה",דימונה,משעול שלדג,5,,8617608,street,203361.84,553651.84,694218.01,3439580.59
001027-085959-00007-X,"משעול שלדג 7, דימונה",דימונה,משעול שלדג,7,,8617610,street,203361.84,553651.84,694218.01,3439580.59
001027-085959-00008-X,"משעול שלדג 8, דימונה",דימונה,משעול שלדג,8,,8617611,street,203361.84,553651.84,694218.01,3439580.59
001027-085959-00012-X,"משעול שלדג 12, דימונה",דימונה,משעול שלדג,12,,8617615,street,203361.84,553651.84,694218.01,3439580.59
001027-085959-00015-X,"משעול שלדג 15, דימונה",דימונה,משעול שלדג,15,,8617618,street,203361.84,553651.84,694218.01,3439580.59
001027-085959-00016-X,"משעול שלדג 16, דימונה",דימונה,משעול שלדג,16,,8617619,street,203361.84,553651.84,694218.01,3439580.59
001027-085959-00123-X,"משעול שלדג 123, דימונה",דימונה,משעול שלדג,123,,8617620,street,203361.84,553651.84,694218.01,3439580.59
001027-085959-00124-X,"משעול שלדג 124, דימונה",דימונה,משעול שלדג,124,,8617621,street,203361.84,553651.84,694218.01,3439580.59
001027-085959-00127-X,"משעול שלדג 127, דימונה",דימונה,משעול שלדג,127,,8617622,street,203361.84,553651.84,694218.01,3439580.59
001027-085959-00128-X,"משעול שלדג 128, דימונה",דימונה,משעול שלדג,128,,8617623,street,203361.84,553651.84,694218.01,3439580.59
001027-085985-00000-X,"דוד אלעזר, דימונה",דימונה,דוד אלעזר,,,8616100,street,203732.79,553633.09,694589.29,3439569.21
001027-085985-00070-X,"דוד אלעזר 70, דימונה",דימונה,דוד אלעזר,70,,8616201,street,203732.79,553633.09,694589.29,3439569.21
001027-085985-00071-X,"דוד אלעזר 71, דימונה",דימונה,דוד אלעזר,71,,8616202,street,203732.79,553633.09,694589.29,3439569.21
001027-085985-00073-X,"דוד אלעזר 73, דימונה",דימונה,דוד אלעזר,73,,8616204,street,203732.79,553633.09,694589.29,3439569.21
001027-085985-00074-X,"דוד אלעזר 74, דימונה",דימונה,דוד אלעזר,74,,8616205,street,203732.79,553633.09,694589.29,3439569.21
001027-085985-00076-X,"דוד אלעזר 76, דימונה",דימונה,דוד אלעזר,76,,8616206,street,203732.79,553633.09,694589.29,3439569.21
001027-085985-00077-X,"דוד אלעזר 77, דימונה",דימונה,דוד אלעזר,77,,8616207,street,203732.79,553633.09,694589.29,3439569.21
001027-085985-00078-X,"דוד אלעזר 78, דימונה",דימונה,דוד אלעזר,78,,8616208,street,203732.79,553633.09,694589.29,3439569.21
001027-085985-00083-X,"דוד אלעזר 83, דימונה",דימונה,דוד אלעזר,83,,8616209,street,203732.79,553633.09,694589.29,3439569.21
001027-085985-00085-X,"דוד אלעזר 85, דימונה",דימונה,דוד אלעזר,85,,8616211,street,203732.79,553633.09,694589.29,3439569.21
001027-085985-00086-X,"דוד אלעזר 86, דימונה",דימונה,דוד אלעזר,86,,8616212,street,203732.79,553633.09,694589.29,3439569.21
001027-085985-00088-X,"דוד אלעזר 88, דימונה",דימונה,דוד אלעזר,88,,8616214,street,203732.79,553633.09,694589.29,3439569.21
001027-085985-00090-X,"דוד אלעזר 90, דימונה",דימונה,דוד אלעזר,90,,8616216,street,203732.79,553633.09,694589.29,3439569.21
001027-085985-00091-X,"דוד אלעזר 91, דימונה",דימונה,דוד אלעזר,91,,8616217,street,203732.79,553633.09,694589.29,3439569.21
001027-085985-00092-X,"דוד אלעזר 92, דימונה",דימונה,דוד אלעזר,92,,8616218,street,203732.79,553633.09,694589.29,3439569.21
001027-085985-00094-X,"דוד אלעזר 94, דימונה",דימונה,דוד אלעזר,94,,8616220,street,203732.79,553633.09,694589.29,3439569.21
001027-085985-00519-X,"דוד אלעזר 519, דימונה",דימונה,דוד אלעזר,519,,8616221,street,203732.79,553633.09,694589.29,3439569.21
001027-085985-00519-א,"דוד אלעזר 519א, דימונה",דימונה,דוד אלעזר,519,א,8616222,street,203732.79,553633.09,694589.29,3439569.21
001027-085985-00519-ב,"דוד אלעזר 519ב, דימונה",דימונה,דוד אלעזר,519,ב,8616223,street,203732.79,553633.09,694589.29,3439569.21
001027-085985-00519-ג,"דוד אלעזר 519ג, דימונה",דימונה,דוד אלעזר,519,ג,8616224,street,203732.79,553633.09,694589.29,3439569.21
001027-085985-00520-X,"דוד אלעזר 520, דימונה",דימונה,דוד אלעזר,520,,8616225,street,203732.79,553633.09,694589.29,3439569.21
001027-085985-00520-א,"דוד אלעזר 520א, דימונה",דימונה,דוד אלעזר,520,א,8616226,street,203732.79,553633.09,694589.29,3439569.21
001027-085985-00520-ב,"דוד אלעזר 520ב, דימונה",דימונה,דוד אלעזר,520,ב,8616227,street,203732.79,553633.09,694589.29,3439569.21
001027-085985-00520-ג,"דוד אלעזר 520ג, דימונה",דימונה,דוד אלעזר,520,ג,8616228,street,203732.79,553633.09,694589.29,3439569.21
001027-085985-00521-X,"דוד אלעזר 521, דימונה",דימונה,דוד אלעזר,521,,8616229,street,203732.79,553633.09,694589.29,3439569.21