id,city,street,house_number,entrance,zip,govmap_status,govmap_lat,govmap_lon,google_fwd_status,google_fwd_lat,google_fwd_lon,google_fwd_full,osm_fwd_status,osm_fwd_lat,osm_fwd_lon,osm_fwd_full,dist_govmap_google_m,dist_govmap_osm_m,dist_google_osm_m,google_rev_at_govmap_street,google_rev_at_govmap_house,google_rev_at_govmap_match,osm_rev_at_govmap_street,osm_rev_at_govmap_house,osm_rev_at_govmap_match,osm_rev_at_google_street,osm_rev_at_google_house,osm_rev_at_google_match,google_rev_at_osm_street,google_rev_at_osm_house,google_rev_at_osm_match,flags
001027-073567-00000-X,דימונה,אבן גבירול,26,,,street,31.062559,35.026641,OK,31.074702,35.043410,"Shlomo Ibn Gabirol St 26, Dimona, Israel",OK,31.075855,35.043678,"אבן גבירול, חכמי ישראל, דימונה, נפת באר שבע, מחוז הדרום, 8604712, ישראל",2091.5,2194.9,130.4,הנרי מלכה,24,mismatch,הנרי מלכה,,mismatch,,,n/a,,,mismatch,google_rev_at_govmap_mismatch;osm_rev_at_govmap_mismatch;google_rev_at_osm_mismatch
001027-073567-00001-X,דימונה,אבן גבירול,20,,,exact,31.075257,35.043673,OK,31.075263,35.043561,"Shlomo Ibn Gabirol St 20, Dimona, Israel",OK,31.075855,35.043678,"אבן גבירול, חכמי ישראל, דימונה, נפת באר שבע, מחוז הדרום, 8604712, ישראל",10.7,66.3,66.6,שלמה אבן גבירול,20,partial,אבן גבירול,,partial,,,n/a,,,mismatch,google_rev_at_osm_mismatch
001027-073567-00002-X,דימונה,אבן גבירול,21,,,exact,31.076449,35.043592,OK,31.076437,35.043525,"Shlomo Ibn Gabirol St 21, Dimona, Israel",OK,31.075855,35.043678,"אבן גבירול, חכמי ישראל, דימונה, נפת באר שבע, מחוז הדרום, 8604712, ישראל",6.6,66.4,66.2,שלמה אבן גבירול,21,partial,הרב אלנקוה,,mismatch,,,n/a,,,mismatch,osm_rev_at_govmap_mismatch;google_rev_at_osm_mismatch
001027-073567-00003-X,דימונה,אבן גבירול,33,,,exact,31.075668,35.044228,OK,31.075855,35.043668,"Shlomo Ibn Gabirol St 33, Dimona, Israel",OK,31.075855,35.043678,"אבן גבירול, חכמי ישראל, דימונה, נפת באר שבע, מחוז הדרום, 8604712, ישראל",57.3,56.4,1.0,שלמה אבן גבירול,454,partial,יצחק שמיר,,mismatch,,,n/a,,,mismatch,osm_rev_at_govmap_mismatch;google_rev_at_osm_mismatch
001027-073567-00004-X,דימונה,אבן גבירול,17,,,exact,31.076466,35.043245,OK,31.076462,35.043227,"Shlomo Ibn Gabirol St 17, Dimona, Israel",OK,31.075855,35.043678,"אבן גבירול, חכמי ישראל, דימונה, נפת באר שבע, מחוז הדרום, 8604712, ישראל",1.7,79.4,79.9,שלמה אבן גבירול,17,partial,אבן גבירול,,partial,,,n/a,,,mismatch,google_rev_at_osm_mismatch
001027-073567-00005-X,דימונה,אבן גבירול,18,,,exact,31.075330,35.043479,OK,31.075362,35.043408,"Shlomo Ibn Gabirol St 18, Dimona, Israel",OK,31.075855,35.043678,"אבן גבירול, חכמי ישראל, דימונה, נפת באר שבע, מחוז הדרום, 8604712, ישראל",7.7,61.2,60.4,שלמה אבן גבירול,18,partial,אבן גבירול,,partial,,,n/a,,,mismatch,google_rev_at_osm_mismatch
001027-073567-00006-X,דימונה,אבן גבירול,36,,,exact,31.073928,35.043668,OK,31.073946,35.043592,"Shlomo Ibn Gabirol St 36, Dimona, Israel",OK,31.075855,35.043678,"אבן גבירול, חכמי ישראל, דימונה, נפת באר שבע, מחוז הדרום, 8604712, ישראל",7.6,213.6,211.8,שלמה אבן גבירול,36,partial,אלחריזי,,mismatch,,,n/a,,,mismatch,osm_rev_at_govmap_mismatch;google_rev_at_osm_mismatch
001027-073567-00007-X,דימונה,אבן גבירול,9,,,exact,31.076294,35.042389,OK,31.076304,35.042361,"Shlomo Ibn Gabirol St 9, Dimona, Israel",OK,31.075855,35.043678,"אבן גבירול, חכמי ישראל, דימונה, נפת באר שבע, מחוז הדרום, 8604712, ישראל",2.9,132.4,135.2,שלמה אבן גבירול,9,partial,אבן גבירול,,partial,,,n/a,,,mismatch,google_rev_at_osm_mismatch
001027-073567-00008-X,דימונה,אבן גבירול,29,,,exact,31.076118,35.044273,OK,31.076040,35.043458,"Shlomo Ibn Gabirol St 29, Dimona, Israel",OK,31.075855,35.043678,"אבן גבירול, חכמי ישראל, דימונה, נפת באר שבע, מחוז הדרום, 8604712, ישראל",78.3,63.8,29.4,שלמה אבן גבירול,914,partial,יצחק שמיר,,mismatch,,,n/a,,,mismatch,osm_rev_at_govmap_mismatch;google_rev_at_osm_mismatch
001027-073567-00009-X,דימונה,אבן גבירול,28,,,exact,31.074601,35.043680,OK,31.074619,35.043568,"Shlomo Ibn Gabirol St 28, Dimona, Israel",OK,31.075855,35.043678,"אבן גבירול, חכמי ישראל, דימונה, נפת באר שבע, מחוז הדרום, 8604712, ישראל",10.9,139.0,137.4,שלמה אבן גבירול,28,partial,אבן גבירול,,partial,,,n/a,,,mismatch,google_rev_at_osm_mismatch
001027-073567-00010-X,דימונה,אבן גבירול,14,,,exact,31.075675,35.043496,OK,31.075669,35.043488,"Shlomo Ibn Gabirol St 14, Dimona, Israel",OK,31.075855,35.043678,"אבן גבירול, חכמי ישראל, דימונה, נפת באר שבע, מחוז הדרום, 8604712, ישראל",1.0,26.5,27.5,שלמה אבן גבירול,14,partial,אבן גבירול,,partial,,,n/a,,,mismatch,google_rev_at_osm_mismatch
001027-073567-00011-X,דימונה,אבן גבירול,35,,,exact,31.075526,35.044302,OK,31.075495,35.044218,"Shlomo Ibn Gabirol St 35, Dimona, Israel",OK,31.075855,35.043678,"אבן גבירול, חכמי ישראל, דימונה, נפת באר שבע, מחוז הדרום, 8604712, ישראל",8.7,69.8,65.2,שלמה אבן גבירול,35,partial,יצחק שמיר,,mismatch,,,n/a,,,mismatch,osm_rev_at_govmap_mismatch;google_rev_at_osm_mismatch
001027-073567-00012-X,דימונה,אבן גבירול,22,,,exact,31.074982,35.043479,OK,31.074971,35.043404,"Shlomo Ibn Gabirol St 22, Dimona, Israel",OK,31.075855,35.043678,"אבן גבירול, חכמי ישראל, דימונה, נפת באר שבע, מחוז הדרום, 8604712, ישראל",7.2,98.6,101.4,שלמה אבן גבירול,22,partial,אבן גבירול,,partial,,,n/a,,,mismatch,google_rev_at_osm_mismatch
001027-073567-00013-X,דימונה,אבן גבירול,51,,,exact,31.073964,35.044221,OK,31.073951,35.044193,"Shlomo Ibn Gabirol St 51, Dimona, Israel",OK,31.075855,35.043678,"אבן גבירול, חכמי ישראל, דימונה, נפת באר שבע, מחוז הדרום, 8604712, ישראל",3.1,216.0,216.7,שלמה אבן גבירול,51,partial,אלחריזי,,mismatch,,,n/a,,,mismatch,osm_rev_at_govmap_mismatch;google_rev_at_osm_mismatch
001027-073567-00014-X,דימונה,אבן גבירול,19,,,exact,31.076303,35.043308,OK,31.076292,35.043268,"Shlomo Ibn Gabirol St 19, Dimona, Israel",OK,31.075855,35.043678,"אבן גבירול, חכמי ישראל, דימונה, נפת באר שבע, מחוז הדרום, 8604712, ישראל",4.0,61.0,62.3,שלמה אבן גבירול,19,partial,אבן גבירול,,partial,,,n/a,,,mismatch,google_rev_at_osm_mismatch
001027-073567-00015-X,דימונה,אבן גבירול,4,,,exact,31.075841,35.042141,OK,31.075817,35.042066,"Shlomo Ibn Gabirol St 4, Dimona, Israel",OK,31.075855,35.043678,"אבן גבירול, חכמי ישראל, דימונה, נפת באר שבע, מחוז הדרום, 8604712, ישראל",7.7,146.7,153.9,שלמה אבן גבירול,459,partial,אבן גבירול,,partial,,,n/a,,,mismatch,google_rev_at_osm_mismatch
001027-073567-00016-X,דימונה,אבן גבירול,16,,,exact,31.075498,35.043403,OK,31.075513,35.043356,"Shlomo Ibn Gabirol St 16, Dimona, Israel",OK,31.075855,35.043678,"אבן גבירול, חכמי ישראל, דימונה, נפת באר שבע, מחוז הדרום, 8604712, ישראל",4.8,47.5,48.8,שלמה אבן גבירול,16,partial,אבן גבירול,,partial,,,n/a,,,mismatch,google_rev_at_osm_mismatch
001027-073567-00017-X,דימונה,אבן גבירול,24,,,exact,31.074819,35.043415,OK,31.074844,35.043359,"Shlomo Ibn Gabirol St 24, Dimona, Israel",OK,31.075855,35.043678,"אבן גבירול, חכמי ישראל, דימונה, נפת באר שבע, מחוז הדרום, 8604712, ישראל",6.1,117.6,116.1,שלמה אבן גבירול,451,partial,אבן גבירול,,partial,,,n/a,,,mismatch,google_rev_at_osm_mismatch
001027-073567-00018-X,דימונה,אבן גבירול,43,,,exact,31.074735,35.044240,OK,31.074732,35.044188,"Shlomo Ibn Gabirol St 43, Dimona, Israel",OK,31.075855,35.043678,"אבן גבירול, חכמי ישראל, דימונה, נפת באר שבע, מחוז הדרום, 8604712, ישראל",5.0,135.2,133.6,שלמה אבן גבירול,43,partial,אבן גבירול,,partial,,,n/a,,,mismatch,google_rev_at_osm_mismatch
001027-073567-00019-X,דימונה,אבן גבירול,47,,,exact,31.074275,35.044315,OK,31.074329,35.044313,"Shlomo Ibn Gabirol St 47, Dimona, Israel",OK,31.075855,35.043678,"אבן גבירול, חכמי ישראל, דימונה, נפת באר שבע, מחוז הדרום, 8604712, ישראל",6.1,185.4,179.6,שלמה אבן גבירול,47,partial,יצחק שמיר,,mismatch,,,n/a,,,mismatch,osm_rev_at_govmap_mismatch;google_rev_at_osm_mismatch
001027-073567-00020-X,דימונה,אבן גבירול,1,,,exact,31.076291,35.041877,OK,31.076143,35.041679,"Shlomo Ibn Gabirol St 1, Dimona, Israel",OK,31.075855,35.043678,"אבן גבירול, חכמי ישראל, דימונה, נפת באר שבע, מחוז הדרום, 8604712, ישראל",25.0,178.6,193.5,אלחריזי,1,mismatch,אבן גבירול,,partial,,,n/a,,,mismatch,google_rev_at_govmap_mismatch;google_rev_at_osm_mismatch
001027-073567-00021-X,דימונה,אבן גבירול,15,,,exact,31.076531,35.043053,OK,31.076535,35.043016,"Shlomo Ibn Gabirol St 15, Dimona, Israel",OK,31.075855,35.043678,"אבן גבירול, חכמי ישראל, דימונה, נפת באר שבע, מחוז הדרום, 8604712, ישראל",3.5,95.8,98.4,שלמה אבן גבירול,15,partial,הרב אלנקוה,,mismatch,,,n/a,,,mismatch,osm_rev_at_govmap_mismatch;google_rev_at_osm_mismatch
001027-073567-00022-X,דימונה,אבן גבירול,2,,,exact,31.075877,35.041985,OK,31.075839,35.041922,"Shlomo Ibn Gabirol St 2, Dimona, Israel",OK,31.075855,35.043678,"אבן גבירול, חכמי ישראל, דימונה, נפת באר שבע, מחוז הדרום, 8604712, ישראל",7.3,161.6,167.7,אלחריזי,3,mismatch,אבן גבירול,,partial,,,n/a,,,mismatch,google_rev_at_govmap_mismatch;google_rev_at_osm_mismatch
001027-073567-00023-X,דימונה,אבן גבירול,30,,,exact,31.074310,35.043478,OK,31.074334,35.043445,"Shlomo Ibn Gabirol St 30, Dimona, Israel",OK,31.075855,35.043678,"אבן גבירול, חכמי ישראל, דימונה, נפת באר שבע, מחוז הדרום, 8604712, ישראל",4.2,172.4,170.1,שלמה אבן גבירול,30,partial,אבן גבירול,,partial,,,n/a,,,mismatch,google_rev_at_osm_mismatch
001027-073567-00024-X,דימונה,אבן גבירול,45,,,exact,31.074424,35.044246,OK,31.074423,35.044212,"Shlomo Ibn Gabirol St 45, Dimona, Israel",OK,31.075855,35.043678,"אבן גבירול, חכמי ישראל, דימונה, נפת באר שבע, מחוז הדרום, 8604712, ישראל",3.2,167.6,166.8,שלמה אבן גבירול,45,partial,יצחק שמיר,,mismatch,,,n/a,,,mismatch,osm_rev_at_govmap_mismatch;google_rev_at_osm_mismatch
001027-073567-00025-X,דימונה,אבן גבירול,5,,,exact,31.076529,35.042124,OK,31.076539,35.042113,"Shlomo Ibn Gabirol St 5, Dimona, Israel",OK,31.075855,35.043678,"אבן גבירול, חכמי ישראל, דימונה, נפת באר שבע, מחוז הדרום, 8604712, ישראל",1.6,166.1,167.6,שלמה אבן גבירול,5,partial,הרב אלנקוה,,mismatch,,,n/a,,,mismatch,osm_rev_at_govmap_mismatch;google_rev_at_osm_mismatch
001027-073567-00026-X,דימונה,אבן גבירול,11,,,exact,31.076297,35.042793,OK,31.076335,35.042779,"Shlomo Ibn Gabirol St 11, Dimona, Israel",OK,31.075855,35.043678,"אבן גבירול, חכמי ישראל, דימונה, נפת באר שבע, מחוז הדרום, 8604712, ישראל",4.5,97.7,101.0,שלמה אבן גבירול,11,partial,אבן גבירול,,partial,,,n/a,,,mismatch,google_rev_at_osm_mismatch
001027-073567-00027-X,דימונה,אבן גבירול,31,,,exact,31.075962,35.044195,OK,31.075947,35.044137,"Shlomo Ibn Gabirol St 31, Dimona, Israel",OK,31.075855,35.043678,"אבן גבירול, חכמי ישראל, דימונה, נפת באר שבע, מחוז הדרום, 8604712, ישראל",5.8,50.7,44.9,שלמה אבן גבירול,31,partial,יצחק שמיר,,mismatch,,,n/a,,,mismatch,osm_rev_at_govmap_mismatch;google_rev_at_osm_mismatch
001027-073567-00028-X,דימונה,אבן גבירול,7,,,exact,31.076465,35.042312,OK,31.076465,35.042305,"Shlomo Ibn Gabirol St 7, Dimona, Israel",OK,31.075855,35.043678,"אבן גבירול, חכמי ישראל, דימונה, נפת באר שבע, מחוז הדרום, 8604712, ישראל",0.7,146.9,147.5,שלמה אבן גבירול,7,partial,אבן גבירול,,partial,,,n/a,,,mismatch,google_rev_at_osm_mismatch
001027-073567-00029-X,דימונה,אבן גבירול,34,,,exact,31.073991,35.043486,OK,31.074022,35.043404,"Shlomo Ibn Gabirol St 34, Dimona, Israel",OK,31.075855,35.043678,"אבן גבירול, חכמי ישראל, דימונה, נפת באר שבע, מחוז הדרום, 8604712, ישראל",8.6,207.4,204.9,שלמה אבן גבירול,34,partial,אלחריזי,,mismatch,,,n/a,,,mismatch,osm_rev_at_govmap_mismatch;google_rev_at_osm_mismatch
001027-073567-00030-X,דימונה,אבן גבירול,23,,,exact,31.076536,35.043765,OK,31.076161,35.043039,"Shlomo Ibn Gabirol St 23, Dimona, Israel",OK,31.075855,35.043678,"אבן גבירול, חכמי ישראל, דימונה, נפת באר שבע, מחוז הדרום, 8604712, ישראל",80.9,76.0,69.8,שלמה אבן גבירול,455,partial,הרב אלנקוה,,mismatch,,,n/a,,,mismatch,osm_rev_at_govmap_mismatch;google_rev_at_osm_mismatch
001027-073567-00031-X,דימונה,אבן גבירול,10,,,exact,31.075839,35.043071,OK,31.076161,35.043039,"Shlomo Ibn Gabirol St 10, Dimona, Israel",OK,31.075855,35.043678,"אבן גבירול, חכמי ישראל, דימונה, נפת באר שבע, מחוז הדרום, 8604712, ישראל",35.8,58.0,69.8,שלמה אבן גבירול,458,partial,אבן גבירול,,partial,,,n/a,,,mismatch,google_rev_at_osm_mismatch
001027-073567-00032-X,דימונה,אבן גבירול,8,,,exact,31.075898,35.042870,OK,31.075880,35.042828,"Shlomo Ibn Gabirol St 8, Dimona, Israel",OK,31.075855,35.043678,"אבן גבירול, חכמי ישראל, דימונה, נפת באר שבע, מחוז הדרום, 8604712, ישראל",4.5,77.3,81.2,שלמה אבן גבירול,8,partial,אבן גבירול,,partial,,,n/a,,,mismatch,google_rev_at_osm_mismatch
001027-073567-00033-X,דימונה,אבן גבירול,25,,,exact,31.076463,35.043948,OK,31.076430,35.043343,"Shlomo Ibn Gabirol St 25, Dimona, Israel",OK,31.075855,35.043678,"אבן גבירול, חכמי ישראל, דימונה, נפת באר שבע, מחוז הדרום, 8604712, ישראל",57.9,72.1,71.4,שלמה אבן גבירול,455,partial,הרב אלנקוה,,mismatch,,,n/a,,,mismatch,osm_rev_at_govmap_mismatch;google_rev_at_osm_mismatch
001027-073567-00034-X,דימונה,אבן גבירול,3,,,exact,31.076452,35.041945,OK,31.076473,35.041944,"Shlomo Ibn Gabirol St 3, Dimona, Israel",OK,31.075855,35.043678,"אבן גבירול, חכמי ישראל, דימונה, נפת באר שבע, מחוז הדרום, 8604712, ישראל",2.4,178.2,179.2,שלמה אבן גבירול,3,partial,אבן גבירול,,partial,,,n/a,,,mismatch,google_rev_at_osm_mismatch
001027-073567-00035-X,דימונה,אבן גבירול,37,,,exact,31.075364,35.044219,OK,31.075391,35.043863,"Shlomo Ibn Gabirol St 37, Dimona, Israel",OK,31.075855,35.043678,"אבן גבירול, חכמי ישראל, דימונה, נפת באר שבע, מחוז הדרום, 8604712, ישראל",34.1,75.0,54.4,שלמה אבן גבירול,35,partial,יצחק שמיר,,mismatch,,,n/a,,,mismatch,osm_rev_at_govmap_mismatch;google_rev_at_osm_mismatch
001027-073567-00036-X,דימונה,אבן גבירול,6,,,exact,31.075901,35.042333,OK,31.075882,35.042323,"Shlomo Ibn Gabirol St 6, Dimona, 8618106, Israel",OK,31.075855,35.043678,"אבן גבירול, חכמי ישראל, דימונה, נפת באר שבע, מחוז הדרום, 8604712, ישראל",2.3,128.5,129.4,שלמה אבן גבירול,6,partial,אבן גבירול,,partial,,,n/a,,,mismatch,google_rev_at_osm_mismatch
001027-073567-00037-X,דימונה,אבן גבירול,41,,,exact,31.074897,35.044306,OK,31.074890,35.044279,"Shlomo Ibn Gabirol St 41, Dimona, Israel",OK,31.075855,35.043678,"אבן גבירול, חכמי ישראל, דימונה, נפת באר שבע, מחוז הדרום, 8604712, ישראל",2.7,121.9,121.3,שלמה אבן גבירול,41,partial,יצחק שמיר,,mismatch,,,n/a,,,mismatch,osm_rev_at_govmap_mismatch;google_rev_at_osm_mismatch
001027-073567-00038-X,דימונה,אבן גבירול,13,,,exact,31.076479,35.042905,OK,31.076485,35.042841,"Shlomo Ibn Gabirol St 13, Dimona, Israel",OK,31.075855,35.043678,"אבן גבירול, חכמי ישראל, דימונה, נפת באר שבע, מחוז הדרום, 8604712, ישראל",6.2,101.2,106.2,שלמה אבן גבירול,13,partial,אבן גבירול,,partial,,,n/a,,,mismatch,google_rev_at_osm_mismatch
001027-073567-00039-X,דימונה,אבן גבירול,12,,,exact,31.075899,35.043278,OK,31.076161,35.043039,"Shlomo Ibn Gabirol St 12, Dimona, Israel",OK,31.075855,35.043678,"אבן גבירול, חכמי ישראל, דימונה, נפת באר שבע, מחוז הדרום, 8604712, ישראל",36.9,38.5,69.8,שלמה אבן גבירול,458,partial,אבן גבירול,,partial,,,n/a,,,mismatch,google_rev_at_osm_mismatch
001027-073567-00040-X,דימונה,אבן גבירול,32,,,exact,31.074152,35.043418,OK,31.074194,35.043332,"Shlomo Ibn Gabirol St 32, Dimona, Israel",OK,31.075855,35.043678,"אבן גבירול, חכמי ישראל, דימונה, נפת באר שבע, מחוז הדרום, 8604712, ישראל",9.4,190.4,187.1,שלמה אבן גבירול,449,partial,אלחריזי,,mismatch,,,n/a,,,mismatch,osm_rev_at_govmap_mismatch;google_rev_at_osm_mismatch
001027-073567-00041-X,דימונה,אבן עזרא,5,,,exact,31.073286,35.043185,OK,31.073528,35.043166,"Ibn Ezra St 5, Dimona, Israel",OK,31.073152,35.042923,"אבן עזרא, חכמי ישראל, דימונה, נפת באר שבע, מחוז הדרום, 8604712, ישראל",26.8,29.1,47.7,אבן עזרא,440,partial,אבן עזרא,,partial,,,n/a,אבן עזרא,442,partial,
001027-073567-00042-X,דימונה,אבן עזרא,4,,,exact,31.073398,35.042705,OK,31.073453,35.042704,"Ibn Ezra St 4, Dimona, Israel",OK,31.073152,35.042923,"אבן עזרא, חכמי ישראל, דימונה, נפת באר שבע, מחוז הדרום, 8604712, ישראל",6.1,34.3,39.3,אבן עזרא,2,partial,אבן עזרא,,partial,,,n/a,אבן עזרא,442,partial,
001027-073567-00043-X,דימונה,אבן עזרא,19,,,exact,31.072296,35.043161,OK,31.072300,35.043148,"Ibn Ezra St 19, Dimona, Israel",OK,31.073152,35.042923,"אבן עזרא, חכמי ישראל, דימונה, נפת באר שבע, מחוז הדרום, 8604712, ישראל",1.4,97.6,96.9,אבן עזרא,19,match,שלום שבזי,,mismatch,,,n/a,אבן עזרא,442,partial,osm_rev_at_govmap_mismatch
001027-073567-00044-X,דימונה,אבן עזרא,2,,,exact,31.073516,35.042741,OK,31.073524,35.042714,"Ibn Ezra St 2, Dimona, Israel",OK,31.073152,35.042923,"אבן עזרא, חכמי ישראל, דימונה, נפת באר שבע, מחוז הדרום, 8604712, ישראל",2.8,43.9,45.8,אבן עזרא,2,match,אבן עזרא,,partial,,,n/a,אבן עזרא,442,partial,
001027-073567-00045-X,דימונה,אבן עזרא,13,,,exact,31.072678,35.043184,OK,31.072693,35.043154,"Ibn Ezra St 13, Dimona, Israel",OK,31.073152,35.042923,"אבן עזרא, חכמי ישראל, דימונה, נפת באר שבע, מחוז הדרום, 8604712, ישראל",3.3,58.2,55.5,אבן עזרא,13,match,אבן עזרא,,partial,,,n/a,אבן עזרא,442,partial,
001027-073567-00046-X,דימונה,אבן עזרא,8,,,exact,31.073112,35.042725,OK,31.073109,35.042706,"Ibn Ezra St 8, Dimona, Israel",OK,31.073152,35.042923,"אבן עזרא, חכמי ישראל, דימונה, נפת באר שבע, מחוז הדרום, 8604712, ישראל",1.9,19.3,21.2,אבן עזרא,8,match,אבן עזרא,,partial,,,n/a,אבן עזרא,442,partial,
001027-073567-00047-X,דימונה,אבן עזרא,1,,,exact,31.073556,35.043181,OK,31.073835,35.043035,"Ibn Ezra St 1, Dimona, Israel",OK,31.073152,35.042923,"אבן עזרא, חכמי ישראל, דימונה, נפת באר שבע, מחוז הדרום, 8604712, ישראל",34.0,51.1,76.5,אבן עזרא,3,partial,אבן עזרא,,partial,,,n/a,אבן עזרא,442,partial,
001027-073567-00048-X,דימונה,אבן עזרא,10,,,exact,31.072985,35.042751,OK,31.072975,35.042698,"Ibn Ezra St 10, Dimona, Israel",OK,31.073152,35.042923,"אבן עזרא, חכמי ישראל, דימונה, נפת באר שבע, מחוז הדרום, 8604712, ישראל",5.1,24.8,29.1,אבן עזרא,10,match,אבן עזרא,,partial,,,n/a,אבן עזרא,442,partial,
001027-073567-00049-X,דימונה,אבן עזרא,3,,,exact,31.073431,35.043169,OK,31.073426,35.043145,"Ibn Ezra St 3, Dimona, Israel",OK,31.073152,35.042923,"אבן עזרא, חכמי ישראל, דימונה, נפת באר שבע, מחוז הדרום, 8604712, ישראל",2.4,38.9,37.1,אבן עזרא,3,match,אבן עזרא,,partial,,,n/a,אבן עזרא,442,partial,
001027-073567-00050-X,דימונה,אבן עזרא,7,,,exact,31.073176,35.043170,OK,31.073152,35.043132,"Ibn Ezra St 7, Dimona, Israel",OK,31.073152,35.042923,"אבן עזרא, חכמי ישראל, דימונה, נפת באר שבע, מחוז הדרום, 8604712, ישראל",4.5,23.8,20.0,אבן עזרא,7,match,אבן עזרא,,partial,,,n/a,אבן עזרא,442,partial,
001027-073567-00051-X,דימונה,אבן עזרא,9,,,exact,31.073030,35.043182,OK,31.073014,35.043137,"Ibn Ezra St 9, Dimona, Israel",OK,31.073152,35.042923,"אבן עזרא, חכמי ישראל, דימונה, נפת באר שבע, מחוז הדרום, 8604712, ישראל",4.7,28.2,25.5,אבן עזרא,9,match,אבן עזרא,,partial,,,n/a,אבן עזרא,442,partial,
001027-073567-00052-X,דימונה,אדר,4,,,exact,31.077827,35.039903,OK,31.077823,35.039908,"Adar St 4, Dimona, Israel",OK,31.078007,35.040281,"אדר, נווה חורש, חכמי ישראל, דימונה, נפת באר שבע, מחוז הדרום, 8604712, ישראל",0.6,41.2,41.0,אדר,4,match,אדר,,partial,,,n/a,צבעוני,12,mismatch,google_rev_at_osm_mismatch
001027-073567-00053-X,דימונה,אדר,21,,,exact,31.078140,35.040833,OK,31.078111,35.040784,"Adar St 21, Dimona, Israel",OK,31.078007,35.040281,"אדר, נווה חורש, חכמי ישראל, דימונה, נפת באר שבע, מחוז הדרום, 8604712, ישראל",5.7,54.7,49.4,אדר,21,match,ליבנה,,mismatch,,,n/a,צבעוני,12,mismatch,osm_rev_at_govmap_mismatch;google_rev_at_osm_mismatch
001027-073567-00054-X,דימונה,אדר,17,,,exact,31.078153,35.040630,OK,31.078150,35.040611,"Adar St 17, Dimona, Israel",OK,31.078007,35.040281,"אדר, נווה חורש, חכמי ישראל, דימונה, נפת באר שבע, מחוז הדרום, 8604712, ישראל",1.9,37.1,35.3,אדר,17,match,אדר,,partial,,,n/a,צבעוני,12,mismatch,google_rev_at_osm_mismatch
001027-073567-00055-X,דימונה,אדר,12,,,exact,31.077826,35.040284,OK,31.077849,35.040312,"Adar St 12, Dimona, Israel",OK,31.078007,35.040281,"אדר, נווה חורש, חכמי ישראל, דימונה, נפת באר שבע, מחוז הדרום, 8604712, ישראל",3.7,20.0,17.7,אדר,10,partial,אדר,,partial,,,n/a,צבעוני,12,mismatch,google_rev_at_osm_mismatch
001027-073567-00056-X,דימונה,אדר,16,,,exact,31.077816,35.040472,OK,31.077814,35.040484,"Adar St 16, Dimona, Israel",OK,31.078007,35.040281,"אדר, נווה חורש, חכמי ישראל, דימונה, נפת באר שבע, מחוז הדרום, 8604712, ישראל",1.2,27.9,28.8,אדר,16,match,אדר,,partial,,,n/a,צבעוני,12,mismatch,google_rev_at_osm_mismatch
001027-073567-00057-X,דימונה,אורון,6,,,exact,31.063693,35.030593,OK,31.063687,35.030533,"Oron St 6, Dimona, Israel",OK,31.063820,35.030151,"אורון, ערבה, נווה גן, דימונה, נפת באר שבע, מחוז הדרום, 8604712, ישראל",5.7,44.5,39.3,אורון,8,partial,אורון,,partial,,,n/a,שדרות הנשיא,122,mismatch,google_rev_at_osm_mismatch
001027-073567-00058-X,דימונה,אורון,5,,,exact,31.064072,35.030493,OK,31.064076,35.030463,"Oron St 5, Dimona, Israel",OK,31.063820,35.030151,"אורון, ערבה, נווה גן, דימונה, נפת באר שבע, מחוז הדרום, 8604712, ישראל",2.8,43.0,41.2,אורון,5,match,אורון,,partial,,,n/a,שדרות הנשיא,122,mismatch,google_rev_at_osm_mismatch
001027-073567-00059-X,דימונה,אורון,11,,,exact,31.064033,35.031157,OK,31.064076,35.031102,"Oron St 11, Dimona, Israel",OK,31.063820,35.030151,"אורון, ערבה, נווה גן, דימונה, נפת באר שבע, מחוז הדרום, 8604712, ישראל",7.1,98.9,95.1,אורון,11,match,השיטה,,mismatch,,,n/a,שדרות הנשיא,122,mismatch,osm_rev_at_govmap_mismatch;google_rev_at_osm_mismatch
001027-073567-00060-X,דימונה,אורון,4,,,exact,31.063714,35.030445,OK,31.063690,35.030334,"Oron St 4, Dimona, Israel",OK,31.063820,35.030151,"אורון, ערבה, נווה גן, דימונה, נפת באר שבע, מחוז הדרום, 8604712, ישראל",10.9,30.5,22.7,שדרות הנשיא,153,mismatch,אורון,,partial,,,n/a,שדרות הנשיא,122,mismatch,google_rev_at_govmap_mismatch;google_rev_at_osm_mismatch
001027-073567-00061-X,דימונה,אזוב,10,,,exact,31.077816,35.044495,OK,31.077789,35.044571,"Ezov St 10, Dimona, Israel",OK,31.077575,35.044210,"אזוב, נווה חורש, חכמי ישראל, דימונה, נפת באר שבע, מחוז הדרום, 8604712, ישראל",7.8,38.1,41.8,אזוב,12,partial,אשחר,,mismatch,,,n/a,אזוב,277,partial,osm_rev_at_govmap_mismatch
001027-073567-00062-X,דימונה,אזוב,4,,,exact,31.077528,35.044518,OK,31.077623,35.044518,"Ezov St 4, Dimona, Israel",OK,31.077575,35.044210,"אזוב, נווה חורש, חכמי ישראל, דימונה, נפת באר שבע, מחוז הדרום, 8604712, ישראל",10.5,29.9,29.9,אזוב,277,partial,אזוב,,partial,,,n/a,אזוב,277,partial,
001027-073567-00063-X,דימונה,אזוב,6,,,exact,31.077627,35.044493,OK,31.077652,35.044518,"Ezov St 6, Dimona, Israel",OK,31.077575,35.044210,"אזוב, נווה חורש, חכמי ישראל, דימונה, נפת באר שבע, מחוז הדרום, 8604712, ישראל",3.7,27.7,30.7,אזוב,4,partial,אזוב,,partial,,,n/a,אזוב,277,partial,
001027-073567-00064-X,דימונה,אלחריזי,9,,,exact,31.074443,35.042839,OK,31.074458,35.042926,"Elkharizi St 9, Dimona, Israel",OK,31.073717,35.043632,"אלחריזי, חכמי ישראל, דימונה, נפת באר שבע, מחוז הדרום, 8604712, ישראל",8.5,110.5,106.3,אלחריזי,9,match,אלחריזי,,partial,,,n/a,שלמה אבן גבירול,36,mismatch,google_rev_at_osm_mismatch
001027-073567-00065-X,דימונה,אלחריזי,5,,,exact,31.075280,35.042158,OK,31.075305,35.042196,"Elkharizi St 5, Dimona, Israel",OK,31.074747,35.042257,"אלחריזי, חכמי ישראל, דימונה, נפת באר שבע, מחוז הדרום, 8604712, ישראל",4.5,59.9,62.2,אלחריזי,5,match,אלחריזי,,partial,,,n/a,שלמה אבן גבירול,463,mismatch,google_rev_at_osm_mismatch
001027-073567-00066-X,דימונה,אלחריזי,7,,,exact,31.074877,35.042489,OK,31.074865,35.042461,"Elkharizi St 7, Dimona, Israel",OK,31.075960,35.041582,"אלחריזי, חכמי ישראל, דימונה, נפת באר שבע, מחוז הדרום, 8604712, ישראל",3.0,148.0,147.5,אלחריזי,7,match,אלחריזי,,partial,,,n/a,יהודה הלוי,23,mismatch,google_rev_at_osm_mismatch
001027-073567-00067-X,דימונה,אלחריזי,14,,,exact,31.074224,35.042366,OK,31.074224,35.042310,"Elkharizi St 14, Dimona, Israel",OK,31.074747,35.042257,"אלחריזי, חכמי ישראל, דימונה, נפת באר שבע, מחוז הדרום, 8604712, ישראל",5.3,58.9,58.2,אלחריזי,441,partial,אלחריזי,,partial,,,n/a,שלמה אבן גבירול,463,mismatch,google_rev_at_osm_mismatch
001027-073567-00068-X,דימונה,אלחריזי,22,,,exact,31.073813,35.042784,OK,31.074701,35.042079,"Elkharizi St 22, Dimona, Israel",OK,31.073849,35.043254,"אלחריזי, חכמי ישראל, דימונה, נפת באר שבע, מחוז הדרום, 8604712, ישראל",119.3,45.1,146.6,אלחריזי,20,partial,אבן עזרא,,mismatch,,,n/a,שלמה אבן גבירול,34,mismatch,osm_rev_at_govmap_mismatch;google_rev_at_osm_mismatch
001027-073567-00069-X,דימונה,אמנון ותמר,11,,,exact,31.075683,35.031942,OK,31.075679,35.031816,"Amnon veTamar St 11, Dimona, Israel",OK,31.075772,35.032047,"אמנון ותמר, נווה אביב, נווה גן, דימונה, נפת באר שבע, מחוז הדרום, 8604712, ישראל",12.0,14.1,24.4,אמנון ותמר,11,match,אמנון ותמר,,partial,,,n/a,בת חן,2,mismatch,google_rev_at_osm_mismatch
001027-073567-00070-X,דימונה,אמנון ותמר,9,,,exact,31.075550,35.031888,OK,31.075551,35.031818,"Amnon veTamar St 9, Dimona, Israel",OK,31.075772,35.032047,"אמנון ותמר, נווה אביב, נווה גן, דימונה, נפת באר שבע, מחוז הדרום, 8604712, ישראל",6.6,29.0,32.9,אמנון ותמר,9,match,אמנון ותמר,,partial,,,n/a,בת חן,2,mismatch,google_rev_at_osm_mismatch
001027-073567-00071-X,דימונה,אמנון ותמר,3,,,exact,31.075179,35.031923,OK,31.075186,35.031831,"Amnon veTamar St 3, Dimona, Israel",OK,31.075772,35.032047,"אמנון ותמר, נווה אביב, נווה גן, דימונה, נפת באר שבע, מחוז הדרום, 8604712, ישראל",8.8,66.8,68.2,אמנון ותמר,3,match,אמנון ותמר,,partial,,,n/a,בת חן,2,mismatch,google_rev_at_osm_mismatch
001027-073567-00072-X,דימונה,אמנון ותמר,19,,,exact,31.076240,35.031867,OK,31.076246,35.031764,"Amnon veTamar St 19, Dimona, Israel",OK,31.075772,35.032047,"אמנון ותמר, נווה אביב, נווה גן, דימונה, נפת באר שבע, מחוז הדרום, 8604712, ישראל",9.8,54.6,59.1,אמנון ותמר,19,match,אמנון ותמר,,partial,,,n/a,בת חן,2,mismatch,google_rev_at_osm_mismatch
001027-073567-00073-X,דימונה,אסף,1019,,,exact,31.072280,35.027991,OK,31.073045,35.028698,"Asaf St, Dimona, Israel",OK,31.073012,35.028590,"אסף, הנצחון, נווה גן, דימונה, נפת באר שבע, מחוז הדרום, 8604712, ישראל",108.3,99.2,10.9,יצחק ורדימון,1019,mismatch,מבצע ברוש,,mismatch,,,n/a,משעול רוגל,15,mismatch,google_rev_at_govmap_mismatch;osm_rev_at_govmap_mismatch;google_rev_at_osm_mismatch
001027-073567-00074-X,דימונה,אסף,3,,,exact,31.073074,35.028384,OK,31.073043,35.028308,"Asaf St 3, Dimona, Israel",OK,31.073012,35.028590,"אסף, הנצחון, נווה גן, דימונה, נפת באר שבע, מחוז הדרום, 8604712, ישראל",8.0,20.8,27.1,אסף,24,partial,אסף,,partial,,,n/a,משעול רוגל,15,mismatch,google_rev_at_osm_mismatch
001027-073567-00075-X,דימונה,אסף,18,,,exact,31.072567,35.028505,OK,31.072137,35.028500,"Asaf St 18, Dimona, Israel",OK,31.073012,35.028590,"אסף, הנצחון, נווה גן, דימונה, נפת באר שבע, מחוז הדרום, 8604712, ישראל",47.7,50.0,97.4,יצחק ורדימון,1018,mismatch,אסף,,partial,,,n/a,משעול רוגל,15,mismatch,google_rev_at_govmap_mismatch;google_rev_at_osm_mismatch
001027-073567-00076-X,דימונה,אקליפטוס,איקליפטוס 11,,,none,,,OK,31.078581,35.042328,"Ekaliptus St, Dimona, Israel",ZERO_RESULTS,,,,,,,,,n/a,,,n/a,מורן החורש,,mismatch,,,n/a,govmap_missing;osm_fwd_ZERO_RESULTS;osm_rev_at_google_mismatch
001027-073567-00077-X,דימונה,אקליפטוס,איקליפטוס 55,,,none,,,OK,31.078581,35.042328,"Ekaliptus St, Dimona, Israel",ZERO_RESULTS,,,,,,,,,n/a,,,n/a,מורן החורש,,mismatch,,,n/a,govmap_missing;osm_fwd_ZERO_RESULTS;osm_rev_at_google_mismatch
001027-073567-00078-X,דימונה,אקליפטוס,איקליפטוס 57,,,none,,,OK,31.078581,35.042328,"Ekaliptus St, Dimona, Israel",ZERO_RESULTS,,,,,,,,,n/a,,,n/a,מורן החורש,,mismatch,,,n/a,govmap_missing;osm_fwd_ZERO_RESULTS;osm_rev_at_google_mismatch
001027-073567-00079-X,דימונה,אקליפטוס,איקליפטוס 31,,,none,,,OK,31.078929,35.042125,"Ekaliptus St 31, Dimona, Israel",ZERO_RESULTS,,,,,,,,,n/a,,,n/a,אקליפטוס,,partial,,,n/a,govmap_missing;osm_fwd_ZERO_RESULTS
001027-073567-00080-X,דימונה,אקליפטוס,איקליפטוס 9,,,none,,,OK,31.077891,35.042117,"Ekaliptus St 9, Dimona, Israel",ZERO_RESULTS,,,,,,,,,n/a,,,n/a,אקליפטוס,,partial,,,n/a,govmap_missing;osm_fwd_ZERO_RESULTS
001027-073567-00081-X,דימונה,אקליפטוס,איקליפטוס 20,,,none,,,OK,31.078581,35.042328,"Ekaliptus St, Dimona, Israel",ZERO_RESULTS,,,,,,,,,n/a,,,n/a,מורן החורש,,mismatch,,,n/a,govmap_missing;osm_fwd_ZERO_RESULTS;osm_rev_at_google_mismatch
001027-073567-00082-X,דימונה,אקליפטוס,איקליפטוס 1,,,none,,,OK,31.077551,35.042119,"Ekaliptus St 1, Dimona, Israel",ZERO_RESULTS,,,,,,,,,n/a,,,n/a,סחלבן החורש,,mismatch,,,n/a,govmap_missing;osm_fwd_ZERO_RESULTS;osm_rev_at_google_mismatch
001027-073567-00083-X,דימונה,אקליפטוס,איקליפטוס 22,,,none,,,OK,31.078581,35.042328,"Ekaliptus St, Dimona, Israel",ZERO_RESULTS,,,,,,,,,n/a,,,n/a,מורן החורש,,mismatch,,,n/a,govmap_missing;osm_fwd_ZERO_RESULTS;osm_rev_at_google_mismatch
001027-073567-00084-X,דימונה,אקליפטוס,איקליפטוס 51,,,none,,,OK,31.079787,35.042122,"Ekaliptus St 51, Dimona, Israel",ZERO_RESULTS,,,,,,,,,n/a,,,n/a,אקליפטוס,,partial,,,n/a,govmap_missing;osm_fwd_ZERO_RESULTS
001027-073567-00085-X,דימונה,אקליפטוס,איקליפטוס 7,,,none,,,OK,31.078581,35.042328,"Ekaliptus St, Dimona, Israel",ZERO_RESULTS,,,,,,,,,n/a,,,n/a,מורן החורש,,mismatch,,,n/a,govmap_missing;osm_fwd_ZERO_RESULTS;osm_rev_at_google_mismatch
001027-073567-00086-X,דימונה,אקליפטוס,איקליפטוס 21,,,none,,,OK,31.078581,35.042328,"Ekaliptus St, Dimona, Israel",ZERO_RESULTS,,,,,,,,,n/a,,,n/a,מורן החורש,,mismatch,,,n/a,govmap_missing;osm_fwd_ZERO_RESULTS;osm_rev_at_google_mismatch
001027-073567-00087-X,דימונה,אקליפטוס,איקליפטוס 25,,,none,,,OK,31.078581,35.042328,"Ekaliptus St, Dimona, Israel",ZERO_RESULTS,,,,,,,,,n/a,,,n/a,מורן החורש,,mismatch,,,n/a,govmap_missing;osm_fwd_ZERO_RESULTS;osm_rev_at_google_mismatch
001027-073567-00088-X,דימונה,אשחר,5,,,exact,31.078140,35.042668,OK,31.078159,35.042588,"Esh'har St 5, Dimona, Israel",OK,31.078011,35.043457,"אשחר, נווה חורש, חכמי ישראל, דימונה, נפת באר שבע, מחוז הדרום, 8604712, ישראל",7.9,76.6,84.5,אשחר,7,partial,אשחר,,partial,,,n/a,אשחר,23,partial,
001027-073567-00089-X,דימונה,אשחר,23,,,exact,31.078140,35.043522,OK,31.078068,35.043530,"Esh'har St 23, Dimona, Israel",OK,31.078011,35.043457,"אשחר, נווה חורש, חכמי ישראל, דימונה, נפת באר שבע, מחוז הדרום, 8604712, ישראל",8.0,15.6,9.4,אשחר,23,match,אשחר,,partial,,,n/a,אשחר,23,match,
001027-073567-00090-X,דימונה,אשחר,25,,,exact,31.078111,35.043712,OK,31.078125,35.043627,"Esh'har St 25, Dimona, Israel",OK,31.078011,35.043457,"אשחר, נווה חורש, חכמי ישראל, דימונה, נפת באר שבע, מחוז הדרום, 8604712, ישראל",8.3,26.7,20.6,אשחר,25,match,אשחר,,partial,,,n/a,אשחר,23,partial,
001027-073567-00091-X,דימונה,אשחר,17,,,exact,31.078131,35.043317,OK,31.078139,35.043187,"Esh'har St 17, Dimona, Israel",OK,31.078011,35.043457,"אשחר, נווה חורש, חכמי ישראל, דימונה, נפת באר שבע, מחוז הדרום, 8604712, ישראל",12.4,18.9,29.4,אשחר,19,partial,אשחר,,partial,,,n/a,אשחר,23,partial,
001027-073567-00092-X,דימונה,אשחר,20,,,exact,31.077888,35.043492,OK,31.077908,35.043406,"Esh'har St 20, Dimona, Israel",OK,31.078011,35.043457,"אשחר, נווה חורש, חכמי ישראל, דימונה, נפת באר שבע, מחוז הדרום, 8604712, ישראל",8.5,14.0,12.4,אשחר,22,partial,אשחר,,partial,,,n/a,אשחר,23,partial,
001027-073567-00093-X,דימונה,אשחר,13,,,exact,31.078156,35.043084,OK,31.078153,35.042964,"Esh'har St 13, Dimona, Israel",OK,31.078011,35.043457,"אשחר, נווה חורש, חכמי ישראל, דימונה, נפת באר שבע, מחוז הדרום, 8604712, ישראל",11.4,39.1,49.6,אשחר,120,partial,אשחר,,partial,,,n/a,אשחר,23,partial,
001027-073567-00094-X,דימונה,אשחר,6,,,exact,31.077850,35.042758,OK,31.077840,35.042696,"Esh'har St 6, Dimona, Israel",OK,31.078011,35.043457,"אשחר, נווה חורש, חכמי ישראל, דימונה, נפת באר שבע, מחוז הדרום, 8604712, ישראל",6.0,69.0,75.0,אשחר,157,partial,אשחר,,partial,,,n/a,אשחר,23,partial,
001027-073567-00095-X,דימונה,אשחר,28,,,exact,31.077841,35.043875,OK,31.077906,35.043789,"Esh'har St 28, Dimona, Israel",OK,31.078011,35.043457,"אשחר, נווה חורש, חכמי ישראל, דימונה, נפת באר שבע, מחוז הדרום, 8604712, ישראל",10.9,44.1,33.8,אשחר,30,partial,אשחר,,partial,,,n/a,אשחר,23,partial,
001027-073567-00096-X,דימונה,אשחר,16,,,exact,31.077857,35.043291,OK,31.077909,35.043205,"Esh'har St 16, Dimona, Israel",OK,31.078011,35.043457,"אשחר, נווה חורש, חכמי ישראל, דימונה, נפת באר שבע, מחוז הדרום, 8604712, ישראל",10.0,23.3,26.6,אשחר,18,partial,אשחר,,partial,,,n/a,אשחר,23,partial,
001027-073567-00097-X,דימונה,אשחר,3,,,exact,31.078137,35.042532,OK,31.078104,35.042493,"Esh'har St 3, Dimona, Israel",OK,31.078011,35.043457,"אשחר, נווה חורש, חכמי ישראל, דימונה, נפת באר שבע, מחוז הדרום, 8604712, ישראל",5.2,89.3,92.6,אשחר,3,match,אשחר,,partial,,,n/a,אשחר,23,partial,
001027-073567-00098-X,דימונה,אשחר,24,,,exact,31.077853,35.043679,OK,31.077906,35.043592,"Esh'har St 24, Dimona, Israel",OK,31.078011,35.043457,"אשחר, נווה חורש, חכמי ישראל, דימונה, נפת באר שבע, מחוז הדרום, 8604712, ישראל",10.2,27.5,17.4,אשחר,26,partial,אשחר,,partial,,,n/a,אשחר,23,partial,
001027-073567-00099-X,דימונה,אשחר,26,,,exact,31.077816,35.043750,OK,31.077825,35.043681,"Esh'har St 26, Dimona, Israel",OK,31.078011,35.043457,"אשחר, נווה חורש, חכמי ישראל, דימונה, נפת באר שבע, מחוז הדרום, 8604712, ישראל",6.6,35.3,29.7,אשחר,152,partial,אשחר,,partial,,,n/a,אשחר,23,partial,
001027-073567-00100-X,דימונה,אשחר,31,,,exact,31.078167,35.044073,OK,31.078149,35.044280,"Esh'har St 31, Dimona, Israel",OK,31.078011,35.043457,"אשחר, נווה חורש, חכמי ישראל, דימונה, נפת באר שבע, מחוז הדרום, 8604712, ישראל",19.8,61.3,80.0,אשחר,271,partial,אשחר,,partial,,,n/a,אשחר,23,partial,
001027-073567-00101-X,דימונה,בבא סאלי,53,,,exact,31.059734,35.030514,OK,31.059569,35.030615,"Baba Sali St 53, Dimona, Israel",OK,31.060631,35.032487,"בבא סאלי, ערבה, נווה גן, דימונה, נפת באר שבע, מחוז הדרום, 8604712, ישראל",20.6,213.0,214.0,נווה מדבר,182,mismatch,בבא סאלי,,partial,,,n/a,בבא סאלי,166,partial,google_rev_at_govmap_mismatch
001027-073567-00102-X,דימונה,בבא סאלי,79,,,exact,31.061538,35.035088,OK,31.061468,35.034892,"Baba Sali St 79, Dimona, Israel",OK,31.060631,35.032487,"בבא סאלי, ערבה, נווה גן, דימונה, נפת באר שבע, מחוז הדרום, 8604712, ישראל",20.2,267.8,247.6,בבא סאלי,137,partial,בבא סאלי,,partial,,,n/a,בבא סאלי,166,partial,
001027-073567-00102-X,דימונה,בבא סאלי,79,,,exact,31.061538,35.035088,OK,31.061468,35.034892,"Baba Sali St 79, Dimona, Israel",OK,31.060631,35.032487,"בבא סאלי, ערבה, נווה גן, דימונה, נפת באר שבע, מחוז הדרום, 8604712, ישראל",20.2,267.8,247.6,בבא סאלי,137,partial,בבא סאלי,,partial,,,n/a,בבא סאלי,166,partial,
001027-077659-00074-X,דימונה,בבא סאלי,74,,8601734,exact,31.060231,35.032504,OK,31.061590,35.036288,"Baba Sali St 74, Dimona, Israel",OK,31.060631,35.032487,"בבא סאלי, ערבה, נווה גן, דימונה, נפת באר שבע, מחוז הדרום, 8604712, ישראל",391.4,44.4,378.0,בבא סאלי,165,partial,בבא סאלי,,partial,,,n/a,בבא סאלי,166,partial,
001027-077659-00074-א,דימונה,בבא סאלי,74,א,8601735,exact,31.060231,35.032504,OK,31.061590,35.036288,"Baba Sali St 74, Dimona, Israel",OK,31.060631,35.032487,"בבא סאלי, ערבה, נווה גן, דימונה, נפת באר שבע, מחוז הדרום, 8604712, ישראל",391.4,44.4,378.0,בבא סאלי,165,partial,בבא סאלי,,partial,,,n/a,בבא סאלי,166,partial,
001027-077659-00074-ב,דימונה,בבא סאלי,74,ב,8601736,exact,31.060231,35.032504,OK,31.061590,35.036288,"Baba Sali St 74, Dimona, Israel",OK,31.060631,35.032487,"בבא סאלי, ערבה, נווה גן, דימונה, נפת באר שבע, מחוז הדרום, 8604712, ישראל",391.4,44.4,378.0,בבא סאלי,165,partial,בבא סאלי,,partial,,,n/a,בבא סאלי,166,partial,
001027-073567-00104-X,דימונה,בבא סאלי,113,,,exact,31.061987,35.036000,OK,31.062005,35.036106,"Baba Sali St 113, Dimona, Israel",OK,31.060631,35.032487,"בבא סאלי, ערבה, נווה גן, דימונה, נפת באר שבע, מחוז הדרום, 8604712, ישראל",10.3,367.5,377.5,בבא סאלי,90,partial,בבא סאלי,,partial,,,n/a,בבא סאלי,166,partial,
001027-073567-00105-X,דימונה,בבא סאלי,121,,,exact,31.062123,35.036545,OK,31.062178,35.036474,"Baba Sali St 121, Dimona, Israel",OK,31.060631,35.032487,"בבא סאלי, ערבה, נווה גן, דימונה, נפת באר שבע, מחוז הדרום, 8604712, ישראל",9.2,421.2,417.4,בבא סאלי,121,match,בבא סאלי,,partial,,,n/a,בבא סאלי,166,partial,
001027-073567-00106-X,דימונה,בבא סאלי,25,,,exact,31.059817,35.028367,OK,31.059876,35.028340,"Baba Sali St 25, Dimona, Israel",OK,31.061361,35.034884,"בבא סאלי, ערבה, נווה גן, דימונה, נפת באר שבע, מחוז הדרום, 8604712, ישראל",7.1,645.2,646.0,בבא סאלי,25,match,בבא סאלי,,partial,,,n/a,בבא סאלי,79,partial,
001027-073567-00107-X,דימונה,בבא סאלי,126,,,exact,31.062739,35.036879,OK,31.063050,35.036745,"Baba Sali St 126, Dimona, Israel",OK,31.060631,35.032487,"בבא סאלי, ערבה, נווה גן, דימונה, נפת באר שבע, מחוז הדרום, 8604712, ישראל",36.8,480.0,486.9,בבא סאלי,105,partial,בבא סאלי,,partial,,,n/a,בבא סאלי,166,partial,
001027-077659-00070-X,דימונה,בבא סאלי,70,,8601719,exact,31.060984,35.034211,OK,31.061113,35.034504,"Baba Sali St 70, Dimona, Israel",OK,31.061361,35.034884,"בבא סאלי, ערבה, נווה גן, דימונה, נפת באר שבע, מחוז הדרום, 8604712, ישראל",31.5,76.7,45.5,בבא סאלי,96,partial,תל לכיש,,mismatch,,,n/a,בבא סאלי,79,partial,osm_rev_at_govmap_mismatch
001027-077659-00031-X,דימונה,בבא סאלי,31,,8601031,exact,31.059753,35.028849,OK,31.059772,35.028727,"Baba Sali St 31, Dimona, Israel",OK,31.060631,35.032487,"בבא סאלי, ערבה, נווה גן, דימונה, נפת באר שבע, מחוז הדרום, 8604712, ישראל",11.8,360.7,371.3,בבא סאלי,33,partial,בבא סאלי,,partial,,,n/a,בבא סאלי,166,partial,
001027-073567-00110-X,דימונה,בבא סאלי,72,,,exact,31.060120,35.032162,OK,31.061448,35.035847,"Baba Sali St 72, Dimona, Israel",OK,31.060744,35.032688,"בבא סאלי, ערבה, נווה גן, דימונה, נפת באר שבע, מחוז הדרום, 8604712, ישראל",381.3,85.5,311.5,בבא סאלי,64,partial,היורה,,mismatch,,,n/a,קציעות,37,mismatch,osm_rev_at_govmap_mismatch;google_rev_at_osm_mismatch
001027-073567-00110-X,דימונה,בבא סאלי,72,,,exact,31.060120,35.032162,OK,31.061448,35.035847,"Baba Sali St 72, Dimona, Israel",OK,31.060744,35.032688,"בבא סאלי, ערבה, נווה גן, דימונה, נפת באר שבע, מחוז הדרום, 8604712, ישראל",381.3,85.5,311.5,בבא סאלי,64,partial,היורה,,mismatch,,,n/a,קציעות,37,mismatch,osm_rev_at_govmap_mismatch;google_rev_at_osm_mismatch
001027-073567-00110-X,דימונה,בבא סאלי,72,,,exact,31.060120,35.032162,OK,31.061448,35.035847,"Baba Sali St 72, Dimona, Israel",OK,31.060744,35.032688,"בבא סאלי, ערבה, נווה גן, דימונה, נפת באר שבע, מחוז הדרום, 8604712, ישראל",381.3,85.5,311.5,בבא סאלי,64,partial,היורה,,mismatch,,,n/a,קציעות,37,mismatch,osm_rev_at_govmap_mismatch;google_rev_at_osm_mismatch
001027-073567-00111-X,דימונה,בבא סאלי,49,,,exact,31.059726,35.030230,OK,31.059649,35.030284,"Baba Sali St 49, Dimona, Israel",OK,31.060631,35.032487,"בבא סאלי, ערבה, נווה גן, דימונה, נפת באר שבע, מחוז הדרום, 8604712, ישראל",10.0,237.7,236.9,בבא סאלי,49,match,בבא סאלי,,partial,,,n/a,בבא סאלי,166,partial,
001027-077659-00078-X,דימונה,בבא סאלי,78,,8601748,exact,31.060321,35.032764,OK,31.061454,35.034725,"Baba Sali St 78, Dimona, Israel",OK,31.060089,35.031724,"בבא סאלי, ערבה, נווה גן, דימונה, נפת באר שבע, מחוז הדרום, 8604712, ישראל",225.4,102.5,324.0,בבא סאלי,166,partial,היורה,,mismatch,,,n/a,בבא סאלי,177,partial,osm_rev_at_govmap_mismatch
001027-077659-00078-א,דימונה,בבא סאלי,78,א,8601749,exact,31.060321,35.032764,OK,31.061454,35.034725,"Baba Sali St 78, Dimona, Israel",OK,31.060089,35.031724,"בבא סאלי, ערבה, נווה גן, דימונה, נפת באר שבע, מחוז הדרום, 8604712, ישראל",225.4,102.5,324.0,בבא סאלי,166,partial,היורה,,mismatch,,,n/a,בבא סאלי,177,partial,osm_rev_at_govmap_mismatch
001027-077659-00078-ב,דימונה,בבא סאלי,78,ב,8601750,exact,31.060321,35.032764,OK,31.061454,35.034725,"Baba Sali St 78, Dimona, Israel",OK,31.060089,35.031724,"בבא סאלי, ערבה, נווה גן, דימונה, נפת באר שבע, מחוז הדרום, 8604712, ישראל",225.4,102.5,324.0,בבא סאלי,166,partial,היורה,,mismatch,,,n/a,בבא סאלי,177,partial,osm_rev_at_govmap_mismatch
001027-077659-00078-ג,דימונה,בבא סאלי,78,ג,8601751,exact,31.060321,35.032764,OK,31.061454,35.034725,"Baba Sali St 78, Dimona, Israel",OK,31.060089,35.031724,"בבא סאלי, ערבה, נווה גן, דימונה, נפת באר שבע, מחוז הדרום, 8604712, ישראל",225.4,102.5,324.0,בבא סאלי,166,partial,היורה,,mismatch,,,n/a,בבא סאלי,177,partial,osm_rev_at_govmap_mismatch
001027-073567-00113-X,דימונה,בבא סאלי,20,,,exact,31.059232,35.028301,OK,31.059223,35.028238,"Baba Sali St 20, Dimona, Israel",OK,31.061361,35.034884,"בבא סאלי, ערבה, נווה גן, דימונה, נפת באר שבע, מחוז הדרום, 8604712, ישראל",6.1,671.3,677.2,בבא סאלי,20,match,בבא סאלי,,partial,,,n/a,בבא סאלי,79,partial,
001027-073567-00114-X,דימונה,בבא סאלי,12,,,exact,31.059144,35.027799,OK,31.059159,35.027694,"Baba Sali St 12, Dimona, Israel",OK,31.060089,35.031724,"בבא סאלי, ערבה, נווה גן, דימונה, נפת באר שבע, מחוז הדרום, 8604712, ישראל",10.2,389.0,398.3,בבא סאלי,12,match,המכתש,,mismatch,,,n/a,בבא סאלי,177,partial,osm_rev_at_govmap_mismatch
001027-073567-00115-X,דימונה,בבא סאלי,54,,,exact,31.059456,35.030774,OK,31.059415,35.030694,"Baba Sali St 54, Dimona, Israel",OK,31.060631,35.032487,"בבא סאלי, ערבה, נווה גן, דימונה, נפת באר שבע, מחוז הדרום, 8604712, ישראל",8.9,209.1,217.9,בבא סאלי,54,match,,,mismatch,,,n/a,בבא סאלי,166,partial,osm_rev_at_govmap_mismatch
001027-073567-00116-X,דימונה,בבא סאלי,76,,,exact,31.060271,35.032599,OK,31.061150,35.033220,"Baba Sali St 76, Dimona, Israel",OK,31.061361,35.034884,"בבא סאלי, ערבה, נווה גן, דימונה, נפת באר שבע, מחוז הדרום, 8604712, ישראל",114.1,249.4,160.6,בבא סאלי,165,partial,בבא סאלי,,partial,,,n/a,בבא סאלי,79,partial,
001027-073567-00116-X,דימונה,בבא סאלי,76,,,exact,31.060271,35.032599,OK,31.061150,35.033220,"Baba Sali St 76, Dimona, Israel",OK,31.061361,35.034884,"בבא סאלי, ערבה, נווה גן, דימונה, נפת באר שבע, מחוז הדרום, 8604712, ישראל",114.1,249.4,160.6,בבא סאלי,165,partial,בבא סאלי,,partial,,,n/a,בבא סאלי,79,partial,
001027-077659-00066-X,דימונה,בבא סאלי,66,,8601709,exact,31.060352,35.032857,OK,31.060380,35.032867,"Baba Sali St 66, Dimona, 86000, Israel",OK,31.061361,35.034884,"בבא סאלי, ערבה, נווה גן, דימונה, נפת באר שבע, מחוז הדרום, 8604712, ישראל",3.2,223.5,221.2,בבא סאלי,66,match,היורה,,mismatch,,,n/a,בבא סאלי,79,partial,osm_rev_at_govmap_mismatch
001027-077659-00066-א,דימונה,בבא סאלי,66,א,8601710,exact,31.060352,35.032857,OK,31.060380,35.032867,"Baba Sali St 66, Dimona, 86000, Israel",OK,31.061361,35.034884,"בבא סאלי, ערבה, נווה גן, דימונה, נפת באר שבע, מחוז הדרום, 8604712, ישראל",3.2,223.5,221.2,בבא סאלי,66,match,היורה,,mismatch,,,n/a,בבא סאלי,79,partial,osm_rev_at_govmap_mismatch
001027-077659-00071-X,דימונה,בבא סאלי,71,,8601723,exact,31.061137,35.034913,OK,31.061089,35.034582,"Baba Sali St 71, Dimona, Israel",OK,31.060631,35.032487,"בבא סאלי, ערבה, נווה גן, דימונה, נפת באר שבע, מחוז הדרום, 8604712, ישראל",32.0,238.2,206.3,בבא סאלי,181,partial,בבא סאלי,,partial,,,n/a,בבא סאלי,166,partial,
001027-077659-00071-א,דימונה,בבא סאלי,71,א,8601724,exact,31.061137,35.034913,OK,31.061089,35.034582,"Baba Sali St 71, Dimona, Israel",OK,31.060631,35.032487,"בבא סאלי, ערבה, נווה גן, דימונה, נפת באר שבע, מחוז הדרום, 8604712, ישראל",32.0,238.2,206.3,בבא סאלי,181,partial,בבא סאלי,,partial,,,n/a,בבא סאלי,166,partial,
001027-077659-00071-ב,דימונה,בבא סאלי,71,ב,8601725,exact,31.061137,35.034913,OK,31.061089,35.034582,"Baba Sali St 71, Dimona, Israel",OK,31.060631,35.032487,"בבא סאלי, ערבה, נווה גן, דימונה, נפת באר שבע, מחוז הדרום, 8604712, ישראל",32.0,238.2,206.3,בבא סאלי,181,partial,בבא סאלי,,partial,,,n/a,בבא סאלי,166,partial,
001027-077659-00071-ג,דימונה,בבא סאלי,71,ג,8601726,exact,31.061137,35.034913,OK,31.061089,35.034582,"Baba Sali St 71, Dimona, Israel",OK,31.060631,35.032487,"בבא סאלי, ערבה, נווה גן, דימונה, נפת באר שבע, מחוז הדרום, 8604712, ישראל",32.0,238.2,206.3,בבא סאלי,181,partial,בבא סאלי,,partial,,,n/a,בבא סאלי,166,partial,
001027-077659-00077-X,דימונה,בבא סאלי,77,,8601744,exact,31.061229,35.033648,OK,31.061225,35.033751,"Baba Sali St 77, Dimona, Israel",OK,31.060089,35.031724,"בבא סאלי, ערבה, נווה גן, דימונה, נפת באר שבע, מחוז הדרום, 8604712, ישראל",9.8,222.9,230.8,בבא סאלי,77,match,בבא סאלי,,partial,,,n/a,בבא סאלי,177,partial,
001027-077659-00077-א,דימונה,בבא סאלי,77,א,8601745,exact,31.061229,35.033648,OK,31.061225,35.033751,"Baba Sali St 77, Dimona, Israel",OK,31.060089,35.031724,"בבא סאלי, ערבה, נווה גן, דימונה, נפת באר שבע, מחוז הדרום, 8604712, ישראל",9.8,222.9,230.8,בבא סאלי,77,match,בבא סאלי,,partial,,,n/a,בבא סאלי,177,partial,
001027-077659-00077-ב,דימונה,בבא סאלי,77,ב,8601746,exact,31.061229,35.033648,OK,31.061225,35.033751,"Baba Sali St 77, Dimona, Israel",OK,31.060089,35.031724,"בבא סאלי, ערבה, נווה גן, דימונה, נפת באר שבע, מחוז הדרום, 8604712, ישראל",9.8,222.9,230.8,בבא סאלי,77,match,בבא סאלי,,partial,,,n/a,בבא סאלי,177,partial,
001027-077659-00077-ג,דימונה,בבא סאלי,77,ג,8601747,exact,31.061229,35.033648,OK,31.061225,35.033751,"Baba Sali St 77, Dimona, Israel",OK,31.060089,35.031724,"בבא סאלי, ערבה, נווה גן, דימונה, נפת באר שבע, מחוז הדרום, 8604712, ישראל",9.8,222.9,230.8,בבא סאלי,77,match,בבא סאלי,,partial,,,n/a,בבא סאלי,177,partial,
001027-073567-00120-X,דימונה,בבא סאלי,60,,,exact,31.059781,35.031572,OK,31.059331,35.030358,"Baba Sali St 60, Dimona, Israel",OK,31.060744,35.032688,"בבא סאלי, ערבה, נווה גן, דימונה, נפת באר שבע, מחוז הדרום, 8604712, ישראל",126.2,150.8,272.1,בבא סאלי,41,partial,בבא סאלי,,partial,,,n/a,קציעות,37,mismatch,google_rev_at_osm_mismatch
001027-073567-00121-X,דימונה,בבא סאלי,1,,,exact,31.060237,35.026618,OK,31.060301,35.026545,"Baba Sali St 1, Dimona, Israel",OK,31.060631,35.032487,"בבא סאלי, ערבה, נווה גן, דימונה, נפת באר שבע, מחוז הדרום, 8604712, ישראל",9.9,562.0,568.4,בבא סאלי,3,partial,בבא סאלי,,partial,,,n/a,בבא סאלי,166,partial,
001027-073567-00122-X,דימונה,בבא סאלי,7,,,exact,31.060112,35.026919,OK,31.060051,35.026959,"Baba Sali St 7, Dimona, Israel",OK,31.060631,35.032487,"בבא סאלי, ערבה, נווה גן, דימונה, נפת באר שבע, מחוז הדרום, 8604712, ישראל",7.8,534.6,531.6,בבא סאלי,7,match,נוה מדבר,,mismatch,,,n/a,בבא סאלי,166,partial,osm_rev_at_govmap_mismatch
001027-077659-00021-X,דימונה,בבא סאלי,21,,8601021,exact,31.059656,35.027912,OK,31.059794,35.027934,"Baba Sali St 21, Dimona, Israel",OK,31.060744,35.032688,"בבא סאלי, ערבה, נווה גן, דימונה, נפת באר שבע, מחוז הדרום, 8604712, ישראל",15.5,471.5,465.8,בבא סאלי,21,match,בבא סאלי,,partial,,,n/a,קציעות,37,mismatch,google_rev_at_osm_mismatch
001027-073567-00124-X,דימונה,בבא סאלי,56,,,exact,31.059581,35.031252,OK,31.059329,35.030345,"Baba Sali St 56, Dimona, Israel",OK,31.061361,35.034884,"בבא סאלי, ערבה, נווה גן, דימונה, נפת באר שבע, מחוז הדרום, 8604712, ישראל",90.9,399.0,488.4,בבא סאלי,43,partial,בבא סאלי,,partial,,,n/a,בבא סאלי,79,partial,
001027-077659-00069-X,דימונה,בבא סאלי,69,,8601716,exact,31.060871,35.033875,OK,31.060962,35.034029,"Baba Sali St 69, Dimona, Israel",OK,31.060744,35.032688,"בבא סאלי, ערבה, נווה גן, דימונה, נפת באר שבע, מחוז הדרום, 8604712, ישראל",17.8,114.2,130.3,בבא סאלי,169,partial,עיינות,,mismatch,,,n/a,קציעות,37,mismatch,osm_rev_at_govmap_mismatch;google_rev_at_osm_mismatch
001027-077659-00069-א,דימונה,בבא סאלי,69,א,8601717,exact,31.060871,35.033875,OK,31.060962,35.034029,"Baba Sali St 69, Dimona, Israel",OK,31.060744,35.032688,"בבא סאלי, ערבה, נווה גן, דימונה, נפת באר שבע, מחוז הדרום, 8604712, ישראל",17.8,114.2,130.3,בבא סאלי,169,partial,עיינות,,mismatch,,,n/a,קציעות,37,mismatch,osm_rev_at_govmap_mismatch;google_rev_at_osm_mismatch
001027-077659-00069-ב,דימונה,בבא סאלי,69,ב,8601718,exact,31.060871,35.033875,OK,31.060962,35.034029,"Baba Sali St 69, Dimona, Israel",OK,31.060744,35.032688,"בבא סאלי, ערבה, נווה גן, דימונה, נפת באר שבע, מחוז הדרום, 8604712, ישראל",17.8,114.2,130.3,בבא סאלי,169,partial,עיינות,,mismatch,,,n/a,קציעות,37,mismatch,osm_rev_at_govmap_mismatch;google_rev_at_osm_mismatch
001027-073567-00126-X,דימונה,בבא סאלי,52,,,exact,31.059167,35.030656,OK,31.059144,35.030662,"Baba Sali St 52, Dimona, Israel",OK,31.060744,35.032688,"בבא סאלי, ערבה, נווה גן, דימונה, נפת באר שבע, מחוז הדרום, 8604712, ישראל",2.6,261.1,262.4,בבא סאלי,52,match,,,mismatch,,,n/a,קציעות,37,mismatch,osm_rev_at_govmap_mismatch;google_rev_at_osm_mismatch
001027-073567-00127-X,דימונה,בבא סאלי,35,,,exact,31.059684,35.029007,OK,31.059699,35.028947,"Baba Sali St 35, Dimona, Israel",OK,31.060631,35.032487,"בבא סאלי, ערבה, נווה גן, דימונה, נפת באר שבע, מחוז הדרום, 8604712, ישראל",6.0,348.4,353.4,בבא סאלי,35,match,בבא סאלי,,partial,,,n/a,בבא סאלי,166,partial,
001027-073567-00128-X,דימונה,בבא סאלי,58,,,exact,31.059483,35.031577,OK,31.059705,35.031080,"Baba Sali St 58, Dimona, Israel",OK,31.061361,35.034884,"בבא סאלי, ערבה, נווה גן, דימונה, נפת באר שבע, מחוז הדרום, 8604712, ישראל",53.4,378.2,406.9,בבא סאלי,141,partial,ירושלים,,mismatch,,,n/a,בבא סאלי,79,partial,osm_rev_at_govmap_mismatch
001027-073567-00129-X,דימונה,בבא סאלי,73,,,exact,31.060995,35.032681,OK,31.061565,35.036058,"Baba Sali St 73, Dimona, Israel",OK,31.060631,35.032487,"בבא סאלי, ערבה, נווה גן, דימונה, נפת באר שבע, מחוז הדרום, 8604712, ישראל",328.5,44.3,356.2,קציעות,37,mismatch,סביון,,mismatch,,,n/a,בבא סאלי,166,partial,google_rev_at_govmap_mismatch;osm_rev_at_govmap_mismatch
001027-073567-00130-X,דימונה,בבא סאלי,5,,,exact,31.060135,35.026808,OK,31.060188,35.026770,"Baba Sali St 5, Dimona, Israel",OK,31.060631,35.032487,"בבא סאלי, ערבה, נווה גן, דימונה, נפת באר שבע, מחוז הדרום, 8604712, ישראל",6.9,544.9,547.9,בבא סאלי,5,match,בבא סאלי,,partial,,,n/a,בבא סאלי,166,partial,
001027-073567-00131-X,דימונה,בית שערים,21,,,exact,31.056597,35.035332,OK,31.056328,35.035211,"Beit She'arim St 21, Dimona, Israel",OK,31.056498,35.035178,"בית שערים, ערבה, נווה גן, דימונה, נפת באר שבע, מחוז הדרום, 8604712, ישראל",32.0,18.4,19.0,בית שערים,30,partial,בית שערים,,partial,,,n/a,בית שערים,21,match,
001027-073567-00132-X,דימונה,בית שערים,16,,,exact,31.056772,35.033941,OK,31.057083,35.033804,"Beit She'arim St 16, Dimona, Israel",OK,31.056498,35.035178,"בית שערים, ערבה, נווה גן, דימונה, נפת באר שבע, מחוז הדרום, 8604712, ישראל",36.9,121.8,146.3,בית שערים,18,partial,תל אפק,,mismatch,,,n/a,בית שערים,21,partial,osm_rev_at_govmap_mismatch
001027-073567-00133-X,דימונה,בית שערים,29,,,exact,31.056472,35.035768,OK,31.056502,35.035817,"Beit She'arim St 29, Dimona, Israel",OK,31.056498,35.035178,"בית שערים, ערבה, נווה גן, דימונה, נפת באר שבע, מחוז הדרום, 8604712, ישראל",5.8,56.4,61.0,בית שערים,34,partial,בית שערים,,partial,,,n/a,בית שערים,21,partial,
001027-073567-00134-X,דימונה,בית שערים,20,,,exact,31.056637,35.034429,OK,31.056670,35.034298,"Beit She'arim St 20, Dimona, Israel",OK,31.056498,35.035178,"בית שערים, ערבה, נווה גן, דימונה, נפת באר שבע, מחוז הדרום, 8604712, ישראל",13.0,73.1,86.1,בית שערים,22,partial,בית שערים,,partial,,,n/a,בית שערים,21,partial,
001027-073567-00135-X,דימונה,בן גוריון,בן-גוריון 1101,,,exact,31.074383,35.034763,OK,31.073933,35.034726,"דוד בן גוריון, Dimona, Israel",OK,31.073825,35.034682,"רח׳ בן גוריון, בן גוריון, נווה אביב, נווה גן, דימונה, נפת באר שבע, מחוז הדרום, 8604712, ישראל",50.1,62.4,12.7,דרך דוד בן גוריון,101,partial,בן גוריון,,partial,,,n/a,,,mismatch,google_rev_at_osm_mismatch
001027-073567-00136-X,דימונה,בן גוריון,בן-גוריון 1203,,,none,,,OK,31.073933,35.034726,"דוד בן גוריון, Dimona, Israel",OK,31.073825,35.034682,"רח׳ בן גוריון, בן גוריון, נווה אביב, נווה גן, דימונה, נפת באר שבע, מחוז הדרום, 8604712, ישראל",,,12.7,,,n/a,,,n/a,,,mismatch,,,mismatch,govmap_missing;osm_rev_at_google_mismatch;google_rev_at_osm_mismatch
001027-073567-00137-X,דימונה,בן גוריון,בן-גוריון 102,,,exact,31.074197,35.034860,OK,31.073891,35.034629,"דוד בן גוריון 102, Dimona, Israel",OK,31.068497,35.034696,"בן גוריון/בית המשפט, בן גוריון, גיורא יוספטל, נווה גן, דימונה, נפת באר שבע, מחוז הדרום, 8604712, ישראל",40.5,632.2,598.1,דרך דוד בן גוריון,102,partial,,,mismatch,,,n/a,,,mismatch,osm_rev_at_govmap_mismatch;google_rev_at_osm_mismatch
001027-073567-00138-X,דימונה,בן גוריון,בן-גוריון 1065,,,none,,,OK,31.073933,35.034726,"דוד בן גוריון, Dimona, Israel",OK,31.073825,35.034682,"רח׳ בן גוריון, בן גוריון, נווה אביב, נווה גן, דימונה, נפת באר שבע, מחוז הדרום, 8604712, ישראל",,,12.7,,,n/a,,,n/a,,,mismatch,,,mismatch,govmap_missing;osm_rev_at_google_mismatch;google_rev_at_osm_mismatch
001027-073567-00139-X,דימונה,בן גוריון,55,,,exact,31.071270,35.034384,OK,31.073891,35.034629,"דוד בן גוריון 55, Dimona, Israel",OK,31.071284,35.034517,"בן גוריון, שכונה לדוגמא, נווה גן, דימונה, נפת באר שבע, מחוז הדרום, 8604712, ישראל",291.5,12.8,289.2,דרך דוד בן גוריון,1044,partial,בן גוריון,,partial,,,n/a,דרך דוד בן גוריון,1044,partial,
001027-073567-00140-X,דימונה,בן גוריון,5,,,exact,31.068454,35.034413,OK,31.073891,35.034629,"דוד בן גוריון 5, Dimona, Israel",OK,31.071284,35.034517,"בן גוריון, שכונה לדוגמא, נווה גן, דימונה, נפת באר שבע, מחוז הדרום, 8604712, ישראל",603.2,314.0,289.2,דרך דוד בן גוריון,284,partial,בן גוריון,,partial,,,n/a,דרך דוד בן גוריון,1044,partial,
001027-073567-00141-X,דימונה,בן גוריון,בן-גוריון 67,,,exact,31.072503,35.034193,OK,31.073891,35.034629,"דוד בן גוריון 67, Dimona, Israel",ZERO_RESULTS,,,,159.4,,,דרך דוד בן גוריון,1065,partial,אקסודוס,1067,mismatch,,,n/a,,,n/a,osm_fwd_ZERO_RESULTS;osm_rev_at_govmap_mismatch
001027-073567-00142-X,דימונה,בן גוריון,בן-גוריון 1064,,,none,,,OK,31.073933,35.034726,"דוד בן גוריון, Dimona, Israel",OK,31.073711,35.034508,"דרך בן גוריון/יציאת אירופה, בן גוריון, נווה אביב, נווה גן, דימונה, נפת באר שבע, מחוז הדרום, 8604712, ישראל",,,32.2,,,n/a,,,n/a,,,mismatch,,,mismatch,govmap_missing;osm_rev_at_google_mismatch;google_rev_at_osm_mismatch
001027-073567-00143-X,דימונה,בן גוריון,17,,,exact,31.069266,35.034353,OK,31.073891,35.034629,"דוד בן גוריון 17, Dimona, Israel",OK,31.075849,35.034495,"בן גוריון, נווה אביב, נווה גן, דימונה, נפת באר שבע, מחוז הדרום, 8604712, ישראל",513.5,730.0,217.4,דוד המלך,293,mismatch,דוד המלך,,mismatch,,,n/a,לילך,14,mismatch,google_rev_at_govmap_mismatch;osm_rev_at_govmap_mismatch;google_rev_at_osm_mismatch
001027-073567-00144-X,דימונה,בן גוריון,בן-גוריון 1318,,,exact,31.076158,35.034736,OK,31.073933,35.034726,"דוד בן גוריון, Dimona, Israel",OK,31.073711,35.034508,"דרך בן גוריון/יציאת אירופה, בן גוריון, נווה אביב, נווה גן, דימונה, נפת באר שבע, מחוז הדרום, 8604712, ישראל",246.8,272.2,32.2,גדולי ישראל,1318,mismatch,אבחצירה,,mismatch,,,n/a,,,mismatch,google_rev_at_govmap_mismatch;osm_rev_at_govmap_mismatch;google_rev_at_osm_mismatch
001027-073567-00145-X,דימונה,בן גוריון,בן-גוריון 3,,,exact,31.068266,35.034384,OK,31.073891,35.034629,"דוד בן גוריון 3, Dimona, Israel",ZERO_RESULTS,,,,624.1,,,דרך דוד בן גוריון,1,partial,בן גוריון,,partial,,,n/a,,,n/a,osm_fwd_ZERO_RESULTS
001027-073567-00146-X,דימונה,בן גוריון,39,,,exact,31.070723,35.034408,OK,31.073891,35.034629,"דוד בן גוריון 39, Dimona, Israel",OK,31.068527,35.034595,"בן גוריון, גיורא יוספטל, נווה גן, דימונה, נפת באר שבע, מחוז הדרום, 8604712, ישראל",351.9,244.1,594.7,דרך דוד בן גוריון,1043,partial,,,mismatch,,,n/a,,,mismatch,osm_rev_at_govmap_mismatch;google_rev_at_osm_mismatch
001027-073567-00147-X,דימונה,בן גוריון,בן-גוריון 1,,,exact,31.068037,35.034330,OK,31.073891,35.034629,"דוד בן גוריון 1, Dimona, Israel",ZERO_RESULTS,,,,649.7,,,דרך דוד בן גוריון,1,partial,שדרות הרצל,,mismatch,,,n/a,,,n/a,osm_fwd_ZERO_RESULTS;osm_rev_at_govmap_mismatch
001027-073567-00148-X,דימונה,בן גוריון,בן-גוריון 66,,,exact,31.072804,35.034179,OK,31.073891,35.034629,"דוד בן גוריון 66, Dimona, Israel",ZERO_RESULTS,,,,127.9,,,דרך דוד בן גוריון,1066,partial,אקסודוס,1067,mismatch,,,n/a,,,n/a,osm_fwd_ZERO_RESULTS;osm_rev_at_govmap_mismatch
001027-073567-00149-X,דימונה,בן גוריון,87,,,exact,31.073839,35.034399,OK,31.073892,35.034353,"דוד בן גוריון 87, Dimona, Israel",OK,31.071284,35.034517,"בן גוריון, שכונה לדוגמא, נווה גן, דימונה, נפת באר שבע, מחוז הדרום, 8604712, ישראל",7.4,283.4,289.6,דוד בן גוריון,87,partial,בן גוריון,,partial,,,n/a,דרך דוד בן גוריון,1044,partial,
001027-073567-00150-X,דימונה,בן גוריון,19,,,exact,31.069476,35.034419,OK,31.073891,35.034629,"דוד בן גוריון 19, Dimona, Israel",OK,31.074066,35.034569,"בן גוריון, נווה אביב, נווה גן, דימונה, נפת באר שבע, מחוז הדרום, 8604712, ישראל",489.9,509.2,20.3,דוד המלך,293,mismatch,בן גוריון,,partial,,,n/a,דרך השלום,1102,mismatch,google_rev_at_govmap_mismatch;google_rev_at_osm_mismatch
001027-073567-00151-X,דימונה,בן גוריון,בן-גוריון 81,,,exact,31.073412,35.034383,OK,31.073891,35.034629,"דוד בן גוריון 81, Dimona, Israel",ZERO_RESULTS,,,,58.1,,,דרך דוד בן גוריון,1045,partial,בן גוריון,,partial,,,n/a,,,n/a,osm_fwd_ZERO_RESULTS
001027-073567-00152-X,דימונה,בן גוריון,29,,,exact,31.070091,35.034412,OK,31.073891,35.034629,"דוד בן גוריון 29, Dimona, Israel",OK,31.072668,35.034566,"בן גוריון, שכונה לדוגמא, נווה גן, דימונה, נפת באר שבע, מחוז הדרום, 8604712, ישראל",421.9,286.2,135.7,דרך דוד בן גוריון,1042,partial,בן גוריון,,partial,,,n/a,דרך השלום,12,mismatch,google_rev_at_osm_mismatch
001027-073567-00153-X,דימונה,בן גוריון,91,,,exact,31.074061,35.034402,OK,31.074099,35.034340,"דוד בן גוריון 91, Dimona, Israel",OK,31.068527,35.034595,"בן גוריון, גיורא יוספטל, נווה גן, דימונה, נפת באר שבע, מחוז הדרום, 8604712, ישראל",7.2,613.8,618.2,דוד בן גוריון,91,partial,בן גוריון,,partial,,,n/a,,,mismatch,google_rev_at_osm_mismatch
001027-073567-00154-X,דימונה,בן גוריון,בן-גוריון 91,,,exact,31.074061,35.034402,OK,31.074099,35.034340,"דוד בן גוריון 91, Dimona, Israel",ZERO_RESULTS,,,,7.2,,,דוד בן גוריון,91,partial,בן גוריון,,partial,,,n/a,,,n/a,osm_fwd_ZERO_RESULTS
001027-073567-00155-X,דימונה,בן גוריון,89,,,exact,31.073956,35.034375,OK,31.073993,35.034351,"דוד בן גוריון 89, Dimona, Israel",OK,31.072668,35.034566,"בן גוריון, שכונה לדוגמא, נווה גן, דימונה, נפת באר שבע, מחוז הדרום, 8604712, ישראל",4.7,143.9,148.3,דוד בן גוריון,89,partial,בן גוריון,,partial,,,n/a,דרך השלום,12,mismatch,google_rev_at_osm_mismatch
001027-073567-00156-X,דימונה,בר כוכבא,בר-כוכבא 3,,,exact,31.064749,35.036490,OK,31.064696,35.036284,"Bar Kochva St 3, Dimona, Israel",ZERO_RESULTS,,,,20.5,,,בר כוכבא,208,partial,,,mismatch,,,n/a,,,n/a,osm_fwd_ZERO_RESULTS;osm_rev_at_govmap_mismatch
001027-073567-00157-X,דימונה,בר כוכבא,בר-כוכבא 4,,,exact,31.064912,35.036168,OK,31.064924,35.035813,"Bar Kochva St 4, Dimona, Israel",ZERO_RESULTS,,,,33.9,,,בר כוכבא,208,partial,,,mismatch,,,n/a,,,n/a,osm_fwd_ZERO_RESULTS;osm_rev_at_govmap_mismatch
001027-073567-00158-X,דימונה,בר כוכבא,בר-כוכבא 1,,,exact,31.065118,35.036491,OK,31.064436,35.035554,"Bar Kochva St 212/1, Dimona, Israel",ZERO_RESULTS,,,,117.1,,,עזרא ונחמיה,244,mismatch,,,mismatch,,,n/a,,,n/a,osm_fwd_ZERO_RESULTS;google_rev_at_govmap_mismatch;osm_rev_at_govmap_mismatch
001027-073567-00159-X,דימונה,בר כוכבא,בר-כוכבא 2,,,exact,31.065152,35.036118,OK,31.065173,35.035445,"Bar Kochva St 2, Dimona, Israel",ZERO_RESULTS,,,,64.2,,,בר כוכבא,214,partial,,,mismatch,,,n/a,,,n/a,osm_fwd_ZERO_RESULTS;osm_rev_at_govmap_mismatch
001027-073567-00160-X,דימונה,בר כוכבא,בר-כוכבא 5,,,exact,31.064486,35.036485,OK,31.064456,35.036716,"Bar Kochva St 5, Dimona, Israel",ZERO_RESULTS,,,,22.3,,,בר כוכבא,207,partial,,,mismatch,,,n/a,,,n/a,osm_fwd_ZERO_RESULTS;osm_rev_at_govmap_mismatch
001027-073567-00161-X,דימונה,בר כוכבא,בר-כוכבא 7,,,exact,31.064239,35.036499,OK,31.064200,35.036298,"Bar Kochva St 7, Dimona, Israel",ZERO_RESULTS,,,,19.7,,,בר כוכבא,206,partial,,,mismatch,,,n/a,,,n/a,osm_fwd_ZERO_RESULTS;osm_rev_at_govmap_mismatch
001027-073567-00162-X,דימונה,בר כוכבא,בר-כוכבא 10,,,exact,31.064148,35.036126,OK,31.064200,35.036298,"Bar Kochva St 10, Dimona, Israel",ZERO_RESULTS,,,,17.3,,,בר כוכבא,206,partial,,,mismatch,,,n/a,,,n/a,osm_fwd_ZERO_RESULTS;osm_rev_at_govmap_mismatch
001027-073567-00163-X,דימונה,בר כוכבא,בר-כוכבא 9,,,exact,31.063984,35.036545,OK,31.063955,35.036714,"Bar Kochva St 9, Dimona, Israel",ZERO_RESULTS,,,,16.4,,,בר כוכבא,205,partial,,,mismatch,,,n/a,,,n/a,osm_fwd_ZERO_RESULTS;osm_rev_at_govmap_mismatch
001027-073567-00164-X,דימונה,בר כוכבא,בר-כוכבא 6,,,exact,31.064649,35.036136,OK,31.064696,35.036284,"Bar Kochva St 6, Dimona, Israel",ZERO_RESULTS,,,,15.0,,,בר כוכבא,208,partial,,,mismatch,,,n/a,,,n/a,osm_fwd_ZERO_RESULTS;osm_rev_at_govmap_mismatch
001027-073567-00165-X,דימונה,ברקן,23,,,exact,31.079294,35.040798,OK,31.079256,35.040803,"Barkan St 23, Dimona, Israel",OK,31.079158,35.040286,"ברקן, נווה חורש, חכמי ישראל, דימונה, נפת באר שבע, מחוז הדרום, 8604712, ישראל",4.3,51.1,50.5,ברקן,23,match,ברקן,,partial,,,n/a,ברקן,13,partial,
001027-073567-00166-X,דימונה,ברקן,15,,,exact,31.079278,35.040451,OK,31.079251,35.040403,"Barkan St 15, Dimona, Israel",OK,31.079158,35.040286,"ברקן, נווה חורש, חכמי ישראל, דימונה, נפת באר שבע, מחוז הדרום, 8604712, ישראל",5.5,20.6,15.2,ברקן,34,partial,ברקן,,partial,,,n/a,ברקן,13,partial,
001027-073567-00167-X,דימונה,ברקן,7,,,exact,31.079270,35.040070,OK,31.079261,35.040047,"Barkan St 7, Dimona, Israel",OK,31.079158,35.040286,"ברקן, נווה חורש, חכמי ישראל, דימונה, נפת באר שבע, מחוז הדרום, 8604712, ישראל",2.4,24.1,25.5,ברקן,7,match,ברקן,,partial,,,n/a,ברקן,13,partial,
001027-073567-00168-X,דימונה,ברקן,2,,,exact,31.078983,35.039842,OK,31.078973,35.039754,"Barkan St 2, Dimona, Israel",OK,31.079158,35.040286,"ברקן, נווה חורש, חכמי ישראל, דימונה, נפת באר שבע, מחוז הדרום, 8604712, ישראל",8.5,46.6,54.7,ברקן,4,partial,ברקן,,partial,,,n/a,ברקן,13,partial,
001027-073567-00169-X,דימונה,בשמת,13,,,exact,31.079274,35.043050,OK,31.079267,35.042973,"Bosmat St 13, Dimona, Israel",OK,31.079159,35.043067,"בשמת, נווה חורש, חכמי ישראל, דימונה, נפת באר שבע, מחוז הדרום, 8604712, ישראל",7.4,12.9,15.0,בשמת,15,partial,בשמת,,partial,,,n/a,בשמת,16,partial,
001027-073567-00170-X,דימונה,בשמת,22,,,exact,31.078998,35.043494,OK,31.079014,35.043446,"Bosmat St 22, Dimona, Israel",OK,31.079159,35.043067,"בשמת, נווה חורש, חכמי ישראל, דימונה, נפת באר שבע, מחוז הדרום, 8604712, ישראל",4.9,44.5,39.6,בשמת,24,partial,בשמת,,partial,,,n/a,בשמת,16,partial,
001027-073567-00171-X,דימונה,בשמת,16,,,exact,31.078959,35.043115,OK,31.079085,35.043151,"Bosmat St 16, Dimona, Israel",OK,31.079159,35.043067,"בשמת, נווה חורש, חכמי ישראל, דימונה, נפת באר שבע, מחוז הדרום, 8604712, ישראל",14.4,22.6,11.4,הברוש,133,mismatch,בשמת,,partial,,,n/a,בשמת,16,match,google_rev_at_govmap_mismatch
001027-073567-00172-X,דימונה,בשמת,8,,,exact,31.078955,35.042730,OK,31.078976,35.042683,"Bosmat St 8, Dimona, Israel",OK,31.079159,35.043067,"בשמת, נווה חורש, חכמי ישראל, דימונה, נפת באר שבע, מחוז הדרום, 8604712, ישראל",5.1,39.3,41.9,הברוש,131,mismatch,בשמת,,partial,,,n/a,בשמת,16,partial,google_rev_at_govmap_mismatch
001027-073567-00173-X,דימונה,בשמת,7,,,exact,31.079239,35.042718,OK,31.079272,35.042664,"Bosmat St 7, Dimona, Israel",OK,31.079159,35.043067,"בשמת, נווה חורש, חכמי ישראל, דימונה, נפת באר שבע, מחוז הדרום, 8604712, ישראל",6.3,34.5,40.5,בשמת,7,match,בשמת,,partial,,,n/a,בשמת,16,partial,
001027-073567-00174-X,דימונה,בשמת,17,,,exact,31.079274,35.043317,OK,31.079263,35.043198,"Bosmat St 17, Dimona, Israel",OK,31.079159,35.043067,"בשמת, נווה חורש, חכמי ישראל, דימונה, נפת באר שבע, מחוז הדרום, 8604712, ישראל",11.4,27.0,17.0,בשמת,19,partial,בשמת,,partial,,,n/a,בשמת,16,partial,
001027-073567-00175-X,דימונה,בשמת,4,,,exact,31.078980,35.042541,OK,31.078985,35.042487,"Bosmat St 4, Dimona, Israel",OK,31.079159,35.043067,"בשמת, נווה חורש, חכמי ישראל, דימונה, נפת באר שבע, מחוז הדרום, 8604712, ישראל",5.1,54.0,58.6,הברוש,130,mismatch,בשמת,,partial,,,n/a,בשמת,16,partial,google_rev_at_govmap_mismatch
001027-073567-00176-X,דימונה,בשמת,26,,,exact,31.079001,35.043667,OK,31.078974,35.043610,"Bosmat St 26, Dimona, Israel",OK,31.079159,35.043067,"בשמת, נווה חורש, חכמי ישראל, דימונה, נפת באר שבע, מחוז הדרום, 8604712, ישראל",6.2,59.8,55.7,בשמת,28,partial,בשמת,,partial,,,n/a,בשמת,16,partial,
001027-073567-00177-X,דימונה,בשמת,18,,,exact,31.079018,35.043313,OK,31.078982,35.043209,"Bosmat St 18, Dimona, Israel",OK,31.079159,35.043067,"בשמת, נווה חורש, חכמי ישראל, דימונה, נפת באר שבע, מחוז הדרום, 8604712, ישראל",10.7,28.2,23.8,בשמת,20,partial,בשמת,,partial,,,n/a,בשמת,16,partial,
001027-073567-00178-X,דימונה,בשמת,6,,,exact,31.078968,35.042651,OK,31.078978,35.042597,"Bosmat St 6, Dimona, Israel",OK,31.079159,35.043067,"בשמת, נווה חורש, חכמי ישראל, דימונה, נפת באר שבע, מחוז הדרום, 8604712, ישראל",5.3,45.0,49.1,בשמת,8,partial,בשמת,,partial,,,n/a,בשמת,16,partial,
001027-073567-00179-X,דימונה,בשמת,5,,,exact,31.079271,35.042684,OK,31.079281,35.042584,"Bosmat St 5, Dimona, Israel",OK,31.079159,35.043067,"בשמת, נווה חורש, חכמי ישראל, דימונה, נפת באר שבע, מחוז הדרום, 8604712, ישראל",9.6,38.6,48.0,בשמת,7,partial,בשמת,,partial,,,n/a,בשמת,16,partial,
001027-073567-00180-X,דימונה,בשמת,21,,,exact,31.079278,35.043502,OK,31.079251,35.043402,"Bosmat St 21, Dimona, Israel",OK,31.079159,35.043067,"בשמת, נווה חורש, חכמי ישראל, דימונה, נפת באר שבע, מחוז הדרום, 8604712, ישראל",10.0,43.6,33.6,הברוש,144,mismatch,בשמת,,partial,,,n/a,בשמת,16,partial,google_rev_at_govmap_mismatch
001027-073567-00181-X,דימונה,בת חן,בת-חן 2,,,exact,31.075634,35.032174,OK,31.075586,35.032073,"Bat Khen St 2, Dimona, Israel",OK,31.068661,35.036648,"דימונה, נפת באר שבע, מחוז הדרום, 8604712, ישראל",11.0,883.2,883.3,בת חן,2,match,אמנון ותמר,,mismatch,,,n/a,שדרות הרצל,16,mismatch,osm_rev_at_govmap_mismatch;google_rev_at_osm_mismatch
001027-073567-00182-X,דימונה,בת חן,בת-חן 14,,,exact,31.075610,35.033667,OK,31.075585,35.033575,"Bat Khen St 14, Dimona, Israel",OK,31.068661,35.036648,"דימונה, נפת באר שבע, מחוז הדרום, 8604712, ישראל",9.2,821.3,821.8,בת חן,14,match,בת חן,,partial,,,n/a,שדרות הרצל,16,mismatch,google_rev_at_osm_mismatch
001027-073567-00183-X,דימונה,בת חן,בת-חן 15,,,exact,31.075886,35.033624,OK,31.075809,35.033644,"Bat Khen St 15, Dimona, Israel",OK,31.068661,35.036648,"דימונה, נפת באר שבע, מחוז הדרום, 8604712, ישראל",8.7,851.4,842.8,בת חן,15,match,בת חן,,partial,,,n/a,שדרות הרצל,16,mismatch,google_rev_at_osm_mismatch
001027-073567-00184-X,דימונה,בת חן,בת-חן 7,,,exact,31.075874,35.032646,OK,31.075818,35.032636,"Bat Khen St 7, Dimona, Israel",OK,31.068661,35.036648,"דימונה, נפת באר שבע, מחוז הדרום, 8604712, ישראל",6.2,886.2,881.1,בת חן,7,match,בת חן,,partial,,,n/a,שדרות הרצל,16,mismatch,google_rev_at_osm_mismatch
001027-073567-00185-X,דימונה,גדולי התורה,20,,,exact,31.075621,35.037038,OK,31.075579,35.035637,"Gdolei Yisra'el St, Dimona, Israel",ZERO_RESULTS,,,,133.8,,,מרחבים,1320,mismatch,הרב טייב,1320,mismatch,,,n/a,,,n/a,osm_fwd_ZERO_RESULTS;google_rev_at_govmap_mismatch;osm_rev_at_govmap_mismatch
001027-073567-00186-X,דימונה,גדולי התורה,14,,,exact,31.075589,35.036574,OK,31.075579,35.035637,"Gdolei Yisra'el St, Dimona, Israel",ZERO_RESULTS,,,,89.5,,,מרחבים,16,mismatch,הרב טייב,,mismatch,,,n/a,,,n/a,osm_fwd_ZERO_RESULTS;google_rev_at_govmap_mismatch;osm_rev_at_govmap_mismatch
001027-073567-00187-X,דימונה,גדולי התורה,7,,,exact,31.075669,35.035311,OK,31.075579,35.035637,"Gdolei Yisra'el St, Dimona, Israel",ZERO_RESULTS,,,,32.7,,,מרחבים,1307,mismatch,מרחבים,,mismatch,,,n/a,,,n/a,osm_fwd_ZERO_RESULTS;google_rev_at_govmap_mismatch;osm_rev_at_govmap_mismatch
001027-073567-00188-X,דימונה,גדולי התורה,1308,,,exact,31.075652,35.036199,OK,31.075579,35.035637,"Gdolei Yisra'el St, Dimona, Israel",ZERO_RESULTS,,,,54.2,,,מרחבים,16,mismatch,הרב טייב,,mismatch,,,n/a,,,n/a,osm_fwd_ZERO_RESULTS;google_rev_at_govmap_mismatch;osm_rev_at_govmap_mismatch
001027-073567-00189-X,דימונה,גולדה מאיר,3,,,exact,31.070909,35.030742,OK,31.073576,35.031781,"Sderot Golda Me'ir 3, Dimona, Israel",OK,31.077938,35.031403,"שדרות גולדה מאיר, נווה אביב, נווה גן, דימונה, נפת באר שבע, מחוז הדרום, 8604712, ישראל",311.9,781.8,484.9,עליית הנוער,1003,mismatch,צביה לובטקין,1001,mismatch,,,n/a,שדרות גולדה מאיר,,partial,google_rev_at_govmap_mismatch;osm_rev_at_govmap_mismatch
001027-073567-00190-X,דימונה,גולדה מאיר,5,,,exact,31.071019,35.031537,OK,31.073576,35.031781,"Sderot Golda Me'ir 5, Dimona, Israel",OK,31.069797,35.031810,"שדרות גולדה מאיר, הנצחון, נווה גן, דימונה, נפת באר שבע, מחוז הדרום, 8604712, ישראל",284.5,138.0,419.0,רחבת צביה לובטקין,1005,mismatch,שדרות גולדה מאיר,,partial,,,n/a,שדרות גולדה מאיר,1001,partial,google_rev_at_govmap_mismatch
001027-073567-00191-X,דימונה,גולדה מאיר,1034,,,exact,31.073668,35.031439,OK,31.072983,35.031358,"Sderot Golda Me'ir 1034, Dimona, Israel",OK,31.077938,35.031403,"שדרות גולדה מאיר, נווה אביב, נווה גן, דימונה, נפת באר שבע, מחוז הדרום, 8604712, ישראל",76.3,473.5,549.4,שדרות גולדה מאיר,34,partial,ההגנה,,mismatch,,,n/a,שדרות גולדה מאיר,,partial,osm_rev_at_govmap_mismatch
001027-073567-00192-X,דימונה,גולדה מאיר,2,,,exact,31.070453,35.031132,OK,31.073576,35.031781,"Sderot Golda Me'ir 2, Dimona, Israel",OK,31.073353,35.031739,"שדרות גולדה מאיר, נווה אביב, נווה גן, דימונה, נפת באר שבע, מחוז הדרום, 8604712, ישראל",351.8,326.7,25.1,שדרות גולדה מאיר,1002,partial,צביה לובטקין,1001,mismatch,,,n/a,שדרות גולדה מאיר,1034,partial,osm_rev_at_govmap_mismatch
001027-073567-00193-X,דימונה,גולדה מאיר,4,,,exact,31.070646,35.031594,OK,31.073576,35.031781,"Sderot Golda Me'ir 4, Dimona, Israel",OK,31.073333,35.031599,"שדרות גולדה מאיר, הנצחון, נווה גן, דימונה, נפת באר שבע, מחוז הדרום, 8604712, ישראל",325.4,298.0,32.1,שדרות גולדה מאיר,1004,partial,צביה לובטקין,1001,mismatch,,,n/a,שדרות גולדה מאיר,1034,partial,osm_rev_at_govmap_mismatch
001027-073567-00194-X,דימונה,גמלא,68,,,exact,31.056744,35.039401,OK,31.056692,35.039066,"Gamla St 68, Dimona, Israel",OK,31.056617,35.036625,"גמלא, ממשית, נווה גן, דימונה, נפת באר שבע, מחוז הדרום, 8604712, ישראל",32.5,265.4,233.2,שיבטה,193,mismatch,תל חמה,,mismatch,,,n/a,קיסריה,2,mismatch,google_rev_at_govmap_mismatch;osm_rev_at_govmap_mismatch;google_rev_at_osm_mismatch
001027-073567-00195-X,דימונה,גמלא,16,,,exact,31.057086,35.034802,OK,31.057067,35.034728,"Gamla St 16, Dimona, Israel",OK,31.056046,35.037447,"גמלא, ממשית, נווה גן, דימונה, נפת באר שבע, מחוז הדרום, 8604712, ישראל",7.4,277.5,283.2,גמלא,16,match,גמלא,,partial,,,n/a,גמלא,44,partial,
001027-073567-00196-X,דימונה,גמלא,30,,,exact,31.056729,35.036143,OK,31.056781,35.035821,"Gamla St 30, Dimona, Israel",OK,31.056617,35.036625,"גמלא, ממשית, נווה גן, דימונה, נפת באר שבע, מחוז הדרום, 8604712, ישראל",31.2,47.7,78.9,גמלא,36,partial,גמלא,,partial,,,n/a,קיסריה,2,mismatch,google_rev_at_osm_mismatch
001027-073567-00197-X,דימונה,גמלא,54,,,exact,31.056122,35.038944,OK,31.056199,35.038906,"Gamla St 54, Dimona, Israel",OK,31.056046,35.037447,"גמלא, ממשית, נווה גן, דימונה, נפת באר שבע, מחוז הדרום, 8604712, ישראל",9.2,143.1,140.4,גמלא,54,match,גמלא,,partial,,,n/a,גמלא,44,partial,
001027-073567-00198-X,דימונה,דבורה הנביאה,6,,,exact,31.077744,35.035552,OK,31.077704,35.035494,"Dvora ha-Nevi'a St 6, Dimona, Israel",OK,31.077838,35.035309,"דבורה הנביאה, נאות הללי, נווה גן, דימונה, נפת באר שבע, מחוז הדרום, 8604712, ישראל",7.1,25.3,23.0,דבורה הנביאה,6,match,דבורה הנביאה,,partial,,,n/a,דבורה הנביאה,4,partial,
001027-073567-00199-X,דימונה,דבורה הנביאה,20,,,exact,31.077701,35.036645,OK,31.077702,35.036589,"Dvora ha-Nevi'a St 20, Dimona, Israel",OK,31.077838,35.035309,"דבורה הנביאה, נאות הללי, נווה גן, דימונה, נפת באר שבע, מחוז הדרום, 8604712, ישראל",5.4,128.4,123.0,דבורה הנביאה,20,match,ירמיה,,mismatch,,,n/a,דבורה הנביאה,4,partial,osm_rev_at_govmap_mismatch
001027-073567-00200-X,דימונה,דבורה הנביאה,18,,,exact,31.077754,35.036449,OK,31.077692,35.036414,"Dvora ha-Nevi'a St 18, Dimona, Israel",OK,31.077838,35.035309,"דבורה הנביאה, נאות הללי, נווה גן, דימונה, נפת באר שבע, מחוז הדרום, 8604712, ישראל",7.6,109.1,106.6,דבורה הנביאה,18,match,דבורה הנביאה,,partial,,,n/a,דבורה הנביאה,4,partial,
001027-073567-00201-X,דימונה,דבורה הנביאה,1,,,exact,31.078000,35.035177,OK,31.078010,35.035150,"Dvora ha-Nevi'a St 1, Dimona, Israel",OK,31.077838,35.035309,"דבורה הנביאה, נאות הללי, נווה גן, דימונה, נפת באר שבע, מחוז הדרום, 8604712, ישראל",2.8,22.0,24.4,חגי,5,mismatch,דבורה הנביאה,,partial,,,n/a,דבורה הנביאה,4,partial,google_rev_at_govmap_mismatch
001027-073567-00202-X,דימונה,דוגית,31,,,exact,31.069577,35.038975,OK,31.069616,35.038843,"Dugit St 31, Dimona, Israel",OK,31.069171,35.040115,"דוגית, קהילת העבריים, נווה גן, דימונה, נפת באר שבע, מחוז הדרום, 8604712, ישראל",13.4,117.7,131.1,דוגית,31,match,בר לב,,mismatch,,,n/a,דוגית,22,partial,osm_rev_at_govmap_mismatch
001027-073567-00203-X,דימונה,דוגית,10,,,exact,31.069058,35.041293,OK,31.069227,35.041139,"Dugit St 10, Dimona, Israel",OK,31.069171,35.040115,"דוגית, קהילת העבריים, נווה גן, דימונה, נפת באר שבע, מחוז הדרום, 8604712, ישראל",23.8,113.1,97.9,דוגית,8,partial,דוגית,,partial,,,n/a,דוגית,22,partial,
001027-073567-00204-X,דימונה,דוגית,37,,,exact,31.069934,35.038967,OK,31.069894,35.038735,"Dugit St 37, Dimona, Israel",OK,31.069171,35.040115,"דוגית, קהילת העבריים, נווה גן, דימונה, נפת באר שבע, מחוז הדרום, 8604712, ישראל",22.6,138.4,154.2,דוגית,41,partial,דוגית,,partial,,,n/a,דוגית,22,partial,
001027-073567-00205-X,דימונה,דוגית,6,,,exact,31.068849,35.041543,OK,31.068852,35.041499,"Dugit St 6, Dimona, Israel",OK,31.069171,35.040115,"דוגית, קהילת העבריים, נווה גן, דימונה, נפת באר שבע, מחוז הדרום, 8604712, ישראל",4.2,140.9,136.7,דוגית,6,match,דוגית,,partial,,,n/a,דוגית,22,partial,
001027-073567-00206-X,דימונה,דוגית,43,,,exact,31.070125,35.039092,OK,31.070130,35.038950,"Dugit St 43, Dimona, Israel",OK,31.069171,35.040115,"דוגית, קהילת העבריים, נווה גן, דימונה, נפת באר שבע, מחוז הדרום, 8604712, ישראל",13.5,144.0,153.9,דוגית,43,match,דוגית,,partial,,,n/a,דוגית,22,partial,
001027-073567-00207-X,דימונה,דוגית,17,,,exact,31.069068,35.039917,OK,31.068779,35.039798,"Dugit St 17, Dimona, Israel",OK,31.069171,35.040115,"דוגית, קהילת העבריים, נווה גן, דימונה, נפת באר שבע, מחוז הדרום, 8604712, ישראל",34.0,22.1,53.0,דוגית,15,partial,דוגית,,partial,,,n/a,דוגית,22,partial,
001027-073567-00208-X,דימונה,דוגית,29,,,exact,31.069346,35.039147,OK,31.069423,35.038961,"Dugit St 29, Dimona, Israel",OK,31.069171,35.040115,"דוגית, קהילת העבריים, נווה גן, דימונה, נפת באר שבע, מחוז הדרום, 8604712, ישראל",19.7,94.4,113.7,דוגית,23,partial,בר לב,,mismatch,,,n/a,דוגית,22,partial,osm_rev_at_govmap_mismatch
001027-073567-00209-X,דימונה,דוגית,21,,,exact,31.068766,35.039674,OK,31.068970,35.039420,"Dugit St 21, Dimona, Israel",OK,31.069171,35.040115,"דוגית, קהילת העבריים, נווה גן, דימונה, נפת באר שבע, מחוז הדרום, 8604712, ישראל",33.2,61.6,70.0,דוגית,19,partial,,,mismatch,,,n/a,דוגית,22,partial,osm_rev_at_govmap_mismatch
001027-073567-00210-X,דימונה,דוגית,41,,,exact,31.069969,35.039133,OK,31.069958,35.038969,"Dugit St 41, Dimona, Israel",OK,31.070502,35.039129,"דוגית, הגבעה, נווה גן, דימונה, נפת באר שבע, מחוז הדרום, 8604712, ישראל",15.7,59.1,62.2,דוגית,41,match,דוגית,,partial,,,n/a,דוגית,47,partial,
001027-073567-00211-X,דימונה,דוגית,25,,,exact,31.069195,35.039657,OK,31.069163,35.039583,"Dugit St 25, Dimona, Israel",OK,31.069171,35.040115,"דוגית, קהילת העבריים, נווה גן, דימונה, נפת באר שבע, מחוז הדרום, 8604712, ישראל",7.9,43.8,50.8,דוגית,25,match,דוגית,,partial,,,n/a,דוגית,22,partial,
001027-073567-00212-X,דימונה,דוגית,15,,,exact,31.068935,35.040128,OK,31.069028,35.039857,"Dugit St 15, Dimona, Israel",OK,31.069171,35.040115,"דוגית, קהילת העבריים, נווה גן, דימונה, נפת באר שבע, מחוז הדרום, 8604712, ישראל",27.9,26.2,29.3,דוגית,13,partial,דוגית,,partial,,,n/a,דוגית,22,partial,
001027-073567-00213-X,דימונה,דוגית,33,,,exact,31.069566,35.039343,OK,31.069531,35.039199,"Dugit St 33, Dimona, Israel",OK,31.069171,35.040115,"דוגית, קהילת העבריים, נווה גן, דימונה, נפת באר שבע, מחוז הדרום, 8604712, ישראל",14.3,85.7,96.1,דוגית,33,match,דוגית,,partial,,,n/a,דוגית,22,partial,
001027-073567-00214-X,דימונה,דוגית,20,,,exact,31.069298,35.040287,OK,31.069277,35.040335,"Dugit St 20, Dimona, Israel",OK,31.069171,35.040115,"דוגית, קהילת העבריים, נווה גן, דימונה, נפת באר שבע, מחוז הדרום, 8604712, ישראל",5.1,21.6,24.0,דוגית,20,match,דוגית,,partial,,,n/a,דוגית,22,partial,
001027-073567-00215-X,דימונה,דוגית,47,,,exact,31.070463,35.038833,OK,31.070447,35.038727,"Dugit St 47, Dimona, Israel",OK,31.069171,35.040115,"דוגית, קהילת העבריים, נווה גן, דימונה, נפת באר שבע, מחוז הדרום, 8604712, ישראל",10.3,188.4,193.8,דוגית,47,match,גדיד,,mismatch,,,n/a,דוגית,22,partial,osm_rev_at_govmap_mismatch
001027-073567-00216-X,דימונה,דוגית,35,,,exact,31.069693,35.039237,OK,31.069689,35.039081,"Dugit St 35, Dimona, Israel",OK,31.069171,35.040115,"דוגית, קהילת העבריים, נווה גן, דימונה, נפת באר שבע, מחוז הדרום, 8604712, ישראל",14.9,101.9,114.2,דוגית,35,match,דוגית,,partial,,,n/a,דוגית,22,partial,
001027-073567-00217-X,דימונה,דוגית,8,,,exact,31.068939,35.041423,OK,31.068967,35.041387,"Dugit St 8, Dimona, Israel",OK,31.069171,35.040115,"דוגית, קהילת העבריים, נווה גן, דימונה, נפת באר שבע, מחוז הדרום, 8604712, ישראל",4.7,127.5,123.5,דוגית,8,match,דוגית,,partial,,,n/a,דוגית,22,partial,
001027-073567-00218-X,דימונה,דוד אלעזר,6,,,exact,31.073621,35.039360,OK,31.073629,35.039290,"David Elazar St 6, Dimona, Israel",OK,31.073819,35.039614,"דוד אלעזר, חכמי ישראל, נווה גן, דימונה, נפת באר שבע, מחוז הדרום, 8604712, ישראל",6.8,32.7,37.4,דוד אלעזר,163,partial,דוד אלעזר,,partial,,,n/a,דוד אלעזר,172,partial,
001027-073567-00219-X,דימונה,דוד אלעזר,2,,,exact,31.073630,35.038965,OK,31.073622,35.038872,"David Elazar St 2, Dimona, Israel",OK,31.073819,35.039614,"דוד אלעזר, חכמי ישראל, נווה גן, דימונה, נפת באר שבע, מחוז הדרום, 8604712, ישראל",8.9,65.3,74.1,דוד אלעזר,160,partial,אברהם עופר,,mismatch,,,n/a,דוד אלעזר,172,partial,osm_rev_at_govmap_mismatch
001027-073567-00220-X,דימונה,דוד אלעזר,1,,,exact,31.073877,35.038935,OK,31.073873,35.038978,"David Elazar St 1, Dimona, Israel",OK,31.073819,35.039614,"דוד אלעזר, חכמי ישראל, נווה גן, דימונה, נפת באר שבע, מחוז הדרום, 8604712, ישראל",4.1,65.1,61.0,דוד אלעזר,1,match,דוד אלעזר,,partial,,,n/a,דוד אלעזר,172,partial,
001027-073567-00221-X,דימונה,דוד אלעזר,11,,,exact,31.073986,35.039824,OK,31.073811,35.039734,"David Elazar St 11, Dimona, Israel",OK,31.073819,35.039614,"דוד אלעזר, חכמי ישראל, נווה גן, דימונה, נפת באר שבע, מחוז הדרום, 8604712, ישראל",21.2,27.3,11.5,דוד אלעזר,173,partial,דוד אלעזר,,partial,,,n/a,דוד אלעזר,172,partial,
001027-073567-00222-X,דימונה,דוד אלעזר,4,,,exact,31.073643,35.039270,OK,31.073638,35.039105,"David Elazar St 4, Dimona, Israel",OK,31.073819,35.039614,"דוד אלעזר, חכמי ישראל, נווה גן, דימונה, נפת באר שבע, מחוז הדרום, 8604712, ישראל",15.8,38.1,52.5,דוד אלעזר,6,partial,דוד אלעזר,,partial,,,n/a,דוד אלעזר,172,partial,
001027-073567-00223-X,דימונה,דוד אלעזר,166,,,exact,31.073672,35.040291,OK,31.073682,35.040262,"David Elazar St 166, Dimona, Israel",OK,31.073819,35.039614,"דוד אלעזר, חכמי ישראל, נווה גן, דימונה, נפת באר שבע, מחוז הדרום, 8604712, ישראל",3.0,66.7,63.7,דוד אלעזר,166,match,דוד אלעזר,,partial,,,n/a,דוד אלעזר,172,partial,
001027-073567-00224-X,דימונה,דוכיפת,12,,,exact,31.073961,35.036006,OK,31.073975,35.035949,"Mish'ol Duhifat 12, Dimona, Israel",OK,31.074273,35.035883,"דוכיפת, שכונה לדוגמא, נווה גן, דימונה, נפת באר שבע, מחוז הדרום, 8604712, ישראל",5.7,36.5,33.6,משעול דוכיפת,12,partial,דוכיפת,,partial,,,n/a,משעול דוכיפת,3,partial,
001027-073567-00225-X,דימונה,דוכיפת,1,,,exact,31.074601,35.035867,OK,31.074597,35.035788,"Mish'ol Duhifat 1, Dimona, Israel",OK,31.074273,35.035883,"דוכיפת, שכונה לדוגמא, נווה גן, דימונה, נפת באר שבע, מחוז הדרום, 8604712, ישראל",7.6,36.4,37.0,מרחבים,185,mismatch,דוכיפת,,partial,,,n/a,משעול דוכיפת,3,partial,google_rev_at_govmap_mismatch
001027-073567-00226-X,דימונה,דוכיפת,10,,,exact,31.074093,35.035921,OK,31.074108,35.035822,"Mish'ol Duhifat 10, Dimona, Israel",OK,31.074273,35.035883,"דוכיפת, שכונה לדוגמא, נווה גן, דימונה, נפת באר שבע, מחוז הדרום, 8604712, ישראל",9.6,20.3,19.2,משעול דוכיפת,10,partial,דוכיפת,,partial,,,n/a,משעול דוכיפת,3,partial,
001027-073567-00227-X,דימונה,דוכיפת,127,,,exact,31.073671,35.036431,OK,31.074242,35.036185,"Mish'ol Duhifat 127, Dimona, Israel",OK,31.074273,35.035883,"דוכיפת, שכונה לדוגמא, נווה גן, דימונה, נפת באר שבע, מחוז הדרום, 8604712, ישראל",67.6,84.9,29.0,דרך השלום,907,mismatch,דוכיפת,,partial,,,n/a,משעול דוכיפת,3,partial,google_rev_at_govmap_mismatch
001027-073567-00228-X,דימונה,דוכיפת,7,,,exact,31.074074,35.036126,OK,31.074069,35.036139,"Mish'ol Duhifat 7, Dimona, Israel",OK,31.074273,35.035883,"דוכיפת, שכונה לדוגמא, נווה גן, דימונה, נפת באר שבע, מחוז הדרום, 8604712, ישראל",1.4,32.0,33.3,משעול דוכיפת,7,partial,דוכיפת,,partial,,,n/a,משעול דוכיפת,3,partial,
001027-073567-00229-X,דימונה,דוכיפת,3,,,exact,31.074374,35.035925,OK,31.074370,35.035884,"Mish'ol Duhifat 3, Dimona, Israel",OK,31.074273,35.035883,"דוכיפת, שכונה לדוגמא, נווה גן, דימונה, נפת באר שבע, מחוז הדרום, 8604712, ישראל",3.9,11.9,10.8,משעול דוכיפת,3,partial,דוכיפת,,partial,,,n/a,משעול דוכיפת,3,partial,
001027-073567-00230-X,דימונה,דוכיפת,9,,,exact,31.073923,35.036238,OK,31.073908,35.036241,"Mish'ol Duhifat 9, Dimona, Israel",OK,31.074273,35.035883,"דוכיפת, שכונה לדוגמא, נווה גן, דימונה, נפת באר שבע, מחוז הדרום, 8604712, ישראל",1.7,51.5,53.0,משעול דוכיפת,9,partial,דוכיפת,,partial,,,n/a,משעול דוכיפת,3,partial,
001027-073567-00231-X,דימונה,דוכיפת,5,,,exact,31.074224,35.036056,OK,31.074216,35.036018,"Mish'ol Duhifat 5, Dimona, Israel",OK,31.074273,35.035883,"דוכיפת, שכונה לדוגמא, נווה גן, דימונה, נפת באר שבע, מחוז הדרום, 8604712, ישראל",3.7,17.4,14.4,משעול דוכיפת,5,partial,דוכיפת,,partial,,,n/a,משעול דוכיפת,3,partial,
001027-073567-00232-X,דימונה,דוכיפת,8,,,exact,31.074275,35.035790,OK,31.074303,35.035745,"Mish'ol Duhifat 8, Dimona, Israel",OK,31.074273,35.035883,"דוכיפת, שכונה לדוגמא, נווה גן, דימונה, נפת באר שבע, מחוז הדרום, 8604712, ישראל",5.2,8.9,13.6,משעול דוכיפת,8,partial,דוכיפת,,partial,,,n/a,משעול דוכיפת,3,partial,
001027-073567-00233-X,דימונה,דוכיפת,2,,,exact,31.074505,35.035497,OK,31.074548,35.035533,"Mish'ol Duhifat 2, Dimona, Israel",OK,31.074273,35.035883,"דוכיפת, שכונה לדוגמא, נווה גן, דימונה, נפת באר שבע, מחוז הדרום, 8604712, ישראל",5.9,44.9,45.2,משעול דוכיפת,2,partial,דוכיפת,,partial,,,n/a,משעול דוכיפת,3,partial,
001027-073567-00234-X,דימונה,דוכיפת,14,,,exact,31.073819,35.036101,OK,31.073805,35.036040,"Mish'ol Duhifat 14, Dimona, Israel",OK,31.074273,35.035883,"דוכיפת, שכונה לדוגמא, נווה גן, דימונה, נפת באר שבע, מחוז הדרום, 8604712, ישראל",6.0,54.5,54.0,משעול דוכיפת,14,partial,נטעים,,mismatch,,,n/a,משעול דוכיפת,3,partial,osm_rev_at_govmap_mismatch
001027-073567-00235-X,דימונה,דולב,4,,,exact,31.079527,35.042543,OK,31.079511,35.042479,"Dolev St 4, Dimona, Israel",OK,31.079878,35.042512,"דולב, נווה חורש, חכמי ישראל, דימונה, נפת באר שבע, מחוז הדרום, 8604712, ישראל",6.3,39.0,40.8,דולב,142,partial,דולב,,partial,,,n/a,אקליפטוס,20,mismatch,google_rev_at_osm_mismatch
001027-073567-00236-X,דימונה,דולב,8,,,exact,31.079511,35.042731,OK,31.079504,35.042670,"Dolev St 8, Dimona, Israel",OK,31.080046,35.043865,"דולב, נווה חורש, חכמי ישראל, דימונה, נפת באר שבע, מחוז הדרום, 8604712, ישראל",5.8,123.4,128.9,דולב,141,partial,דולב,,partial,,,n/a,דולב,168,partial,
001027-073567-00237-X,דימונה,דולב,17,,,exact,31.080314,35.043982,OK,31.080249,35.043854,"Dolev St 17, Dimona, Israel",OK,31.080046,35.043865,"דולב, נווה חורש, חכמי ישראל, דימונה, נפת באר שבע, מחוז הדרום, 8604712, ישראל",14.2,31.8,22.6,דולב,19,partial,דולב,,partial,,,n/a,דולב,168,partial,
001027-073567-00238-X,דימונה,דולב,22,,,exact,31.079507,35.043460,OK,31.079515,35.043413,"Dolev St 22, Dimona, Israel",OK,31.080046,35.043865,"דולב, נווה חורש, חכמי ישראל, דימונה, נפת באר שבע, מחוז הדרום, 8604712, ישראל",4.6,71.1,72.9,דולב,24,partial,דולב,,partial,,,n/a,דולב,168,partial,
001027-073567-00239-X,דימונה,דולב,13,,,exact,31.080158,35.043847,OK,31.080146,35.043736,"Dolev St 13, Dimona, Israel",OK,31.080046,35.043865,"דולב, נווה חורש, חכמי ישראל, דימונה, נפת באר שבע, מחוז הדרום, 8604712, ישראל",10.6,12.6,16.6,דולב,168,partial,דולב,,partial,,,n/a,דולב,168,partial,
001027-073567-00240-X,דימונה,דולב,18,,,exact,31.079544,35.043266,OK,31.079515,35.043201,"Dolev St 18, Dimona, Israel",OK,31.079878,35.042512,"דולב, נווה חורש, חכמי ישראל, דימונה, נפת באר שבע, מחוז הדרום, 8604712, ישראל",6.9,80.9,77.1,דולב,20,partial,דולב,,partial,,,n/a,אקליפטוס,20,mismatch,google_rev_at_osm_mismatch
001027-073567-00241-X,דימונה,דולב,9,,,exact,31.080070,35.043714,OK,31.080054,35.043642,"Dolev St 9, Dimona, Israel",OK,31.079878,35.042512,"דולב, נווה חורש, חכמי ישראל, דימונה, נפת באר שבע, מחוז הדרום, 8604712, ישראל",7.1,116.6,109.6,דולב,167,partial,דולב,,partial,,,n/a,אקליפטוס,20,mismatch,google_rev_at_osm_mismatch
001027-073567-00242-X,דימונה,דולב,7,,,exact,31.080004,35.043616,OK,31.079996,35.043588,"Dolev St 7, Dimona, Israel",OK,31.080046,35.043865,"דולב, נווה חורש, חכמי ישראל, דימונה, נפת באר שבע, מחוז הדרום, 8604712, ישראל",2.8,24.2,27.0,דולב,7,match,דולב,,partial,,,n/a,דולב,168,partial,
001027-073567-00243-X,דימונה,דיין משה,משה דיין 72,,,exact,31.075040,35.040000,OK,31.075071,35.039936,"Moshe Dayan St 72, Dimona, Israel",ZERO_RESULTS,,,,7.0,,,משה דיין,72,match,מרחבים,179,mismatch,,,n/a,,,n/a,osm_fwd_ZERO_RESULTS;osm_rev_at_govmap_mismatch
001027-073567-00244-X,דימונה,דיין משה,משה דיין 76,,,exact,31.075425,35.040690,OK,31.075201,35.040649,"Moshe Dayan St 76, Dimona, Israel",ZERO_RESULTS,,,,25.1,,,משה דיין,78,partial,יהודה הלוי,,mismatch,,,n/a,,,n/a,osm_fwd_ZERO_RESULTS;osm_rev_at_govmap_mismatch
001027-073567-00245-X,דימונה,דיין משה,משה דיין 177,,,exact,31.074773,35.040516,OK,31.074753,35.040634,"Moshe Dayan St 177, Dimona, Israel",ZERO_RESULTS,,,,11.4,,,מרחבים,1177,mismatch,משה דיין,,partial,,,n/a,,,n/a,osm_fwd_ZERO_RESULTS;google_rev_at_govmap_mismatch
001027-073567-00246-X,דימונה,דפנה,23,,,exact,31.079835,35.040578,OK,31.079732,35.040530,"Dafna St 23, Dimona, Israel",OK,31.079667,35.040288,"דפנה, נווה חורש, חכמי ישראל, דימונה, נפת באר שבע, מחוז הדרום, 8604712, ישראל",12.3,33.4,24.2,דפנה,46,partial,דפנה,,partial,,,n/a,דפנה,44,partial,
001027-073567-00247-X,דימונה,דפנה,8,,,exact,31.079501,35.040089,OK,31.079661,35.040069,"Dafna St 8, Dimona, Israel",OK,31.079667,35.040288,"דפנה, נווה חורש, חכמי ישראל, דימונה, נפת באר שבע, מחוז הדרום, 8604712, ישראל",17.8,26.5,21.0,דפנה,38,partial,דפנה,,partial,,,n/a,דפנה,44,partial,
001027-073567-00248-X,דימונה,דפנה,15,,,exact,31.079842,35.040200,OK,31.079822,35.040133,"Dafna St 15, Dimona, Israel",OK,31.079667,35.040288,"דפנה, נווה חורש, חכמי ישראל, דימונה, נפת באר שבע, מחוז הדרום, 8604712, ישראל",6.8,21.1,22.7,דפנה,44,partial,דפנה,,partial,,,n/a,דפנה,44,partial,
001027-073567-00249-X,דימונה,דפנה,11,,,exact,31.079820,35.040029,OK,31.079826,35.039928,"Dafna St 11, Dimona, Israel",OK,31.079667,35.040288,"דפנה, נווה חורש, חכמי ישראל, דימונה, נפת באר שבע, מחוז הדרום, 8604712, ישראל",9.7,30.0,38.6,דפנה,43,partial,דפנה,,partial,,,n/a,דפנה,44,partial,
001027-073567-00250-X,דימונה,דפנה,2,,,exact,31.079525,35.039838,OK,31.079659,35.039697,"Dafna St 2, Dimona, Israel",OK,31.079667,35.040288,"דפנה, נווה חורש, חכמי ישראל, דימונה, נפת באר שבע, מחוז הדרום, 8604712, ישראל",20.0,45.8,56.4,דפנה,4,partial,קטלב,,mismatch,,,n/a,דפנה,44,partial,osm_rev_at_govmap_mismatch
001027-073567-00251-X,דימונה,דפנה,18,,,exact,31.079541,35.040609,OK,31.079656,35.040582,"Dafna St 18, Dimona, Israel",OK,31.079667,35.040288,"דפנה, נווה חורש, חכמי ישראל, דימונה, נפת באר שבע, מחוז הדרום, 8604712, ישראל",13.0,33.7,28.1,דפנה,41,partial,דפנה,,partial,,,n/a,דפנה,44,partial,
001027-073567-00252-X,דימונה,האורן,15,,,exact,31.065989,35.029202,OK,31.066004,35.029147,"HaOren St 15, Dimona, Israel",OK,31.066104,35.029244,"האורן, שבעת המינים, נווה גן, דימונה, נפת באר שבע, מחוז הדרום, 8604712, ישראל",5.5,13.4,14.5,האורן,15,match,האורן,,partial,,,n/a,האורן,13,partial,
001027-073567-00253-X,דימונה,האורן,6,,,exact,31.066111,35.029941,OK,31.066071,35.029939,"HaOren St 6, Dimona, Israel",OK,31.066104,35.029244,"האורן, שבעת המינים, נווה גן, דימונה, נפת באר שבע, מחוז הדרום, 8604712, ישראל",4.4,66.5,66.4,האורן,216,partial,האורן,,partial,,,n/a,האורן,13,partial,
001027-073567-00254-X,דימונה,האורן,7,,,exact,31.065820,35.029765,OK,31.065849,35.029723,"HaOren St 7, Dimona, Israel",OK,31.066104,35.029244,"האורן, שבעת המינים, נווה גן, דימונה, נפת באר שבע, מחוז הדרום, 8604712, ישראל",5.2,58.9,53.7,האורן,7,match,האורן,,partial,,,n/a,האורן,13,partial,
001027-073567-00255-X,דימונה,האיריס,2,,,exact,31.063012,35.031531,OK,31.062975,35.031310,"Iris St 2, Dimona, Israel",ZERO_RESULTS,,,,21.5,,,שדרות הנשיא,12,mismatch,שדרות אריאל שרון,,mismatch,,,n/a,,,n/a,osm_fwd_ZERO_RESULTS;google_rev_at_govmap_mismatch;osm_rev_at_govmap_mismatch
001027-073567-00256-X,דימונה,האיריס,6,,,exact,31.063027,35.032352,OK,31.062902,35.032120,"Iris St 6, Dimona, Israel",ZERO_RESULTS,,,,26.1,,,שדרות הנשיא,14,mismatch,נרקיס,,mismatch,,,n/a,,,n/a,osm_fwd_ZERO_RESULTS;google_rev_at_govmap_mismatch;osm_rev_at_govmap_mismatch
001027-073567-00257-X,דימונה,האיריס,4,,,exact,31.063018,35.031754,OK,31.062930,35.031703,"Iris St 4, Dimona, Israel",ZERO_RESULTS,,,,11.0,,,איריס,13,mismatch,נרקיס,,mismatch,,,n/a,,,n/a,osm_fwd_ZERO_RESULTS;google_rev_at_govmap_mismatch;osm_rev_at_govmap_mismatch
001027-073567-00258-X,דימונה,האלון,6,,,exact,31.066480,35.031452,OK,31.066556,35.030980,"HaAlon St 6, Dimona, Israel",OK,31.066587,35.031228,"האלון, שבעת המינים, נווה גן, דימונה, נפת באר שבע, מחוז הדרום, 8604712, ישראל",45.9,24.5,23.9,שדרות הנשיא,104,mismatch,האלון,,partial,,,n/a,האלון,56,partial,google_rev_at_govmap_mismatch
001027-073567-00259-X,דימונה,האלון,16,,,exact,31.067005,35.031460,OK,31.066867,35.030809,"HaAlon St 16, Dimona, Israel",OK,31.066587,35.031228,"האלון, שבעת המינים, נווה גן, דימונה, נפת באר שבע, מחוז הדרום, 8604712, ישראל",64.0,51.4,50.7,שדרות הנשיא,198,mismatch,האלון,,partial,,,n/a,האלון,56,partial,google_rev_at_govmap_mismatch
001027-073567-00260-X,דימונה,האלון,24,,,exact,31.066943,35.030678,OK,31.066885,35.030596,"HaAlon St 24, Dimona, Israel",OK,31.066587,35.031228,"האלון, שבעת המינים, נווה גן, דימונה, נפת באר שבע, מחוז הדרום, 8604712, ישראל",10.1,65.7,68.8,שדרות הרצל,199,mismatch,האלון,,partial,,,n/a,האלון,56,partial,google_rev_at_govmap_mismatch
001027-073567-00261-X,דימונה,האלון,2,,,exact,31.066208,35.031417,OK,31.066143,35.030968,"HaAlon St 2, Dimona, Israel",OK,31.066587,35.031228,"האלון, שבעת המינים, נווה גן, דימונה, נפת באר שבע, מחוז הדרום, 8604712, ישראל",43.5,45.7,55.1,שדרות הרצל,106,mismatch,האלון,,partial,,,n/a,האלון,56,partial,google_rev_at_govmap_mismatch
001027-073567-00262-X,דימונה,האלון,18,,,street,31.062559,35.026641,OK,31.066872,35.030756,"HaAlon St 18, Dimona, Israel",OK,31.066587,35.031228,"האלון, שבעת המינים, נווה גן, דימונה, נפת באר שבע, מחוז הדרום, 8604712, ישראל",618.8,625.4,55.1,הנרי מלכה,24,mismatch,הנרי מלכה,,mismatch,,,n/a,האלון,56,partial,google_rev_at_govmap_mismatch;osm_rev_at_govmap_mismatch
001027-073567-00263-X,דימונה,האשל,2,,,exact,31.066563,35.030547,OK,31.066469,35.030442,"HaEshel St 2, Dimona, Israel",OK,31.066610,35.029793,"האשל, שבעת המינים, נווה גן, דימונה, נפת באר שבע, מחוז הדרום, 8604712, ישראל",14.5,72.2,63.9,האשל,6,partial,ההדס,,mismatch,,,n/a,האשל,206,partial,osm_rev_at_govmap_mismatch
001027-073567-00264-X,דימונה,האשל,9,,,exact,31.066443,35.029818,OK,31.066471,35.029767,"HaEshel St 9, Dimona, Israel",OK,31.066610,35.029793,"האשל, שבעת המינים, נווה גן, דימונה, נפת באר שבע, מחוז הדרום, 8604712, ישראל",5.8,18.6,15.6,האורן,212,mismatch,האשל,,partial,,,n/a,האשל,206,partial,google_rev_at_govmap_mismatch
001027-073567-00265-X,דימונה,האשל,12,,,exact,31.062208,35.027543,OK,31.066687,35.030067,"HaEshel St 12, Dimona, Israel",OK,31.066610,35.029793,"האשל, שבעת המינים, נווה גן, דימונה, נפת באר שבע, מחוז הדרום, 8604712, ישראל",551.9,533.2,27.5,הנרי מלכה,4,mismatch,הנרי מלכה,,mismatch,,,n/a,האשל,206,partial,google_rev_at_govmap_mismatch;osm_rev_at_govmap_mismatch
001027-073567-00266-X,דימונה,האשלג,12,,,exact,31.062431,35.027471,OK,31.069419,35.033363,"Dimona, Israel",ZERO_RESULTS,,,,957.4,,,הנרי מלכה,6,mismatch,הנרי מלכה,,mismatch,,,n/a,,,n/a,osm_fwd_ZERO_RESULTS;google_rev_at_govmap_mismatch;osm_rev_at_govmap_mismatch
001027-073567-00267-X,דימונה,האשלג,4,,,exact,31.062668,35.027452,OK,31.069419,35.033363,"Dimona, Israel",ZERO_RESULTS,,,,937.4,,,הנרי מלכה,8,mismatch,הנרי מלכה,,mismatch,,,n/a,,,n/a,osm_fwd_ZERO_RESULTS;google_rev_at_govmap_mismatch;osm_rev_at_govmap_mismatch
001027-073567-00268-X,דימונה,האשלג,23,,,street,31.062559,35.026641,OK,31.831103,34.678144,"Ha-Ashlag St 23, Ashdod, Israel",ZERO_RESULTS,,,,91424.8,,,הנרי מלכה,24,mismatch,הנרי מלכה,,mismatch,,,n/a,,,n/a,osm_fwd_ZERO_RESULTS;google_rev_at_govmap_mismatch;osm_rev_at_govmap_mismatch
001027-073567-00269-X,דימונה,האשלג,27,,,street,31.062559,35.026641,OK,31.830921,34.679128,"Ha-Ashlag St 27, Ashdod, 7714002, Israel",ZERO_RESULTS,,,,91372.1,,,הנרי מלכה,24,mismatch,הנרי מלכה,,mismatch,,,n/a,,,n/a,osm_fwd_ZERO_RESULTS;google_rev_at_govmap_mismatch;osm_rev_at_govmap_mismatch
001027-073567-00270-X,דימונה,האשלג,8,,,exact,31.065374,35.029591,OK,31.069419,35.033363,"Dimona, Israel",ZERO_RESULTS,,,,575.2,,,ההדס,23,mismatch,,,mismatch,,,n/a,,,n/a,osm_fwd_ZERO_RESULTS;google_rev_at_govmap_mismatch;osm_rev_at_govmap_mismatch
001027-073567-00271-X,דימונה,האשלג,19,,,exact,31.065155,35.029105,OK,31.830744,34.677315,"Ha-Ashlag St 19, Ashdod, Israel",ZERO_RESULTS,,,,91233.7,,,רחבת האשלג,61,partial,,,mismatch,,,n/a,,,n/a,osm_fwd_ZERO_RESULTS;osm_rev_at_govmap_mismatch
001027-073567-00272-X,דימונה,האשלג,11,,,exact,31.064706,35.029562,OK,31.069419,35.033363,"Dimona, Israel",ZERO_RESULTS,,,,636.1,,,רחבת האשלג,63,partial,,,mismatch,,,n/a,,,n/a,osm_fwd_ZERO_RESULTS;osm_rev_at_govmap_mismatch
001027-073567-00273-X,דימונה,הגיא,14,,,exact,31.070769,35.040959,OK,31.070511,35.040996,"Hagai St 14, Dimona, Israel",OK,31.070600,35.040904,"הגיא, הגבעה, חכמי ישראל, דימונה, נפת באר שבע, מחוז הדרום, 8604712, ישראל",28.9,19.5,13.3,הגיא,105,partial,הגיא,,partial,,,n/a,הגיא,338,partial,
001027-073567-00274-X,דימונה,הגפן,5,,,exact,31.065204,35.028230,OK,31.065025,35.027189,"HaGefen St 5, Dimona, Israel",OK,31.064918,35.025862,"הגפן, שבעת המינים, נווה גן, דימונה, נפת באר שבע, מחוז הדרום, 8604712, ישראל",101.3,228.2,127.2,הגפן,3,partial,הגפן,,partial,,,n/a,הגפן,34,partial,
001027-073567-00275-X,דימונה,הגפן,3,,,exact,31.065205,35.028475,OK,31.065206,35.028412,"HaGefen St 3, Dimona, Israel",OK,31.064918,35.025862,"הגפן, שבעת המינים, נווה גן, דימונה, נפת באר שבע, מחוז הדרום, 8604712, ישראל",6.1,251.4,245.4,הגפן,3,match,הגפן,,partial,,,n/a,הגפן,34,partial,
001027-073567-00276-X,דימונה,הגפן,24,,,exact,31.065224,35.026588,OK,31.065184,35.026544,"HaGefen St 24, Dimona, Israel",OK,31.064918,35.025862,"הגפן, שבעת המינים, נווה גן, דימונה, נפת באר שבע, מחוז הדרום, 8604712, ישראל",6.1,77.1,71.4,הגפן,24,match,הגפן,,partial,,,n/a,הגפן,34,partial,
001027-073567-00277-X,דימונה,הגפן,28,,,exact,31.065172,35.026371,OK,31.065142,35.026276,"HaGefen St 28, Dimona, Israel",OK,31.064918,35.025862,"הגפן, שבעת המינים, נווה גן, דימונה, נפת באר שבע, מחוז הדרום, 8604712, ישראל",9.7,56.1,46.6,הגפן,26,partial,הגפן,,partial,,,n/a,הגפן,34,partial,
001027-073567-00278-X,דימונה,הגפן,43,,,exact,31.064462,35.024986,OK,31.064423,35.024954,"HaGefen St 43, Dimona, Israel",OK,31.064918,35.025862,"הגפן, שבעת המינים, נווה גן, דימונה, נפת באר שבע, מחוז הדרום, 8604712, ישראל",5.3,97.7,102.6,הגפן,43,match,,,mismatch,,,n/a,הגפן,34,partial,osm_rev_at_govmap_mismatch
001027-073567-00279-X,דימונה,הגפן,51,,,exact,31.064168,35.024367,OK,31.064128,35.024287,"HaGefen St 51, Dimona, Israel",OK,31.064918,35.025862,"הגפן, שבעת המינים, נווה גן, דימונה, נפת באר שבע, מחוז הדרום, 8604712, ישראל",8.8,165.2,174.0,הגפן,290,partial,הגפן,,partial,,,n/a,הגפן,34,partial,
001027-073567-00280-X,דימונה,הגפן,49,,,exact,31.064221,35.024533,OK,31.064197,35.024456,"HaGefen St 49, Dimona, Israel",OK,31.064918,35.025862,"הגפן, שבעת המינים, נווה גן, דימונה, נפת באר שבע, מחוז הדרום, 8604712, ישראל",7.8,148.6,156.2,הגפן,291,partial,הגפן,,partial,,,n/a,הגפן,34,partial,
001027-073567-00281-X,דימונה,הגפן,25,,,exact,31.064905,35.026427,OK,31.064852,35.026349,"HaGefen St 25, Dimona, Israel",OK,31.064918,35.025862,"הגפן, שבעת המינים, נווה גן, דימונה, נפת באר שבע, מחוז הדרום, 8604712, ישראל",9.5,54.0,47.0,הגפן,23,partial,הגפן,,partial,,,n/a,הגפן,34,partial,
001027-073567-00282-X,דימונה,הגפן,45,,,exact,31.064388,35.024826,OK,31.064386,35.024898,"HaGefen St 45, Dimona, Israel",OK,31.064918,35.025862,"הגפן, שבעת המינים, נווה גן, דימונה, נפת באר שבע, מחוז הדרום, 8604712, ישראל",6.8,115.0,109.4,הגפן,45,match,הגפן,,partial,,,n/a,הגפן,34,partial,
001027-073567-00283-X,דימונה,הגפן,31,,,exact,31.064793,35.025963,OK,31.064793,35.025953,"HaGefen St 31, Dimona, Israel",OK,31.064918,35.025862,"הגפן, שבעת המינים, נווה גן, דימונה, נפת באר שבע, מחוז הדרום, 8604712, ישראל",0.9,16.9,16.4,הגפן,31,match,הגפן,,partial,,,n/a,הגפן,34,partial,
001027-073567-00284-X,דימונה,הגפן,15,,,exact,31.065048,35.027217,OK,31.065009,35.027167,"HaGefen St 15, Dimona, Israel",OK,31.064918,35.025862,"הגפן, שבעת המינים, נווה גן, דימונה, נפת באר שבע, מחוז הדרום, 8604712, ישראל",6.4,130.1,124.9,הגפן,5,partial,הגפן,,partial,,,n/a,הגפן,34,partial,
001027-073567-00285-X,דימונה,הגפן,33,,,exact,31.064659,35.025936,OK,31.064741,35.025785,"HaGefen St 33, Dimona, Israel",OK,31.064918,35.025862,"הגפן, שבעת המינים, נווה גן, דימונה, נפת באר שבע, מחוז הדרום, 8604712, ישראל",17.0,29.6,21.0,הגפן,31,partial,הגפן,,partial,,,n/a,הגפן,34,partial,
001027-073567-00286-X,דימונה,הגפן,35,,,exact,31.064716,35.025638,OK,31.064679,35.025622,"HaGefen St 35, Dimona, Israel",OK,31.064918,35.025862,"הגפן, שבעת המינים, נווה גן, דימונה, נפת באר שבע, מחוז הדרום, 8604712, ישראל",4.3,31.0,35.1,הגפן,35,match,הגפן,,partial,,,n/a,הגפן,34,partial,
001027-073567-00287-X,דימונה,הגפן,21,,,exact,31.065008,35.026924,OK,31.064954,35.026728,"HaGefen St 21, Dimona, Israel",OK,31.064918,35.025862,"הגפן, שבעת המינים, נווה גן, דימונה, נפת באר שבע, מחוז הדרום, 8604712, ישראל",19.7,101.9,82.8,הגפן,19,partial,הגפן,,partial,,,n/a,הגפן,34,partial,
001027-073567-00288-X,דימונה,הדרור,13,,,exact,31.073262,35.037583,OK,31.073197,35.037500,"Mish'ol HaDror 13, Dimona, Israel",OK,31.072505,35.037603,"הדרור, שכונה לדוגמא, נווה גן, דימונה, נפת באר שבע, מחוז הדרום, 8604712, ישראל",10.7,83.9,77.3,משעול הדרור,11,partial,הדרור,,partial,,,n/a,משעול היונה,17,mismatch,google_rev_at_osm_mismatch
001027-073567-00289-X,דימונה,הדרור,14,,,exact,31.073295,35.037507,OK,31.073333,35.037399,"Mish'ol HaDror 14, Dimona, Israel",OK,31.072505,35.037603,"הדרור, שכונה לדוגמא, נווה גן, דימונה, נפת באר שבע, מחוז הדרום, 8604712, ישראל",11.1,88.1,93.8,משעול הדרור,146,partial,הדרור,,partial,,,n/a,משעול היונה,17,mismatch,google_rev_at_osm_mismatch
001027-073567-00290-X,דימונה,הדרור,1,,,exact,31.073478,35.038079,OK,31.073468,35.038034,"Mish'ol HaDror 1, Dimona, Israel",OK,31.072505,35.037603,"הדרור, שכונה לדוגמא, נווה גן, דימונה, נפת באר שבע, מחוז הדרום, 8604712, ישראל",4.5,117.1,114.4,משעול הדרור,1,partial,השלווה,,mismatch,,,n/a,משעול היונה,17,mismatch,osm_rev_at_govmap_mismatch;google_rev_at_osm_mismatch
001027-073567-00291-X,דימונה,ההגנה,2,,,exact,31.073259,35.030033,OK,31.073169,35.030295,"Ha-Hagana St 2, Dimona, Israel",OK,31.073224,35.030778,"ההגנה, הנצחון, נווה גן, דימונה, נפת באר שבע, מחוז הדרום, 8604712, ישראל",26.9,71.2,46.5,רחבת ההגנה,6,partial,ההגנה,,partial,,,n/a,רחבת ההגנה,775,partial,
001027-073567-00292-X,דימונה,ההגנה,8,,,exact,31.073211,35.029738,OK,31.073166,35.030198,"Ha-Hagana St 8, Dimona, Israel",OK,31.073224,35.030778,"ההגנה, הנצחון, נווה גן, דימונה, נפת באר שבע, מחוז הדרום, 8604712, ישראל",44.2,99.3,55.8,רחבת ההגנה,9,partial,"הפלמ""ח",,mismatch,,,n/a,רחבת ההגנה,775,partial,osm_rev_at_govmap_mismatch
001027-073567-00293-X,דימונה,ההגנה,28,,,exact,31.073602,35.030015,OK,31.073104,35.029395,"Ha-Hagana St 28, Dimona, Israel",OK,31.073224,35.030778,"ההגנה, הנצחון, נווה גן, דימונה, נפת באר שבע, מחוז הדרום, 8604712, ישראל",81.0,84.0,132.7,רחבת ההגנה,9,partial,ההגנה,,partial,,,n/a,רחבת ההגנה,775,partial,
001027-073567-00294-X,דימונה,ההדס,19,,,exact,31.065198,35.029929,OK,31.065772,35.031462,"HaHadas St 19, Dimona, Israel",OK,31.065160,35.030080,"ההדס, שבעת המינים, נווה גן, דימונה, נפת באר שבע, מחוז הדרום, 8604712, ישראל",159.6,15.0,148.3,ההדס,21,partial,ההדס,,partial,,,n/a,ההדס,21,partial,
001027-073567-00295-X,דימונה,ההדס,23,,,exact,31.065379,35.030076,OK,31.065374,35.029919,"HaHadas St 23, Dimona, Israel",OK,31.065160,35.030080,"ההדס, שבעת המינים, נווה גן, דימונה, נפת באר שבע, מחוז הדרום, 8604712, ישראל",15.0,24.2,28.2,ההדס,23,match,ההדס,,partial,,,n/a,ההדס,21,partial,
001027-073567-00296-X,דימונה,ההדס,11,,,exact,31.064557,35.029804,OK,31.064547,35.029807,"HaHadas St 11, Dimona, Israel",OK,31.065160,35.030080,"ההדס, שבעת המינים, נווה גן, דימונה, נפת באר שבע, מחוז הדרום, 8604712, ישראל",1.1,71.9,72.8,ההדס,11,match,,,mismatch,,,n/a,ההדס,21,partial,osm_rev_at_govmap_mismatch
001027-073567-00297-X,דימונה,הזית,261,,,none,,,OK,31.062027,35.026183,"HaZayit St 261, Dimona, 86000, Israel",OK,31.062819,35.025553,"הזית, שבעת המינים, נווה גן, דימונה, נפת באר שבע, מחוז הדרום, 8604712, ישראל",,,106.5,,,n/a,,,n/a,הזית,,partial,הזית,13,partial,govmap_missing
001027-073567-00298-X,דימונה,הזית,123,,,none,,,OK,31.061926,35.025592,"HaZayit St 123, Dimona, Israel",OK,31.062819,35.025553,"הזית, שבעת המינים, נווה גן, דימונה, נפת באר שבע, מחוז הדרום, 8604712, ישראל",,,99.1,,,n/a,,,n/a,הזית,,partial,הזית,13,partial,govmap_missing
001027-073567-00299-X,דימונה,הזית,33,,,street,31.063849,35.024965,OK,31.064048,35.024933,"HaZayit St 33, Dimona, Israel",OK,31.062819,35.025553,"הזית, שבעת המינים, נווה גן, דימונה, נפת באר שבע, מחוז הדרום, 8604712, ישראל",22.2,127.3,148.5,הזית,29,partial,הזית,,partial,,,n/a,הזית,13,partial,
001027-073567-00300-X,דימונה,הזמיר,135,,,exact,31.074208,35.037384,OK,31.074242,35.037365,"Mish'ol HaZamir 135, Dimona, Israel",OK,31.074172,35.038394,"השלווה/משעול הזמיר, השלווה, הגבעה, נווה גן, דימונה, נפת באר שבע, מחוז הדרום, 8604712, ישראל",4.2,96.5,98.5,משעול הזמיר,135,partial,הציפורים,,mismatch,,,n/a,,,mismatch,osm_rev_at_govmap_mismatch;google_rev_at_osm_mismatch
001027-073567-00301-X,דימונה,הזמיר,13,,,exact,31.074180,35.037473,OK,31.074276,35.037877,"Mish'ol HaZamir 13, Dimona, Israel",ZERO_RESULTS,,,,40.0,,,משעול הזמיר,135,partial,השלווה,,mismatch,,,n/a,,,n/a,osm_fwd_ZERO_RESULTS;osm_rev_at_govmap_mismatch
001027-073567-00302-X,דימונה,הזמיר,7,,,exact,31.074364,35.037905,OK,31.074378,35.038094,"Mish'ol HaZamir 7, Dimona, Israel",ZERO_RESULTS,,,,18.1,,,השלווה,142,mismatch,השלווה,,mismatch,,,n/a,,,n/a,osm_fwd_ZERO_RESULTS;google_rev_at_govmap_mismatch;osm_rev_at_govmap_mismatch
001027-073567-00303-X,דימונה,הזמיר,5,,,exact,31.074439,35.037987,OK,31.074577,35.038170,"Mish'ol HaZamir 5, Dimona, Israel",ZERO_RESULTS,,,,23.2,,,משעול הזמיר,142,partial,מרחבים,,mismatch,,,n/a,,,n/a,osm_fwd_ZERO_RESULTS;osm_rev_at_govmap_mismatch
001027-073567-00304-X,דימונה,הזמיר,23,,,exact,31.073932,35.037155,OK,31.074129,35.037281,"Mish'ol HaZamir 23, Dimona, Israel",ZERO_RESULTS,,,,25.0,,,דרך השלום,138,mismatch,דוכיפת,,mismatch,,,n/a,,,n/a,osm_fwd_ZERO_RESULTS;google_rev_at_govmap_mismatch;osm_rev_at_govmap_mismatch
001027-082334-00237-X,דימונה,החשמונאים,237,,8604150,exact,31.066081,35.037999,OK,31.066077,35.037745,"Hashmona'im St 237, Dimona, Israel",OK,31.066542,35.038251,"החשמונאים, גיורא יוספטל, נווה גן, דימונה, נפת באר שבע, מחוז הדרום, 8604712, ישראל",24.3,56.5,70.7,מכבים,237,mismatch,החשמונאים,,partial,,,n/a,שדרות הרצל,235,mismatch,google_rev_at_govmap_mismatch;google_rev_at_osm_mismatch
001027-082334-00237-א,דימונה,החשמונאים,237,א,8604151,exact,31.066081,35.037999,OK,31.066077,35.037745,"Hashmona'im St 237, Dimona, Israel",OK,31.066542,35.038251,"החשמונאים, גיורא יוספטל, נווה גן, דימונה, נפת באר שבע, מחוז הדרום, 8604712, ישראל",24.3,56.5,70.7,מכבים,237,mismatch,החשמונאים,,partial,,,n/a,שדרות הרצל,235,mismatch,google_rev_at_govmap_mismatch;google_rev_at_osm_mismatch
001027-082334-00237-ב,דימונה,החשמונאים,237,ב,8604152,exact,31.066081,35.037999,OK,31.066077,35.037745,"Hashmona'im St 237, Dimona, Israel",OK,31.066542,35.038251,"החשמונאים, גיורא יוספטל, נווה גן, דימונה, נפת באר שבע, מחוז הדרום, 8604712, ישראל",24.3,56.5,70.7,מכבים,237,mismatch,החשמונאים,,partial,,,n/a,שדרות הרצל,235,mismatch,google_rev_at_govmap_mismatch;google_rev_at_osm_mismatch
001027-082334-00237-ג,דימונה,החשמונאים,237,ג,8604153,exact,31.066081,35.037999,OK,31.066077,35.037745,"Hashmona'im St 237, Dimona, Israel",OK,31.066542,35.038251,"החשמונאים, גיורא יוספטל, נווה גן, דימונה, נפת באר שבע, מחוז הדרום, 8604712, ישראל",24.3,56.5,70.7,מכבים,237,mismatch,החשמונאים,,partial,,,n/a,שדרות הרצל,235,mismatch,google_rev_at_govmap_mismatch;google_rev_at_osm_mismatch
001027-073567-00306-X,דימונה,החשמונאים,6,,,exact,31.066308,35.038033,OK,31.066554,35.038202,"Hashmona'im St 6, Dimona, Israel",OK,31.066542,35.038251,"החשמונאים, גיורא יוספטל, נווה גן, דימונה, נפת באר שבע, מחוז הדרום, 8604712, ישראל",31.7,33.3,4.9,חשמונאים,236,mismatch,החשמונאים,,partial,,,n/a,שדרות הרצל,235,mismatch,google_rev_at_govmap_mismatch;google_rev_at_osm_mismatch
001027-082334-00236-X,דימונה,החשמונאים,236,,8604145,exact,31.066312,35.038010,OK,31.066360,35.038077,"Hashmona'im St 236, Dimona, Israel",OK,31.066542,35.038251,"החשמונאים, גיורא יוספטל, נווה גן, דימונה, נפת באר שבע, מחוז הדרום, 8604712, ישראל",8.3,34.4,26.2,חשמונאים,236,mismatch,החשמונאים,,partial,,,n/a,שדרות הרצל,235,mismatch,google_rev_at_govmap_mismatch;google_rev_at_osm_mismatch
001027-082334-00236-א,דימונה,החשמונאים,236,א,8604146,exact,31.066312,35.038010,OK,31.066360,35.038077,"Hashmona'im St 236, Dimona, Israel",OK,31.066542,35.038251,"החשמונאים, גיורא יוספטל, נווה גן, דימונה, נפת באר שבע, מחוז הדרום, 8604712, ישראל",8.3,34.4,26.2,חשמונאים,236,mismatch,החשמונאים,,partial,,,n/a,שדרות הרצל,235,mismatch,google_rev_at_govmap_mismatch;google_rev_at_osm_mismatch
001027-082334-00236-ב,דימונה,החשמונאים,236,ב,8604147,exact,31.066312,35.038010,OK,31.066360,35.038077,"Hashmona'im St 236, Dimona, Israel",OK,31.066542,35.038251,"החשמונאים, גיורא יוספטל, נווה גן, דימונה, נפת באר שבע, מחוז הדרום, 8604712, ישראל",8.3,34.4,26.2,חשמונאים,236,mismatch,החשמונאים,,partial,,,n/a,שדרות הרצל,235,mismatch,google_rev_at_govmap_mismatch;google_rev_at_osm_mismatch
001027-082334-00236-ג,דימונה,החשמונאים,236,ג,8604148,exact,31.066312,35.038010,OK,31.066360,35.038077,"Hashmona'im St 236, Dimona, Israel",OK,31.066542,35.038251,"החשמונאים, גיורא יוספטל, נווה גן, דימונה, נפת באר שבע, מחוז הדרום, 8604712, ישראל",8.3,34.4,26.2,חשמונאים,236,mismatch,החשמונאים,,partial,,,n/a,שדרות הרצל,235,mismatch,google_rev_at_govmap_mismatch;google_rev_at_osm_mismatch
001027-082334-00236-ד,דימונה,החשמונאים,236,ד,8604149,exact,31.066312,35.038010,OK,31.066360,35.038077,"Hashmona'im St 236, Dimona, Israel",OK,31.066542,35.038251,"החשמונאים, גיורא יוספטל, נווה גן, דימונה, נפת באר שבע, מחוז הדרום, 8604712, ישראל",8.3,34.4,26.2,חשמונאים,236,mismatch,החשמונאים,,partial,,,n/a,שדרות הרצל,235,mismatch,google_rev_at_govmap_mismatch;google_rev_at_osm_mismatch
001027-073567-00308-X,דימונה,החשמונאים,2,,,exact,31.066723,35.037979,OK,31.066823,35.038212,"Hashmona'im St 2, Dimona, Israel",OK,31.066542,35.038251,"החשמונאים, גיורא יוספטל, נווה גן, דימונה, נפת באר שבע, מחוז הדרום, 8604712, ישראל",24.8,32.8,31.3,שדרות הרצל,235,mismatch,שדרות הרצל,,mismatch,,,n/a,שדרות הרצל,235,mismatch,google_rev_at_govmap_mismatch;osm_rev_at_govmap_mismatch;google_rev_at_osm_mismatch
001027-073567-00309-X,דימונה,החשמונאים,258,,,exact,31.065911,35.038238,OK,31.065893,35.038102,"Hashmona'im St 258, Dimona, Israel",OK,31.066542,35.038251,"החשמונאים, גיורא יוספטל, נווה גן, דימונה, נפת באר שבע, מחוז הדרום, 8604712, ישראל",13.2,70.0,73.4,מתתיהו הכהן,258,mismatch,,,mismatch,,,n/a,שדרות הרצל,235,mismatch,google_rev_at_govmap_mismatch;osm_rev_at_govmap_mismatch;google_rev_at_osm_mismatch
001027-082334-00235-X,דימונה,החשמונאים,235,,8604140,exact,31.066556,35.038001,OK,31.066553,35.037737,"Hashmona'im St 235, Dimona, Israel",OK,31.066542,35.038251,"החשמונאים, גיורא יוספטל, נווה גן, דימונה, נפת באר שבע, מחוז הדרום, 8604712, ישראל",25.2,23.9,49.1,שדרות הרצל,235,mismatch,החשמונאים,,partial,,,n/a,שדרות הרצל,235,mismatch,google_rev_at_govmap_mismatch;google_rev_at_osm_mismatch
001027-082334-00235-ג,דימונה,החשמונאים,235,ג,8604143,exact,31.066556,35.038001,OK,31.066553,35.037737,"Hashmona'im St 235, Dimona, Israel",OK,31.066542,35.038251,"החשמונאים, גיורא יוספטל, נווה גן, דימונה, נפת באר שבע, מחוז הדרום, 8604712, ישראל",25.2,23.9,49.1,שדרות הרצל,235,mismatch,החשמונאים,,partial,,,n/a,שדרות הרצל,235,mismatch,google_rev_at_govmap_mismatch;google_rev_at_osm_mismatch
001027-082334-00235-ד,דימונה,החשמונאים,235,ד,8604144,exact,31.066556,35.038001,OK,31.066553,35.037737,"Hashmona'im St 235, Dimona, Israel",OK,31.066542,35.038251,"החשמונאים, גיורא יוספטל, נווה גן, דימונה, נפת באר שבע, מחוז הדרום, 8604712, ישראל",25.2,23.9,49.1,שדרות הרצל,235,mismatch,החשמונאים,,partial,,,n/a,שדרות הרצל,235,mismatch,google_rev_at_govmap_mismatch;google_rev_at_osm_mismatch
001027-073567-00311-X,דימונה,היונה,156,,,exact,31.072403,35.038104,OK,31.072361,35.038094,"Mish'ol HaYona 156, Dimona, Israel",ZERO_RESULTS,,,,4.8,,,השלווה,156,mismatch,השלווה,,mismatch,,,n/a,,,n/a,osm_fwd_ZERO_RESULTS;google_rev_at_govmap_mismatch;osm_rev_at_govmap_mismatch
001027-073567-00312-X,דימונה,היונה,3,,,exact,31.073053,35.038233,OK,31.073009,35.038076,"Mish'ol HaYona 3, Dimona, Israel",ZERO_RESULTS,,,,15.8,,,משעול היונה,5,partial,השלווה,,mismatch,,,n/a,,,n/a,osm_fwd_ZERO_RESULTS;osm_rev_at_govmap_mismatch
001027-073567-00313-X,דימונה,היונה,8,,,exact,31.073172,35.038106,OK,31.073141,35.037904,"Mish'ol HaYona 8, Dimona, Israel",ZERO_RESULTS,,,,19.6,,,השלווה,151,mismatch,השלווה,,mismatch,,,n/a,,,n/a,osm_fwd_ZERO_RESULTS;google_rev_at_govmap_mismatch;osm_rev_at_govmap_mismatch
001027-073567-00314-X,דימונה,היונה,59,,,exact,31.072295,35.037910,OK,31.072898,35.038083,"Mish'ol HaYona 59, Dimona, Israel",ZERO_RESULTS,,,,68.9,,,משעול היונה,156,partial,המעפיל,,mismatch,,,n/a,,,n/a,osm_fwd_ZERO_RESULTS;osm_rev_at_govmap_mismatch
001027-073567-00315-X,דימונה,היונה,16,,,exact,31.072989,35.037582,OK,31.072970,35.037558,"Mish'ol HaYona 16, Dimona, Israel",ZERO_RESULTS,,,,3.1,,,משעול היונה,16,partial,הדרור,,mismatch,,,n/a,,,n/a,osm_fwd_ZERO_RESULTS;osm_rev_at_govmap_mismatch
001027-073567-00316-X,דימונה,היורה,38,,,exact,31.060526,35.033201,OK,31.060572,35.033139,"Ha-Yore St 38, Dimona, Israel",OK,31.059906,35.032817,"היורה, ערבה, נווה גן, דימונה, נפת באר שבע, מחוז הדרום, 8604712, ישראל",7.8,78.0,80.0,בבא סאלי,167,mismatch,היורה,,partial,,,n/a,היורה,13,partial,google_rev_at_govmap_mismatch
001027-073567-00317-X,דימונה,היורה,17,,,exact,31.060062,35.033095,OK,31.060095,35.033044,"Ha-Yore St 17, Dimona, Israel",OK,31.059906,35.032817,"היורה, ערבה, נווה גן, דימונה, נפת באר שבע, מחוז הדרום, 8604712, ישראל",6.1,31.7,30.2,בבא סאלי,173,mismatch,היורה,,partial,,,n/a,היורה,13,partial,google_rev_at_govmap_mismatch
001027-073567-00318-X,דימונה,הכלנית,36,,,exact,31.061873,35.032262,OK,31.061875,35.032183,"Kalanit St 36, Dimona, Israel",ZERO_RESULTS,,,,7.5,,,כלנית,38,mismatch,כלנית,25,mismatch,,,n/a,,,n/a,osm_fwd_ZERO_RESULTS;google_rev_at_govmap_mismatch;osm_rev_at_govmap_mismatch
001027-073567-00319-X,דימונה,הכלנית,23,,,exact,31.062196,35.032213,OK,31.062288,35.032147,"Kalanit St 23, Dimona, Israel",ZERO_RESULTS,,,,12.0,,,נרקיס,27,mismatch,כלנית,25,mismatch,,,n/a,,,n/a,osm_fwd_ZERO_RESULTS;google_rev_at_govmap_mismatch;osm_rev_at_govmap_mismatch
001027-073567-00320-X,דימונה,הכלנית,14,,,exact,31.061877,35.030348,OK,31.062136,35.030763,"Kalanit St 14, Dimona, Israel",ZERO_RESULTS,,,,48.9,,,שדרות הנשיא,21,mismatch,כלנית,,mismatch,,,n/a,,,n/a,osm_fwd_ZERO_RESULTS;google_rev_at_govmap_mismatch;osm_rev_at_govmap_mismatch
001027-073567-00321-X,דימונה,הכלנית,38,,,exact,31.061912,35.032344,OK,31.061866,35.032295,"Kalanit St 38, Dimona, Israel",ZERO_RESULTS,,,,6.9,,,כלנית,38,mismatch,כלנית,25,mismatch,,,n/a,,,n/a,osm_fwd_ZERO_RESULTS;google_rev_at_govmap_mismatch;osm_rev_at_govmap_mismatch
001027-073567-00322-X,דימונה,הכלנית,11,,,exact,31.062136,35.031481,OK,31.062179,35.031421,"Kalanit St 11, Dimona, Israel",ZERO_RESULTS,,,,7.5,,,כלנית,11,mismatch,כלנית,25,mismatch,,,n/a,,,n/a,osm_fwd_ZERO_RESULTS;google_rev_at_govmap_mismatch;osm_rev_at_govmap_mismatch
001027-073567-00323-X,דימונה,הכלנית,42,,,exact,31.061914,35.032621,OK,31.061874,35.032544,"Kalanit St 42, Dimona, Israel",ZERO_RESULTS,,,,8.6,,,כלנית,42,mismatch,כלנית,25,mismatch,,,n/a,,,n/a,osm_fwd_ZERO_RESULTS;google_rev_at_govmap_mismatch;osm_rev_at_govmap_mismatch
001027-073567-00324-X,דימונה,הכלנית,27,,,exact,31.062233,35.032477,OK,31.062280,35.032408,"Kalanit St 27, Dimona, Israel",ZERO_RESULTS,,,,8.3,,,נרקיס,28,mismatch,כלנית,25,mismatch,,,n/a,,,n/a,osm_fwd_ZERO_RESULTS;google_rev_at_govmap_mismatch;osm_rev_at_govmap_mismatch
001027-073567-00325-X,דימונה,הכלנית,19,,,exact,31.062184,35.031963,OK,31.062182,35.031909,"Kalanit St 19, Dimona, Israel",ZERO_RESULTS,,,,5.1,,,כלנית,19,mismatch,כלנית,25,mismatch,,,n/a,,,n/a,osm_fwd_ZERO_RESULTS;google_rev_at_govmap_mismatch;osm_rev_at_govmap_mismatch
001027-073567-00326-X,דימונה,הכלנית,22,,,exact,31.061833,35.030952,OK,31.061509,35.032105,"Kalanit St 22, Dimona, Israel",ZERO_RESULTS,,,,115.7,,,כלנית,24,mismatch,כלנית,,mismatch,,,n/a,,,n/a,osm_fwd_ZERO_RESULTS;google_rev_at_govmap_mismatch;osm_rev_at_govmap_mismatch
001027-073567-00327-X,דימונה,הכלנית,25,,,exact,31.062198,35.032334,OK,31.062282,35.032276,"Kalanit St 25, Dimona, Israel",ZERO_RESULTS,,,,10.9,,,כלנית,25,mismatch,כלנית,25,mismatch,,,n/a,,,n/a,osm_fwd_ZERO_RESULTS;google_rev_at_govmap_mismatch;osm_rev_at_govmap_mismatch
001027-073567-00328-X,דימונה,"הלח""י",2,,,exact,31.072155,35.031039,OK,31.069419,35.033363,"Dimona, Israel",OK,31.072316,35.030891,"רחבת הלח""י, הנצחון, נווה גן, דימונה, נפת באר שבע, מחוז הדרום, 8604712, ישראל",375.8,22.8,398.6,רחבת ההגנה,1012,mismatch,"רחבת הלח""י",,partial,,,n/a,"רחבת הלח""י",1034,partial,google_rev_at_govmap_mismatch
001027-073567-00329-X,דימונה,"הלח""י",1,,,exact,31.072202,35.030818,OK,31.069419,35.033363,"Dimona, Israel",OK,31.072316,35.030891,"רחבת הלח""י, הנצחון, נווה גן, דימונה, נפת באר שבע, מחוז הדרום, 8604712, ישראל",392.7,14.5,398.6,רחבת ההגנה,1012,mismatch,"רחבת הלח""י",,partial,,,n/a,"רחבת הלח""י",1034,partial,google_rev_at_govmap_mismatch
001027-081924-00247-X,דימונה,המכבים,247,,8604124,exact,31.066039,35.036900,OK,31.065850,35.036914,"Maccabim St 247, Dimona, Israel",OK,31.066241,35.037137,"המכבים, גיורא יוספטל, נווה גן, דימונה, נפת באר שבע, מחוז הדרום, 8604712, ישראל",21.0,31.8,48.3,מכבים,247,mismatch,עזרא ונחמיה,,mismatch,,,n/a,מכבים,248,mismatch,google_rev_at_govmap_mismatch;osm_rev_at_govmap_mismatch;google_rev_at_osm_mismatch
001027-081924-00247-א,דימונה,המכבים,247,א,8604125,exact,31.066039,35.036900,OK,31.065850,35.036914,"Maccabim St 247, Dimona, Israel",OK,31.066241,35.037137,"המכבים, גיורא יוספטל, נווה גן, דימונה, נפת באר שבע, מחוז הדרום, 8604712, ישראל",21.0,31.8,48.3,מכבים,247,mismatch,עזרא ונחמיה,,mismatch,,,n/a,מכבים,248,mismatch,google_rev_at_govmap_mismatch;osm_rev_at_govmap_mismatch;google_rev_at_osm_mismatch
001027-081924-00247-ב,דימונה,המכבים,247,ב,8604126,exact,31.066039,35.036900,OK,31.065850,35.036914,"Maccabim St 247, Dimona, Israel",OK,31.066241,35.037137,"המכבים, גיורא יוספטל, נווה גן, דימונה, נפת באר שבע, מחוז הדרום, 8604712, ישראל",21.0,31.8,48.3,מכבים,247,mismatch,עזרא ונחמיה,,mismatch,,,n/a,מכבים,248,mismatch,google_rev_at_govmap_mismatch;osm_rev_at_govmap_mismatch;google_rev_at_osm_mismatch
001027-081924-00247-ג,דימונה,המכבים,247,ג,8604127,exact,31.066039,35.036900,OK,31.065850,35.036914,"Maccabim St 247, Dimona, Israel",OK,31.066241,35.037137,"המכבים, גיורא יוספטל, נווה גן, דימונה, נפת באר שבע, מחוז הדרום, 8604712, ישראל",21.0,31.8,48.3,מכבים,247,mismatch,עזרא ונחמיה,,mismatch,,,n/a,מכבים,248,mismatch,google_rev_at_govmap_mismatch;osm_rev_at_govmap_mismatch;google_rev_at_osm_mismatch
001027-081924-00247-ד,דימונה,המכבים,247,ד,8604128,exact,31.066039,35.036900,OK,31.065850,35.036914,"Maccabim St 247, Dimona, Israel",OK,31.066241,35.037137,"המכבים, גיורא יוספטל, נווה גן, דימונה, נפת באר שבע, מחוז הדרום, 8604712, ישראל",21.0,31.8,48.3,מכבים,247,mismatch,עזרא ונחמיה,,mismatch,,,n/a,מכבים,248,mismatch,google_rev_at_govmap_mismatch;osm_rev_at_govmap_mismatch;google_rev_at_osm_mismatch
001027-081924-00247-ו,דימונה,המכבים,247,ו,8604130,exact,31.066039,35.036900,OK,31.065850,35.036914,"Maccabim St 247, Dimona, Israel",OK,31.066241,35.037137,"המכבים, גיורא יוספטל, נווה גן, דימונה, נפת באר שבע, מחוז הדרום, 8604712, ישראל",21.0,31.8,48.3,מכבים,247,mismatch,עזרא ונחמיה,,mismatch,,,n/a,מכבים,248,mismatch,google_rev_at_govmap_mismatch;osm_rev_at_govmap_mismatch;google_rev_at_osm_mismatch
001027-081924-00247-ז,דימונה,המכבים,247,ז,8604131,exact,31.066039,35.036900,OK,31.065850,35.036914,"Maccabim St 247, Dimona, Israel",OK,31.066241,35.037137,"המכבים, גיורא יוספטל, נווה גן, דימונה, נפת באר שבע, מחוז הדרום, 8604712, ישראל",21.0,31.8,48.3,מכבים,247,mismatch,עזרא ונחמיה,,mismatch,,,n/a,מכבים,248,mismatch,google_rev_at_govmap_mismatch;osm_rev_at_govmap_mismatch;google_rev_at_osm_mismatch
001027-081924-00248-X,דימונה,המכבים,248,,8604132,exact,31.065959,35.037271,OK,31.066204,35.037264,"Maccabim St 248, Dimona, Israel",OK,31.066241,35.037137,"המכבים, גיורא יוספטל, נווה גן, דימונה, נפת באר שבע, מחוז הדרום, 8604712, ישראל",27.2,33.8,12.8,מתתיהו הכהן,248,mismatch,עזרא ונחמיה,,mismatch,,,n/a,מכבים,248,mismatch,google_rev_at_govmap_mismatch;osm_rev_at_govmap_mismatch;google_rev_at_osm_mismatch
001027-081924-00248-א,דימונה,המכבים,248,א,8604133,exact,31.065959,35.037271,OK,31.066204,35.037264,"Maccabim St 248, Dimona, Israel",OK,31.066241,35.037137,"המכבים, גיורא יוספטל, נווה גן, דימונה, נפת באר שבע, מחוז הדרום, 8604712, ישראל",27.2,33.8,12.8,מתתיהו הכהן,248,mismatch,עזרא ונחמיה,,mismatch,,,n/a,מכבים,248,mismatch,google_rev_at_govmap_mismatch;osm_rev_at_govmap_mismatch;google_rev_at_osm_mismatch
001027-081924-00248-ב,דימונה,המכבים,248,ב,8604134,exact,31.065959,35.037271,OK,31.066204,35.037264,"Maccabim St 248, Dimona, Israel",OK,31.066241,35.037137,"המכבים, גיורא יוספטל, נווה גן, דימונה, נפת באר שבע, מחוז הדרום, 8604712, ישראל",27.2,33.8,12.8,מתתיהו הכהן,248,mismatch,עזרא ונחמיה,,mismatch,,,n/a,מכבים,248,mismatch,google_rev_at_govmap_mismatch;osm_rev_at_govmap_mismatch;google_rev_at_osm_mismatch
001027-081924-00248-ג,דימונה,המכבים,248,ג,8604135,exact,31.065959,35.037271,OK,31.066204,35.037264,"Maccabim St 248, Dimona, Israel",OK,31.066241,35.037137,"המכבים, גיורא יוספטל, נווה גן, דימונה, נפת באר שבע, מחוז הדרום, 8604712, ישראל",27.2,33.8,12.8,מתתיהו הכהן,248,mismatch,עזרא ונחמיה,,mismatch,,,n/a,מכבים,248,mismatch,google_rev_at_govmap_mismatch;osm_rev_at_govmap_mismatch;google_rev_at_osm_mismatch
001027-081924-00248-ד,דימונה,המכבים,248,ד,8604136,exact,31.065959,35.037271,OK,31.066204,35.037264,"Maccabim St 248, Dimona, Israel",OK,31.066241,35.037137,"המכבים, גיורא יוספטל, נווה גן, דימונה, נפת באר שבע, מחוז הדרום, 8604712, ישראל",27.2,33.8,12.8,מתתיהו הכהן,248,mismatch,עזרא ונחמיה,,mismatch,,,n/a,מכבים,248,mismatch,google_rev_at_govmap_mismatch;osm_rev_at_govmap_mismatch;google_rev_at_osm_mismatch
001027-081924-00248-ה,דימונה,המכבים,248,ה,8604137,exact,31.065959,35.037271,OK,31.066204,35.037264,"Maccabim St 248, Dimona, Israel",OK,31.066241,35.037137,"המכבים, גיורא יוספטל, נווה גן, דימונה, נפת באר שבע, מחוז הדרום, 8604712, ישראל",27.2,33.8,12.8,מתתיהו הכהן,248,mismatch,עזרא ונחמיה,,mismatch,,,n/a,מכבים,248,mismatch,google_rev_at_govmap_mismatch;osm_rev_at_govmap_mismatch;google_rev_at_osm_mismatch
001027-081924-00248-ז,דימונה,המכבים,248,ז,8604139,exact,31.065959,35.037271,OK,31.066204,35.037264,"Maccabim St 248, Dimona, Israel",OK,31.066241,35.037137,"המכבים, גיורא יוספטל, נווה גן, דימונה, נפת באר שבע, מחוז הדרום, 8604712, ישראל",27.2,33.8,12.8,מתתיהו הכהן,248,mismatch,עזרא ונחמיה,,mismatch,,,n/a,מכבים,248,mismatch,google_rev_at_govmap_mismatch;osm_rev_at_govmap_mismatch;google_rev_at_osm_mismatch
001027-073567-00332-X,דימונה,המכבים,246,,,none,,,OK,31.066676,35.036853,"Maccabim St 246, Dimona, Israel",OK,31.066241,35.037137,"המכבים, גיורא יוספטל, נווה גן, דימונה, נפת באר שבע, מחוז הדרום, 8604712, ישראל",,,55.3,,,n/a,,,n/a,עזרא ונחמיה,,mismatch,מכבים,248,mismatch,govmap_missing;osm_rev_at_google_mismatch;google_rev_at_osm_mismatch
001027-073567-00333-X,דימונה,המכתש,26,,,exact,31.058311,35.027575,OK,31.058303,35.027510,"HaMachtesh St 26, Dimona, Israel",OK,31.058935,35.027198,"המכתש, ערבה, נווה גן, דימונה, נפת באר שבע, מחוז הדרום, 8604712, ישראל",6.3,77.9,76.1,המכתש,26,match,המכתש,,partial,,,n/a,המכתש,14,partial,
001027-073567-00334-X,דימונה,המכתש,15,,,exact,31.058055,35.028322,OK,31.059210,35.028558,"HaMachtesh St 15, Dimona, Israel",OK,31.058935,35.027198,"המכתש, ערבה, נווה גן, דימונה, נפת באר שבע, מחוז הדרום, 8604712, ישראל",130.0,145.0,133.4,המכתש,36,partial,המכתש,,partial,,,n/a,המכתש,14,partial,
001027-073567-00335-X,דימונה,המכתש,34,,,exact,31.057927,35.027862,OK,31.057908,35.027852,"HaMachtesh St 34, Dimona, Israel",OK,31.058935,35.027198,"המכתש, ערבה, נווה גן, דימונה, נפת באר שבע, מחוז הדרום, 8604712, ישראל",2.4,128.4,129.8,המכתש,34,match,המכתש,,partial,,,n/a,המכתש,14,partial,
001027-073567-00336-X,דימונה,המכתש,21,,,exact,31.057889,35.028437,OK,31.058595,35.028811,"HaMachtesh St 21, Dimona, Israel",OK,31.058935,35.027198,"המכתש, ערבה, נווה גן, דימונה, נפת באר שבע, מחוז הדרום, 8604712, ישראל",86.0,165.6,158.6,המכתש,35,partial,המכתש,,partial,,,n/a,המכתש,14,partial,
001027-073567-00337-X,דימונה,המכתש,11,,,exact,31.058435,35.027723,OK,31.058440,35.027709,"HaMachtesh St 11, Dimona, Israel",OK,31.058935,35.027198,"המכתש, ערבה, נווה גן, דימונה, נפת באר שבע, מחוז הדרום, 8604712, ישראל",1.5,74.7,73.4,המכתש,11,match,המכתש,,partial,,,n/a,המכתש,14,partial,
001027-073567-00338-X,דימונה,המכתש,32,,,exact,31.057997,35.027781,OK,31.058018,35.027752,"HaMachtesh St 32, Dimona, Israel",OK,31.058935,35.027198,"המכתש, ערבה, נווה גן, דימונה, נפת באר שבע, מחוז הדרום, 8604712, ישראל",3.6,117.9,114.6,המכתש,32,match,המכתש,,partial,,,n/a,המכתש,14,partial,
001027-073567-00339-X,דימונה,המכתש,12,,,exact,31.058944,35.027049,OK,31.058972,35.026988,"HaMachtesh St 12, Dimona, Israel",OK,31.058935,35.027198,"המכתש, ערבה, נווה גן, דימונה, נפת באר שבע, מחוז הדרום, 8604712, ישראל",6.6,14.2,20.4,המכתש,12,match,המכתש,,partial,,,n/a,המכתש,14,partial,
001027-073567-00340-X,דימונה,המלאכה,8,,,exact,31.061891,35.024835,OK,31.061168,35.025146,"Ha-Melakha St 8, Dimona, Israel",OK,31.062919,35.023574,"המלאכה, שבעת המינים, נווה גן, דימונה, נפת באר שבע, מחוז הדרום, 8604712, ישראל",85.5,165.7,245.3,הסדנה,122,mismatch,המלאכה,,partial,,,n/a,המלאכה,3,partial,google_rev_at_govmap_mismatch
001027-073567-00341-X,דימונה,המלאכה,6,,,exact,31.061741,35.025018,OK,31.061168,35.025146,"Ha-Melakha St 6, Dimona, Israel",OK,31.062936,35.023617,"המלאכה, שבעת המינים, נווה גן, דימונה, נפת באר שבע, מחוז הדרום, 8604712, ישראל",64.6,188.3,244.4,הסדנה,124,mismatch,המלאכה,,partial,,,n/a,המלאכה,3,partial,google_rev_at_govmap_mismatch
001027-073567-00342-X,דימונה,המלאכה,4,,,exact,31.061474,35.025251,OK,31.061168,35.025146,"Ha-Melakha St 4, Dimona, Israel",OK,31.062919,35.023574,"המלאכה, שבעת המינים, נווה גן, דימונה, נפת באר שבע, מחוז הדרום, 8604712, ישראל",35.3,226.5,245.3,המלאכה,124,partial,המלאכה,,partial,,,n/a,המלאכה,3,partial,
001027-073567-00343-X,דימונה,המעלה,1,,,exact,31.072595,35.040681,OK,31.072590,35.040676,"Ha-Ma'ale St 1, Dimona, Israel",OK,31.071954,35.041293,"המעלה, הגבעה, חכמי ישראל, דימונה, נפת באר שבע, מחוז הדרום, 8604712, ישראל",0.7,92.0,91.9,המעלה,1,match,המעלה,,partial,,,n/a,המעלה,24,partial,
001027-073567-00344-X,דימונה,המעלה,11,,,exact,31.072042,35.041411,OK,31.071984,35.041539,"Ha-Ma'ale St 11, Dimona, Israel",OK,31.071954,35.041293,"המעלה, הגבעה, חכמי ישראל, דימונה, נפת באר שבע, מחוז הדרום, 8604712, ישראל",13.8,14.9,23.7,המעלה,57,partial,המעלה,,partial,,,n/a,המעלה,24,partial,
001027-073567-00345-X,דימונה,המעלה,19,,,exact,31.071496,35.041930,OK,31.071429,35.041918,"Ha-Ma'ale St 19, Dimona, Israel",OK,31.071954,35.041293,"המעלה, הגבעה, חכמי ישראל, דימונה, נפת באר שבע, מחוז הדרום, 8604712, ישראל",7.5,79.2,83.3,המעלה,65,partial,המעלה,,partial,,,n/a,המעלה,24,partial,
001027-073567-00346-X,דימונה,המעלה,2,,,exact,31.072327,35.040431,OK,31.072326,35.040426,"Ha-Ma'ale St 2, Dimona, Israel",OK,31.071954,35.041293,"המעלה, הגבעה, חכמי ישראל, דימונה, נפת באר שבע, מחוז הדרום, 8604712, ישראל",0.5,92.1,92.4,המעלה,2,match,המעלה,,partial,,,n/a,המעלה,24,partial,
001027-073567-00347-X,דימונה,המעלה,4,,,exact,31.072262,35.040645,OK,31.072270,35.040472,"Ha-Ma'ale St 4, Dimona, Israel",OK,31.071954,35.041293,"המעלה, הגבעה, חכמי ישראל, דימונה, נפת באר שבע, מחוז הדרום, 8604712, ישראל",16.6,70.6,85.8,המעלה,4,match,המעלה,,partial,,,n/a,המעלה,24,partial,
001027-073567-00348-X,דימונה,המעלה,6,,,exact,31.072129,35.040771,OK,31.072182,35.040623,"Ha-Ma'ale St 6, Dimona, Israel",OK,31.071954,35.041293,"המעלה, הגבעה, חכמי ישראל, דימונה, נפת באר שבע, מחוז הדרום, 8604712, ישראל",15.4,53.4,68.8,המעלה,30,partial,המעלה,,partial,,,n/a,המעלה,24,partial,
001027-073567-00349-X,דימונה,המעלה,20,,,exact,31.071063,35.041997,OK,31.071215,35.042018,"Ha-Ma'ale St 20, Dimona, Israel",OK,31.071954,35.041293,"המעלה, הגבעה, חכמי ישראל, דימונה, נפת באר שבע, מחוז הדרום, 8604712, ישראל",17.0,119.5,107.3,המעפיל,17,mismatch,המעלה,,partial,,,n/a,המעלה,24,partial,google_rev_at_govmap_mismatch
001027-073567-00350-X,דימונה,המעלה,21,,,exact,31.071390,35.042064,OK,31.071381,35.042128,"Ha-Ma'ale St 21, Dimona, Israel",OK,31.071954,35.041293,"המעלה, הגבעה, חכמי ישראל, דימונה, נפת באר שבע, מחוז הדרום, 8604712, ישראל",6.2,96.6,102.0,המעלה,67,partial,המעלה,,partial,,,n/a,המעלה,24,partial,
001027-073567-00351-X,דימונה,המעלה,16,,,exact,31.071273,35.041679,OK,31.071302,35.041739,"Ha-Ma'ale St 16, Dimona, Israel",OK,31.071954,35.041293,"המעלה, הגבעה, חכמי ישראל, דימונה, נפת באר שבע, מחוז הדרום, 8604712, ישראל",6.6,84.1,84.0,המעפיל,21,mismatch,המעלה,,partial,,,n/a,המעלה,24,partial,google_rev_at_govmap_mismatch
001027-073567-00352-X,דימונה,המעפיל,22,,,exact,31.071775,35.035019,OK,31.071937,35.034804,"HaMa'apil St 22, Dimona, Israel",OK,31.071913,35.033190,"המעפיל, הנצחון, נווה גן, דימונה, נפת באר שבע, מחוז הדרום, 8604712, ישראל",27.3,175.2,154.1,המעפיל,1237,partial,המעפיל,,partial,,,n/a,טיילת הספורט,1056,mismatch,google_rev_at_osm_mismatch
001027-073567-00353-X,דימונה,המעפיל,94,,,exact,31.069493,35.042315,OK,31.069482,35.042225,"HaMa'apil St 94, Dimona, Israel",OK,31.071021,35.041333,"המעפיל, הגבעה, נווה גן, דימונה, נפת באר שבע, מחוז הדרום, 8604712, ישראל",8.6,193.7,190.8,המעפיל,391,partial,המעפיל,,partial,,,n/a,המעפיל,13,partial,
001027-082996-00072-X,דימונה,המעפיל,72,,8607819,exact,31.071364,35.040804,OK,31.071360,35.040715,"HaMa'apil St 72, Dimona, Israel",OK,31.071913,35.033190,"המעפיל, הנצחון, נווה גן, דימונה, נפת באר שבע, מחוז הדרום, 8604712, ישראל",8.5,729.2,720.8,המעפיל,10,partial,המעפיל,,partial,,,n/a,טיילת הספורט,1056,mismatch,google_rev_at_osm_mismatch
001027-073567-00355-X,דימונה,המעפיל,47,,,exact,31.072126,35.036098,OK,31.072137,35.036060,"HaMa'apil St 47, Dimona, Israel",OK,31.071021,35.041333,"המעפיל, הגבעה, נווה גן, דימונה, נפת באר שבע, מחוז הדרום, 8604712, ישראל",3.8,514.4,518.2,המעפיל,47,match,המעפיל,,partial,,,n/a,המעפיל,13,partial,
001027-073567-00356-X,דימונה,המעפיל,6,,,exact,31.071672,35.030875,OK,31.071662,35.031168,"HaMa'apil St 6, Dimona, Israel",OK,31.071971,35.033195,"המעפיל, הנצחון, נווה גן, דימונה, נפת באר שבע, מחוז הדרום, 8604712, ישראל",28.0,223.9,196.5,המעפיל,1007,partial,המעפיל,,partial,,,n/a,טיילת הספורט,1056,mismatch,google_rev_at_osm_mismatch
001027-073567-00357-X,דימונה,המעפיל,77,,,exact,31.070879,35.041723,OK,31.070835,35.041543,"HaMa'apil St 77, Dimona, Israel",OK,31.071021,35.041333,"המעפיל, הגבעה, נווה גן, דימונה, נפת באר שבע, מחוז הדרום, 8604712, ישראל",17.8,40.4,28.8,המעפיל,16,partial,המעפיל,,partial,,,n/a,המעפיל,13,partial,
001027-073567-00358-X,דימונה,המעפיל,1014,,,exact,31.072193,35.030144,OK,31.072410,35.030299,"HaMa'apil St 1014, Dimona, Israel",OK,31.071971,35.033195,"המעפיל, הנצחון, נווה גן, דימונה, נפת באר שבע, מחוז הדרום, 8604712, ישראל",28.2,292.3,280.7,רחבת ההגנה,1014,mismatch,המעפיל,,partial,,,n/a,טיילת הספורט,1056,mismatch,google_rev_at_govmap_mismatch;google_rev_at_osm_mismatch
001027-082996-01205-א,דימונה,המעפיל,1205,א,8607846,exact,31.072105,35.034965,OK,31.072078,35.034898,"HaMa'apil St 1205, Dimona, Israel",OK,31.071971,35.033195,"המעפיל, הנצחון, נווה גן, דימונה, נפת באר שבע, מחוז הדרום, 8604712, ישראל",7.1,169.5,163.0,המעפיל,1205,match,נבטים,1205,mismatch,,,n/a,טיילת הספורט,1056,mismatch,osm_rev_at_govmap_mismatch;google_rev_at_osm_mismatch
001027-082996-01205-ב,דימונה,המעפיל,1205,ב,8607847,exact,31.072105,35.034965,OK,31.072078,35.034898,"HaMa'apil St 1205, Dimona, Israel",OK,31.071971,35.033195,"המעפיל, הנצחון, נווה גן, דימונה, נפת באר שבע, מחוז הדרום, 8604712, ישראל",7.1,169.5,163.0,המעפיל,1205,match,נבטים,1205,mismatch,,,n/a,טיילת הספורט,1056,mismatch,osm_rev_at_govmap_mismatch;google_rev_at_osm_mismatch
001027-082996-01205-ג,דימונה,המעפיל,1205,ג,8607848,exact,31.072105,35.034965,OK,31.072078,35.034898,"HaMa'apil St 1205, Dimona, Israel",OK,31.071971,35.033195,"המעפיל, הנצחון, נווה גן, דימונה, נפת באר שבע, מחוז הדרום, 8604712, ישראל",7.1,169.5,163.0,המעפיל,1205,match,נבטים,1205,mismatch,,,n/a,טיילת הספורט,1056,mismatch,osm_rev_at_govmap_mismatch;google_rev_at_osm_mismatch
001027-082996-01205-ד,דימונה,המעפיל,1205,ד,8607849,exact,31.072105,35.034965,OK,31.072078,35.034898,"HaMa'apil St 1205, Dimona, Israel",OK,31.071971,35.033195,"המעפיל, הנצחון, נווה גן, דימונה, נפת באר שבע, מחוז הדרום, 8604712, ישראל",7.1,169.5,163.0,המעפיל,1205,match,נבטים,1205,mismatch,,,n/a,טיילת הספורט,1056,mismatch,osm_rev_at_govmap_mismatch;google_rev_at_osm_mismatch
001027-082996-01205-ה,דימונה,המעפיל,1205,ה,8607850,exact,31.072105,35.034965,OK,31.072078,35.034898,"HaMa'apil St 1205, Dimona, Israel",OK,31.071971,35.033195,"המעפיל, הנצחון, נווה גן, דימונה, נפת באר שבע, מחוז הדרום, 8604712, ישראל",7.1,169.5,163.0,המעפיל,1205,match,נבטים,1205,mismatch,,,n/a,טיילת הספורט,1056,mismatch,osm_rev_at_govmap_mismatch;google_rev_at_osm_mismatch
001027-073567-00360-X,דימונה,המעפיל,4,,,exact,31.071650,35.030503,OK,31.071782,35.039741,"HaMa'apil St 4, Dimona, Israel",OK,31.071913,35.033190,"המעפיל, הנצחון, נווה גן, דימונה, נפת באר שבע, מחוז הדרום, 8604712, ישראל",881.8,258.1,625.4,המעפיל,4,match,המעפיל,,partial,,,n/a,טיילת הספורט,1056,mismatch,google_rev_at_osm_mismatch
001027-073567-00361-X,דימונה,המעפיל,83,,,exact,31.070439,35.041961,OK,31.070435,35.042038,"HaMa'apil St 83, Dimona, Israel",OK,31.071971,35.033195,"המעפיל, הנצחון, נווה גן, דימונה, נפת באר שבע, מחוז הדרום, 8604712, ישראל",7.4,853.7,861.0,המעפיל,89,partial,המעפיל,,partial,,,n/a,טיילת הספורט,1056,mismatch,google_rev_at_osm_mismatch
001027-073567-00362-X,דימונה,המעפיל,9,,,exact,31.072130,35.033428,OK,31.071456,35.040679,"HaMa'apil St 9, Dimona, Israel",OK,31.071913,35.033190,"המעפיל, הנצחון, נווה גן, דימונה, נפת באר שבע, מחוז הדרום, 8604712, ישראל",696.1,33.0,716.5,המעפיל,1055,partial,המעפיל,,partial,,,n/a,טיילת הספורט,1056,mismatch,google_rev_at_osm_mismatch
001027-073567-00363-X,דימונה,המעפיל,42,,,exact,31.071756,35.037236,OK,31.071748,35.036797,"HaMa'apil St 42, Dimona, Israel",OK,31.071021,35.041333,"המעפיל, הגבעה, נווה גן, דימונה, נפת באר שבע, מחוז הדרום, 8604712, ישראל",41.9,399.4,440.3,המעפיל,239,partial,המעפיל,,partial,,,n/a,המעפיל,13,partial,
001027-073567-00364-X,דימונה,המעפיל,86,,,exact,31.069885,35.041853,OK,31.069868,35.041764,"HaMa'apil St 86, Dimona, Israel",OK,31.071913,35.033190,"המעפיל, הנצחון, נווה גן, דימונה, נפת באר שבע, מחוז הדרום, 8604712, ישראל",8.8,856.9,849.1,המעפיל,395,partial,המעפיל,,partial,,,n/a,טיילת הספורט,1056,mismatch,google_rev_at_osm_mismatch
001027-073567-00365-X,דימונה,המעפיל,10,,,exact,31.071734,35.033441,OK,31.071354,35.040825,"HaMa'apil St 10, Dimona, Israel",OK,31.071021,35.041333,"המעפיל, הגבעה, נווה גן, דימונה, נפת באר שבע, מחוז הדרום, 8604712, ישראל",706.0,757.3,60.9,טיילת הספורט,1056,mismatch,המעפיל,,partial,,,n/a,המעפיל,13,partial,google_rev_at_govmap_mismatch
001027-073567-00366-X,דימונה,המעפיל,32,,,exact,31.071754,35.036029,OK,31.071717,35.035898,"HaMa'apil St 32, Dimona, Israel",OK,31.071913,35.033190,"המעפיל, הנצחון, נווה גן, דימונה, נפת באר שבע, מחוז הדרום, 8604712, ישראל",13.1,271.5,259.4,,,n/a,המעפיל,,partial,,,n/a,טיילת הספורט,1056,mismatch,google_rev_at_osm_mismatch
001027-073567-00367-X,דימונה,המעפיל,60,,,exact,31.071830,35.039685,OK,31.071797,35.039611,"HaMa'apil St 60, Dimona, Israel",OK,31.071913,35.033190,"המעפיל, הנצחון, נווה גן, דימונה, נפת באר שבע, מחוז הדרום, 8604712, ישראל",7.9,619.9,612.9,המעפיל,4,partial,המעפיל,,partial,,,n/a,טיילת הספורט,1056,mismatch,google_rev_at_osm_mismatch
001027-073567-00368-X,דימונה,המעפיל,68,,,exact,31.071568,35.040522,OK,31.071563,35.040439,"HaMa'apil St 68, Dimona, Israel",OK,31.071971,35.033195,"המעפיל, הנצחון, נווה גן, דימונה, נפת באר שבע, מחוז הדרום, 8604712, ישראל",7.9,700.7,692.8,המעפיל,8,partial,המעפיל,,partial,,,n/a,טיילת הספורט,1056,mismatch,google_rev_at_osm_mismatch
001027-073567-00369-X,דימונה,המעפיל,79,,,exact,31.070753,35.041789,OK,31.070704,35.041654,"HaMa'apil St 79, Dimona, Israel",OK,31.071021,35.041333,"המעפיל, הגבעה, נווה גן, דימונה, נפת באר שבע, מחוז הדרום, 8604712, ישראל",13.9,52.7,46.7,המעפיל,244,partial,המעפיל,,partial,,,n/a,המעפיל,13,partial,
001027-073567-00370-X,דימונה,המעפיל,71,,,exact,31.071545,35.041007,OK,31.071555,35.041073,"HaMa'apil St 71, Dimona, Israel",OK,31.071913,35.033190,"המעפיל, הנצחון, נווה גן, דימונה, נפת באר שבע, מחוז הדרום, 8604712, ישראל",6.4,747.2,753.4,המעלה,25,mismatch,המעפיל,,partial,,,n/a,טיילת הספורט,1056,mismatch,google_rev_at_govmap_mismatch;google_rev_at_osm_mismatch
001027-073567-00371-X,דימונה,"הנח""ל",147,,,exact,31.076037,35.030617,OK,31.076014,35.030618,"HaNahal St 147, Dimona, Israel",OK,31.075825,35.030638,"הנח""ל, נווה דוד, נווה גן, דימונה, נפת באר שבע, מחוז הדרום, 8604712, ישראל",2.5,23.6,21.1,חטיבת אלכסנדרוני,147,mismatch,"הנח""ל",,partial,,,n/a,"הנח""ל",147,match,google_rev_at_govmap_mismatch
001027-073567-00372-X,דימונה,"הנח""ל",148,,,exact,31.076058,35.030850,OK,31.076059,35.030834,"HaNahal St 148, Dimona, Israel",OK,31.075825,35.030638,"הנח""ל, נווה דוד, נווה גן, דימונה, נפת באר שבע, מחוז הדרום, 8604712, ישראל",1.5,32.9,32.0,"הנח""ל",148,match,"הנח""ל",,partial,,,n/a,"הנח""ל",147,partial,
001027-073567-00373-X,דימונה,"הנח""ל",146,,,exact,31.076032,35.030389,OK,31.076002,35.030381,"HaNahal St 146, Dimona, Israel",OK,31.075825,35.030638,"הנח""ל, נווה דוד, נווה גן, דימונה, נפת באר שבע, מחוז הדרום, 8604712, ישראל",3.4,33.0,31.4,יצחק טבנקין,146,mismatch,"הנח""ל",,partial,,,n/a,"הנח""ל",147,partial,google_rev_at_govmap_mismatch
001027-073567-00374-X,דימונה,הנרקיס,24,,,exact,31.062550,35.032467,OK,31.062686,35.030883,"Narkis St 24, Dimona, Israel",ZERO_RESULTS,,,,151.9,,,נרקיס,25,mismatch,נרקיס,,mismatch,,,n/a,,,n/a,osm_fwd_ZERO_RESULTS;google_rev_at_govmap_mismatch;osm_rev_at_govmap_mismatch
001027-073567-00375-X,דימונה,הנרקיס,22,,,exact,31.062546,35.032314,OK,31.062689,35.030872,"Narkis St 22, Dimona, Israel",ZERO_RESULTS,,,,138.5,,,נרקיס,33,mismatch,נרקיס,,mismatch,,,n/a,,,n/a,osm_fwd_ZERO_RESULTS;google_rev_at_govmap_mismatch;osm_rev_at_govmap_mismatch
001027-073567-00376-X,דימונה,הנרקיס,2,,,exact,31.062544,35.030990,OK,31.062532,35.030973,"Narkis St 2, Dimona, Israel",ZERO_RESULTS,,,,2.2,,,נרקיס,19,mismatch,נרקיס,,mismatch,,,n/a,,,n/a,osm_fwd_ZERO_RESULTS;google_rev_at_govmap_mismatch;osm_rev_at_govmap_mismatch
001027-073567-00377-X,דימונה,הנרקיס,18,,,exact,31.062527,35.032078,OK,31.062651,35.032127,"Narkis St 18, Dimona, Israel",ZERO_RESULTS,,,,14.5,,,נרקיס,32,mismatch,נרקיס,,mismatch,,,n/a,,,n/a,osm_fwd_ZERO_RESULTS;google_rev_at_govmap_mismatch;osm_rev_at_govmap_mismatch
001027-073567-00378-X,דימונה,הנרקיס,11,,,exact,31.062771,35.032504,OK,31.062663,35.032332,"Narkis St 11, Dimona, Israel",ZERO_RESULTS,,,,20.3,,,שדרות הנשיא,11,mismatch,נרקיס,,mismatch,,,n/a,,,n/a,osm_fwd_ZERO_RESULTS;google_rev_at_govmap_mismatch;osm_rev_at_govmap_mismatch
001027-073567-00379-X,דימונה,הנרקיס,7,,,exact,31.062764,35.032016,OK,31.062640,35.031786,"Narkis St 7, Dimona, Israel",ZERO_RESULTS,,,,25.9,,,שדרות יגאל אלון,9,mismatch,נרקיס,,mismatch,,,n/a,,,n/a,osm_fwd_ZERO_RESULTS;google_rev_at_govmap_mismatch;osm_rev_at_govmap_mismatch
001027-073567-00380-X,דימונה,הנשיא,אריאל שרון 65,,,none,,,OK,31.069419,35.033363,"Dimona, Israel",ZERO_RESULTS,,,,,,,,,n/a,,,n/a,טיילת הספורט,,mismatch,,,n/a,govmap_missing;osm_fwd_ZERO_RESULTS;osm_rev_at_google_mismatch
001027-073567-00381-X,דימונה,הנשיא,15,,,street,31.061423,35.025821,OK,31.069419,35.033363,"Dimona, Israel",ZERO_RESULTS,,,,1142.0,,,הזית,125,mismatch,שדרות אריאל שרון,,mismatch,,,n/a,,,n/a,osm_fwd_ZERO_RESULTS;google_rev_at_govmap_mismatch;osm_rev_at_govmap_mismatch
001027-073567-00382-X,דימונה,הנשיא,אריאל שרון 75,,,none,,,OK,31.069419,35.033363,"Dimona, Israel",ZERO_RESULTS,,,,,,,,,n/a,,,n/a,טיילת הספורט,,mismatch,,,n/a,govmap_missing;osm_fwd_ZERO_RESULTS;osm_rev_at_google_mismatch
001027-073567-00383-X,דימונה,הנשיא,אריאל שרון 77,,,none,,,OK,31.069419,35.033363,"Dimona, Israel",ZERO_RESULTS,,,,,,,,,n/a,,,n/a,טיילת הספורט,,mismatch,,,n/a,govmap_missing;osm_fwd_ZERO_RESULTS;osm_rev_at_google_mismatch
001027-073567-00384-X,דימונה,הנשיא,אריאל שרון 23,,,none,,,OK,31.069419,35.033363,"Dimona, Israel",ZERO_RESULTS,,,,,,,,,n/a,,,n/a,טיילת הספורט,,mismatch,,,n/a,govmap_missing;osm_fwd_ZERO_RESULTS;osm_rev_at_google_mismatch
001027-073567-00385-X,דימונה,הנשיא,אריאל שרון 61,,,none,,,OK,31.069419,35.033363,"Dimona, Israel",ZERO_RESULTS,,,,,,,,,n/a,,,n/a,טיילת הספורט,,mismatch,,,n/a,govmap_missing;osm_fwd_ZERO_RESULTS;osm_rev_at_google_mismatch
001027-073567-00386-X,דימונה,הנשיא,אריאל שרון 57,,,none,,,OK,31.069419,35.033363,"Dimona, Israel",ZERO_RESULTS,,,,,,,,,n/a,,,n/a,טיילת הספורט,,mismatch,,,n/a,govmap_missing;osm_fwd_ZERO_RESULTS;osm_rev_at_google_mismatch
001027-073567-00387-X,דימונה,הנשיא,אריאל שרון 40,,,none,,,OK,31.069419,35.033363,"Dimona, Israel",ZERO_RESULTS,,,,,,,,,n/a,,,n/a,טיילת הספורט,,mismatch,,,n/a,govmap_missing;osm_fwd_ZERO_RESULTS;osm_rev_at_google_mismatch
001027-073567-00388-X,דימונה,הנשיא,אריאל שרון 79,,,none,,,OK,31.069419,35.033363,"Dimona, Israel",ZERO_RESULTS,,,,,,,,,n/a,,,n/a,טיילת הספורט,,mismatch,,,n/a,govmap_missing;osm_fwd_ZERO_RESULTS;osm_rev_at_google_mismatch
001027-073567-00389-X,דימונה,הנשיא,אריאל שרון 45,,,none,,,OK,31.069419,35.033363,"Dimona, Israel",ZERO_RESULTS,,,,,,,,,n/a,,,n/a,טיילת הספורט,,mismatch,,,n/a,govmap_missing;osm_fwd_ZERO_RESULTS;osm_rev_at_google_mismatch
001027-073567-00390-X,דימונה,הנשיא,אריאל שרון 87,,,none,,,OK,31.069419,35.033363,"Dimona, Israel",ZERO_RESULTS,,,,,,,,,n/a,,,n/a,טיילת הספורט,,mismatch,,,n/a,govmap_missing;osm_fwd_ZERO_RESULTS;osm_rev_at_google_mismatch
001027-073567-00391-X,דימונה,הנשיא,אריאל שרון 41,,,none,,,OK,31.069419,35.033363,"Dimona, Israel",ZERO_RESULTS,,,,,,,,,n/a,,,n/a,טיילת הספורט,,mismatch,,,n/a,govmap_missing;osm_fwd_ZERO_RESULTS;osm_rev_at_google_mismatch
001027-073567-00392-X,דימונה,הנשיא,אריאל שרון 81,,,none,,,OK,31.069419,35.033363,"Dimona, Israel",ZERO_RESULTS,,,,,,,,,n/a,,,n/a,טיילת הספורט,,mismatch,,,n/a,govmap_missing;osm_fwd_ZERO_RESULTS;osm_rev_at_google_mismatch
001027-073567-00393-X,דימונה,הנשיא,אריאל שרון 53,,,none,,,OK,31.069419,35.033363,"Dimona, Israel",ZERO_RESULTS,,,,,,,,,n/a,,,n/a,טיילת הספורט,,mismatch,,,n/a,govmap_missing;osm_fwd_ZERO_RESULTS;osm_rev_at_google_mismatch
001027-073567-00394-X,דימונה,הסדנה,5,,,exact,31.062358,35.025187,OK,31.062370,35.023685,"HaSadna St 5, Dimona, Israel",ZERO_RESULTS,,,,143.4,,,הסדנה,121,partial,הסדנא,,mismatch,,,n/a,,,n/a,osm_fwd_ZERO_RESULTS;osm_rev_at_govmap_mismatch
001027-073567-00395-X,דימונה,הסנהדרין,24,,,exact,31.064120,35.038017,OK,31.069419,35.033363,"Dimona, Israel",OK,31.064469,35.038259,"הסנהדרין, גיורא יוספטל, נווה גן, דימונה, נפת באר שבע, מחוז הדרום, 8604712, ישראל",736.6,45.0,720.9,רחבת סנהדרין,276,mismatch,הסנהדרין,,partial,,,n/a,רחבת סנהדרין,274,mismatch,google_rev_at_govmap_mismatch;google_rev_at_osm_mismatch
001027-073567-00396-X,דימונה,הסנהדרין,16,,,exact,31.064343,35.038019,OK,31.069419,35.033363,"Dimona, Israel",OK,31.064469,35.038259,"הסנהדרין, גיורא יוספטל, נווה גן, דימונה, נפת באר שבע, מחוז הדרום, 8604712, ישראל",717.1,26.8,720.9,רחבת סנהדרין,275,mismatch,הסנהדרין,,partial,,,n/a,רחבת סנהדרין,274,mismatch,google_rev_at_govmap_mismatch;google_rev_at_osm_mismatch
001027-073567-00397-X,דימונה,הסנהדרין,14,,,exact,31.064585,35.037546,OK,31.069419,35.033363,"Dimona, Israel",OK,31.064469,35.038259,"הסנהדרין, גיורא יוספטל, נווה גן, דימונה, נפת באר שבע, מחוז הדרום, 8604712, ישראל",668.4,69.2,720.9,שדרות יגאל אלון,274,mismatch,,,mismatch,,,n/a,רחבת סנהדרין,274,mismatch,google_rev_at_govmap_mismatch;osm_rev_at_govmap_mismatch;google_rev_at_osm_mismatch
001027-073567-00398-X,דימונה,הסנהדרין,1,,,exact,31.064324,35.038615,OK,31.069419,35.033363,"Dimona, Israel",OK,31.064469,35.038259,"הסנהדרין, גיורא יוספטל, נווה גן, דימונה, נפת באר שבע, מחוז הדרום, 8604712, ישראל",755.3,37.6,720.9,,,mismatch,הסנהדרין,,partial,,,n/a,רחבת סנהדרין,274,mismatch,google_rev_at_govmap_mismatch;google_rev_at_osm_mismatch
001027-073567-00399-X,דימונה,הספורט,38,,,exact,31.073566,35.033324,OK,31.069419,35.033363,"Dimona, Israel",OK,31.069575,35.033135,"טיילת הספורט, נווה אביב, נווה גן, דימונה, נפת באר שבע, מחוז הדרום, 8604712, ישראל",459.8,442.9,27.8,טיילת הספורט,1051,partial,טיילת הספורט,,partial,,,n/a,השקמה,,mismatch,google_rev_at_osm_mismatch
001027-073567-00400-X,דימונה,הספורט,46,,,exact,31.074588,35.033307,OK,31.069419,35.033363,"Dimona, Israel",OK,31.073127,35.033157,"טיילת הספורט, נווה אביב, נווה גן, דימונה, נפת באר שבע, מחוז הדרום, 8604712, ישראל",573.2,162.7,411.6,רחבת יציאת אירופה,1048,mismatch,,,mismatch,,,n/a,רחבת יציאת אירופה,1102,mismatch,google_rev_at_govmap_mismatch;osm_rev_at_govmap_mismatch;google_rev_at_osm_mismatch
001027-073567-00401-X,דימונה,הספורט,26,,,exact,31.071484,35.033293,OK,31.069419,35.033363,"Dimona, Israel",OK,31.069575,35.033135,"טיילת הספורט, נווה אביב, נווה גן, דימונה, נפת באר שבע, מחוז הדרום, 8604712, ישראל",229.0,212.2,27.8,טיילת הספורט,1057,partial,טיילת הספורט,,partial,,,n/a,השקמה,,mismatch,google_rev_at_osm_mismatch
001027-073567-00402-X,דימונה,הספורט,22,,,exact,31.070963,35.033305,OK,31.069419,35.033363,"Dimona, Israel",OK,31.073127,35.033157,"טיילת הספורט, נווה אביב, נווה גן, דימונה, נפת באר שבע, מחוז הדרום, 8604712, ישראל",171.3,240.4,411.6,טיילת הספורט,1059,partial,טיילת הספורט,,partial,,,n/a,רחבת יציאת אירופה,1102,mismatch,google_rev_at_osm_mismatch
001027-073567-00403-X,דימונה,הספורט,42,,,exact,31.074101,35.033305,OK,31.069419,35.033363,"Dimona, Israel",OK,31.069575,35.033135,"טיילת הספורט, נווה אביב, נווה גן, דימונה, נפת באר שבע, מחוז הדרום, 8604712, ישראל",519.1,502.1,27.8,טיילת הספורט,1049,partial,טיילת הספורט,,partial,,,n/a,השקמה,,mismatch,google_rev_at_osm_mismatch
001027-073567-00404-X,דימונה,הספורט,24,,,exact,31.071220,35.033320,OK,31.069419,35.033363,"Dimona, Israel",OK,31.073127,35.033157,"טיילת הספורט, נווה אביב, נווה גן, דימונה, נפת באר שבע, מחוז הדרום, 8604712, ישראל",199.7,212.0,411.6,טיילת הספורט,1058,partial,טיילת הספורט,,partial,,,n/a,רחבת יציאת אירופה,1102,mismatch,google_rev_at_osm_mismatch
001027-073567-00405-X,דימונה,הספורט,40,,,exact,31.073836,35.033302,OK,31.069419,35.033363,"Dimona, Israel",OK,31.069575,35.033135,"טיילת הספורט, נווה אביב, נווה גן, דימונה, נפת באר שבע, מחוז הדרום, 8604712, ישראל",489.8,472.8,27.8,טיילת הספורט,1050,partial,טיילת הספורט,,partial,,,n/a,השקמה,,mismatch,google_rev_at_osm_mismatch
001027-073567-00406-X,דימונה,הספורט,10,,,exact,31.069045,35.033299,OK,31.069419,35.033363,"Dimona, Israel",OK,31.073127,35.033157,"טיילת הספורט, נווה אביב, נווה גן, דימונה, נפת באר שבע, מחוז הדרום, 8604712, ישראל",42.0,452.9,411.6,טיילת הספורט,289,partial,טיילת הספורט,,partial,,,n/a,רחבת יציאת אירופה,1102,mismatch,google_rev_at_osm_mismatch
001027-073567-00407-X,דימונה,הספורט,44,,,exact,31.074354,35.033306,OK,31.069419,35.033363,"Dimona, Israel",OK,31.073127,35.033157,"טיילת הספורט, נווה אביב, נווה גן, דימונה, נפת באר שבע, מחוז הדרום, 8604712, ישראל",547.2,136.8,411.6,טיילת הספורט,1048,partial,טיילת הספורט,,partial,,,n/a,רחבת יציאת אירופה,1102,mismatch,google_rev_at_osm_mismatch
001027-073567-00408-X,דימונה,הספורט,20,,,exact,31.070703,35.033301,OK,31.069419,35.033363,"Dimona, Israel",OK,31.069575,35.033135,"טיילת הספורט, נווה אביב, נווה גן, דימונה, נפת באר שבע, מחוז הדרום, 8604712, ישראל",142.5,126.1,27.8,טיילת הספורט,1060,partial,טיילת הספורט,,partial,,,n/a,השקמה,,mismatch,google_rev_at_osm_mismatch
001027-073567-00409-X,דימונה,הספורט,6,,,exact,31.068539,35.033307,OK,31.069419,35.033363,"Dimona, Israel",OK,31.069575,35.033135,"טיילת הספורט, נווה אביב, נווה גן, דימונה, נפת באר שבע, מחוז הדרום, 8604712, ישראל",97.7,116.0,27.8,טיילת הספורט,287,partial,טיילת הספורט,,partial,,,n/a,השקמה,,mismatch,google_rev_at_osm_mismatch
001027-073567-00410-X,דימונה,הספורט,8,,,exact,31.068792,35.033301,OK,31.069419,35.033363,"Dimona, Israel",OK,31.069575,35.033135,"טיילת הספורט, נווה אביב, נווה גן, דימונה, נפת באר שבע, מחוז הדרום, 8604712, ישראל",69.8,88.2,27.8,טיילת הספורט,288,partial,טיילת הספורט,,partial,,,n/a,השקמה,,mismatch,google_rev_at_osm_mismatch
001027-073567-00411-X,דימונה,הספורט,34,,,exact,31.072839,35.033397,OK,31.069419,35.033363,"Dimona, Israel",OK,31.073127,35.033157,"טיילת הספורט, נווה אביב, נווה גן, דימונה, נפת באר שבע, מחוז הדרום, 8604712, ישראל",379.2,39.3,411.6,רחבת יציאת אירופה,1102,mismatch,אקסודוס,1066,mismatch,,,n/a,רחבת יציאת אירופה,1102,mismatch,google_rev_at_govmap_mismatch;osm_rev_at_govmap_mismatch;google_rev_at_osm_mismatch
001027-073567-00412-X,דימונה,העליה,העלייה 40,,,exact,31.065672,35.042483,OK,31.065911,35.042307,"Aliya St 40, Dimona, Israel",ZERO_RESULTS,,,,31.4,,,עבדת,1642,mismatch,עלייה,,mismatch,,,n/a,,,n/a,osm_fwd_ZERO_RESULTS;google_rev_at_govmap_mismatch;osm_rev_at_govmap_mismatch
001027-073567-00413-X,דימונה,העליה,העלייה 8,,,exact,31.066210,35.040496,OK,31.066177,35.040296,"Aliya St 8, Dimona, Israel",ZERO_RESULTS,,,,19.5,,,עבדת,1634,mismatch,עלייה,,mismatch,,,n/a,,,n/a,osm_fwd_ZERO_RESULTS;google_rev_at_govmap_mismatch;osm_rev_at_govmap_mismatch
001027-073567-00414-X,דימונה,העליה,העלייה 4,,,exact,31.066273,35.040203,OK,31.066242,35.040027,"Aliya St 4, Dimona, Israel",ZERO_RESULTS,,,,17.1,,,עבדת,1633,mismatch,עלייה,,mismatch,,,n/a,,,n/a,osm_fwd_ZERO_RESULTS;google_rev_at_govmap_mismatch;osm_rev_at_govmap_mismatch
001027-073567-00415-X,דימונה,העליה,העלייה 24,,,exact,31.065924,35.041505,OK,31.066170,35.041321,"Aliya St 24, Dimona, Israel",ZERO_RESULTS,,,,32.5,,,עבדת,1638,mismatch,עלייה,,mismatch,,,n/a,,,n/a,osm_fwd_ZERO_RESULTS;google_rev_at_govmap_mismatch;osm_rev_at_govmap_mismatch
001027-073567-00416-X,דימונה,העליה,העלייה 16,,,exact,31.066052,35.040995,OK,31.066061,35.040838,"Aliya St 16, Dimona, Israel",ZERO_RESULTS,,,,14.9,,,עבדת,1636,mismatch,עלייה,,mismatch,,,n/a,,,n/a,osm_fwd_ZERO_RESULTS;google_rev_at_govmap_mismatch;osm_rev_at_govmap_mismatch
001027-073567-00417-X,דימונה,העצמאות,6,,,exact,31.070777,35.029572,OK,31.069589,35.029441,"HaAtsmaut St, Dimona, Israel",OK,31.068804,35.029486,"העצמאות, הנצחון, נווה גן, דימונה, נפת באר שבע, מחוז הדרום, 8604712, ישראל",132.3,219.0,87.2,העצמאות,1006,partial,העצמאות,,partial,,,n/a,,,mismatch,google_rev_at_osm_mismatch
001027-073567-00418-X,דימונה,העצמאות,12,,,exact,31.070422,35.029614,OK,31.069589,35.029441,"HaAtsmaut St, Dimona, Israel",OK,31.070910,35.029263,"העצמאות, הנצחון, נווה גן, דימונה, נפת באר שבע, מחוז הדרום, 8604712, ישראל",93.9,63.6,147.5,העצמאות,1012,partial,העצמאות,,partial,,,n/a,העצמאות,1006,partial,
001027-073567-00419-X,דימונה,העצמאות,13,,,exact,31.071113,35.029508,OK,31.069589,35.029441,"HaAtsmaut St, Dimona, Israel",OK,31.068804,35.029486,"העצמאות, הנצחון, נווה גן, דימונה, נפת באר שבע, מחוז הדרום, 8604712, ישראל",169.1,256.1,87.2,העצמאות,1013,partial,העצמאות,,partial,,,n/a,,,mismatch,google_rev_at_osm_mismatch
001027-073567-00420-X,דימונה,העצמאות,9,,,exact,31.071594,35.029588,OK,31.069589,35.029441,"HaAtsmaut St, Dimona, Israel",OK,31.068798,35.029395,"העצמאות, הנצחון, נווה גן, דימונה, נפת באר שבע, מחוז הדרום, 8604712, ישראל",222.7,310.5,87.8,העצמאות,1009,partial,יצחק צוקרמן,1012,mismatch,,,n/a,,,mismatch,osm_rev_at_govmap_mismatch;google_rev_at_osm_mismatch
001027-073567-00421-X,דימונה,"הפלמ""ח",5,,,exact,31.072426,35.028925,OK,31.069419,35.033363,"Dimona, Israel",OK,31.072751,35.029160,"הפלמ""ח, הנצחון, נווה גן, דימונה, נפת באר שבע, מחוז הדרום, 8604712, ישראל",539.1,42.4,545.3,יצחק ורדימון,1018,mismatch,"הפלמ""ח",,partial,,,n/a,יצחק ורדימון,1018,mismatch,google_rev_at_govmap_mismatch;google_rev_at_osm_mismatch
001027-073567-00422-X,דימונה,"הפלמ""ח",1,,,exact,31.072060,35.028930,OK,31.069419,35.033363,"Dimona, Israel",OK,31.072751,35.029160,"הפלמ""ח, הנצחון, נווה גן, דימונה, נפת באר שבע, מחוז הדרום, 8604712, ישראל",514.5,79.7,545.3,יצחק ורדימון,1017,mismatch,יצחק ורדימון,,mismatch,,,n/a,יצחק ורדימון,1018,mismatch,google_rev_at_govmap_mismatch;osm_rev_at_govmap_mismatch;google_rev_at_osm_mismatch
001027-073567-00423-X,דימונה,הפסגה,84,,,exact,31.068358,35.043330,OK,31.069419,35.033363,"Dimona, Israel",OK,31.072372,35.041739,"הפסגה, הגבעה, חכמי ישראל, דימונה, נפת באר שבע, מחוז הדרום, 8604712, ישראל",958.5,470.3,863.9,הפיסגה,380,mismatch,הפיסגה,,mismatch,,,n/a,המעלה,56,mismatch,google_rev_at_govmap_mismatch;osm_rev_at_govmap_mismatch;google_rev_at_osm_mismatch
001027-073567-00424-X,דימונה,הפסגה,17,,,exact,31.073318,35.039952,OK,31.069419,35.033363,"Dimona, Israel",OK,31.072372,35.041739,"הפסגה, הגבעה, חכמי ישראל, דימונה, נפת באר שבע, מחוז הדרום, 8604712, ישראל",763.2,200.2,863.9,הפיסגה,17,mismatch,הפסגה,,partial,,,n/a,המעלה,56,mismatch,google_rev_at_govmap_mismatch;google_rev_at_osm_mismatch
001027-073567-00425-X,דימונה,הפסגה,113,,,exact,31.068232,35.043615,OK,31.069419,35.033363,"Dimona, Israel",OK,31.072372,35.041739,"הפסגה, הגבעה, חכמי ישראל, דימונה, נפת באר שבע, מחוז הדרום, 8604712, ישראל",987.3,492.7,863.9,הפיסגה,280,mismatch,הפיסגה,,mismatch,,,n/a,המעלה,56,mismatch,google_rev_at_govmap_mismatch;osm_rev_at_govmap_mismatch;google_rev_at_osm_mismatch
001027-073567-00426-X,דימונה,הפסגה,39,,,exact,31.072540,35.041804,OK,31.069419,35.033363,"Dimona, Israel",OK,31.072372,35.041739,"הפסגה, הגבעה, חכמי ישראל, דימונה, נפת באר שבע, מחוז הדרום, 8604712, ישראל",876.8,19.6,863.9,הפיסגה,32,mismatch,הפסגה,,partial,,,n/a,המעלה,56,mismatch,google_rev_at_govmap_mismatch;google_rev_at_osm_mismatch
001027-073567-00427-X,דימונה,הפסגה,29,,,exact,31.073165,35.041156,OK,31.069419,35.033363,"Dimona, Israel",OK,31.072372,35.041739,"הפסגה, הגבעה, חכמי ישראל, דימונה, נפת באר שבע, מחוז הדרום, 8604712, ישראל",851.9,104.1,863.9,הפיסגה,84,mismatch,שלום שבזי,,mismatch,,,n/a,המעלה,56,mismatch,google_rev_at_govmap_mismatch;osm_rev_at_govmap_mismatch;google_rev_at_osm_mismatch
001027-073567-00428-X,דימונה,הפסגה,31,,,exact,31.073052,35.041266,OK,31.069419,35.033363,"Dimona, Israel",OK,31.072372,35.041739,"הפסגה, הגבעה, חכמי ישראל, דימונה, נפת באר שבע, מחוז הדרום, 8604712, ישראל",855.0,87.9,863.9,הפיסגה,83,mismatch,הפסגה,,partial,,,n/a,המעלה,56,mismatch,google_rev_at_govmap_mismatch;google_rev_at_osm_mismatch
001027-073567-00429-X,דימונה,הפסגה,22,,,exact,31.072904,35.040946,OK,30.986901,34.913486,"Ha-Pisga St, Yeruham, Israel",OK,31.072372,35.041739,"הפסגה, הגבעה, חכמי ישראל, דימונה, נפת באר שבע, מחוז הדרום, 8604712, ישראל",15460.5,96.0,15484.0,הפיסגה,22,mismatch,הפסגה,,partial,,,n/a,המעלה,56,mismatch,google_rev_at_govmap_mismatch;google_rev_at_osm_mismatch
001027-073567-00430-X,דימונה,הפסגה,1,,,exact,31.072092,35.039270,OK,31.069419,35.033363,"Dimona, Israel",OK,31.072372,35.041739,"הפסגה, הגבעה, חכמי ישראל, דימונה, נפת באר שבע, מחוז הדרום, 8604712, ישראל",637.0,237.6,863.9,הפיסגה,1,mismatch,המעפיל,,mismatch,,,n/a,המעלה,56,mismatch,google_rev_at_govmap_mismatch;osm_rev_at_govmap_mismatch;google_rev_at_osm_mismatch
001027-073567-00431-X,דימונה,הפסגה,63,,,exact,31.071377,35.043569,OK,31.069419,35.033363,"Dimona, Israel",OK,31.072372,35.041739,"הפסגה, הגבעה, חכמי ישראל, דימונה, נפת באר שבע, מחוז הדרום, 8604712, ישראל",998.0,206.6,863.9,הפיסגה,202,mismatch,,,mismatch,,,n/a,המעלה,56,mismatch,google_rev_at_govmap_mismatch;osm_rev_at_govmap_mismatch;google_rev_at_osm_mismatch
001027-073567-00432-X,דימונה,הפסגה,54,,,exact,31.070792,35.043108,OK,31.069419,35.033363,"Dimona, Israel",OK,31.072372,35.041739,"הפסגה, הגבעה, חכמי ישראל, דימונה, נפת באר שבע, מחוז הדרום, 8604712, ישראל",942.5,218.5,863.9,הפיסגה,56,mismatch,הפסגה,,partial,,,n/a,המעלה,56,mismatch,google_rev_at_govmap_mismatch;google_rev_at_osm_mismatch
001027-073567-00433-X,דימונה,הפסגה,15,,,exact,31.073231,35.039703,OK,31.069419,35.033363,"Dimona, Israel",OK,31.072372,35.041739,"הפסגה, הגבעה, חכמי ישראל, דימונה, נפת באר שבע, מחוז הדרום, 8604712, ישראל",738.1,216.4,863.9,הפיסגה,15,mismatch,הפסגה,,partial,,,n/a,המעלה,56,mismatch,google_rev_at_govmap_mismatch;google_rev_at_osm_mismatch
001027-073567-00434-X,דימונה,הפסגה,33,,,exact,31.072943,35.041453,OK,31.069419,35.033363,"Dimona, Israel",OK,31.072372,35.041739,"הפסגה, הגבעה, חכמי ישראל, דימונה, נפת באר שבע, מחוז הדרום, 8604712, ישראל",865.4,68.9,863.9,הפיסגה,82,mismatch,הפסגה,,partial,,,n/a,המעלה,56,mismatch,google_rev_at_govmap_mismatch;google_rev_at_osm_mismatch
001027-073567-00435-X,דימונה,הפסגה,69,,,exact,31.071138,35.044039,OK,31.069419,35.033363,"Dimona, Israel",OK,31.072372,35.041739,"הפסגה, הגבעה, חכמי ישראל, דימונה, נפת באר שבע, מחוז הדרום, 8604712, ישראל",1036.5,258.6,863.9,הפיסגה,200,mismatch,,,mismatch,,,n/a,המעלה,56,mismatch,google_rev_at_govmap_mismatch;osm_rev_at_govmap_mismatch;google_rev_at_osm_mismatch
001027-073567-00436-X,דימונה,הפסגה,48,,,exact,31.071284,35.042615,OK,31.069419,35.033363,"Dimona, Israel",OK,31.072372,35.041739,"הפסגה, הגבעה, חכמי ישראל, דימונה, נפת באר שבע, מחוז הדרום, 8604712, ישראל",906.9,146.8,863.9,המעלה,210,mismatch,הפסגה,,partial,,,n/a,המעלה,56,mismatch,google_rev_at_govmap_mismatch;google_rev_at_osm_mismatch
001027-073567-00437-X,דימונה,הפסגה,86,,,exact,31.068213,35.043310,OK,31.069419,35.033363,"Dimona, Israel",OK,31.072372,35.041739,"הפסגה, הגבעה, חכמי ישראל, דימונה, נפת באר שבע, מחוז הדרום, 8604712, ישראל",958.7,484.9,863.9,הפיסגה,379,mismatch,הפיסגה,,mismatch,,,n/a,המעלה,56,mismatch,google_rev_at_govmap_mismatch;osm_rev_at_govmap_mismatch;google_rev_at_osm_mismatch
001027-073567-00438-X,דימונה,הפסגה,27,,,exact,31.073268,35.040858,OK,31.069419,35.033363,"Dimona, Israel",OK,31.072372,35.041739,"הפסגה, הגבעה, חכמי ישראל, דימונה, נפת באר שבע, מחוז הדרום, 8604712, ישראל",832.9,130.2,863.9,הפיסגה,27,mismatch,הפסגה,,partial,,,n/a,המעלה,56,mismatch,google_rev_at_govmap_mismatch;google_rev_at_osm_mismatch
001027-073567-00439-X,דימונה,הפסגה,50,,,exact,31.071089,35.042820,OK,31.069419,35.033363,"Dimona, Israel",OK,31.072372,35.041739,"הפסגה, הגבעה, חכמי ישראל, דימונה, נפת באר שבע, מחוז הדרום, 8604712, ישראל",921.3,175.7,863.9,המעלה,208,mismatch,הפסגה,,partial,,,n/a,המעלה,56,mismatch,google_rev_at_govmap_mismatch;google_rev_at_osm_mismatch
001027-083744-00117-X,דימונה,הפסגה,117,,8617165,exact,31.067916,35.043636,OK,31.069419,35.033363,"Dimona, Israel",OK,31.072372,35.041739,"הפסגה, הגבעה, חכמי ישראל, דימונה, נפת באר שבע, מחוז הדרום, 8604712, ישראל",994.5,526.2,863.9,הפיסגה,282,mismatch,הפיסגה,,mismatch,,,n/a,המעלה,56,mismatch,google_rev_at_govmap_mismatch;osm_rev_at_govmap_mismatch;google_rev_at_osm_mismatch
001027-073567-00441-X,דימונה,הפסגה,42,,,exact,31.071657,35.042212,OK,31.069419,35.033363,"Dimona, Israel",OK,31.072372,35.041739,"הפסגה, הגבעה, חכמי ישראל, דימונה, נפת באר שבע, מחוז הדרום, 8604712, ישראל",880.3,91.3,863.9,המעלה,66,mismatch,הפסגה,,partial,,,n/a,המעלה,56,mismatch,google_rev_at_govmap_mismatch;google_rev_at_osm_mismatch
001027-073567-00442-X,דימונה,הפסגה,38,,,exact,31.071930,35.042007,OK,31.069419,35.033363,"Dimona, Israel",OK,31.072372,35.041739,"הפסגה, הגבעה, חכמי ישראל, דימונה, נפת באר שבע, מחוז הדרום, 8604712, ישראל",870.7,55.3,863.9,המעלה,62,mismatch,הפסגה,,partial,,,n/a,המעלה,56,mismatch,google_rev_at_govmap_mismatch;google_rev_at_osm_mismatch
001027-073567-00443-X,דימונה,הפסגה,90,,,exact,31.067904,35.043258,OK,31.069419,35.033363,"Dimona, Israel",OK,31.072372,35.041739,"הפסגה, הגבעה, חכמי ישראל, דימונה, נפת באר שבע, מחוז הדרום, 8604712, ישראל",959.3,516.2,863.9,הפיסגה,377,mismatch,הפיסגה,,mismatch,,,n/a,המעלה,56,mismatch,google_rev_at_govmap_mismatch;osm_rev_at_govmap_mismatch;google_rev_at_osm_mismatch
001027-073567-00444-X,דימונה,הפסגה,72,,,exact,31.069218,35.043216,OK,31.069419,35.033363,"Dimona, Israel",OK,31.072372,35.041739,"הפסגה, הגבעה, חכמי ישראל, דימונה, נפת באר שבע, מחוז הדרום, 8604712, ישראל",940.7,377.1,863.9,הפיסגה,386,mismatch,הפיסגה,,mismatch,,,n/a,המעלה,56,mismatch,google_rev_at_govmap_mismatch;osm_rev_at_govmap_mismatch;google_rev_at_osm_mismatch
001027-073567-00445-X,דימונה,הפסגה,35,,,exact,31.072794,35.041561,OK,31.069419,35.033363,"Dimona, Israel",OK,31.072372,35.041739,"הפסגה, הגבעה, חכמי ישראל, דימונה, נפת באר שבע, מחוז הדרום, 8604712, ישראל",867.3,49.8,863.9,הפיסגה,81,mismatch,הפסגה,,partial,,,n/a,המעלה,56,mismatch,google_rev_at_govmap_mismatch;google_rev_at_osm_mismatch
001027-073567-00446-X,דימונה,הפסגה,4,,,exact,31.072273,35.039649,OK,31.069419,35.033363,"Dimona, Israel",OK,31.072372,35.041739,"הפסגה, הגבעה, חכמי ישראל, דימונה, נפת באר שבע, מחוז הדרום, 8604712, ישראל",678.2,199.8,863.9,הפיסגה,4,mismatch,הפסגה,,partial,,,n/a,המעלה,56,mismatch,google_rev_at_govmap_mismatch;google_rev_at_osm_mismatch
001027-073567-00447-X,דימונה,הפסגה,87,,,exact,31.070126,35.043550,OK,31.069419,35.033363,"Dimona, Israel",OK,31.072372,35.041739,"הפסגה, הגבעה, חכמי ישראל, דימונה, נפת באר שבע, מחוז הדרום, 8604712, ישראל",975.4,303.1,863.9,הפיסגה,267,mismatch,הפסגה,,partial,,,n/a,המעלה,56,mismatch,google_rev_at_govmap_mismatch;google_rev_at_osm_mismatch
001027-073567-00448-X,דימונה,הפסגה,56,,,exact,31.070627,35.043219,OK,31.069419,35.033363,"Dimona, Israel",OK,31.072372,35.041739,"הפסגה, הגבעה, חכמי ישראל, דימונה, נפת באר שבע, מחוז הדרום, 8604712, ישראל",950.1,239.5,863.9,הפיסגה,264,mismatch,הפסגה,,partial,,,n/a,המעלה,56,mismatch,google_rev_at_govmap_mismatch;google_rev_at_osm_mismatch
001027-073567-00449-X,דימונה,הפסגה,43,,,exact,31.072289,35.042030,OK,31.069419,35.033363,"Dimona, Israel",OK,31.072372,35.041739,"הפסגה, הגבעה, חכמי ישראל, דימונה, נפת באר שבע, מחוז הדרום, 8604712, ישראל",886.2,29.2,863.9,הפיסגה,76,mismatch,הפסגה,,partial,,,n/a,המעלה,56,mismatch,google_rev_at_govmap_mismatch;google_rev_at_osm_mismatch
001027-073567-00450-X,דימונה,הפסגה,101,,,exact,31.069147,35.043628,OK,31.069419,35.033363,"Dimona, Israel",OK,31.072372,35.041739,"הפסגה, הגבעה, חכמי ישראל, דימונה, נפת באר שבע, מחוז הדרום, 8604712, ישראל",980.2,400.4,863.9,הפיסגה,274,mismatch,הפיסגה,,mismatch,,,n/a,המעלה,56,mismatch,google_rev_at_govmap_mismatch;osm_rev_at_govmap_mismatch;google_rev_at_osm_mismatch
001027-073567-00451-X,דימונה,הפסגה,58,,,exact,31.070470,35.043289,OK,31.069419,35.033363,"Dimona, Israel",OK,31.072372,35.041739,"הפסגה, הגבעה, חכמי ישראל, דימונה, נפת באר שבע, מחוז הדרום, 8604712, ישראל",954.5,257.6,863.9,הפיסגה,263,mismatch,הפסגה,,partial,,,n/a,המעלה,56,mismatch,google_rev_at_govmap_mismatch;google_rev_at_osm_mismatch
001027-073567-00452-X,דימונה,הפסגה,79,,,exact,31.071007,35.043343,OK,31.069419,35.033363,"Dimona, Israel",OK,31.072372,35.041739,"הפסגה, הגבעה, חכמי ישראל, דימונה, נפת באר שבע, מחוז הדרום, 8604712, ישראל",968.6,215.2,863.9,הפיסגה,242,mismatch,,,mismatch,,,n/a,המעלה,56,mismatch,google_rev_at_govmap_mismatch;osm_rev_at_govmap_mismatch;google_rev_at_osm_mismatch
001027-073567-00453-X,דימונה,הצאלה,5,,,exact,31.065779,35.031562,OK,31.065797,35.031467,"Ha-Tse'ela St 5, Dimona, Israel",OK,31.065871,35.031889,"הצאלה, שבעת המינים, נווה גן, דימונה, נפת באר שבע, מחוז הדרום, 8604712, ישראל",9.3,32.8,41.1,הצאלה,5,match,הצאלה,,partial,,,n/a,שדרות הנשיא,53,mismatch,google_rev_at_osm_mismatch
001027-073567-00454-X,דימונה,הצאלה,7,,,exact,31.065820,35.031463,OK,31.065820,35.031326,"Ha-Tse'ela St 7, Dimona, Israel",OK,31.066057,35.031075,"הצאלה, שבעת המינים, נווה גן, דימונה, נפת באר שבע, מחוז הדרום, 8604712, ישראל",13.1,45.4,35.6,הצאלה,5,partial,הצאלה,,partial,,,n/a,הצאלה,16,partial,
001027-073567-00455-X,דימונה,הצאלה,1,,,exact,31.065698,35.031826,OK,31.066231,35.031055,"Ha-Tse'ela St 1, Dimona, 8610002, Israel",OK,31.066057,35.031075,"הצאלה, שבעת המינים, נווה גן, דימונה, נפת באר שבע, מחוז הדרום, 8604712, ישראל",94.4,82.0,19.3,שדרות הנשיא,53,mismatch,הצאלה,,partial,,,n/a,הצאלה,16,partial,google_rev_at_govmap_mismatch
001027-073567-00456-X,דימונה,הצבר,10,,,exact,31.062220,35.035970,OK,31.062198,35.036094,"Tsabar St 10, Dimona, Israel",OK,31.062764,35.034900,"הצבר, גיורא יוספטל, נווה גן, דימונה, נפת באר שבע, מחוז הדרום, 8604712, ישראל",12.1,118.6,130.1,בבא סאלי,87,mismatch,בבא סאלי,,mismatch,,,n/a,צבר,14,mismatch,google_rev_at_govmap_mismatch;osm_rev_at_govmap_mismatch;google_rev_at_osm_mismatch
001027-073567-00457-X,דימונה,הצבר,12,,,exact,31.062436,35.035732,OK,31.062433,35.035754,"Tsabar St 12, Dimona, Israel",OK,31.062764,35.034900,"הצבר, גיורא יוספטל, נווה גן, דימונה, נפת באר שבע, מחוז הדרום, 8604712, ישראל",2.1,87.4,89.4,צבר,12,mismatch,הצבר,,partial,,,n/a,צבר,14,mismatch,google_rev_at_govmap_mismatch;google_rev_at_osm_mismatch
001027-073567-00458-X,דימונה,הצבר,14,,,exact,31.062652,35.035720,OK,31.062623,35.035699,"Tsabar St 14, Dimona, Israel",OK,31.062764,35.034900,"הצבר, גיורא יוספטל, נווה גן, דימונה, נפת באר שבע, מחוז הדרום, 8604712, ישראל",3.8,79.3,77.9,צבר,14,mismatch,הצבר,,partial,,,n/a,צבר,14,mismatch,google_rev_at_govmap_mismatch;google_rev_at_osm_mismatch
001027-073567-00459-X,דימונה,הצנחנים,68,,,street,31.074403,35.030309,OK,31.074176,35.028213,"HaTsanhanim St 68, Dimona, Israel",OK,31.074285,35.027260,"הצנחנים, נווה דוד, נווה גן, דימונה, נפת באר שבע, מחוז הדרום, 8604712, ישראל",201.6,291.2,91.7,הצנחנים,1070,partial,משעול רוגל,,mismatch,,,n/a,משעול התקומה,5,mismatch,osm_rev_at_govmap_mismatch;google_rev_at_osm_mismatch
001027-073567-00460-X,דימונה,הצפורים,הציפורים 134,,,exact,31.074115,35.037189,OK,31.054274,35.039143,"Tsipori St, Dimona, Israel",ZERO_RESULTS,,,,2207.9,,,השלווה,136,mismatch,הציפורים,,mismatch,,,n/a,,,n/a,osm_fwd_ZERO_RESULTS;google_rev_at_govmap_mismatch;osm_rev_at_govmap_mismatch
001027-073567-00461-X,דימונה,הצפורים,הציפורים 132,,,exact,31.074297,35.037056,OK,31.054274,35.039143,"Tsipori St, Dimona, Israel",ZERO_RESULTS,,,,2229.1,,,השלווה,132,mismatch,הציפורים,,mismatch,,,n/a,,,n/a,osm_fwd_ZERO_RESULTS;google_rev_at_govmap_mismatch;osm_rev_at_govmap_mismatch
001027-073567-00462-X,דימונה,הקנאים,האיסיים 10,,,none,,,OK,31.069419,35.033363,"Dimona, Israel",ZERO_RESULTS,,,,,,,,,n/a,,,n/a,טיילת הספורט,,mismatch,,,n/a,govmap_missing;osm_fwd_ZERO_RESULTS;osm_rev_at_google_mismatch
001027-073567-00463-X,דימונה,הקנאים,האיסיים 6,,,none,,,OK,31.069419,35.033363,"Dimona, Israel",ZERO_RESULTS,,,,,,,,,n/a,,,n/a,טיילת הספורט,,mismatch,,,n/a,govmap_missing;osm_fwd_ZERO_RESULTS;osm_rev_at_google_mismatch
001027-073567-00464-X,דימונה,הר גולן,1,,,exact,31.086281,35.035041,OK,31.086386,35.034983,"Golan St 1, Dimona, Israel",OK,31.086229,35.034568,"הר גולן, נווה גן, דימונה, נפת באר שבע, מחוז הדרום, 8604712, ישראל",12.9,45.5,43.3,,,mismatch,הר גולן,,partial,,,n/a,,,mismatch,google_rev_at_govmap_mismatch;google_rev_at_osm_mismatch
001027-073567-00465-X,דימונה,הר שניר,20,,,exact,31.086876,35.034501,OK,31.086886,35.034470,"Snir St 20, Dimona, Israel",OK,31.084877,35.034437,"הר שניר, נווה גן, דימונה, נפת באר שבע, מחוז הדרום, 8604712, ישראל",3.2,221.7,222.8,,,mismatch,הר שניר,,partial,,,n/a,,,mismatch,google_rev_at_govmap_mismatch;google_rev_at_osm_mismatch
001027-073567-00466-X,דימונה,הר שניר,7,,,exact,31.085554,35.035251,OK,31.085587,35.035190,"Snir St 7, Dimona, Israel",OK,31.086699,35.034469,"הר שניר, נווה גן, דימונה, נפת באר שבע, מחוז הדרום, 8604712, ישראל",6.8,147.3,141.2,הר שניר,2,partial,הר שניר,,partial,,,n/a,,,mismatch,google_rev_at_osm_mismatch
001027-073567-00467-X,דימונה,הר שניר,26,,,exact,31.087285,35.033856,OK,31.087307,35.033649,"Snir St 26, Dimona, Israel",OK,31.086699,35.034469,"הר שניר, נווה גן, דימונה, נפת באר שבע, מחוז הדרום, 8604712, ישראל",19.9,87.4,103.3,שניר,21,partial,הר שניר,,partial,,,n/a,,,mismatch,google_rev_at_osm_mismatch
001027-073567-00468-X,דימונה,הר שניר,3,,,exact,31.085449,35.034739,OK,31.085079,35.034425,"Snir St 3, Dimona, Israel",OK,31.086699,35.034469,"הר שניר, נווה גן, דימונה, נפת באר שבע, מחוז הדרום, 8604712, ישראל",50.9,141.0,179.7,,,mismatch,הר שניר,,partial,,,n/a,,,mismatch,google_rev_at_govmap_mismatch;google_rev_at_osm_mismatch
001027-073567-00469-X,דימונה,הר שניר,11,,,exact,31.085781,35.035665,OK,31.085873,35.035610,"Snir St 11, Dimona, Israel",OK,31.085447,35.035425,"הר שניר, נווה גן, דימונה, נפת באר שבע, מחוז הדרום, 8604712, ישראל",11.5,43.5,50.4,,,mismatch,הר שניר,,partial,,,n/a,הר שניר,2,partial,google_rev_at_govmap_mismatch
001027-073567-00470-X,דימונה,הר שניר,9,,,exact,31.085660,35.035524,OK,31.085666,35.035530,"Snir St 9, Dimona, Israel",OK,31.086699,35.034469,"הר שניר, נווה גן, דימונה, נפת באר שבע, מחוז הדרום, 8604712, ישראל",0.9,153.1,152.9,,,mismatch,הר שניר,,partial,,,n/a,,,mismatch,google_rev_at_govmap_mismatch;google_rev_at_osm_mismatch
001027-073567-00471-X,דימונה,הר שניר,5,,,exact,31.085520,35.035008,OK,31.085487,35.034710,"Snir St 5, Dimona, Israel",OK,31.086699,35.034469,"הר שניר, נווה גן, דימונה, נפת באר שבע, מחוז הדרום, 8604712, ישראל",28.7,140.5,136.4,,,mismatch,הר שניר,,partial,,,n/a,,,mismatch,google_rev_at_govmap_mismatch;google_rev_at_osm_mismatch
001027-073567-00472-X,דימונה,הרב אבוחצירה,הרב אבוחצירא 17,,,none,,,OK,31.071217,35.050837,"הרב אלעזר אבוחצירה, Dimona, Israel",ZERO_RESULTS,,,,,,,,,n/a,,,n/a,הרב אלעזר אבוחצירה,,partial,,,n/a,govmap_missing;osm_fwd_ZERO_RESULTS
001027-073567-00473-X,דימונה,הרב אבוחצירה,הרב אבוחצירא 13,,,none,,,OK,31.071217,35.050837,"הרב אלעזר אבוחצירה, Dimona, Israel",ZERO_RESULTS,,,,,,,,,n/a,,,n/a,הרב אלעזר אבוחצירה,,partial,,,n/a,govmap_missing;osm_fwd_ZERO_RESULTS
001027-073567-00474-X,דימונה,הרב אבוחצירה,הרב אבוחצירא 15,,,none,,,OK,31.071217,35.050837,"הרב אלעזר אבוחצירה, Dimona, Israel",ZERO_RESULTS,,,,,,,,,n/a,,,n/a,הרב אלעזר אבוחצירה,,partial,,,n/a,govmap_missing;osm_fwd_ZERO_RESULTS
001027-073567-00475-X,דימונה,הרב אלנקוה,הרב אלנקווה 1319,,,none,,,OK,31.076669,35.036970,"HaRav Alnekave St 1319, Dimona, Israel",ZERO_RESULTS,,,,,,,,,n/a,,,n/a,הרב אלנקוה,1323,partial,,,n/a,govmap_missing;osm_fwd_ZERO_RESULTS
001027-073567-00476-X,דימונה,הרדוף הנחלים,21,,,exact,31.080969,35.043824,OK,31.080930,35.043754,"Harduf ha-Nekhalim St 21, Dimona, Israel",OK,31.080541,35.043529,"הרדוף הנחלים, נווה חורש, חכמי ישראל, דימונה, נפת באר שבע, מחוז הדרום, 8604712, ישראל",8.0,55.2,48.2,הרדוף הנחלים,23,partial,הרדוף הנחלים,,partial,,,n/a,הרדוף הנחלים,176,partial,
001027-073567-00477-X,דימונה,הרדוף הנחלים,13,,,exact,31.080749,35.043530,OK,31.080711,35.043492,"Harduf ha-Nekhalim St 13, Dimona, Israel",OK,31.080541,35.043529,"הרדוף הנחלים, נווה חורש, חכמי ישראל, דימונה, נפת באר שבע, מחוז הדרום, 8604712, ישראל",5.5,23.0,19.1,הרדוף הנחלים,15,partial,הרדוף הנחלים,,partial,,,n/a,הרדוף הנחלים,176,partial,
001027-073567-00478-X,דימונה,הרדוף הנחלים,11,,,exact,31.080628,35.043461,OK,31.080633,35.043406,"Harduf ha-Nekhalim St 11, Dimona, Israel",OK,31.080541,35.043529,"הרדוף הנחלים, נווה חורש, חכמי ישראל, דימונה, נפת באר שבע, מחוז הדרום, 8604712, ישראל",5.3,11.6,15.5,הרדוף הנחלים,176,partial,הרדוף הנחלים,,partial,,,n/a,הרדוף הנחלים,176,partial,
001027-073567-00479-X,דימונה,הרדוף הנחלים,16,,,exact,31.080539,35.043840,OK,31.080528,35.043794,"Harduf ha-Nekhalim St 16, Dimona, Israel",OK,31.080541,35.043529,"הרדוף הנחלים, נווה חורש, חכמי ישראל, דימונה, נפת באר שבע, מחוז הדרום, 8604712, ישראל",4.5,29.7,25.4,הרדוף הנחלים,173,partial,הרדוף הנחלים,,partial,,,n/a,הרדוף הנחלים,176,partial,
001027-073567-00480-X,דימונה,הרדוף הנחלים,17,,,exact,31.080805,35.043674,OK,31.080744,35.043711,"Harduf ha-Nekhalim St 17, Dimona, Israel",OK,31.080541,35.043529,"הרדוף הנחלים, נווה חורש, חכמי ישראל, דימונה, נפת באר שבע, מחוז הדרום, 8604712, ישראל",7.6,32.3,28.4,הרדוף הנחלים,17,match,הרדוף הנחלים,,partial,,,n/a,הרדוף הנחלים,176,partial,
001027-073567-00481-X,דימונה,הרדוף הנחלים,2,,,exact,31.080147,35.043401,OK,31.080123,35.043341,"Harduf ha-Nekhalim St 2, Dimona, Israel",OK,31.080541,35.043529,"הרדוף הנחלים, נווה חורש, חכמי ישראל, דימונה, נפת באר שבע, מחוז הדרום, 8604712, ישראל",6.3,45.4,49.7,הרדוף הנחלים,4,partial,שיזף,,mismatch,,,n/a,הרדוף הנחלים,176,partial,osm_rev_at_govmap_mismatch
001027-073567-00482-X,דימונה,הרדוף הנחלים,14,,,exact,31.080492,35.043763,OK,31.080472,35.043732,"Harduf ha-Nekhalim St 14, Dimona, Israel",OK,31.080541,35.043529,"הרדוף הנחלים, נווה חורש, חכמי ישראל, דימונה, נפת באר שבע, מחוז הדרום, 8604712, ישראל",3.7,23.0,20.9,הרדוף הנחלים,14,match,הרדוף הנחלים,,partial,,,n/a,הרדוף הנחלים,176,partial,
001027-073567-00483-X,דימונה,הרדוף הנחלים,9,,,exact,31.080572,35.043408,OK,31.080583,35.043347,"Harduf ha-Nekhalim St 9, Dimona, Israel",OK,31.080541,35.043529,"הרדוף הנחלים, נווה חורש, חכמי ישראל, דימונה, נפת באר שבע, מחוז הדרום, 8604712, ישראל",6.0,12.0,17.9,הרדוף הנחלים,9,match,הרדוף הנחלים,,partial,,,n/a,הרדוף הנחלים,176,partial,
001027-073567-00484-X,דימונה,הרדוף הנחלים,7,,,exact,31.080474,35.043297,OK,31.080521,35.043268,"Harduf ha-Nekhalim St 7, Dimona, Israel",OK,31.080541,35.043529,"הרדוף הנחלים, נווה חורש, חכמי ישראל, דימונה, נפת באר שבע, מחוז הדרום, 8604712, ישראל",5.9,23.3,25.0,הרדוף הנחלים,175,partial,הרדוף הנחלים,,partial,,,n/a,הרדוף הנחלים,176,partial,
001027-073567-00485-X,דימונה,הרודיון,24,,,exact,31.055191,35.034749,OK,31.055220,35.034850,"Herodion St 24, Dimona, Israel",OK,31.055980,35.034785,"הרודיון, ערבה, נווה גן, דימונה, נפת באר שבע, מחוז הדרום, 8604712, ישראל",10.2,87.5,84.5,מונפור,14,mismatch,הרודיון,,partial,,,n/a,הרודיון,11,partial,google_rev_at_govmap_mismatch
001027-073567-00486-X,דימונה,הרודיון,31,,,exact,31.054981,35.035136,OK,31.054880,35.034965,"Herodion St 31, Dimona, Israel",OK,31.055980,35.034785,"הרודיון, ערבה, נווה גן, דימונה, נפת באר שבע, מחוז הדרום, 8604712, ישראל",19.8,115.7,123.1,,,mismatch,מונפור,,mismatch,,,n/a,הרודיון,11,partial,google_rev_at_govmap_mismatch;osm_rev_at_govmap_mismatch
001027-073567-00487-X,דימונה,הרודיון,27,,,exact,31.055157,35.035052,OK,31.055091,35.034896,"Herodion St 27, Dimona, Israel",OK,31.055980,35.034785,"הרודיון, ערבה, נווה גן, דימונה, נפת באר שבע, מחוז הדרום, 8604712, ישראל",16.6,94.7,99.2,מונפור,14,mismatch,הרודיון,,partial,,,n/a,הרודיון,11,partial,google_rev_at_govmap_mismatch
001027-073567-00488-X,דימונה,הרודיון,25,,,exact,31.055196,35.035042,OK,31.055196,35.034859,"Herodion St 25, Dimona, Israel",OK,31.055980,35.034785,"הרודיון, ערבה, נווה גן, דימונה, נפת באר שבע, מחוז הדרום, 8604712, ישראל",17.4,90.3,87.3,מונפור,14,mismatch,הרודיון,,partial,,,n/a,הרודיון,11,partial,google_rev_at_govmap_mismatch
001027-073567-00489-X,דימונה,הרודיון,22,,,exact,31.055334,35.034660,OK,31.055333,35.034820,"Herodion St 22, Dimona, Israel",OK,31.055980,35.034785,"הרודיון, ערבה, נווה גן, דימונה, נפת באר שבע, מחוז הדרום, 8604712, ישראל",15.3,72.7,71.8,תל אפק,30,mismatch,הרודיון,,partial,,,n/a,הרודיון,11,partial,google_rev_at_govmap_mismatch
001027-073567-00490-X,דימונה,הרודיון,28,,,exact,31.055009,35.034806,OK,31.054996,35.034927,"Herodion St 28, Dimona, Israel",OK,31.055980,35.034785,"הרודיון, ערבה, נווה גן, דימונה, נפת באר שבע, מחוז הדרום, 8604712, ישראל",11.7,107.7,109.9,מונפור,14,mismatch,הרודיון,,partial,,,n/a,הרודיון,11,partial,google_rev_at_govmap_mismatch
001027-073567-00491-X,דימונה,הרודיון,11,,,exact,31.055963,35.034966,OK,31.055942,35.034911,"Herodion St 11, Dimona, 8619511, Israel",OK,31.055980,35.034785,"הרודיון, ערבה, נווה גן, דימונה, נפת באר שבע, מחוז הדרום, 8604712, ישראל",5.8,17.4,12.7,הרודיון,11,match,הרודיון,,partial,,,n/a,הרודיון,11,match,
001027-073567-00492-X,דימונה,הרודיון,16,,,exact,31.055601,35.034648,OK,31.055684,35.034775,"Herodion St 16, Dimona, Israel",OK,31.055980,35.034785,"הרודיון, ערבה, נווה גן, דימונה, נפת באר שבע, מחוז הדרום, 8604712, ישראל",15.2,44.0,32.9,הרודיון,11,partial,הרודיון,,partial,,,n/a,הרודיון,11,partial,
001027-073567-00493-X,דימונה,הרודיון,14,,,exact,31.055723,35.034630,OK,31.055882,35.034780,"Herodion St 14, Dimona, Israel",OK,31.055980,35.034785,"הרודיון, ערבה, נווה גן, דימונה, נפת באר שבע, מחוז הדרום, 8604712, ישראל",22.7,32.1,10.9,הרודיון,11,partial,הרודיון,,partial,,,n/a,הרודיון,11,partial,
001027-073567-00494-X,דימונה,הרודיון,17,,,exact,31.055599,35.034931,OK,31.055629,35.034898,"Herodion St 17, Dimona, Israel",OK,31.055980,35.034785,"הרודיון, ערבה, נווה גן, דימונה, נפת באר שבע, מחוז הדרום, 8604712, ישראל",4.6,44.5,40.4,יודפת,12,mismatch,הרודיון,,partial,,,n/a,הרודיון,11,partial,google_rev_at_govmap_mismatch
001027-073567-00495-X,דימונה,הרודיון,1,,,exact,31.056365,35.034984,OK,31.056542,35.034919,"Herodion St 1, Dimona, Israel",OK,31.055980,35.034785,"הרודיון, ערבה, נווה גן, דימונה, נפת באר שבע, מחוז הדרום, 8604712, ישראל",20.6,46.7,63.6,בית שערים,28,mismatch,הרודיון,,partial,,,n/a,הרודיון,11,partial,google_rev_at_govmap_mismatch
001027-073567-00496-X,דימונה,הרימון,24,,,exact,31.063968,35.026673,OK,31.063997,35.026624,"Ha-Rimon St 24, Dimona, Israel",OK,31.063935,35.026963,"הרימון, שבעת המינים, נווה גן, דימונה, נפת באר שבע, מחוז הדרום, 8604712, ישראל",5.7,27.9,33.1,הרימון,200,partial,הרימון,,partial,,,n/a,הרימון,199,partial,
001027-073567-00497-X,דימונה,הרימון,13,,,exact,31.063783,35.026857,OK,31.063728,35.026801,"Ha-Rimon St 13, Dimona, Israel",OK,31.063935,35.026963,"הרימון, שבעת המינים, נווה גן, דימונה, נפת באר שבע, מחוז הדרום, 8604712, ישראל",8.1,19.7,27.7,הרימון,222,partial,הרימון,,partial,,,n/a,הרימון,199,partial,
001027-073567-00498-X,דימונה,הרימון,2,,,exact,31.064200,35.028367,OK,31.064193,35.028357,"Ha-Rimon St 2, Dimona, Israel",OK,31.063935,35.026963,"הרימון, שבעת המינים, נווה גן, דימונה, נפת באר שבע, מחוז הדרום, 8604712, ישראל",1.2,137.2,136.1,הרימון,2,match,הרימון,,partial,,,n/a,הרימון,199,partial,
001027-073567-00499-X,דימונה,הרימון,21,,,exact,31.063507,35.025953,OK,31.063492,35.025863,"Ha-Rimon St 21, Dimona, Israel",OK,31.063935,35.026963,"הרימון, שבעת המינים, נווה גן, דימונה, נפת באר שבע, מחוז הדרום, 8604712, ישראל",8.8,107.4,115.9,הרימון,233,partial,הרימון,,partial,,,n/a,הרימון,199,partial,
001027-073567-00500-X,דימונה,הרכס,9,,,exact,31.068369,35.042640,OK,31.068393,35.042585,"Ha-Rekhes St 9, Dimona, Israel",OK,31.068325,35.042827,"הרכס, קהילת העבריים, חכמי ישראל, דימונה, נפת באר שבע, מחוז הדרום, 8604712, ישראל",5.9,18.5,24.3,הפיסגה,363,mismatch,הרכס,,partial,,,n/a,הרכס,8,partial,google_rev_at_govmap_mismatch
001027-073567-00501-X,דימונה,הרכס,18,,,exact,31.069069,35.043023,OK,31.069050,35.043059,"Ha-Rekhes St 18, Dimona, Israel",OK,31.068325,35.042827,"הרכס, קהילת העבריים, חכמי ישראל, דימונה, נפת באר שבע, מחוז הדרום, 8604712, ישראל",4.0,84.6,83.4,הפיסגה,388,mismatch,הרכס,,partial,,,n/a,הרכס,8,partial,google_rev_at_govmap_mismatch
001027-073567-00502-X,דימונה,הרכס,7,,,exact,31.068231,35.042663,OK,31.068255,35.042604,"Ha-Rekhes St 7, Dimona, Israel",OK,31.068325,35.042827,"הרכס, קהילת העבריים, חכמי ישראל, דימונה, נפת באר שבע, מחוז הדרום, 8604712, ישראל",6.3,18.8,22.7,הפיסגה,362,mismatch,הרכס,,partial,,,n/a,הרכס,8,partial,google_rev_at_govmap_mismatch
001027-073567-00503-X,דימונה,הרכס,12,,,exact,31.068668,35.042973,OK,31.068587,35.043007,"Ha-Rekhes St 12, Dimona, Israel",OK,31.068325,35.042827,"הרכס, קהילת העבריים, חכמי ישראל, דימונה, נפת באר שבע, מחוז הדרום, 8604712, ישראל",9.5,40.5,33.7,הפיסגה,370,mismatch,הרכס,,partial,,,n/a,הרכס,8,partial,google_rev_at_govmap_mismatch
001027-073567-00504-X,דימונה,הרכס,19,,,exact,31.069174,35.042770,OK,31.069207,35.042703,"Ha-Rekhes St 19, Dimona, Israel",OK,31.068325,35.042827,"הרכס, קהילת העבריים, חכמי ישראל, דימונה, נפת באר שבע, מחוז הדרום, 8604712, ישראל",7.3,94.3,98.5,המעפיל,956,mismatch,הרכס,,partial,,,n/a,הרכס,8,partial,google_rev_at_govmap_mismatch
001027-073567-00505-X,דימונה,הרכס,5,,,exact,31.068067,35.042670,OK,31.068092,35.042630,"Ha-Rekhes St 5, Dimona, Israel",OK,31.068325,35.042827,"הרכס, קהילת העבריים, חכמי ישראל, דימונה, נפת באר שבע, מחוז הדרום, 8604712, ישראל",4.7,32.3,32.0,הפיסגה,361,mismatch,הרכס,,partial,,,n/a,הרכס,8,partial,google_rev_at_govmap_mismatch
001027-073567-00506-X,דימונה,הרכס,11,,,exact,31.068515,35.042656,OK,31.068533,35.042571,"Ha-Rekhes St 11, Dimona, Israel",OK,31.068325,35.042827,"הרכס, קהילת העבריים, חכמי ישראל, דימונה, נפת באר שבע, מחוז הדרום, 8604712, ישראל",8.4,26.6,33.6,הפיסגה,364,mismatch,הרכס,,partial,,,n/a,הרכס,8,partial,google_rev_at_govmap_mismatch
001027-073567-00507-X,דימונה,הרכס,14,,,exact,31.068804,35.043007,OK,31.068821,35.042958,"Ha-Rekhes St 14, Dimona, Israel",OK,31.068325,35.042827,"הרכס, קהילת העבריים, חכמי ישראל, דימונה, נפת באר שבע, מחוז הדרום, 8604712, ישראל",5.1,55.8,56.4,הרכס,14,match,הרכס,,partial,,,n/a,הרכס,8,partial,
001027-073567-00508-X,דימונה,הרכס,15,,,exact,31.068960,35.042505,OK,31.068942,35.042398,"Ha-Rekhes St 15, Dimona, Israel",OK,31.068325,35.042827,"הרכס, קהילת העבריים, חכמי ישראל, דימונה, נפת באר שבע, מחוז הדרום, 8604712, ישראל",10.4,76.8,79.7,הפיסגה,366,mismatch,,,mismatch,,,n/a,הרכס,8,partial,google_rev_at_govmap_mismatch;osm_rev_at_govmap_mismatch
001027-073567-00509-X,דימונה,הרמה,12,,,exact,31.070274,35.040398,OK,31.070311,35.040317,"Ha-Rama St 12, Dimona, Israel",OK,31.070092,35.040819,"הרמה, הגבעה, נווה גן, דימונה, נפת באר שבע, מחוז הדרום, 8604712, ישראל",8.8,44.9,53.7,הגיא,327,mismatch,הרמה,,partial,,,n/a,הרמה,15,partial,google_rev_at_govmap_mismatch
001027-073567-00510-X,דימונה,הרמה,1,,,exact,31.070882,35.040119,OK,31.070908,35.040094,"Ha-Rama St 1, Dimona, Israel",OK,31.070092,35.040819,"הרמה, הגבעה, נווה גן, דימונה, נפת באר שבע, מחוז הדרום, 8604712, ישראל",3.7,110.2,113.9,הרמה,1,match,הרמה,,partial,,,n/a,הרמה,15,partial,
001027-073567-00511-X,דימונה,הרמה,8,,,exact,31.070469,35.040151,OK,31.070566,35.040171,"Ha-Rama St 8, Dimona, Israel",OK,31.070092,35.040819,"הרמה, הגבעה, נווה גן, דימונה, נפת באר שבע, מחוז הדרום, 8604712, ישראל",10.8,76.3,81.2,הרמה,8,match,הרמה,,partial,,,n/a,הרמה,15,partial,
001027-073567-00512-X,דימונה,הרמה,44,,,exact,31.068504,35.041949,OK,31.068543,35.041785,"Ha-Rama St 44, Dimona, Israel",OK,31.070092,35.040819,"הרמה, הגבעה, נווה גן, דימונה, נפת באר שבע, מחוז הדרום, 8604712, ישראל",16.3,206.5,194.9,הגיא,311,mismatch,נצרים,,mismatch,,,n/a,הרמה,15,partial,google_rev_at_govmap_mismatch;osm_rev_at_govmap_mismatch
001027-073567-00513-X,דימונה,הרמה,7,,,exact,31.070567,35.040457,OK,31.070593,35.040440,"Ha-Rama St 7, Dimona, Israel",OK,31.070092,35.040819,"הרמה, הגבעה, נווה גן, דימונה, נפת באר שבע, מחוז הדרום, 8604712, ישראל",3.3,63.0,66.3,הרמה,7,match,הרמה,,partial,,,n/a,הרמה,15,partial,
001027-073567-00514-X,דימונה,הרמה,49,,,exact,31.068096,35.042311,OK,31.068089,35.042325,"Ha-Rama St 49, Dimona, Israel",OK,31.070092,35.040819,"הרמה, הגבעה, נווה גן, דימונה, נפת באר שבע, מחוז הדרום, 8604712, ישראל",1.6,263.1,264.5,הרמה,49,match,הרמה,,partial,,,n/a,הרמה,15,partial,
001027-073567-00515-X,דימונה,הרמה,9,,,exact,31.070456,35.040587,OK,31.070504,35.040544,"Ha-Rama St 9, Dimona, Israel",OK,31.070092,35.040819,"הרמה, הגבעה, נווה גן, דימונה, נפת באר שבע, מחוז הדרום, 8604712, ישראל",6.7,46.1,52.7,הרמה,9,match,הרמה,,partial,,,n/a,הרמה,15,partial,
001027-073567-00516-X,דימונה,הרמה,48,,,exact,31.068085,35.041959,OK,31.068124,35.041907,"Ha-Rama St 48, Dimona, Israel",OK,31.070092,35.040819,"הרמה, הגבעה, נווה גן, דימונה, נפת באר שבע, מחוז הדרום, 8604712, ישראל",6.6,247.7,241.6,הגיא,309,mismatch,הרמה,,partial,,,n/a,הרמה,15,partial,google_rev_at_govmap_mismatch
001027-073567-00517-X,דימונה,הרמה,45,,,exact,31.068406,35.042303,OK,31.068367,35.042339,"Ha-Rama St 45, Dimona, Israel",OK,31.070092,35.040819,"הרמה, הגבעה, נווה גן, דימונה, נפת באר שבע, מחוז הדרום, 8604712, ישראל",5.6,234.4,240.0,הרמה,45,match,הרמה,,partial,,,n/a,הרמה,15,partial,
001027-073567-00518-X,דימונה,הרמה,14,,,exact,31.070182,35.040522,OK,31.070134,35.040375,"Ha-Rama St 14, Dimona, Israel",OK,31.070092,35.040819,"הרמה, הגבעה, נווה גן, דימונה, נפת באר שבע, מחוז הדרום, 8604712, ישראל",15.0,30.1,42.6,הגיא,326,mismatch,הרמה,,partial,,,n/a,הרמה,15,partial,google_rev_at_govmap_mismatch
001027-073567-00519-X,דימונה,הרמה,35,,,exact,31.069149,35.042140,OK,31.069195,35.042080,"Ha-Rama St 35, Dimona, Israel",OK,31.070092,35.040819,"הרמה, הגבעה, נווה גן, דימונה, נפת באר שבע, מחוז הדרום, 8604712, ישראל",7.7,163.8,156.1,הגיא,350,mismatch,הרמה,,partial,,,n/a,הרמה,15,partial,google_rev_at_govmap_mismatch
001027-073567-00520-X,דימונה,הרצל,55,,,exact,31.067272,35.031800,OK,31.069419,35.033363,"Dimona, Israel",OK,31.067568,35.035925,"שדרות הרצל, גיורא יוספטל, נווה גן, דימונה, נפת באר שבע, מחוז הדרום, 8604712, ישראל",280.9,395.1,319.3,שדרות הרצל,100,partial,שדרות אריאל שרון,,mismatch,,,n/a,שדרות הרצל,232,partial,osm_rev_at_govmap_mismatch
001027-073567-00521-X,דימונה,הרצל,101,,,exact,31.066546,35.027583,OK,31.069419,35.033363,"Dimona, Israel",OK,31.067568,35.035925,"שדרות הרצל, גיורא יוספטל, נווה גן, דימונה, נפת באר שבע, מחוז הדרום, 8604712, ישראל",637.0,804.2,319.3,שדרות הרצל,118,partial,,,mismatch,,,n/a,שדרות הרצל,232,partial,osm_rev_at_govmap_mismatch
001027-073567-00522-X,דימונה,הרצל,58,,,exact,31.068687,35.031134,OK,31.069419,35.033363,"Dimona, Israel",OK,31.064267,35.021912,"שדרות הרצל, שבעת המינים, נווה גן, דימונה, נפת באר שבע, מחוז הדרום, 8604712, ישראל",227.7,1007.4,1233.2,רחבת הבנים,1099,mismatch,שדרות גולדה מאיר,,mismatch,,,n/a,,,mismatch,google_rev_at_govmap_mismatch;osm_rev_at_govmap_mismatch;google_rev_at_osm_mismatch
001027-073567-00523-X,דימונה,הרצל,90,,,exact,31.067934,35.030319,OK,31.069419,35.033363,"Dimona, Israel",OK,31.066638,35.025756,"שדרות הרצל, שבעת המינים, נווה גן, דימונה, נפת באר שבע, מחוז הדרום, 8604712, ישראל",333.9,458.6,788.8,שדרות הרצל,1093,partial,שדרות הרצל,,partial,,,n/a,,,mismatch,google_rev_at_osm_mismatch
001027-073567-00524-X,דימונה,הרצל,50,,,exact,31.068770,35.030255,OK,31.069419,35.033363,"Dimona, Israel",OK,31.067568,35.035925,"שדרות הרצל, גיורא יוספטל, נווה גן, דימונה, נפת באר שבע, מחוז הדרום, 8604712, ישראל",305.2,557.4,319.3,העצמאות,1095,mismatch,העצמאות,,mismatch,,,n/a,שדרות הרצל,232,partial,google_rev_at_govmap_mismatch;osm_rev_at_govmap_mismatch
001027-073567-00525-X,דימונה,הרצל,61,,,exact,31.067245,35.031271,OK,31.069419,35.033363,"Dimona, Israel",OK,31.064267,35.021912,"שדרות הרצל, שבעת המינים, נווה גן, דימונה, נפת באר שבע, מחוז הדרום, 8604712, ישראל",313.0,952.3,1233.2,שדרות הנשיא,198,mismatch,שדרות הרצל,,partial,,,n/a,,,mismatch,google_rev_at_govmap_mismatch;google_rev_at_osm_mismatch
001027-073567-00525-X,דימונה,הרצל,61,,,exact,31.067245,35.031271,OK,31.069419,35.033363,"Dimona, Israel",OK,31.064267,35.021912,"שדרות הרצל, שבעת המינים, נווה גן, דימונה, נפת באר שבע, מחוז הדרום, 8604712, ישראל",313.0,952.3,1233.2,שדרות הנשיא,198,mismatch,שדרות הרצל,,partial,,,n/a,,,mismatch,google_rev_at_govmap_mismatch;google_rev_at_osm_mismatch
001027-073567-00525-X,דימונה,הרצל,61,,,exact,31.067245,35.031271,OK,31.069419,35.033363,"Dimona, Israel",OK,31.064267,35.021912,"שדרות הרצל, שבעת המינים, נווה גן, דימונה, נפת באר שבע, מחוז הדרום, 8604712, ישראל",313.0,952.3,1233.2,שדרות הנשיא,198,mismatch,שדרות הרצל,,partial,,,n/a,,,mismatch,google_rev_at_govmap_mismatch;google_rev_at_osm_mismatch
001027-073567-00526-X,דימונה,הרצל,75,,,exact,31.067214,35.030073,OK,31.069419,35.033363,"Dimona, Israel",OK,31.067568,35.035925,"שדרות הרצל, גיורא יוספטל, נווה גן, דימונה, נפת באר שבע, מחוז הדרום, 8604712, ישראל",397.9,559.9,319.3,שדרות הרצל,200,partial,שדרות הרצל,,partial,,,n/a,שדרות הרצל,232,partial,
001027-073567-00527-X,דימונה,הרצל,54,,,exact,31.068897,35.030691,OK,31.069419,35.033363,"Dimona, Israel",OK,31.067727,35.033305,"שדרות הרצל, גיורא יוספטל, נווה גן, דימונה, נפת באר שבע, מחוז הדרום, 8604712, ישראל",261.5,281.2,187.7,העצמאות,1096,mismatch,העצמאות,,mismatch,,,n/a,טיילת הספורט,285,mismatch,google_rev_at_govmap_mismatch;osm_rev_at_govmap_mismatch;google_rev_at_osm_mismatch
001027-073567-00528-X,דימונה,הרצל,36,,,exact,31.067907,35.031325,OK,31.069419,35.033363,"Dimona, Israel",OK,31.067568,35.035925,"שדרות הרצל, גיורא יוספטל, נווה גן, דימונה, נפת באר שבע, מחוז הדרום, 8604712, ישראל",256.8,440.7,319.3,שדרות הרצל,1086,partial,שדרות הרצל,,partial,,,n/a,שדרות הרצל,232,partial,
001027-073567-00529-X,דימונה,הרצל,44,,,exact,31.067877,35.030021,OK,31.069419,35.033363,"Dimona, Israel",OK,31.067568,35.035925,"שדרות הרצל, גיורא יוספטל, נווה גן, דימונה, נפת באר שבע, מחוז הדרום, 8604712, ישראל",361.9,564.6,319.3,העצמאות,1092,mismatch,שדרות הרצל,,partial,,,n/a,שדרות הרצל,232,partial,google_rev_at_govmap_mismatch
001027-073567-00530-X,דימונה,הרצל,34,,,exact,31.067905,35.031571,OK,31.069419,35.033363,"Dimona, Israel",OK,31.067727,35.033305,"שדרות הרצל, גיורא יוספטל, נווה גן, דימונה, נפת באר שבע, מחוז הדרום, 8604712, ישראל",239.6,166.6,187.7,רחבת הבנים,1086,mismatch,שדרות הרצל,,partial,,,n/a,טיילת הספורט,285,mismatch,google_rev_at_govmap_mismatch;google_rev_at_osm_mismatch
001027-073567-00531-X,דימונה,הרצל,48,,,exact,31.067825,35.029765,OK,31.069419,35.033363,"Dimona, Israel",OK,31.067568,35.035925,"שדרות הרצל, גיורא יוספטל, נווה גן, דימונה, נפת באר שבע, מחוז הדרום, 8604712, ישראל",386.2,588.7,319.3,העצמאות,1092,mismatch,העצמאות,,mismatch,,,n/a,שדרות הרצל,232,partial,google_rev_at_govmap_mismatch;osm_rev_at_govmap_mismatch
001027-073567-00532-X,דימונה,הרצל,42,,,exact,31.067830,35.030317,OK,31.069419,35.033363,"Dimona, Israel",OK,31.067568,35.035925,"שדרות הרצל, גיורא יוספטל, נווה גן, דימונה, נפת באר שבע, מחוז הדרום, 8604712, ישראל",339.9,536.0,319.3,שדרות הרצל,1092,partial,שדרות הרצל,,partial,,,n/a,שדרות הרצל,232,partial,
001027-073567-00533-X,דימונה,הרצל,62,,,exact,31.068746,35.031300,OK,31.069419,35.033363,"Dimona, Israel",OK,31.067568,35.035925,"שדרות הרצל, גיורא יוספטל, נווה גן, דימונה, נפת באר שבע, מחוז הדרום, 8604712, ישראל",210.6,460.4,319.3,רחבת הבנים,1099,mismatch,שדרות גולדה מאיר,,mismatch,,,n/a,שדרות הרצל,232,partial,google_rev_at_govmap_mismatch;osm_rev_at_govmap_mismatch
001027-073567-00533-X,דימונה,הרצל,62,,,exact,31.068746,35.031300,OK,31.069419,35.033363,"Dimona, Israel",OK,31.067568,35.035925,"שדרות הרצל, גיורא יוספטל, נווה גן, דימונה, נפת באר שבע, מחוז הדרום, 8604712, ישראל",210.6,460.4,319.3,רחבת הבנים,1099,mismatch,שדרות גולדה מאיר,,mismatch,,,n/a,שדרות הרצל,232,partial,google_rev_at_govmap_mismatch;osm_rev_at_govmap_mismatch
001027-073567-00533-X,דימונה,הרצל,62,,,exact,31.068746,35.031300,OK,31.069419,35.033363,"Dimona, Israel",OK,31.067568,35.035925,"שדרות הרצל, גיורא יוספטל, נווה גן, דימונה, נפת באר שבע, מחוז הדרום, 8604712, ישראל",210.6,460.4,319.3,רחבת הבנים,1099,mismatch,שדרות גולדה מאיר,,mismatch,,,n/a,שדרות הרצל,232,partial,google_rev_at_govmap_mismatch;osm_rev_at_govmap_mismatch
001027-073567-00533-X,דימונה,הרצל,62,,,exact,31.068746,35.031300,OK,31.069419,35.033363,"Dimona, Israel",OK,31.067568,35.035925,"שדרות הרצל, גיורא יוספטל, נווה גן, דימונה, נפת באר שבע, מחוז הדרום, 8604712, ישראל",210.6,460.4,319.3,רחבת הבנים,1099,mismatch,שדרות גולדה מאיר,,mismatch,,,n/a,שדרות הרצל,232,partial,google_rev_at_govmap_mismatch;osm_rev_at_govmap_mismatch
001027-073567-00534-X,דימונה,הרצל,40,,,exact,31.067867,35.030758,OK,31.069419,35.033363,"Dimona, Israel",OK,31.066638,35.025756,"שדרות הרצל, שבעת המינים, נווה גן, דימונה, נפת באר שבע, מחוז הדרום, 8604712, ישראל",302.4,496.5,788.8,שדרות הרצל,1088,partial,שדרות הרצל,,partial,,,n/a,,,mismatch,google_rev_at_osm_mismatch
001027-073567-00535-X,דימונה,הרצל,67,,,exact,31.067230,35.030727,OK,31.069419,35.033363,"Dimona, Israel",OK,31.067568,35.035925,"שדרות הרצל, גיורא יוספטל, נווה גן, דימונה, נפת באר שבע, מחוז הדרום, 8604712, ישראל",349.6,497.5,319.3,שדרות הרצל,61,partial,שדרות הרצל,,partial,,,n/a,שדרות הרצל,232,partial,
001027-073567-00536-X,דימונה,הרצל,29,,,exact,31.067241,35.036176,OK,31.069419,35.033363,"Dimona, Israel",OK,31.067568,35.035925,"שדרות הרצל, גיורא יוספטל, נווה גן, דימונה, נפת באר שבע, מחוז הדרום, 8604712, ישראל",361.1,43.4,319.3,שדרות הרצל,232,partial,שדרות הרצל,,partial,,,n/a,שדרות הרצל,232,partial,
001027-073567-00537-X,דימונה,הרצל,38,,,exact,31.067853,35.031045,OK,31.069419,35.033363,"Dimona, Israel",OK,31.066638,35.025756,"שדרות הרצל, שבעת המינים, נווה גן, דימונה, נפת באר שבע, מחוז הדרום, 8604712, ישראל",281.3,522.4,788.8,שדרות הרצל,1087,partial,שדרות הרצל,,partial,,,n/a,,,mismatch,google_rev_at_osm_mismatch
001027-073567-00538-X,דימונה,הרצל,64,,,exact,31.068756,35.031468,OK,31.069419,35.033363,"Dimona, Israel",OK,31.066638,35.025756,"שדרות הרצל, שבעת המינים, נווה גן, דימונה, נפת באר שבע, מחוז הדרום, 8604712, ישראל",195.2,593.6,788.8,שדרות גולדה מאיר,1099,mismatch,שדרות גולדה מאיר,,mismatch,,,n/a,,,mismatch,google_rev_at_govmap_mismatch;osm_rev_at_govmap_mismatch;google_rev_at_osm_mismatch
001027-073567-00539-X,דימונה,הרצל,60,,,exact,31.068768,35.031127,OK,31.069419,35.033363,"Dimona, Israel",OK,31.067568,35.035925,"שדרות הרצל, גיורא יוספטל, נווה גן, דימונה, נפת באר שבע, מחוז הדרום, 8604712, ישראל",225.3,476.9,319.3,שדרות גולדה מאיר,1101,mismatch,שדרות גולדה מאיר,,mismatch,,,n/a,שדרות הרצל,232,partial,google_rev_at_govmap_mismatch;osm_rev_at_govmap_mismatch
001027-073567-00540-X,דימונה,הרצל,19,,,exact,31.067067,35.036797,OK,31.069419,35.033363,"Dimona, Israel",OK,31.066638,35.025756,"שדרות הרצל, שבעת המינים, נווה גן, דימונה, נפת באר שבע, מחוז הדרום, 8604712, ישראל",418.8,1054.9,788.8,מכבים,246,mismatch,שדרות הרצל,,partial,,,n/a,,,mismatch,google_rev_at_govmap_mismatch;google_rev_at_osm_mismatch
001027-073567-00541-X,דימונה,הרצל,103,,,exact,31.066877,35.027420,OK,31.069419,35.033363,"Dimona, Israel",OK,31.067568,35.035925,"שדרות הרצל, גיורא יוספטל, נווה גן, דימונה, נפת באר שבע, מחוז הדרום, 8604712, ישראל",633.3,815.3,319.3,שדרות הרצל,204,partial,הרצל שדרות,,partial,,,n/a,שדרות הרצל,232,partial,
001027-073567-00542-X,דימונה,הרצל,99,,,exact,31.066956,35.027746,OK,31.069419,35.033363,"Dimona, Israel",OK,31.067568,35.035925,"שדרות הרצל, גיורא יוספטל, נווה גן, דימונה, נפת באר שבע, מחוז הדרום, 8604712, ישראל",601.6,783.6,319.3,שדרות הרצל,203,partial,,,mismatch,,,n/a,שדרות הרצל,232,partial,osm_rev_at_govmap_mismatch
001027-073567-00543-X,דימונה,הרצל,52,,,exact,31.068864,35.030261,OK,31.069419,35.033363,"Dimona, Israel",OK,31.067568,35.035925,"שדרות הרצל, גיורא יוספטל, נווה גן, דימונה, נפת באר שבע, מחוז הדרום, 8604712, ישראל",302.4,559.4,319.3,העצמאות,1095,mismatch,העצמאות,,mismatch,,,n/a,שדרות הרצל,232,partial,google_rev_at_govmap_mismatch;osm_rev_at_govmap_mismatch
001027-073567-00544-X,דימונה,הרצל,56,,,exact,31.068800,35.030698,OK,31.069419,35.033363,"Dimona, Israel",OK,31.067568,35.035925,"שדרות הרצל, גיורא יוספטל, נווה גן, דימונה, נפת באר שבע, מחוז הדרום, 8604712, ישראל",263.5,517.3,319.3,העצמאות,1096,mismatch,העצמאות,,mismatch,,,n/a,שדרות הרצל,232,partial,google_rev_at_govmap_mismatch;osm_rev_at_govmap_mismatch
001027-073567-00545-X,דימונה,הרצל,97,,,exact,31.067056,35.028185,OK,31.069419,35.033363,"Dimona, Israel",OK,31.067568,35.035925,"שדרות הרצל, גיורא יוספטל, נווה גן, דימונה, נפת באר שבע, מחוז הדרום, 8604712, ישראל",559.3,740.9,319.3,שדרות הרצל,503,partial,האשל,,mismatch,,,n/a,שדרות הרצל,232,partial,osm_rev_at_govmap_mismatch
001027-073567-00546-X,דימונה,הרצל,89,,,exact,31.067121,35.028925,OK,31.069419,35.033363,"Dimona, Israel",OK,31.067568,35.035925,"שדרות הרצל, גיורא יוספטל, נווה גן, דימונה, נפת באר שבע, מחוז הדרום, 8604712, ישראל",494.3,670.0,319.3,שדרות הרצל,504,partial,האשל,,mismatch,,,n/a,שדרות הרצל,232,partial,osm_rev_at_govmap_mismatch
001027-073567-00547-X,דימונה,הרצל,95,,,exact,31.067112,35.028342,OK,31.069419,35.033363,"Dimona, Israel",OK,31.066638,35.025756,"שדרות הרצל, שבעת המינים, נווה גן, דימונה, נפת באר שבע, מחוז הדרום, 8604712, ישראל",543.2,252.4,788.8,שדרות הרצל,503,partial,שדרות הרצל,,partial,,,n/a,,,mismatch,google_rev_at_osm_mismatch
001027-073567-00548-X,דימונה,הרצל,91,,,exact,31.067151,35.028647,OK,31.069419,35.033363,"Dimona, Israel",OK,31.067568,35.035925,"שדרות הרצל, גיורא יוספטל, נווה גן, דימונה, נפת באר שבע, מחוז הדרום, 8604712, ישראל",515.6,696.2,319.3,שדרות הרצל,202,partial,שדרות הרצל,,partial,,,n/a,שדרות הרצל,232,partial,
001027-073567-00549-X,דימונה,הרצל,93,,,exact,31.067057,35.028489,OK,31.069419,35.033363,"Dimona, Israel",OK,31.067568,35.035925,"שדרות הרצל, גיורא יוספטל, נווה גן, דימונה, נפת באר שבע, מחוז הדרום, 8604712, ישראל",533.8,712.0,319.3,שדרות הרצל,202,partial,האשל,,mismatch,,,n/a,שדרות הרצל,232,partial,osm_rev_at_govmap_mismatch
001027-073567-00550-X,דימונה,הרצל,85,,,exact,31.067177,35.029227,OK,31.069419,35.033363,"Dimona, Israel",OK,31.066638,35.025756,"שדרות הרצל, שבעת המינים, נווה גן, דימונה, נפת באר שבע, מחוז הדרום, 8604712, ישראל",466.5,336.7,788.8,שדרות הרצל,201,partial,האשל,,mismatch,,,n/a,,,mismatch,osm_rev_at_govmap_mismatch;google_rev_at_osm_mismatch
001027-073567-00551-X,דימונה,הרצל,107,,,exact,31.066784,35.027060,OK,31.069419,35.033363,"Dimona, Israel",OK,31.067568,35.035925,"שדרות הרצל, גיורא יוספטל, נווה גן, דימונה, נפת באר שבע, מחוז הדרום, 8604712, ישראל",668.8,850.6,319.3,שדרות הרצל,116,partial,הרצל שדרות,,partial,,,n/a,שדרות הרצל,232,partial,
001027-073567-00552-X,דימונה,הרצל,105,,,exact,31.066484,35.027244,OK,31.069419,35.033363,"Dimona, Israel",OK,31.066638,35.025756,"שדרות הרצל, שבעת המינים, נווה גן, דימונה, נפת באר שבע, מחוז הדרום, 8604712, ישראל",668.6,143.1,788.8,שדרות הרצל,117,partial,,,mismatch,,,n/a,,,mismatch,osm_rev_at_govmap_mismatch;google_rev_at_osm_mismatch
001027-073567-00553-X,דימונה,הרצל,83,,,exact,31.067221,35.029385,OK,31.069419,35.033363,"Dimona, Israel",OK,31.066638,35.025756,"שדרות הרצל, שבעת המינים, נווה גן, דימונה, נפת באר שבע, מחוז הדרום, 8604712, ישראל",451.2,352.3,788.8,שדרות הרצל,201,partial,האשל,,mismatch,,,n/a,,,mismatch,osm_rev_at_govmap_mismatch;google_rev_at_osm_mismatch
001027-073567-00554-X,דימונה,הרצל,87,,,exact,31.067196,35.029050,OK,31.069419,35.033363,"Dimona, Israel",OK,31.067568,35.035925,"שדרות הרצל, גיורא יוספטל, נווה גן, דימונה, נפת באר שבע, מחוז הדרום, 8604712, ישראל",479.8,657.5,319.3,שדרות הרצל,504,partial,שדרות הרצל,,partial,,,n/a,שדרות הרצל,232,partial,
001027-073567-00555-X,דימונה,השבלים,השיבולים 13,,,exact,31.063024,35.030260,OK,31.063163,35.030030,"Ha-Shibolim St 13, Dimona, Israel",ZERO_RESULTS,,,,26.9,,,השיבולים,3,mismatch,השיבולים,,mismatch,,,n/a,,,n/a,osm_fwd_ZERO_RESULTS;google_rev_at_govmap_mismatch;osm_rev_at_govmap_mismatch
001027-073567-00556-X,דימונה,השבלים,השיבולים 81,,,exact,31.063006,35.026339,OK,31.062982,35.026332,"Ha-Shibolim St 81, Dimona, Israel",ZERO_RESULTS,,,,2.8,,,השיבולים,81,mismatch,השיבולים,,mismatch,,,n/a,,,n/a,osm_fwd_ZERO_RESULTS;google_rev_at_govmap_mismatch;osm_rev_at_govmap_mismatch
001027-073567-00557-X,דימונה,השבלים,השיבולים 4,,,exact,31.063407,35.030498,OK,31.063246,35.030801,"Ha-Shibolim St 4, Dimona, Israel",ZERO_RESULTS,,,,34.0,,,שדרות הנשיא,121,mismatch,השיבולים,,mismatch,,,n/a,,,n/a,osm_fwd_ZERO_RESULTS;google_rev_at_govmap_mismatch;osm_rev_at_govmap_mismatch
001027-073567-00558-X,דימונה,השבלים,השיבולים 10,,,exact,31.063584,35.029771,OK,31.063448,35.030377,"Ha-Shibolim St 10, Dimona, Israel",ZERO_RESULTS,,,,59.7,,,השיבולים,16,mismatch,השיבולים,,mismatch,,,n/a,,,n/a,osm_fwd_ZERO_RESULTS;google_rev_at_govmap_mismatch;osm_rev_at_govmap_mismatch
001027-073567-00559-X,דימונה,השבלים,השיבולים 58,,,exact,31.063494,35.027548,OK,31.063529,35.027526,"Ha-Shibolim St 58, Dimona, Israel",ZERO_RESULTS,,,,4.5,,,השיבולים,58,mismatch,השיבולים,,mismatch,,,n/a,,,n/a,osm_fwd_ZERO_RESULTS;google_rev_at_govmap_mismatch;osm_rev_at_govmap_mismatch
001027-073567-00560-X,דימונה,השבלים,השיבולים 69,,,exact,31.063160,35.027234,OK,31.063180,35.027201,"Ha-Shibolim St 69, Dimona, Israel",ZERO_RESULTS,,,,3.9,,,השיבולים,69,mismatch,השיבולים,,mismatch,,,n/a,,,n/a,osm_fwd_ZERO_RESULTS;google_rev_at_govmap_mismatch;osm_rev_at_govmap_mismatch
001027-073567-00561-X,דימונה,השבלים,השיבולים 49,,,exact,31.063392,35.028638,OK,31.063355,35.028588,"Ha-Shibolim St 49, Dimona, Israel",ZERO_RESULTS,,,,6.3,,,השיבולים,49,mismatch,השיבולים,,mismatch,,,n/a,,,n/a,osm_fwd_ZERO_RESULTS;google_rev_at_govmap_mismatch;osm_rev_at_govmap_mismatch
001027-073567-00562-X,דימונה,השבלים,השיבולים 78,,,exact,31.063193,35.026199,OK,31.063244,35.026150,"Ha-Shibolim St 78, Dimona, Israel",ZERO_RESULTS,,,,7.4,,,השיבולים,78,mismatch,השיבולים,,mismatch,,,n/a,,,n/a,osm_fwd_ZERO_RESULTS;google_rev_at_govmap_mismatch;osm_rev_at_govmap_mismatch
001027-073567-00563-X,דימונה,השבלים,השיבולים 62,,,exact,31.063455,35.027291,OK,31.063472,35.027226,"Ha-Shibolim St 62, Dimona, Israel",ZERO_RESULTS,,,,6.5,,,השיבולים,133,mismatch,השיבולים,,mismatch,,,n/a,,,n/a,osm_fwd_ZERO_RESULTS;google_rev_at_govmap_mismatch;osm_rev_at_govmap_mismatch
001027-073567-00564-X,דימונה,השבלים,השיבולים 72,,,exact,31.063328,35.026723,OK,31.063359,35.026651,"Ha-Shibolim St 72, Dimona, Israel",ZERO_RESULTS,,,,7.8,,,השיבולים,68,mismatch,השיבולים,,mismatch,,,n/a,,,n/a,osm_fwd_ZERO_RESULTS;google_rev_at_govmap_mismatch;osm_rev_at_govmap_mismatch
001027-073567-00565-X,דימונה,השבלים,השיבולים 66,,,exact,31.063445,35.027033,OK,31.063440,35.026973,"Ha-Shibolim St 66, Dimona, Israel",ZERO_RESULTS,,,,5.8,,,השיבולים,132,mismatch,השיבולים,,mismatch,,,n/a,,,n/a,osm_fwd_ZERO_RESULTS;google_rev_at_govmap_mismatch;osm_rev_at_govmap_mismatch
001027-081311-00048-X,דימונה,השיטה,48,,8612220,exact,31.064745,35.030538,OK,31.064673,35.030515,"Ha-Shita St 48, Dimona, Israel",OK,31.065065,35.030670,"השיטה, שבעת המינים, נווה גן, דימונה, נפת באר שבע, מחוז הדרום, 8604712, ישראל",8.3,37.6,45.9,שדרות הנשיא,48,mismatch,השיטה,,partial,,,n/a,הברוש,11,mismatch,google_rev_at_govmap_mismatch;google_rev_at_osm_mismatch
001027-081311-00048-א,דימונה,השיטה,48,א,8612221,exact,31.064745,35.030538,OK,31.064673,35.030515,"Ha-Shita St 48, Dimona, Israel",OK,31.065065,35.030670,"השיטה, שבעת המינים, נווה גן, דימונה, נפת באר שבע, מחוז הדרום, 8604712, ישראל",8.3,37.6,45.9,שדרות הנשיא,48,mismatch,השיטה,,partial,,,n/a,הברוש,11,mismatch,google_rev_at_govmap_mismatch;google_rev_at_osm_mismatch
001027-081311-00048-ב,דימונה,השיטה,48,ב,8612222,exact,31.064745,35.030538,OK,31.064673,35.030515,"Ha-Shita St 48, Dimona, Israel",OK,31.065065,35.030670,"השיטה, שבעת המינים, נווה גן, דימונה, נפת באר שבע, מחוז הדרום, 8604712, ישראל",8.3,37.6,45.9,שדרות הנשיא,48,mismatch,השיטה,,partial,,,n/a,הברוש,11,mismatch,google_rev_at_govmap_mismatch;google_rev_at_osm_mismatch
001027-081311-00048-ג,דימונה,השיטה,48,ג,8612223,exact,31.064745,35.030538,OK,31.064673,35.030515,"Ha-Shita St 48, Dimona, Israel",OK,31.065065,35.030670,"השיטה, שבעת המינים, נווה גן, דימונה, נפת באר שבע, מחוז הדרום, 8604712, ישראל",8.3,37.6,45.9,שדרות הנשיא,48,mismatch,השיטה,,partial,,,n/a,הברוש,11,mismatch,google_rev_at_govmap_mismatch;google_rev_at_osm_mismatch
001027-081311-00047-א,דימונה,השיטה,47,א,8612215,exact,31.064836,35.030911,OK,31.064805,35.031180,"Ha-Shita St 47, Dimona, Israel",OK,31.065065,35.030670,"השיטה, שבעת המינים, נווה גן, דימונה, נפת באר שבע, מחוז הדרום, 8604712, ישראל",25.9,34.3,56.6,שדרות הנשיא,257,mismatch,השיטה,,partial,,,n/a,הברוש,11,mismatch,google_rev_at_govmap_mismatch;google_rev_at_osm_mismatch
001027-081311-00047-ב,דימונה,השיטה,47,ב,8612216,exact,31.064836,35.030911,OK,31.064805,35.031180,"Ha-Shita St 47, Dimona, Israel",OK,31.065065,35.030670,"השיטה, שבעת המינים, נווה גן, דימונה, נפת באר שבע, מחוז הדרום, 8604712, ישראל",25.9,34.3,56.6,שדרות הנשיא,257,mismatch,השיטה,,partial,,,n/a,הברוש,11,mismatch,google_rev_at_govmap_mismatch;google_rev_at_osm_mismatch
001027-081311-00047-ג,דימונה,השיטה,47,ג,8612217,exact,31.064836,35.030911,OK,31.064805,35.031180,"Ha-Shita St 47, Dimona, Israel",OK,31.065065,35.030670,"השיטה, שבעת המינים, נווה גן, דימונה, נפת באר שבע, מחוז הדרום, 8604712, ישראל",25.9,34.3,56.6,שדרות הנשיא,257,mismatch,השיטה,,partial,,,n/a,הברוש,11,mismatch,google_rev_at_govmap_mismatch;google_rev_at_osm_mismatch
001027-081311-00047-ד,דימונה,השיטה,47,ד,8612218,exact,31.064836,35.030911,OK,31.064805,35.031180,"Ha-Shita St 47, Dimona, Israel",OK,31.065065,35.030670,"השיטה, שבעת המינים, נווה גן, דימונה, נפת באר שבע, מחוז הדרום, 8604712, ישראל",25.9,34.3,56.6,שדרות הנשיא,257,mismatch,השיטה,,partial,,,n/a,הברוש,11,mismatch,google_rev_at_govmap_mismatch;google_rev_at_osm_mismatch
001027-081311-00047-ה,דימונה,השיטה,47,ה,8612219,exact,31.064836,35.030911,OK,31.064805,35.031180,"Ha-Shita St 47, Dimona, Israel",OK,31.065065,35.030670,"השיטה, שבעת המינים, נווה גן, דימונה, נפת באר שבע, מחוז הדרום, 8604712, ישראל",25.9,34.3,56.6,שדרות הנשיא,257,mismatch,השיטה,,partial,,,n/a,הברוש,11,mismatch,google_rev_at_govmap_mismatch;google_rev_at_osm_mismatch
001027-081311-00045-X,דימונה,השיטה,45,,8612201,exact,31.064315,35.030725,OK,31.064293,35.031061,"Ha-Shita St 45, Dimona, Israel",OK,31.065065,35.030670,"השיטה, שבעת המינים, נווה גן, דימונה, נפת באר שבע, מחוז הדרום, 8604712, ישראל",32.2,83.3,93.4,שדרות הנשיא,259,mismatch,השיטה,,partial,,,n/a,הברוש,11,mismatch,google_rev_at_govmap_mismatch;google_rev_at_osm_mismatch
001027-081311-00045-ה,דימונה,השיטה,45,ה,8612206,exact,31.064315,35.030725,OK,31.064293,35.031061,"Ha-Shita St 45, Dimona, Israel",OK,31.065065,35.030670,"השיטה, שבעת המינים, נווה גן, דימונה, נפת באר שבע, מחוז הדרום, 8604712, ישראל",32.2,83.3,93.4,שדרות הנשיא,259,mismatch,השיטה,,partial,,,n/a,הברוש,11,mismatch,google_rev_at_govmap_mismatch;google_rev_at_osm_mismatch
001027-081311-00045-ו,דימונה,השיטה,45,ו,8612207,exact,31.064315,35.030725,OK,31.064293,35.031061,"Ha-Shita St 45, Dimona, Israel",OK,31.065065,35.030670,"השיטה, שבעת המינים, נווה גן, דימונה, נפת באר שבע, מחוז הדרום, 8604712, ישראל",32.2,83.3,93.4,שדרות הנשיא,259,mismatch,השיטה,,partial,,,n/a,הברוש,11,mismatch,google_rev_at_govmap_mismatch;google_rev_at_osm_mismatch
001027-081311-00045-ז,דימונה,השיטה,45,ז,8612208,exact,31.064315,35.030725,OK,31.064293,35.031061,"Ha-Shita St 45, Dimona, Israel",OK,31.065065,35.030670,"השיטה, שבעת המינים, נווה גן, דימונה, נפת באר שבע, מחוז הדרום, 8604712, ישראל",32.2,83.3,93.4,שדרות הנשיא,259,mismatch,השיטה,,partial,,,n/a,הברוש,11,mismatch,google_rev_at_govmap_mismatch;google_rev_at_osm_mismatch
001027-073567-00569-X,דימונה,השיטה,24,,,street,31.064600,35.030890,OK,31.064554,35.030517,"Ha-Shita St 24, Dimona, Israel",OK,31.065065,35.030670,"השיטה, שבעת המינים, נווה גן, דימונה, נפת באר שבע, מחוז הדרום, 8604712, ישראל",36.0,55.6,58.5,שדרות הנשיא,258,mismatch,השיטה,,partial,,,n/a,הברוש,11,mismatch,google_rev_at_govmap_mismatch;google_rev_at_osm_mismatch
001027-073567-00570-X,דימונה,השיריון,השריון 87,,,exact,31.075961,35.029664,OK,31.075986,35.029598,"Ha-Shiryon St 87, Dimona, Israel",ZERO_RESULTS,,,,6.9,,,יצחק טבנקין,4087,mismatch,השריון,,mismatch,,,n/a,,,n/a,osm_fwd_ZERO_RESULTS;google_rev_at_govmap_mismatch;osm_rev_at_govmap_mismatch
001027-073567-00571-X,דימונה,השיריון,השריון 86,,,exact,31.075982,35.029929,OK,31.076072,35.029937,"Ha-Shiryon St 86, Dimona, Israel",ZERO_RESULTS,,,,10.0,,,השריון,86,mismatch,השריון,,mismatch,,,n/a,,,n/a,osm_fwd_ZERO_RESULTS;google_rev_at_govmap_mismatch;osm_rev_at_govmap_mismatch
001027-073567-00572-X,דימונה,השיריון,השריון 84,,,exact,31.076219,35.029401,OK,31.076221,35.029444,"Ha-Shiryon St 84, Dimona, Israel",ZERO_RESULTS,,,,4.1,,,יצחק טבנקין,4083,mismatch,יצחק טבנקין,,mismatch,,,n/a,,,n/a,osm_fwd_ZERO_RESULTS;google_rev_at_govmap_mismatch;osm_rev_at_govmap_mismatch
001027-073567-00573-X,דימונה,השיריון,השריון 83,,,exact,31.075913,35.029250,OK,31.075939,35.029278,"Ha-Shiryon St 83, Dimona, Israel",ZERO_RESULTS,,,,3.9,,,השריון,83,mismatch,השריון,,mismatch,,,n/a,,,n/a,osm_fwd_ZERO_RESULTS;google_rev_at_govmap_mismatch;osm_rev_at_govmap_mismatch
001027-073567-00574-X,דימונה,השלוה,השלווה 18,,,exact,31.074612,35.038771,OK,31.074615,35.038760,"Ha-Shalva St 18, Dimona, Israel",ZERO_RESULTS,,,,1.1,,,השלווה,18,mismatch,,,mismatch,,,n/a,,,n/a,osm_fwd_ZERO_RESULTS;google_rev_at_govmap_mismatch;osm_rev_at_govmap_mismatch
001027-073567-00575-X,דימונה,השלוה,השלווה 6,,,exact,31.072687,35.038664,OK,31.072696,35.038679,"Ha-Shalva St 6, Dimona, Israel",ZERO_RESULTS,,,,1.8,,,השלווה,6,mismatch,השלווה,,mismatch,,,n/a,,,n/a,osm_fwd_ZERO_RESULTS;google_rev_at_govmap_mismatch;osm_rev_at_govmap_mismatch
001027-073567-00576-X,דימונה,השלוה,השלווה 2,,,exact,31.072154,35.038867,OK,31.072123,35.038744,"Ha-Shalva St 2, Dimona, Israel",ZERO_RESULTS,,,,12.3,,,אברהם עופר,2,mismatch,,,mismatch,,,n/a,,,n/a,osm_fwd_ZERO_RESULTS;google_rev_at_govmap_mismatch;osm_rev_at_govmap_mismatch
001027-073567-00577-X,דימונה,השלוה,השלווה 8,,,exact,31.073025,35.038675,OK,31.073029,35.038653,"Ha-Shalva St 8, Dimona, Israel",ZERO_RESULTS,,,,2.1,,,השלווה,8,mismatch,השלווה,,mismatch,,,n/a,,,n/a,osm_fwd_ZERO_RESULTS;google_rev_at_govmap_mismatch;osm_rev_at_govmap_mismatch
001027-073567-00578-X,דימונה,השלום,9,,,exact,31.073087,35.035404,OK,31.073087,35.035338,"Derech HaShalom 9, Dimona, Israel",ZERO_RESULTS,,,,6.3,,,דרך השלום,9,match,בן גוריון,1203,mismatch,,,n/a,,,n/a,osm_fwd_ZERO_RESULTS;osm_rev_at_govmap_mismatch
001027-073567-00579-X,דימונה,השלום,32,,,exact,31.073372,35.037166,OK,31.073290,35.037101,"Derech HaShalom 32, Dimona, Israel",ZERO_RESULTS,,,,11.0,,,דרך השלום,1214,partial,נבטים,,mismatch,,,n/a,,,n/a,osm_fwd_ZERO_RESULTS;osm_rev_at_govmap_mismatch
001027-073567-00580-X,דימונה,השלום,12,,,exact,31.072902,35.035636,OK,31.072778,35.034660,"Derech HaShalom 12, Dimona, Israel",ZERO_RESULTS,,,,94.1,,,דרך השלום,16,partial,נבטים,1204,mismatch,,,n/a,,,n/a,osm_fwd_ZERO_RESULTS;osm_rev_at_govmap_mismatch
001027-073567-00581-X,דימונה,השלום,23,,,exact,31.073352,35.035769,OK,31.073358,35.035723,"Derech HaShalom 23, Dimona, Israel",ZERO_RESULTS,,,,4.5,,,דרך השלום,25,partial,נטעים,,mismatch,,,n/a,,,n/a,osm_fwd_ZERO_RESULTS;osm_rev_at_govmap_mismatch
001027-073567-00582-X,דימונה,השלום,22,,,exact,31.073116,35.035935,OK,31.073084,35.035831,"Derech HaShalom 22, Dimona, Israel",ZERO_RESULTS,,,,10.5,,,דרך השלום,24,partial,נטעים,,mismatch,,,n/a,,,n/a,osm_fwd_ZERO_RESULTS;osm_rev_at_govmap_mismatch
001027-073567-00583-X,דימונה,השלום,204,,,exact,31.072702,35.035250,OK,31.057677,34.999934,"204, Dimona, Israel",OK,31.068215,35.035376,"בית משפט השלום דימונה, שדרות הרצל, גיורא יוספטל, נווה גן, דימונה, נפת באר שבע, מחוז הדרום, 8604712, ישראל",3759.9,497.6,3579.0,דרך השלום,1204,partial,נבטים,1204,mismatch,,,n/a,שדרות הרצל,231,mismatch,osm_rev_at_govmap_mismatch;google_rev_at_osm_mismatch
001027-073567-00584-X,דימונה,השלום,26,,,exact,31.073144,35.036157,OK,31.073053,35.036130,"Derech HaShalom 26, Dimona, Israel",ZERO_RESULTS,,,,10.4,,,דרך השלום,1208,partial,נבטים,,mismatch,,,n/a,,,n/a,osm_fwd_ZERO_RESULTS;osm_rev_at_govmap_mismatch
001027-073567-00585-X,דימונה,השלום,71,,,exact,31.074018,35.037720,OK,31.074046,35.037693,"Derech HaShalom 71, Dimona, Israel",ZERO_RESULTS,,,,4.0,,,דרך השלום,71,match,השלווה,,mismatch,,,n/a,,,n/a,osm_fwd_ZERO_RESULTS;osm_rev_at_govmap_mismatch
001027-073567-00586-X,דימונה,השלום,47,,,exact,31.073646,35.036913,OK,31.073616,35.036389,"Derech HaShalom 47, Dimona, Israel",ZERO_RESULTS,,,,50.1,,,דרך השלום,1212,partial,דוכיפת,,mismatch,,,n/a,,,n/a,osm_fwd_ZERO_RESULTS;osm_rev_at_govmap_mismatch
001027-073567-00587-X,דימונה,השלום,59,,,exact,31.073864,35.037327,OK,31.073853,35.037288,"Derech HaShalom 59, Dimona, Israel",ZERO_RESULTS,,,,3.9,,,דרך השלום,59,match,דוכיפת,,mismatch,,,n/a,,,n/a,osm_fwd_ZERO_RESULTS;osm_rev_at_govmap_mismatch
001027-073567-00588-X,דימונה,השלום,34,,,exact,31.073504,35.037299,OK,31.073485,35.037200,"Derech HaShalom 34, Dimona, Israel",ZERO_RESULTS,,,,9.7,,,דרך השלום,38,partial,נבטים,,mismatch,,,n/a,,,n/a,osm_fwd_ZERO_RESULTS;osm_rev_at_govmap_mismatch
001027-073567-00589-X,דימונה,השלום,25,,,exact,31.073418,35.035891,OK,31.073451,35.035806,"Derech HaShalom 25, Dimona, Israel",ZERO_RESULTS,,,,8.9,,,המעפיל,1206,mismatch,דוכיפת,,mismatch,,,n/a,,,n/a,osm_fwd_ZERO_RESULTS;google_rev_at_govmap_mismatch;osm_rev_at_govmap_mismatch
001027-073567-00590-X,דימונה,השלום,52,,,exact,31.073737,35.037747,OK,31.073740,35.037661,"Derech HaShalom 52, Dimona, Israel",ZERO_RESULTS,,,,8.2,,,דרך השלום,145,partial,השלווה,,mismatch,,,n/a,,,n/a,osm_fwd_ZERO_RESULTS;osm_rev_at_govmap_mismatch
001027-073567-00591-X,דימונה,התאנה,43,,,exact,31.064799,35.028325,OK,31.064888,35.028271,"HaTe'ena St 43, Dimona, Israel",OK,31.064491,35.026752,"התאנה, שבעת המינים, נווה גן, דימונה, נפת באר שבע, מחוז הדרום, 8604712, ישראל",11.1,154.0,151.6,התאנה,43,match,התאנה,,partial,,,n/a,התאנה,25,partial,
001027-073567-00592-X,דימונה,התאנה,27,,,exact,31.064650,35.027132,OK,31.064622,35.026930,"HaTe'ena St 27, Dimona, Israel",OK,31.064491,35.026752,"התאנה, שבעת המינים, נווה גן, דימונה, נפת באר שבע, מחוז הדרום, 8604712, ישראל",19.5,40.4,22.4,התאנה,29,partial,התאנה,,partial,,,n/a,התאנה,25,partial,
001027-073567-00593-X,דימונה,התאנה,14,,,exact,31.064184,35.026097,OK,31.064160,35.026005,"HaTe'ena St 14, Dimona, Israel",OK,31.064491,35.026752,"התאנה, שבעת המינים, נווה גן, דימונה, נפת באר שבע, מחוז הדרום, 8604712, ישראל",9.1,71.2,80.1,התאנה,16,partial,התאנה,,partial,,,n/a,התאנה,25,partial,
001027-073567-00594-X,דימונה,התאנה,1,,,exact,31.064075,35.025050,OK,31.064102,35.024970,"HaTe'ena St 1, Dimona, Israel",OK,31.064491,35.026752,"התאנה, שבעת המינים, נווה גן, דימונה, נפת באר שבע, מחוז הדרום, 8604712, ישראל",8.2,168.8,175.4,התאנה,1,match,התאנה,,partial,,,n/a,התאנה,25,partial,
001027-073567-00595-X,דימונה,התאנה,21,,,exact,31.064561,35.026510,OK,31.064534,35.026462,"HaTe'ena St 21, Dimona, Israel",OK,31.064491,35.026752,"התאנה, שבעת המינים, נווה גן, דימונה, נפת באר שבע, מחוז הדרום, 8604712, ישראל",5.5,24.4,28.1,התאנה,23,partial,התאנה,,partial,,,n/a,התאנה,25,partial,
001027-073567-00596-X,דימונה,התאנה,11,,,exact,31.064307,35.025639,OK,31.064357,35.025715,"HaTe'ena St 11, Dimona, Israel",OK,31.064491,35.026752,"התאנה, שבעת המינים, נווה גן, דימונה, נפת באר שבע, מחוז הדרום, 8604712, ישראל",9.1,108.1,100.1,התאנה,9,partial,התאנה,,partial,,,n/a,התאנה,25,partial,
001027-073567-00597-X,דימונה,התאנה,34,,,exact,31.064466,35.027290,OK,31.064402,35.027209,"HaTe'ena St 34, Dimona, Israel",OK,31.064491,35.026752,"התאנה, שבעת המינים, נווה גן, דימונה, נפת באר שבע, מחוז הדרום, 8604712, ישראל",10.4,51.4,44.7,התאנה,36,partial,התאנה,,partial,,,n/a,התאנה,25,partial,
001027-073567-00598-X,דימונה,התאנה,22,,,exact,31.064324,35.026582,OK,31.064271,35.026478,"HaTe'ena St 22, Dimona, Israel",OK,31.064491,35.026752,"התאנה, שבעת המינים, נווה גן, דימונה, נפת באר שבע, מחוז הדרום, 8604712, ישראל",11.6,24.6,35.7,התאנה,24,partial,התאנה,,partial,,,n/a,התאנה,25,partial,
001027-073567-00599-X,דימונה,התאנה,48,,,exact,31.064529,35.028120,OK,31.064467,35.028065,"HaTe'ena St 48, Dimona, Israel",OK,31.064491,35.026752,"התאנה, שבעת המינים, נווה גן, דימונה, נפת באר שבע, מחוז הדרום, 8604712, ישראל",8.6,130.6,125.4,התאנה,50,partial,התאנה,,partial,,,n/a,התאנה,25,partial,
001027-073567-00600-X,דימונה,ורדימון יצחק,יצחק ורדימון 1,,,exact,31.073327,35.023429,OK,31.072304,35.027372,"Vardimon Garden, Yitshak Vardimon St 1021, Dimona, Israel",ZERO_RESULTS,,,,393.0,,,,,mismatch,,,mismatch,,,n/a,,,n/a,osm_fwd_ZERO_RESULTS;google_rev_at_govmap_mismatch;osm_rev_at_govmap_mismatch
001027-073567-00601-X,דימונה,חגי,52,,,exact,31.077207,35.037256,OK,31.077123,35.037171,"Khagai St 52, Dimona, Israel",OK,31.077316,35.036306,"חגי, נאות הללי, נווה גן, דימונה, נפת באר שבע, מחוז הדרום, 8604712, ישראל",12.3,91.4,85.3,חגי,54,partial,חגי,,partial,,,n/a,חגי,25,partial,
001027-073567-00602-X,דימונה,חגי,24,,,exact,31.077174,35.035157,OK,31.077309,35.035075,"Khagai St 24, Dimona, Israel",OK,31.077316,35.036306,"חגי, נאות הללי, נווה גן, דימונה, נפת באר שבע, מחוז הדרום, 8604712, ישראל",16.9,110.8,117.5,הרב אלנקווה,372,mismatch,חגי,,partial,,,n/a,חגי,25,partial,google_rev_at_govmap_mismatch
001027-073567-00603-X,דימונה,חגי,56,,,exact,31.077155,35.037520,OK,31.077150,35.037471,"Khagai St 56, Dimona, Israel",OK,31.077316,35.036306,"חגי, נאות הללי, נווה גן, דימונה, נפת באר שבע, מחוז הדרום, 8604712, ישראל",4.7,117.2,112.7,הרב אלנקווה,366,mismatch,חגי,,partial,,,n/a,חגי,25,partial,google_rev_at_govmap_mismatch
001027-073567-00604-X,דימונה,חגי,42,,,exact,31.077190,35.036427,OK,31.077125,35.036347,"Khagai St 42, Dimona, Israel",OK,31.077316,35.036306,"חגי, נאות הללי, נווה גן, דימונה, נפת באר שבע, מחוז הדרום, 8604712, ישראל",10.5,18.1,21.5,חגי,44,partial,חגי,,partial,,,n/a,חגי,25,partial,
001027-073567-00605-X,דימונה,חגי,2,,,exact,31.078289,35.034868,OK,31.078394,35.034764,"Khagai St 2, Dimona, Israel",OK,31.077316,35.036306,"חגי, נאות הללי, נווה גן, דימונה, נפת באר שבע, מחוז הדרום, 8604712, ישראל",15.3,174.6,189.6,חגי,4,partial,חגי,,partial,,,n/a,חגי,25,partial,
001027-073567-00606-X,דימונה,חגי,6,,,exact,31.078137,35.034756,OK,31.078127,35.034750,"Khagai St 6, Dimona, Israel",OK,31.077316,35.036306,"חגי, נאות הללי, נווה גן, דימונה, נפת באר שבע, מחוז הדרום, 8604712, ישראל",1.3,173.7,173.6,חגי,6,match,חגי,,partial,,,n/a,חגי,25,partial,
001027-073567-00607-X,דימונה,חגי,50,,,exact,31.077173,35.037090,OK,31.077127,35.037026,"Khagai St 50, Dimona, Israel",OK,31.077316,35.036306,"חגי, נאות הללי, נווה גן, דימונה, נפת באר שבע, מחוז הדרום, 8604712, ישראל",8.0,76.5,71.8,הרב אלנקווה,367,mismatch,חגי,,partial,,,n/a,חגי,25,partial,google_rev_at_govmap_mismatch
001027-073567-00608-X,דימונה,חגי,12,,,exact,31.077764,35.034880,OK,31.077666,35.034745,"Khagai St 12, Dimona, Israel",OK,31.077316,35.036306,"חגי, נאות הללי, נווה גן, דימונה, נפת באר שבע, מחוז הדרום, 8604712, ישראל",16.8,144.9,154.0,חגי,12,match,חגי,,partial,,,n/a,חגי,25,partial,
001027-073567-00609-X,דימונה,חגי,16,,,exact,31.077502,35.034852,OK,31.077586,35.034758,"Khagai St 16, Dimona, Israel",OK,31.077316,35.036306,"חגי, נאות הללי, נווה גן, דימונה, נפת באר שבע, מחוז הדרום, 8604712, ישראל",12.9,140.3,150.8,הרב אלנקווה,373,mismatch,חגי,,partial,,,n/a,חגי,25,partial,google_rev_at_govmap_mismatch
001027-073567-00610-X,דימונה,חטיבת אלכסנדרוני,143,,,street,31.076247,35.030411,OK,31.076190,35.030361,"Hativat Alexandroni St 143, Dimona, Israel",OK,31.076119,35.030122,"חטיבת אלכסנדרוני, נווה דוד, נווה גן, דימונה, נפת באר שבע, מחוז הדרום, 8604712, ישראל",7.9,31.0,24.1,יצחק טבנקין,143,mismatch,יצחק טבנקין,,mismatch,,,n/a,חטיבת אלכסנדרוני,86,partial,google_rev_at_govmap_mismatch;osm_rev_at_govmap_mismatch
001027-073567-00611-X,דימונה,חטיבת גבעתי,176,,,exact,31.075310,35.027339,OK,31.075450,35.027624,"Khativat Giv'ati St 176, Dimona, Israel",OK,31.075176,35.027339,"חטיבת גבעתי, נווה דוד, נווה גן, דימונה, נפת באר שבע, מחוז הדרום, 8604712, ישראל",31.3,14.9,40.8,חטיבת גבעתי,175,partial,חטיבת גבעתי,,partial,,,n/a,חטיבת גבעתי,175,partial,
001027-073567-00612-X,דימונה,חטיבת גבעתי,174,,,exact,31.075290,35.027024,OK,31.075343,35.027037,"Khativat Giv'ati St 174, Dimona, Israel",OK,31.075176,35.027339,"חטיבת גבעתי, נווה דוד, נווה גן, דימונה, נפת באר שבע, מחוז הדרום, 8604712, ישראל",6.0,32.7,34.3,יצחק שדה,174,mismatch,חטיבת גבעתי,,partial,,,n/a,חטיבת גבעתי,175,partial,google_rev_at_govmap_mismatch
001027-073567-00613-X,דימונה,חטיבת גולני,1,,,exact,31.074973,35.030899,OK,31.075133,35.030564,"Hativat Golani St 1, Dimona, Israel",OK,31.075188,35.030698,"חטיבת גולני, נווה דוד, נווה גן, דימונה, נפת באר שבע, מחוז הדרום, 8604712, ישראל",36.5,30.6,14.2,חטיבת גולני,31,partial,חטיבת גולני,,partial,,,n/a,חטיבת גולני,153,partial,
001027-073567-00614-X,דימונה,חטיבת גולני,3,,,exact,31.075010,35.030790,OK,31.075090,35.030568,"Hativat Golani St 3, Dimona, Israel",OK,31.075188,35.030698,"חטיבת גולני, נווה דוד, נווה גן, דימונה, נפת באר שבע, מחוז הדרום, 8604712, ישראל",22.9,21.6,16.5,חטיבת גולני,31,partial,חטיבת גולני,,partial,,,n/a,חטיבת גולני,153,partial,
001027-073567-00615-X,דימונה,חטיבת גולני,154,,,exact,31.075344,35.031080,OK,31.075413,35.031072,"Hativat Golani St 154, Dimona, Israel",OK,31.075188,35.030698,"חטיבת גולני, נווה דוד, נווה גן, דימונה, נפת באר שבע, מחוז הדרום, 8604712, ישראל",7.7,40.4,43.6,חטיבת גולני,154,match,חטיבת גולני,,partial,,,n/a,חטיבת גולני,153,partial,
001027-073567-00616-X,דימונה,חטיבת גולני,153,,,exact,31.075338,35.030794,OK,31.075373,35.030731,"Hativat Golani St 153, Dimona, Israel",OK,31.075188,35.030698,"חטיבת גולני, נווה דוד, נווה גן, דימונה, נפת באר שבע, מחוז הדרום, 8604712, ישראל",7.2,19.0,20.8,יצחק טבנקין,153,mismatch,חטיבת גולני,,partial,,,n/a,חטיבת גולני,153,match,google_rev_at_govmap_mismatch
001027-073567-00617-X,דימונה,חטיבת גולני,152,,,exact,31.075569,35.030961,OK,31.075602,35.030972,"Hativat Golani St 152, Dimona, Israel",OK,31.075188,35.030698,"חטיבת גולני, נווה דוד, נווה גן, דימונה, נפת באר שבע, מחוז הדרום, 8604712, ישראל",3.8,49.2,52.8,חטיבת גולני,152,match,"הנח""ל",,mismatch,,,n/a,חטיבת גולני,153,partial,osm_rev_at_govmap_mismatch
001027-073567-00618-X,דימונה,חטיבת הנגב,78,,,exact,31.075908,35.028238,OK,31.075876,35.028247,"Khativat ha-Negev St 78, Dimona, Israel",OK,31.076042,35.027859,"חטיבת הנגב, נווה דוד, נווה גן, דימונה, נפת באר שבע, מחוז הדרום, 8604712, ישראל",3.7,39.1,41.4,חטיבת הנגב,78,match,השריון,,mismatch,,,n/a,יצחק טבנקין,80,mismatch,osm_rev_at_govmap_mismatch;google_rev_at_osm_mismatch
001027-073567-00619-X,דימונה,חטיבת הנגב,166,,,exact,31.076121,35.027307,OK,31.075372,35.027059,"Khativat ha-Negev St 166, Dimona, Israel",OK,31.076042,35.027859,"חטיבת הנגב, נווה דוד, נווה גן, דימונה, נפת באר שבע, מחוז הדרום, 8604712, ישראל",86.3,53.4,106.4,חטיבת הנגב,162,partial,יצחק טבנקין,,mismatch,,,n/a,יצחק טבנקין,80,mismatch,osm_rev_at_govmap_mismatch;google_rev_at_osm_mismatch
001027-073567-00620-X,דימונה,חטיבת הנגב,5,,,exact,31.075635,35.028028,OK,31.075644,35.028008,"Khativat ha-Negev St 5, Dimona, Israel",OK,31.076042,35.027859,"חטיבת הנגב, נווה דוד, נווה גן, דימונה, נפת באר שבע, מחוז הדרום, 8604712, ישראל",2.2,47.9,46.4,חטיבת הנגב,5,match,השריון,,mismatch,,,n/a,יצחק טבנקין,80,mismatch,osm_rev_at_govmap_mismatch;google_rev_at_osm_mismatch
001027-073567-00621-X,דימונה,חטיבת הנגב,159,,,exact,31.075901,35.027353,OK,31.075876,35.027310,"Khativat ha-Negev St 159, Dimona, Israel",OK,31.076042,35.027859,"חטיבת הנגב, נווה דוד, נווה גן, דימונה, נפת באר שבע, מחוז הדרום, 8604712, ישראל",5.0,50.7,55.5,חטיבת הנגב,159,match,"נתיב הל""ה",,mismatch,,,n/a,יצחק טבנקין,80,mismatch,osm_rev_at_govmap_mismatch;google_rev_at_osm_mismatch
001027-073567-00622-X,דימונה,חטיבת הנגב,165,,,exact,31.076089,35.027398,OK,31.076114,35.027293,"Khativat ha-Negev St 165, Dimona, Israel",OK,31.076042,35.027859,"חטיבת הנגב, נווה דוד, נווה גן, דימונה, נפת באר שבע, מחוז הדרום, 8604712, ישראל",10.3,44.3,54.6,"נתיב הל""ה",162,mismatch,יצחק טבנקין,,mismatch,,,n/a,יצחק טבנקין,80,mismatch,google_rev_at_govmap_mismatch;osm_rev_at_govmap_mismatch;google_rev_at_osm_mismatch
001027-073567-00623-X,דימונה,חטיבת הנגב,164,,,exact,31.076127,35.027614,OK,31.076114,35.027293,"Khativat ha-Negev St 164, Dimona, Israel",OK,31.076042,35.027859,"חטיבת הנגב, נווה דוד, נווה גן, דימונה, נפת באר שבע, מחוז הדרום, 8604712, ישראל",30.7,25.1,54.6,חטיבת הנגב,161,partial,יצחק טבנקין,,mismatch,,,n/a,יצחק טבנקין,80,mismatch,osm_rev_at_govmap_mismatch;google_rev_at_osm_mismatch
001027-073567-00624-X,דימונה,חטיבת הנגב,79,,,exact,31.076013,35.028080,OK,31.076026,35.028118,"Khativat ha-Negev St 79, Dimona, Israel",OK,31.076042,35.027859,"חטיבת הנגב, נווה דוד, נווה גן, דימונה, נפת באר שבע, מחוז הדרום, 8604712, ישראל",3.9,21.3,24.8,יצחק טבנקין,4079,mismatch,חטיבת הנגב,,partial,,,n/a,יצחק טבנקין,80,mismatch,google_rev_at_govmap_mismatch;google_rev_at_osm_mismatch
001027-073567-00625-X,דימונה,חטיבת הראל,81,,,exact,31.076209,35.028752,OK,31.076183,35.028706,"Hativat Harel St 81, Dimona, Israel",OK,31.076081,35.029028,"חטיבת הראל, נווה דוד, נווה גן, דימונה, נפת באר שבע, מחוז הדרום, 8604712, ישראל",5.3,29.9,32.7,חטיבת הראל,81,match,יצחק טבנקין,,mismatch,,,n/a,חטיבת הראל,4,partial,osm_rev_at_govmap_mismatch
001027-073567-00626-X,דימונה,חטיבת הראל,18,,,exact,31.076008,35.028824,OK,31.075981,35.028798,"Hativat Harel St 18, Dimona, Israel",OK,31.076081,35.029028,"חטיבת הראל, נווה דוד, נווה גן, דימונה, נפת באר שבע, מחוז הדרום, 8604712, ישראל",3.9,21.1,24.6,חטיבת הנגב,82,partial,חטיבת הראל,,partial,,,n/a,חטיבת הראל,4,partial,
001027-073567-00627-X,דימונה,חטיבת הראל,15,,,exact,31.076060,35.029208,OK,31.076041,35.029173,"Hativat Harel St 15, Dimona, Israel",OK,31.076081,35.029028,"חטיבת הראל, נווה דוד, נווה גן, דימונה, נפת באר שבע, מחוז הדרום, 8604712, ישראל",3.9,17.4,14.6,חטיבת אלכסנדרוני,83,partial,חטיבת הראל,,partial,,,n/a,חטיבת הראל,4,partial,
001027-073567-00628-X,דימונה,חטיבת הראל,80,,,exact,31.076140,35.028352,OK,31.076159,35.028333,"Hativat Harel St 80, Dimona, Israel",OK,31.076081,35.029028,"חטיבת הראל, נווה דוד, נווה גן, דימונה, נפת באר שבע, מחוז הדרום, 8604712, ישראל",2.8,64.8,66.8,חטיבת הראל,80,match,יצחק טבנקין,,mismatch,,,n/a,חטיבת הראל,4,partial,osm_rev_at_govmap_mismatch
001027-073567-00629-X,דימונה,חירם,2,,,street,31.073038,35.028773,OK,31.073045,35.028698,"Hiram St 2, Dimona, Israel",ZERO_RESULTS,,,,7.2,,,משעול רוגל,15,mismatch,אסף,,mismatch,,,n/a,,,n/a,osm_fwd_ZERO_RESULTS;google_rev_at_govmap_mismatch;osm_rev_at_govmap_mismatch
001027-073567-00630-X,דימונה,חמת גדר,20,,,exact,31.055516,35.036591,OK,31.055516,35.036482,"Hamat Gader St 20, Dimona, Israel",OK,31.055785,35.036699,"חמת גדר, ממשית, דימונה, נפת באר שבע, מחוז הדרום, 8604712, ישראל",10.4,31.6,36.3,חמת גדר,20,match,חמת גדר,,partial,,,n/a,חמת גדר,3,partial,
001027-073567-00631-X,דימונה,חמת גדר,12,,,exact,31.055960,35.036524,OK,31.055922,35.036473,"Hamat Gader St 12, Dimona, Israel",OK,31.055785,35.036699,"חמת גדר, ממשית, דימונה, נפת באר שבע, מחוז הדרום, 8604712, ישראל",6.4,25.6,26.4,חמת גדר,12,match,חמת גדר,,partial,,,n/a,חמת גדר,3,partial,
001027-073567-00632-X,דימונה,חמת גדר,8,,,exact,31.056136,35.036595,OK,31.056138,35.036522,"Hamat Gader St 8, Dimona, Israel",OK,31.055785,35.036699,"חמת גדר, ממשית, דימונה, נפת באר שבע, מחוז הדרום, 8604712, ישראל",7.0,40.1,42.6,חמת גדר,8,match,חמת גדר,,partial,,,n/a,חמת גדר,3,partial,
001027-073567-00633-X,דימונה,חמת גדר,2,,,exact,31.056353,35.036737,OK,31.056391,35.036640,"Hamat Gader St 2, Dimona, Israel",OK,31.055785,35.036699,"חמת גדר, ממשית, דימונה, נפת באר שבע, מחוז הדרום, 8604712, ישראל",10.2,63.1,67.4,חמת גדר,2,match,חמת גדר,,partial,,,n/a,חמת גדר,3,partial,
001027-073567-00634-X,דימונה,חמת גדר,4,,,exact,31.056300,35.036676,OK,31.056315,35.036581,"Hamat Gader St 4, Dimona, Israel",OK,31.055785,35.036699,"חמת גדר, ממשית, דימונה, נפת באר שבע, מחוז הדרום, 8604712, ישראל",9.3,57.1,59.8,חמת גדר,4,match,חמת גדר,,partial,,,n/a,חמת גדר,3,partial,
001027-073567-00635-X,דימונה,חמת גדר,5,,,exact,31.055577,35.036852,OK,31.055552,35.036854,"Hamat Gader St 5, Dimona, Israel",OK,31.055785,35.036699,"חמת גדר, ממשית, דימונה, נפת באר שבע, מחוז הדרום, 8604712, ישראל",2.7,27.4,29.8,חמת גדר,5,match,חמת גדר,,partial,,,n/a,חמת גדר,3,partial,
001027-073567-00636-X,דימונה,חמת גדר,22,,,exact,31.055391,35.036655,OK,31.055428,35.036530,"Hamat Gader St 22, Dimona, Israel",OK,31.055785,35.036699,"חמת גדר, ממשית, דימונה, נפת באר שבע, מחוז הדרום, 8604712, ישראל",12.7,44.0,42.8,חמת גדר,24,partial,חמת גדר,,partial,,,n/a,חמת גדר,3,partial,
001027-073567-00637-X,דימונה,חמת גדר,24,,,exact,31.055328,35.036657,OK,31.055350,35.036567,"Hamat Gader St 24, Dimona, Israel",OK,31.055785,35.036699,"חמת גדר, ממשית, דימונה, נפת באר שבע, מחוז הדרום, 8604712, ישראל",8.9,50.9,49.9,חמת גדר,26,partial,חמת גדר,,partial,,,n/a,חמת גדר,3,partial,
001027-073567-00638-X,דימונה,חמת גדר,26,,,exact,31.055211,35.036755,OK,31.055246,35.036624,"Hamat Gader St 26, Dimona, Israel",OK,31.055785,35.036699,"חמת גדר, ממשית, דימונה, נפת באר שבע, מחוז הדרום, 8604712, ישראל",13.1,64.0,60.2,חמת גדר,28,partial,חמת גדר,,partial,,,n/a,חמת גדר,3,partial,
001027-073567-00639-X,דימונה,חצב,26,,,exact,31.078185,35.038818,OK,31.078403,35.038426,"Khatsav St 26, Dimona, Israel",OK,31.077292,35.038835,"חצב, נאות הללי, נווה גן, דימונה, נפת באר שבע, מחוז הדרום, 8604712, ישראל",44.6,99.1,129.3,חצב,4,partial,חצב,,partial,,,n/a,חצב,117,partial,
001027-073567-00640-X,דימונה,חצב,2,,,exact,31.078330,35.038902,OK,31.078386,35.038846,"Khatsav St 2, Dimona, Israel",OK,31.077292,35.038835,"חצב, נאות הללי, נווה גן, דימונה, נפת באר שבע, מחוז הדרום, 8604712, ישראל",8.2,115.2,121.3,חצב,133,partial,חצב,,partial,,,n/a,חצב,117,partial,
001027-073567-00641-X,דימונה,חצב,9,,,exact,31.077608,35.039172,OK,31.078018,35.038778,"Khatsav St 9, Dimona, Israel",OK,31.077292,35.038835,"חצב, נאות הללי, נווה גן, דימונה, נפת באר שבע, מחוז הדרום, 8604712, ישראל",59.1,47.5,80.7,חצב,125,partial,חצב,,partial,,,n/a,חצב,117,partial,
001027-073567-00642-X,דימונה,חצב,18,,,exact,31.077752,35.038493,OK,31.077782,35.038511,"Khatsav St 18, Dimona, Israel",OK,31.077292,35.038835,"חצב, נאות הללי, נווה גן, דימונה, נפת באר שבע, מחוז הדרום, 8604712, ישראל",3.8,60.6,62.6,חצב,18,match,חצב,,partial,,,n/a,חצב,117,partial,
001027-073567-00643-X,דימונה,חצב,21,,,exact,31.077096,35.038943,OK,31.077095,35.038891,"Khatsav St 21, Dimona, Israel",OK,31.077292,35.038835,"חצב, נאות הללי, נווה גן, דימונה, נפת באר שבע, מחוז הדרום, 8604712, ישראל",4.9,24.0,22.5,חצב,21,match,הרב אלנקוה,,mismatch,,,n/a,חצב,117,partial,osm_rev_at_govmap_mismatch
001027-073567-00644-X,דימונה,חצב,37,,,exact,31.077282,35.038245,OK,31.077315,35.038218,"Khatsav St 37, Dimona, Israel",OK,31.077292,35.038835,"חצב, נאות הללי, נווה גן, דימונה, נפת באר שבע, מחוז הדרום, 8604712, ישראל",4.5,56.4,59.0,חצב,37,match,חצב,,partial,,,n/a,חצב,117,partial,
001027-073567-00645-X,דימונה,חצב,27,,,exact,31.077157,35.038576,OK,31.077151,35.038499,"Khatsav St 27, Dimona, Israel",OK,31.077292,35.038835,"חצב, נאות הללי, נווה גן, דימונה, נפת באר שבע, מחוז הדרום, 8604712, ישראל",7.4,28.9,35.7,חצב,27,match,חצב,,partial,,,n/a,חצב,117,partial,
001027-073567-00646-X,דימונה,חרוב,56,,,exact,31.081176,35.043651,OK,31.081117,35.043618,"Kharuv St 56, Dimona, Israel",OK,31.081121,35.043248,"חרוב, נווה חורש, חכמי ישראל, דימונה, נפת באר שבע, מחוז הדרום, 8604712, ישראל",7.3,38.9,35.2,חרוב,58,partial,חרוב,,partial,,,n/a,חרוב,188,partial,
001027-073567-00647-X,דימונה,חרוב,8,,,exact,31.080046,35.040072,OK,31.080043,35.040076,"Kharuv St 8, Dimona, Israel",OK,31.081121,35.043248,"חרוב, נווה חורש, חכמי ישראל, דימונה, נפת באר שבע, מחוז הדרום, 8604712, ישראל",0.6,325.8,325.5,חרוב,8,match,חרוב,,partial,,,n/a,חרוב,188,partial,
001027-073567-00648-X,דימונה,חרוב,35,,,exact,31.080778,35.042686,OK,31.080737,35.042565,"Kharuv St 35, Dimona, Israel",OK,31.080232,35.041284,"חרוב, נווה חורש, חכמי ישראל, דימונה, נפת באר שבע, מחוז הדרום, 8604712, ישראל",12.4,146.8,134.5,חרוב,37,partial,חרוב,,partial,,,n/a,חרוב,230,partial,
001027-073567-00649-X,דימונה,חרוב,36,,,exact,31.080550,35.042953,OK,31.080502,35.042855,"Kharuv St 36, Dimona, Israel",OK,31.081121,35.043248,"חרוב, נווה חורש, חכמי ישראל, דימונה, נפת באר שבע, מחוז הדרום, 8604712, ישראל",10.7,69.4,78.2,חרוב,38,partial,שיזף,,mismatch,,,n/a,חרוב,188,partial,osm_rev_at_govmap_mismatch
001027-073567-00650-X,דימונה,חרוב,52,,,exact,31.081014,35.043476,OK,31.080990,35.043403,"Kharuv St 52, Dimona, Israel",OK,31.080232,35.041284,"חרוב, נווה חורש, חכמי ישראל, דימונה, נפת באר שבע, מחוז הדרום, 8604712, ישראל",7.5,226.5,219.0,חרוב,54,partial,חרוב,,partial,,,n/a,חרוב,230,partial,
001027-073567-00651-X,דימונה,חרוב,19,,,exact,31.080440,35.040640,OK,31.080426,35.040596,"Kharuv St 19, Dimona, Israel",OK,31.080232,35.041284,"חרוב, נווה חורש, חכמי ישראל, דימונה, נפת באר שבע, מחוז הדרום, 8604712, ישראל",4.4,65.7,69.1,חרוב,23,partial,חרוב,,partial,,,n/a,חרוב,230,partial,
001027-073567-00652-X,דימונה,חרוב,47,,,exact,31.081084,35.043094,OK,31.081097,35.043016,"Kharuv St 47, Dimona, Israel",OK,31.081121,35.043248,"חרוב, נווה חורש, חכמי ישראל, דימונה, נפת באר שבע, מחוז הדרום, 8604712, ישראל",7.6,15.3,22.3,חרוב,47,match,חרוב,,partial,,,n/a,חרוב,188,partial,
001027-073567-00653-X,דימונה,חרוב,7,,,exact,31.080412,35.040075,OK,31.080409,35.040063,"Kharuv St 7, Dimona, Israel",OK,31.080232,35.041284,"חרוב, נווה חורש, חכמי ישראל, דימונה, נפת באר שבע, מחוז הדרום, 8604712, ישראל",1.1,117.1,118.2,חרוב,7,match,חרוב,,partial,,,n/a,חרוב,230,partial,
001027-073567-00654-X,דימונה,חרוב,48,,,exact,31.080909,35.043337,OK,31.080854,35.043268,"Kharuv St 48, Dimona, Israel",OK,31.081121,35.043248,"חרוב, נווה חורש, חכמי ישראל, דימונה, נפת באר שבע, מחוז הדרום, 8604712, ישראל",8.9,25.0,29.7,חרוב,50,partial,חרוב,,partial,,,n/a,חרוב,188,partial,
001027-073567-00655-X,דימונה,חרוב,23,,,exact,31.080424,35.040833,OK,31.080457,35.040640,"Kharuv St 23, Dimona, Israel",OK,31.081121,35.043248,"חרוב, נווה חורש, חכמי ישראל, דימונה, נפת באר שבע, מחוז הדרום, 8604712, ישראל",18.8,243.1,259.6,חרוב,232,partial,חרוב,,partial,,,n/a,חרוב,188,partial,
001027-073567-00656-X,דימונה,חרוב,40,,,exact,31.080687,35.043100,OK,31.080631,35.043008,"Kharuv St 40, Dimona, Israel",OK,31.081121,35.043248,"חרוב, נווה חורש, חכמי ישראל, דימונה, נפת באר שבע, מחוז הדרום, 8604712, ישראל",10.8,50.2,59.0,חרוב,180,partial,חרוב,,partial,,,n/a,חרוב,188,partial,
001027-073567-00657-X,דימונה,חרוב,22,,,exact,31.080080,35.040779,OK,31.080078,35.040791,"Kharuv St 22, Dimona, Israel",OK,31.080232,35.041284,"חרוב, נווה חורש, חכמי ישראל, דימונה, נפת באר שבע, מחוז הדרום, 8604712, ישראל",1.2,51.1,50.1,חרוב,22,match,ליבנה,,mismatch,,,n/a,חרוב,230,partial,osm_rev_at_govmap_mismatch
001027-073567-00658-X,דימונה,חרוב,20,,,exact,31.080063,35.040649,OK,31.080061,35.040661,"Kharuv St 20, Dimona, Israel",OK,31.080232,35.041284,"חרוב, נווה חורש, חכמי ישראל, דימונה, נפת באר שבע, מחוז הדרום, 8604712, ישראל",1.2,63.4,62.4,חרוב,20,match,חרוב,,partial,,,n/a,חרוב,230,partial,
001027-073567-00659-X,דימונה,חרצית,10,,,exact,31.081211,35.042712,OK,31.081164,35.042650,"Hartsit St 10, Dimona, Israel",OK,31.081048,35.042283,"חרצית, נווה חורש, חכמי ישראל, דימונה, נפת באר שבע, מחוז הדרום, 8604712, ישראל",7.9,44.7,37.3,חרצית,12,partial,חרצית,,partial,,,n/a,חרצית,4,partial,
001027-073567-00660-X,דימונה,חרצית,8,,,exact,31.081070,35.042641,OK,31.081102,35.042576,"Hartsit St 8, Dimona, Israel",OK,31.081048,35.042283,"חרצית, נווה חורש, חכמי ישראל, דימונה, נפת באר שבע, מחוז הדרום, 8604712, ישראל",7.1,34.3,28.6,חרצית,191,partial,חרצית,,partial,,,n/a,חרצית,4,partial,
001027-073567-00661-X,דימונה,חרצית,2,,,exact,31.080968,35.042457,OK,31.080888,35.042362,"Hartsit St 2, Dimona, Israel",OK,31.081048,35.042283,"חרצית, נווה חורש, חכמי ישראל, דימונה, נפת באר שבע, מחוז הדרום, 8604712, ישראל",12.6,18.8,19.2,חרצית,4,partial,שיזף,,mismatch,,,n/a,חרצית,4,partial,osm_rev_at_govmap_mismatch
001027-073567-00662-X,דימונה,חרצית,19,,,exact,31.081412,35.042513,OK,31.081411,35.042501,"Hartsit St 19, Dimona, Israel",OK,31.081048,35.042283,"חרצית, נווה חורש, חכמי ישראל, דימונה, נפת באר שבע, מחוז הדרום, 8604712, ישראל",1.2,46.0,45.3,חרצית,19,match,חרצית,,partial,,,n/a,חרצית,4,partial,
001027-073567-00663-X,דימונה,טופח,10,,,exact,31.080857,35.041542,OK,31.080892,35.041479,"Tofakh St 10, Dimona, Israel",OK,31.081167,35.041568,"טופח, נווה חורש, חכמי ישראל, דימונה, נפת באר שבע, מחוז הדרום, 8604712, ישראל",7.1,34.4,31.6,טופח,224,partial,טופח,,partial,,,n/a,שיזף,39,mismatch,google_rev_at_osm_mismatch
001027-073567-00664-X,דימונה,טופח,16,,,exact,31.081074,35.041765,OK,31.081075,35.041693,"Tofakh St 16, Dimona, Israel",OK,31.081167,35.041568,"טופח, נווה חורש, חכמי ישראל, דימונה, נפת באר שבע, מחוז הדרום, 8604712, ישראל",6.9,21.5,15.7,טופח,18,partial,שיזף,,mismatch,,,n/a,שיזף,39,mismatch,osm_rev_at_govmap_mismatch;google_rev_at_osm_mismatch
001027-073567-00665-X,דימונה,טופח,35,,,exact,31.081854,35.042188,OK,31.081807,35.042071,"Tofakh St 35, Dimona, Israel",OK,31.081167,35.041568,"טופח, נווה חורש, חכמי ישראל, דימונה, נפת באר שבע, מחוז הדרום, 8604712, ישראל",12.3,96.5,85.7,טופח,37,partial,טופח,,partial,,,n/a,שיזף,39,mismatch,google_rev_at_osm_mismatch
001027-073567-00666-X,דימונה,טופח,28,,,exact,31.081570,35.042298,OK,31.081542,35.042217,"Tofakh St 28, Dimona, Israel",OK,31.081167,35.041568,"טופח, נווה חורש, חכמי ישראל, דימונה, נפת באר שבע, מחוז הדרום, 8604712, ישראל",8.4,82.8,74.6,טופח,30,partial,טופח,,partial,,,n/a,שיזף,39,mismatch,google_rev_at_osm_mismatch
001027-073567-00667-X,דימונה,טופח,18,,,exact,31.081099,35.041813,OK,31.081131,35.041767,"Tofakh St 18, Dimona, Israel",OK,31.081167,35.041568,"טופח, נווה חורש, חכמי ישראל, דימונה, נפת באר שבע, מחוז הדרום, 8604712, ישראל",5.6,24.5,19.4,טופח,222,partial,שיזף,,mismatch,,,n/a,שיזף,39,mismatch,osm_rev_at_govmap_mismatch;google_rev_at_osm_mismatch
001027-073567-00668-X,דימונה,טופח,11,,,exact,31.080992,35.041117,OK,31.080973,35.041109,"Tofakh St 11, Dimona, Israel",OK,31.081167,35.041568,"טופח, נווה חורש, חכמי ישראל, דימונה, נפת באר שבע, מחוז הדרום, 8604712, ישראל",2.2,47.2,48.8,טופח,11,match,טופח,,partial,,,n/a,שיזף,39,mismatch,google_rev_at_osm_mismatch
001027-073567-00669-X,דימונה,טופח,12,,,exact,31.080974,35.041627,OK,31.080958,35.041558,"Tofakh St 12, Dimona, Israel",OK,31.081167,35.041568,"טופח, נווה חורש, חכמי ישראל, דימונה, נפת באר שבע, מחוז הדרום, 8604712, ישראל",6.8,22.1,23.2,טופח,14,partial,טופח,,partial,,,n/a,שיזף,39,mismatch,google_rev_at_osm_mismatch
001027-073567-00670-X,דימונה,טופח,37,,,exact,31.081901,35.042170,OK,31.081862,35.042137,"Tofakh St 37, Dimona, Israel",OK,31.081167,35.041568,"טופח, נווה חורש, חכמי ישראל, דימונה, נפת באר שבע, מחוז הדרום, 8604712, ישראל",5.4,99.7,94.3,טופח,39,partial,סיגלון,,mismatch,,,n/a,שיזף,39,mismatch,osm_rev_at_govmap_mismatch;google_rev_at_osm_mismatch
001027-073567-00671-X,דימונה,יגאל אלון,58,,,exact,31.063271,35.037918,OK,31.062774,35.034368,"Sderot Yig'al Alon 58, Dimona, Israel",OK,31.063444,35.035430,"יגאל אלון, גיורא יוספטל, נווה גן, דימונה, נפת באר שבע, מחוז הדרום, 8604712, ישראל",343.3,238.3,125.6,שדרות יגאל אלון,111,partial,שדרות יגאל אלון,,partial,,,n/a,שדרות יגאל אלון,209,partial,
001027-073567-00672-X,דימונה,יגאל אלון,2,,,exact,31.063256,35.031848,OK,31.063237,35.032048,"Sderot Yig'al Alon 2, Dimona, Israel",OK,31.063444,35.035430,"יגאל אלון, גיורא יוספטל, נווה גן, דימונה, נפת באר שבע, מחוז הדרום, 8604712, ישראל",19.2,342.5,323.6,שדרות יגאל אלון,15,partial,שדרות אריאל שרון,,mismatch,,,n/a,שדרות יגאל אלון,209,partial,osm_rev_at_govmap_mismatch
001027-073567-00673-X,דימונה,יגאל אלון,29,,,exact,31.063607,35.036193,OK,31.063614,35.036180,"Sderot Yig'al Alon 29, Dimona, Israel",OK,31.063444,35.035430,"יגאל אלון, גיורא יוספטל, נווה גן, דימונה, נפת באר שבע, מחוז הדרום, 8604712, ישראל",1.5,75.1,74.1,שדרות יגאל אלון,29,match,יגאל אלון,,partial,,,n/a,שדרות יגאל אלון,209,partial,
001027-073567-00674-X,דימונה,יגאל אלון,47,,,exact,31.063583,35.037576,OK,31.063640,35.037487,"יגאל אלון 47, Dimona, Israel",OK,31.063444,35.035430,"יגאל אלון, גיורא יוספטל, נווה גן, דימונה, נפת באר שבע, מחוז הדרום, 8604712, ישראל",10.7,205.5,197.5,שדרות יגאל אלון,112,partial,,,mismatch,,,n/a,שדרות יגאל אלון,209,partial,osm_rev_at_govmap_mismatch
001027-073567-00675-X,דימונה,יגאל אלון,32,,,exact,31.063165,35.035102,OK,31.063298,35.033921,"Sderot Yig'al Alon 32, Dimona, Israel",OK,31.063444,35.035430,"יגאל אלון, גיורא יוספטל, נווה גן, דימונה, נפת באר שבע, מחוז הדרום, 8604712, ישראל",113.7,44.0,144.9,פרחי ארצנו,83,mismatch,פרחי ארצינו,,mismatch,,,n/a,שדרות יגאל אלון,209,partial,google_rev_at_govmap_mismatch;osm_rev_at_govmap_mismatch
001027-073567-00676-X,דימונה,יגאל אלון,18,,,exact,31.063095,35.033762,OK,31.062987,35.033364,"Sderot Yig'al Alon 18, Dimona, Israel",OK,31.063444,35.035430,"יגאל אלון, גיורא יוספטל, נווה גן, דימונה, נפת באר שבע, מחוז הדרום, 8604712, ישראל",39.9,163.8,203.6,שדרות יגאל אלון,31,partial,פרחי ארצינו,,mismatch,,,n/a,שדרות יגאל אלון,209,partial,osm_rev_at_govmap_mismatch
001027-073567-00677-X,דימונה,יגאל אלון,24,,,exact,31.063137,35.034431,OK,31.063212,35.034055,"Sderot Yig'al Alon 24, Dimona, Israel",OK,31.063444,35.035430,"יגאל אלון, גיורא יוספטל, נווה גן, דימונה, נפת באר שבע, מחוז הדרום, 8604712, ישראל",36.8,101.2,133.7,שדרות יגאל אלון,54,partial,פרחי ארצינו,,mismatch,,,n/a,שדרות יגאל אלון,209,partial,osm_rev_at_govmap_mismatch
001027-073567-00678-X,דימונה,יגאל אלון,60,,,exact,31.063502,35.038655,OK,31.064018,35.038756,"Sderot Yig'al Alon 60, Dimona, Israel",OK,31.063444,35.035430,"יגאל אלון, גיורא יוספטל, נווה גן, דימונה, נפת באר שבע, מחוז הדרום, 8604712, ישראל",58.0,307.9,323.8,כובשי אילת,110,mismatch,שדרות יגאל אלון,,partial,,,n/a,שדרות יגאל אלון,209,partial,google_rev_at_govmap_mismatch
001027-073567-00679-X,דימונה,יגאל אלון,49,,,exact,31.063600,35.037799,OK,31.063640,35.037487,"יגאל אלון 49, Dimona, Israel",OK,31.063444,35.035430,"יגאל אלון, גיורא יוספטל, נווה גן, דימונה, נפת באר שבע, מחוז הדרום, 8604712, ישראל",30.2,226.8,197.5,שדרות יגאל אלון,501,partial,שדרות יגאל אלון,,partial,,,n/a,שדרות יגאל אלון,209,partial,
001027-073567-00680-X,דימונה,יגאל אלון,44,,,exact,31.063200,35.036123,OK,31.062896,35.032269,"Sderot Yig'al Alon 44, Dimona, Israel",OK,31.063444,35.035430,"יגאל אלון, גיורא יוספטל, נווה גן, דימונה, נפת באר שבע, מחוז הדרום, 8604712, ישראל",369.4,71.5,307.7,שדרות יגאל אלון,133,partial,שדרות יגאל אלון,,partial,,,n/a,שדרות יגאל אלון,209,partial,
001027-073567-00681-X,דימונה,יגאל אלון,78,,,exact,31.065831,35.039849,OK,31.065852,35.039614,"Sderot Yig'al Alon 78, Dimona, Israel",OK,31.063444,35.035430,"יגאל אלון, גיורא יוספטל, נווה גן, דימונה, נפת באר שבע, מחוז הדרום, 8604712, ישראל",22.5,498.0,480.4,אליעזר מילרוד,1614,mismatch,שדרות יגאל אלון,,partial,,,n/a,שדרות יגאל אלון,209,partial,google_rev_at_govmap_mismatch
001027-073567-00682-X,דימונה,יגאל אלון,8,,,exact,31.063300,35.032478,OK,31.063427,35.032547,"Sderot Yig'al Alon 8, Dimona, Israel",OK,31.063444,35.035430,"יגאל אלון, גיורא יוספטל, נווה גן, דימונה, נפת באר שבע, מחוז הדרום, 8604712, ישראל",15.5,282.2,275.2,איריס,18,mismatch,שדרות יגאל אלון,,partial,,,n/a,שדרות יגאל אלון,209,partial,google_rev_at_govmap_mismatch
001027-073567-00683-X,דימונה,יגאל אלון,48,,,exact,31.063067,35.037214,OK,31.063640,35.037487,"יגאל אלון 48, Dimona, Israel",OK,31.063444,35.035430,"יגאל אלון, גיורא יוספטל, נווה גן, דימונה, נפת באר שבע, מחוז הדרום, 8604712, ישראל",68.6,175.4,197.5,שדרות יגאל אלון,112,partial,שדרות יגאל אלון,,partial,,,n/a,שדרות יגאל אלון,209,partial,
001027-073567-00684-X,דימונה,יגאל אלון,4,,,exact,31.063245,35.032043,OK,31.063505,35.032259,"Sderot Yig'al Alon 4, Dimona, Israel",OK,31.063444,35.035430,"יגאל אלון, גיורא יוספטל, נווה גן, דימונה, נפת באר שבע, מחוז הדרום, 8604712, ישראל",35.4,324.0,302.7,שדרות יגאל אלון,16,partial,,,mismatch,,,n/a,שדרות יגאל אלון,209,partial,osm_rev_at_govmap_mismatch
001027-073567-00685-X,דימונה,יגאל אלון,6,,,exact,31.063297,35.032310,OK,31.063440,35.033141,"Sderot Yig'al Alon 6, Dimona, Israel",OK,31.063444,35.035430,"יגאל אלון, גיורא יוספטל, נווה גן, דימונה, נפת באר שבע, מחוז הדרום, 8604712, ישראל",80.8,298.2,218.5,שדרות יגאל אלון,17,partial,שדרות יגאל אלון,,partial,,,n/a,שדרות יגאל אלון,209,partial,
001027-073567-00686-X,דימונה,יגאל אלון,82,,,exact,31.066033,35.039921,OK,31.066016,35.039882,"Sderot Yig'al Alon 82, Dimona, Israel",OK,31.063444,35.035430,"יגאל אלון, גיורא יוספטל, נווה גן, דימונה, נפת באר שבע, מחוז הדרום, 8604712, ישראל",4.2,515.9,511.7,עבדת,1613,mismatch,שדרות יגאל אלון,,partial,,,n/a,שדרות יגאל אלון,209,partial,google_rev_at_govmap_mismatch
001027-073567-00687-X,דימונה,יגאל אלון,66,,,exact,31.065277,35.039636,OK,31.065251,35.039603,"Sderot Yig'al Alon 66, Dimona, Israel",OK,31.063444,35.035430,"יגאל אלון, גיורא יוספטל, נווה גן, דימונה, נפת באר שבע, מחוז הדרום, 8604712, ישראל",4.3,450.0,445.9,אליעזר מילרוד,1617,mismatch,אליעזר מילרוד,,mismatch,,,n/a,שדרות יגאל אלון,209,partial,google_rev_at_govmap_mismatch;osm_rev_at_govmap_mismatch
001027-073567-00688-X,דימונה,יהודה הלוי,4,,,exact,31.075917,35.040709,OK,31.076363,35.040154,"Yehuda Halevi St 4, Dimona, Israel",OK,31.075898,35.040973,"יהודה הלוי, חכמי ישראל, דימונה, נפת באר שבע, מחוז הדרום, 8604712, ישראל",72.4,25.2,93.6,יהודה הלוי,566,partial,יהודה הלוי,,partial,,,n/a,יהודה הלוי,566,partial,
001027-073567-00689-X,דימונה,יהודה הלוי,5,,,exact,31.076530,35.040257,OK,31.076551,35.040209,"Yehuda Halevi St 5, Dimona, Israel",OK,31.075898,35.040973,"יהודה הלוי, חכמי ישראל, דימונה, נפת באר שבע, מחוז הדרום, 8604712, ישראל",5.1,97.9,102.7,יהודה הלוי,5,match,הרב אלנקוה,,mismatch,,,n/a,יהודה הלוי,566,partial,osm_rev_at_govmap_mismatch
001027-073567-00690-X,דימונה,יהודה הלוי,17,,,exact,31.076475,35.041334,OK,31.076496,35.041279,"Yehuda Halevi St 17, Dimona, Israel",OK,31.075898,35.040973,"יהודה הלוי, חכמי ישראל, דימונה, נפת באר שבע, מחוז הדרום, 8604712, ישראל",5.8,72.7,72.5,יהודה הלוי,17,match,אלחריזי,,mismatch,,,n/a,יהודה הלוי,566,partial,osm_rev_at_govmap_mismatch
001027-073567-00691-X,דימונה,יהודה הלוי,15,,,exact,31.076537,35.041138,OK,31.076540,35.041107,"Yehuda Halevi St 15, Dimona, Israel",OK,31.075898,35.040973,"יהודה הלוי, חכמי ישראל, דימונה, נפת באר שבע, מחוז הדרום, 8604712, ישראל",3.0,72.6,72.3,יהודה הלוי,15,match,הרב אלנקוה,,mismatch,,,n/a,יהודה הלוי,566,partial,osm_rev_at_govmap_mismatch
001027-073567-00692-X,דימונה,יהודה הלוי,35,,,exact,31.074842,35.041633,OK,31.074833,35.041598,"Yehuda Halevi St 35, Dimona, Israel",OK,31.075898,35.040973,"יהודה הלוי, חכמי ישראל, דימונה, נפת באר שבע, מחוז הדרום, 8604712, ישראל",3.5,133.0,132.3,יהודה הלוי,35,match,רבי שמעון בר יוחאי,,mismatch,,,n/a,יהודה הלוי,566,partial,osm_rev_at_govmap_mismatch
001027-073567-00693-X,דימונה,יהודה הלוי,21,,,exact,31.076039,35.041396,OK,31.076047,35.041390,"Yehuda Halevi St 21, Dimona, Israel",OK,31.075898,35.040973,"יהודה הלוי, חכמי ישראל, דימונה, נפת באר שבע, מחוז הדרום, 8604712, ישראל",1.2,43.3,43.1,יהודה הלוי,21,match,אלחריזי,,mismatch,,,n/a,יהודה הלוי,566,partial,osm_rev_at_govmap_mismatch
001027-073567-00694-X,דימונה,יהודה הלוי,13,,,exact,31.076472,35.040962,OK,31.076475,35.040922,"Yehuda Halevi St 13, Dimona, Israel",OK,31.075898,35.040973,"יהודה הלוי, חכמי ישראל, דימונה, נפת באר שבע, מחוז הדרום, 8604712, ישראל",3.9,63.6,64.1,יהודה הלוי,13,match,הרב אלנקוה,,mismatch,,,n/a,יהודה הלוי,566,partial,osm_rev_at_govmap_mismatch
001027-073567-00695-X,דימונה,יהודה הלוי,2,,,exact,31.075910,35.040102,OK,31.074906,35.041557,"Yehuda Halevi St 2, Dimona, Israel",OK,31.075898,35.040973,"יהודה הלוי, חכמי ישראל, דימונה, נפת באר שבע, מחוז הדרום, 8604712, ישראל",178.0,83.1,123.4,יהודה הלוי,465,partial,יהודה הלוי,,partial,,,n/a,יהודה הלוי,566,partial,
001027-073567-00696-X,דימונה,יהודה הלוי,3,,,exact,31.076459,35.040049,OK,31.076598,35.039812,"Yehuda Halevi St 3, Dimona, Israel",OK,31.075898,35.040973,"יהודה הלוי, חכמי ישראל, דימונה, נפת באר שבע, מחוז הדרום, 8604712, ישראל",27.4,107.9,135.2,יהודה הלוי,460,partial,יהודה הלוי,,partial,,,n/a,יהודה הלוי,566,partial,
001027-073567-00697-X,דימונה,יהודה הלוי,31,,,exact,31.075167,35.041687,OK,31.075153,35.041763,"Yehuda Halevi St 31, Dimona, Israel",OK,31.075898,35.040973,"יהודה הלוי, חכמי ישראל, דימונה, נפת באר שבע, מחוז הדרום, 8604712, ישראל",7.5,105.9,111.9,יהודה הלוי,31,match,אלחריזי,,mismatch,,,n/a,יהודה הלוי,566,partial,osm_rev_at_govmap_mismatch
001027-073567-00698-X,דימונה,יהודה הלוי,33,,,exact,31.075001,35.041747,OK,31.075077,35.041703,"Yehuda Halevi St 33, Dimona, Israel",OK,31.075898,35.040973,"יהודה הלוי, חכמי ישראל, דימונה, נפת באר שבע, מחוז הדרום, 8604712, ישראל",9.4,123.9,114.7,שלמה אבן גבירול,463,mismatch,רבי שמעון בר יוחאי,,mismatch,,,n/a,יהודה הלוי,566,partial,google_rev_at_govmap_mismatch;osm_rev_at_govmap_mismatch
001027-073567-00699-X,דימונה,יהודה הלוי,27,,,exact,31.075636,35.041472,OK,31.075637,35.041437,"Yehuda Halevi St 27, Dimona, Israel",OK,31.075898,35.040973,"יהודה הלוי, חכמי ישראל, דימונה, נפת באר שבע, מחוז הדרום, 8604712, ישראל",3.3,55.8,52.9,יהודה הלוי,27,match,אלחריזי,,mismatch,,,n/a,יהודה הלוי,566,partial,osm_rev_at_govmap_mismatch
001027-073567-00700-X,דימונה,יהודה הלוי,9,,,exact,31.076283,35.040495,OK,31.076354,35.040445,"Yehuda Halevi St 9, Dimona, Israel",OK,31.075898,35.040973,"יהודה הלוי, חכמי ישראל, דימונה, נפת באר שבע, מחוז הדרום, 8604712, ישראל",9.2,62.4,71.3,יהודה הלוי,9,match,יהודה הלוי,,partial,,,n/a,יהודה הלוי,566,partial,
001027-073567-00701-X,דימונה,יהודה הלוי,1,,,exact,31.076291,35.039975,OK,31.076335,35.039997,"Yehuda Halevi St 1, Dimona, Israel",OK,31.075898,35.040973,"יהודה הלוי, חכמי ישראל, דימונה, נפת באר שבע, מחוז הדרום, 8604712, ישראל",5.3,104.6,105.0,יהודה הלוי,1,match,יהודה הלוי,,partial,,,n/a,יהודה הלוי,566,partial,
001027-073567-00702-X,דימונה,יהודה הלוי,7,,,exact,31.076459,35.040430,OK,31.076489,35.040383,"Yehuda Halevi St 7, Dimona, Israel",OK,31.075898,35.040973,"יהודה הלוי, חכמי ישראל, דימונה, נפת באר שבע, מחוז הדרום, 8604712, ישראל",5.6,80.9,86.4,יהודה הלוי,7,match,יהודה הלוי,,partial,,,n/a,יהודה הלוי,566,partial,
001027-073567-00703-X,דימונה,יהודה הלוי,37,,,exact,31.074776,35.041508,OK,31.074775,35.041469,"Yehuda Halevi St 37, Dimona, Israel",OK,31.075898,35.040973,"יהודה הלוי, חכמי ישראל, דימונה, נפת באר שבע, מחוז הדרום, 8604712, ישראל",3.7,134.6,133.2,יהודה הלוי,37,match,רבי שמעון בר יוחאי,,mismatch,,,n/a,יהודה הלוי,566,partial,osm_rev_at_govmap_mismatch
001027-073567-00704-X,דימונה,יהודה הלוי,39,,,exact,31.074769,35.041281,OK,31.074775,35.041268,"Yehuda Halevi St 39, Dimona, Israel",OK,31.075898,35.040973,"יהודה הלוי, חכמי ישראל, דימונה, נפת באר שבע, מחוז הדרום, 8604712, ישראל",1.4,128.6,127.7,יהודה הלוי,39,match,שמעון בר יוחאי,,mismatch,,,n/a,יהודה הלוי,566,partial,osm_rev_at_govmap_mismatch
001027-073567-00705-X,דימונה,יהודה הלוי,11,,,exact,31.076298,35.040885,OK,31.074679,35.040694,"Yehuda Halevi St 11, Dimona, Israel",OK,31.075898,35.040973,"יהודה הלוי, חכמי ישראל, דימונה, נפת באר שבע, מחוז הדרום, 8604712, ישראל",180.5,45.1,137.8,יהודה הלוי,13,partial,יהודה הלוי,,partial,,,n/a,יהודה הלוי,566,partial,
001027-073567-00706-X,דימונה,יודפת,8,,,exact,31.055860,35.035255,OK,31.055862,35.035295,"Yodfat St 8, Dimona, Israel",OK,31.055625,35.035432,"יודפת, ממשית, דימונה, נפת באר שבע, מחוז הדרום, 8604712, ישראל",3.8,31.0,29.3,יודפת,12,partial,יודפת,,partial,,,n/a,יודפת,14,partial,
001027-073567-00707-X,דימונה,יודפת,24,,,exact,31.055017,35.035412,OK,31.055039,35.035500,"Yodfat St 24, Dimona, Israel",OK,31.055625,35.035432,"יודפת, ממשית, דימונה, נפת באר שבע, מחוז הדרום, 8604712, ישראל",8.8,67.5,65.3,יודפת,24,match,יודפת,,partial,,,n/a,יודפת,14,partial,
001027-073567-00708-X,דימונה,יודפת,4,,,exact,31.056048,35.035282,OK,31.056064,35.035361,"Yodfat St 4, Dimona, Israel",OK,31.055625,35.035432,"יודפת, ממשית, דימונה, נפת באר שבע, מחוז הדרום, 8604712, ישראל",7.8,49.0,49.1,יודפת,4,match,יודפת,,partial,,,n/a,יודפת,14,partial,
001027-073567-00709-X,דימונה,יודפת,14,,,exact,31.055579,35.035297,OK,31.055631,35.035306,"Yodfat St 14, Dimona, 8619714, Israel",OK,31.055625,35.035432,"יודפת, ממשית, דימונה, נפת באר שבע, מחוז הדרום, 8604712, ישראל",5.8,13.8,12.0,יודפת,14,match,יודפת,,partial,,,n/a,יודפת,14,match,
001027-073567-00710-X,דימונה,יודפת,20,,,exact,31.055182,35.035318,OK,31.054898,35.035545,"Yodfat St 20, Dimona, Israel",OK,31.055625,35.035432,"יודפת, ממשית, דימונה, נפת באר שבע, מחוז הדרום, 8604712, ישראל",38.3,50.3,81.3,יודפת,24,partial,יודפת,,partial,,,n/a,יודפת,14,partial,
001027-073567-00711-X,דימונה,יודפת,17,,,exact,31.055127,35.035661,OK,31.055211,35.035652,"Yodfat St 17, Dimona, Israel",OK,31.055625,35.035432,"יודפת, ממשית, דימונה, נפת באר שבע, מחוז הדרום, 8604712, ישראל",9.3,59.4,50.5,יודפת,19,partial,יודפת,,partial,,,n/a,יודפת,14,partial,
001027-073567-00712-X,דימונה,יודפת,3,,,exact,31.056012,35.035617,OK,31.056169,35.035566,"Yodfat St 3, Dimona, Israel",OK,31.055625,35.035432,"יודפת, ממשית, דימונה, נפת באר שבע, מחוז הדרום, 8604712, ישראל",18.1,46.5,61.7,יודפת,5,partial,יודפת,,partial,,,n/a,יודפת,14,partial,
001027-073567-00713-X,דימונה,יודפת,16,,,exact,31.055413,35.035297,OK,31.054937,35.035626,"Yodfat St 16, Dimona, Israel",OK,31.055625,35.035432,"יודפת, ממשית, דימונה, נפת באר שבע, מחוז הדרום, 8604712, ישראל",61.5,26.8,78.5,יודפת,14,partial,יודפת,,partial,,,n/a,יודפת,14,partial,
001027-073567-00714-X,דימונה,ירושלים,34,,,exact,31.057038,35.040477,OK,31.057837,35.039129,"Jerusalem St 34, Dimona, Israel",OK,31.059054,35.035930,"ירושלים, ערבה, נווה גן, דימונה, נפת באר שבע, מחוז הדרום, 8604712, ישראל",156.2,488.2,333.9,תל חמה,9,mismatch,ירושלים,,partial,,,n/a,ירושלים,12,partial,google_rev_at_govmap_mismatch
001027-073567-00715-X,דימונה,ירושלים,32,,,exact,31.057057,35.040397,OK,31.057809,35.039191,"Jerusalem St 32, Dimona, Israel",OK,31.057140,35.041190,"ירושלים, ממשית, נווה גן, דימונה, נפת באר שבע, מחוז הדרום, 8604712, ישראל",142.1,76.2,204.7,תל חמה,9,mismatch,ירושלים,,partial,,,n/a,תל חמה,21,mismatch,google_rev_at_govmap_mismatch;google_rev_at_osm_mismatch
001027-073567-00716-X,דימונה,ירושלים,30,,,exact,31.057107,35.040250,OK,31.057782,35.039254,"Jerusalem St 30, Dimona, Israel",OK,31.059048,35.032782,"ירושלים, ערבה, נווה גן, דימונה, נפת באר שבע, מחוז הדרום, 8604712, ישראל",121.0,744.6,633.5,תל חמה,9,mismatch,ירושלים,,partial,,,n/a,,,mismatch,google_rev_at_govmap_mismatch;google_rev_at_osm_mismatch
001027-073567-00717-X,דימונה,ירושלים,26,,,exact,31.057180,35.040027,OK,31.057741,35.039347,"Jerusalem St 26, Dimona, Israel",OK,31.057140,35.041190,"ירושלים, ממשית, נווה גן, דימונה, נפת באר שבע, מחוז הדרום, 8604712, ישראל",89.9,111.0,188.1,,,mismatch,ירושלים,,partial,,,n/a,תל חמה,21,mismatch,google_rev_at_govmap_mismatch;google_rev_at_osm_mismatch
001027-073567-00718-X,דימונה,ירושלים,48,,,exact,31.056730,35.041299,OK,31.058023,35.038691,"Jerusalem St 48, Dimona, Israel",OK,31.057140,35.041190,"ירושלים, ממשית, נווה גן, דימונה, נפת באר שבע, מחוז הדרום, 8604712, ישראל",287.3,46.6,257.8,תל חמה,27,mismatch,ירושלים,,partial,,,n/a,תל חמה,21,mismatch,google_rev_at_govmap_mismatch;google_rev_at_osm_mismatch
001027-073567-00719-X,דימונה,ירושלים,22,,,exact,31.057238,35.039819,OK,31.057693,35.039464,"Jerusalem St 22, Dimona, Israel",OK,31.059054,35.035930,"ירושלים, ערבה, נווה גן, דימונה, נפת באר שבע, מחוז הדרום, 8604712, ישראל",60.8,422.3,369.5,,,mismatch,גמלא,,mismatch,,,n/a,ירושלים,12,partial,google_rev_at_govmap_mismatch;osm_rev_at_govmap_mismatch
001027-073567-00720-X,דימונה,ירושלים,46,,,exact,31.056786,35.041175,OK,31.057996,35.038753,"Jerusalem St 46, Dimona, Israel",OK,31.059048,35.032782,"ירושלים, ערבה, נווה גן, דימונה, נפת באר שבע, מחוז הדרום, 8604712, ישראל",267.3,839.5,581.8,תל חמה,21,mismatch,ירושלים,,partial,,,n/a,,,mismatch,google_rev_at_govmap_mismatch;google_rev_at_osm_mismatch
001027-073567-00721-X,דימונה,ירושלים,44,,,exact,31.056815,35.041103,OK,31.057969,35.038816,"Jerusalem St 44, Dimona, Israel",OK,31.059054,35.035930,"ירושלים, ערבה, נווה גן, דימונה, נפת באר שבע, מחוז הדרום, 8604712, ישראל",253.0,552.6,300.6,תל חמה,21,mismatch,ירושלים,,partial,,,n/a,ירושלים,12,partial,google_rev_at_govmap_mismatch
001027-073567-00722-X,דימונה,ירמיה,2,,,exact,31.078050,35.035771,OK,31.077948,35.035650,"Yirmiya St 2, Dimona, Israel",OK,31.079286,35.035978,"ירמיה, נאות הללי, נווה גן, דימונה, נפת באר שבע, מחוז הדרום, 8604712, ישראל",16.2,138.5,151.6,נחום,1,mismatch,דבורה הנביאה,,mismatch,,,n/a,עמוס,2,mismatch,google_rev_at_govmap_mismatch;osm_rev_at_govmap_mismatch;google_rev_at_osm_mismatch
001027-073567-00723-X,דימונה,ירמיה,25,,,exact,31.079269,35.036358,OK,31.079297,35.036305,"Yirmiya St 25, Dimona, Israel",OK,31.079286,35.035978,"ירמיה, נאות הללי, נווה גן, דימונה, נפת באר שבע, מחוז הדרום, 8604712, ישראל",5.9,36.4,31.3,ירמיה,25,match,ירמיה,,partial,,,n/a,עמוס,2,mismatch,google_rev_at_osm_mismatch
001027-073567-00724-X,דימונה,ירמיה,6,,,exact,31.078293,35.035774,OK,31.078204,35.035632,"Yirmiya St 6, Dimona, Israel",OK,31.079286,35.035978,"ירמיה, נאות הללי, נווה גן, דימונה, נפת באר שבע, מחוז הדרום, 8604712, ישראל",16.7,111.8,124.4,נחום,3,mismatch,ירמיה,,partial,,,n/a,עמוס,2,mismatch,google_rev_at_govmap_mismatch;google_rev_at_osm_mismatch
001027-073567-00725-X,דימונה,ירמיה,3,,,exact,31.078109,35.035428,OK,31.078117,35.035394,"Yirmiya St 3, Dimona, Israel",OK,31.079286,35.035978,"ירמיה, נאות הללי, נווה גן, דימונה, נפת באר שבע, מחוז הדרום, 8604712, ישראל",3.3,140.6,141.1,ירמיה,3,match,ירמיה,,partial,,,n/a,עמוס,2,mismatch,google_rev_at_osm_mismatch
001027-073567-00726-X,דימונה,ירמיה,22,,,exact,31.078868,35.036305,OK,31.078863,35.036190,"Yirmiya St 22, Dimona, Israel",OK,31.079286,35.035978,"ירמיה, נאות הללי, נווה גן, דימונה, נפת באר שבע, מחוז הדרום, 8604712, ישראל",11.0,55.9,51.1,ירמיה,22,match,ירמיה,,partial,,,n/a,עמוס,2,mismatch,google_rev_at_osm_mismatch
001027-073567-00727-X,דימונה,ירמיה,30,,,exact,31.078397,35.036659,OK,31.078411,35.036508,"Yirmiya St 30, Dimona, Israel",OK,31.079286,35.035978,"ירמיה, נאות הללי, נווה גן, דימונה, נפת באר שבע, מחוז הדרום, 8604712, ישראל",14.5,118.1,109.4,ירמיה,30,match,ירמיה,,partial,,,n/a,עמוס,2,mismatch,google_rev_at_osm_mismatch
001027-073567-00728-X,דימונה,ישעיה,16,,,exact,31.080079,35.036138,OK,31.080109,35.036128,"YishaAya St 16, Dimona, Israel",OK,31.080062,35.035450,"ישעיה, נאות הללי, נווה גן, דימונה, נפת באר שבע, מחוז הדרום, 8604712, ישראל",3.5,65.7,64.9,ישעיה,16,match,ישעיה,,partial,,,n/a,ישעיה,17,partial,
001027-073567-00729-X,דימונה,ישעיה,54,,,exact,31.078697,35.034877,OK,31.078664,35.034774,"YishaAya St 54, Dimona, Israel",OK,31.080062,35.035450,"ישעיה, נאות הללי, נווה גן, דימונה, נפת באר שבע, מחוז הדרום, 8604712, ישראל",10.5,160.9,167.9,ישעיה,54,match,ישעיה,,partial,,,n/a,ישעיה,17,partial,
001027-073567-00730-X,דימונה,ישעיה,52,,,exact,31.078829,35.034884,OK,31.078818,35.034736,"YishaAya St 52, Dimona, Israel",OK,31.080062,35.035450,"ישעיה, נאות הללי, נווה גן, דימונה, נפת באר שבע, מחוז הדרום, 8604712, ישראל",14.2,147.1,153.9,ישעיה,52,match,ישעיה,,partial,,,n/a,ישעיה,17,partial,
001027-073567-00731-X,דימונה,ישעיה,48,,,exact,31.079060,35.034824,OK,31.079066,35.034764,"YishaAya St 48, Dimona, Israel",OK,31.080062,35.035450,"ישעיה, נאות הללי, נווה גן, דימונה, נפת באר שבע, מחוז הדרום, 8604712, ישראל",5.7,126.2,128.4,ישעיה,48,match,ישעיה,,partial,,,n/a,ישעיה,17,partial,
001027-073567-00732-X,דימונה,ישעיה,44,,,exact,31.079321,35.034880,OK,31.079318,35.034774,"YishaAya St 44, Dimona, Israel",OK,31.080062,35.035450,"ישעיה, נאות הללי, נווה גן, דימונה, נפת באר שבע, מחוז הדרום, 8604712, ישראל",10.1,98.6,104.7,ישעיה,44,match,ישעיה,,partial,,,n/a,ישעיה,17,partial,
001027-073567-00733-X,דימונה,ישעיה,19,,,exact,31.079873,35.035359,OK,31.079842,35.035342,"YishaAya St 19, Dimona, Israel",OK,31.080062,35.035450,"ישעיה, נאות הללי, נווה גן, דימונה, נפת באר שבע, מחוז הדרום, 8604712, ישראל",3.8,22.8,26.5,ישעיה,19,match,עמוס,,mismatch,,,n/a,ישעיה,17,partial,osm_rev_at_govmap_mismatch
001027-073567-00734-X,דימונה,ישעיה,24,,,exact,31.080190,35.035616,OK,31.080245,35.035710,"YishaAya St 24, Dimona, Israel",OK,31.080062,35.035450,"ישעיה, נאות הללי, נווה גן, דימונה, נפת באר שבע, מחוז הדרום, 8604712, ישראל",10.9,21.2,32.0,ישעיה,24,match,ישעיה,,partial,,,n/a,ישעיה,17,partial,
001027-073567-00735-X,דימונה,ישעיה,2,,,exact,31.079498,35.036889,OK,31.079495,35.036897,"YishaAya St 2, Dimona, Israel",OK,31.080062,35.035450,"ישעיה, נאות הללי, נווה גן, דימונה, נפת באר שבע, מחוז הדרום, 8604712, ישראל",0.9,150.9,151.7,ישעיה,2,match,ישעיה,,partial,,,n/a,ישעיה,17,partial,
001027-073567-00736-X,דימונה,כובשי אילת,32,,,exact,31.064853,35.040834,OK,31.064843,35.040763,"Kovshei Eilat St 32, Dimona, Israel",OK,31.062376,35.037242,"כובשי אילת, גיורא יוספטל, נווה גן, דימונה, נפת באר שבע, מחוז הדרום, 8604712, ישראל",6.9,439.3,433.3,כובשי אילת,1656,partial,כובשי אילת,,partial,,,n/a,כובשי אילת,2,partial,
001027-073567-00737-X,דימונה,כובשי אילת,12,,,exact,31.061703,35.039113,OK,31.062301,35.039206,"Kovshei Eilat St 12, Dimona, Israel",OK,31.062631,35.039225,"כובשי אילת, קהילת העבריים, נווה גן, דימונה, נפת באר שבע, מחוז הדרום, 8604712, ישראל",66.8,103.4,36.7,כובשי אילת,102,partial,תל קיסון,,mismatch,,,n/a,,,mismatch,osm_rev_at_govmap_mismatch;google_rev_at_osm_mismatch
001027-073567-00738-X,דימונה,כובשי אילת,14,,,exact,31.062502,35.039475,OK,31.062435,35.039390,"Kovshei Eilat St 14, Dimona, Israel",OK,31.062376,35.037242,"כובשי אילת, גיורא יוספטל, נווה גן, דימונה, נפת באר שבע, מחוז הדרום, 8604712, ישראל",11.0,213.6,205.1,,,mismatch,כובשי אילת,,partial,,,n/a,כובשי אילת,2,partial,google_rev_at_govmap_mismatch
001027-073567-00739-X,דימונה,כובשי אילת,3,,,exact,31.062460,35.037318,OK,31.062530,35.037290,"Kovshei Eilat St 3, Dimona, Israel",OK,31.064379,35.040286,"כובשי אילת, קהילת העבריים, נווה גן, דימונה, נפת באר שבע, מחוז הדרום, 8604712, ישראל",8.2,354.2,351.8,כובשי אילת,2,partial,כובשי אילת,,partial,,,n/a,,,mismatch,google_rev_at_osm_mismatch
001027-073567-00740-X,דימונה,כובשי אילת,6,,,exact,31.061921,35.038496,OK,31.062344,35.038147,"Kovshei Eilat St 6, Dimona, Israel",OK,31.064379,35.040286,"כובשי אילת, קהילת העבריים, נווה גן, דימונה, נפת באר שבע, מחוז הדרום, 8604712, ישראל",57.5,321.6,304.3,כובשי אילת,103,partial,כובשי אילת,,partial,,,n/a,,,mismatch,google_rev_at_osm_mismatch
001027-073567-00741-X,דימונה,כובשי אילת,24,,,exact,31.064394,35.040570,OK,31.064354,35.040470,"Kovshei Eilat St 24, Dimona, Israel",OK,31.062376,35.037242,"כובשי אילת, גיורא יוספטל, נווה גן, דימונה, נפת באר שבע, מחוז הדרום, 8604712, ישראל",10.6,388.6,378.2,כובשי אילת,1658,partial,כובשי אילת,,partial,,,n/a,כובשי אילת,2,partial,
001027-073567-00742-X,דימונה,כובשי אילת,11,,,exact,31.062555,35.038496,OK,31.062504,35.039004,"Kovshei Eilat St 11, Dimona, Israel",OK,31.062631,35.039225,"כובשי אילת, קהילת העבריים, נווה גן, דימונה, נפת באר שבע, מחוז הדרום, 8604712, ישראל",48.8,70.1,25.4,כובשי אילת,108,partial,כובשי אילת,,partial,,,n/a,,,mismatch,google_rev_at_osm_mismatch
001027-073567-00743-X,דימונה,כובשי אילת,4,,,exact,31.062210,35.037840,OK,31.062007,35.037548,"Kovshei Eilat St 4, Dimona, Israel",OK,31.062631,35.039225,"כובשי אילת, קהילת העבריים, נווה גן, דימונה, נפת באר שבע, מחוז הדרום, 8604712, ישראל",35.8,140.2,174.4,כובשי אילת,104,partial,,,mismatch,,,n/a,,,mismatch,osm_rev_at_govmap_mismatch;google_rev_at_osm_mismatch
001027-073567-00744-X,דימונה,כובשי אילת,36,,,exact,31.065128,35.040982,OK,31.065080,35.040910,"Kovshei Eilat St 36, Dimona, Israel",OK,31.062631,35.039225,"כובשי אילת, קהילת העבריים, נווה גן, דימונה, נפת באר שבע, מחוז הדרום, 8604712, ישראל",8.7,323.7,315.6,כובשי אילת,1655,partial,כובשי אילת,,partial,,,n/a,,,mismatch,google_rev_at_osm_mismatch
001027-073567-00745-X,דימונה,כובשי אילת,7,,,exact,31.062759,35.037889,OK,31.062410,35.037938,"Kovshei Eilat St 7, Dimona, Israel",OK,31.062631,35.039225,"כובשי אילת, קהילת העבריים, נווה גן, דימונה, נפת באר שבע, מחוז הדרום, 8604712, ישראל",39.0,128.3,125.2,כובשי אילת,107,partial,,,mismatch,,,n/a,,,mismatch,osm_rev_at_govmap_mismatch;google_rev_at_osm_mismatch
001027-073567-00746-X,דימונה,כורזין,30,,,exact,31.054648,35.040252,OK,31.054662,35.040348,"Korazin St 30, Dimona, Israel",OK,31.055074,35.039466,"כורזין, ממשית, דימונה, נפת באר שבע, מחוז הדרום, 8604712, ישראל",9.2,88.7,95.7,כורזין,114,partial,כורזין,,partial,,,n/a,כורזין,120,partial,
001027-073567-00747-X,דימונה,כורזין,9,,,exact,31.055231,35.039611,OK,31.055250,35.039418,"Korazin St 9, Dimona, Israel",OK,31.055074,35.039466,"כורזין, ממשית, דימונה, נפת באר שבע, מחוז הדרום, 8604712, ישראל",18.6,22.2,20.1,כורזין,97,partial,כורזין,,partial,,,n/a,כורזין,120,partial,
001027-073567-00748-X,דימונה,כורזין,10,,,exact,31.054996,35.039228,OK,31.055019,35.039192,"Korazin St 10, Dimona, Israel",OK,31.055074,35.039466,"כורזין, ממשית, דימונה, נפת באר שבע, מחוז הדרום, 8604712, ישראל",4.2,24.4,26.9,כורזין,122,partial,כורזין,,partial,,,n/a,כורזין,120,partial,
001027-073567-00749-X,דימונה,כורזין,27,,,exact,31.054849,35.040538,OK,31.054852,35.040639,"Korazin St 27, Dimona, Israel",OK,31.055074,35.039466,"כורזין, ממשית, דימונה, נפת באר שבע, מחוז הדרום, 8604712, ישראל",9.7,105.3,114.6,כורזין,105,partial,כורזין,,partial,,,n/a,כורזין,120,partial,
001027-073567-00750-X,דימונה,כורזין,29,,,exact,31.054899,35.040610,OK,31.054805,35.040771,"Korazin St 29, Dimona, Israel",OK,31.055074,35.039466,"כורזין, ממשית, דימונה, נפת באר שבע, מחוז הדרום, 8604712, ישראל",18.6,110.9,128.1,כורזין,105,partial,כורזין,,partial,,,n/a,כורזין,120,partial,
001027-073567-00751-X,דימונה,כורזין,18,,,exact,31.054864,35.039671,OK,31.054862,35.039639,"Korazin St 18, Dimona, Israel",OK,31.055074,35.039466,"כורזין, ממשית, דימונה, נפת באר שבע, מחוז הדרום, 8604712, ישראל",3.1,30.4,28.7,כורזין,118,partial,כורזין,,partial,,,n/a,כורזין,120,partial,
001027-073567-00752-X,דימונה,כורזין,20,,,exact,31.054816,35.039714,OK,31.054823,35.039750,"Korazin St 20, Dimona, Israel",OK,31.055074,35.039466,"כורזין, ממשית, דימונה, נפת באר שבע, מחוז הדרום, 8604712, ישראל",3.6,37.0,38.9,כורזין,118,partial,כורזין,,partial,,,n/a,כורזין,120,partial,
001027-073567-00753-X,דימונה,כורזין,21,,,exact,31.054999,35.040218,OK,31.054994,35.040244,"Korazin St 21, Dimona, Israel",OK,31.055074,35.039466,"כורזין, ממשית, דימונה, נפת באר שבע, מחוז הדרום, 8604712, ישראל",2.6,72.2,74.7,כורזין,21,match,כורזין,,partial,,,n/a,כורזין,120,partial,
001027-073567-00754-X,דימונה,כורזין,22,,,exact,31.054776,35.039870,OK,31.054692,35.039966,"Korazin St 22, Dimona, Israel",OK,31.055074,35.039466,"כורזין, ממשית, דימונה, נפת באר שבע, מחוז הדרום, 8604712, ישראל",13.1,50.7,63.8,כורזין,116,partial,כורזין,,partial,,,n/a,כורזין,120,partial,
001027-073567-00755-X,דימונה,כורזין,17,,,exact,31.055067,35.039987,OK,31.055060,35.039961,"Korazin St 17, Dimona, Israel",OK,31.055074,35.039466,"כורזין, ממשית, דימונה, נפת באר שבע, מחוז הדרום, 8604712, ישראל",2.6,49.7,47.2,כורזין,17,match,כורזין,,partial,,,n/a,כורזין,120,partial,
001027-073567-00756-X,דימונה,כורזין,16,,,exact,31.054905,35.039484,OK,31.054901,35.039527,"Korazin St 16, Dimona, Israel",OK,31.055074,35.039466,"כורזין, ממשית, דימונה, נפת באר שבע, מחוז הדרום, 8604712, ישראל",4.1,18.8,20.0,כורזין,120,partial,כורזין,,partial,,,n/a,כורזין,120,partial,
001027-073567-00757-X,דימונה,כורזין,2,,,exact,31.055129,35.038888,OK,31.055314,35.038802,"Korazin St 2, Dimona, Israel",OK,31.055074,35.039466,"כורזין, ממשית, דימונה, נפת באר שבע, מחוז הדרום, 8604712, ישראל",22.1,55.6,68.8,כורזין,126,partial,כורזין,,partial,,,n/a,כורזין,120,partial,
001027-073567-00758-X,דימונה,כורזין,14,,,exact,31.054934,35.039426,OK,31.054940,35.039415,"Korazin St 14, Dimona, Israel",OK,31.055074,35.039466,"כורזין, ממשית, דימונה, נפת באר שבע, מחוז הדרום, 8604712, ישראל",1.2,16.0,15.6,כורזין,120,partial,כורזין,,partial,,,n/a,כורזין,120,partial,
001027-073567-00759-X,דימונה,כורזין,5,,,exact,31.055284,35.039417,OK,31.055345,35.039147,"Korazin St 5, Dimona, Israel",OK,31.055074,35.039466,"כורזין, ממשית, דימונה, נפת באר שבע, מחוז הדרום, 8604712, ישראל",26.7,23.8,42.9,כורזין,95,partial,כורזין,,partial,,,n/a,כורזין,120,partial,
001027-073567-00760-X,דימונה,כליל החורש,2,,,exact,31.077587,35.041880,OK,31.077608,35.041833,"Klil Hahoresh St 2, Dimona, Israel",OK,31.080031,35.041531,"כליל החורש, נווה חורש, חכמי ישראל, דימונה, נפת באר שבע, מחוז הדרום, 8604712, ישראל",5.1,273.1,270.2,סחלבן החורש,29,partial,סחלבן החורש,,partial,,,n/a,כליל החורש,51,partial,
001027-073567-00761-X,דימונה,כליל החורש,12,,,exact,31.077960,35.041877,OK,31.077971,35.041874,"Klil Hahoresh St 12, Dimona, Israel",OK,31.080031,35.041531,"כליל החורש, נווה חורש, חכמי ישראל, דימונה, נפת באר שבע, מחוז הדרום, 8604712, ישראל",1.2,232.0,230.8,כליל החורש,12,match,כליל החורש,,partial,,,n/a,כליל החורש,51,partial,
001027-073567-00762-X,דימונה,כליל החורש,14,,,exact,31.078060,35.041859,OK,31.078071,35.041855,"Klil Hahoresh St 14, Dimona, Israel",OK,31.077470,35.041650,"כליל החורש, נווה חורש, חכמי ישראל, דימונה, נפת באר שבע, מחוז הדרום, 8604712, ישראל",1.2,68.5,69.5,כליל החורש,14,match,כליל החורש,,partial,,,n/a,סחלבן החורש,27,partial,
001027-073567-00763-X,דימונה,כליל החורש,32,,,exact,31.079053,35.041850,OK,31.079077,35.041816,"Klil Hahoresh St 32, Dimona, Israel",OK,31.080031,35.041531,"כליל החורש, נווה חורש, חכמי ישראל, דימונה, נפת באר שבע, מחוז הדרום, 8604712, ישראל",4.2,112.6,109.2,כליל החורש,32,match,בשמת,,mismatch,,,n/a,כליל החורש,51,partial,osm_rev_at_govmap_mismatch
001027-073567-00764-X,דימונה,כליל החורש,18,,,exact,31.078213,35.041856,OK,31.078224,35.041852,"Klil Hahoresh St 18, Dimona, Israel",OK,31.077470,35.041650,"כליל החורש, נווה חורש, חכמי ישראל, דימונה, נפת באר שבע, מחוז הדרום, 8604712, ישראל",1.3,84.7,85.8,כליל החורש,18,match,כליל החורש,,partial,,,n/a,סחלבן החורש,27,partial,
001027-073567-00765-X,דימונה,כליל החורש,23,,,exact,31.078389,35.041491,OK,31.078372,35.041488,"Klil Hahoresh St 23, Dimona, Israel",OK,31.077470,35.041650,"כליל החורש, נווה חורש, חכמי ישראל, דימונה, נפת באר שבע, מחוז הדרום, 8604712, ישראל",1.9,103.0,101.2,כליל החורש,23,match,כליל החורש,,partial,,,n/a,סחלבן החורש,27,partial,
001027-073567-00766-X,דימונה,כליל החורש,11,,,exact,31.077921,35.041466,OK,31.077904,35.041462,"Klil Hahoresh St 11, Dimona, Israel",OK,31.077470,35.041650,"כליל החורש, נווה חורש, חכמי ישראל, דימונה, נפת באר שבע, מחוז הדרום, 8604712, ישראל",1.9,53.0,51.4,כליל החורש,64,partial,כליל החורש,,partial,,,n/a,סחלבן החורש,27,partial,
001027-073567-00767-X,דימונה,כליל החורש,39,,,exact,31.079261,35.041410,OK,31.079244,35.041409,"Klil Hahoresh St 39, Dimona, Israel",OK,31.077470,35.041650,"כליל החורש, נווה חורש, חכמי ישראל, דימונה, נפת באר שבע, מחוז הדרום, 8604712, ישראל",1.8,199.9,198.1,כליל החורש,39,match,כליל החורש,,partial,,,n/a,סחלבן החורש,27,partial,
001027-073567-00768-X,דימונה,כליל החורש,1,,,exact,31.077594,35.041454,OK,31.077585,35.041451,"Klil Hahoresh St 1, Dimona, Israel",OK,31.077465,35.041572,"כליל החורש, נווה חורש, חכמי ישראל, דימונה, נפת באר שבע, מחוז הדרום, 8604712, ישראל",1.0,18.2,17.6,כליל החורש,1,match,כליל החורש,,partial,,,n/a,סחלבן החורש,27,partial,
001027-073567-00769-X,דימונה,כליל החורש,22,,,exact,31.078374,35.041927,OK,31.078414,35.041893,"Klil Hahoresh St 22, Dimona, Israel",OK,31.077470,35.041650,"כליל החורש, נווה חורש, חכמי ישראל, דימונה, נפת באר שבע, מחוז הדרום, 8604712, ישראל",5.6,103.7,107.2,כליל החורש,22,match,מורן החורש,,partial,,,n/a,סחלבן החורש,27,partial,
001027-073567-00770-X,דימונה,כליל החורש,6,,,exact,31.077735,35.041873,OK,31.077755,35.041856,"Klil Hahoresh St 6, Dimona, Israel",OK,31.077465,35.041572,"כליל החורש, נווה חורש, חכמי ישראל, דימונה, נפת באר שבע, מחוז הדרום, 8604712, ישראל",2.7,41.5,42.0,כליל החורש,6,match,כליל החורש,,partial,,,n/a,סחלבן החורש,27,partial,
001027-073567-00771-X,דימונה,כליל החורש,19,,,exact,31.078254,35.041406,OK,31.078238,35.041403,"Klil Hahoresh St 19, Dimona, Israel",OK,31.077470,35.041650,"כליל החורש, נווה חורש, חכמי ישראל, דימונה, נפת באר שבע, מחוז הדרום, 8604712, ישראל",1.8,90.1,88.4,ליבנה,62,mismatch,כליל החורש,,partial,,,n/a,סחלבן החורש,27,partial,google_rev_at_govmap_mismatch
001027-073567-00772-X,דימונה,כליל החורש,56,,,exact,31.080065,35.041852,OK,31.080080,35.041819,"Klil Hahoresh St 56, Dimona, Israel",OK,31.077470,35.041650,"כליל החורש, נווה חורש, חכמי ישראל, דימונה, נפת באר שבע, מחוז הדרום, 8604712, ישראל",3.6,288.4,289.9,כליל החורש,56,match,חרוב,,mismatch,,,n/a,סחלבן החורש,27,partial,osm_rev_at_govmap_mismatch
001027-073567-00773-X,דימונה,כליל החורש,10,,,exact,31.077887,35.041850,OK,31.077898,35.041846,"Klil Hahoresh St 10, Dimona, Israel",OK,31.080031,35.041531,"כליל החורש, נווה חורש, חכמי ישראל, דימונה, נפת באר שבע, מחוז הדרום, 8604712, ישראל",1.3,239.7,238.4,כליל החורש,10,match,כליל החורש,,partial,,,n/a,כליל החורש,51,partial,
001027-073567-00774-X,דימונה,כליל החורש,40,,,exact,31.079403,35.041910,OK,31.079414,35.041906,"Klil Hahoresh St 40, Dimona, Israel",OK,31.077470,35.041650,"כליל החורש, נווה חורש, חכמי ישראל, דימונה, נפת באר שבע, מחוז הדרום, 8604712, ישראל",1.3,215.8,217.0,כליל החורש,40,match,בשמת,,mismatch,,,n/a,סחלבן החורש,27,partial,osm_rev_at_govmap_mismatch
001027-073567-00775-X,דימונה,כליל החורש,21,,,exact,31.078381,35.041421,OK,31.078340,35.041420,"Klil Hahoresh St 21, Dimona, Israel",OK,31.077470,35.041650,"כליל החורש, נווה חורש, חכמי ישראל, דימונה, נפת באר שבע, מחוז הדרום, 8604712, ישראל",4.6,103.4,99.0,כליל החורש,21,match,כליל החורש,,partial,,,n/a,סחלבן החורש,27,partial,
001027-073567-00776-X,דימונה,כליל החורש,17,,,exact,31.078202,35.041432,OK,31.078185,35.041430,"Klil Hahoresh St 17, Dimona, Israel",OK,31.077470,35.041650,"כליל החורש, נווה חורש, חכמי ישראל, דימונה, נפת באר שבע, מחוז הדרום, 8604712, ישראל",1.8,83.8,82.0,כליל החורש,17,match,כליל החורש,,partial,,,n/a,סחלבן החורש,27,partial,
001027-073567-00777-X,דימונה,ליבנה,46,,,exact,31.079559,35.041177,OK,31.079476,35.040944,"Livne St 46, Dimona, Israel",OK,31.079424,35.040947,"ליבנה, נווה חורש, חכמי ישראל, דימונה, נפת באר שבע, מחוז הדרום, 8604712, ישראל",24.1,26.5,5.7,ליבנה,81,partial,ליבנה,,partial,,,n/a,דפנה,36,mismatch,google_rev_at_osm_mismatch
001027-073567-00778-X,דימונה,ליבנה,1,,,exact,31.077636,35.040816,OK,31.077627,35.040812,"Livne St 1, Dimona, Israel",OK,31.079424,35.040947,"ליבנה, נווה חורש, חכמי ישראל, דימונה, נפת באר שבע, מחוז הדרום, 8604712, ישראל",1.1,198.7,199.7,ליבנה,1,match,ליבנה,,partial,,,n/a,דפנה,36,mismatch,google_rev_at_osm_mismatch
001027-073567-00779-X,דימונה,ליבנה,30,,,exact,31.078878,35.041143,OK,31.078909,35.041099,"Livne St 30, Dimona, Israel",OK,31.079424,35.040947,"ליבנה, נווה חורש, חכמי ישראל, דימונה, נפת באר שבע, מחוז הדרום, 8604712, ישראל",5.4,63.4,59.0,ליבנה,77,partial,ליבנה,,partial,,,n/a,דפנה,36,mismatch,google_rev_at_osm_mismatch
001027-073567-00780-X,דימונה,לילך,4,,,exact,31.075175,35.034295,OK,31.075156,35.034267,"Lilach St 4, Dimona, Israel",OK,31.075801,35.034117,"לילך, נווה אביב, נווה גן, דימונה, נפת באר שבע, מחוז הדרום, 8604712, ישראל",3.4,71.4,72.9,לילך,4,match,לילך,,partial,,,n/a,לילך,14,partial,
001027-073567-00781-X,דימונה,לילך,2,,,exact,31.074994,35.034280,OK,31.075029,35.034269,"Lilach St 2, Dimona, Israel",OK,31.075801,35.034117,"לילך, נווה אביב, נווה גן, דימונה, נפת באר שבע, מחוז הדרום, 8604712, ישראל",4.1,90.8,86.8,לילך,2,match,סטרומה,,mismatch,,,n/a,לילך,14,partial,osm_rev_at_govmap_mismatch
001027-073567-00782-X,דימונה,לילך,12,,,exact,31.075710,35.034234,OK,31.075688,35.034245,"Lilach St 12, Dimona, Israel",OK,31.075801,35.034117,"לילך, נווה אביב, נווה גן, דימונה, נפת באר שבע, מחוז הדרום, 8604712, ישראל",2.7,15.1,17.5,לילך,12,match,לילך,,partial,,,n/a,לילך,14,partial,
001027-073567-00783-X,דימונה,לילך,20,,,exact,31.076288,35.034216,OK,31.076264,35.034252,"Lilach St 20, Dimona, Israel",OK,31.075801,35.034117,"לילך, נווה אביב, נווה גן, דימונה, נפת באר שבע, מחוז הדרום, 8604712, ישראל",4.3,54.8,53.0,לילך,20,match,לילך,,partial,,,n/a,לילך,14,partial,
001027-073567-00784-X,דימונה,לילך,22,,,exact,31.076375,35.034273,OK,31.076351,35.034238,"Lilach St 22, Dimona, Israel",OK,31.075801,35.034117,"לילך, נווה אביב, נווה גן, דימונה, נפת באר שבע, מחוז הדרום, 8604712, ישראל",4.3,65.4,62.1,לילך,22,match,לילך,,partial,,,n/a,לילך,14,partial,
001027-073567-00785-X,דימונה,"מ""ג המעפילים",4,,,exact,31.063932,35.034499,OK,31.071782,35.039741,"מג המעפילים 4, Dimona, Israel",OK,31.065658,35.034543,"מ""ג המעפילים, גיורא יוספטל, נווה גן, דימונה, נפת באר שבע, מחוז הדרום, 8604712, ישראל",1004.0,191.4,841.0,"מ""ד המעפילים",4,partial,"מ""ד המעפילים",,partial,,,n/a,"מ""ד המעפילים",245,partial,
001027-073567-00786-X,דימונה,"מ""ג המעפילים",10,,,exact,31.064703,35.034860,OK,31.071354,35.040825,"HaMa'apil St 10, Dimona, Israel",OK,31.065658,35.034543,"מ""ג המעפילים, גיורא יוספטל, נווה גן, דימונה, נפת באר שבע, מחוז הדרום, 8604712, ישראל",931.6,110.0,870.8,"מ""ד המעפילים",218,partial,"מ""ד המעפילים",217,partial,,,n/a,"מ""ד המעפילים",245,partial,
001027-073567-00787-X,דימונה,"מ""ג המעפילים",2,,,exact,31.063634,35.034805,OK,31.071811,35.039315,"HaMa'apil St 2, Dimona, Israel",OK,31.065658,35.034543,"מ""ג המעפילים, גיורא יוספטל, נווה גן, דימונה, נפת באר שבע, מחוז הדרום, 8604712, ישראל",1003.7,225.8,820.3,"מ""ד המעפילים",215,partial,יגאל אלון,,mismatch,,,n/a,"מ""ד המעפילים",245,partial,osm_rev_at_govmap_mismatch
001027-073567-00788-X,דימונה,"מ""ג המעפילים",6,,,exact,31.064210,35.034511,OK,31.071662,35.031168,"HaMa'apil St 6, Dimona, Israel",OK,31.065658,35.034543,"מ""ג המעפילים, גיורא יוספטל, נווה גן, דימונה, נפת באר שבע, מחוז הדרום, 8604712, ישראל",885.7,160.5,739.6,"מ""ד המעפילים",4,partial,"מ""ד המעפילים",217,partial,,,n/a,"מ""ד המעפילים",245,partial,
001027-081870-00245-X,דימונה,"מ""ג המעפילים",245,,8604722,exact,31.066013,35.034825,OK,31.069899,35.042357,"HaMa'apil St 245, Dimona, Israel",OK,31.065658,35.034543,"מ""ג המעפילים, גיורא יוספטל, נווה גן, דימונה, נפת באר שבע, מחוז הדרום, 8604712, ישראל",838.2,47.7,881.7,"מ""ד המעפילים",245,partial,"מ""ג המעפילים",,partial,,,n/a,"מ""ד המעפילים",245,partial,
001027-081870-00245-א,דימונה,"מ""ג המעפילים",245,א,8604723,exact,31.066013,35.034825,OK,31.069899,35.042357,"HaMa'apil St 245, Dimona, Israel",OK,31.065658,35.034543,"מ""ג המעפילים, גיורא יוספטל, נווה גן, דימונה, נפת באר שבע, מחוז הדרום, 8604712, ישראל",838.2,47.7,881.7,"מ""ד המעפילים",245,partial,"מ""ג המעפילים",,partial,,,n/a,"מ""ד המעפילים",245,partial,
001027-081870-00245-ב,דימונה,"מ""ג המעפילים",245,ב,8604724,exact,31.066013,35.034825,OK,31.069899,35.042357,"HaMa'apil St 245, Dimona, Israel",OK,31.065658,35.034543,"מ""ג המעפילים, גיורא יוספטל, נווה גן, דימונה, נפת באר שבע, מחוז הדרום, 8604712, ישראל",838.2,47.7,881.7,"מ""ד המעפילים",245,partial,"מ""ג המעפילים",,partial,,,n/a,"מ""ד המעפילים",245,partial,
001027-081870-00245-ג,דימונה,"מ""ג המעפילים",245,ג,8604725,exact,31.066013,35.034825,OK,31.069899,35.042357,"HaMa'apil St 245, Dimona, Israel",OK,31.065658,35.034543,"מ""ג המעפילים, גיורא יוספטל, נווה גן, דימונה, נפת באר שבע, מחוז הדרום, 8604712, ישראל",838.2,47.7,881.7,"מ""ד המעפילים",245,partial,"מ""ג המעפילים",,partial,,,n/a,"מ""ד המעפילים",245,partial,
001027-081870-00245-ה,דימונה,"מ""ג המעפילים",245,ה,8604727,exact,31.066013,35.034825,OK,31.069899,35.042357,"HaMa'apil St 245, Dimona, Israel",OK,31.065658,35.034543,"מ""ג המעפילים, גיורא יוספטל, נווה גן, דימונה, נפת באר שבע, מחוז הדרום, 8604712, ישראל",838.2,47.7,881.7,"מ""ד המעפילים",245,partial,"מ""ג המעפילים",,partial,,,n/a,"מ""ד המעפילים",245,partial,
001027-081870-00245-ו,דימונה,"מ""ג המעפילים",245,ו,8604728,exact,31.066013,35.034825,OK,31.069899,35.042357,"HaMa'apil St 245, Dimona, Israel",OK,31.065658,35.034543,"מ""ג המעפילים, גיורא יוספטל, נווה גן, דימונה, נפת באר שבע, מחוז הדרום, 8604712, ישראל",838.2,47.7,881.7,"מ""ד המעפילים",245,partial,"מ""ג המעפילים",,partial,,,n/a,"מ""ד המעפילים",245,partial,
001027-073567-00790-X,דימונה,"מ""ג המעפילים",34,,,exact,31.066963,35.034791,OK,31.071723,35.036078,"HaMa'apil St 34, Dimona, Israel",OK,31.065658,35.034543,"מ""ג המעפילים, גיורא יוספטל, נווה גן, דימונה, נפת באר שבע, מחוז הדרום, 8604712, ישראל",541.9,146.7,688.3,"מ""ד המעפילים",229,partial,"מ""ג המעפילים",,partial,,,n/a,"מ""ד המעפילים",245,partial,
001027-073567-00791-X,דימונה,"מ""ג המעפילים",8,,,exact,31.064483,35.034518,OK,31.071562,35.040543,"HaMa'apil St 8, Dimona, Israel",OK,31.065658,35.034543,"מ""ג המעפילים, גיורא יוספטל, נווה גן, דימונה, נפת באר שבע, מחוז הדרום, 8604712, ישראל",973.0,130.3,869.8,"מ""ד המעפילים",217,partial,"מ""ד המעפילים",217,partial,,,n/a,"מ""ד המעפילים",245,partial,
001027-073567-00792-X,דימונה,"מ""ג המעפילים",30,,,exact,31.066506,35.034793,OK,31.071935,35.035688,"HaMa'apil St 30, Dimona, Israel",OK,31.065658,35.034543,"מ""ג המעפילים, גיורא יוספטל, נווה גן, דימונה, נפת באר שבע, מחוז הדרום, 8604712, ישראל",608.0,97.1,704.6,"מ""ד המעפילים",227,partial,"מ""ג המעפילים",,partial,,,n/a,"מ""ד המעפילים",245,partial,
001027-081870-00228-א,דימונה,"מ""ג המעפילים",228,א,8604006,exact,31.066720,35.034839,OK,31.072003,35.036225,"HaMa'apil St, Dimona, Israel",OK,31.065658,35.034543,"מ""ג המעפילים, גיורא יוספטל, נווה גן, דימונה, נפת באר שבע, מחוז הדרום, 8604712, ישראל",600.5,121.1,721.6,"מ""ד המעפילים",228,partial,"מ""ג המעפילים",,partial,,,n/a,"מ""ד המעפילים",245,partial,
001027-081870-00228-ב,דימונה,"מ""ג המעפילים",228,ב,8604007,exact,31.066720,35.034839,OK,31.072003,35.036225,"HaMa'apil St, Dimona, Israel",OK,31.065658,35.034543,"מ""ג המעפילים, גיורא יוספטל, נווה גן, דימונה, נפת באר שבע, מחוז הדרום, 8604712, ישראל",600.5,121.1,721.6,"מ""ד המעפילים",228,partial,"מ""ג המעפילים",,partial,,,n/a,"מ""ד המעפילים",245,partial,
001027-081870-00230-X,דימונה,"מ""ג המעפילים",230,,8604013,exact,31.067185,35.034833,OK,31.072003,35.036225,"HaMa'apil St, Dimona, Israel",OK,31.065658,35.034543,"מ""ג המעפילים, גיורא יוספטל, נווה גן, דימונה, נפת באר שבע, מחוז הדרום, 8604712, ישראל",550.5,171.6,721.6,"מ""ד המעפילים",230,partial,"מ""ג המעפילים",,partial,,,n/a,"מ""ד המעפילים",245,partial,
001027-081870-00230-א,דימונה,"מ""ג המעפילים",230,א,8604014,exact,31.067185,35.034833,OK,31.072003,35.036225,"HaMa'apil St, Dimona, Israel",OK,31.065658,35.034543,"מ""ג המעפילים, גיורא יוספטל, נווה גן, דימונה, נפת באר שבע, מחוז הדרום, 8604712, ישראל",550.5,171.6,721.6,"מ""ד המעפילים",230,partial,"מ""ג המעפילים",,partial,,,n/a,"מ""ד המעפילים",245,partial,
001027-073567-00795-X,דימונה,"מ""ג המעפילים",38,,,exact,31.067427,35.034776,OK,31.071736,35.036437,"HaMa'apil St 38, Dimona, Israel",OK,31.065658,35.034543,"מ""ג המעפילים, גיורא יוספטל, נווה גן, דימונה, נפת באר שבע, מחוז הדרום, 8604712, ישראל",503.3,197.5,697.8,שדרות הרצל,231,mismatch,"מ""ג המעפילים",,partial,,,n/a,"מ""ד המעפילים",245,partial,google_rev_at_govmap_mismatch
001027-073567-00796-X,דימונה,מבצע חורב,2,,,exact,31.073708,35.029597,OK,31.073814,35.029184,"Mivtsa Khorev St 2, Dimona, Israel",ZERO_RESULTS,,,,41.1,,,רחבת ההגנה,9,mismatch,"הפלמ""ח",,mismatch,,,n/a,,,n/a,osm_fwd_ZERO_RESULTS;google_rev_at_govmap_mismatch;osm_rev_at_govmap_mismatch
001027-073567-00797-X,דימונה,מבצע חורב,10,,,exact,31.073679,35.028958,OK,31.073820,35.029442,"Mivtsa Khorev St 10, Dimona, Israel",ZERO_RESULTS,,,,48.8,,,משעול רוגל,13,mismatch,"הפלמ""ח",,mismatch,,,n/a,,,n/a,osm_fwd_ZERO_RESULTS;google_rev_at_govmap_mismatch;osm_rev_at_govmap_mismatch
001027-073567-00798-X,דימונה,מבצע יואב,1,,,exact,31.073494,35.030016,OK,31.069419,35.033363,"Dimona, Israel",ZERO_RESULTS,,,,553.4,,,רחבת ההגנה,9,mismatch,ההגנה,,mismatch,,,n/a,,,n/a,osm_fwd_ZERO_RESULTS;google_rev_at_govmap_mismatch;osm_rev_at_govmap_mismatch
001027-073567-00799-X,דימונה,מבצר עכו,2,,,exact,31.055975,35.039696,OK,31.056214,35.039590,"Mivtsar Akko St 2, Dimona, Israel",OK,31.055947,35.040448,"מבצר עכו, ממשית, דימונה, נפת באר שבע, מחוז הדרום, 8604712, ישראל",28.3,71.9,87.0,מבצר עכו,57,partial,מבצר עכו,,partial,,,n/a,מבצר עכו,51,partial,
001027-073567-00800-X,דימונה,מבצר עכו,9,,,exact,31.056146,35.040184,OK,31.056221,35.040169,"Mivtsar Akko St 9, Dimona, Israel",OK,31.055947,35.040448,"מבצר עכו, ממשית, דימונה, נפת באר שבע, מחוז הדרום, 8604712, ישראל",8.4,33.5,40.4,מבצר עכו,33,partial,מבצר עכו,,partial,,,n/a,מבצר עכו,51,partial,
001027-073567-00801-X,דימונה,מבצר עכו,13,,,exact,31.056082,35.040406,OK,31.056137,35.040421,"Mivtsar Akko St 13, Dimona, Israel",OK,31.055947,35.040448,"מבצר עכו, ממשית, דימונה, נפת באר שבע, מחוז הדרום, 8604712, ישראל",6.3,15.4,21.2,מבצר עכו,33,partial,מבצר עכו,,partial,,,n/a,מבצר עכו,51,partial,
001027-073567-00802-X,דימונה,מבצר עכו,15,,,exact,31.056040,35.040462,OK,31.055922,35.040468,"Mivtsar Akko St 15, Dimona, Israel",OK,31.055947,35.040448,"מבצר עכו, ממשית, דימונה, נפת באר שבע, מחוז הדרום, 8604712, ישראל",13.1,10.4,3.4,מבצר עכו,33,partial,מבצר עכו,,partial,,,n/a,מבצר עכו,51,partial,
001027-073567-00803-X,דימונה,מבצר עכו,26,,,exact,31.055608,35.040985,OK,31.055690,35.041170,"Mivtsar Akko St 26, Dimona, Israel",OK,31.055947,35.040448,"מבצר עכו, ממשית, דימונה, נפת באר שבע, מחוז הדרום, 8604712, ישראל",19.8,63.6,74.6,מבצר עכו,47,partial,מבצר עכו,,partial,,,n/a,מבצר עכו,51,partial,
001027-073567-00804-X,דימונה,מבצר עכו,25,,,exact,31.055843,35.041019,OK,31.055891,35.041138,"Mivtsar Akko St 25, Dimona, Israel",OK,31.055947,35.040448,"מבצר עכו, ממשית, דימונה, נפת באר שבע, מחוז הדרום, 8604712, ישראל",12.5,55.7,66.2,מבצר עכו,39,partial,מבצר עכו,,partial,,,n/a,מבצר עכו,51,partial,
001027-073567-00805-X,דימונה,מבצר עכו,12,,,exact,31.055839,35.040292,OK,31.055989,35.040265,"Mivtsar Akko St 12, Dimona, Israel",OK,31.055947,35.040448,"מבצר עכו, ממשית, דימונה, נפת באר שבע, מחוז הדרום, 8604712, ישראל",16.9,19.1,18.0,מבצר עכו,53,partial,מבצר עכו,,partial,,,n/a,מבצר עכו,51,partial,
001027-073567-00806-X,דימונה,מבצר עכו,24,,,exact,31.055619,35.040918,OK,31.055732,35.041042,"Mivtsar Akko St 24, Dimona, Israel",OK,31.055947,35.040448,"מבצר עכו, ממשית, דימונה, נפת באר שבע, מחוז הדרום, 8604712, ישראל",17.2,57.7,61.5,מבצר עכו,47,partial,מבצר עכו,,partial,,,n/a,מבצר עכו,51,partial,
001027-073567-00807-X,דימונה,מבצר עכו,11,,,exact,31.056162,35.040265,OK,31.056179,35.040295,"Mivtsar Akko St 11, Dimona, Israel",OK,31.055947,35.040448,"מבצר עכו, ממשית, דימונה, נפת באר שבע, מחוז הדרום, 8604712, ישראל",3.5,29.5,29.6,מבצר עכו,33,partial,מבצר עכו,,partial,,,n/a,מבצר עכו,51,partial,
001027-073567-00808-X,דימונה,מודיעין,2,,,exact,31.066101,35.036579,OK,31.065875,35.036721,"Modi'in St, Dimona, Israel",OK,31.066355,35.036916,"מודיעין, גיורא יוספטל, נווה גן, דימונה, נפת באר שבע, מחוז הדרום, 8604712, ישראל",28.4,42.8,56.3,מודיעין,252,partial,מודיעין,,partial,,,n/a,מכבים,246,mismatch,google_rev_at_osm_mismatch
001027-073567-00809-X,דימונה,מודיעין,3,,,exact,31.066434,35.036579,OK,31.065875,35.036721,"Modi'in St, Dimona, Israel",OK,31.066355,35.036916,"מודיעין, גיורא יוספטל, נווה גן, דימונה, נפת באר שבע, מחוז הדרום, 8604712, ישראל",63.4,33.4,56.3,מודיעין,253,partial,מודיעין,,partial,,,n/a,מכבים,246,mismatch,google_rev_at_osm_mismatch
001027-073567-00810-X,דימונה,מודיעין,4,,,exact,31.066713,35.036580,OK,31.065875,35.036721,"Modi'in St, Dimona, Israel",OK,31.066355,35.036916,"מודיעין, גיורא יוספטל, נווה גן, דימונה, נפת באר שבע, מחוז הדרום, 8604712, ישראל",93.8,51.1,56.3,מודיעין,254,partial,מודיעין,,partial,,,n/a,מכבים,246,mismatch,google_rev_at_osm_mismatch
001027-073567-00811-X,דימונה,מודיעין,1,,,exact,31.065820,35.036565,OK,31.065875,35.036721,"Modi'in St, Dimona, Israel",OK,31.066355,35.036916,"מודיעין, גיורא יוספטל, נווה גן, דימונה, נפת באר שבע, מחוז הדרום, 8604712, ישראל",16.1,68.1,56.3,מודיעין,251,partial,עזרא ונחמיה,,mismatch,,,n/a,מכבים,246,mismatch,osm_rev_at_govmap_mismatch;google_rev_at_osm_mismatch
001027-073567-00812-X,דימונה,מולדה,156,,,exact,31.074925,35.029046,OK,31.074928,35.028878,"Molada St 156, Dimona, Israel",OK,31.075288,35.030167,"מולדה, נווה דוד, נווה גן, דימונה, נפת באר שבע, מחוז הדרום, 8604712, ישראל",16.0,114.3,129.3,מולדה,157,partial,יגור,,mismatch,,,n/a,יגור,11,mismatch,osm_rev_at_govmap_mismatch;google_rev_at_osm_mismatch
001027-073567-00813-X,דימונה,מולדה,157,,,exact,31.074915,35.029264,OK,31.074936,35.029147,"Molada St 157, Dimona, Israel",OK,31.075288,35.030167,"מולדה, נווה דוד, נווה גן, דימונה, נפת באר שבע, מחוז הדרום, 8604712, ישראל",11.4,95.6,104.9,מולדה,157,match,יגור,,mismatch,,,n/a,יגור,11,mismatch,osm_rev_at_govmap_mismatch;google_rev_at_osm_mismatch
001027-073567-00814-X,דימונה,מולדה,141,,,exact,31.075705,35.030044,OK,31.074613,35.028582,"Molada St 141, Dimona, Israel",OK,31.075288,35.030167,"מולדה, נווה דוד, נווה גן, דימונה, נפת באר שבע, מחוז הדרום, 8604712, ישראל",184.9,47.8,168.8,קהילת בריטניה,141,mismatch,מולדה,,partial,,,n/a,יגור,11,mismatch,google_rev_at_govmap_mismatch;google_rev_at_osm_mismatch
001027-073567-00815-X,דימונה,מולדה,52,,,exact,31.074901,35.028619,OK,31.074966,35.028288,"Molada St 52, Dimona, Israel",OK,31.075288,35.030167,"מולדה, נווה דוד, נווה גן, דימונה, נפת באר שבע, מחוז הדרום, 8604712, ישראל",32.4,153.8,182.8,מולדה,155,partial,יגור,,mismatch,,,n/a,יגור,11,mismatch,osm_rev_at_govmap_mismatch;google_rev_at_osm_mismatch
001027-073567-00816-X,דימונה,מולדה,46,,,exact,31.075144,35.028891,OK,31.075223,35.028923,"Molada St 46, Dimona, Israel",OK,31.075288,35.030167,"מולדה, נווה דוד, נווה גן, דימונה, נפת באר שבע, מחוז הדרום, 8604712, ישראל",9.3,122.8,118.9,מולדה,46,match,יגור,,mismatch,,,n/a,יגור,11,mismatch,osm_rev_at_govmap_mismatch;google_rev_at_osm_mismatch
001027-073567-00817-X,דימונה,מולדה,50,,,exact,31.075194,35.028103,OK,31.075175,35.028127,"Molada St 50, Dimona, Israel",OK,31.075288,35.030167,"מולדה, נווה דוד, נווה גן, דימונה, נפת באר שבע, מחוז הדרום, 8604712, ישראל",3.2,197.3,195.1,מולדה,50,match,יגור,,mismatch,,,n/a,יגור,11,mismatch,osm_rev_at_govmap_mismatch;google_rev_at_osm_mismatch
001027-073567-00818-X,דימונה,מולדה,54,,,exact,31.075239,35.030028,OK,31.075261,35.029841,"Molada St 54, Dimona, Israel",OK,31.075288,35.030167,"מולדה, נווה דוד, נווה גן, דימונה, נפת באר שבע, מחוז הדרום, 8604712, ישראל",18.0,14.3,31.3,יגור,11,mismatch,מולדה,,partial,,,n/a,יגור,11,mismatch,google_rev_at_govmap_mismatch;google_rev_at_osm_mismatch
001027-073567-00819-X,דימונה,מולדה,155,,,exact,31.074890,35.028849,OK,31.074914,35.028612,"Molada St 155, Dimona, Israel",OK,31.075288,35.030167,"מולדה, נווה דוד, נווה גן, דימונה, נפת באר שבע, מחוז הדרום, 8604712, ישראל",22.8,133.3,154.1,מולדה,156,partial,יגור,,mismatch,,,n/a,יגור,11,mismatch,osm_rev_at_govmap_mismatch;google_rev_at_osm_mismatch
001027-073567-00820-X,דימונה,מולדה,158,,,exact,31.074948,35.029465,OK,31.074954,35.029408,"Molada St 158, Dimona, Israel",OK,31.075288,35.030167,"מולדה, נווה דוד, נווה גן, דימונה, נפת באר שבע, מחוז הדרום, 8604712, ישראל",5.5,76.9,81.3,מולדה,158,match,יגור,,mismatch,,,n/a,יגור,11,mismatch,osm_rev_at_govmap_mismatch;google_rev_at_osm_mismatch
001027-073567-00821-X,דימונה,מולדה,55,,,exact,31.075004,35.029829,OK,31.075059,35.029867,"Molada St 55, Dimona, Israel",OK,31.075288,35.030167,"מולדה, נווה דוד, נווה גן, דימונה, נפת באר שבע, מחוז הדרום, 8604712, ישראל",7.1,45.0,38.2,מולדה,55,match,מולדה,,partial,,,n/a,יגור,11,mismatch,google_rev_at_osm_mismatch
001027-073567-00822-X,דימונה,מולדה,51,,,exact,31.074968,35.028112,OK,31.075175,35.028377,"Molada St 51, Dimona, Israel",OK,31.075288,35.030167,"מולדה, נווה דוד, נווה גן, דימונה, נפת באר שבע, מחוז הדרום, 8604712, ישראל",34.2,199.3,171.3,יגור,52,mismatch,,,mismatch,,,n/a,יגור,11,mismatch,google_rev_at_govmap_mismatch;osm_rev_at_govmap_mismatch;google_rev_at_osm_mismatch
001027-073567-00823-X,דימונה,מולדה,139,,,exact,31.075684,35.029809,OK,31.075689,35.029749,"Molada St 139, Dimona, Israel",OK,31.075288,35.030167,"מולדה, נווה דוד, נווה גן, דימונה, נפת באר שבע, מחוז הדרום, 8604712, ישראל",5.8,55.7,59.8,מולדה,139,match,השריון,,mismatch,,,n/a,יגור,11,mismatch,osm_rev_at_govmap_mismatch;google_rev_at_osm_mismatch
001027-073567-00824-X,דימונה,מונפור,2,,,exact,31.054689,35.034384,OK,31.054894,35.034305,"Monfor St 2, Dimona, Israel",OK,31.054811,35.035305,"מונפור, ממשית, דימונה, נפת באר שבע, מחוז הדרום, 8604712, ישראל",23.9,89.0,95.9,קלעת נמרוד,1,mismatch,מונפור,,partial,,,n/a,,,mismatch,google_rev_at_govmap_mismatch;google_rev_at_osm_mismatch
001027-073567-00825-X,דימונה,מונפור,28,,,exact,31.054744,35.035755,OK,31.054840,35.035838,"Monfor St 28, Dimona, Israel",OK,31.054811,35.035305,"מונפור, ממשית, דימונה, נפת באר שבע, מחוז הדרום, 8604712, ישראל",13.3,43.6,51.0,קלעת נמרוד,31,mismatch,יודפת,,mismatch,,,n/a,,,mismatch,google_rev_at_govmap_mismatch;osm_rev_at_govmap_mismatch;google_rev_at_osm_mismatch
001027-073567-00826-X,דימונה,מורג,5,,,exact,31.069638,35.040106,OK,31.069349,35.040466,"Morag St 5, Dimona, Israel",OK,31.069852,35.040134,"מורג, קהילת העבריים, נווה גן, דימונה, נפת באר שבע, מחוז הדרום, 8604712, ישראל",47.0,23.9,64.2,דוגית,26,mismatch,מורג,,partial,,,n/a,הרמה,14,mismatch,google_rev_at_govmap_mismatch;google_rev_at_osm_mismatch
001027-073567-00827-X,דימונה,מורג,4,,,exact,31.069466,35.040820,OK,31.069331,35.040695,"Morag St 4, Dimona, Israel",OK,31.069852,35.040134,"מורג, קהילת העבריים, נווה גן, דימונה, נפת באר שבע, מחוז הדרום, 8604712, ישראל",19.2,78.2,78.8,הרמה,24,mismatch,מורג,,partial,,,n/a,הרמה,14,mismatch,google_rev_at_govmap_mismatch;google_rev_at_osm_mismatch
001027-073567-00828-X,דימונה,מורג,14,,,exact,31.069975,35.040229,OK,31.070020,35.040259,"Morag St 14, Dimona, Israel",OK,31.069852,35.040134,"מורג, קהילת העבריים, נווה גן, דימונה, נפת באר שבע, מחוז הדרום, 8604712, ישראל",5.7,16.4,22.1,הרמה,14,mismatch,מורג,,partial,,,n/a,הרמה,14,mismatch,google_rev_at_govmap_mismatch;google_rev_at_osm_mismatch
001027-073567-00829-X,דימונה,מורן החורש,18,,,exact,31.078378,35.040579,OK,31.078414,35.040517,"Moran ha-Khoresh St 18, Dimona, Israel",OK,31.078588,35.042710,"מורן החורש, נווה חורש, חכמי ישראל, דימונה, נפת באר שבע, מחוז הדרום, 8604712, ישראל",7.2,204.7,210.2,מורן החורש,20,partial,מורן החורש,,partial,,,n/a,מורן החורש,33,partial,
001027-073567-00830-X,דימונה,מורן החורש,39,,,exact,31.078710,35.043072,OK,31.078679,35.043016,"Moran ha-Khoresh St 39, Dimona, Israel",OK,31.078588,35.042710,"מורן החורש, נווה חורש, חכמי ישראל, דימונה, נפת באר שבע, מחוז הדרום, 8604712, ישראל",6.4,37.1,30.9,מורן החורש,41,partial,מורן החורש,,partial,,,n/a,מורן החורש,33,partial,
001027-073567-00831-X,דימונה,מורן החורש,37,,,exact,31.078737,35.042906,OK,31.078752,35.042908,"Moran ha-Khoresh St 37, Dimona, Israel",OK,31.078588,35.042710,"מורן החורש, נווה חורש, חכמי ישראל, דימונה, נפת באר שבע, מחוז הדרום, 8604712, ישראל",1.6,25.0,26.2,מורן החורש,126,partial,מורן החורש,,partial,,,n/a,מורן החורש,33,partial,
001027-073567-00832-X,דימונה,מורן החורש,12,,,exact,31.078371,35.040292,OK,31.078368,35.040206,"Moran ha-Khoresh St 12, Dimona, Israel",OK,31.078576,35.040283,"מורן החורש, נווה חורש, חכמי ישראל, דימונה, נפת באר שבע, מחוז הדרום, 8604712, ישראל",8.2,22.7,24.2,מורן החורש,14,partial,מורן החורש,,partial,,,n/a,מורן החורש,9,partial,
001027-073567-00833-X,דימונה,מורן החורש,66,,,exact,31.078439,35.044419,OK,31.078435,35.044411,"Moran ha-Khoresh St 66, Dimona, Israel",OK,31.078588,35.042710,"מורן החורש, נווה חורש, חכמי ישראל, דימונה, נפת באר שבע, מחוז הדרום, 8604712, ישראל",0.9,163.9,163.2,מורן החורש,66,match,מורן החורש,,partial,,,n/a,מורן החורש,33,partial,
001027-073567-00834-X,דימונה,מורן החורש,38,,,exact,31.078410,35.042886,OK,31.078415,35.042786,"Moran ha-Khoresh St 38, Dimona, Israel",OK,31.078576,35.040283,"מורן החורש, נווה חורש, חכמי ישראל, דימונה, נפת באר שבע, מחוז הדרום, 8604712, ישראל",9.5,249.1,239.6,מורן החורש,40,partial,מורן החורש,,partial,,,n/a,מורן החורש,9,partial,
001027-073567-00835-X,דימונה,מורן החורש,47,,,exact,31.078757,35.043483,OK,31.078740,35.043428,"Moran ha-Khoresh St 47, Dimona, Israel",OK,31.078588,35.042710,"מורן החורש, נווה חורש, חכמי ישראל, דימונה, נפת באר שבע, מחוז הדרום, 8604712, ישראל",5.6,76.1,70.6,מורן החורש,47,match,מורן החורש,,partial,,,n/a,מורן החורש,33,partial,
001027-073567-00836-X,דימונה,מורן החורש,68,,,exact,31.078419,35.044499,OK,31.078397,35.044512,"Moran ha-Khoresh St 68, Dimona, Israel",OK,31.078576,35.040283,"מורן החורש, נווה חורש, חכמי ישראל, דימונה, נפת באר שבע, מחוז הדרום, 8604712, ישראל",2.8,402.7,404.1,מורן החורש,68,match,מורן החורש,,partial,,,n/a,מורן החורש,9,partial,
001027-073567-00837-X,דימונה,מורן החורש,20,,,exact,31.078421,35.040664,OK,31.078354,35.040562,"Moran ha-Khoresh St 20, Dimona, Israel",OK,31.078588,35.042710,"מורן החורש, נווה חורש, חכמי ישראל, דימונה, נפת באר שבע, מחוז הדרום, 8604712, ישראל",12.2,196.2,206.6,מורן החורש,22,partial,מורן החורש,,partial,,,n/a,מורן החורש,33,partial,
001027-073567-00838-X,דימונה,מורן החורש,7,,,exact,31.078726,35.040070,OK,31.078724,35.040058,"Moran ha-Khoresh St 7, Dimona, Israel",OK,31.078588,35.042710,"מורן החורש, נווה חורש, חכמי ישראל, דימונה, נפת באר שבע, מחוז הדרום, 8604712, ישראל",1.1,252.5,253.6,מורן החורש,7,match,מורן החורש,,partial,,,n/a,מורן החורש,33,partial,
001027-073567-00839-X,דימונה,מורן החורש,43,,,exact,31.078756,35.043283,OK,31.078749,35.043232,"Moran ha-Khoresh St 43, Dimona, Israel",OK,31.078588,35.042710,"מורן החורש, נווה חורש, חכמי ישראל, דימונה, נפת באר שבע, מחוז הדרום, 8604712, ישראל",4.9,57.7,52.9,מורן החורש,43,match,מורן החורש,,partial,,,n/a,מורן החורש,33,partial,
001027-073567-00840-X,דימונה,מילרוד אליעזר,אליעזר מילרוד 14,,,exact,31.064776,35.040279,OK,31.064762,35.040200,"Eli'ezer Milrod St 14, Dimona, Israel",OK,31.065017,35.039996,"אליעזר מילרוד, קהילת העבריים, נווה גן, דימונה, נפת באר שבע, מחוז הדרום, 8604712, ישראל",7.7,37.9,34.3,אליעזר מילרוד,16,partial,כובשי אילת,,mismatch,,,n/a,עבדת,1,mismatch,osm_rev_at_govmap_mismatch;google_rev_at_osm_mismatch
001027-073567-00841-X,דימונה,מלאכי,4,,,exact,31.079544,35.036387,OK,31.079604,35.036338,"Mal'akhi St 4, Dimona, Israel",OK,31.079531,35.036198,"מלאכי, נאות הללי, נווה גן, דימונה, נפת באר שבע, מחוז הדרום, 8604712, ישראל",8.1,18.1,15.6,ישעיה,5,mismatch,מלאכי,,partial,,,n/a,ישעיה,5,mismatch,google_rev_at_govmap_mismatch;google_rev_at_osm_mismatch
001027-073567-00842-X,דימונה,מלכה הנרי,הנרי מלכה 265,,,none,,,OK,31.062238,35.027636,"Henri Malka St 265, Dimona, Israel",OK,31.062543,35.027230,"הנרי מלכה, ערבה, נווה גן, דימונה, נפת באר שבע, מחוז הדרום, 8604712, ישראל",,,51.4,,,n/a,,,n/a,הנרי מלכה,,partial,,,n/a,govmap_missing
001027-073567-00843-X,דימונה,מלכה הנרי,הנרי מלכה 32,,,exact,31.062551,35.025914,OK,31.062579,35.025772,"Henri Malka St 32, Dimona, Israel",OK,31.062543,35.027230,"הנרי מלכה, ערבה, נווה גן, דימונה, נפת באר שבע, מחוז הדרום, 8604712, ישראל",13.9,125.6,139.2,הזית,269,mismatch,הזית,,mismatch,,,n/a,,,n/a,google_rev_at_govmap_mismatch;osm_rev_at_govmap_mismatch
001027-073567-00844-X,דימונה,מלכה הנרי,הנרי מלכה 266,,,none,,,OK,31.062461,35.027585,"Henri Malka St 266, Dimona, Israel",OK,31.062543,35.027230,"הנרי מלכה, ערבה, נווה גן, דימונה, נפת באר שבע, מחוז הדרום, 8604712, ישראל",,,35.1,,,n/a,,,n/a,הנרי מלכה,,partial,,,n/a,govmap_missing
001027-073567-00845-X,דימונה,מלכה הנרי,הנרי מלכה 2,,,exact,31.061979,35.027566,OK,31.061983,35.027561,"Henri Malka St 2, Dimona, Israel",OK,31.062543,35.027230,"הנרי מלכה, ערבה, נווה גן, דימונה, נפת באר שבע, מחוז הדרום, 8604712, ישראל",0.6,70.2,69.7,הנרי מלכה,2,match,שדרות אריאל שרון,,mismatch,,,n/a,,,n/a,osm_rev_at_govmap_mismatch
001027-073567-00846-X,דימונה,מלכה הנרי,הנרי מלכה 10,,,exact,31.062924,35.027514,OK,31.062912,35.027493,"Henri Malka St 10, Dimona, Israel",OK,31.062543,35.027230,"הנרי מלכה, ערבה, נווה גן, דימונה, נפת באר שבע, מחוז הדרום, 8604712, ישראל",2.4,50.2,48.0,הנרי מלכה,10,match,הנרי מלכה,,partial,,,n/a,,,n/a,
001027-073567-00847-X,דימונה,מלכה הנרי,הנרי מלכה 8,,,exact,31.062655,35.027369,OK,31.062659,35.027364,"Henri Malka St 8, Dimona, Israel",OK,31.062543,35.027230,"הנרי מלכה, ערבה, נווה גן, דימונה, נפת באר שבע, מחוז הדרום, 8604712, ישראל",0.6,18.2,18.1,הנרי מלכה,8,match,הנרי מלכה,,partial,,,n/a,,,n/a,
001027-073567-00848-X,דימונה,מצדה,32,,,exact,31.060932,35.032009,OK,31.060930,35.031889,"Mesada St 32, Dimona, Israel",OK,31.061408,35.030977,"מצדה, ערבה, נווה גן, דימונה, נפת באר שבע, מחוז הדרום, 8604712, ישראל",11.5,111.7,101.9,מצדה,34,partial,מצדה,,partial,,,n/a,מצדה,18,partial,
001027-073567-00849-X,דימונה,מצדה,12,,,exact,31.061252,35.030653,OK,31.061256,35.030551,"Mesada St 12, Dimona, Israel",OK,31.061408,35.030977,"מצדה, ערבה, נווה גן, דימונה, נפת באר שבע, מחוז הדרום, 8604712, ישראל",9.7,35.4,44.0,מצדה,14,partial,מצדה,,partial,,,n/a,מצדה,18,partial,
001027-073567-00850-X,דימונה,מצדה,1,,,exact,31.062071,35.030026,OK,31.061743,35.029895,"Mesada St 1, Dimona, Israel",OK,31.061408,35.030977,"מצדה, ערבה, נווה גן, דימונה, נפת באר שבע, מחוז הדרום, 8604712, ישראל",38.4,116.8,109.8,שדרות הנשיא,21,mismatch,,,mismatch,,,n/a,מצדה,18,partial,google_rev_at_govmap_mismatch;osm_rev_at_govmap_mismatch
001027-073567-00851-X,דימונה,מצדה,24,,,exact,31.061130,35.031544,OK,31.061125,35.031428,"Mesada St 24, Dimona, Israel",OK,31.061408,35.030977,"מצדה, ערבה, נווה גן, דימונה, נפת באר שבע, מחוז הדרום, 8604712, ישראל",11.1,62.3,53.2,מצדה,26,partial,מצדה,,partial,,,n/a,מצדה,18,partial,
001027-073567-00852-X,דימונה,מצדה,14,,,exact,31.061286,35.030762,OK,31.061242,35.030693,"Mesada St 14, Dimona, Israel",OK,31.060856,35.032421,"מצדה, ערבה, נווה גן, דימונה, נפת באר שבע, מחוז הדרום, 8604712, ישראל",8.2,165.4,170.4,מצדה,14,match,מצדה,,partial,,,n/a,מצדה,38,partial,
001027-073567-00853-X,דימונה,מרווה,21,,,exact,31.078662,35.039061,OK,31.078767,35.039375,"Marva St 21, Dimona, Israel",OK,31.078567,35.038780,"מרווה, נאות הללי, חכמי ישראל, דימונה, נפת באר שבע, מחוז הדרום, 8604712, ישראל",32.1,28.9,60.9,מרווה,17,partial,מרווה,,partial,,,n/a,מרווה,13,partial,
001027-073567-00854-X,דימונה,מרווה,13,,,exact,31.078832,35.038713,OK,31.078774,35.038691,"Marva St 13, Dimona, Israel",OK,31.078567,35.038780,"מרווה, נאות הללי, חכמי ישראל, דימונה, נפת באר שבע, מחוז הדרום, 8604712, ישראל",6.7,30.1,24.5,מרווה,13,match,מרווה,,partial,,,n/a,מרווה,13,match,
001027-073567-00855-X,דימונה,מרווה,19,,,exact,31.078834,35.039201,OK,31.078767,35.039195,"Marva St 19, Dimona, Israel",OK,31.078567,35.038780,"מרווה, נאות הללי, חכמי ישראל, דימונה, נפת באר שבע, מחוז הדרום, 8604712, ישראל",7.5,49.9,45.4,מרווה,19,match,מרווה,,partial,,,n/a,מרווה,13,partial,
001027-073567-00856-X,דימונה,מרחבים,30,,,exact,31.075129,35.038695,OK,31.074885,35.036603,"Merhavim St 30, Dimona, Israel",OK,31.074810,35.035596,"מרחבים, נווה אביב, נווה גן, דימונה, נפת באר שבע, מחוז הדרום, 8604712, ישראל",201.5,297.9,96.5,מרחבים,1330,partial,מרחבים,1327,partial,,,n/a,מרחבים,48,partial,
001027-073567-00857-X,דימונה,מרחבים,68,,,exact,31.074849,35.039317,OK,31.074842,35.039308,"Merhavim St 68, Dimona, Israel",OK,31.074862,35.035588,"מרחבים, נווה אביב, נווה גן, דימונה, נפת באר שבע, מחוז הדרום, 8604712, ישראל",1.1,355.9,355.1,מרחבים,181,partial,אברהם עופר,,mismatch,,,n/a,הבעל שם טוב,1302,mismatch,osm_rev_at_govmap_mismatch;google_rev_at_osm_mismatch
001027-073567-00858-X,דימונה,מרחבים,2,,,exact,31.074994,35.035666,OK,31.074885,35.036603,"Merhavim St 2, Dimona, Israel",OK,31.075094,35.039115,"מרחבים, הגבעה, נווה גן, דימונה, נפת באר שבע, מחוז הדרום, 8604712, ישראל",90.3,329.3,240.8,הבעל שם טוב,1302,mismatch,מרחבים,,partial,,,n/a,מרחבים,1329,partial,google_rev_at_govmap_mismatch
001027-073567-00859-X,דימונה,מרחבים,21,,,exact,31.075284,35.037292,OK,31.074885,35.036603,"Merhavim St 21, Dimona, Israel",OK,31.074862,35.035588,"מרחבים, נווה אביב, נווה גן, דימונה, נפת באר שבע, מחוז הדרום, 8604712, ישראל",79.2,169.2,96.9,רחבת הרב טייב,1321,mismatch,מרחבים,1321,partial,,,n/a,הבעל שם טוב,1302,mismatch,google_rev_at_govmap_mismatch;google_rev_at_osm_mismatch
001027-073567-00860-X,דימונה,מרחבים,22,,,exact,31.075032,35.037071,OK,31.074885,35.036603,"Merhavim St 22, Dimona, Israel",OK,31.074862,35.035588,"מרחבים, נווה אביב, נווה גן, דימונה, נפת באר שבע, מחוז הדרום, 8604712, ישראל",47.5,142.8,96.9,רחבת הרב טייב,1322,mismatch,מרחבים,1321,partial,,,n/a,הבעל שם טוב,1302,mismatch,google_rev_at_govmap_mismatch;google_rev_at_osm_mismatch
001027-073567-00861-X,דימונה,מרחבים,3,,,exact,31.074977,35.036445,OK,31.074885,35.036603,"Merhavim St 3, Dimona, Israel",OK,31.074862,35.035588,"מרחבים, נווה אביב, נווה גן, דימונה, נפת באר שבע, מחוז הדרום, 8604712, ישראל",18.3,82.8,96.9,,,mismatch,מרחבים,,partial,,,n/a,הבעל שם טוב,1302,mismatch,google_rev_at_govmap_mismatch;google_rev_at_osm_mismatch
001027-073567-00862-X,דימונה,מרחבים,62,,,exact,31.074677,35.037699,OK,31.074687,35.037765,"Merhavim St 62, Dimona, Israel",OK,31.074862,35.035588,"מרחבים, נווה אביב, נווה גן, דימונה, נפת באר שבע, מחוז הדרום, 8604712, ישראל",6.4,202.5,208.7,השלווה,140,mismatch,מרחבים,,partial,,,n/a,הבעל שם טוב,1302,mismatch,google_rev_at_govmap_mismatch;google_rev_at_osm_mismatch
001027-083704-01331-X,דימונה,מרחבים,1331,,8616711,exact,31.075008,35.037956,OK,31.075061,35.037730,"Merhavim St 1331, Dimona, Israel",OK,31.074862,35.035588,"מרחבים, נווה אביב, נווה גן, דימונה, נפת באר שבע, מחוז הדרום, 8604712, ישראל",22.4,226.6,205.6,מרחבים,1331,match,רבי מאיר בעל הנס,,mismatch,,,n/a,הבעל שם טוב,1302,mismatch,osm_rev_at_govmap_mismatch;google_rev_at_osm_mismatch
001027-083704-01331-א,דימונה,מרחבים,1331,א,8616712,exact,31.075008,35.037956,OK,31.075061,35.037730,"Merhavim St 1331, Dimona, Israel",OK,31.074862,35.035588,"מרחבים, נווה אביב, נווה גן, דימונה, נפת באר שבע, מחוז הדרום, 8604712, ישראל",22.4,226.6,205.6,מרחבים,1331,match,רבי מאיר בעל הנס,,mismatch,,,n/a,הבעל שם טוב,1302,mismatch,osm_rev_at_govmap_mismatch;google_rev_at_osm_mismatch
001027-083704-01331-ב,דימונה,מרחבים,1331,ב,8616713,exact,31.075008,35.037956,OK,31.075061,35.037730,"Merhavim St 1331, Dimona, Israel",OK,31.074862,35.035588,"מרחבים, נווה אביב, נווה גן, דימונה, נפת באר שבע, מחוז הדרום, 8604712, ישראל",22.4,226.6,205.6,מרחבים,1331,match,רבי מאיר בעל הנס,,mismatch,,,n/a,הבעל שם טוב,1302,mismatch,osm_rev_at_govmap_mismatch;google_rev_at_osm_mismatch
001027-083704-01331-ג,דימונה,מרחבים,1331,ג,8616714,exact,31.075008,35.037956,OK,31.075061,35.037730,"Merhavim St 1331, Dimona, Israel",OK,31.074862,35.035588,"מרחבים, נווה אביב, נווה גן, דימונה, נפת באר שבע, מחוז הדרום, 8604712, ישראל",22.4,226.6,205.6,מרחבים,1331,match,רבי מאיר בעל הנס,,mismatch,,,n/a,הבעל שם טוב,1302,mismatch,osm_rev_at_govmap_mismatch;google_rev_at_osm_mismatch
001027-083704-01331-ד,דימונה,מרחבים,1331,ד,8616715,exact,31.075008,35.037956,OK,31.075061,35.037730,"Merhavim St 1331, Dimona, Israel",OK,31.074862,35.035588,"מרחבים, נווה אביב, נווה גן, דימונה, נפת באר שבע, מחוז הדרום, 8604712, ישראל",22.4,226.6,205.6,מרחבים,1331,match,רבי מאיר בעל הנס,,mismatch,,,n/a,הבעל שם טוב,1302,mismatch,osm_rev_at_govmap_mismatch;google_rev_at_osm_mismatch
001027-083704-01331-ה,דימונה,מרחבים,1331,ה,8616716,exact,31.075008,35.037956,OK,31.075061,35.037730,"Merhavim St 1331, Dimona, Israel",OK,31.074862,35.035588,"מרחבים, נווה אביב, נווה גן, דימונה, נפת באר שבע, מחוז הדרום, 8604712, ישראל",22.4,226.6,205.6,מרחבים,1331,match,רבי מאיר בעל הנס,,mismatch,,,n/a,הבעל שם טוב,1302,mismatch,osm_rev_at_govmap_mismatch;google_rev_at_osm_mismatch
001027-083704-01331-ו,דימונה,מרחבים,1331,ו,8616717,exact,31.075008,35.037956,OK,31.075061,35.037730,"Merhavim St 1331, Dimona, Israel",OK,31.074862,35.035588,"מרחבים, נווה אביב, נווה גן, דימונה, נפת באר שבע, מחוז הדרום, 8604712, ישראל",22.4,226.6,205.6,מרחבים,1331,match,רבי מאיר בעל הנס,,mismatch,,,n/a,הבעל שם טוב,1302,mismatch,osm_rev_at_govmap_mismatch;google_rev_at_osm_mismatch
001027-083704-01331-ז,דימונה,מרחבים,1331,ז,8616718,exact,31.075008,35.037956,OK,31.075061,35.037730,"Merhavim St 1331, Dimona, Israel",OK,31.074862,35.035588,"מרחבים, נווה אביב, נווה גן, דימונה, נפת באר שבע, מחוז הדרום, 8604712, ישראל",22.4,226.6,205.6,מרחבים,1331,match,רבי מאיר בעל הנס,,mismatch,,,n/a,הבעל שם טוב,1302,mismatch,osm_rev_at_govmap_mismatch;google_rev_at_osm_mismatch
001027-073567-00864-X,דימונה,מרחבים,1,,,exact,31.074986,35.035093,OK,31.074885,35.036603,"Merhavim St 1, Dimona, Israel",OK,31.074862,35.035588,"מרחבים, נווה אביב, נווה גן, דימונה, נפת באר שבע, מחוז הדרום, 8604712, ישראל",144.6,49.2,96.9,מרחבים,1301,partial,מרחבים,,partial,,,n/a,הבעל שם טוב,1302,mismatch,google_rev_at_osm_mismatch
001027-073567-00865-X,דימונה,מרחבים,29,,,exact,31.075241,35.038962,OK,31.074885,35.036603,"Merhavim St 29, Dimona, Israel",OK,31.074810,35.035596,"מרחבים, נווה אביב, נווה גן, דימונה, נפת באר שבע, מחוז הדרום, 8604712, ישראל",228.5,324.7,96.5,מרחבים,1329,partial,מרחבים,1327,partial,,,n/a,מרחבים,48,partial,
001027-083704-01327-X,דימונה,מרחבים,1327,,8616923,exact,31.075472,35.039550,OK,31.074791,35.034568,"Merhavim St 1327, Dimona, Israel",OK,31.075669,35.039508,"1327, מרחבים, הגבעה, נווה גן, דימונה, נפת באר שבע, מחוז הדרום, 8604712, ישראל",481.4,22.3,481.5,הרב חיים פינטו,1327,mismatch,מרחבים,1327,match,,,n/a,הרב חיים פינטו,1327,mismatch,google_rev_at_govmap_mismatch;google_rev_at_osm_mismatch
001027-083704-01327-א,דימונה,מרחבים,1327,א,8616924,exact,31.075472,35.039550,OK,31.074791,35.034568,"Merhavim St 1327, Dimona, Israel",OK,31.075669,35.039508,"1327, מרחבים, הגבעה, נווה גן, דימונה, נפת באר שבע, מחוז הדרום, 8604712, ישראל",481.4,22.3,481.5,הרב חיים פינטו,1327,mismatch,מרחבים,1327,match,,,n/a,הרב חיים פינטו,1327,mismatch,google_rev_at_govmap_mismatch;google_rev_at_osm_mismatch
001027-083704-01327-ד,דימונה,מרחבים,1327,ד,8616927,exact,31.075472,35.039550,OK,31.074791,35.034568,"Merhavim St 1327, Dimona, Israel",OK,31.075669,35.039508,"1327, מרחבים, הגבעה, נווה גן, דימונה, נפת באר שבע, מחוז הדרום, 8604712, ישראל",481.4,22.3,481.5,הרב חיים פינטו,1327,mismatch,מרחבים,1327,match,,,n/a,הרב חיים פינטו,1327,mismatch,google_rev_at_govmap_mismatch;google_rev_at_osm_mismatch
001027-073567-00867-X,דימונה,מרחבים,54,,,exact,31.074535,35.036407,OK,31.074549,35.036205,"Merhavim St 54, Dimona, Israel",OK,31.074810,35.035596,"מרחבים, נווה אביב, נווה גן, דימונה, נפת באר שבע, מחוז הדרום, 8604712, ישראל",19.3,83.2,64.9,מרחבים,1210,partial,הציפורים,,mismatch,,,n/a,מרחבים,48,partial,osm_rev_at_govmap_mismatch
001027-073567-00868-X,דימונה,מרחבים,28,,,exact,31.075342,35.039228,OK,31.075369,35.039196,"Merhavim St 28, Dimona, Israel",OK,31.074810,35.035596,"מרחבים, נווה אביב, נווה גן, דימונה, נפת באר שבע, מחוז הדרום, 8604712, ישראל",4.2,351.6,349.1,מרחבים,1328,partial,מרחבים,1327,partial,,,n/a,מרחבים,48,partial,
001027-073567-00869-X,דימונה,מרחבים,5,,,exact,31.075384,35.036007,OK,31.074885,35.036603,"Merhavim St 5, Dimona, Israel",OK,31.075094,35.039115,"מרחבים, הגבעה, נווה גן, דימונה, נפת באר שבע, מחוז הדרום, 8604712, ישראל",79.4,298.4,240.8,מרחבים,1305,partial,מרחבים,,partial,,,n/a,מרחבים,1329,partial,
001027-073567-00870-X,דימונה,מרחבים,48,,,exact,31.074527,35.035224,OK,31.074728,35.035477,"Merhavim St 48, Dimona, Israel",OK,31.074810,35.035596,"מרחבים, נווה אביב, נווה גן, דימונה, נפת באר שבע, מחוז הדרום, 8604712, ישראל",32.8,47.4,14.6,דרך דוד בן גוריון,1201,mismatch,מרחבים,,partial,,,n/a,מרחבים,48,match,google_rev_at_govmap_mismatch
001027-073567-00871-X,דימונה,מרחבים,32,,,exact,31.075572,35.038229,OK,31.074606,35.034747,"Merhavim St 32, Dimona, Israel",OK,31.074810,35.035596,"מרחבים, נווה אביב, נווה גן, דימונה, נפת באר שבע, מחוז הדרום, 8604712, ישראל",349.1,265.1,84.2,רחבת הרב טייב,1332,mismatch,רבי מאיר בעל הנס,,mismatch,,,n/a,מרחבים,48,partial,google_rev_at_govmap_mismatch;osm_rev_at_govmap_mismatch
001027-073567-00872-X,דימונה,מרחבים,60,,,exact,31.074544,35.037603,OK,31.074641,35.037383,"Merhavim St 60, Dimona, Israel",OK,31.074810,35.035596,"מרחבים, נווה אביב, נווה גן, דימונה, נפת באר שבע, מחוז הדרום, 8604712, ישראל",23.7,193.8,171.5,משעול הזמיר,1216,mismatch,מרחבים,,partial,,,n/a,מרחבים,48,partial,google_rev_at_govmap_mismatch
001027-073567-00873-X,דימונה,מרחבים,56,,,exact,31.074670,35.036531,OK,31.074554,35.036463,"Merhavim St 56, Dimona, Israel",OK,31.074862,35.035588,"מרחבים, נווה אביב, נווה גן, דימונה, נפת באר שבע, מחוז הדרום, 8604712, ישראל",14.4,92.4,90.2,מרחבים,1210,partial,הציפורים,,mismatch,,,n/a,הבעל שם טוב,1302,mismatch,osm_rev_at_govmap_mismatch;google_rev_at_osm_mismatch
001027-073567-00874-X,דימונה,מרחבים,64,,,exact,31.074676,35.038023,OK,31.074756,35.037771,"Merhavim St 64, Dimona, Israel",OK,31.075094,35.039115,"מרחבים, הגבעה, נווה גן, דימונה, נפת באר שבע, מחוז הדרום, 8604712, ישראל",25.7,114.1,133.6,מרחבים,142,partial,מרחבים,,partial,,,n/a,מרחבים,1329,partial,
001027-082023-00226-ב,דימונה,מתתיהו הכהן,226,ב,8604326,exact,31.065087,35.038975,OK,31.064870,35.038909,"Matitiyahu HaCohen St 226, Dimona, Israel",ZERO_RESULTS,,,,24.9,,,מתתיהו הכהן,226,match,מתיתיהו הכהן,,partial,,,n/a,,,n/a,osm_fwd_ZERO_RESULTS
001027-082023-00225-א,דימונה,מתתיהו הכהן,225,א,8604321,exact,31.065155,35.038712,OK,31.065005,35.038666,"Matitiyahu HaCohen St 225, Dimona, Israel",ZERO_RESULTS,,,,17.2,,,מתתיהו הכהן,225,match,מתיתיהו הכהן,,partial,,,n/a,,,n/a,osm_fwd_ZERO_RESULTS
001027-082023-00225-ב,דימונה,מתתיהו הכהן,225,ב,8604322,exact,31.065155,35.038712,OK,31.065005,35.038666,"Matitiyahu HaCohen St 225, Dimona, Israel",ZERO_RESULTS,,,,17.2,,,מתתיהו הכהן,225,match,מתיתיהו הכהן,,partial,,,n/a,,,n/a,osm_fwd_ZERO_RESULTS
001027-082023-00225-ג,דימונה,מתתיהו הכהן,225,ג,8604323,exact,31.065155,35.038712,OK,31.065005,35.038666,"Matitiyahu HaCohen St 225, Dimona, Israel",ZERO_RESULTS,,,,17.2,,,מתתיהו הכהן,225,match,מתיתיהו הכהן,,partial,,,n/a,,,n/a,osm_fwd_ZERO_RESULTS
001027-082023-00249-א,דימונה,מתתיהו הכהן,249,א,8604329,exact,31.065502,35.038603,OK,31.065411,35.038913,"Matitiyahu HaCohen St 249, Dimona, Israel",ZERO_RESULTS,,,,31.3,,,מכבים,249,mismatch,מתיתיהו הכהן,,partial,,,n/a,,,n/a,osm_fwd_ZERO_RESULTS;google_rev_at_govmap_mismatch
001027-082023-00249-ג,דימונה,מתתיהו הכהן,249,ג,8604331,exact,31.065502,35.038603,OK,31.065411,35.038913,"Matitiyahu HaCohen St 249, Dimona, Israel",ZERO_RESULTS,,,,31.3,,,מכבים,249,mismatch,מתיתיהו הכהן,,partial,,,n/a,,,n/a,osm_fwd_ZERO_RESULTS;google_rev_at_govmap_mismatch
001027-082023-00249-ד,דימונה,מתתיהו הכהן,249,ד,8604332,exact,31.065502,35.038603,OK,31.065411,35.038913,"Matitiyahu HaCohen St 249, Dimona, Israel",ZERO_RESULTS,,,,31.3,,,מכבים,249,mismatch,מתיתיהו הכהן,,partial,,,n/a,,,n/a,osm_fwd_ZERO_RESULTS;google_rev_at_govmap_mismatch
001027-082023-00249-ה,דימונה,מתתיהו הכהן,249,ה,8604333,exact,31.065502,35.038603,OK,31.065411,35.038913,"Matitiyahu HaCohen St 249, Dimona, Israel",ZERO_RESULTS,,,,31.3,,,מכבים,249,mismatch,מתיתיהו הכהן,,partial,,,n/a,,,n/a,osm_fwd_ZERO_RESULTS;google_rev_at_govmap_mismatch
001027-082023-00249-ז,דימונה,מתתיהו הכהן,249,ז,8604335,exact,31.065502,35.038603,OK,31.065411,35.038913,"Matitiyahu HaCohen St 249, Dimona, Israel",ZERO_RESULTS,,,,31.3,,,מכבים,249,mismatch,מתיתיהו הכהן,,partial,,,n/a,,,n/a,osm_fwd_ZERO_RESULTS;google_rev_at_govmap_mismatch
001027-073567-00878-X,דימונה,מתתיהו הכהן,250,,,none,,,OK,31.065731,35.037820,"Matitiyahu HaCohen St 250, Dimona, Israel",ZERO_RESULTS,,,,,,,,,n/a,,,n/a,מתיתיהו הכהן,,partial,,,n/a,govmap_missing;osm_fwd_ZERO_RESULTS
001027-082023-00222-א,דימונה,מתתיהו הכהן,222,א,8604309,exact,31.065346,35.037909,OK,31.065224,35.037859,"Matitiyahu HaCohen St 222, Dimona, Israel",ZERO_RESULTS,,,,14.3,,,מתתיהו הכהן,222,match,מתיתיהו הכהן,,partial,,,n/a,,,n/a,osm_fwd_ZERO_RESULTS
001027-082023-00222-ג,דימונה,מתתיהו הכהן,222,ג,8604311,exact,31.065346,35.037909,OK,31.065224,35.037859,"Matitiyahu HaCohen St 222, Dimona, Israel",ZERO_RESULTS,,,,14.3,,,מתתיהו הכהן,222,match,מתיתיהו הכהן,,partial,,,n/a,,,n/a,osm_fwd_ZERO_RESULTS
001027-082023-00224-א,דימונה,מתתיהו הכהן,224,א,8604317,exact,31.065213,35.038453,OK,31.065061,35.038384,"Matitiyahu HaCohen St 224, Dimona, Israel",ZERO_RESULTS,,,,18.1,,,מתתיהו הכהן,224,match,מתיתיהו הכהן,,partial,,,n/a,,,n/a,osm_fwd_ZERO_RESULTS
001027-082023-00224-ב,דימונה,מתתיהו הכהן,224,ב,8604318,exact,31.065213,35.038453,OK,31.065061,35.038384,"Matitiyahu HaCohen St 224, Dimona, Israel",ZERO_RESULTS,,,,18.1,,,מתתיהו הכהן,224,match,מתיתיהו הכהן,,partial,,,n/a,,,n/a,osm_fwd_ZERO_RESULTS
001027-082023-00224-ג,דימונה,מתתיהו הכהן,224,ג,8604319,exact,31.065213,35.038453,OK,31.065061,35.038384,"Matitiyahu HaCohen St 224, Dimona, Israel",ZERO_RESULTS,,,,18.1,,,מתתיהו הכהן,224,match,מתיתיהו הכהן,,partial,,,n/a,,,n/a,osm_fwd_ZERO_RESULTS
001027-073567-00881-X,דימונה,מתתיהו הכהן,7,,,street,31.065314,35.038191,OK,31.065189,35.037957,"Matitiyahu HaCohen St 7, Dimona, Israel",ZERO_RESULTS,,,,26.3,,,מתתיהו הכהן,223,partial,מתיתיהו הכהן,,partial,,,n/a,,,n/a,osm_fwd_ZERO_RESULTS
001027-082023-00223-X,דימונה,מתתיהו הכהן,223,,8604312,exact,31.065298,35.038189,OK,31.065151,35.038115,"Matitiyahu HaCohen St 223, Dimona, Israel",ZERO_RESULTS,,,,17.8,,,מתתיהו הכהן,223,match,מתיתיהו הכהן,,partial,,,n/a,,,n/a,osm_fwd_ZERO_RESULTS
001027-082023-00223-א,דימונה,מתתיהו הכהן,223,א,8604313,exact,31.065298,35.038189,OK,31.065151,35.038115,"Matitiyahu HaCohen St 223, Dimona, Israel",ZERO_RESULTS,,,,17.8,,,מתתיהו הכהן,223,match,מתיתיהו הכהן,,partial,,,n/a,,,n/a,osm_fwd_ZERO_RESULTS
001027-082023-00223-ב,דימונה,מתתיהו הכהן,223,ב,8604314,exact,31.065298,35.038189,OK,31.065151,35.038115,"Matitiyahu HaCohen St 223, Dimona, Israel",ZERO_RESULTS,,,,17.8,,,מתתיהו הכהן,223,match,מתיתיהו הכהן,,partial,,,n/a,,,n/a,osm_fwd_ZERO_RESULTS
001027-082023-00223-ג,דימונה,מתתיהו הכהן,223,ג,8604315,exact,31.065298,35.038189,OK,31.065151,35.038115,"Matitiyahu HaCohen St 223, Dimona, Israel",ZERO_RESULTS,,,,17.8,,,מתתיהו הכהן,223,match,מתיתיהו הכהן,,partial,,,n/a,,,n/a,osm_fwd_ZERO_RESULTS
001027-073567-00883-X,דימונה,נבטים,21,,,exact,31.072354,35.035682,OK,31.072907,35.035989,"Mish'ol Nevatim 21, Dimona, Israel",OK,31.072634,35.036079,"נבטים, שכונה לדוגמא, נווה גן, דימונה, נפת באר שבע, מחוז הדרום, 8604712, ישראל",68.0,49.0,31.5,משעול רגבים,21,mismatch,נבטים,1204,partial,,,n/a,משעול נבטים,14,partial,google_rev_at_govmap_mismatch
001027-073567-00884-X,דימונה,נבטים,4,,,exact,31.072529,35.035636,OK,31.072493,35.035611,"Mish'ol Nevatim 4, Dimona, Israel",OK,31.072634,35.036079,"נבטים, שכונה לדוגמא, נווה גן, דימונה, נפת באר שבע, מחוז הדרום, 8604712, ישראל",4.6,43.9,47.3,משעול נבטים,4,partial,נבטים,1204,partial,,,n/a,משעול נבטים,14,partial,
001027-073567-00885-X,דימונה,נבטים,14,,,exact,31.072774,35.036084,OK,31.072698,35.036032,"Mish'ol Nevatim 14, Dimona, Israel",OK,31.072634,35.036079,"נבטים, שכונה לדוגמא, נווה גן, דימונה, נפת באר שבע, מחוז הדרום, 8604712, ישראל",9.8,15.5,8.4,משעול נבטים,16,partial,נבטים,1204,partial,,,n/a,משעול נבטים,14,partial,
001027-073567-00886-X,דימונה,נבטים,31,,,exact,31.072526,35.036133,OK,31.072907,35.035989,"Mish'ol Nevatim 31, Dimona, Israel",OK,31.072634,35.036079,"נבטים, שכונה לדוגמא, נווה גן, דימונה, נפת באר שבע, מחוז הדרום, 8604712, ישראל",44.4,13.1,31.5,משעול רגבים,121,mismatch,נבטים,1204,partial,,,n/a,משעול נבטים,14,partial,google_rev_at_govmap_mismatch
001027-073567-00887-X,דימונה,נבטים,7,,,exact,31.072700,35.035715,OK,31.072758,35.035624,"Mish'ol Nevatim 7, Dimona, Israel",OK,31.072634,35.036079,"נבטים, שכונה לדוגמא, נווה גן, דימונה, נפת באר שבע, מחוז הדרום, 8604712, ישראל",10.8,35.4,45.5,דרך השלום,116,mismatch,נבטים,1204,partial,,,n/a,משעול נבטים,14,partial,google_rev_at_govmap_mismatch
001027-073567-00888-X,דימונה,נבטים,13,,,exact,31.072802,35.035978,OK,31.072900,35.035904,"Mish'ol Nevatim 13, Dimona, Israel",OK,31.072634,35.036079,"נבטים, שכונה לדוגמא, נווה גן, דימונה, נפת באר שבע, מחוז הדרום, 8604712, ישראל",13.0,20.9,33.9,דרך דוד בן גוריון,117,mismatch,נבטים,1204,partial,,,n/a,משעול נבטים,14,partial,google_rev_at_govmap_mismatch
001027-073567-00889-X,דימונה,נבטים,16,,,exact,31.072782,35.036176,OK,31.072732,35.036109,"Mish'ol Nevatim 16, Dimona, Israel",OK,31.072634,35.036079,"נבטים, שכונה לדוגמא, נווה גן, דימונה, נפת באר שבע, מחוז הדרום, 8604712, ישראל",8.4,18.8,11.2,משעול נבטים,16,partial,נבטים,1204,partial,,,n/a,משעול נבטים,14,partial,
001027-073567-00890-X,דימונה,נוה מדבר,נווה מדבר 19,,,exact,31.060368,35.029391,OK,31.060363,35.029325,"Neve Midbar St 19, Dimona, Israel",ZERO_RESULTS,,,,6.3,,,נווה מדבר,19,partial,נוה מדבר,,partial,,,n/a,,,n/a,osm_fwd_ZERO_RESULTS
001027-073567-00891-X,דימונה,נוה מדבר,נווה מדבר 20,,,exact,31.060464,35.030287,OK,31.060448,35.030345,"Neve Midbar St 20, Dimona, Israel",ZERO_RESULTS,,,,5.9,,,נווה מדבר,20,partial,נוה מדבר,,partial,,,n/a,,,n/a,osm_fwd_ZERO_RESULTS
001027-073567-00892-X,דימונה,נוה מדבר,נווה מדבר 3,,,exact,31.060230,35.030507,OK,31.060207,35.030476,"Neve Midbar St 3, Dimona, Israel",ZERO_RESULTS,,,,3.9,,,נווה מדבר,3,partial,נוה מדבר,,partial,,,n/a,,,n/a,osm_fwd_ZERO_RESULTS
001027-073567-00893-X,דימונה,נוה מדבר,נווה מדבר 47,,,exact,31.060722,35.027357,OK,31.060718,35.027251,"Neve Midbar St 47, Dimona, Israel",ZERO_RESULTS,,,,10.0,,,נווה מדבר,47,partial,נוה מדבר,,partial,,,n/a,,,n/a,osm_fwd_ZERO_RESULTS
001027-073567-00894-X,דימונה,נוה מדבר,נווה מדבר 23,,,exact,31.060408,35.029101,OK,31.060393,35.029036,"Neve Midbar St 23, Dimona, Israel",ZERO_RESULTS,,,,6.4,,,נווה מדבר,23,partial,נוה מדבר,,partial,,,n/a,,,n/a,osm_fwd_ZERO_RESULTS
001027-073567-00895-X,דימונה,נוה מדבר,נווה מדבר 17,,,exact,31.060312,35.029559,OK,31.060287,35.029454,"Neve Midbar St 17, Dimona, Israel",ZERO_RESULTS,,,,10.4,,,נווה מדבר,15,partial,נוה מדבר,,partial,,,n/a,,,n/a,osm_fwd_ZERO_RESULTS
001027-073567-00896-X,דימונה,נוה מדבר,נווה מדבר 12,,,exact,31.060547,35.030845,OK,31.060352,35.030727,"Neve Midbar St 12, Dimona, Israel",ZERO_RESULTS,,,,24.4,,,נווה מדבר,171,partial,נוה מדבר,,partial,,,n/a,,,n/a,osm_fwd_ZERO_RESULTS
001027-073567-00897-X,דימונה,נוה מדבר,נווה מדבר 56,,,exact,31.060910,35.027667,OK,31.060870,35.027628,"Neve Midbar St 56, Dimona, Israel",ZERO_RESULTS,,,,5.8,,,נווה מדבר,56,partial,נוה מדבר,,partial,,,n/a,,,n/a,osm_fwd_ZERO_RESULTS
001027-073567-00898-X,דימונה,נוה מדבר,נווה מדבר 60,,,exact,31.060944,35.027403,OK,31.060955,35.027360,"Neve Midbar St 60, Dimona, Israel",ZERO_RESULTS,,,,4.3,,,נווה מדבר,60,partial,נוה מדבר,,partial,,,n/a,,,n/a,osm_fwd_ZERO_RESULTS
001027-073567-00899-X,דימונה,נוה מדבר,נווה מדבר 27,,,exact,31.060460,35.028824,OK,31.060455,35.028783,"Neve Midbar St 27, Dimona, Israel",ZERO_RESULTS,,,,4.0,,,נווה מדבר,27,partial,נוה מדבר,,partial,,,n/a,,,n/a,osm_fwd_ZERO_RESULTS
001027-073567-00900-X,דימונה,נוה מדבר,נווה מדבר 40,,,exact,31.060637,35.028832,OK,31.060702,35.028837,"Neve Midbar St 40, Dimona, Israel",ZERO_RESULTS,,,,7.2,,,נווה מדבר,38,partial,נוה מדבר,,partial,,,n/a,,,n/a,osm_fwd_ZERO_RESULTS
001027-073567-00901-X,דימונה,נוה מדבר,נווה מדבר 35,,,exact,31.060534,35.028259,OK,31.060499,35.028185,"Neve Midbar St 35, Dimona, Israel",ZERO_RESULTS,,,,8.1,,,נווה מדבר,167,partial,נוה מדבר,,partial,,,n/a,,,n/a,osm_fwd_ZERO_RESULTS
001027-073567-00902-X,דימונה,נוה מדבר,נווה מדבר 26,,,exact,31.060531,35.029841,OK,31.060584,35.029773,"Neve Midbar St 26, Dimona, Israel",ZERO_RESULTS,,,,8.8,,,נווה מדבר,24,partial,נוה מדבר,,partial,,,n/a,,,n/a,osm_fwd_ZERO_RESULTS
001027-073567-00903-X,דימונה,נוה מדבר,נווה מדבר 11,,,exact,31.060288,35.029929,OK,31.060287,35.029872,"Neve Midbar St 11, Dimona, Israel",ZERO_RESULTS,,,,5.5,,,נווה מדבר,173,partial,נוה מדבר,,partial,,,n/a,,,n/a,osm_fwd_ZERO_RESULTS
001027-073567-00904-X,דימונה,נוה מדבר,נווה מדבר 43,,,exact,31.060613,35.027691,OK,31.060623,35.027646,"Neve Midbar St 43, Dimona, Israel",ZERO_RESULTS,,,,4.5,,,נווה מדבר,43,partial,נוה מדבר,,partial,,,n/a,,,n/a,osm_fwd_ZERO_RESULTS
001027-073567-00905-X,דימונה,נורית,6,,,exact,31.079795,35.039325,OK,31.079809,35.039361,"Nurit St 6, Dimona, Israel",OK,31.079650,35.039004,"נורית, נאות הללי, חכמי ישראל, דימונה, נפת באר שבע, מחוז הדרום, 8604712, ישראל",3.8,34.7,38.4,קטלב,244,mismatch,נורית,,partial,,,n/a,נורית,12,partial,google_rev_at_govmap_mismatch
001027-073567-00906-X,דימונה,נורית,7,,,exact,31.079463,35.039027,OK,31.079443,35.038952,"Nurit St 7, Dimona, Israel",OK,31.079650,35.039004,"נורית, נאות הללי, חכמי ישראל, דימונה, נפת באר שבע, מחוז הדרום, 8604712, ישראל",7.5,20.8,23.5,נורית,5,partial,נורית,,partial,,,n/a,נורית,12,partial,
001027-073567-00907-X,דימונה,נורית,2,,,exact,31.079797,35.039479,OK,31.079659,35.039594,"Nurit St 2, Dimona, Israel",OK,31.079650,35.039004,"נורית, נאות הללי, חכמי ישראל, דימונה, נפת באר שבע, מחוז הדרום, 8604712, ישראל",18.9,48.2,56.4,קטלב,243,mismatch,נורית,,partial,,,n/a,נורית,12,partial,google_rev_at_govmap_mismatch
001027-073567-00908-X,דימונה,נטעים,2,,,exact,31.073258,35.035071,OK,31.073222,35.034985,"Mish'ol Neta'im 2, Dimona, Israel",OK,31.073822,35.036384,"נטעים, שכונה לדוגמא, נווה גן, דימונה, נפת באר שבע, מחוז הדרום, 8604712, ישראל",9.1,140.1,149.2,משעול נטעים,4,partial,,,mismatch,,,n/a,משעול דוכיפת,9,mismatch,osm_rev_at_govmap_mismatch;google_rev_at_osm_mismatch
001027-073567-00909-X,דימונה,נטעים,1,,,exact,31.073301,35.035012,OK,31.073359,35.034914,"Mish'ol Neta'im 1, Dimona, Israel",OK,31.073822,35.036384,"נטעים, שכונה לדוגמא, נווה גן, דימונה, נפת באר שבע, מחוז הדרום, 8604712, ישראל",11.4,143.1,149.4,משעול נטעים,4,partial,,,mismatch,,,n/a,משעול דוכיפת,9,mismatch,osm_rev_at_govmap_mismatch;google_rev_at_osm_mismatch
001027-073567-00910-X,דימונה,נטעים,13,,,exact,31.073554,35.035505,OK,31.073602,35.035413,"Mish'ol Neta'im 13, Dimona, Israel",OK,31.073822,35.036384,"נטעים, שכונה לדוגמא, נווה גן, דימונה, נפת באר שבע, מחוז הדרום, 8604712, ישראל",10.2,89.0,95.9,משעול נטעים,109,partial,דוכיפת,,mismatch,,,n/a,משעול דוכיפת,9,mismatch,osm_rev_at_govmap_mismatch;google_rev_at_osm_mismatch
001027-073567-00911-X,דימונה,נטעים,8,,,exact,31.073351,35.035446,OK,31.073353,35.035286,"Mish'ol Neta'im 8, Dimona, Israel",OK,31.073822,35.036384,"נטעים, שכונה לדוגמא, נווה גן, דימונה, נפת באר שבע, מחוז הדרום, 8604712, ישראל",15.4,103.6,117.1,דרך דוד בן גוריון,111,mismatch,בן גוריון,1203,mismatch,,,n/a,משעול דוכיפת,9,mismatch,google_rev_at_govmap_mismatch;osm_rev_at_govmap_mismatch;google_rev_at_osm_mismatch
001027-073567-00912-X,דימונה,נטעים,15,,,exact,31.073619,35.035575,OK,31.073639,35.035487,"Mish'ol Neta'im 15, Dimona, Israel",OK,31.073822,35.036384,"נטעים, שכונה לדוגמא, נווה גן, דימונה, נפת באר שבע, מחוז הדרום, 8604712, ישראל",8.7,80.4,88.0,משעול נטעים,15,partial,נטעים,,partial,,,n/a,משעול דוכיפת,9,mismatch,google_rev_at_osm_mismatch
001027-073567-00913-X,דימונה,ניצנה,1,,,exact,31.060336,35.031562,OK,31.060243,35.031510,"Nitsana St 1, Dimona, Israel",ZERO_RESULTS,,,,11.5,,,ניצנה,1,match,בבא סאלי,,mismatch,,,n/a,,,n/a,osm_fwd_ZERO_RESULTS;osm_rev_at_govmap_mismatch
001027-073567-00914-X,דימונה,ניצנה,3,,,exact,31.060336,35.031494,OK,31.060340,35.031416,"Nitsana St 3, Dimona, Israel",ZERO_RESULTS,,,,7.5,,,ניצנה,3,match,בבא סאלי,,mismatch,,,n/a,,,n/a,osm_fwd_ZERO_RESULTS;osm_rev_at_govmap_mismatch
001027-073567-00915-X,דימונה,נצרים,1,,,exact,31.068673,35.040142,OK,31.068690,35.040147,"Netsarim St 1, Dimona, Israel",OK,31.068480,35.041092,"נצרים, קהילת העבריים, חכמי ישראל, דימונה, נפת באר שבע, מחוז הדרום, 8604712, ישראל",1.9,93.2,93.2,נצרים,1,match,נצרים,,partial,,,n/a,עלייה,410,mismatch,google_rev_at_osm_mismatch
001027-073567-00916-X,דימונה,נצרים,7,,,exact,31.068674,35.040589,OK,31.068670,35.040616,"Netsarim St 7, Dimona, Israel",OK,31.068499,35.039954,"נצרים, קהילת העבריים, נווה גן, דימונה, נפת באר שבע, מחוז הדרום, 8604712, ישראל",2.6,63.7,66.0,נצרים,7,match,נצרים,,partial,,,n/a,נצרים,1,partial,
001027-073567-00917-X,דימונה,סחלבן החורש,17,,,exact,31.077599,35.040602,OK,31.077604,35.040485,"Sakhlevan ha-Khoresh St 17, Dimona, Israel",OK,31.077462,35.041925,"סחלבן החורש, נווה חורש, חכמי ישראל, דימונה, נפת באר שבע, מחוז הדרום, 8604712, ישראל",11.2,127.2,138.4,סחלבן החורש,21,partial,סחלבן החורש,,partial,,,n/a,סחלבן החורש,29,partial,
001027-073567-00918-X,דימונה,סחלבן החורש,9,,,exact,31.077593,35.040184,OK,31.077612,35.040157,"Sakhlevan ha-Khoresh St 9, Dimona, Israel",OK,31.077293,35.040937,"סחלבן החורש, נווה חורש, חכמי ישראל, דימונה, נפת באר שבע, מחוז הדרום, 8604712, ישראל",3.3,79.3,82.4,סחלבן החורש,9,match,סחלבן החורש,,partial,,,n/a,סחלבן החורש,26,partial,
001027-073567-00919-X,דימונה,סחלבן החורש,45,,,exact,31.077622,35.043064,OK,31.077603,35.042949,"Sakhlevan ha-Khoresh St 45, Dimona, Israel",OK,31.077462,35.041925,"סחלבן החורש, נווה חורש, חכמי ישראל, דימונה, נפת באר שבע, מחוז הדרום, 8604712, ישראל",11.2,110.1,98.9,סחלבן החורש,163,partial,סחלבן החורש,,partial,,,n/a,סחלבן החורש,29,partial,
001027-073567-00920-X,דימונה,סחלבן החורש,41,,,exact,31.077586,35.042863,OK,31.077605,35.042792,"Sakhlevan ha-Khoresh St 41, Dimona, Israel",OK,31.077293,35.040937,"סחלבן החורש, נווה חורש, חכמי ישראל, דימונה, נפת באר שבע, מחוז הדרום, 8604712, ישראל",7.1,186.6,180.3,סחלבן החורש,43,partial,סחלבן החורש,,partial,,,n/a,סחלבן החורש,26,partial,
001027-073567-00921-X,דימונה,סחלבן החורש,53,,,exact,31.077622,35.043515,OK,31.077598,35.043418,"Sakhlevan ha-Khoresh St 53, Dimona, Israel",OK,31.077462,35.041925,"סחלבן החורש, נווה חורש, חכמי ישראל, דימונה, נפת באר שבע, מחוז הדרום, 8604712, ישראל",9.6,152.7,143.2,סחלבן החורש,161,partial,סחלבן החורש,,partial,,,n/a,סחלבן החורש,29,partial,
001027-073567-00922-X,דימונה,סחלבן החורש,25,,,exact,31.077551,35.041150,OK,31.077559,35.041165,"Sakhlevan ha-Khoresh St 25, Dimona, Israel",OK,31.077293,35.040937,"סחלבן החורש, נווה חורש, חכמי ישראל, דימונה, נפת באר שבע, מחוז הדרום, 8604712, ישראל",1.7,35.0,36.6,סחלבן החורש,25,match,סחלבן החורש,,partial,,,n/a,סחלבן החורש,26,partial,
001027-073567-00923-X,דימונה,סחלבן החורש,92,,,exact,31.077327,35.044440,OK,31.077337,35.044352,"Sakhlevan ha-Khoresh St 92, Dimona, Israel",OK,31.077462,35.041925,"סחלבן החורש, נווה חורש, חכמי ישראל, דימונה, נפת באר שבע, מחוז הדרום, 8604712, ישראל",8.4,240.4,232.0,סחלבן החורש,544,partial,אזוב,,mismatch,,,n/a,סחלבן החורש,29,partial,osm_rev_at_govmap_mismatch
001027-073567-00924-X,דימונה,סחלבן החורש,36,,,exact,31.077306,35.041140,OK,31.077290,35.041087,"Sakhlevan ha-Khoresh St 36, Dimona, Israel",OK,31.077462,35.041925,"סחלבן החורש, נווה חורש, חכמי ישראל, דימונה, נפת באר שבע, מחוז הדרום, 8604712, ישראל",5.4,76.9,82.3,סחלבן החורש,519,partial,סחלבן החורש,,partial,,,n/a,סחלבן החורש,29,partial,
001027-073567-00925-X,דימונה,סחלבן החורש,26,,,exact,31.077302,35.040815,OK,31.077287,35.040873,"Sakhlevan ha-Khoresh St 26, Dimona, Israel",OK,31.077462,35.041925,"סחלבן החורש, נווה חורש, חכמי ישראל, דימונה, נפת באר שבע, מחוז הדרום, 8604712, ישראל",5.7,107.4,102.3,סחלבן החורש,514,partial,סחלבן החורש,,partial,,,n/a,סחלבן החורש,29,partial,
001027-073567-00926-X,דימונה,סחלבן החורש,82,,,exact,31.077355,35.044078,OK,31.077153,35.040945,"Sakhlevan ha-Khoresh St 82, Dimona, Israel",OK,31.077293,35.040937,"סחלבן החורש, נווה חורש, חכמי ישראל, דימונה, נפת באר שבע, מחוז הדרום, 8604712, ישראל",299.9,299.8,15.6,סחלבן החורש,540,partial,סחלבן החורש,,partial,,,n/a,סחלבן החורש,26,partial,
001027-073567-00927-X,דימונה,סחלבן החורש,3,,,exact,31.077616,35.039884,OK,31.077262,35.039672,"Sakhlevan ha-Khoresh St 3, Dimona, Israel",OK,31.077462,35.041925,"סחלבן החורש, נווה חורש, חכמי ישראל, דימונה, נפת באר שבע, מחוז הדרום, 8604712, ישראל",44.1,195.6,216.2,סחלבן החורש,5,partial,סחלבן החורש,,partial,,,n/a,סחלבן החורש,29,partial,
001027-073567-00928-X,דימונה,סחלבן החורש,10,,,exact,31.077186,35.039874,OK,31.077262,35.039672,"Sakhlevan ha-Khoresh St 10, Dimona, Israel",OK,31.077293,35.040937,"סחלבן החורש, נווה חורש, חכמי ישראל, דימונה, נפת באר שבע, מחוז הדרום, 8604712, ישראל",21.0,102.2,120.8,סחלבן החורש,504,partial,סחלבן החורש,,partial,,,n/a,סחלבן החורש,26,partial,
001027-073567-00929-X,דימונה,סחלבן החורש,8,,,exact,31.077271,35.039544,OK,31.077262,35.039672,"Sakhlevan ha-Khoresh St 8, Dimona, Israel",OK,31.077293,35.040937,"סחלבן החורש, נווה חורש, חכמי ישראל, דימונה, נפת באר שבע, מחוז הדרום, 8604712, ישראל",12.2,133.0,120.8,סחלבן החורש,500,partial,סחלבן החורש,,partial,,,n/a,סחלבן החורש,26,partial,
001027-073567-00930-X,דימונה,סחלבן החורש,48,,,exact,31.077229,35.042167,OK,31.077153,35.040945,"Sakhlevan ha-Khoresh St 48, Dimona, Israel",OK,31.077293,35.040937,"סחלבן החורש, נווה חורש, חכמי ישראל, דימונה, נפת באר שבע, מחוז הדרום, 8604712, ישראל",116.9,117.5,15.6,סחלבן החורש,523,partial,סחלבן החורש,,partial,,,n/a,סחלבן החורש,26,partial,
001027-073567-00931-X,דימונה,סחלבן החורש,21,,,exact,31.077612,35.040766,OK,31.077611,35.040682,"Sakhlevan ha-Khoresh St 21, Dimona, Israel",OK,31.077293,35.040937,"סחלבן החורש, נווה חורש, חכמי ישראל, דימונה, נפת באר שבע, מחוז הדרום, 8604712, ישראל",8.0,38.9,42.8,ליבנה,1,mismatch,סחלבן החורש,,partial,,,n/a,סחלבן החורש,26,partial,google_rev_at_govmap_mismatch
001027-073567-00932-X,דימונה,סחלבן החורש,74,,,exact,31.077128,35.043475,OK,31.077323,35.043553,"Sakhlevan ha-Khoresh St 74, Dimona, Israel",OK,31.077293,35.040937,"סחלבן החורש, נווה חורש, חכמי ישראל, דימונה, נפת באר שבע, מחוז הדרום, 8604712, ישראל",22.8,242.8,249.6,סחלבן החורש,536,partial,סחלבן החורש,,partial,,,n/a,סחלבן החורש,26,partial,
001027-073567-00933-X,דימונה,סחלבן החורש,43,,,exact,31.077611,35.042884,OK,31.077558,35.042870,"Sakhlevan ha-Khoresh St 43, Dimona, Israel",OK,31.077293,35.040937,"סחלבן החורש, נווה חורש, חכמי ישראל, דימונה, נפת באר שבע, מחוז הדרום, 8604712, ישראל",6.0,189.0,186.7,סחלבן החורש,43,match,סחלבן החורש,,partial,,,n/a,סחלבן החורש,26,partial,
001027-073567-00934-X,דימונה,סחלבן החורש,64,,,exact,31.077093,35.043181,OK,31.077109,35.043045,"Sakhlevan ha-Khoresh St 64, Dimona, Israel",OK,31.077293,35.040937,"סחלבן החורש, נווה חורש, חכמי ישראל, דימונה, נפת באר שבע, מחוז הדרום, 8604712, ישראל",13.1,215.2,202.2,סחלבן החורש,531,partial,הרב אלנקוה,,mismatch,,,n/a,סחלבן החורש,26,partial,osm_rev_at_govmap_mismatch
001027-073567-00935-X,דימונה,סחלבן החורש,68,,,exact,31.077344,35.043219,OK,31.077327,35.043076,"Sakhlevan ha-Khoresh St 68, Dimona, Israel",OK,31.077293,35.040937,"סחלבן החורש, נווה חורש, חכמי ישראל, דימונה, נפת באר שבע, מחוז הדרום, 8604712, ישראל",13.8,217.8,204.1,סחלבן החורש,533,partial,סחלבן החורש,,partial,,,n/a,סחלבן החורש,26,partial,
001027-073567-00936-X,דימונה,סחלבן החורש,5,,,exact,31.077571,35.039992,OK,31.077613,35.039961,"Sakhlevan ha-Khoresh St 5, Dimona, Israel",OK,31.077293,35.040937,"סחלבן החורש, נווה חורש, חכמי ישראל, דימונה, נפת באר שבע, מחוז הדרום, 8604712, ישראל",5.5,95.3,99.7,סחלבן החורש,5,match,סחלבן החורש,,partial,,,n/a,סחלבן החורש,26,partial,
001027-073567-00937-X,דימונה,סיגלון,6,,,exact,31.081448,35.043193,OK,31.081408,35.043354,"Sigalon St 6, Dimona, 86000, Israel",OK,31.081588,35.042763,"סיגלון, נווה חורש, חכמי ישראל, דימונה, נפת באר שבע, מחוז הדרום, 8604712, ישראל",16.1,43.8,59.9,סיגלון,205,partial,סיגלון,,partial,,,n/a,חרצית,21,mismatch,google_rev_at_osm_mismatch
001027-073567-00938-X,דימונה,סיגלון,10,,,exact,31.081549,35.043042,OK,31.081564,35.043161,"Sigalon St 10, Dimona, Israel",OK,31.081588,35.042763,"סיגלון, נווה חורש, חכמי ישראל, דימונה, נפת באר שבע, מחוז הדרום, 8604712, ישראל",11.4,27.0,38.1,סיגלון,206,partial,סיגלון,,partial,,,n/a,חרצית,21,mismatch,google_rev_at_osm_mismatch
001027-073567-00939-X,דימונה,סיגלון,2,,,exact,31.081344,35.043377,OK,31.081313,35.043466,"Sigalon St 2, Dimona, Israel",OK,31.081588,35.042763,"סיגלון, נווה חורש, חכמי ישראל, דימונה, נפת באר שבע, מחוז הדרום, 8604712, ישראל",9.2,64.5,73.7,סיגלון,204,partial,חרוב,,mismatch,,,n/a,חרצית,21,mismatch,osm_rev_at_govmap_mismatch;google_rev_at_osm_mismatch
001027-073567-00940-X,דימונה,סיגלון,4,,,exact,31.081405,35.043352,OK,31.081360,35.043409,"Sigalon St 4, Dimona, Israel",OK,31.081588,35.042763,"סיגלון, נווה חורש, חכמי ישראל, דימונה, נפת באר שבע, מחוז הדרום, 8604712, ישראל",7.4,59.8,66.7,סיגלון,6,partial,חרוב,,mismatch,,,n/a,חרצית,21,mismatch,osm_rev_at_govmap_mismatch;google_rev_at_osm_mismatch
001027-073567-00941-X,דימונה,סיתונית,סתוונית 21,,,none,,,OK,31.076559,35.033427,"Sitvanit St 21, Dimona, Israel",ZERO_RESULTS,,,,,,,,,n/a,,,n/a,סיתוונית,,mismatch,,,n/a,govmap_missing;osm_fwd_ZERO_RESULTS;osm_rev_at_google_mismatch
001027-073567-00942-X,דימונה,סיתונית,סתוונית 22,,,none,,,OK,31.076272,35.033962,"Sitvanit St 22, Dimona, Israel",ZERO_RESULTS,,,,,,,,,n/a,,,n/a,סיתוונית,,mismatch,,,n/a,govmap_missing;osm_fwd_ZERO_RESULTS;osm_rev_at_google_mismatch
001027-073567-00943-X,דימונה,סיתונית,סתוונית 4,,,none,,,OK,31.076392,35.032295,"Sitvanit St 4, Dimona, Israel",ZERO_RESULTS,,,,,,,,,n/a,,,n/a,סיתוונית,,mismatch,,,n/a,govmap_missing;osm_fwd_ZERO_RESULTS;osm_rev_at_google_mismatch
001027-073567-00944-X,דימונה,סיתונית,סתוונית 20,,,none,,,OK,31.076368,35.033794,"Sitvanit St 20, Dimona, Israel",ZERO_RESULTS,,,,,,,,,n/a,,,n/a,סיתוונית,,mismatch,,,n/a,govmap_missing;osm_fwd_ZERO_RESULTS;osm_rev_at_google_mismatch
001027-073567-00945-X,דימונה,סיתונית,סתוונית 14,,,none,,,OK,31.076250,35.033225,"Sitvanit St 14, Dimona, Israel",ZERO_RESULTS,,,,,,,,,n/a,,,n/a,סיתוונית,,mismatch,,,n/a,govmap_missing;osm_fwd_ZERO_RESULTS;osm_rev_at_google_mismatch
001027-073567-00946-X,דימונה,סיתונית,סתוונית 8,,,none,,,OK,31.076396,35.032662,"Sitvanit St 8, Dimona, Israel",ZERO_RESULTS,,,,,,,,,n/a,,,n/a,סיתוונית,,mismatch,,,n/a,govmap_missing;osm_fwd_ZERO_RESULTS;osm_rev_at_google_mismatch
001027-073567-00947-X,דימונה,סיתונית,סתוונית 7,,,none,,,OK,31.076531,35.032477,"Sitvanit St 7, Dimona, Israel",ZERO_RESULTS,,,,,,,,,n/a,,,n/a,סיתוונית,,mismatch,,,n/a,govmap_missing;osm_fwd_ZERO_RESULTS;osm_rev_at_google_mismatch
001027-073567-00948-X,דימונה,סיתונית,סתוונית 19,,,none,,,OK,31.076555,35.033285,"Sitvanit St 19, Dimona, Israel",ZERO_RESULTS,,,,,,,,,n/a,,,n/a,סיתוונית,,mismatch,,,n/a,govmap_missing;osm_fwd_ZERO_RESULTS;osm_rev_at_google_mismatch
001027-073567-00949-X,דימונה,סיתונית,סתוונית 26,,,none,,,OK,31.076314,35.033942,"Sitvanit St 26, Dimona, Israel",ZERO_RESULTS,,,,,,,,,n/a,,,n/a,סיתוונית,,mismatch,,,n/a,govmap_missing;osm_fwd_ZERO_RESULTS;osm_rev_at_google_mismatch
001027-073567-00950-X,דימונה,עבדת,28,,,exact,31.065087,35.042427,OK,31.065132,35.042291,"Ovdat St 28, Dimona, Israel",OK,31.065292,35.042621,"עבדת, קהילת העבריים, חכמי ישראל, דימונה, נפת באר שבע, מחוז הדרום, 8604712, ישראל",13.9,29.4,36.2,עבדת,1652,partial,עבדת,,partial,,,n/a,עבדת,55,partial,
001027-073567-00951-X,דימונה,עבדת,17,,,exact,31.065961,35.040172,OK,31.065942,35.040123,"Ovdat St 17, Dimona, Israel",OK,31.065292,35.042621,"עבדת, קהילת העבריים, חכמי ישראל, דימונה, נפת באר שבע, מחוז הדרום, 8604712, ישראל",5.1,245.2,249.1,עבדת,17,match,עבדת,,partial,,,n/a,עבדת,55,partial,
001027-073567-00952-X,דימונה,עבדת,29,,,exact,31.065835,35.040898,OK,31.065814,35.040806,"Ovdat St 29, Dimona, Israel",OK,31.065292,35.042621,"עבדת, קהילת העבריים, חכמי ישראל, דימונה, נפת באר שבע, מחוז הדרום, 8604712, ישראל",9.1,175.1,182.6,עבדת,1649,partial,עבדת,,partial,,,n/a,עבדת,55,partial,
001027-073567-00953-X,דימונה,עבדת,33,,,exact,31.065780,35.041157,OK,31.065742,35.041121,"Ovdat St 33, Dimona, Israel",OK,31.065292,35.042621,"עבדת, קהילת העבריים, חכמי ישראל, דימונה, נפת באר שבע, מחוז הדרום, 8604712, ישראל",5.4,149.8,151.6,עבדת,33,match,עבדת,,partial,,,n/a,עבדת,55,partial,
001027-073567-00954-X,דימונה,עבדת,45,,,exact,31.065537,35.041951,OK,31.065548,35.041859,"Ovdat St 45, Dimona, Israel",OK,31.065292,35.042621,"עבדת, קהילת העבריים, חכמי ישראל, דימונה, נפת באר שבע, מחוז הדרום, 8604712, ישראל",8.8,69.5,78.1,עבדת,1645,partial,עבדת,,partial,,,n/a,עבדת,55,partial,
001027-073567-00955-X,דימונה,עבדת,8,,,exact,31.065348,35.040356,OK,31.065372,35.040326,"Ovdat St 8, Dimona, Israel",OK,31.065629,35.041002,"עבדת, קהילת העבריים, נווה גן, דימונה, נפת באר שבע, מחוז הדרום, 8604712, ישראל",3.9,69.2,70.6,עבדת,8,match,עבדת,,partial,,,n/a,עבדת,33,partial,
001027-073567-00956-X,דימונה,עבדת,21,,,exact,31.065963,35.040420,OK,31.065986,35.040396,"Ovdat St 21, Dimona, Israel",OK,31.065629,35.041002,"עבדת, קהילת העבריים, נווה גן, דימונה, נפת באר שבע, מחוז הדרום, 8604712, ישראל",3.4,66.8,70.1,עבדת,1651,partial,עבדת,,partial,,,n/a,עבדת,33,partial,
001027-073567-00957-X,דימונה,עבדת,53,,,exact,31.065461,35.042396,OK,31.065438,35.042326,"Ovdat St 53, Dimona, Israel",OK,31.065629,35.041002,"עבדת, קהילת העבריים, נווה גן, דימונה, נפת באר שבע, מחוז הדרום, 8604712, ישראל",7.2,134.3,128.1,עבדת,1643,partial,עבדת,,partial,,,n/a,עבדת,33,partial,
001027-073567-00958-X,דימונה,עבדת,10,,,exact,31.065465,35.040407,OK,31.065464,35.040359,"Ovdat St 10, Dimona, Israel",OK,31.065292,35.042621,"עבדת, קהילת העבריים, חכמי ישראל, דימונה, נפת באר שבע, מחוז הדרום, 8604712, ישראל",4.5,212.2,216.7,עבדת,1625,partial,עבדת,,partial,,,n/a,עבדת,55,partial,
001027-073567-00959-X,דימונה,עולי הגרדום,13,,,exact,31.065678,35.026115,OK,31.065683,35.026184,"Olei HaGardom St 13, Dimona, Israel",OK,31.065093,35.025120,"עולי הגרדום, שבעת המינים, נווה גן, דימונה, נפת באר שבע, מחוז הדרום, 8604712, ישראל",6.6,115.0,120.9,דוד רזיאל,18,mismatch,האילנות,12,mismatch,,,n/a,שדרות הרצל,3,mismatch,google_rev_at_govmap_mismatch;osm_rev_at_govmap_mismatch;google_rev_at_osm_mismatch
001027-073567-00960-X,דימונה,עולי הגרדום,15,,,exact,31.065565,35.026077,OK,31.065628,35.026062,"Olei HaGardom St 15, Dimona, Israel",OK,31.065093,35.025120,"עולי הגרדום, שבעת המינים, נווה גן, דימונה, נפת באר שבע, מחוז הדרום, 8604712, ישראל",7.1,105.3,107.7,דוד רזיאל,18,mismatch,האילנות,12,mismatch,,,n/a,שדרות הרצל,3,mismatch,google_rev_at_govmap_mismatch;osm_rev_at_govmap_mismatch;google_rev_at_osm_mismatch
001027-073567-00961-X,דימונה,עולי הגרדום,1,,,exact,31.066080,35.026661,OK,31.066193,35.026811,"Olei HaGardom St 1, Dimona, Israel",OK,31.065093,35.025120,"עולי הגרדום, שבעת המינים, נווה גן, דימונה, נפת באר שבע, מחוז הדרום, 8604712, ישראל",19.1,183.3,202.3,דוד רזיאל,16,mismatch,,,mismatch,,,n/a,שדרות הרצל,3,mismatch,google_rev_at_govmap_mismatch;osm_rev_at_govmap_mismatch;google_rev_at_osm_mismatch
001027-073567-00962-X,דימונה,עופר אברהם,אברהם עופר 1161,,,street,31.073092,35.039157,OK,31.073073,35.039043,"אברהם עופר 1161, Dimona, Israel",ZERO_RESULTS,,,,11.1,,,השלווה,161,mismatch,אברהם עופר,,partial,,,n/a,,,n/a,osm_fwd_ZERO_RESULTS;google_rev_at_govmap_mismatch
001027-073567-00963-X,דימונה,עזרא ונחמיה,7,,,exact,31.065486,35.035323,OK,31.065496,35.035100,"Ezra u-Nekhemya St 7, Dimona, Israel",OK,31.065341,35.035821,"עזרא ונחמיה, גיורא יוספטל, נווה גן, דימונה, נפת באר שבע, מחוז הדרום, 8604712, ישראל",21.3,50.3,70.9,עזרא ונחמיה,243,partial,עזרא ונחמיה,,partial,,,n/a,עזרא ונחמיה,21,partial,
001027-073567-00964-X,דימונה,עזרא ונחמיה,9,,,exact,31.065515,35.035620,OK,31.065491,35.035253,"Ezra u-Nekhemya St 9, Dimona, Israel",OK,31.065341,35.035821,"עזרא ונחמיה, גיורא יוספטל, נווה גן, דימונה, נפת באר שבע, מחוז הדרום, 8604712, ישראל",35.1,27.2,56.7,עזרא ונחמיה,21,partial,עזרא ונחמיה,,partial,,,n/a,עזרא ונחמיה,21,partial,
001027-073567-00965-X,דימונה,עזרא ונחמיה,27,,,exact,31.065491,35.036316,OK,31.065343,35.036280,"Ezra u-Nekhemya St 27, Dimona, Israel",OK,31.065341,35.035821,"עזרא ונחמיה, גיורא יוספטל, נווה גן, דימונה, נפת באר שבע, מחוז הדרום, 8604712, ישראל",16.7,50.0,43.8,עזרא ונחמיה,244,partial,עזרא ונחמיה,,partial,,,n/a,עזרא ונחמיה,21,partial,
001027-081029-00243-א,דימונה,עזרא ונחמיה,243,א,8604611,exact,31.065506,35.035229,OK,31.065495,35.035124,"Ezra u-Nekhemya St 243, Dimona, Israel",OK,31.065341,35.035821,"עזרא ונחמיה, גיורא יוספטל, נווה גן, דימונה, נפת באר שבע, מחוז הדרום, 8604712, ישראל",10.1,59.4,68.7,עזרא ונחמיה,243,match,עזרא ונחמיה,,partial,,,n/a,עזרא ונחמיה,21,partial,
001027-081029-00243-ג,דימונה,עזרא ונחמיה,243,ג,8604613,exact,31.065506,35.035229,OK,31.065495,35.035124,"Ezra u-Nekhemya St 243, Dimona, Israel",OK,31.065341,35.035821,"עזרא ונחמיה, גיורא יוספטל, נווה גן, דימונה, נפת באר שבע, מחוז הדרום, 8604712, ישראל",10.1,59.4,68.7,עזרא ונחמיה,243,match,עזרא ונחמיה,,partial,,,n/a,עזרא ונחמיה,21,partial,
001027-081029-00243-ד,דימונה,עזרא ונחמיה,243,ד,8604614,exact,31.065506,35.035229,OK,31.065495,35.035124,"Ezra u-Nekhemya St 243, Dimona, Israel",OK,31.065341,35.035821,"עזרא ונחמיה, גיורא יוספטל, נווה גן, דימונה, נפת באר שבע, מחוז הדרום, 8604712, ישראל",10.1,59.4,68.7,עזרא ונחמיה,243,match,עזרא ונחמיה,,partial,,,n/a,עזרא ונחמיה,21,partial,
001027-073567-00967-X,דימונה,עמוס,3,,,exact,31.079585,35.035595,OK,31.079267,35.035679,"Amos St 3, Dimona, Israel",OK,31.079426,35.035703,"עמוס, נאות הללי, נווה גן, דימונה, נפת באר שבע, מחוז הדרום, 8604712, ישראל",36.1,20.4,17.8,עמוס,4,partial,עמוס,,partial,,,n/a,עמוס,1,partial,
001027-073567-00968-X,דימונה,עמוס,1,,,exact,31.079388,35.035634,OK,31.079393,35.035608,"Amos St 1, Dimona, Israel",OK,31.079426,35.035703,"עמוס, נאות הללי, נווה גן, דימונה, נפת באר שבע, מחוז הדרום, 8604712, ישראל",2.5,7.9,9.8,עמוס,1,match,עמוס,,partial,,,n/a,עמוס,1,match,
001027-073567-00969-X,דימונה,ערוגות,10,,,exact,31.073748,35.035218,OK,31.073673,35.035184,"Mish'ol Arugot 10, Dimona, Israel",ZERO_RESULTS,,,,8.9,,,משעול ערוגות,12,partial,,,mismatch,,,n/a,,,n/a,osm_fwd_ZERO_RESULTS;osm_rev_at_govmap_mismatch
001027-073567-00970-X,דימונה,ערוגות,1,,,exact,31.073672,35.034750,OK,31.073668,35.034693,"Mish'ol Arugot 1, Dimona, Israel",ZERO_RESULTS,,,,5.5,,,משעול ערוגות,3,partial,בן גוריון,,mismatch,,,n/a,,,n/a,osm_fwd_ZERO_RESULTS;osm_rev_at_govmap_mismatch
001027-073567-00971-X,דימונה,ערוגות,9,,,exact,31.073815,35.035125,OK,31.073852,35.035086,"Mish'ol Arugot 9, Dimona, Israel",ZERO_RESULTS,,,,5.5,,,משעול ערוגות,9,partial,,,mismatch,,,n/a,,,n/a,osm_fwd_ZERO_RESULTS;osm_rev_at_govmap_mismatch
001027-073567-00972-X,דימונה,ערוגות,2,,,exact,31.073562,35.034858,OK,31.073503,35.034808,"Mish'ol Arugot 2, Dimona, Israel",ZERO_RESULTS,,,,8.1,,,משעול ערוגות,4,partial,,,mismatch,,,n/a,,,n/a,osm_fwd_ZERO_RESULTS;osm_rev_at_govmap_mismatch
001027-073567-00973-X,דימונה,פטרה,22,,,exact,31.054534,35.037902,OK,31.054550,35.037874,"Petra St 22, Dimona, Israel",OK,31.054752,35.038332,"פטרה, ממשית, דימונה, נפת באר שבע, מחוז הדרום, 8604712, ישראל",3.2,47.6,49.1,פטרה,22,match,פטרה,,partial,,,n/a,פטרה,15,partial,
001027-073567-00974-X,דימונה,פטרה,16,,,exact,31.054812,35.038148,OK,31.054798,35.038064,"Petra St 16, Dimona, Israel",OK,31.054752,35.038332,"פטרה, ממשית, דימונה, נפת באר שבע, מחוז הדרום, 8604712, ישראל",8.1,18.8,26.1,פטרה,158,partial,פטרה,,partial,,,n/a,פטרה,15,partial,
001027-073567-00975-X,דימונה,פטרה,14,,,exact,31.054828,35.038245,OK,31.054886,35.038134,"Petra St 14, Dimona, Israel",OK,31.054752,35.038332,"פטרה, ממשית, דימונה, נפת באר שבע, מחוז הדרום, 8604712, ישראל",12.4,11.9,24.0,פטרה,158,partial,פטרה,,partial,,,n/a,פטרה,15,partial,
001027-073567-00976-X,דימונה,פטרה,20,,,exact,31.054615,35.038021,OK,31.054638,35.037938,"Petra St 20, Dimona, Israel",OK,31.054752,35.038332,"פטרה, ממשית, דימונה, נפת באר שבע, מחוז הדרום, 8604712, ישראל",8.3,33.3,39.7,פטרה,155,partial,פטרה,,partial,,,n/a,פטרה,15,partial,
001027-073567-00977-X,דימונה,פטרה,5,,,exact,31.054942,35.038679,OK,31.054925,35.038614,"Petra St 5, Dimona, Israel",OK,31.054752,35.038332,"פטרה, ממשית, דימונה, נפת באר שבע, מחוז הדרום, 8604712, ישראל",6.5,39.3,33.1,פטרה,5,match,פטרה,,partial,,,n/a,פטרה,15,partial,
001027-073567-00978-X,דימונה,פטרה,4,,,exact,31.055261,35.038488,OK,31.055263,35.038477,"Petra St 4, Dimona, Israel",OK,31.054752,35.038332,"פטרה, ממשית, דימונה, נפת באר שבע, מחוז הדרום, 8604712, ישראל",1.1,58.4,58.3,פטרה,4,match,פטרה,,partial,,,n/a,פטרה,15,partial,
001027-073567-00979-X,דימונה,פטרה,18,,,exact,31.054706,35.038011,OK,31.054723,35.037997,"Petra St 18, Dimona, Israel",OK,31.054752,35.038332,"פטרה, ממשית, דימונה, נפת באר שבע, מחוז הדרום, 8604712, ישראל",2.3,31.0,32.1,פטרה,18,match,פטרה,,partial,,,n/a,פטרה,15,partial,
001027-073567-00980-X,דימונה,פינטו חיים,חיים פינטו 23,,,exact,31.076611,35.039453,OK,31.069419,35.033363,"Dimona, Israel",ZERO_RESULTS,,,,986.8,,,מרחבים,1324,mismatch,חיים פינטו הרב,,partial,,,n/a,,,n/a,osm_fwd_ZERO_RESULTS;google_rev_at_govmap_mismatch
001027-073567-00981-X,דימונה,פינטו חיים,חיים פינטו 25,,,exact,31.076244,35.039409,OK,31.069419,35.033363,"Dimona, Israel",ZERO_RESULTS,,,,951.6,,,הרב חיים פינטו,25,partial,חיים פינטו הרב,,partial,,,n/a,,,n/a,osm_fwd_ZERO_RESULTS
001027-073567-00982-X,דימונה,פינטו חיים,חיים פינטו 24,,,exact,31.076408,35.039433,OK,31.069419,35.033363,"Dimona, Israel",ZERO_RESULTS,,,,967.5,,,מרחבים,1324,mismatch,חיים פינטו הרב,,partial,,,n/a,,,n/a,osm_fwd_ZERO_RESULTS;google_rev_at_govmap_mismatch
001027-073567-00983-X,דימונה,פרג,6,,,exact,31.080416,35.039342,OK,31.080400,35.039300,"Parag St 6, Dimona, Israel",OK,31.079673,35.037312,"פרג, נאות הללי, נווה גן, דימונה, נפת באר שבע, מחוז הדרום, 8604712, ישראל",4.4,210.5,206.1,פרג,6,match,פרג,,partial,,,n/a,מרים הנביאה,1,mismatch,google_rev_at_osm_mismatch
001027-073567-00984-X,דימונה,פרג,30,,,exact,31.080354,35.038091,OK,31.080346,35.038073,"Parag St 30, Dimona, Israel",OK,31.080250,35.038449,"פרג, נאות הללי, נווה גן, דימונה, נפת באר שבע, מחוז הדרום, 8604712, ישראל",1.9,36.1,37.5,פרג,30,match,פרג,,partial,,,n/a,פרג,26,partial,
001027-073567-00985-X,דימונה,פרג,12,,,exact,31.080438,35.039002,OK,31.080434,35.038983,"Parag St 12, Dimona, Israel",OK,31.080250,35.038449,"פרג, נאות הללי, נווה גן, דימונה, נפת באר שבע, מחוז הדרום, 8604712, ישראל",1.9,56.7,54.9,פרג,12,match,פרג,,partial,,,n/a,פרג,26,partial,
001027-073567-00986-X,דימונה,פרג,4,,,exact,31.080434,35.039481,OK,31.080408,35.039443,"Parag St 4, Dimona, Israel",OK,31.080250,35.038449,"פרג, נאות הללי, נווה גן, דימונה, נפת באר שבע, מחוז הדרום, 8604712, ישראל",4.6,100.6,96.4,פרג,2,partial,קטלב,,mismatch,,,n/a,פרג,26,partial,osm_rev_at_govmap_mismatch
001027-073567-00987-X,דימונה,פרג,25,,,exact,31.080041,35.038473,OK,31.080038,35.038486,"Parag St 25, Dimona, Israel",OK,31.080250,35.038449,"פרג, נאות הללי, נווה גן, דימונה, נפת באר שבע, מחוז הדרום, 8604712, ישראל",1.3,23.2,23.7,פרג,25,match,פרג,,partial,,,n/a,פרג,26,partial,
001027-073567-00988-X,דימונה,פרג,18,,,exact,31.080424,35.038831,OK,31.080392,35.038799,"Parag St 18, Dimona, Israel",OK,31.080250,35.038449,"פרג, נאות הללי, נווה גן, דימונה, נפת באר שבע, מחוז הדרום, 8604712, ישראל",4.7,41.2,36.9,פרג,18,match,פרג,,partial,,,n/a,פרג,26,partial,
001027-073567-00989-X,דימונה,פרג,23,,,exact,31.080088,35.038497,OK,31.080085,35.038509,"Parag St 23, Dimona, Israel",OK,31.080250,35.038449,"פרג, נאות הללי, נווה גן, דימונה, נפת באר שבע, מחוז הדרום, 8604712, ישראל",1.2,18.5,19.1,פרג,23,match,פרג,,partial,,,n/a,פרג,26,partial,
001027-073567-00990-X,דימונה,פרג,20,,,exact,31.080437,35.038653,OK,31.080424,35.038702,"Parag St 20, Dimona, Israel",OK,31.079673,35.037312,"פרג, נאות הללי, נווה גן, דימונה, נפת באר שבע, מחוז הדרום, 8604712, ישראל",4.9,153.5,156.6,פרג,22,partial,פרג,,partial,,,n/a,מרים הנביאה,1,mismatch,google_rev_at_osm_mismatch
001027-073567-00991-X,דימונה,פרג,27,,,exact,31.080060,35.038259,OK,31.080047,35.038300,"Parag St 27, Dimona, Israel",OK,31.080250,35.038449,"פרג, נאות הללי, נווה גן, דימונה, נפת באר שבע, מחוז הדרום, 8604712, ישראל",4.2,27.7,26.6,פרג,27,match,פרג,,partial,,,n/a,פרג,26,partial,
001027-073567-00992-X,דימונה,פרחי ארצנו,22,,,exact,31.062848,35.035118,OK,31.062853,35.035064,"Pirhei Artsenu St 22, Dimona, Israel",ZERO_RESULTS,,,,5.2,,,שדרות יגאל אלון,130,mismatch,הצבר,,mismatch,,,n/a,,,n/a,osm_fwd_ZERO_RESULTS;google_rev_at_govmap_mismatch;osm_rev_at_govmap_mismatch
001027-073567-00993-X,דימונה,פרחי ארצנו,10,,,exact,31.062789,35.033756,OK,31.062825,35.033668,"Pirhei Artsenu St 10, Dimona, Israel",ZERO_RESULTS,,,,9.3,,,שדרות יגאל אלון,57,mismatch,פרחי ארצינו,,partial,,,n/a,,,n/a,osm_fwd_ZERO_RESULTS;google_rev_at_govmap_mismatch
001027-073567-00994-X,דימונה,פרחי ארצנו,34,,,exact,31.062905,35.036197,OK,31.062892,35.036139,"Pirhei Artsenu St 34, Dimona, Israel",ZERO_RESULTS,,,,5.7,,,פרחי ארצנו,34,match,שדרות יגאל אלון,,mismatch,,,n/a,,,n/a,osm_fwd_ZERO_RESULTS;osm_rev_at_govmap_mismatch
001027-073567-00995-X,דימונה,פרחי ארצנו,28,,,exact,31.062879,35.035647,OK,31.062873,35.035568,"Pirhei Artsenu St 28, Dimona, Israel",ZERO_RESULTS,,,,7.6,,,פרחי ארצנו,28,match,הצבר,,mismatch,,,n/a,,,n/a,osm_fwd_ZERO_RESULTS;osm_rev_at_govmap_mismatch
001027-073567-00996-X,דימונה,פרחי ארצנו,14,,,exact,31.062817,35.034172,OK,31.062827,35.034040,"Pirhei Artsenu St 14, Dimona, Israel",ZERO_RESULTS,,,,12.7,,,פרחי ארצנו,16,partial,פרחי ארצינו,,partial,,,n/a,,,n/a,osm_fwd_ZERO_RESULTS
001027-073567-00997-X,דימונה,פרחי ארצנו,4,,,exact,31.062951,35.033418,OK,31.062977,35.033338,"Pirhei Artsenu St 4, Dimona, Israel",ZERO_RESULTS,,,,8.2,,,שדרות יגאל אלון,40,mismatch,פרחי ארצינו,,partial,,,n/a,,,n/a,osm_fwd_ZERO_RESULTS;google_rev_at_govmap_mismatch
001027-073567-00998-X,דימונה,פרחי ארצנו,8,,,exact,31.062568,35.033406,OK,31.062517,35.033247,"Pirhei Artsenu St 8, Dimona, Israel",ZERO_RESULTS,,,,16.2,,,פרחי ארצנו,8,match,רקפת,22,mismatch,,,n/a,,,n/a,osm_fwd_ZERO_RESULTS;osm_rev_at_govmap_mismatch
001027-073567-00999-X,דימונה,צבעוני,3,,,exact,31.080907,35.037210,OK,31.080914,35.037168,"Tsiv'oni St 3, Dimona, Israel",OK,31.080725,35.037198,"צבעוני, נאות הללי, נווה גן, דימונה, נפת באר שבע, מחוז הדרום, 8604712, ישראל",4.0,20.2,21.1,צבעוני,3,match,צבעוני,,partial,,,n/a,צבעוני,5,partial,
001027-073567-01000-X,דימונה,צבעוני,14,,,exact,31.080479,35.037327,OK,31.080908,35.036748,"Tsiv'oni St 14, Dimona, Israel",OK,31.080725,35.037198,"צבעוני, נאות הללי, נווה גן, דימונה, נפת באר שבע, מחוז הדרום, 8604712, ישראל",72.9,30.0,47.5,צבעוני,8,partial,צבעוני,,partial,,,n/a,צבעוני,5,partial,
001027-073567-01001-X,דימונה,צבעוני,9,,,exact,31.080565,35.037578,OK,31.080592,35.037544,"Tsiv'oni St 9, Dimona, Israel",OK,31.080725,35.037198,"צבעוני, נאות הללי, נווה גן, דימונה, נפת באר שבע, מחוז הדרום, 8604712, ישראל",4.4,40.4,36.2,צבעוני,9,match,צבעוני,,partial,,,n/a,צבעוני,5,partial,
001027-073567-01002-X,דימונה,צבעוני,4,,,exact,31.080690,35.036907,OK,31.080706,35.036885,"Tsiv'oni St 4, Dimona, Israel",OK,31.080725,35.037198,"צבעוני, נאות הללי, נווה גן, דימונה, נפת באר שבע, מחוז הדרום, 8604712, ישראל",2.8,28.0,29.9,צבעוני,4,match,צבעוני,,partial,,,n/a,צבעוני,5,partial,
001027-073567-01003-X,דימונה,צבעוני,10,,,exact,31.080550,35.037153,OK,31.080422,35.037412,"Tsiv'oni St 10, Dimona, Israel",OK,31.080725,35.037198,"צבעוני, נאות הללי, נווה גן, דימונה, נפת באר שבע, מחוז הדרום, 8604712, ישראל",28.5,19.8,39.3,צבעוני,6,partial,צבעוני,,partial,,,n/a,צבעוני,5,partial,
001027-073567-01004-X,דימונה,צבעוני,2,,,exact,31.080840,35.036897,OK,31.080841,35.036775,"Tsiv'oni St 2, Dimona, Israel",OK,31.080725,35.037198,"צבעוני, נאות הללי, נווה גן, דימונה, נפת באר שבע, מחוז הדרום, 8604712, ישראל",11.6,31.4,42.3,שיזף,83,mismatch,צבעוני,,partial,,,n/a,צבעוני,5,partial,google_rev_at_govmap_mismatch
001027-073567-01005-X,דימונה,צוקרמן יצחק רחבה,יצחק צוקרמן 1011,,,none,,,OK,31.071145,35.030268,"Yitshak Zuckerman St 1011, Dimona, Israel",ZERO_RESULTS,,,,,,,,,n/a,,,n/a,יצחק צוקרמן,1012,partial,,,n/a,govmap_missing;osm_fwd_ZERO_RESULTS
001027-073567-01006-X,דימונה,צורית,14,,,exact,31.081592,35.036533,OK,31.081646,35.036433,"Tsurit St 14, Dimona, Israel",OK,31.081865,35.036835,"צורית, נאות הללי, נווה גן, דימונה, נפת באר שבע, מחוז הדרום, 8604712, ישראל",11.3,41.8,45.4,צורית,26,partial,צורית,,partial,,,n/a,צורית,20,partial,
001027-073567-01007-X,דימונה,צורית,6,,,exact,31.082076,35.037063,OK,31.082124,35.037054,"Tsurit St 6, Dimona, Israel",OK,31.081865,35.036835,"צורית, נאות הללי, נווה גן, דימונה, נפת באר שבע, מחוז הדרום, 8604712, ישראל",5.4,32.0,35.6,צורית,6,match,צורית,,partial,,,n/a,צורית,20,partial,
001027-073567-01008-X,דימונה,צורית,2,,,exact,31.082112,35.037391,OK,31.082110,35.037367,"Tsurit St 2, Dimona, Israel",OK,31.081865,35.036835,"צורית, נאות הללי, נווה גן, דימונה, נפת באר שבע, מחוז הדרום, 8604712, ישראל",2.3,59.7,57.6,צורית,2,match,צורית,,partial,,,n/a,צורית,20,partial,
001027-073567-01009-X,דימונה,צורית,5,,,exact,31.081825,35.037053,OK,31.081793,35.037005,"Tsurit St 5, Dimona, Israel",OK,31.081865,35.036835,"צורית, נאות הללי, נווה גן, דימונה, נפת באר שבע, מחוז הדרום, 8604712, ישראל",5.8,21.2,18.1,צורית,5,match,צורית,,partial,,,n/a,צורית,20,partial,
001027-073567-01010-X,דימונה,ציפורי,63,,,exact,31.054467,35.039656,OK,31.054322,35.039644,"Tsipori St 63, Dimona, Israel",OK,31.054218,35.038395,"ציפורי, ממשית, דימונה, נפת באר שבע, מחוז הדרום, 8604712, ישראל",16.2,123.5,119.8,ציפורי,145,partial,ציפורי,,partial,,,n/a,ציפורי,137,partial,
001027-073567-01011-X,דימונה,ציפורי,55,,,exact,31.054426,35.039218,OK,31.054393,35.039354,"Tsipori St 55, Dimona, Israel",OK,31.054218,35.038395,"ציפורי, ממשית, דימונה, נפת באר שבע, מחוז הדרום, 8604712, ישראל",13.5,81.9,93.6,ציפורי,143,partial,ציפורי,,partial,,,n/a,ציפורי,137,partial,
001027-073567-01012-X,דימונה,ציפורי,29,,,exact,31.055174,35.036402,OK,31.055203,35.036345,"Tsipori St 29, Dimona, Israel",OK,31.054218,35.038395,"ציפורי, ממשית, דימונה, נפת באר שבע, מחוז הדרום, 8604712, ישראל",6.4,217.7,224.1,ציפורי,35,partial,ציפורי,,partial,,,n/a,ציפורי,137,partial,
001027-073567-01013-X,דימונה,ציפורי,5,,,exact,31.056379,35.036369,OK,31.056450,35.036208,"Tsipori St 5, Dimona, Israel",OK,31.054218,35.038395,"ציפורי, ממשית, דימונה, נפת באר שבע, מחוז הדרום, 8604712, ישראל",17.2,307.9,323.7,גמלא,38,mismatch,ציפורי,,partial,,,n/a,ציפורי,137,partial,google_rev_at_govmap_mismatch
001027-073567-01014-X,דימונה,ציפורי,67,,,exact,31.054441,35.039848,OK,31.054440,35.040504,"Tsipori St 67, Dimona, Israel",OK,31.054218,35.038395,"ציפורי, ממשית, דימונה, נפת באר שבע, מחוז הדרום, 8604712, ישראל",62.7,140.9,202.9,ציפורי,145,partial,ציפורי,,partial,,,n/a,ציפורי,137,partial,
001027-073567-01015-X,דימונה,ציפורי,15,,,exact,31.055932,35.036270,OK,31.055894,35.036054,"Tsipori St 15, Dimona, Israel",OK,31.054218,35.038395,"ציפורי, ממשית, דימונה, נפת באר שבע, מחוז הדרום, 8604712, ישראל",21.1,277.9,290.6,,,mismatch,ציפורי,,partial,,,n/a,ציפורי,137,partial,google_rev_at_govmap_mismatch
001027-073567-01016-X,דימונה,ציפורי,65,,,exact,31.054399,35.039704,OK,31.054425,35.040072,"Tsipori St 65, Dimona, Israel",OK,31.054218,35.038395,"ציפורי, ממשית, דימונה, נפת באר שבע, מחוז הדרום, 8604712, ישראל",35.2,126.6,161.7,ציפורי,145,partial,ציפורי,,partial,,,n/a,ציפורי,137,partial,
001027-073567-01017-X,דימונה,ציפורי,33,,,exact,31.054965,35.036524,OK,31.055067,35.036436,"Tsipori St 33, Dimona, Israel",OK,31.054218,35.038395,"ציפורי, ממשית, דימונה, נפת באר שבע, מחוז הדרום, 8604712, ישראל",14.1,196.8,209.3,ציפורי,35,partial,ציפורי,,partial,,,n/a,ציפורי,137,partial,
001027-073567-01018-X,דימונה,ציפורי,20,,,exact,31.055332,35.035921,OK,31.055353,35.036135,"Tsipori St 20, Dimona, Israel",OK,31.054218,35.038395,"ציפורי, ממשית, דימונה, נפת באר שבע, מחוז הדרום, 8604712, ישראל",20.6,266.5,249.7,יודפת,17,mismatch,ציפורי,,partial,,,n/a,ציפורי,137,partial,google_rev_at_govmap_mismatch
001027-073567-01019-X,דימונה,ציפורי,8,,,exact,31.055963,35.035900,OK,31.062132,35.033512,"Tsipori St 8, Dimona, Israel",OK,31.054218,35.038395,"ציפורי, ממשית, דימונה, נפת באר שבע, מחוז הדרום, 8604712, ישראל",721.0,306.8,993.6,ציפורי,17,partial,ציפורי,,partial,,,n/a,ציפורי,137,partial,
001027-073567-01020-X,דימונה,ציפורי,14,,,exact,31.055692,35.035911,OK,31.055635,35.036060,"Tsipori St 14, Dimona, Israel",OK,31.054218,35.038395,"ציפורי, ממשית, דימונה, נפת באר שבע, מחוז הדרום, 8604712, ישראל",15.5,287.9,272.7,ציפורי,17,partial,ציפורי,,partial,,,n/a,ציפורי,137,partial,
001027-073567-01021-X,דימונה,ציפורי,3,,,exact,31.056497,35.036474,OK,31.056557,35.036284,"Tsipori St 3, Dimona, Israel",OK,31.054218,35.038395,"ציפורי, ממשית, דימונה, נפת באר שבע, מחוז הדרום, 8604712, ישראל",19.4,312.2,328.4,גמלא,38,mismatch,,,mismatch,,,n/a,ציפורי,137,partial,google_rev_at_govmap_mismatch;osm_rev_at_govmap_mismatch
001027-073567-01022-X,דימונה,ציפורן,4,,,exact,31.081481,35.037899,OK,31.081473,35.037829,"Tsiporen St 4, Dimona, Israel",OK,31.080857,35.039458,"ציפורן, נווה חורש, חכמי ישראל, דימונה, נפת באר שבע, מחוז הדרום, 8604712, ישראל",6.7,164.1,169.8,ציפורן,4,match,ציפורן,,partial,,,n/a,ציפורן,26,partial,
001027-073567-01023-X,דימונה,ציפורן,27,,,exact,31.081140,35.040408,OK,31.081183,35.040321,"Tsiporen St 27, Dimona, Israel",OK,31.080857,35.039458,"ציפורן, נווה חורש, חכמי ישראל, דימונה, נפת באר שבע, מחוז הדרום, 8604712, ישראל",9.6,95.9,89.9,ציפורן,27,match,ציפורן,,partial,,,n/a,ציפורן,26,partial,
001027-073567-01024-X,דימונה,ציפורן,42,,,exact,31.081206,35.040897,OK,31.081180,35.040860,"Tsiporen St 42, Dimona, Israel",OK,31.080857,35.039458,"ציפורן, נווה חורש, חכמי ישראל, דימונה, נפת באר שבע, מחוז הדרום, 8604712, ישראל",4.6,142.7,138.5,ציפורן,42,match,ציפורן,,partial,,,n/a,ציפורן,26,partial,
001027-073567-01025-X,דימונה,ציפורן,14,,,exact,31.080913,35.038566,OK,31.080923,35.038485,"Tsiporen St 14, Dimona, Israel",OK,31.080857,35.039458,"ציפורן, נווה חורש, חכמי ישראל, דימונה, נפת באר שבע, מחוז הדרום, 8604712, ישראל",7.8,85.4,93.2,ציפורן,14,match,ציפורן,,partial,,,n/a,ציפורן,26,partial,
001027-073567-01026-X,דימונה,ציפורן,48,,,exact,31.081558,35.041270,OK,31.081472,35.041324,"Tsiporen St 48, Dimona, Israel",OK,31.080857,35.039458,"ציפורן, נווה חורש, חכמי ישראל, דימונה, נפת באר שבע, מחוז הדרום, 8604712, ישראל",10.8,189.6,190.7,ציפורן,48,match,ציפורן,,partial,,,n/a,ציפורן,26,partial,
001027-073567-01027-X,דימונה,ציפורן,24,,,exact,31.080704,35.039314,OK,31.080665,35.039173,"Tsiporen St 24, Dimona, Israel",OK,31.080857,35.039458,"ציפורן, נווה חורש, חכמי ישראל, דימונה, נפת באר שבע, מחוז הדרום, 8604712, ישראל",14.1,21.8,34.5,ציפורן,26,partial,ציפורן,,partial,,,n/a,ציפורן,26,partial,
001027-073567-01028-X,דימונה,ציפורן,17,,,exact,31.080960,35.039060,OK,31.080954,35.039079,"Tsiporen St 17, Dimona, Israel",OK,31.080857,35.039458,"ציפורן, נווה חורש, חכמי ישראל, דימונה, נפת באר שבע, מחוז הדרום, 8604712, ישראל",1.9,39.7,37.8,ציפורן,17,match,ציפורן,,partial,,,n/a,ציפורן,26,partial,
001027-073567-01029-X,דימונה,ציפורן,26,,,exact,31.080709,35.039503,OK,31.080670,35.039422,"Tsiporen St 26, Dimona, Israel",OK,31.080857,35.039458,"ציפורן, נווה חורש, חכמי ישראל, דימונה, נפת באר שבע, מחוז הדרום, 8604712, ישראל",8.8,16.9,21.0,ציפורן,26,match,קטלב,,mismatch,,,n/a,ציפורן,26,match,osm_rev_at_govmap_mismatch
001027-073567-01030-X,דימונה,ציפורן,16,,,exact,31.080832,35.038720,OK,31.080828,35.038636,"Tsiporen St 16, Dimona, Israel",OK,31.080857,35.039458,"ציפורן, נווה חורש, חכמי ישראל, דימונה, נפת באר שבע, מחוז הדרום, 8604712, ישראל",8.0,70.5,78.5,ציפורן,16,match,ציפורן,,partial,,,n/a,ציפורן,26,partial,
001027-073567-01031-X,דימונה,ציפורן,23,,,exact,31.080979,35.040057,OK,31.081017,35.039978,"Tsiporen St 23, Dimona, Israel",OK,31.080857,35.039458,"ציפורן, נווה חורש, חכמי ישראל, דימונה, נפת באר שבע, מחוז הדרום, 8604712, ישראל",8.6,58.7,52.7,ציפורן,23,match,ציפורן,,partial,,,n/a,ציפורן,26,partial,
001027-073567-01032-X,דימונה,צפצפה,6,,,exact,31.081006,35.037619,OK,31.080978,35.037496,"Tsaftsafa St 6, Dimona, Israel",OK,31.081025,35.037767,"צפצפה, נאות הללי, נווה גן, דימונה, נפת באר שבע, מחוז הדרום, 8604712, ישראל",12.1,14.3,26.4,צפצפה,6,match,צפצפה,,partial,,,n/a,צפצפה,169,partial,
001027-073567-01033-X,דימונה,צפצפה,5,,,exact,31.081165,35.037774,OK,31.081206,35.037778,"Tsaftsafa St 5, Dimona, Israel",OK,31.081025,35.037767,"צפצפה, נאות הללי, נווה גן, דימונה, נפת באר שבע, מחוז הדרום, 8604712, ישראל",4.6,15.5,20.1,צפצפה,5,match,צפצפה,,partial,,,n/a,צפצפה,169,partial,
001027-073567-01034-X,דימונה,צפצפה,13,,,exact,31.080737,35.038325,OK,31.085035,35.033745,"Tsaftsafa St 13, Dimona, Israel",OK,31.081025,35.037767,"צפצפה, נאות הללי, נווה גן, דימונה, נפת באר שבע, מחוז הדרום, 8604712, ישראל",646.5,62.0,587.3,צפצפה,165,partial,צפצפה,,partial,,,n/a,צפצפה,169,partial,
001027-073567-01035-X,דימונה,קארו יוסף,יוסף קארו 470,,,exact,31.073199,35.043653,OK,31.073246,35.043678,"Yosef Karo St 470, Dimona, Israel",ZERO_RESULTS,,,,5.7,,,יוסף קארו,470,match,יוסף קארו,,partial,,,n/a,,,n/a,osm_fwd_ZERO_RESULTS
001027-073567-01036-X,דימונה,קארו יוסף,יוסף קארו 1,,,exact,31.073406,35.044140,OK,31.073049,35.043876,"Yosef Karo St 1, Dimona, Israel",ZERO_RESULTS,,,,46.9,,,יוסף קארו,447,partial,יוסף קארו,,partial,,,n/a,,,n/a,osm_fwd_ZERO_RESULTS
001027-073567-01037-X,דימונה,קארו יוסף,יוסף קארו 7,,,exact,31.072950,35.044197,OK,31.072625,35.043873,"Yosef Karo St 7, Dimona, Israel",ZERO_RESULTS,,,,47.5,,,יוסף קארו,447,partial,יוסף קארו,,partial,,,n/a,,,n/a,osm_fwd_ZERO_RESULTS
001027-073567-01038-X,דימונה,קארו יוסף,יוסף קארו 471,,,exact,31.072724,35.043654,OK,31.072791,35.043632,"Yosef Karo St 471, Dimona, Israel",ZERO_RESULTS,,,,7.7,,,יוסף קארו,4,partial,יוסף קארו,,partial,,,n/a,,,n/a,osm_fwd_ZERO_RESULTS
001027-073567-01039-X,דימונה,קארו יוסף,יוסף קארו 472,,,exact,31.072229,35.043655,OK,31.072304,35.043706,"Yosef Karo St 472, Dimona, Israel",ZERO_RESULTS,,,,9.6,,,אבן עזרא,472,mismatch,יוסף קארו,,partial,,,n/a,,,n/a,osm_fwd_ZERO_RESULTS;google_rev_at_govmap_mismatch
001027-073567-01040-X,דימונה,קארו יוסף,יוסף קארו 3,,,exact,31.073244,35.044221,OK,31.072964,35.043875,"Yosef Karo St 3, Dimona, Israel",ZERO_RESULTS,,,,45.3,,,יוסף קארו,447,partial,יוסף קארו,,partial,,,n/a,,,n/a,osm_fwd_ZERO_RESULTS
001027-073567-01041-X,דימונה,קארו יוסף,יוסף קארו 9,,,exact,31.072667,35.044164,OK,31.072480,35.043869,"Yosef Karo St 9, Dimona, Israel",ZERO_RESULTS,,,,35.0,,,יוסף קארו,446,partial,יוסף קארו,,partial,,,n/a,,,n/a,osm_fwd_ZERO_RESULTS
001027-073567-01042-X,דימונה,קארו יוסף,יוסף קארו 11,,,exact,31.072499,35.044272,OK,31.072359,35.043863,"Yosef Karo St 11, Dimona, Israel",ZERO_RESULTS,,,,42.0,,,יוסף קארו,446,partial,יצחק שמיר,,mismatch,,,n/a,,,n/a,osm_fwd_ZERO_RESULTS;osm_rev_at_govmap_mismatch
001027-073567-01043-X,דימונה,קדש,30,,,exact,31.058549,35.028183,OK,31.058553,35.028112,"Kadesh St 30, Dimona, Israel",OK,31.058632,35.029266,"קדש, ערבה, נווה גן, דימונה, נפת באר שבע, מחוז הדרום, 8604712, ישראל",6.8,103.8,110.5,קדש,30,match,קדש,,partial,,,n/a,קדש,12,partial,
001027-073567-01044-X,דימונה,קדש,27,,,exact,31.058259,35.028851,OK,31.058281,35.028807,"Kadesh St 27, Dimona, Israel",OK,31.058632,35.029266,"קדש, ערבה, נווה גן, דימונה, נפת באר שבע, מחוז הדרום, 8604712, ישראל",4.8,57.3,58.6,קדש,27,match,המכתש,,mismatch,,,n/a,קדש,12,partial,osm_rev_at_govmap_mismatch
001027-073567-01045-X,דימונה,קדש,23,,,exact,31.058343,35.029120,OK,31.058341,35.029051,"Kadesh St 23, Dimona, Israel",OK,31.058632,35.029266,"קדש, ערבה, נווה גן, דימונה, נפת באר שבע, מחוז הדרום, 8604712, ישראל",6.6,35.0,38.3,המכתש,33,mismatch,קדש,,partial,,,n/a,קדש,12,partial,google_rev_at_govmap_mismatch
001027-073567-01046-X,דימונה,קדש,10,,,exact,31.058744,35.029499,OK,31.058673,35.029500,"Kadesh St 10, Dimona, Israel",OK,31.058632,35.029266,"קדש, ערבה, נווה גן, דימונה, נפת באר שבע, מחוז הדרום, 8604712, ישראל",7.9,25.4,22.7,קדש,26,partial,קדש,,partial,,,n/a,קדש,12,partial,
001027-073567-01047-X,דימונה,קדש,22,,,exact,31.058682,35.028655,OK,31.058693,35.028626,"Kadesh St 22, Dimona, Israel",OK,31.058632,35.029266,"קדש, ערבה, נווה גן, דימונה, נפת באר שבע, מחוז הדרום, 8604712, ישראל",3.0,58.6,61.5,קדש,22,match,קדש,,partial,,,n/a,קדש,12,partial,
001027-073567-01048-X,דימונה,קדש,8,,,exact,31.058795,35.029614,OK,31.058787,35.029652,"Kadesh St 8, Dimona, Israel",OK,31.058632,35.029266,"קדש, ערבה, נווה גן, דימונה, נפת באר שבע, מחוז הדרום, 8604712, ישראל",3.8,37.7,40.6,קדש,8,match,קדש,,partial,,,n/a,קדש,12,partial,
001027-073567-01049-X,דימונה,קטלב,33,,,exact,31.079015,35.039478,OK,31.079007,35.039418,"Ktalav St 33, Dimona, Israel",OK,31.079115,35.039629,"קטלב, נווה חורש, חכמי ישראל, דימונה, נפת באר שבע, מחוז הדרום, 8604712, ישראל",5.8,18.2,23.5,קטלב,248,partial,קטלב,,partial,,,n/a,קטלב,248,partial,
001027-073567-01050-X,דימונה,קטלב,27,,,exact,31.078727,35.039490,OK,31.078767,35.039435,"Ktalav St 27, Dimona, Israel",OK,31.078015,35.039631,"קטלב, נווה חורש, חכמי ישראל, דימונה, נפת באר שבע, מחוז הדרום, 8604712, ישראל",6.8,80.1,85.5,קטלב,250,partial,קטלב,,partial,,,n/a,קטלב,253,partial,
001027-073567-01051-X,דימונה,קטלב,29,,,exact,31.078852,35.039452,OK,31.078861,35.039418,"Ktalav St 29, Dimona, Israel",OK,31.078015,35.039631,"קטלב, נווה חורש, חכמי ישראל, דימונה, נפת באר שבע, מחוז הדרום, 8604712, ישראל",3.4,94.4,96.0,קטלב,29,match,קטלב,,partial,,,n/a,קטלב,253,partial,
001027-073567-01052-X,דימונה,קטלב,31,,,exact,31.078865,35.039501,OK,31.078933,35.039420,"Ktalav St 31, Dimona, Israel",OK,31.078015,35.039631,"קטלב, נווה חורש, חכמי ישראל, דימונה, נפת באר שבע, מחוז הדרום, 8604712, ישראל",10.8,95.1,103.8,קטלב,249,partial,קטלב,,partial,,,n/a,קטלב,253,partial,
001027-073567-01053-X,דימונה,קטלב,39,,,exact,31.079170,35.039469,OK,31.079225,35.039454,"Ktalav St 39, Dimona, Israel",OK,31.079115,35.039629,"קטלב, נווה חורש, חכמי ישראל, דימונה, נפת באר שבע, מחוז הדרום, 8604712, ישראל",6.3,16.5,20.7,קטלב,37,partial,קטלב,,partial,,,n/a,קטלב,248,partial,
001027-073567-01054-X,דימונה,קטלב,11,,,exact,31.077865,35.039468,OK,31.077901,35.039443,"Ktalav St 11, Dimona, Israel",OK,31.078015,35.039631,"קטלב, נווה חורש, חכמי ישראל, דימונה, נפת באר שבע, מחוז הדרום, 8604712, ישראל",4.6,22.7,22.0,קטלב,254,partial,אדר,,mismatch,,,n/a,קטלב,253,partial,osm_rev_at_govmap_mismatch
001027-073567-01055-X,דימונה,קטלב,19,,,exact,31.078250,35.039476,OK,31.078272,35.039432,"Ktalav St 19, Dimona, Israel",OK,31.079115,35.039629,"קטלב, נווה חורש, חכמי ישראל, דימונה, נפת באר שבע, מחוז הדרום, 8604712, ישראל",4.9,97.1,95.4,קטלב,252,partial,קטלב,,partial,,,n/a,קטלב,248,partial,
001027-073567-01056-X,דימונה,קלעת נמרוד,31,,,exact,31.054459,35.036049,OK,31.054580,35.036018,"Kal'at Nimrod St 31, Dimona, Israel",OK,31.054258,35.035285,"קלעת נמרוד, ממשית, דימונה, נפת באר שבע, מחוז הדרום, 8604712, ישראל",13.7,76.2,78.5,קלעת נמרוד,31,match,קלעת נמרוד,,partial,,,n/a,קלעת נמרוד,25,partial,
001027-073567-01057-X,דימונה,קלעת נמרוד,25,,,exact,31.054409,35.035661,OK,31.054378,35.035621,"Kal'at Nimrod St 25, Dimona, Israel",OK,31.054258,35.035285,"קלעת נמרוד, ממשית, דימונה, נפת באר שבע, מחוז הדרום, 8604712, ישראל",5.2,39.6,34.7,קלעת נמרוד,25,match,קלעת נמרוד,,partial,,,n/a,קלעת נמרוד,25,match,
001027-073567-01058-X,דימונה,קלעת נמרוד,9,,,exact,31.054429,35.034763,OK,31.054408,35.034823,"Kal'at Nimrod St 9, Dimona, Israel",OK,31.054258,35.035285,"קלעת נמרוד, ממשית, דימונה, נפת באר שבע, מחוז הדרום, 8604712, ישראל",6.2,53.3,47.1,קלעת נמרוד,1,partial,קלעת נמרוד,,partial,,,n/a,קלעת נמרוד,25,partial,
001027-073567-01059-X,דימונה,קלעת נמרוד,33,,,exact,31.054596,35.036081,OK,31.054594,35.036077,"Kal'at Nimrod St 33, Dimona, Israel",OK,31.054258,35.035285,"קלעת נמרוד, ממשית, דימונה, נפת באר שבע, מחוז הדרום, 8604712, ישראל",0.4,84.6,84.3,קלעת נמרוד,35,partial,קלעת נמרוד,,partial,,,n/a,קלעת נמרוד,25,partial,
001027-073567-01060-X,דימונה,קלעת נמרוד,1,,,exact,31.054414,35.034349,OK,31.054416,35.034273,"Kal'at Nimrod St 1, Dimona, Israel",OK,31.054258,35.035285,"קלעת נמרוד, ממשית, דימונה, נפת באר שבע, מחוז הדרום, 8604712, ישראל",7.3,91.0,98.2,קלעת נמרוד,1,match,קלעת נמרוד,,partial,,,n/a,קלעת נמרוד,25,partial,
001027-073567-01061-X,דימונה,קציעות,9,,,exact,31.061434,35.033221,OK,31.061411,35.033156,"Ktsi'ot St 9, Dimona, Israel",ZERO_RESULTS,,,,6.7,,,בבא סאלי,174,mismatch,סביון,,mismatch,,,n/a,,,n/a,osm_fwd_ZERO_RESULTS;google_rev_at_govmap_mismatch;osm_rev_at_govmap_mismatch
001027-073567-01062-X,דימונה,קציעות,18,,,exact,31.061689,35.033093,OK,31.061747,35.033006,"Ktsi'ot St 18, Dimona, Israel",ZERO_RESULTS,,,,10.4,,,קציעות,365,partial,סביון,,mismatch,,,n/a,,,n/a,osm_fwd_ZERO_RESULTS;osm_rev_at_govmap_mismatch
001027-073567-01063-X,דימונה,קציעות,5,,,exact,31.061514,35.033808,OK,31.061501,35.033746,"Ktsi'ot St 5, Dimona, Israel",ZERO_RESULTS,,,,6.1,,,בבא סאלי,80,mismatch,סביון,,mismatch,,,n/a,,,n/a,osm_fwd_ZERO_RESULTS;google_rev_at_govmap_mismatch;osm_rev_at_govmap_mismatch
001027-073567-01064-X,דימונה,קצרין,7,,,exact,31.055115,35.038066,OK,31.055105,35.037986,"Katsrin St 7, Dimona, Israel",OK,31.055013,35.037750,"קצרין, ממשית, דימונה, נפת באר שבע, מחוז הדרום, 8604712, ישראל",7.7,32.2,24.7,קצרין,5,partial,קצרין,,partial,,,n/a,קצרין,11,partial,
001027-073567-01065-X,דימונה,קצרין,1,,,exact,31.055354,35.038204,OK,31.055352,35.038175,"Katsrin St 1, Dimona, Israel",OK,31.055013,35.037750,"קצרין, ממשית, דימונה, נפת באר שבע, מחוז הדרום, 8604712, ישראל",2.8,57.5,55.3,קצרין,1,match,קצרין,,partial,,,n/a,קצרין,11,partial,
001027-073567-01066-X,דימונה,קצרין,21,,,exact,31.054500,35.037571,OK,31.054547,35.037515,"Katsrin St 21, Dimona, Israel",OK,31.055013,35.037750,"קצרין, ממשית, דימונה, נפת באר שבע, מחוז הדרום, 8604712, ישראל",7.5,59.4,56.3,קצרין,21,match,קצרין,,partial,,,n/a,קצרין,11,partial,
001027-073567-01067-X,דימונה,קצרין,13,,,exact,31.054818,35.037823,OK,31.054826,35.037769,"Katsrin St 13, Dimona, Israel",OK,31.055013,35.037750,"קצרין, ממשית, דימונה, נפת באר שבע, מחוז הדרום, 8604712, ישראל",5.3,22.7,20.8,קצרין,13,match,קצרין,,partial,,,n/a,קצרין,11,partial,
001027-073567-01068-X,דימונה,קצרין,3,,,exact,31.055302,35.038167,OK,31.055269,35.038116,"Katsrin St 3, Dimona, Israel",OK,31.055013,35.037750,"קצרין, ממשית, דימונה, נפת באר שבע, מחוז הדרום, 8604712, ישראל",6.1,51.1,45.0,קצרין,168,partial,קצרין,,partial,,,n/a,קצרין,11,partial,
001027-073567-01069-X,דימונה,קצרין,17,,,exact,31.054658,35.037691,OK,31.054693,35.037644,"Katsrin St 17, Dimona, Israel",OK,31.055013,35.037750,"קצרין, ממשית, דימונה, נפת באר שבע, מחוז הדרום, 8604712, ישראל",5.9,39.8,36.9,קצרין,171,partial,קצרין,,partial,,,n/a,קצרין,11,partial,
001027-073567-01070-X,דימונה,קצרין,15,,,exact,31.054816,35.037759,OK,31.055413,35.037612,"Katsrin St 15, Dimona, Israel",OK,31.055013,35.037750,"קצרין, ממשית, דימונה, נפת באר שבע, מחוז הדרום, 8604712, ישראל",67.7,21.9,46.3,קצרין,13,partial,קצרין,,partial,,,n/a,קצרין,11,partial,
001027-073567-01071-X,דימונה,קצרין,25,,,exact,31.054369,35.037429,OK,31.054407,35.037409,"Katsrin St 25, Dimona, Israel",OK,31.055013,35.037750,"קצרין, ממשית, דימונה, נפת באר שבע, מחוז הדרום, 8604712, ישראל",4.6,77.7,74.7,קצרין,25,match,ציפורי,,mismatch,,,n/a,קצרין,11,partial,osm_rev_at_govmap_mismatch
001027-073567-01072-X,דימונה,קרני חיטין,3,,,exact,31.056000,35.041318,OK,31.055915,35.041400,"Karnei Hitin St 3, Dimona, Israel",OK,31.055349,35.041246,"קרני חיטין, ממשית, דימונה, נפת באר שבע, מחוז הדרום, 8604712, ישראל",12.3,72.6,64.5,תל חמה,28,mismatch,קרני חיטין,,partial,,,n/a,קרני חיטין,20,partial,google_rev_at_govmap_mismatch
001027-073567-01073-X,דימונה,קרני חיטין,40,,,exact,31.056224,35.041882,OK,31.056227,35.041966,"Karnei Hitin St 40, Dimona, Israel",OK,31.055349,35.041246,"קרני חיטין, ממשית, דימונה, נפת באר שבע, מחוז הדרום, 8604712, ישראל",8.0,114.4,119.2,קרני חיטין,40,match,קרני חיטין,,partial,,,n/a,קרני חיטין,20,partial,
001027-073567-01074-X,דימונה,קרני חיטין,42,,,exact,31.056309,35.041933,OK,31.056297,35.041996,"Karnei Hitin St 42, Dimona, Israel",OK,31.055349,35.041246,"קרני חיטין, ממשית, דימונה, נפת באר שבע, מחוז הדרום, 8604712, ישראל",6.1,125.1,127.2,קרני חיטין,42,match,ירושלים,,mismatch,,,n/a,קרני חיטין,20,partial,osm_rev_at_govmap_mismatch
001027-073567-01075-X,דימונה,קרני חיטין,32,,,exact,31.055806,35.041674,OK,31.055807,35.041659,"Karnei Hitin St 32, Dimona, Israel",OK,31.055349,35.041246,"קרני חיטין, ממשית, דימונה, נפת באר שבע, מחוז הדרום, 8604712, ישראל",1.5,65.2,64.3,קרני חיטין,32,match,קרני חיטין,,partial,,,n/a,קרני חיטין,20,partial,
001027-073567-01076-X,דימונה,קרני חיטין,24,,,exact,31.055433,35.041517,OK,31.055444,35.041511,"Karnei Hitin St 24, Dimona, Israel",OK,31.055349,35.041246,"קרני חיטין, ממשית, דימונה, נפת באר שבע, מחוז הדרום, 8604712, ישראל",1.4,27.4,27.4,קרני חיטין,24,match,קרני חיטין,,partial,,,n/a,קרני חיטין,20,partial,
001027-073567-01077-X,דימונה,קרני חיטין,20,,,exact,31.055247,35.041426,OK,31.055279,35.041533,"Karnei Hitin St 20, Dimona, Israel",OK,31.055349,35.041246,"קרני חיטין, ממשית, דימונה, נפת באר שבע, מחוז הדרום, 8604712, ישראל",10.9,20.5,28.4,קרני חיטין,20,match,קרני חיטין,,partial,,,n/a,קרני חיטין,20,match,
001027-073567-01078-X,דימונה,קרני חיטין,30,,,exact,31.055691,35.041633,OK,31.055706,35.041618,"Karnei Hitin St 30, Dimona, Israel",OK,31.055349,35.041246,"קרני חיטין, ממשית, דימונה, נפת באר שבע, מחוז הדרום, 8604712, ישראל",2.3,52.9,53.2,קרני חיטין,30,match,קרני חיטין,,partial,,,n/a,קרני חיטין,20,partial,
001027-073567-01079-X,דימונה,קרני חיטין,12,,,exact,31.054884,35.041262,OK,31.054888,35.041256,"Karnei Hitin St 12, Dimona, Israel",OK,31.055349,35.041246,"קרני חיטין, ממשית, דימונה, נפת באר שבע, מחוז הדרום, 8604712, ישראל",0.7,51.5,51.1,קרני חיטין,12,match,קרני חיטין,,partial,,,n/a,קרני חיטין,20,partial,
001027-073567-01080-X,דימונה,קרני חיטין,10,,,exact,31.054778,35.041225,OK,31.054793,35.041216,"Karnei Hitin St 10, Dimona, Israel",OK,31.055349,35.041246,"קרני חיטין, ממשית, דימונה, נפת באר שבע, מחוז הדרום, 8604712, ישראל",1.9,63.3,61.7,קרני חיטין,10,match,קרני חיטין,,partial,,,n/a,קרני חיטין,20,partial,
001027-073567-01081-X,דימונה,קרני חיטין,16,,,exact,31.055070,35.041348,OK,31.055056,35.041347,"Karnei Hitin St 16, Dimona, Israel",OK,31.055349,35.041246,"קרני חיטין, ממשית, דימונה, נפת באר שבע, מחוז הדרום, 8604712, ישראל",1.6,32.4,33.9,קרני חיטין,16,match,קרני חיטין,,partial,,,n/a,קרני חיטין,20,partial,
001027-073567-01082-X,דימונה,קרני חיטין,13,,,exact,31.055331,35.041090,OK,31.055329,35.041082,"Karnei Hitin St 13, Dimona, Israel",OK,31.055349,35.041246,"קרני חיטין, ממשית, דימונה, נפת באר שבע, מחוז הדרום, 8604712, ישראל",0.8,15.0,15.9,קרני חיטין,13,match,קרני חיטין,,partial,,,n/a,קרני חיטין,20,partial,
001027-073567-01083-X,דימונה,קרני חיטין,23,,,exact,31.054492,35.040688,OK,31.054525,35.040698,"Karnei Hitin St 23, Dimona, Israel",OK,31.055349,35.041246,"קרני חיטין, ממשית, דימונה, נפת באר שבע, מחוז הדרום, 8604712, ישראל",3.8,108.9,105.3,קרני חיטין,23,match,ציפורי,,mismatch,,,n/a,קרני חיטין,20,partial,osm_rev_at_govmap_mismatch
001027-073567-01084-X,דימונה,קרני חיטין,9,,,exact,31.055530,35.041184,OK,31.055583,35.041171,"Karnei Hitin St 9, Dimona, Israel",OK,31.055349,35.041246,"קרני חיטין, ממשית, דימונה, נפת באר שבע, מחוז הדרום, 8604712, ישראל",6.0,21.0,27.0,מבצר עכו,45,mismatch,קרני חיטין,,partial,,,n/a,קרני חיטין,20,partial,google_rev_at_govmap_mismatch
001027-073567-01085-X,דימונה,קרני חיטין,2,,,exact,31.054396,35.041038,OK,31.054392,35.041130,"Karnei Hitin St 2, Dimona, Israel",OK,31.055349,35.041246,"קרני חיטין, ממשית, דימונה, נפת באר שבע, מחוז הדרום, 8604712, ישראל",8.8,107.5,106.7,קרני חיטין,2,match,ציפורי,,mismatch,,,n/a,קרני חיטין,20,partial,osm_rev_at_govmap_mismatch
001027-073567-01086-X,דימונה,קרני חיטין,18,,,exact,31.055141,35.041386,OK,31.055102,35.041462,"Karnei Hitin St 18, Dimona, Israel",OK,31.055349,35.041246,"קרני חיטין, ממשית, דימונה, נפת באר שבע, מחוז הדרום, 8604712, ישראל",8.5,26.6,34.2,קרני חיטין,18,match,קרני חיטין,,partial,,,n/a,קרני חיטין,20,partial,
001027-073567-01087-X,דימונה,קרני חיטין,1,,,exact,31.056078,35.041307,OK,31.056022,35.041427,"Karnei Hitin St 1, Dimona, Israel",OK,31.055349,35.041246,"קרני חיטין, ממשית, דימונה, נפת באר שבע, מחוז הדרום, 8604712, ישראל",13.0,81.1,76.7,תל חמה,28,mismatch,תל חמה,,mismatch,,,n/a,קרני חיטין,20,partial,google_rev_at_govmap_mismatch;osm_rev_at_govmap_mismatch
001027-073567-01088-X,דימונה,רוגל,71,,,exact,31.074086,35.029879,OK,31.074080,35.028577,"Mish'ol Rogel 71, Dimona, Israel",OK,31.074205,35.028812,"משעול רוגל, נווה דוד, נווה גן, דימונה, נפת באר שבע, מחוז הדרום, 8604712, ישראל",124.3,102.7,26.4,משעול רוגל,1071,partial,משעול רוגל,,partial,,,n/a,משעול רוגל,1074,partial,
001027-073567-01089-X,דימונה,רוגל,74,,,exact,31.074057,35.028911,OK,31.073967,35.028605,"Mish'ol Rogel 74, Dimona, Israel",OK,31.074205,35.028812,"משעול רוגל, נווה דוד, נווה גן, דימונה, נפת באר שבע, מחוז הדרום, 8604712, ישראל",30.9,19.0,33.0,משעול רוגל,1074,partial,משעול רוגל,1076,partial,,,n/a,משעול רוגל,1074,partial,
001027-073567-01090-X,דימונה,רוגל,17,,,exact,31.073942,35.028760,OK,31.073911,35.028595,"Mish'ol Rogel 17, Dimona, Israel",OK,31.074205,35.028812,"משעול רוגל, נווה דוד, נווה גן, דימונה, נפת באר שבע, מחוז הדרום, 8604712, ישראל",16.1,29.6,38.7,משעול רוגל,17,partial,משעול רוגל,1076,partial,,,n/a,משעול רוגל,1074,partial,
001027-073567-01091-X,דימונה,רוגל,5,,,exact,31.073964,35.029600,OK,31.073934,35.029540,"Mish'ol Rogel 5, Dimona, Israel",OK,31.074205,35.028812,"משעול רוגל, נווה דוד, נווה גן, דימונה, נפת באר שבע, מחוז הדרום, 8604712, ישראל",6.6,79.8,75.7,משעול רוגל,5,partial,משעול רוגל,,partial,,,n/a,משעול רוגל,1074,partial,
001027-073567-01092-X,דימונה,רקפת,1,,,exact,31.063153,35.032853,OK,31.063283,35.032764,"Rakefet St 1, Dimona, Israel",OK,31.062513,35.032720,"רקפת, ערבה, נווה גן, דימונה, נפת באר שבע, מחוז הדרום, 8604712, ישראל",16.8,72.0,85.5,שדרות יגאל אלון,51,mismatch,רקפת,22,partial,,,n/a,שדרות יגאל אלון,751,mismatch,google_rev_at_govmap_mismatch;google_rev_at_osm_mismatch
001027-073567-01093-X,דימונה,רקפת,5,,,exact,31.062783,35.032889,OK,31.062821,35.032742,"Rakefet St 5, Dimona, Israel",OK,31.062513,35.032720,"רקפת, ערבה, נווה גן, דימונה, נפת באר שבע, מחוז הדרום, 8604712, ישראל",14.6,34.0,34.3,שדרות יגאל אלון,750,mismatch,רקפת,22,partial,,,n/a,שדרות יגאל אלון,751,mismatch,google_rev_at_govmap_mismatch;google_rev_at_osm_mismatch
001027-073567-01094-X,דימונה,רקפת,3,,,exact,31.062983,35.032886,OK,31.063059,35.032750,"Rakefet St 3, Dimona, Israel",OK,31.062513,35.032720,"רקפת, ערבה, נווה גן, דימונה, נפת באר שבע, מחוז הדרום, 8604712, ישראל",15.4,54.5,60.6,שדרות יגאל אלון,28,mismatch,רקפת,22,partial,,,n/a,שדרות יגאל אלון,751,mismatch,google_rev_at_govmap_mismatch;google_rev_at_osm_mismatch
001027-073567-01095-X,דימונה,"רש""י",14,,,exact,31.076382,35.035904,OK,31.076488,35.036571,"Rashi St, Dimona, Israel",OK,31.076505,35.036557,"רש""י, נאות הללי, נווה גן, דימונה, נפת באר שבע, מחוז הדרום, 8604712, ישראל",64.7,63.7,2.3,הרב אלנקווה,14,mismatch,הרב אלנקוה,,mismatch,,,n/a,הרב אלנקווה,1319,mismatch,google_rev_at_govmap_mismatch;osm_rev_at_govmap_mismatch;google_rev_at_osm_mismatch
001027-073567-01096-X,דימונה,"רש""י",16,,,exact,31.076597,35.036400,OK,31.076488,35.036571,"Rashi St, Dimona, Israel",OK,31.076505,35.036557,"רש""י, נאות הללי, נווה גן, דימונה, נפת באר שבע, מחוז הדרום, 8604712, ישראל",20.3,18.1,2.3,מרחבים,1316,mismatch,"רש""י",,partial,,,n/a,הרב אלנקווה,1319,mismatch,google_rev_at_govmap_mismatch;google_rev_at_osm_mismatch
001027-073567-01097-X,דימונה,שאול המלך,6,,,street,31.069899,35.034083,OK,31.069419,35.033363,"Dimona, Israel",ZERO_RESULTS,,,,87.0,,,דרך דוד בן גוריון,1041,mismatch,,,mismatch,,,n/a,,,n/a,osm_fwd_ZERO_RESULTS;google_rev_at_govmap_mismatch;osm_rev_at_govmap_mismatch
001027-073567-01098-X,דימונה,שבזי שלום,שלום שבזי 24,,,exact,31.072170,35.042663,OK,31.071859,35.043907,"Shalom Shabazi, Dimona, Israel",ZERO_RESULTS,,,,123.6,,,אבן עזרא,435,mismatch,שלום שבזי,,partial,,,n/a,,,n/a,osm_fwd_ZERO_RESULTS;google_rev_at_govmap_mismatch
001027-073567-01099-X,דימונה,שבזי שלום,שלום שבזי 11,,,exact,31.073545,35.042452,OK,31.073541,35.042439,"Shalom Shabazi St 11, Dimona, Israel",ZERO_RESULTS,,,,1.3,,,שלום שבזי,11,match,שלום שבזי,,partial,,,n/a,,,n/a,osm_fwd_ZERO_RESULTS
001027-073567-01100-X,דימונה,שבזי שלום,שלום שבזי 14,,,exact,31.073208,35.041605,OK,31.071859,35.043907,"Shalom Shabazi, Dimona, Israel",ZERO_RESULTS,,,,265.8,,,שלום שבזי,14,match,שלום שבזי,,partial,,,n/a,,,n/a,osm_fwd_ZERO_RESULTS
001027-073567-01101-X,דימונה,שבזי שלום,הרב שלום שבזי 10,,,exact,31.073665,35.041949,OK,31.071859,35.043907,"Shalom Shabazi, Dimona, Israel",ZERO_RESULTS,,,,273.9,,,שלום שבזי,434,partial,שלום שבזי,,partial,,,n/a,,,n/a,osm_fwd_ZERO_RESULTS
001027-073567-01102-X,דימונה,שבזי שלום,שלום שבזי 34,,,exact,31.071708,35.043253,OK,31.071859,35.043907,"Shalom Shabazi, Dimona, Israel",ZERO_RESULTS,,,,64.6,,,שלום שבזי,34/4,partial,שלום שבזי,,partial,,,n/a,,,n/a,osm_fwd_ZERO_RESULTS
001027-073567-01103-X,דימונה,שבזי שלום,הרב שלום שבזי 12,,,exact,31.073575,35.042050,OK,31.071859,35.043907,"Shalom Shabazi, Dimona, Israel",ZERO_RESULTS,,,,260.0,,,שלום שבזי,12,match,שלום שבזי,,partial,,,n/a,,,n/a,osm_fwd_ZERO_RESULTS
001027-073567-01104-X,דימונה,שבזי שלום,הרב שלום שבזי 1,,,exact,31.074272,35.042010,OK,31.071859,35.043907,"Shalom Shabazi, Dimona, Israel",ZERO_RESULTS,,,,323.0,,,שלום שבזי,1,match,שלום שבזי,,partial,,,n/a,,,n/a,osm_fwd_ZERO_RESULTS
001027-073567-01105-X,דימונה,שבזי שלום,שלום שבזי 44,,,exact,31.071774,35.044214,OK,31.071859,35.043907,"Shalom Shabazi, Dimona, Israel",ZERO_RESULTS,,,,30.8,,,שלום שבזי,44,match,שלום שבזי,,partial,,,n/a,,,n/a,osm_fwd_ZERO_RESULTS
001027-073567-01106-X,דימונה,שבזי שלום,הרב שלום שבזי 5,,,exact,31.074061,35.042182,OK,31.071859,35.043907,"Shalom Shabazi, Dimona, Israel",ZERO_RESULTS,,,,294.5,,,שלום שבזי,5,match,שלום שבזי,,partial,,,n/a,,,n/a,osm_fwd_ZERO_RESULTS
001027-073567-01107-X,דימונה,שבזי שלום,הרב שלום שבזי 3,,,exact,31.074169,35.042087,OK,31.071859,35.043907,"Shalom Shabazi, Dimona, Israel",ZERO_RESULTS,,,,309.5,,,שלום שבזי,3,match,שלום שבזי,,partial,,,n/a,,,n/a,osm_fwd_ZERO_RESULTS
001027-073567-01108-X,דימונה,שבזי שלום,הרב שלום שבזי 6,,,exact,31.073975,35.041733,OK,31.071859,35.043907,"Shalom Shabazi, Dimona, Israel",ZERO_RESULTS,,,,313.2,,,שלום שבזי,6,match,שלום שבזי,,partial,,,n/a,,,n/a,osm_fwd_ZERO_RESULTS
001027-073567-01109-X,דימונה,שבזי שלום,הרב שלום שבזי 2,,,exact,31.074189,35.041563,OK,31.071859,35.043907,"Shalom Shabazi, Dimona, Israel",ZERO_RESULTS,,,,341.7,,,שלום שבזי,433,partial,שלום שבזי,,partial,,,n/a,,,n/a,osm_fwd_ZERO_RESULTS
001027-073567-01110-X,דימונה,שבזי שלום,הרב שלום שבזי 9,,,exact,31.073838,35.042380,OK,31.071859,35.043907,"Shalom Shabazi, Dimona, Israel",ZERO_RESULTS,,,,263.4,,,שלום שבזי,9,match,שלום שבזי,,partial,,,n/a,,,n/a,osm_fwd_ZERO_RESULTS
001027-073567-01111-X,דימונה,שבזי שלום,שלום שבזי 46,,,exact,31.071628,35.044298,OK,31.071859,35.043907,"Shalom Shabazi, Dimona, Israel",ZERO_RESULTS,,,,45.2,,,שלום שבזי,464,partial,יצחק שמיר,,mismatch,,,n/a,,,n/a,osm_fwd_ZERO_RESULTS;osm_rev_at_govmap_mismatch
001027-073567-01112-X,דימונה,שבזי שלום,הרב שלום שבזי 8,,,exact,31.073779,35.041887,OK,31.071859,35.043907,"Shalom Shabazi, Dimona, Israel",ZERO_RESULTS,,,,287.2,,,שלום שבזי,8,match,שלום שבזי,,partial,,,n/a,,,n/a,osm_fwd_ZERO_RESULTS
001027-073567-01113-X,דימונה,שבזי שלום,הרב שלום שבזי 7,,,exact,31.073945,35.042263,OK,31.071859,35.043907,"Shalom Shabazi, Dimona, Israel",ZERO_RESULTS,,,,279.5,,,שלום שבזי,7,match,שלום שבזי,,partial,,,n/a,,,n/a,osm_fwd_ZERO_RESULTS
001027-073567-01114-X,דימונה,שדה יצחק,יצחק שדה 21,,,exact,31.072775,35.027135,OK,31.072710,35.026965,"Yitshak Sadeh St 21, Dimona, Israel",ZERO_RESULTS,,,,17.7,,,"רחבת האצ""ל",1021,mismatch,יצחק שדה,,partial,,,n/a,,,n/a,osm_fwd_ZERO_RESULTS;google_rev_at_govmap_mismatch
001027-073567-01115-X,דימונה,שדה יצחק,יצחק שדה 20,,,exact,31.071981,35.027189,OK,31.072710,35.026965,"Yitshak Sadeh St 20, Dimona, Israel",ZERO_RESULTS,,,,83.6,,,יצחק ורדימון,1020,partial,יצחק שדה,,partial,,,n/a,,,n/a,osm_fwd_ZERO_RESULTS
001027-073567-01116-X,דימונה,שדה יצחק,יצחק שדה 170,,,exact,31.075825,35.027012,OK,31.075766,35.026891,"Yitshak Sadeh St 170, Dimona, Israel",OK,31.075662,35.026693,"יצחק שדה/בית ספר צבר, יצחק שדה, נווה דוד, נווה גן, דימונה, נפת באר שבע, מחוז הדרום, 8604712, ישראל",13.3,35.4,22.1,יצחק שדה,164,partial,"נתיב הל""ה",,mismatch,,,n/a,,,mismatch,osm_rev_at_govmap_mismatch;google_rev_at_osm_mismatch
001027-073567-01117-X,דימונה,שדה יצחק,יצחק שדה 169,,,exact,31.075859,35.026929,OK,31.075874,35.026894,"Yitshak Sadeh St 169, Dimona, Israel",OK,31.075662,35.026693,"יצחק שדה/בית ספר צבר, יצחק שדה, נווה דוד, נווה גן, דימונה, נפת באר שבע, מחוז הדרום, 8604712, ישראל",3.7,31.4,30.3,יצחק שדה,169,match,יצחק שדה,,partial,,,n/a,,,mismatch,google_rev_at_osm_mismatch
001027-073567-01118-X,דימונה,שושן צחור,6,,,exact,31.075007,35.032365,OK,31.074998,35.032314,"Shoshan Tsakhor St 6, Dimona, Israel",OK,31.075173,35.032677,"שושן צחור, נווה אביב, נווה גן, דימונה, נפת באר שבע, מחוז הדרום, 8604712, ישראל",5.0,35.0,39.7,שושן צחור,6,match,סטרומה,,mismatch,,,n/a,שושן צחור,165,partial,osm_rev_at_govmap_mismatch
001027-073567-01119-X,דימונה,שושן צחור,26,,,exact,31.075011,35.033907,OK,31.075010,35.033851,"Shoshan Tsakhor St 26, Dimona, Israel",OK,31.075173,35.032677,"שושן צחור, נווה אביב, נווה גן, דימונה, נפת באר שבע, מחוז הדרום, 8604712, ישראל",5.4,118.8,113.5,שושן צחור,161,partial,סטרומה,,mismatch,,,n/a,שושן צחור,165,partial,osm_rev_at_govmap_mismatch
001027-073567-01120-X,דימונה,שושן צחור,22,,,exact,31.075018,35.033607,OK,31.075016,35.033538,"Shoshan Tsakhor St 22, Dimona, 8612801, Israel",OK,31.075173,35.032677,"שושן צחור, נווה אביב, נווה גן, דימונה, נפת באר שבע, מחוז הדרום, 8604712, ישראל",6.6,90.4,84.0,שושן צחור,22,match,שושן צחור,,partial,,,n/a,שושן צחור,165,partial,
001027-073567-01121-X,דימונה,שושן צחור,14,,,exact,31.075010,35.032882,OK,31.074987,35.032840,"Shoshan Tsakhor St 14, Dimona, Israel",OK,31.075173,35.032677,"שושן צחור, נווה אביב, נווה גן, דימונה, נפת באר שבע, מחוז הדרום, 8604712, ישראל",4.8,26.7,25.8,שושן צחור,14,match,סטרומה,,mismatch,,,n/a,שושן צחור,165,partial,osm_rev_at_govmap_mismatch
001027-073567-01122-X,דימונה,שושן צחור,8,,,exact,31.075032,35.032528,OK,31.074991,35.032478,"Shoshan Tsakhor St 8, Dimona, Israel",OK,31.075173,35.032677,"שושן צחור, נווה אביב, נווה גן, דימונה, נפת באר שבע, מחוז הדרום, 8604712, ישראל",6.7,21.0,27.7,שושן צחור,165,partial,שושן צחור,,partial,,,n/a,שושן צחור,165,partial,
001027-073567-01123-X,דימונה,שושן צחור,2,,,exact,31.075005,35.032093,OK,31.075003,35.031965,"Shoshan Tsakhor St 2, Dimona, Israel",OK,31.075173,35.032677,"שושן צחור, נווה אביב, נווה גן, דימונה, נפת באר שבע, מחוז הדרום, 8604712, ישראל",12.2,58.8,70.5,שושן צחור,4,partial,סטרומה,,mismatch,,,n/a,שושן צחור,165,partial,osm_rev_at_govmap_mismatch
001027-073567-01124-X,דימונה,שושן צחור,20,,,exact,31.075051,35.033511,OK,31.075023,35.033471,"Shoshan Tsakhor St 20, Dimona, Israel",OK,31.075173,35.032677,"שושן צחור, נווה אביב, נווה גן, דימונה, נפת באר שבע, מחוז הדרום, 8604712, ישראל",4.9,80.8,77.6,שושן צחור,22,partial,שושן צחור,,partial,,,n/a,שושן צחור,165,partial,
001027-073567-01125-X,דימונה,שטרן יאיר,יאיר שטרן 13,,,street,31.064825,35.024771,OK,31.065888,35.024943,"Ya'ir Stern St 13, Dimona, Israel",ZERO_RESULTS,,,,118.9,,,הגפן,48,mismatch,עולי הגרדום,,mismatch,,,n/a,,,n/a,osm_fwd_ZERO_RESULTS;google_rev_at_govmap_mismatch;osm_rev_at_govmap_mismatch
001027-073567-01126-X,דימונה,שיבטה,שבטה 15,,,none,,,OK,31.055998,35.039328,"Shivta St, Dimona, Israel",ZERO_RESULTS,,,,,,,,,n/a,,,n/a,שיבטה,,partial,,,n/a,govmap_missing;osm_fwd_ZERO_RESULTS
001027-073567-01127-X,דימונה,שיבטה,שבטה 3,,,none,,,OK,31.055998,35.039328,"Shivta St, Dimona, Israel",ZERO_RESULTS,,,,,,,,,n/a,,,n/a,שיבטה,,partial,,,n/a,govmap_missing;osm_fwd_ZERO_RESULTS
001027-073567-01128-X,דימונה,שיבטה,שבטה 4,,,none,,,OK,31.055998,35.039328,"Shivta St, Dimona, Israel",ZERO_RESULTS,,,,,,,,,n/a,,,n/a,שיבטה,,partial,,,n/a,govmap_missing;osm_fwd_ZERO_RESULTS
001027-073567-01129-X,דימונה,שיבטה,שבטה 19,,,none,,,OK,31.055998,35.039328,"Shivta St, Dimona, Israel",ZERO_RESULTS,,,,,,,,,n/a,,,n/a,שיבטה,,partial,,,n/a,govmap_missing;osm_fwd_ZERO_RESULTS
001027-073567-01130-X,דימונה,שיבטה,שבטה 12,,,none,,,OK,31.055998,35.039328,"Shivta St, Dimona, Israel",ZERO_RESULTS,,,,,,,,,n/a,,,n/a,שיבטה,,partial,,,n/a,govmap_missing;osm_fwd_ZERO_RESULTS
001027-073567-01131-X,דימונה,שיזף,71,,,exact,31.081477,35.037578,OK,31.081495,35.037523,"Sheizaf St 71, Dimona, Israel",OK,31.080967,35.036214,"שיזף, נאות הללי, נווה גן, דימונה, נפת באר שבע, מחוז הדרום, 8604712, ישראל",5.6,141.9,138.0,שיזף,71,match,צפצפה,,mismatch,,,n/a,שיזף,156,partial,osm_rev_at_govmap_mismatch
001027-073567-01132-X,דימונה,שיזף,22,,,exact,31.079433,35.044076,OK,31.079426,35.044057,"Sheizaf St 22, Dimona, Israel",OK,31.079787,35.043578,"שיזף, נווה חורש, חכמי ישראל, דימונה, נפת באר שבע, מחוז הדרום, 8604712, ישראל",2.0,61.6,60.8,שיזף,22,match,שיזף,,partial,,,n/a,,,mismatch,google_rev_at_osm_mismatch
001027-073567-01133-X,דימונה,שיזף,87,,,exact,31.080762,35.036652,OK,31.080760,35.036657,"Sheizaf St 87, Dimona, Israel",OK,31.080967,35.036214,"שיזף, נאות הללי, נווה גן, דימונה, נפת באר שבע, מחוז הדרום, 8604712, ישראל",0.5,47.6,48.2,שיזף,87,match,שיזף,,partial,,,n/a,שיזף,156,partial,
001027-073567-01134-X,דימונה,שיזף,14,,,exact,31.079027,35.044109,OK,31.079024,35.044066,"Sheizaf St 14, Dimona, Israel",OK,31.080967,35.036214,"שיזף, נאות הללי, נווה גן, דימונה, נפת באר שבע, מחוז הדרום, 8604712, ישראל",4.1,783.6,779.7,שיזף,14,match,שיזף,,partial,,,n/a,שיזף,156,partial,
001027-073567-01135-X,דימונה,שיזף,156,,,exact,31.080913,35.036368,OK,31.080966,35.036332,"Sheizaf St 156, Dimona, Israel",OK,31.080967,35.036214,"שיזף, נאות הללי, נווה גן, דימונה, נפת באר שבע, מחוז הדרום, 8604712, ישראל",6.8,15.9,11.3,,,mismatch,שיזף,,partial,,,n/a,שיזף,156,match,google_rev_at_govmap_mismatch
001027-073567-01136-X,דימונה,שיזף,52,,,exact,31.081803,35.041561,OK,31.081632,35.041691,"Sheizaf St 52, Dimona, Israel",OK,31.079787,35.043578,"שיזף, נווה חורש, חכמי ישראל, דימונה, נפת באר שבע, מחוז הדרום, 8604712, ישראל",22.7,294.9,272.5,שיזף,56,partial,שיזף,,partial,,,n/a,,,mismatch,google_rev_at_osm_mismatch
001027-073567-01137-X,דימונה,שיזף,72,,,exact,31.082384,35.040791,OK,31.082388,35.040774,"Sheizaf St 72, Dimona, Israel",OK,31.079787,35.043578,"שיזף, נווה חורש, חכמי ישראל, דימונה, נפת באר שבע, מחוז הדרום, 8604712, ישראל",1.7,392.0,393.4,שיזף,72,match,שיזף,,partial,,,n/a,,,mismatch,google_rev_at_osm_mismatch
001027-073567-01138-X,דימונה,שיזף,138,,,exact,31.082249,35.037931,OK,31.082262,35.037856,"Sheizaf St 138, Dimona, Israel",OK,31.079787,35.043578,"שיזף, נווה חורש, חכמי ישראל, דימונה, נפת באר שבע, מחוז הדרום, 8604712, ישראל",7.3,604.1,611.1,שיזף,136,partial,שיזף,,partial,,,n/a,,,mismatch,google_rev_at_osm_mismatch
001027-073567-01139-X,דימונה,שיזף,13,,,exact,31.079811,35.043307,OK,31.079797,35.043306,"Sheizaf St 13, Dimona, Israel",OK,31.079787,35.043578,"שיזף, נווה חורש, חכמי ישראל, דימונה, נפת באר שבע, מחוז הדרום, 8604712, ישראל",1.5,26.0,26.0,שיזף,13,match,דולב,,mismatch,,,n/a,,,mismatch,osm_rev_at_govmap_mismatch;google_rev_at_osm_mismatch
001027-073567-01140-X,דימונה,שיזף,21,,,exact,31.080068,35.043002,OK,31.080075,35.042939,"Sheizaf St 21, Dimona, Israel",OK,31.079787,35.043578,"שיזף, נווה חורש, חכמי ישראל, דימונה, נפת באר שבע, מחוז הדרום, 8604712, ישראל",6.0,63.2,68.8,שיזף,268,partial,שיזף,,partial,,,n/a,,,mismatch,google_rev_at_osm_mismatch
001027-073567-01141-X,דימונה,שיזף,70,,,exact,31.082327,35.040846,OK,31.082298,35.040827,"Sheizaf St 70, Dimona, Israel",OK,31.079787,35.043578,"שיזף, נווה חורש, חכמי ישראל, דימונה, נפת באר שבע, מחוז הדרום, 8604712, ישראל",3.7,383.8,382.7,שיזף,70,match,שיזף,,partial,,,n/a,,,mismatch,google_rev_at_osm_mismatch
001027-073567-01142-X,דימונה,שיזף,6,,,exact,31.078696,35.044112,OK,31.078692,35.044077,"Sheizaf St 6, Dimona, Israel",OK,31.079787,35.043578,"שיזף, נווה חורש, חכמי ישראל, דימונה, נפת באר שבע, מחוז הדרום, 8604712, ישראל",3.4,131.3,130.5,שיזף,6,match,מורן החורש,,mismatch,,,n/a,,,mismatch,osm_rev_at_govmap_mismatch;google_rev_at_osm_mismatch
001027-073567-01143-X,דימונה,שיזף,2,,,exact,31.078232,35.043971,OK,31.078176,35.043985,"Sheizaf St 2, Dimona, Israel",OK,31.079787,35.043578,"שיזף, נווה חורש, חכמי ישראל, דימונה, נפת באר שבע, מחוז הדרום, 8604712, ישראל",6.3,176.5,182.8,שיזף,2,match,שיזף,,partial,,,n/a,,,mismatch,google_rev_at_osm_mismatch
001027-073567-01144-X,דימונה,שיזף,120,,,exact,31.082628,35.038747,OK,31.082616,35.038727,"Sheizaf St 120, Dimona, Israel",OK,31.079787,35.043578,"שיזף, נווה חורש, חכמי ישראל, דימונה, נפת באר שבע, מחוז הדרום, 8604712, ישראל",2.3,558.4,559.2,שיזף,120,match,שיזף,,partial,,,n/a,,,mismatch,google_rev_at_osm_mismatch
001027-073567-01145-X,דימונה,שיזף,126,,,exact,31.082532,35.038558,OK,31.082507,35.038494,"Sheizaf St 126, Dimona, Israel",OK,31.080967,35.036214,"שיזף, נאות הללי, נווה גן, דימונה, נפת באר שבע, מחוז הדרום, 8604712, ישראל",6.7,283.1,276.6,,,mismatch,שיזף,,partial,,,n/a,שיזף,156,partial,google_rev_at_govmap_mismatch
001027-073567-01146-X,דימונה,שיזף,47,,,exact,31.081906,35.040872,OK,31.081911,35.040753,"Sheizaf St 47, Dimona, Israel",OK,31.080967,35.036214,"שיזף, נאות הללי, נווה גן, דימונה, נפת באר שבע, מחוז הדרום, 8604712, ישראל",11.4,456.6,445.6,שיקמה,36,mismatch,שיזף,,partial,,,n/a,שיזף,156,partial,google_rev_at_govmap_mismatch
001027-073567-01147-X,דימונה,שיזף,61,,,exact,31.081968,35.038157,OK,31.081982,35.038081,"Sheizaf St 61, Dimona, Israel",OK,31.079787,35.043578,"שיזף, נווה חורש, חכמי ישראל, דימונה, נפת באר שבע, מחוז הדרום, 8604712, ישראל",7.4,571.0,578.3,שיקמה,2,mismatch,שקמה,,mismatch,,,n/a,,,mismatch,google_rev_at_govmap_mismatch;osm_rev_at_govmap_mismatch;google_rev_at_osm_mismatch
001027-073567-01148-X,דימונה,שיזף,90,,,exact,31.082646,35.040152,OK,31.082645,35.040102,"Sheizaf St 90, Dimona, Israel",OK,31.080967,35.036214,"שיזף, נאות הללי, נווה גן, דימונה, נפת באר שבע, מחוז הדרום, 8604712, ישראל",4.7,419.4,415.1,שיזף,90,match,שיזף,,partial,,,n/a,שיזף,156,partial,
001027-073567-01149-X,דימונה,שיזף,19,,,exact,31.079959,35.043098,OK,31.079967,35.043067,"Sheizaf St 19, Dimona, Israel",OK,31.079787,35.043578,"שיזף, נווה חורש, חכמי ישראל, דימונה, נפת באר שבע, מחוז הדרום, 8604712, ישראל",3.1,49.6,52.7,שיזף,19,match,שיזף,,partial,,,n/a,,,mismatch,google_rev_at_osm_mismatch
001027-073567-01150-X,דימונה,שיזף,28,,,exact,31.079665,35.043947,OK,31.079675,35.043938,"Sheizaf St 28, Dimona, Israel",OK,31.079787,35.043578,"שיזף, נווה חורש, חכמי ישראל, דימונה, נפת באר שבע, מחוז הדרום, 8604712, ישראל",1.4,37.7,36.5,שיזף,28,match,שיזף,,partial,,,n/a,,,mismatch,google_rev_at_osm_mismatch
001027-073567-01151-X,דימונה,שיזף,116,,,exact,31.082673,35.038984,OK,31.082680,35.038961,"Sheizaf St 116, Dimona, Israel",OK,31.079787,35.043578,"שיזף, נווה חורש, חכמי ישראל, דימונה, נפת באר שבע, מחוז הדרום, 8604712, ישראל",2.4,542.7,545.0,שיזף,110,partial,שיזף,,partial,,,n/a,,,mismatch,google_rev_at_osm_mismatch
001027-073567-01152-X,דימונה,שיזף,114,,,exact,31.082650,35.039156,OK,31.082688,35.039059,"Sheizaf St 114, Dimona, Israel",OK,31.079787,35.043578,"שיזף, נווה חורש, חכמי ישראל, דימונה, נפת באר שבע, מחוז הדרום, 8604712, ישראל",10.1,528.1,538.0,שיזף,110,partial,שיזף,,partial,,,n/a,,,mismatch,google_rev_at_osm_mismatch
001027-073567-01153-X,דימונה,שיזף,112,,,exact,31.082661,35.039183,OK,31.082696,35.039157,"Sheizaf St 112, Dimona, Israel",OK,31.079787,35.043578,"שיזף, נווה חורש, חכמי ישראל, דימונה, נפת באר שבע, מחוז הדרום, 8604712, ישראל",4.6,526.7,531.1,שיזף,110,partial,שיזף,,partial,,,n/a,,,mismatch,google_rev_at_osm_mismatch
001027-073567-01154-X,דימונה,שיזף,8,,,exact,31.078754,35.044104,OK,31.078769,35.044066,"Sheizaf St 8, Dimona, Israel",OK,31.079787,35.043578,"שיזף, נווה חורש, חכמי ישראל, דימונה, נפת באר שבע, מחוז הדרום, 8604712, ישראל",4.0,125.1,122.1,שיזף,8,match,מורן החורש,,mismatch,,,n/a,,,mismatch,osm_rev_at_govmap_mismatch;google_rev_at_osm_mismatch
001027-073567-01155-X,דימונה,שיזף,142,,,exact,31.082145,35.037796,OK,31.082165,35.037719,"Sheizaf St 142, Dimona, Israel",OK,31.080967,35.036214,"שיזף, נאות הללי, נווה גן, דימונה, נפת באר שבע, מחוז הדרום, 8604712, ישראל",7.7,199.6,195.6,שיזף,140,partial,שיזף,,partial,,,n/a,שיזף,156,partial,
001027-073567-01156-X,דימונה,שיזף,23,,,exact,31.080093,35.042942,OK,31.080130,35.042877,"Sheizaf St 23, Dimona, Israel",OK,31.079787,35.043578,"שיזף, נווה חורש, חכמי ישראל, דימונה, נפת באר שבע, מחוז הדרום, 8604712, ישראל",7.4,69.6,76.9,שיזף,21,partial,שיזף,,partial,,,n/a,,,mismatch,google_rev_at_osm_mismatch
001027-073567-01157-X,דימונה,שיזף,94,,,exact,31.082658,35.039960,OK,31.082657,35.039941,"Sheizaf St 94, Dimona, Israel",OK,31.079787,35.043578,"שיזף, נווה חורש, חכמי ישראל, דימונה, נפת באר שבע, מחוז הדרום, 8604712, ישראל",1.9,469.6,470.9,שיזף,94,match,שיזף,,partial,,,n/a,,,mismatch,google_rev_at_osm_mismatch
001027-073567-01158-X,דימונה,שיזף,60,,,exact,31.082045,35.041212,OK,31.081849,35.041480,"Sheizaf St 60, Dimona, Israel",OK,31.080967,35.036214,"שיזף, נאות הללי, נווה גן, דימונה, נפת באר שבע, מחוז הדרום, 8604712, ישראל",33.5,491.8,512.0,שיזף,64,partial,שיזף,,partial,,,n/a,שיזף,156,partial,
001027-073567-01159-X,דימונה,שיזף,69,,,exact,31.081582,35.037695,OK,31.081587,35.037628,"Sheizaf St 69, Dimona, Israel",OK,31.079787,35.043578,"שיזף, נווה חורש, חכמי ישראל, דימונה, נפת באר שבע, מחוז הדרום, 8604712, ישראל",6.5,595.6,601.9,ציפורן,2,mismatch,ציפורן,,mismatch,,,n/a,,,mismatch,google_rev_at_govmap_mismatch;osm_rev_at_govmap_mismatch;google_rev_at_osm_mismatch
001027-073567-01160-X,דימונה,שיקמה,שקמה 11,,,none,,,OK,31.081420,35.039559,"Shikma St, Dimona, Israel",ZERO_RESULTS,,,,,,,,,n/a,,,n/a,שקמה,,mismatch,,,n/a,govmap_missing;osm_fwd_ZERO_RESULTS;osm_rev_at_google_mismatch
001027-073567-01161-X,דימונה,שיקמה,שקמה 30,,,none,,,OK,31.081420,35.039559,"Shikma St, Dimona, Israel",ZERO_RESULTS,,,,,,,,,n/a,,,n/a,שקמה,,mismatch,,,n/a,govmap_missing;osm_fwd_ZERO_RESULTS;osm_rev_at_google_mismatch
001027-073567-01162-X,דימונה,שיקמה,שקמה 21,,,none,,,OK,31.081420,35.039559,"Shikma St, Dimona, Israel",ZERO_RESULTS,,,,,,,,,n/a,,,n/a,שקמה,,mismatch,,,n/a,govmap_missing;osm_fwd_ZERO_RESULTS;osm_rev_at_google_mismatch
001027-073567-01163-X,דימונה,שיקמה,שקמה 13,,,none,,,OK,31.081420,35.039559,"Shikma St, Dimona, Israel",ZERO_RESULTS,,,,,,,,,n/a,,,n/a,שקמה,,mismatch,,,n/a,govmap_missing;osm_fwd_ZERO_RESULTS;osm_rev_at_google_mismatch
001027-073567-01164-X,דימונה,שיקמה,שקמה 7,,,none,,,OK,31.081420,35.039559,"Shikma St, Dimona, Israel",ZERO_RESULTS,,,,,,,,,n/a,,,n/a,שקמה,,mismatch,,,n/a,govmap_missing;osm_fwd_ZERO_RESULTS;osm_rev_at_google_mismatch
001027-073567-01165-X,דימונה,שיקמה,שקמה 17,,,none,,,OK,31.081420,35.039559,"Shikma St, Dimona, Israel",ZERO_RESULTS,,,,,,,,,n/a,,,n/a,שקמה,,mismatch,,,n/a,govmap_missing;osm_fwd_ZERO_RESULTS;osm_rev_at_google_mismatch
001027-073567-01166-X,דימונה,שיקמה,שקמה 1,,,none,,,OK,31.081420,35.039559,"Shikma St, Dimona, Israel",ZERO_RESULTS,,,,,,,,,n/a,,,n/a,שקמה,,mismatch,,,n/a,govmap_missing;osm_fwd_ZERO_RESULTS;osm_rev_at_google_mismatch
001027-073567-01167-X,דימונה,שיקמה,שקמה 15,,,none,,,OK,31.081420,35.039559,"Shikma St, Dimona, Israel",ZERO_RESULTS,,,,,,,,,n/a,,,n/a,שקמה,,mismatch,,,n/a,govmap_missing;osm_fwd_ZERO_RESULTS;osm_rev_at_google_mismatch
001027-073567-01168-X,דימונה,שיקמה,שקמה 10,,,none,,,OK,31.081420,35.039559,"Shikma St, Dimona, Israel",ZERO_RESULTS,,,,,,,,,n/a,,,n/a,שקמה,,mismatch,,,n/a,govmap_missing;osm_fwd_ZERO_RESULTS;osm_rev_at_google_mismatch
001027-073567-01169-X,דימונה,שיקמה,שקמה 9,,,none,,,OK,31.081420,35.039559,"Shikma St, Dimona, Israel",ZERO_RESULTS,,,,,,,,,n/a,,,n/a,שקמה,,mismatch,,,n/a,govmap_missing;osm_fwd_ZERO_RESULTS;osm_rev_at_google_mismatch
001027-073567-01170-X,דימונה,שיקמה,שקמה 3,,,none,,,OK,31.081420,35.039559,"Shikma St, Dimona, Israel",ZERO_RESULTS,,,,,,,,,n/a,,,n/a,שקמה,,mismatch,,,n/a,govmap_missing;osm_fwd_ZERO_RESULTS;osm_rev_at_google_mismatch
001027-073567-01171-X,דימונה,שיקמה,שקמה 5,,,none,,,OK,31.081420,35.039559,"Shikma St, Dimona, Israel",ZERO_RESULTS,,,,,,,,,n/a,,,n/a,שקמה,,mismatch,,,n/a,govmap_missing;osm_fwd_ZERO_RESULTS;osm_rev_at_google_mismatch
001027-073567-01172-X,דימונה,שיקמה,שקמה 16,,,none,,,OK,31.081420,35.039559,"Shikma St, Dimona, Israel",ZERO_RESULTS,,,,,,,,,n/a,,,n/a,שקמה,,mismatch,,,n/a,govmap_missing;osm_fwd_ZERO_RESULTS;osm_rev_at_google_mismatch
001027-073567-01173-X,דימונה,שיקמה,שקמה 25,,,none,,,OK,31.081420,35.039559,"Shikma St, Dimona, Israel",ZERO_RESULTS,,,,,,,,,n/a,,,n/a,שקמה,,mismatch,,,n/a,govmap_missing;osm_fwd_ZERO_RESULTS;osm_rev_at_google_mismatch
001027-073567-01174-X,דימונה,שיקמה,שקמה 19,,,none,,,OK,31.081420,35.039559,"Shikma St, Dimona, Israel",ZERO_RESULTS,,,,,,,,,n/a,,,n/a,שקמה,,mismatch,,,n/a,govmap_missing;osm_fwd_ZERO_RESULTS;osm_rev_at_google_mismatch
001027-073567-01175-X,דימונה,שמעון בר יוחאי,שמעון בר-יוחאי 2,,,none,,,OK,31.069419,35.033363,"Dimona, Israel",ZERO_RESULTS,,,,,,,,,n/a,,,n/a,טיילת הספורט,,mismatch,,,n/a,govmap_missing;osm_fwd_ZERO_RESULTS;osm_rev_at_google_mismatch
001027-073567-01176-X,דימונה,שמעון בר יוחאי,שמעון בר-יוחאי 4,,,none,,,OK,31.069419,35.033363,"Dimona, Israel",ZERO_RESULTS,,,,,,,,,n/a,,,n/a,טיילת הספורט,,mismatch,,,n/a,govmap_missing;osm_fwd_ZERO_RESULTS;osm_rev_at_google_mismatch
001027-073567-01177-X,דימונה,תל אפק,38,,,exact,31.054970,35.034089,OK,31.054977,35.034069,"Tel Afek St 38, Dimona, Israel",OK,31.055892,35.034133,"תל אפק, ערבה, נווה גן, דימונה, נפת באר שבע, מחוז הדרום, 8604712, ישראל",2.1,102.3,101.6,תל אפק,32,partial,תל אפק,,partial,,,n/a,,,mismatch,google_rev_at_osm_mismatch
001027-073567-01178-X,דימונה,תל אפק,50,,,exact,31.054439,35.033965,OK,31.054419,35.033810,"Tel Afek St 50, Dimona, Israel",OK,31.055892,35.034133,"תל אפק, ערבה, נווה גן, דימונה, נפת באר שבע, מחוז הדרום, 8604712, ישראל",15.0,161.9,166.2,קלעת נמרוד,1,mismatch,תל אפק,,partial,,,n/a,,,mismatch,google_rev_at_govmap_mismatch;google_rev_at_osm_mismatch
001027-073567-01179-X,דימונה,תל אפק,26,,,exact,31.055522,35.034031,OK,31.055622,35.033954,"Tel Afek St 26, Dimona, Israel",OK,31.055892,35.034133,"תל אפק, ערבה, נווה גן, דימונה, נפת באר שבע, מחוז הדרום, 8604712, ישראל",13.3,42.1,34.5,תל אפק,30,partial,תל אפק,,partial,,,n/a,,,mismatch,google_rev_at_osm_mismatch
001027-073567-01180-X,דימונה,תל אפק,34,,,exact,31.055156,35.034042,OK,31.055165,35.034025,"Tel Afek St 34, Dimona, Israel",OK,31.055892,35.034133,"תל אפק, ערבה, נווה גן, דימונה, נפת באר שבע, מחוז הדרום, 8604712, ישראל",1.9,82.0,81.3,תל אפק,32,partial,תל אפק,,partial,,,n/a,,,mismatch,google_rev_at_osm_mismatch
001027-073567-01181-X,דימונה,תל אפק,10,,,exact,31.056254,35.033960,OK,31.056462,35.033938,"Tel Afek St 10, Dimona, Israel",OK,31.055892,35.034133,"תל אפק, ערבה, נווה גן, דימונה, נפת באר שבע, מחוז הדרום, 8604712, ישראל",23.1,43.4,65.9,,,mismatch,תל אפק,,partial,,,n/a,,,mismatch,google_rev_at_govmap_mismatch;google_rev_at_osm_mismatch
001027-073567-01182-X,דימונה,תל אפק,6,,,exact,31.056442,35.033991,OK,31.056742,35.033998,"Tel Afek St 6, Dimona, Israel",OK,31.055892,35.034133,"תל אפק, ערבה, נווה גן, דימונה, נפת באר שבע, מחוז הדרום, 8604712, ישראל",33.2,62.5,95.1,תל אפק,10,partial,תל אפק,,partial,,,n/a,,,mismatch,google_rev_at_osm_mismatch
001027-073567-01183-X,דימונה,תל אפק,8,,,exact,31.056379,35.033942,OK,31.056594,35.033951,"Tel Afek St 8, Dimona, Israel",OK,31.055892,35.034133,"תל אפק, ערבה, נווה גן, דימונה, נפת באר שבע, מחוז הדרום, 8604712, ישראל",23.8,57.0,79.8,תל אפק,10,partial,תל אפק,,partial,,,n/a,,,mismatch,google_rev_at_osm_mismatch
001027-073567-01184-X,דימונה,תל אפק,5,,,exact,31.056278,35.034378,OK,31.056265,35.034257,"Tel Afek St 5, Dimona, Israel",OK,31.055892,35.034133,"תל אפק, ערבה, נווה גן, דימונה, נפת באר שבע, מחוז הדרום, 8604712, ישראל",11.7,48.8,43.0,תל אפק,5,match,תל אפק,,partial,,,n/a,,,mismatch,google_rev_at_osm_mismatch
001027-073567-01185-X,דימונה,תל אפק,22,,,exact,31.055698,35.034015,OK,31.055888,35.034118,"Tel Afek St 22, Dimona, Israel",OK,31.055892,35.034133,"תל אפק, ערבה, נווה גן, דימונה, נפת באר שבע, מחוז הדרום, 8604712, ישראל",23.2,24.2,1.6,תל אפק,30,partial,תל אפק,,partial,,,n/a,,,mismatch,google_rev_at_osm_mismatch
001027-073567-01186-X,דימונה,תל אפק,20,,,exact,31.055838,35.033982,OK,31.055888,35.034118,"Tel Afek St 20, Dimona, Israel",OK,31.055892,35.034133,"תל אפק, ערבה, נווה גן, דימונה, נפת באר שבע, מחוז הדרום, 8604712, ישראל",14.1,15.7,1.6,,,mismatch,תל אפק,,partial,,,n/a,,,mismatch,google_rev_at_govmap_mismatch;google_rev_at_osm_mismatch
001027-073567-01187-X,דימונה,תל אפק,13,,,exact,31.055752,35.034333,OK,31.055888,35.034118,"Tel Afek St 13, Dimona, Israel",OK,31.055892,35.034133,"תל אפק, ערבה, נווה גן, דימונה, נפת באר שבע, מחוז הדרום, 8604712, ישראל",25.5,24.5,1.6,,,mismatch,תל אפק,,partial,,,n/a,,,mismatch,google_rev_at_govmap_mismatch;google_rev_at_osm_mismatch
001027-073567-01188-X,דימונה,תל אפק,30,,,exact,31.055337,35.034055,OK,31.055345,35.034016,"Tel Afek St 30, Dimona, Israel",OK,31.055892,35.034133,"תל אפק, ערבה, נווה גן, דימונה, נפת באר שבע, מחוז הדרום, 8604712, ישראל",3.8,61.9,61.7,תל אפק,30,match,תל אפק,,partial,,,n/a,,,mismatch,google_rev_at_osm_mismatch
001027-073567-01189-X,דימונה,תל חמה,12,,,exact,31.056391,35.040305,OK,31.056409,35.040277,"Tel Hama St 12, Dimona, Israel",OK,31.056570,35.040420,"תל חמה, ממשית, נווה גן, דימונה, נפת באר שבע, מחוז הדרום, 8604712, ישראל",3.3,22.7,22.5,תל חמה,12,match,תל חמה,,partial,,,n/a,תל חמה,15,partial,
001027-073567-01190-X,דימונה,תל חמה,15,,,exact,31.056651,35.040514,OK,31.056643,35.040441,"Tel Hama St 15, Dimona, Israel",OK,31.056570,35.040420,"תל חמה, ממשית, נווה גן, דימונה, נפת באר שבע, מחוז הדרום, 8604712, ישראל",7.0,12.6,8.3,תל חמה,17,partial,תל חמה,,partial,,,n/a,תל חמה,15,match,
001027-073567-01191-X,דימונה,תל חמה,33,,,exact,31.056308,35.041536,OK,31.056244,35.041540,"Tel Hama St 33, Dimona, Israel",OK,31.056570,35.040420,"תל חמה, ממשית, נווה גן, דימונה, נפת באר שבע, מחוז הדרום, 8604712, ישראל",7.1,110.5,112.9,תל חמה,33,match,תל חמה,,partial,,,n/a,תל חמה,15,partial,
001027-073567-01192-X,דימונה,תל חמה,14,,,exact,31.056373,35.040503,OK,31.056365,35.040409,"Tel Hama St 14, Dimona, Israel",OK,31.056570,35.040420,"תל חמה, ממשית, נווה גן, דימונה, נפת באר שבע, מחוז הדרום, 8604712, ישראל",9.0,23.2,22.8,תל חמה,14,match,תל חמה,,partial,,,n/a,תל חמה,15,partial,
001027-073567-01193-X,דימונה,תל חמה,24,,,exact,31.056121,35.041073,OK,31.056126,35.041061,"Tel Hama St 24, Dimona, Israel",OK,31.056570,35.040420,"תל חמה, ממשית, נווה גן, דימונה, נפת באר שבע, מחוז הדרום, 8604712, ישראל",1.2,79.8,78.6,תל חמה,24,match,תל חמה,,partial,,,n/a,תל חמה,15,partial,
001027-073567-01194-X,דימונה,תל חמה,16,,,exact,31.056318,35.040556,OK,31.056420,35.040600,"Tel Hama St 16, Dimona, Israel",OK,31.056570,35.040420,"תל חמה, ממשית, נווה גן, דימונה, נפת באר שבע, מחוז הדרום, 8604712, ישראל",12.1,30.9,24.0,תל חמה,16,match,תל חמה,,partial,,,n/a,תל חמה,15,partial,
001027-073567-01195-X,דימונה,תל חמה,5,,,exact,31.056840,35.040004,OK,31.056840,35.040043,"Tel Hama St 5, Dimona, Israel",OK,31.056570,35.040420,"תל חמה, ממשית, נווה גן, דימונה, נפת באר שבע, מחוז הדרום, 8604712, ישראל",3.7,49.7,46.7,תל חמה,5,match,תל חמה,,partial,,,n/a,תל חמה,15,partial,
001027-073567-01196-X,דימונה,תל חמה,1,,,exact,31.056985,35.039646,OK,31.057020,35.039583,"Tel Hama St 1, Dimona, Israel",OK,31.056570,35.040420,"תל חמה, ממשית, נווה גן, דימונה, נפת באר שבע, מחוז הדרום, 8604712, ישראל",7.1,87.0,94.2,תל חמה,1,match,תל חמה,,partial,,,n/a,תל חמה,15,partial,
001027-073567-01197-X,דימונה,תל חמה,6,,,exact,31.056530,35.040002,OK,31.056530,35.039923,"Tel Hama St 6, Dimona, Israel",OK,31.056570,35.040420,"תל חמה, ממשית, נווה גן, דימונה, נפת באר שבע, מחוז הדרום, 8604712, ישראל",7.5,40.2,47.7,תל חמה,8,partial,תל חמה,,partial,,,n/a,תל חמה,15,partial,
001027-073567-01198-X,דימונה,תל חמה,7,,,exact,31.056780,35.040136,OK,31.056771,35.040122,"Tel Hama St 7, Dimona, Israel",OK,31.056570,35.040420,"תל חמה, ממשית, נווה גן, דימונה, נפת באר שבע, מחוז הדרום, 8604712, ישראל",1.6,35.7,36.1,תל חמה,7,match,תל חמה,,partial,,,n/a,תל חמה,15,partial,
001027-073567-01199-X,דימונה,תל ערד,12,,,exact,31.055405,35.039866,OK,31.055388,35.039794,"Tel Arad St 12, Dimona, Israel",OK,31.055448,35.040155,"תל ערד, ממשית, דימונה, נפת באר שבע, מחוז הדרום, 8604712, ישראל",7.2,28.0,35.2,תל ערד,14,partial,תל ערד,,partial,,,n/a,תל ערד,83,partial,
001027-073567-01200-X,דימונה,תל ערד,5,,,exact,31.055779,35.039558,OK,31.055802,35.039460,"Tel Arad St 5, Dimona, Israel",OK,31.055448,35.040155,"תל ערד, ממשית, דימונה, נפת באר שבע, מחוז הדרום, 8604712, ישראל",9.6,67.8,77.0,תל ערד,7,partial,תל ערד,,partial,,,n/a,תל ערד,83,partial,
001027-073567-01201-X,דימונה,תל ערד,16,,,exact,31.055320,35.040052,OK,31.055324,35.039982,"Tel Arad St 16, Dimona, Israel",OK,31.055448,35.040155,"תל ערד, ממשית, דימונה, נפת באר שבע, מחוז הדרום, 8604712, ישראל",6.7,17.3,21.6,תל ערד,18,partial,תל ערד,,partial,,,n/a,תל ערד,83,partial,
001027-073567-01202-X,דימונה,תל ערד,1,,,exact,31.055806,35.039384,OK,31.055862,35.039276,"Tel Arad St 1, Dimona, Israel",OK,31.055448,35.040155,"תל ערד, ממשית, דימונה, נפת באר שבע, מחוז הדרום, 8604712, ישראל",12.0,83.7,95.7,תל ערד,3,partial,תל ערד,,partial,,,n/a,תל ערד,83,partial,
001027-073567-01203-X,דימונה,תל ערד,7,,,exact,31.055805,35.039643,OK,31.055756,35.039587,"Tel Arad St 7, Dimona, Israel",OK,31.055448,35.040155,"תל ערד, ממשית, דימונה, נפת באר שבע, מחוז הדרום, 8604712, ישראל",7.6,62.8,64.1,תל ערד,7,match,תל ערד,,partial,,,n/a,תל ערד,83,partial,
001027-073567-01204-X,דימונה,תל ערד,28,,,exact,31.055111,35.040692,OK,31.055101,35.040588,"Tel Arad St 28, Dimona, Israel",OK,31.055448,35.040155,"תל ערד, ממשית, דימונה, נפת באר שבע, מחוז הדרום, 8604712, ישראל",10.0,63.4,56.5,תל ערד,30,partial,תל ערד,,partial,,,n/a,תל ערד,83,partial,
001027-073567-01205-X,דימונה,תל ערד,15,,,exact,31.055668,35.040033,OK,31.055609,35.039957,"Tel Arad St 15, Dimona, Israel",OK,31.055448,35.040155,"תל ערד, ממשית, דימונה, נפת באר שבע, מחוז הדרום, 8604712, ישראל",9.8,27.0,26.0,תל ערד,63,partial,תל ערד,,partial,,,n/a,תל ערד,83,partial,
001027-073567-01206-X,דימונה,תל ערד,13,,,exact,31.055639,35.039945,OK,31.055637,35.039874,"Tel Arad St 13, Dimona, Israel",OK,31.055448,35.040155,"תל ערד, ממשית, דימונה, נפת באר שבע, מחוז הדרום, 8604712, ישראל",6.7,29.2,34.0,תל ערד,15,partial,תל ערד,,partial,,,n/a,תל ערד,83,partial,
001027-083704-01332-X,דימונה,מרחבים,1332,,8616719,street,31.074857,35.037212,OK,31.075619,35.038631,"Merhavim St 1332, Dimona, Israel",OK,31.074862,35.035588,"מרחבים, נווה אביב, נווה גן, דימונה, נפת באר שבע, מחוז הדרום, 8604712, ישראל",159.7,155.0,302.3,מרחבים,0,partial,מרחבים,1321,partial,,,n/a,הבעל שם טוב,1302,mismatch,google_rev_at_osm_mismatch
001027-083704-01332-א,דימונה,מרחבים,1332,א,8616720,street,31.074857,35.037212,OK,31.075619,35.038631,"Merhavim St 1332, Dimona, Israel",OK,31.074862,35.035588,"מרחבים, נווה אביב, נווה גן, דימונה, נפת באר שבע, מחוז הדרום, 8604712, ישראל",159.7,155.0,302.3,מרחבים,0,partial,מרחבים,1321,partial,,,n/a,הבעל שם טוב,1302,mismatch,google_rev_at_osm_mismatch
001027-083704-01332-ב,דימונה,מרחבים,1332,ב,8616721,street,31.074857,35.037212,OK,31.075619,35.038631,"Merhavim St 1332, Dimona, Israel",OK,31.074862,35.035588,"מרחבים, נווה אביב, נווה גן, דימונה, נפת באר שבע, מחוז הדרום, 8604712, ישראל",159.7,155.0,302.3,מרחבים,0,partial,מרחבים,1321,partial,,,n/a,הבעל שם טוב,1302,mismatch,google_rev_at_osm_mismatch
001027-083704-01332-ג,דימונה,מרחבים,1332,ג,8616722,street,31.074857,35.037212,OK,31.075619,35.038631,"Merhavim St 1332, Dimona, Israel",OK,31.074862,35.035588,"מרחבים, נווה אביב, נווה גן, דימונה, נפת באר שבע, מחוז הדרום, 8604712, ישראל",159.7,155.0,302.3,מרחבים,0,partial,מרחבים,1321,partial,,,n/a,הבעל שם טוב,1302,mismatch,google_rev_at_osm_mismatch
001027-083704-01332-ד,דימונה,מרחבים,1332,ד,8616723,street,31.074857,35.037212,OK,31.075619,35.038631,"Merhavim St 1332, Dimona, Israel",OK,31.074862,35.035588,"מרחבים, נווה אביב, נווה גן, דימונה, נפת באר שבע, מחוז הדרום, 8604712, ישראל",159.7,155.0,302.3,מרחבים,0,partial,מרחבים,1321,partial,,,n/a,הבעל שם טוב,1302,mismatch,google_rev_at_osm_mismatch
001027-083058-01066-X,דימונה,טיילת הספורט,1066,,8617954,street,31.071267,35.033164,OK,31.073547,35.033170,"HaSport Promenade 1066, Dimona, Israel",OK,31.073127,35.033157,"טיילת הספורט, נווה אביב, נווה גן, דימונה, נפת באר שבע, מחוז הדרום, 8604712, ישראל",252.8,206.3,46.5,טיילת הספורט,1058,partial,טיילת הספורט,,partial,,,n/a,רחבת יציאת אירופה,1102,mismatch,google_rev_at_osm_mismatch
001027-083058-01066-א,דימונה,טיילת הספורט,1066,א,8617955,street,31.071267,35.033164,OK,31.073547,35.033170,"HaSport Promenade 1066, Dimona, Israel",OK,31.073127,35.033157,"טיילת הספורט, נווה אביב, נווה גן, דימונה, נפת באר שבע, מחוז הדרום, 8604712, ישראל",252.8,206.3,46.5,טיילת הספורט,1058,partial,טיילת הספורט,,partial,,,n/a,רחבת יציאת אירופה,1102,mismatch,google_rev_at_osm_mismatch
001027-083058-01066-ב,דימונה,טיילת הספורט,1066,ב,8617956,street,31.071267,35.033164,OK,31.073547,35.033170,"HaSport Promenade 1066, Dimona, Israel",OK,31.073127,35.033157,"טיילת הספורט, נווה אביב, נווה גן, דימונה, נפת באר שבע, מחוז הדרום, 8604712, ישראל",252.8,206.3,46.5,טיילת הספורט,1058,partial,טיילת הספורט,,partial,,,n/a,רחבת יציאת אירופה,1102,mismatch,google_rev_at_osm_mismatch
001027-083058-01066-ג,דימונה,טיילת הספורט,1066,ג,8617957,street,31.071267,35.033164,OK,31.073547,35.033170,"HaSport Promenade 1066, Dimona, Israel",OK,31.073127,35.033157,"טיילת הספורט, נווה אביב, נווה גן, דימונה, נפת באר שבע, מחוז הדרום, 8604712, ישראל",252.8,206.3,46.5,טיילת הספורט,1058,partial,טיילת הספורט,,partial,,,n/a,רחבת יציאת אירופה,1102,mismatch,google_rev_at_osm_mismatch
001027-083058-01066-ד,דימונה,טיילת הספורט,1066,ד,8617958,street,31.071267,35.033164,OK,31.073547,35.033170,"HaSport Promenade 1066, Dimona, Israel",OK,31.073127,35.033157,"טיילת הספורט, נווה אביב, נווה גן, דימונה, נפת באר שבע, מחוז הדרום, 8604712, ישראל",252.8,206.3,46.5,טיילת הספורט,1058,partial,טיילת הספורט,,partial,,,n/a,רחבת יציאת אירופה,1102,mismatch,google_rev_at_osm_mismatch
001027-083058-01066-ה,דימונה,טיילת הספורט,1066,ה,8617959,street,31.071267,35.033164,OK,31.073547,35.033170,"HaSport Promenade 1066, Dimona, Israel",OK,31.073127,35.033157,"טיילת הספורט, נווה אביב, נווה גן, דימונה, נפת באר שבע, מחוז הדרום, 8604712, ישראל",252.8,206.3,46.5,טיילת הספורט,1058,partial,טיילת הספורט,,partial,,,n/a,רחבת יציאת אירופה,1102,mismatch,google_rev_at_osm_mismatch
001027-073567-01209-X,דימונה,הגפן,44,,,exact,31.064792,35.025103,OK,31.064880,35.025131,"HaGefen St 44, Dimona, Israel",OK,31.064918,35.025862,"הגפן, שבעת המינים, נווה גן, דימונה, נפת באר שבע, מחוז הדרום, 8604712, ישראל",10.1,73.8,69.9,הגפן,44,match,הגפן,,partial,,,n/a,הגפן,34,partial,
001027-073567-01210-X,דימונה,שד הנשיא,5,,,none,,,OK,31.063471,35.031271,"Sderot HaNassi 5, Dimona, Israel",ZERO_RESULTS,,,,,,,,,n/a,,,n/a,שדרות אריאל שרון,,mismatch,,,n/a,govmap_missing;osm_fwd_ZERO_RESULTS;osm_rev_at_google_mismatch
001027-084626-00002-X,דימונה,עלית הנוער,2,,8605016,street,31.071020,35.030575,OK,31.070229,35.030623,"Aliyat Hano'ar St, Dimona, Israel",ZERO_RESULTS,,,,87.8,,,שדרות גולדה מאיר,1003,mismatch,יצחק צוקרמן,1012,mismatch,,,n/a,,,n/a,osm_fwd_ZERO_RESULTS;google_rev_at_govmap_mismatch;osm_rev_at_govmap_mismatch
001027-082292-01633-X,דימונה,כובשי אילת,1633,,8603283,street,31.063645,35.039896,OK,31.063720,35.039881,"Kovshei Eilat St, Dimona, Israel",OK,31.062673,35.039196,"כובשי אילת, גיורא יוספטל, נווה גן, דימונה, נפת באר שבע, מחוז הדרום, 8604712, ישראל",8.4,126.7,133.2,שדרות יגאל אלון,110,mismatch,כובשי אילת,,partial,,,n/a,,,mismatch,google_rev_at_govmap_mismatch;google_rev_at_osm_mismatch
001027-073567-01213-X,דימונה,פקיעין,8,,,exact,31.057596,35.035332,OK,31.057591,35.035317,"Pki'in St 8, Dimona, Israel",OK,31.057658,35.035813,"פקיעין, ערבה, נווה גן, דימונה, נפת באר שבע, מחוז הדרום, 8604712, ישראל",1.5,46.4,47.9,פקיעין,8,match,פקיעין,,partial,,,n/a,פקיעין,15,partial,
001027-073567-01214-X,דימונה,שד יגאל אלון,86,,,exact,31.066253,35.039978,OK,31.063191,35.035849,"Sderot Yig'al Alon 86, Dimona, Israel",ZERO_RESULTS,,,,520.2,,,עבדת,1612,mismatch,עלייה,,mismatch,,,n/a,,,n/a,osm_fwd_ZERO_RESULTS;google_rev_at_govmap_mismatch;osm_rev_at_govmap_mismatch
001027-073567-01214-X,דימונה,שד יגאל אלון,86,,,exact,31.066253,35.039978,OK,31.063191,35.035849,"Sderot Yig'al Alon 86, Dimona, Israel",ZERO_RESULTS,,,,520.2,,,עבדת,1612,mismatch,עלייה,,mismatch,,,n/a,,,n/a,osm_fwd_ZERO_RESULTS;google_rev_at_govmap_mismatch;osm_rev_at_govmap_mismatch
001027-073567-01214-X,דימונה,שד יגאל אלון,86,,,exact,31.066253,35.039978,OK,31.063191,35.035849,"Sderot Yig'al Alon 86, Dimona, Israel",ZERO_RESULTS,,,,520.2,,,עבדת,1612,mismatch,עלייה,,mismatch,,,n/a,,,n/a,osm_fwd_ZERO_RESULTS;google_rev_at_govmap_mismatch;osm_rev_at_govmap_mismatch
001027-073567-01214-X,דימונה,שד יגאל אלון,86,,,exact,31.066253,35.039978,OK,31.063191,35.035849,"Sderot Yig'al Alon 86, Dimona, Israel",ZERO_RESULTS,,,,520.2,,,עבדת,1612,mismatch,עלייה,,mismatch,,,n/a,,,n/a,osm_fwd_ZERO_RESULTS;google_rev_at_govmap_mismatch;osm_rev_at_govmap_mismatch
001027-073567-01215-X,דימונה,הרימון,23,,,exact,31.063474,35.025745,OK,31.063432,35.025732,"Ha-Rimon St 23, Dimona, Israel",OK,31.063935,35.026963,"הרימון, שבעת המינים, נווה גן, דימונה, נפת באר שבע, מחוז הדרום, 8604712, ישראל",4.8,127.0,130.1,הרימון,23,match,הרימון,,partial,,,n/a,הרימון,199,partial,
001027-073567-01216-X,דימונה,פטרה,17,,,exact,31.054648,35.038379,OK,31.054626,35.038338,"Petra St 17, Dimona, Israel",OK,31.054752,35.038332,"פטרה, ממשית, דימונה, נפת באר שבע, מחוז הדרום, 8604712, ישראל",4.6,12.3,14.0,פטרה,17,match,פטרה,,partial,,,n/a,פטרה,15,partial,
001027-073567-01217-X,דימונה,חגי,27,,,exact,31.077406,35.036428,OK,31.077440,35.036409,"Khagai St 27, Dimona, Israel",OK,31.077316,35.036306,"חגי, נאות הללי, נווה גן, דימונה, נפת באר שבע, מחוז הדרום, 8604712, ישראל",4.2,15.4,16.9,חגי,27,match,חגי,,partial,,,n/a,חגי,25,partial,
001027-073567-01218-X,דימונה,הרמה,3,,,exact,31.070764,35.040236,OK,31.070776,35.040258,"Ha-Rama St 3, Dimona, Israel",OK,31.070092,35.040819,"הרמה, הגבעה, נווה גן, דימונה, נפת באר שבע, מחוז הדרום, 8604712, ישראל",2.4,93.0,92.9,הרמה,3,match,הרמה,,partial,,,n/a,הרמה,15,partial,
001027-078072-00049-X,דימונה,קדש,49,,8601626,street,31.058609,35.028935,OK,31.058185,35.027993,"Kadesh St 49, Dimona, Israel",OK,31.058632,35.029266,"קדש, ערבה, נווה גן, דימונה, נפת באר שבע, מחוז הדרום, 8604712, ישראל",101.4,31.8,131.3,קדש,20,partial,קדש,,partial,,,n/a,קדש,12,partial,
001027-083571-01042-X,דימונה,שד בן גוריון,1042,,8607661,exact,31.070272,35.034351,OK,31.073933,35.034726,"דוד בן גוריון, Dimona, Israel",ZERO_RESULTS,,,,407.5,,,טיילת הספורט,1042,mismatch,בן גוריון,,partial,,,n/a,,,n/a,osm_fwd_ZERO_RESULTS;google_rev_at_govmap_mismatch
001027-083571-01042-א,דימונה,שד בן גוריון,1042,א,8607662,exact,31.070272,35.034351,OK,31.073933,35.034726,"דוד בן גוריון, Dimona, Israel",ZERO_RESULTS,,,,407.5,,,טיילת הספורט,1042,mismatch,בן גוריון,,partial,,,n/a,,,n/a,osm_fwd_ZERO_RESULTS;google_rev_at_govmap_mismatch
001027-083571-01042-ב,דימונה,שד בן גוריון,1042,ב,8607663,exact,31.070272,35.034351,OK,31.073933,35.034726,"דוד בן גוריון, Dimona, Israel",ZERO_RESULTS,,,,407.5,,,טיילת הספורט,1042,mismatch,בן גוריון,,partial,,,n/a,,,n/a,osm_fwd_ZERO_RESULTS;google_rev_at_govmap_mismatch
001027-083571-01042-ד,דימונה,שד בן גוריון,1042,ד,8607665,exact,31.070272,35.034351,OK,31.073933,35.034726,"דוד בן גוריון, Dimona, Israel",ZERO_RESULTS,,,,407.5,,,טיילת הספורט,1042,mismatch,בן גוריון,,partial,,,n/a,,,n/a,osm_fwd_ZERO_RESULTS;google_rev_at_govmap_mismatch
001027-073567-01221-X,דימונה,אקליפטוס,51,,,exact,31.079763,35.042139,OK,31.079787,35.042122,"Ekaliptus St 51, Dimona, Israel",OK,31.078885,35.042295,"אקליפטוס, נווה חורש, חכמי ישראל, דימונה, נפת באר שבע, מחוז הדרום, 8604712, ישראל",3.1,98.5,101.4,כליל החורש,103,mismatch,אקליפטוס,,partial,,,n/a,בשמת,2,mismatch,google_rev_at_govmap_mismatch;google_rev_at_osm_mismatch
001027-073567-01222-X,דימונה,שיזף,63,,,exact,31.081863,35.038043,OK,31.081901,35.037987,"Sheizaf St 63, Dimona, Israel",OK,31.080967,35.036214,"שיזף, נאות הללי, נווה גן, דימונה, נפת באר שבע, מחוז הדרום, 8604712, ישראל",6.8,200.8,198.4,שיזף,63,match,שיזף,,partial,,,n/a,שיזף,156,partial,
001027-079944-01098-X,דימונה,?,1098,,8602282,none,,,OK,31.069419,35.033363,"Dimona, Israel",OK,31.068661,35.036648,"דימונה, נפת באר שבע, מחוז הדרום, 8604712, ישראל",,,324.6,,,n/a,,,n/a,טיילת הספורט,,mismatch,שדרות הרצל,16,mismatch,govmap_missing;osm_rev_at_google_mismatch;google_rev_at_osm_mismatch
001027-079944-01098-א,דימונה,?,1098,א,8602283,none,,,OK,31.069419,35.033363,"Dimona, Israel",OK,31.068661,35.036648,"דימונה, נפת באר שבע, מחוז הדרום, 8604712, ישראל",,,324.6,,,n/a,,,n/a,טיילת הספורט,,mismatch,שדרות הרצל,16,mismatch,govmap_missing;osm_rev_at_google_mismatch;google_rev_at_osm_mismatch
001027-079944-01098-ב,דימונה,?,1098,ב,8602284,none,,,OK,31.069419,35.033363,"Dimona, Israel",OK,31.068661,35.036648,"דימונה, נפת באר שבע, מחוז הדרום, 8604712, ישראל",,,324.6,,,n/a,,,n/a,טיילת הספורט,,mismatch,שדרות הרצל,16,mismatch,govmap_missing;osm_rev_at_google_mismatch;google_rev_at_osm_mismatch
001027-079944-01098-ג,דימונה,?,1098,ג,8602285,none,,,OK,31.069419,35.033363,"Dimona, Israel",OK,31.068661,35.036648,"דימונה, נפת באר שבע, מחוז הדרום, 8604712, ישראל",,,324.6,,,n/a,,,n/a,טיילת הספורט,,mismatch,שדרות הרצל,16,mismatch,govmap_missing;osm_rev_at_google_mismatch;google_rev_at_osm_mismatch
001027-079944-01098-ד,דימונה,?,1098,ד,8602286,none,,,OK,31.069419,35.033363,"Dimona, Israel",OK,31.068661,35.036648,"דימונה, נפת באר שבע, מחוז הדרום, 8604712, ישראל",,,324.6,,,n/a,,,n/a,טיילת הספורט,,mismatch,שדרות הרצל,16,mismatch,govmap_missing;osm_rev_at_google_mismatch;google_rev_at_osm_mismatch
001027-079944-01098-ה,דימונה,?,1098,ה,8602287,none,,,OK,31.069419,35.033363,"Dimona, Israel",OK,31.068661,35.036648,"דימונה, נפת באר שבע, מחוז הדרום, 8604712, ישראל",,,324.6,,,n/a,,,n/a,טיילת הספורט,,mismatch,שדרות הרצל,16,mismatch,govmap_missing;osm_rev_at_google_mismatch;google_rev_at_osm_mismatch
001027-079944-01098-ו,דימונה,?,1098,ו,8602288,none,,,OK,31.069419,35.033363,"Dimona, Israel",OK,31.068661,35.036648,"דימונה, נפת באר שבע, מחוז הדרום, 8604712, ישראל",,,324.6,,,n/a,,,n/a,טיילת הספורט,,mismatch,שדרות הרצל,16,mismatch,govmap_missing;osm_rev_at_google_mismatch;google_rev_at_osm_mismatch
001027-079944-01098-ז,דימונה,?,1098,ז,8602289,none,,,OK,31.069419,35.033363,"Dimona, Israel",OK,31.068661,35.036648,"דימונה, נפת באר שבע, מחוז הדרום, 8604712, ישראל",,,324.6,,,n/a,,,n/a,טיילת הספורט,,mismatch,שדרות הרצל,16,mismatch,govmap_missing;osm_rev_at_google_mismatch;google_rev_at_osm_mismatch
001027-079944-01098-ח,דימונה,?,1098,ח,8602290,none,,,OK,31.069419,35.033363,"Dimona, Israel",OK,31.068661,35.036648,"דימונה, נפת באר שבע, מחוז הדרום, 8604712, ישראל",,,324.6,,,n/a,,,n/a,טיילת הספורט,,mismatch,שדרות הרצל,16,mismatch,govmap_missing;osm_rev_at_google_mismatch;google_rev_at_osm_mismatch
001027-079944-01098-ט,דימונה,?,1098,ט,8602291,none,,,OK,31.069419,35.033363,"Dimona, Israel",OK,31.068661,35.036648,"דימונה, נפת באר שבע, מחוז הדרום, 8604712, ישראל",,,324.6,,,n/a,,,n/a,טיילת הספורט,,mismatch,שדרות הרצל,16,mismatch,govmap_missing;osm_rev_at_google_mismatch;google_rev_at_osm_mismatch
001027-083633-00906-X,דימונה,דרך השלום,906,,8617701,street,31.073322,35.036527,OK,31.073662,35.036746,"Derech HaShalom, Dimona, Israel",ZERO_RESULTS,,,,43.1,,,דרך השלום,28,partial,נבטים,,mismatch,,,n/a,,,n/a,osm_fwd_ZERO_RESULTS;osm_rev_at_govmap_mismatch
001027-073567-01225-X,דימונה,הפסגה,44,,,exact,31.071554,35.042368,OK,31.069419,35.033363,"Dimona, Israel",OK,31.072372,35.041739,"הפסגה, הגבעה, חכמי ישראל, דימונה, נפת באר שבע, מחוז הדרום, 8604712, ישראל",891.4,108.7,863.9,המעלה,68,mismatch,הפסגה,,partial,,,n/a,המעלה,56,mismatch,google_rev_at_govmap_mismatch;google_rev_at_osm_mismatch
001027-073567-01226-X,דימונה,בית שערים,40,,,exact,31.056130,35.035940,OK,31.056261,35.036038,"Beit She'arim St 40, Dimona, Israel",OK,31.056498,35.035178,"בית שערים, ערבה, נווה גן, דימונה, נפת באר שבע, מחוז הדרום, 8604712, ישראל",17.3,83.4,86.2,יודפת,3,mismatch,ציפורי,,mismatch,,,n/a,בית שערים,21,partial,google_rev_at_govmap_mismatch;osm_rev_at_govmap_mismatch
001027-073567-01227-X,דימונה,מורן החורש,36,,,exact,31.078397,35.042741,OK,31.078365,35.042684,"Moran ha-Khoresh St 36, Dimona, Israel",OK,31.078588,35.042710,"מורן החורש, נווה חורש, חכמי ישראל, דימונה, נפת באר שבע, מחוז הדרום, 8604712, ישראל",6.5,21.3,24.8,מורן החורש,115,partial,מורן החורש,,partial,,,n/a,מורן החורש,33,partial,
001027-073567-01228-X,דימונה,שטרן יאיר,10,,,none,,,OK,31.065888,35.024943,"Ya'ir Stern St 10, Dimona, Israel",OK,31.064984,35.025374,"יאיר שטרן, שבעת המינים, נווה גן, דימונה, נפת באר שבע, מחוז הדרום, 8604712, ישראל",,,108.3,,,n/a,,,n/a,,,mismatch,הגפן,40,mismatch,govmap_missing;osm_rev_at_google_mismatch;google_rev_at_osm_mismatch
001027-073567-01229-X,דימונה,רזיאל דוד,2,,,none,,,OK,31.066172,35.026883,"David Raziel St 2, Dimona, Israel",ZERO_RESULTS,,,,,,,,,n/a,,,n/a,,,mismatch,,,n/a,govmap_missing;osm_fwd_ZERO_RESULTS;osm_rev_at_google_mismatch
001027-073567-01230-X,דימונה,חרוב,6,,,exact,31.080079,35.040000,OK,31.080077,35.040004,"Kharuv St 6, Dimona, Israel",OK,31.081121,35.043248,"חרוב, נווה חורש, חכמי ישראל, דימונה, נפת באר שבע, מחוז הדרום, 8604712, ישראל",0.5,330.9,330.6,חרוב,6,match,חרוב,,partial,,,n/a,חרוב,188,partial,
001027-073567-01231-X,דימונה,שד הנשיא,87,,,exact,31.066158,35.031812,OK,31.066491,35.031732,"Sderot HaNassi 87, Dimona, Israel",ZERO_RESULTS,,,,37.7,,,שדרות הנשיא,54/16,partial,שדרות אריאל שרון,,mismatch,,,n/a,,,n/a,osm_fwd_ZERO_RESULTS;osm_rev_at_govmap_mismatch
001027-073567-01232-X,דימונה,דולב,2,,,exact,31.079541,35.042467,OK,31.079511,35.042383,"Dolev St 2, Dimona, Israel",OK,31.079878,35.042512,"דולב, נווה חורש, חכמי ישראל, דימונה, נפת באר שבע, מחוז הדרום, 8604712, ישראל",8.7,37.6,42.5,דולב,4,partial,דולב,,partial,,,n/a,אקליפטוס,20,mismatch,google_rev_at_osm_mismatch
001027-085985-00519-X,דימונה,דוד אלעזר,519,,8616221,street,31.073801,35.039678,OK,31.073809,35.039707,"David Elazar St, Dimona, Israel",OK,31.073819,35.039614,"דוד אלעזר, חכמי ישראל, נווה גן, דימונה, נפת באר שבע, מחוז הדרום, 8604712, ישראל",2.8,6.5,9.0,דוד אלעזר,172,partial,דוד אלעזר,,partial,,,n/a,דוד אלעזר,172,partial,
001027-085985-00519-א,דימונה,דוד אלעזר,519,א,8616222,street,31.073801,35.039678,OK,31.073809,35.039707,"David Elazar St, Dimona, Israel",OK,31.073819,35.039614,"דוד אלעזר, חכמי ישראל, נווה גן, דימונה, נפת באר שבע, מחוז הדרום, 8604712, ישראל",2.8,6.5,9.0,דוד אלעזר,172,partial,דוד אלעזר,,partial,,,n/a,דוד אלעזר,172,partial,
001027-085985-00519-ב,דימונה,דוד אלעזר,519,ב,8616223,street,31.073801,35.039678,OK,31.073809,35.039707,"David Elazar St, Dimona, Israel",OK,31.073819,35.039614,"דוד אלעזר, חכמי ישראל, נווה גן, דימונה, נפת באר שבע, מחוז הדרום, 8604712, ישראל",2.8,6.5,9.0,דוד אלעזר,172,partial,דוד אלעזר,,partial,,,n/a,דוד אלעזר,172,partial,
001027-085985-00519-ג,דימונה,דוד אלעזר,519,ג,8616224,street,31.073801,35.039678,OK,31.073809,35.039707,"David Elazar St, Dimona, Israel",OK,31.073819,35.039614,"דוד אלעזר, חכמי ישראל, נווה גן, דימונה, נפת באר שבע, מחוז הדרום, 8604712, ישראל",2.8,6.5,9.0,דוד אלעזר,172,partial,דוד אלעזר,,partial,,,n/a,דוד אלעזר,172,partial,
001027-073567-01234-X,דימונה,שד בן גוריון,63,,,exact,31.071634,35.034385,OK,31.073891,35.034629,"דוד בן גוריון 63, Dimona, Israel",ZERO_RESULTS,,,,251.4,,,טיילת הספורט,1044,mismatch,בן גוריון,,partial,,,n/a,,,n/a,osm_fwd_ZERO_RESULTS;google_rev_at_govmap_mismatch
001027-073567-01235-X,דימונה,טופח,25,,,exact,31.081534,35.041768,OK,31.081525,35.041701,"Tofakh St 25, Dimona, Israel",OK,31.081167,35.041568,"טופח, נווה חורש, חכמי ישראל, דימונה, נפת באר שבע, מחוז הדרום, 8604712, ישראל",6.5,45.0,41.7,טופח,25,match,שיזף,,mismatch,,,n/a,שיזף,39,mismatch,osm_rev_at_govmap_mismatch;google_rev_at_osm_mismatch
001027-077597-00151-X,דימונה,נוה מדבר,151,,8601377,street,31.060570,35.028727,OK,31.061179,35.026713,"Neve Midbar St 151, Dimona, Israel",OK,31.060615,35.028548,"נוה מדבר, ערבה, נווה גן, דימונה, נפת באר שבע, מחוז הדרום, 8604712, ישראל",203.7,17.8,186.0,נווה מדבר,27,partial,נוה מדבר,,partial,,,n/a,נווה מדבר,31,partial,
001027-073567-01237-X,דימונה,חרוב,2,,,exact,31.080071,35.039828,OK,31.080068,35.039832,"Kharuv St 2, Dimona, Israel",OK,31.081121,35.043248,"חרוב, נווה חורש, חכמי ישראל, דימונה, נפת באר שבע, מחוז הדרום, 8604712, ישראל",0.5,346.6,346.3,חרוב,2,match,חרוב,,partial,,,n/a,חרוב,188,partial,
001027-081771-00014-א,דימונה,האיריס,14,א,8603302,street,31.062942,35.031893,OK,31.063159,35.032471,"Iris St 14, Dimona, Israel",ZERO_RESULTS,,,,60.2,,,שדרות יגאל אלון,13,mismatch,נרקיס,,mismatch,,,n/a,,,n/a,osm_fwd_ZERO_RESULTS;google_rev_at_govmap_mismatch;osm_rev_at_govmap_mismatch
001027-081771-00014-ב,דימונה,האיריס,14,ב,8603303,street,31.062942,35.031893,OK,31.063159,35.032471,"Iris St 14, Dimona, Israel",ZERO_RESULTS,,,,60.2,,,שדרות יגאל אלון,13,mismatch,נרקיס,,mismatch,,,n/a,,,n/a,osm_fwd_ZERO_RESULTS;google_rev_at_govmap_mismatch;osm_rev_at_govmap_mismatch
001027-073567-01239-X,דימונה,סיגלון,1,,,none,,,OK,31.081223,35.043211,"Sigalon St 1, Dimona, Israel",OK,31.081588,35.042763,"סיגלון, נווה חורש, חכמי ישראל, דימונה, נפת באר שבע, מחוז הדרום, 8604712, ישראל",,,58.9,,,n/a,,,n/a,סיגלון,,partial,חרצית,21,mismatch,govmap_missing;google_rev_at_osm_mismatch
001027-077659-00065-X,דימונה,בבא סאלי,65,,8601706,exact,31.060213,35.032461,OK,31.060572,35.032175,"Baba Sali St 65, Dimona, Israel",OK,31.061361,35.034884,"בבא סאלי, ערבה, נווה גן, דימונה, נפת באר שבע, מחוז הדרום, 8604712, ישראל",48.2,264.0,273.0,בבא סאלי,165,partial,בבא סאלי,,partial,,,n/a,בבא סאלי,79,partial,
001027-077659-00065-א,דימונה,בבא סאלי,65,א,8601707,exact,31.060213,35.032461,OK,31.060572,35.032175,"Baba Sali St 65, Dimona, Israel",OK,31.061361,35.034884,"בבא סאלי, ערבה, נווה גן, דימונה, נפת באר שבע, מחוז הדרום, 8604712, ישראל",48.2,264.0,273.0,בבא סאלי,165,partial,בבא סאלי,,partial,,,n/a,בבא סאלי,79,partial,
001027-077659-00065-ב,דימונה,בבא סאלי,65,ב,8601708,exact,31.060213,35.032461,OK,31.060572,35.032175,"Baba Sali St 65, Dimona, Israel",OK,31.061361,35.034884,"בבא סאלי, ערבה, נווה גן, דימונה, נפת באר שבע, מחוז הדרום, 8604712, ישראל",48.2,264.0,273.0,בבא סאלי,165,partial,בבא סאלי,,partial,,,n/a,בבא סאלי,79,partial,
001027-074211-00374-X,דימונה,התאנה,374,,8602745,street,31.064475,35.026879,OK,31.064692,35.028272,"HaTe'ena St 374, Dimona, Israel",OK,31.064491,35.026752,"התאנה, שבעת המינים, נווה גן, דימונה, נפת באר שבע, מחוז הדרום, 8604712, ישראל",135.1,12.3,146.8,התאנה,30,partial,התאנה,,partial,,,n/a,התאנה,25,partial,
001027-073567-01242-X,דימונה,ציפורי,4,,,none,,,OK,31.056392,35.036180,"Tsipori St 4, Dimona, Israel",OK,31.054218,35.038395,"ציפורי, ממשית, דימונה, נפת באר שבע, מחוז הדרום, 8604712, ישראל",,,320.7,,,n/a,,,n/a,ציפורי,,partial,ציפורי,137,partial,govmap_missing
001027-077597-00123-X,דימונה,נוה מדבר,123,,8601350,street,31.060570,35.028727,OK,31.061179,35.026713,"Neve Midbar St 123, Dimona, Israel",OK,31.060615,35.028548,"נוה מדבר, ערבה, נווה גן, דימונה, נפת באר שבע, מחוז הדרום, 8604712, ישראל",203.7,17.8,186.0,נווה מדבר,27,partial,נוה מדבר,,partial,,,n/a,נווה מדבר,31,partial,
001027-073567-01244-X,דימונה,השיריון,142,,,none,,,OK,31.075786,35.028899,"Ha-Shiryon St 142, Dimona, Israel",ZERO_RESULTS,,,,,,,,,n/a,,,n/a,השריון,,mismatch,,,n/a,govmap_missing;osm_fwd_ZERO_RESULTS;osm_rev_at_google_mismatch
001027-073567-01245-X,דימונה,סחלבן החורש,14,,,exact,31.077316,35.040174,OK,31.077292,35.040216,"Sakhlevan ha-Khoresh St 14, Dimona, Israel",OK,31.077296,35.040309,"סחלבן החורש, נווה חורש, חכמי ישראל, דימונה, נפת באר שבע, מחוז הדרום, 8604712, ישראל",4.8,13.1,8.9,סחלבן החורש,506,partial,סחלבן החורש,,partial,,,n/a,סחלבן החורש,14,match,
001027-073567-01246-X,דימונה,מורן החורש,17,,,exact,31.078694,35.040711,OK,31.078668,35.040669,"Moran ha-Khoresh St 17, Dimona, Israel",OK,31.078576,35.040283,"מורן החורש, נווה חורש, חכמי ישראל, דימונה, נפת באר שבע, מחוז הדרום, 8604712, ישראל",4.9,42.9,38.3,מורן החורש,17,match,מורן החורש,,partial,,,n/a,מורן החורש,9,partial,
001027-076480-00110-X,דימונה,שד יגאל אלון,110,,8603132,street,31.063433,35.035970,OK,31.063493,35.039020,"Sderot Yig'al Alon 110, Dimona, Israel",ZERO_RESULTS,,,,291.2,,,,,n/a,יגאל אלון,,partial,,,n/a,,,n/a,osm_fwd_ZERO_RESULTS
001027-076480-00110-ב,דימונה,שד יגאל אלון,110,ב,8603134,street,31.063433,35.035970,OK,31.063493,35.039020,"Sderot Yig'al Alon 110, Dimona, Israel",ZERO_RESULTS,,,,291.2,,,,,n/a,יגאל אלון,,partial,,,n/a,,,n/a,osm_fwd_ZERO_RESULTS
001027-076480-00110-ג,דימונה,שד יגאל אלון,110,ג,8603135,street,31.063433,35.035970,OK,31.063493,35.039020,"Sderot Yig'al Alon 110, Dimona, Israel",ZERO_RESULTS,,,,291.2,,,,,n/a,יגאל אלון,,partial,,,n/a,,,n/a,osm_fwd_ZERO_RESULTS
001027-076480-00110-ד,דימונה,שד יגאל אלון,110,ד,8603136,street,31.063433,35.035970,OK,31.063493,35.039020,"Sderot Yig'al Alon 110, Dimona, Israel",ZERO_RESULTS,,,,291.2,,,,,n/a,יגאל אלון,,partial,,,n/a,,,n/a,osm_fwd_ZERO_RESULTS
001027-076480-00110-ה,דימונה,שד יגאל אלון,110,ה,8603137,street,31.063433,35.035970,OK,31.063493,35.039020,"Sderot Yig'al Alon 110, Dimona, Israel",ZERO_RESULTS,,,,291.2,,,,,n/a,יגאל אלון,,partial,,,n/a,,,n/a,osm_fwd_ZERO_RESULTS
001027-076480-00110-ו,דימונה,שד יגאל אלון,110,ו,8603138,street,31.063433,35.035970,OK,31.063493,35.039020,"Sderot Yig'al Alon 110, Dimona, Israel",ZERO_RESULTS,,,,291.2,,,,,n/a,יגאל אלון,,partial,,,n/a,,,n/a,osm_fwd_ZERO_RESULTS
001027-076480-00110-ח,דימונה,שד יגאל אלון,110,ח,8603140,street,31.063433,35.035970,OK,31.063493,35.039020,"Sderot Yig'al Alon 110, Dimona, Israel",ZERO_RESULTS,,,,291.2,,,,,n/a,יגאל אלון,,partial,,,n/a,,,n/a,osm_fwd_ZERO_RESULTS
001027-076480-00110-ט,דימונה,שד יגאל אלון,110,ט,8603141,street,31.063433,35.035970,OK,31.063493,35.039020,"Sderot Yig'al Alon 110, Dimona, Israel",ZERO_RESULTS,,,,291.2,,,,,n/a,יגאל אלון,,partial,,,n/a,,,n/a,osm_fwd_ZERO_RESULTS
001027-073567-01248-X,דימונה,בבא סאלי,37,,,exact,31.059600,35.029110,OK,31.060994,35.032728,"Baba Sali St 37, Dimona, Israel",OK,31.060631,35.032487,"בבא סאלי, ערבה, נווה גן, דימונה, נפת באר שבע, מחוז הדרום, 8604712, ישראל",378.3,342.0,46.3,בבא סאלי,35,partial,בבא סאלי,,partial,,,n/a,בבא סאלי,166,partial,
001027-075520-01021-ב,דימונה,שד גולדה מאיר,1021,ב,8605839,street,31.074634,35.031562,OK,31.070005,35.031873,"Sderot Golda Me'ir 1021, Dimona, Israel",OK,31.068233,35.032140,"שד׳ גולדה מאיר/שד׳ הרצל, שדרות גולדה מאיר, הנצחון, נווה גן, דימונה, נפת באר שבע, מחוז הדרום, 8604712, ישראל",514.1,711.9,198.2,שדרות גולדה מאיר,1,partial,שדרות גולדה מאיר,,partial,,,n/a,,,mismatch,google_rev_at_osm_mismatch
001027-075520-01021-ה,דימונה,שד גולדה מאיר,1021,ה,8605842,street,31.074634,35.031562,OK,31.070005,35.031873,"Sderot Golda Me'ir 1021, Dimona, Israel",OK,31.068233,35.032140,"שד׳ גולדה מאיר/שד׳ הרצל, שדרות גולדה מאיר, הנצחון, נווה גן, דימונה, נפת באר שבע, מחוז הדרום, 8604712, ישראל",514.1,711.9,198.2,שדרות גולדה מאיר,1,partial,שדרות גולדה מאיר,,partial,,,n/a,,,mismatch,google_rev_at_osm_mismatch
001027-073567-01250-X,דימונה,בת חן,13,,,exact,31.075908,35.033431,OK,31.075908,35.033501,"Bat Khen St 13, Dimona, Israel",OK,31.075768,35.033082,"בת חן, נווה אביב, נווה גן, דימונה, נפת באר שבע, מחוז הדרום, 8604712, ישראל",6.7,36.7,42.9,בת חן,13,match,בת חן,,partial,,,n/a,בת חן,10,partial,
001027-073567-01251-X,דימונה,?,22,,,exact,31.068035,35.033799,OK,31.069419,35.033363,"Dimona, Israel",OK,32.056629,34.798741,"22, דימונה, תל־אביב–יפו, יד אליהו, תל־אביב–יפו, נפת תל אביב, מחוז תל אביב, 6767589, ישראל",159.0,111864.0,111705.3,שדרות הרצל,285,mismatch,שדרות הרצל,,mismatch,,,n/a,דימונה,22,mismatch,google_rev_at_govmap_mismatch;osm_rev_at_govmap_mismatch;google_rev_at_osm_mismatch
001027-073567-01252-X,דימונה,?,10,,,exact,31.061434,35.027284,OK,31.069419,35.033363,"Dimona, Israel",OK,31.068661,35.036648,"דימונה, נפת באר שבע, מחוז הדרום, 8604712, ישראל",1058.6,1200.4,324.6,,,mismatch,שדרות אריאל שרון,,mismatch,,,n/a,שדרות הרצל,16,mismatch,google_rev_at_govmap_mismatch;osm_rev_at_govmap_mismatch;google_rev_at_osm_mismatch
001027-073567-01252-X,דימונה,?,10,,,exact,31.061434,35.027284,OK,31.069419,35.033363,"Dimona, Israel",OK,31.068661,35.036648,"דימונה, נפת באר שבע, מחוז הדרום, 8604712, ישראל",1058.6,1200.4,324.6,,,mismatch,שדרות אריאל שרון,,mismatch,,,n/a,שדרות הרצל,16,mismatch,google_rev_at_govmap_mismatch;osm_rev_at_govmap_mismatch;google_rev_at_osm_mismatch
001027-073567-01253-X,דימונה,טופח,13,,,exact,31.081072,35.041216,OK,31.081030,35.041176,"Tofakh St 13, Dimona, Israel",OK,31.081167,35.041568,"טופח, נווה חורש, חכמי ישראל, דימונה, נפת באר שבע, מחוז הדרום, 8604712, ישראל",6.1,35.1,40.3,טופח,15,partial,טופח,,partial,,,n/a,שיזף,39,mismatch,google_rev_at_osm_mismatch
001027-073822-00265-X,דימונה,?,265,,8612308,none,,,OK,31.069419,35.033363,"Dimona, Israel",OK,31.068661,35.036648,"דימונה, נפת באר שבע, מחוז הדרום, 8604712, ישראל",,,324.6,,,n/a,,,n/a,טיילת הספורט,,mismatch,שדרות הרצל,16,mismatch,govmap_missing;osm_rev_at_google_mismatch;google_rev_at_osm_mismatch
001027-073567-01255-X,דימונה,המסגר,14,,,none,,,OK,31.064561,35.018119,"HaMasger St 14, Dimona, Israel",OK,31.064370,35.018441,"המסגר, אזור תעשייה קריית עמל, נווה גן, דימונה, נפת באר שבע, מחוז הדרום, 8604712, ישראל",,,37.4,,,n/a,,,n/a,המסגר,,partial,המסגר,62,partial,govmap_missing
001027-073567-01256-X,דימונה,דוד אלעזר,523,,,none,,,OK,31.073809,35.039707,"David Elazar St, Dimona, Israel",OK,31.073819,35.039614,"דוד אלעזר, חכמי ישראל, נווה גן, דימונה, נפת באר שבע, מחוז הדרום, 8604712, ישראל",,,9.0,,,n/a,,,n/a,דוד אלעזר,,partial,דוד אלעזר,172,partial,govmap_missing
001027-073567-01257-X,דימונה,הרב אלנקוה,5,,,none,,,OK,31.076805,35.042375,"HaRav Alnekave St 5, Dimona, Israel",OK,31.076713,35.044443,"הרב אלנקוה, נווה חורש, חכמי ישראל, דימונה, נפת באר שבע, מחוז הדרום, 8604712, ישראל",,,197.6,,,n/a,,,n/a,הרב אלנקוה,,partial,,,mismatch,govmap_missing;google_rev_at_osm_mismatch
001027-083571-01041-X,דימונה,שד בן גוריון,1041,,8607655,exact,31.069741,35.034380,OK,31.073933,35.034726,"דוד בן גוריון, Dimona, Israel",ZERO_RESULTS,,,,465.9,,,דרך דוד בן גוריון,1041,partial,בן גוריון,,partial,,,n/a,,,n/a,osm_fwd_ZERO_RESULTS
001027-083571-01041-א,דימונה,שד בן גוריון,1041,א,8607656,exact,31.069741,35.034380,OK,31.073933,35.034726,"דוד בן גוריון, Dimona, Israel",ZERO_RESULTS,,,,465.9,,,דרך דוד בן גוריון,1041,partial,בן גוריון,,partial,,,n/a,,,n/a,osm_fwd_ZERO_RESULTS
001027-083571-01041-ב,דימונה,שד בן גוריון,1041,ב,8607657,exact,31.069741,35.034380,OK,31.073933,35.034726,"דוד בן גוריון, Dimona, Israel",ZERO_RESULTS,,,,465.9,,,דרך דוד בן גוריון,1041,partial,בן גוריון,,partial,,,n/a,,,n/a,osm_fwd_ZERO_RESULTS
001027-083571-01041-ג,דימונה,שד בן גוריון,1041,ג,8607658,exact,31.069741,35.034380,OK,31.073933,35.034726,"דוד בן גוריון, Dimona, Israel",ZERO_RESULTS,,,,465.9,,,דרך דוד בן גוריון,1041,partial,בן גוריון,,partial,,,n/a,,,n/a,osm_fwd_ZERO_RESULTS
001027-083571-01041-ד,דימונה,שד בן גוריון,1041,ד,8607659,exact,31.069741,35.034380,OK,31.073933,35.034726,"דוד בן גוריון, Dimona, Israel",ZERO_RESULTS,,,,465.9,,,דרך דוד בן גוריון,1041,partial,בן גוריון,,partial,,,n/a,,,n/a,osm_fwd_ZERO_RESULTS
001027-083571-01041-ה,דימונה,שד בן גוריון,1041,ה,8607660,exact,31.069741,35.034380,OK,31.073933,35.034726,"דוד בן גוריון, Dimona, Israel",ZERO_RESULTS,,,,465.9,,,דרך דוד בן גוריון,1041,partial,בן גוריון,,partial,,,n/a,,,n/a,osm_fwd_ZERO_RESULTS
001027-073567-01259-X,דימונה,שד הנשיא,56,,,none,,,OK,31.066329,35.031782,"Sderot HaNassi 56, Dimona, Israel",ZERO_RESULTS,,,,,,,,,n/a,,,n/a,שדרות אריאל שרון,,mismatch,,,n/a,govmap_missing;osm_fwd_ZERO_RESULTS;osm_rev_at_google_mismatch
001027-073567-01260-X,דימונה,מורן החורש,48,,,exact,31.078389,35.043292,OK,31.078353,35.043295,"Moran ha-Khoresh St 48, Dimona, Israel",OK,31.078588,35.042710,"מורן החורש, נווה חורש, חכמי ישראל, דימונה, נפת באר שבע, מחוז הדרום, 8604712, ישראל",4.0,59.8,61.6,מורן החורש,48,match,מורן החורש,,partial,,,n/a,מורן החורש,33,partial,
001027-080850-00233-X,דימונה,הרצל,233,,8604113,street,31.067532,35.030913,OK,31.069419,35.033363,"Dimona, Israel",OK,31.067568,35.035925,"שדרות הרצל, גיורא יוספטל, נווה גן, דימונה, נפת באר שבע, מחוז הדרום, 8604712, ישראל",313.8,478.4,319.3,שדרות הרצל,61,partial,שדרות הרצל,,partial,,,n/a,שדרות הרצל,232,partial,
001027-080850-00233-ב,דימונה,הרצל,233,ב,8604115,street,31.067532,35.030913,OK,31.069419,35.033363,"Dimona, Israel",OK,31.067568,35.035925,"שדרות הרצל, גיורא יוספטל, נווה גן, דימונה, נפת באר שבע, מחוז הדרום, 8604712, ישראל",313.8,478.4,319.3,שדרות הרצל,61,partial,שדרות הרצל,,partial,,,n/a,שדרות הרצל,232,partial,
001027-080850-00233-ד,דימונה,הרצל,233,ד,8604117,street,31.067532,35.030913,OK,31.069419,35.033363,"Dimona, Israel",OK,31.067568,35.035925,"שדרות הרצל, גיורא יוספטל, נווה גן, דימונה, נפת באר שבע, מחוז הדרום, 8604712, ישראל",313.8,478.4,319.3,שדרות הרצל,61,partial,שדרות הרצל,,partial,,,n/a,שדרות הרצל,232,partial,
001027-080850-00233-ה,דימונה,הרצל,233,ה,8604118,street,31.067532,35.030913,OK,31.069419,35.033363,"Dimona, Israel",OK,31.067568,35.035925,"שדרות הרצל, גיורא יוספטל, נווה גן, דימונה, נפת באר שבע, מחוז הדרום, 8604712, ישראל",313.8,478.4,319.3,שדרות הרצל,61,partial,שדרות הרצל,,partial,,,n/a,שדרות הרצל,232,partial,
001027-075520-01001-X,דימונה,שד גולדה מאיר,1001,,8605801,street,31.074634,35.031562,OK,31.070303,35.031486,"Sderot Golda Me'ir 1001, Dimona, Israel",OK,31.068478,35.031884,"שד׳ גולדה מאיר/שד׳ הרצל, שדרות גולדה מאיר, הנצחון, נווה גן, דימונה, נפת באר שבע, מחוז הדרום, 8604712, ישראל",480.3,683.3,205.9,שדרות גולדה מאיר,1,partial,שדרות גולדה מאיר,,partial,,,n/a,,,mismatch,google_rev_at_osm_mismatch
001027-075520-01001-ב,דימונה,שד גולדה מאיר,1001,ב,8605803,street,31.074634,35.031562,OK,31.070303,35.031486,"Sderot Golda Me'ir 1001, Dimona, Israel",OK,31.068478,35.031884,"שד׳ גולדה מאיר/שד׳ הרצל, שדרות גולדה מאיר, הנצחון, נווה גן, דימונה, נפת באר שבע, מחוז הדרום, 8604712, ישראל",480.3,683.3,205.9,שדרות גולדה מאיר,1,partial,שדרות גולדה מאיר,,partial,,,n/a,,,mismatch,google_rev_at_osm_mismatch
001027-082996-01237-X,דימונה,המעפיל,1237,,8607863,street,31.071904,35.036342,OK,31.071734,35.035273,"HaMa'apil St 1237, Dimona, Israel",OK,31.071021,35.041333,"המעפיל, הגבעה, נווה גן, דימונה, נפת באר שבע, מחוז הדרום, 8604712, ישראל",103.8,486.2,583.7,המעפיל,238,partial,המעפיל,,partial,,,n/a,המעפיל,13,partial,
001027-082996-01237-א,דימונה,המעפיל,1237,א,8607864,street,31.071904,35.036342,OK,31.071734,35.035273,"HaMa'apil St 1237, Dimona, Israel",OK,31.071021,35.041333,"המעפיל, הגבעה, נווה גן, דימונה, נפת באר שבע, מחוז הדרום, 8604712, ישראל",103.8,486.2,583.7,המעפיל,238,partial,המעפיל,,partial,,,n/a,המעפיל,13,partial,
001027-082996-01237-ב,דימונה,המעפיל,1237,ב,8607865,street,31.071904,35.036342,OK,31.071734,35.035273,"HaMa'apil St 1237, Dimona, Israel",OK,31.071021,35.041333,"המעפיל, הגבעה, נווה גן, דימונה, נפת באר שבע, מחוז הדרום, 8604712, ישראל",103.8,486.2,583.7,המעפיל,238,partial,המעפיל,,partial,,,n/a,המעפיל,13,partial,
001027-082996-01237-ג,דימונה,המעפיל,1237,ג,8607866,street,31.071904,35.036342,OK,31.071734,35.035273,"HaMa'apil St 1237, Dimona, Israel",OK,31.071021,35.041333,"המעפיל, הגבעה, נווה גן, דימונה, נפת באר שבע, מחוז הדרום, 8604712, ישראל",103.8,486.2,583.7,המעפיל,238,partial,המעפיל,,partial,,,n/a,המעפיל,13,partial,
001027-082996-01237-ד,דימונה,המעפיל,1237,ד,8607867,street,31.071904,35.036342,OK,31.071734,35.035273,"HaMa'apil St 1237, Dimona, Israel",OK,31.071021,35.041333,"המעפיל, הגבעה, נווה גן, דימונה, נפת באר שבע, מחוז הדרום, 8604712, ישראל",103.8,486.2,583.7,המעפיל,238,partial,המעפיל,,partial,,,n/a,המעפיל,13,partial,
001027-082996-01237-ה,דימונה,המעפיל,1237,ה,8607868,street,31.071904,35.036342,OK,31.071734,35.035273,"HaMa'apil St 1237, Dimona, Israel",OK,31.071021,35.041333,"המעפיל, הגבעה, נווה גן, דימונה, נפת באר שבע, מחוז הדרום, 8604712, ישראל",103.8,486.2,583.7,המעפיל,238,partial,המעפיל,,partial,,,n/a,המעפיל,13,partial,
001027-078072-00129-X,דימונה,קדש,129,,8601650,street,31.058609,35.028935,OK,31.058185,35.027993,"Kadesh St 129, Dimona, Israel",OK,31.058632,35.029266,"קדש, ערבה, נווה גן, דימונה, נפת באר שבע, מחוז הדרום, 8604712, ישראל",101.4,31.8,131.3,קדש,20,partial,קדש,,partial,,,n/a,קדש,12,partial,
001027-073567-01265-X,דימונה,הברוש,4,,,exact,31.065493,35.031060,OK,31.065398,35.030268,"HaBrosh St 4, Dimona, Israel",OK,31.065371,35.030975,"הברוש, שבעת המינים, נווה גן, דימונה, נפת באר שבע, מחוז הדרום, 8604712, ישראל",76.3,15.8,67.5,הצאלה,20,mismatch,הברוש,,partial,,,n/a,הברוש,11,partial,google_rev_at_govmap_mismatch
001027-073567-01266-X,דימונה,דפנה,21,,,exact,31.079792,35.040408,OK,31.079819,35.040433,"Dafna St 21, Dimona, Israel",OK,31.079667,35.040288,"דפנה, נווה חורש, חכמי ישראל, דימונה, נפת באר שבע, מחוז הדרום, 8604712, ישראל",3.8,18.0,21.7,דפנה,45,partial,דפנה,,partial,,,n/a,דפנה,44,partial,
001027-083571-01325-X,דימונה,שד בן גוריון,1325,,8607689,street,31.072330,35.034539,OK,31.073933,35.034726,"דוד בן גוריון, Dimona, Israel",ZERO_RESULTS,,,,178.6,,,דרך דוד בן גוריון,1065,partial,בן גוריון,1203,partial,,,n/a,,,n/a,osm_fwd_ZERO_RESULTS
001027-073567-01268-X,דימונה,הגיא,2,,,exact,31.071433,35.040058,OK,31.071398,35.040169,"Hagai St 2, Dimona, Israel",OK,31.070600,35.040904,"הגיא, הגבעה, חכמי ישראל, דימונה, נפת באר שבע, מחוז הדרום, 8604712, ישראל",11.3,122.6,112.9,הגיא,111,partial,,,mismatch,,,n/a,הגיא,338,partial,osm_rev_at_govmap_mismatch
001027-073567-01269-X,דימונה,קארו יוסף,4,,,none,,,OK,31.072709,35.043688,"Yosef Karo St 4, Dimona, 8618304, Israel",OK,31.072819,35.043876,"יוסף קארו, חכמי ישראל, דימונה, נפת באר שבע, מחוז הדרום, 8604712, ישראל",,,21.7,,,n/a,,,n/a,יוסף קארו,,partial,יוסף קארו,471,partial,govmap_missing
001027-073567-01270-X,דימונה,ההגנה,12,,,exact,31.073194,35.029477,OK,31.073152,35.030023,"Ha-Hagana St 12, Dimona, Israel",OK,31.073224,35.030778,"ההגנה, הנצחון, נווה גן, דימונה, נפת באר שבע, מחוז הדרום, 8604712, ישראל",52.3,124.2,72.5,רחבת ההגנה,8,partial,"הפלמ""ח",,mismatch,,,n/a,רחבת ההגנה,775,partial,osm_rev_at_govmap_mismatch
001027-073567-01271-X,דימונה,חטיבת גבעתי,1,,,none,,,OK,31.075162,35.027329,"Khativat Giv'ati St, Dimona, Israel",OK,31.075176,35.027339,"חטיבת גבעתי, נווה דוד, נווה גן, דימונה, נפת באר שבע, מחוז הדרום, 8604712, ישראל",,,1.8,,,n/a,,,n/a,חטיבת גבעתי,,partial,חטיבת גבעתי,175,partial,govmap_missing
001027-085959-00012-X,דימונה,משעול שלדג,12,,8617615,street,31.073966,35.035791,OK,31.073995,35.035843,"Mish'ol Shaldag 12, Dimona, Israel",ZERO_RESULTS,,,,5.9,,,מרחבים,124,mismatch,דוכיפת,,mismatch,,,n/a,,,n/a,osm_fwd_ZERO_RESULTS;google_rev_at_govmap_mismatch;osm_rev_at_govmap_mismatch
001027-083704-01313-X,דימונה,מרחבים,1313,,8616705,street,31.074857,35.037212,OK,31.076201,35.035278,"Merhavim St 1313, Dimona, Israel",OK,31.075094,35.039115,"מרחבים, הגבעה, נווה גן, דימונה, נפת באר שבע, מחוז הדרום, 8604712, ישראל",237.2,183.5,386.2,מרחבים,0,partial,מרחבים,1321,partial,,,n/a,מרחבים,1329,partial,
001027-073567-01274-X,דימונה,?,2,,,exact,31.070453,35.031132,OK,31.069419,35.033363,"Dimona, Israel",OK,31.068661,35.036648,"דימונה, נפת באר שבע, מחוז הדרום, 8604712, ישראל",241.9,562.7,324.6,שדרות גולדה מאיר,1002,mismatch,צביה לובטקין,1001,mismatch,,,n/a,שדרות הרצל,16,mismatch,google_rev_at_govmap_mismatch;osm_rev_at_govmap_mismatch;google_rev_at_osm_mismatch
001027-073567-01274-X,דימונה,?,2,,,exact,31.070453,35.031132,OK,31.069419,35.033363,"Dimona, Israel",OK,31.068661,35.036648,"דימונה, נפת באר שבע, מחוז הדרום, 8604712, ישראל",241.9,562.7,324.6,שדרות גולדה מאיר,1002,mismatch,צביה לובטקין,1001,mismatch,,,n/a,שדרות הרצל,16,mismatch,google_rev_at_govmap_mismatch;osm_rev_at_govmap_mismatch;google_rev_at_osm_mismatch
001027-073567-01274-X,דימונה,?,2,,,exact,31.070453,35.031132,OK,31.069419,35.033363,"Dimona, Israel",OK,31.068661,35.036648,"דימונה, נפת באר שבע, מחוז הדרום, 8604712, ישראל",241.9,562.7,324.6,שדרות גולדה מאיר,1002,mismatch,צביה לובטקין,1001,mismatch,,,n/a,שדרות הרצל,16,mismatch,google_rev_at_govmap_mismatch;osm_rev_at_govmap_mismatch;google_rev_at_osm_mismatch
001027-073567-01275-X,דימונה,הפסגה,52,,,exact,31.070920,35.042959,OK,31.069419,35.033363,"Dimona, Israel",OK,31.072372,35.041739,"הפסגה, הגבעה, חכמי ישראל, דימונה, נפת באר שבע, מחוז הדרום, 8604712, ישראל",930.8,198.7,863.9,הפיסגה,52,mismatch,הפסגה,,partial,,,n/a,המעלה,56,mismatch,google_rev_at_govmap_mismatch;google_rev_at_osm_mismatch
001027-083222-00293-X,דימונה,המלך דוד,293,,8614330,exact,31.069277,35.034154,OK,31.069279,35.034534,"David HaMelech St 293, Dimona, Israel",OK,31.069160,35.034058,"דוד המלך, שכונה לדוגמא, נווה גן, דימונה, נפת באר שבע, מחוז הדרום, 8604712, ישראל",36.3,15.9,47.3,דרך דוד בן גוריון,293,partial,דוד המלך,,partial,,,n/a,דרך דוד בן גוריון,293,partial,
001027-083222-00293-ב,דימונה,המלך דוד,293,ב,8614332,exact,31.069277,35.034154,OK,31.069279,35.034534,"David HaMelech St 293, Dimona, Israel",OK,31.069160,35.034058,"דוד המלך, שכונה לדוגמא, נווה גן, דימונה, נפת באר שבע, מחוז הדרום, 8604712, ישראל",36.3,15.9,47.3,דרך דוד בן גוריון,293,partial,דוד המלך,,partial,,,n/a,דרך דוד בן גוריון,293,partial,
001027-083222-00293-ג,דימונה,המלך דוד,293,ג,8614333,exact,31.069277,35.034154,OK,31.069279,35.034534,"David HaMelech St 293, Dimona, Israel",OK,31.069160,35.034058,"דוד המלך, שכונה לדוגמא, נווה גן, דימונה, נפת באר שבע, מחוז הדרום, 8604712, ישראל",36.3,15.9,47.3,דרך דוד בן גוריון,293,partial,דוד המלך,,partial,,,n/a,דרך דוד בן גוריון,293,partial,
001027-083222-00293-ד,דימונה,המלך דוד,293,ד,8614334,exact,31.069277,35.034154,OK,31.069279,35.034534,"David HaMelech St 293, Dimona, Israel",OK,31.069160,35.034058,"דוד המלך, שכונה לדוגמא, נווה גן, דימונה, נפת באר שבע, מחוז הדרום, 8604712, ישראל",36.3,15.9,47.3,דרך דוד בן גוריון,293,partial,דוד המלך,,partial,,,n/a,דרך דוד בן גוריון,293,partial,
001027-083222-00293-ה,דימונה,המלך דוד,293,ה,8614335,exact,31.069277,35.034154,OK,31.069279,35.034534,"David HaMelech St 293, Dimona, Israel",OK,31.069160,35.034058,"דוד המלך, שכונה לדוגמא, נווה גן, דימונה, נפת באר שבע, מחוז הדרום, 8604712, ישראל",36.3,15.9,47.3,דרך דוד בן גוריון,293,partial,דוד המלך,,partial,,,n/a,דרך דוד בן גוריון,293,partial,
001027-083222-00293-ו,דימונה,המלך דוד,293,ו,8614336,exact,31.069277,35.034154,OK,31.069279,35.034534,"David HaMelech St 293, Dimona, Israel",OK,31.069160,35.034058,"דוד המלך, שכונה לדוגמא, נווה גן, דימונה, נפת באר שבע, מחוז הדרום, 8604712, ישראל",36.3,15.9,47.3,דרך דוד בן גוריון,293,partial,דוד המלך,,partial,,,n/a,דרך דוד בן גוריון,293,partial,
001027-083222-00293-ז,דימונה,המלך דוד,293,ז,8614337,exact,31.069277,35.034154,OK,31.069279,35.034534,"David HaMelech St 293, Dimona, Israel",OK,31.069160,35.034058,"דוד המלך, שכונה לדוגמא, נווה גן, דימונה, נפת באר שבע, מחוז הדרום, 8604712, ישראל",36.3,15.9,47.3,דרך דוד בן גוריון,293,partial,דוד המלך,,partial,,,n/a,דרך דוד בן גוריון,293,partial,
001027-083222-00293-ח,דימונה,המלך דוד,293,ח,8614338,exact,31.069277,35.034154,OK,31.069279,35.034534,"David HaMelech St 293, Dimona, Israel",OK,31.069160,35.034058,"דוד המלך, שכונה לדוגמא, נווה גן, דימונה, נפת באר שבע, מחוז הדרום, 8604712, ישראל",36.3,15.9,47.3,דרך דוד בן גוריון,293,partial,דוד המלך,,partial,,,n/a,דרך דוד בן גוריון,293,partial,
001027-083222-00293-ט,דימונה,המלך דוד,293,ט,8614339,exact,31.069277,35.034154,OK,31.069279,35.034534,"David HaMelech St 293, Dimona, Israel",OK,31.069160,35.034058,"דוד המלך, שכונה לדוגמא, נווה גן, דימונה, נפת באר שבע, מחוז הדרום, 8604712, ישראל",36.3,15.9,47.3,דרך דוד בן גוריון,293,partial,דוד המלך,,partial,,,n/a,דרך דוד בן גוריון,293,partial,
001027-073567-01277-X,דימונה,הרימון,36,,,exact,31.063727,35.025655,OK,31.063772,35.025619,"Ha-Rimon St 36, Dimona, Israel",OK,31.063935,35.026963,"הרימון, שבעת המינים, נווה גן, דימונה, נפת באר שבע, מחוז הדרום, 8604712, ישראל",6.1,126.9,129.6,הרימון,206,partial,הרימון,,partial,,,n/a,הרימון,199,partial,
001027-073567-01278-X,דימונה,הגפן,10,,,exact,31.065197,35.027088,OK,31.065247,35.027052,"HaGefen St 10, Dimona, Israel",OK,31.064918,35.025862,"הגפן, שבעת המינים, נווה גן, דימונה, נפת באר שבע, מחוז הדרום, 8604712, ישראל",6.5,121.0,119.3,הגפן,10,match,הגפן,,partial,,,n/a,הגפן,34,partial,
001027-073567-01279-X,דימונה,חרצית,5,,,exact,31.080885,35.041958,OK,31.080907,35.041880,"Hartsit St 5, Dimona, Israel",OK,31.081048,35.042283,"חרצית, נווה חורש, חכמי ישראל, דימונה, נפת באר שבע, מחוז הדרום, 8604712, ישראל",7.8,35.9,41.5,חרצית,226,partial,חרצית,,partial,,,n/a,חרצית,4,partial,
001027-073567-01280-X,דימונה,קטלב,14,,,none,,,OK,31.079250,35.039652,"Ktalav St 14, Dimona, Israel",OK,31.078015,35.039631,"קטלב, נווה חורש, חכמי ישראל, דימונה, נפת באר שבע, מחוז הדרום, 8604712, ישראל",,,137.0,,,n/a,,,n/a,קטלב,,partial,קטלב,253,partial,govmap_missing
001027-082334-00502-X,דימונה,החשמונאים,502,,8604155,street,31.066274,35.038452,OK,31.066183,35.038119,"Hashmona'im St, Dimona, Israel",OK,31.066542,35.038251,"החשמונאים, גיורא יוספטל, נווה גן, דימונה, נפת באר שבע, מחוז הדרום, 8604712, ישראל",33.3,35.3,41.7,רחבת הקנאים,2,mismatch,החשמונאים,,partial,,,n/a,שדרות הרצל,235,mismatch,google_rev_at_govmap_mismatch;google_rev_at_osm_mismatch
001027-082334-00502-ב,דימונה,החשמונאים,502,ב,8604157,street,31.066274,35.038452,OK,31.066183,35.038119,"Hashmona'im St, Dimona, Israel",OK,31.066542,35.038251,"החשמונאים, גיורא יוספטל, נווה גן, דימונה, נפת באר שבע, מחוז הדרום, 8604712, ישראל",33.3,35.3,41.7,רחבת הקנאים,2,mismatch,החשמונאים,,partial,,,n/a,שדרות הרצל,235,mismatch,google_rev_at_govmap_mismatch;google_rev_at_osm_mismatch
001027-082334-00502-ג,דימונה,החשמונאים,502,ג,8604158,street,31.066274,35.038452,OK,31.066183,35.038119,"Hashmona'im St, Dimona, Israel",OK,31.066542,35.038251,"החשמונאים, גיורא יוספטל, נווה גן, דימונה, נפת באר שבע, מחוז הדרום, 8604712, ישראל",33.3,35.3,41.7,רחבת הקנאים,2,mismatch,החשמונאים,,partial,,,n/a,שדרות הרצל,235,mismatch,google_rev_at_govmap_mismatch;google_rev_at_osm_mismatch
001027-082334-00502-ד,דימונה,החשמונאים,502,ד,8604159,street,31.066274,35.038452,OK,31.066183,35.038119,"Hashmona'im St, Dimona, Israel",OK,31.066542,35.038251,"החשמונאים, גיורא יוספטל, נווה גן, דימונה, נפת באר שבע, מחוז הדרום, 8604712, ישראל",33.3,35.3,41.7,רחבת הקנאים,2,mismatch,החשמונאים,,partial,,,n/a,שדרות הרצל,235,mismatch,google_rev_at_govmap_mismatch;google_rev_at_osm_mismatch
001027-073567-01282-X,דימונה,שיבטה,8,,,none,,,OK,31.055587,35.038987,"Shivta St 8, Dimona, Israel",OK,31.056028,35.039349,"שיבטה, ממשית, נווה גן, דימונה, נפת באר שבע, מחוז הדרום, 8604712, ישראל",,,59.9,,,n/a,,,n/a,שיבטה,,partial,שיבטה,184,partial,govmap_missing
001027-073567-01283-X,דימונה,הגפן,29,,,exact,31.064799,35.026131,OK,31.064803,35.026059,"HaGefen St 29, Dimona, Israel",OK,31.064918,35.025862,"הגפן, שבעת המינים, נווה גן, דימונה, נפת באר שבע, מחוז הדרום, 8604712, ישראל",6.9,28.9,22.7,הגפן,1,partial,הגפן,,partial,,,n/a,הגפן,34,partial,
001027-074730-00568-X,דימונה,האשל,568,,8602518,street,31.066532,35.030096,OK,31.066657,35.029601,"HaEshel St, Dimona, Israel",OK,31.066610,35.029793,"האשל, שבעת המינים, נווה גן, דימונה, נפת באר שבע, מחוז הדרום, 8604712, ישראל",49.2,30.2,19.1,האשל,10,partial,האשל,,partial,,,n/a,האשל,206,partial,
001027-073567-01285-X,דימונה,דיין משה,2,,,exact,31.073968,35.040574,OK,31.073985,35.040655,"Moshe Dayan St 2, Dimona, Israel",OK,31.074867,35.040348,"משה דיין, חכמי ישראל, דימונה, נפת באר שבע, מחוז הדרום, 8604712, ישראל",8.0,102.0,102.1,משה דיין,2,match,דוד אלעזר,,mismatch,,,n/a,משה דיין,74,partial,osm_rev_at_govmap_mismatch
001027-073567-01286-X,דימונה,ציפורן,31,,,exact,31.081372,35.040628,OK,31.081320,35.040566,"Tsiporen St 31, Dimona, Israel",OK,31.080857,35.039458,"ציפורן, נווה חורש, חכמי ישראל, דימונה, נפת באר שבע, מחוז הדרום, 8604712, ישראל",8.2,125.4,117.6,ציפורן,31,match,ציפורן,,partial,,,n/a,ציפורן,26,partial,
001027-073567-01287-X,דימונה,טבנקין יצחק,33,,,none,,,OK,31.076044,35.027399,"Yitshak Tabankin St 33, Dimona, Israel",OK,31.074792,35.031329,"יצחק טבנקין, נווה אביב, נווה גן, דימונה, נפת באר שבע, מחוז הדרום, 8604712, ישראל",,,399.9,,,n/a,,,n/a,יצחק טבנקין,,partial,שדרות גולדה מאיר,1,mismatch,govmap_missing;google_rev_at_osm_mismatch
001027-073567-01288-X,דימונה,הר חרמון,5,,,exact,31.086225,35.039689,OK,31.086223,35.039612,"Hermon St 5, Dimona, Israel",OK,31.086205,35.040128,"הר חרמון, חכמי ישראל, דימונה, נפת באר שבע, מחוז הדרום, 8604712, ישראל",7.3,42.0,49.3,חרמון,2,partial,הר חרמון,,partial,,,n/a,חרמון,2,partial,
001027-073567-01289-X,דימונה,ההגנה,32,,,exact,31.073799,35.030014,OK,31.073089,35.029202,"Ha-Hagana St 32, Dimona, Israel",OK,31.073224,35.030778,"ההגנה, הנצחון, נווה גן, דימונה, נפת באר שבע, מחוז הדרום, 8604712, ישראל",110.4,96.9,151.2,רחבת ההגנה,12,partial,ההגנה,,partial,,,n/a,רחבת ההגנה,775,partial,
001027-073567-01290-X,דימונה,הגפן,42,,,exact,31.064918,35.025235,OK,31.064933,35.025257,"HaGefen St 42, Dimona, Israel",OK,31.064918,35.025862,"הגפן, שבעת המינים, נווה גן, דימונה, נפת באר שבע, מחוז הדרום, 8604712, ישראל",2.6,59.8,57.8,הגפן,42,match,יאיר שטרן,,mismatch,,,n/a,הגפן,34,partial,osm_rev_at_govmap_mismatch
001027-073567-01291-X,דימונה,מבצר עכו,18,,,exact,31.055733,35.040587,OK,31.055858,35.040660,"Mivtsar Akko St 18, Dimona, Israel",OK,31.055947,35.040448,"מבצר עכו, ממשית, דימונה, נפת באר שבע, מחוז הדרום, 8604712, ישראל",15.6,27.2,22.5,מבצר עכו,51,partial,מבצר עכו,,partial,,,n/a,מבצר עכו,51,partial,
001027-073567-01292-X,דימונה,?,57,,,exact,31.067270,35.031655,OK,31.069419,35.033363,"Dimona, Israel",OK,31.068661,35.036648,"דימונה, נפת באר שבע, מחוז הדרום, 8604712, ישראל",288.7,500.9,324.6,שדרות הנשיא,197,mismatch,שדרות אריאל שרון,,mismatch,,,n/a,שדרות הרצל,16,mismatch,google_rev_at_govmap_mismatch;osm_rev_at_govmap_mismatch;google_rev_at_osm_mismatch
001027-073567-01292-X,דימונה,?,57,,,exact,31.067270,35.031655,OK,31.069419,35.033363,"Dimona, Israel",OK,31.068661,35.036648,"דימונה, נפת באר שבע, מחוז הדרום, 8604712, ישראל",288.7,500.9,324.6,שדרות הנשיא,197,mismatch,שדרות אריאל שרון,,mismatch,,,n/a,שדרות הרצל,16,mismatch,google_rev_at_govmap_mismatch;osm_rev_at_govmap_mismatch;google_rev_at_osm_mismatch
001027-073567-01292-X,דימונה,?,57,,,exact,31.067270,35.031655,OK,31.069419,35.033363,"Dimona, Israel",OK,31.068661,35.036648,"דימונה, נפת באר שבע, מחוז הדרום, 8604712, ישראל",288.7,500.9,324.6,שדרות הנשיא,197,mismatch,שדרות אריאל שרון,,mismatch,,,n/a,שדרות הרצל,16,mismatch,google_rev_at_govmap_mismatch;osm_rev_at_govmap_mismatch;google_rev_at_osm_mismatch
001027-073567-01292-X,דימונה,?,57,,,exact,31.067270,35.031655,OK,31.069419,35.033363,"Dimona, Israel",OK,31.068661,35.036648,"דימונה, נפת באר שבע, מחוז הדרום, 8604712, ישראל",288.7,500.9,324.6,שדרות הנשיא,197,mismatch,שדרות אריאל שרון,,mismatch,,,n/a,שדרות הרצל,16,mismatch,google_rev_at_govmap_mismatch;osm_rev_at_govmap_mismatch;google_rev_at_osm_mismatch
001027-073567-01292-X,דימונה,?,57,,,exact,31.067270,35.031655,OK,31.069419,35.033363,"Dimona, Israel",OK,31.068661,35.036648,"דימונה, נפת באר שבע, מחוז הדרום, 8604712, ישראל",288.7,500.9,324.6,שדרות הנשיא,197,mismatch,שדרות אריאל שרון,,mismatch,,,n/a,שדרות הרצל,16,mismatch,google_rev_at_govmap_mismatch;osm_rev_at_govmap_mismatch;google_rev_at_osm_mismatch
001027-073567-01293-X,דימונה,ישעיה,18,,,exact,31.080147,35.036028,OK,31.080160,35.035999,"YishaAya St 18, Dimona, Israel",OK,31.080062,35.035450,"ישעיה, נאות הללי, נווה גן, דימונה, נפת באר שבע, מחוז הדרום, 8604712, ישראל",3.1,55.9,53.5,ישעיה,18,match,ישעיה,,partial,,,n/a,ישעיה,17,partial,
001027-083058-01056-X,דימונה,טיילת הספורט,1056,,8617929,street,31.071267,35.033164,OK,31.071711,35.033410,"HaSport Promenade 1056, Dimona, Israel",OK,31.069575,35.033135,"טיילת הספורט, נווה אביב, נווה גן, דימונה, נפת באר שבע, מחוז הדרום, 8604712, ישראל",54.6,187.7,238.3,טיילת הספורט,1058,partial,טיילת הספורט,,partial,,,n/a,השקמה,,mismatch,google_rev_at_osm_mismatch
001027-083058-01056-א,דימונה,טיילת הספורט,1056,א,8617930,street,31.071267,35.033164,OK,31.071711,35.033410,"HaSport Promenade 1056, Dimona, Israel",OK,31.069575,35.033135,"טיילת הספורט, נווה אביב, נווה גן, דימונה, נפת באר שבע, מחוז הדרום, 8604712, ישראל",54.6,187.7,238.3,טיילת הספורט,1058,partial,טיילת הספורט,,partial,,,n/a,השקמה,,mismatch,google_rev_at_osm_mismatch
001027-083058-01056-ב,דימונה,טיילת הספורט,1056,ב,8617931,street,31.071267,35.033164,OK,31.071711,35.033410,"HaSport Promenade 1056, Dimona, Israel",OK,31.069575,35.033135,"טיילת הספורט, נווה אביב, נווה גן, דימונה, נפת באר שבע, מחוז הדרום, 8604712, ישראל",54.6,187.7,238.3,טיילת הספורט,1058,partial,טיילת הספורט,,partial,,,n/a,השקמה,,mismatch,google_rev_at_osm_mismatch
001027-083058-01056-ג,דימונה,טיילת הספורט,1056,ג,8617932,street,31.071267,35.033164,OK,31.071711,35.033410,"HaSport Promenade 1056, Dimona, Israel",OK,31.069575,35.033135,"טיילת הספורט, נווה אביב, נווה גן, דימונה, נפת באר שבע, מחוז הדרום, 8604712, ישראל",54.6,187.7,238.3,טיילת הספורט,1058,partial,טיילת הספורט,,partial,,,n/a,השקמה,,mismatch,google_rev_at_osm_mismatch
001027-083058-01056-ד,דימונה,טיילת הספורט,1056,ד,8617933,street,31.071267,35.033164,OK,31.071711,35.033410,"HaSport Promenade 1056, Dimona, Israel",OK,31.069575,35.033135,"טיילת הספורט, נווה אביב, נווה גן, דימונה, נפת באר שבע, מחוז הדרום, 8604712, ישראל",54.6,187.7,238.3,טיילת הספורט,1058,partial,טיילת הספורט,,partial,,,n/a,השקמה,,mismatch,google_rev_at_osm_mismatch
001027-073567-01295-X,דימונה,חצב,17,,,exact,31.077148,35.039170,OK,31.077099,35.039175,"Khatsav St 17, Dimona, Israel",OK,31.077292,35.038835,"חצב, נאות הללי, נווה גן, דימונה, נפת באר שבע, מחוז הדרום, 8604712, ישראל",5.5,35.7,38.8,חצב,17,match,חצב,,partial,,,n/a,חצב,117,partial,
001027-082292-00105-X,דימונה,כובשי אילת,105,,8603234,street,31.063645,35.039896,OK,31.062571,35.036859,"Kovshei Eilat St 105, Dimona, Israel",OK,31.062631,35.039225,"כובשי אילת, קהילת העבריים, נווה גן, דימונה, נפת באר שבע, מחוז הדרום, 8604712, ישראל",313.3,129.3,225.9,שדרות יגאל אלון,110,mismatch,כובשי אילת,,partial,,,n/a,,,mismatch,google_rev_at_govmap_mismatch;google_rev_at_osm_mismatch
001027-082292-00105-א,דימונה,כובשי אילת,105,א,8603235,street,31.063645,35.039896,OK,31.062571,35.036859,"Kovshei Eilat St 105, Dimona, Israel",OK,31.062631,35.039225,"כובשי אילת, קהילת העבריים, נווה גן, דימונה, נפת באר שבע, מחוז הדרום, 8604712, ישראל",313.3,129.3,225.9,שדרות יגאל אלון,110,mismatch,כובשי אילת,,partial,,,n/a,,,mismatch,google_rev_at_govmap_mismatch;google_rev_at_osm_mismatch
001027-082292-00105-ב,דימונה,כובשי אילת,105,ב,8603236,street,31.063645,35.039896,OK,31.062571,35.036859,"Kovshei Eilat St 105, Dimona, Israel",OK,31.062631,35.039225,"כובשי אילת, קהילת העבריים, נווה גן, דימונה, נפת באר שבע, מחוז הדרום, 8604712, ישראל",313.3,129.3,225.9,שדרות יגאל אלון,110,mismatch,כובשי אילת,,partial,,,n/a,,,mismatch,google_rev_at_govmap_mismatch;google_rev_at_osm_mismatch
001027-082292-00105-ג,דימונה,כובשי אילת,105,ג,8603237,street,31.063645,35.039896,OK,31.062571,35.036859,"Kovshei Eilat St 105, Dimona, Israel",OK,31.062631,35.039225,"כובשי אילת, קהילת העבריים, נווה גן, דימונה, נפת באר שבע, מחוז הדרום, 8604712, ישראל",313.3,129.3,225.9,שדרות יגאל אלון,110,mismatch,כובשי אילת,,partial,,,n/a,,,mismatch,google_rev_at_govmap_mismatch;google_rev_at_osm_mismatch
001027-082292-00105-ד,דימונה,כובשי אילת,105,ד,8603238,street,31.063645,35.039896,OK,31.062571,35.036859,"Kovshei Eilat St 105, Dimona, Israel",OK,31.062631,35.039225,"כובשי אילת, קהילת העבריים, נווה גן, דימונה, נפת באר שבע, מחוז הדרום, 8604712, ישראל",313.3,129.3,225.9,שדרות יגאל אלון,110,mismatch,כובשי אילת,,partial,,,n/a,,,mismatch,google_rev_at_govmap_mismatch;google_rev_at_osm_mismatch
001027-073567-01297-X,דימונה,הר חרמון,12,,,exact,31.086142,35.040832,OK,31.086058,35.040612,"Hermon St 12, Dimona, Israel",OK,31.086205,35.040128,"הר חרמון, חכמי ישראל, דימונה, נפת באר שבע, מחוז הדרום, 8604712, ישראל",23.0,67.5,49.0,ארבל,26,mismatch,הר חרמון,,partial,,,n/a,חרמון,2,partial,google_rev_at_govmap_mismatch
001027-073567-01298-X,דימונה,השיא,11,,,exact,31.066563,35.043376,OK,31.066968,35.043489,"Ha-Si St 11, Dimona, Israel",OK,31.066613,35.043242,"השיא, קהילת העבריים, חכמי ישראל, דימונה, נפת באר שבע, מחוז הדרום, 8604712, ישראל",46.1,13.9,45.9,הפיסגה,289,mismatch,השיא,,partial,,,n/a,הפיסגה,289,mismatch,google_rev_at_govmap_mismatch;google_rev_at_osm_mismatch
001027-073567-01299-X,דימונה,שד הנשיא,6,,,exact,31.061271,35.027089,OK,31.061438,35.026448,"Sderot HaNassi 6, Dimona, Israel",ZERO_RESULTS,,,,64.0,,,נווה מדבר,62,mismatch,שדרות אריאל שרון,,mismatch,,,n/a,,,n/a,osm_fwd_ZERO_RESULTS;google_rev_at_govmap_mismatch;osm_rev_at_govmap_mismatch
001027-073567-01300-X,דימונה,דפנה,29,,,exact,31.079829,35.040813,OK,31.079659,35.040902,"Dafna St 29, Dimona, Israel",OK,31.079667,35.040288,"דפנה, נווה חורש, חכמי ישראל, דימונה, נפת באר שבע, מחוז הדרום, 8604712, ישראל",20.7,53.2,58.5,דפנה,47,partial,ליבנה,,mismatch,,,n/a,דפנה,44,partial,osm_rev_at_govmap_mismatch
001027-073567-01301-X,דימונה,דרך הצנחנים,1070,,,none,,,OK,31.074374,35.030287,"HaTsanhanim St 1070, Dimona, Israel",ZERO_RESULTS,,,,,,,,,n/a,,,n/a,משעול רוגל,,mismatch,,,n/a,govmap_missing;osm_fwd_ZERO_RESULTS;osm_rev_at_google_mismatch
001027-073567-01302-X,דימונה,פרג,29,,,exact,31.080015,35.038285,OK,31.080019,35.038178,"Parag St 29, Dimona, Israel",OK,31.080250,35.038449,"פרג, נאות הללי, נווה גן, דימונה, נפת באר שבע, מחוז הדרום, 8604712, ישראל",10.2,30.4,36.4,פרג,27,partial,פרג,,partial,,,n/a,פרג,26,partial,
001027-083523-00004-X,דימונה,רחבת האיסיים,4,,8604732,exact,31.066082,35.038774,OK,31.069419,35.033363,"Dimona, Israel",ZERO_RESULTS,,,,635.3,,,רחבת הקנאים,4,partial,,,mismatch,,,n/a,,,n/a,osm_fwd_ZERO_RESULTS;osm_rev_at_govmap_mismatch
001027-073567-01304-X,דימונה,חטיבת גבעתי,2,,,none,,,OK,31.075162,35.027329,"Khativat Giv'ati St, Dimona, Israel",OK,31.075176,35.027339,"חטיבת גבעתי, נווה דוד, נווה גן, דימונה, נפת באר שבע, מחוז הדרום, 8604712, ישראל",,,1.8,,,n/a,,,n/a,חטיבת גבעתי,,partial,חטיבת גבעתי,175,partial,govmap_missing
001027-073567-01305-X,דימונה,הר כרמל,18,,,exact,31.085924,35.037477,OK,31.085719,35.037895,"Carmel St 18, Dimona, Israel",OK,31.085597,35.038384,"הר כרמל, חכמי ישראל, דימונה, נפת באר שבע, מחוז הדרום, 8604712, ישראל",45.9,93.8,48.6,,,mismatch,הר כרמל,,partial,,,n/a,,,mismatch,google_rev_at_govmap_mismatch;google_rev_at_osm_mismatch
001027-073567-01306-X,דימונה,כליל החורש,4,,,exact,31.077642,35.041889,OK,31.077646,35.041885,"Klil Hahoresh St 4, Dimona, Israel",OK,31.080031,35.041531,"כליל החורש, נווה חורש, חכמי ישראל, דימונה, נפת באר שבע, מחוז הדרום, 8604712, ישראל",0.6,267.1,266.6,כליל החורש,4,match,סחלבן החורש,,partial,,,n/a,כליל החורש,51,partial,
001027-073567-01307-X,דימונה,צפצפה,3,,,exact,31.081282,35.037637,OK,31.081318,35.037636,"Tsaftsafa St 3, Dimona, Israel",OK,31.081025,35.037767,"צפצפה, נאות הללי, נווה גן, דימונה, נפת באר שבע, מחוז הדרום, 8604712, ישראל",4.0,31.1,34.8,צפצפה,3,match,צפצפה,,partial,,,n/a,צפצפה,169,partial,
001027-081311-00046-X,דימונה,השיטה,46,,8612209,exact,31.064584,35.030941,OK,31.064561,35.031171,"Ha-Shita St 46, Dimona, Israel",OK,31.065065,35.030670,"השיטה, שבעת המינים, נווה גן, דימונה, נפת באר שבע, מחוז הדרום, 8604712, ישראל",22.1,59.3,73.6,שדרות הנשיא,258,mismatch,השיטה,,partial,,,n/a,הברוש,11,mismatch,google_rev_at_govmap_mismatch;google_rev_at_osm_mismatch
001027-081311-00046-א,דימונה,השיטה,46,א,8612210,exact,31.064584,35.030941,OK,31.064561,35.031171,"Ha-Shita St 46, Dimona, Israel",OK,31.065065,35.030670,"השיטה, שבעת המינים, נווה גן, דימונה, נפת באר שבע, מחוז הדרום, 8604712, ישראל",22.1,59.3,73.6,שדרות הנשיא,258,mismatch,השיטה,,partial,,,n/a,הברוש,11,mismatch,google_rev_at_govmap_mismatch;google_rev_at_osm_mismatch
001027-081311-00046-ב,דימונה,השיטה,46,ב,8612211,exact,31.064584,35.030941,OK,31.064561,35.031171,"Ha-Shita St 46, Dimona, Israel",OK,31.065065,35.030670,"השיטה, שבעת המינים, נווה גן, דימונה, נפת באר שבע, מחוז הדרום, 8604712, ישראל",22.1,59.3,73.6,שדרות הנשיא,258,mismatch,השיטה,,partial,,,n/a,הברוש,11,mismatch,google_rev_at_govmap_mismatch;google_rev_at_osm_mismatch
001027-081311-00046-ג,דימונה,השיטה,46,ג,8612212,exact,31.064584,35.030941,OK,31.064561,35.031171,"Ha-Shita St 46, Dimona, Israel",OK,31.065065,35.030670,"השיטה, שבעת המינים, נווה גן, דימונה, נפת באר שבע, מחוז הדרום, 8604712, ישראל",22.1,59.3,73.6,שדרות הנשיא,258,mismatch,השיטה,,partial,,,n/a,הברוש,11,mismatch,google_rev_at_govmap_mismatch;google_rev_at_osm_mismatch
001027-081311-00046-ד,דימונה,השיטה,46,ד,8612213,exact,31.064584,35.030941,OK,31.064561,35.031171,"Ha-Shita St 46, Dimona, Israel",OK,31.065065,35.030670,"השיטה, שבעת המינים, נווה גן, דימונה, נפת באר שבע, מחוז הדרום, 8604712, ישראל",22.1,59.3,73.6,שדרות הנשיא,258,mismatch,השיטה,,partial,,,n/a,הברוש,11,mismatch,google_rev_at_govmap_mismatch;google_rev_at_osm_mismatch
001027-082292-00108-X,דימונה,כובשי אילת,108,,8603253,street,31.063645,35.039896,OK,31.062584,35.038391,"Kovshei Eilat St 108, Dimona, Israel",OK,31.062631,35.039225,"כובשי אילת, קהילת העבריים, נווה גן, דימונה, נפת באר שבע, מחוז הדרום, 8604712, ישראל",185.6,129.3,79.8,שדרות יגאל אלון,110,mismatch,כובשי אילת,,partial,,,n/a,,,mismatch,google_rev_at_govmap_mismatch;google_rev_at_osm_mismatch
001027-082292-00108-א,דימונה,כובשי אילת,108,א,8603254,street,31.063645,35.039896,OK,31.062584,35.038391,"Kovshei Eilat St 108, Dimona, Israel",OK,31.062631,35.039225,"כובשי אילת, קהילת העבריים, נווה גן, דימונה, נפת באר שבע, מחוז הדרום, 8604712, ישראל",185.6,129.3,79.8,שדרות יגאל אלון,110,mismatch,כובשי אילת,,partial,,,n/a,,,mismatch,google_rev_at_govmap_mismatch;google_rev_at_osm_mismatch
001027-082292-00108-ב,דימונה,כובשי אילת,108,ב,8603255,street,31.063645,35.039896,OK,31.062584,35.038391,"Kovshei Eilat St 108, Dimona, Israel",OK,31.062631,35.039225,"כובשי אילת, קהילת העבריים, נווה גן, דימונה, נפת באר שבע, מחוז הדרום, 8604712, ישראל",185.6,129.3,79.8,שדרות יגאל אלון,110,mismatch,כובשי אילת,,partial,,,n/a,,,mismatch,google_rev_at_govmap_mismatch;google_rev_at_osm_mismatch
001027-082292-00108-ג,דימונה,כובשי אילת,108,ג,8603256,street,31.063645,35.039896,OK,31.062584,35.038391,"Kovshei Eilat St 108, Dimona, Israel",OK,31.062631,35.039225,"כובשי אילת, קהילת העבריים, נווה גן, דימונה, נפת באר שבע, מחוז הדרום, 8604712, ישראל",185.6,129.3,79.8,שדרות יגאל אלון,110,mismatch,כובשי אילת,,partial,,,n/a,,,mismatch,google_rev_at_govmap_mismatch;google_rev_at_osm_mismatch
001027-082292-00108-ד,דימונה,כובשי אילת,108,ד,8603257,street,31.063645,35.039896,OK,31.062584,35.038391,"Kovshei Eilat St 108, Dimona, Israel",OK,31.062631,35.039225,"כובשי אילת, קהילת העבריים, נווה גן, דימונה, נפת באר שבע, מחוז הדרום, 8604712, ישראל",185.6,129.3,79.8,שדרות יגאל אלון,110,mismatch,כובשי אילת,,partial,,,n/a,,,mismatch,google_rev_at_govmap_mismatch;google_rev_at_osm_mismatch
001027-082292-00108-ה,דימונה,כובשי אילת,108,ה,8603258,street,31.063645,35.039896,OK,31.062584,35.038391,"Kovshei Eilat St 108, Dimona, Israel",OK,31.062631,35.039225,"כובשי אילת, קהילת העבריים, נווה גן, דימונה, נפת באר שבע, מחוז הדרום, 8604712, ישראל",185.6,129.3,79.8,שדרות יגאל אלון,110,mismatch,כובשי אילת,,partial,,,n/a,,,mismatch,google_rev_at_govmap_mismatch;google_rev_at_osm_mismatch
001027-082292-00108-ח,דימונה,כובשי אילת,108,ח,8603261,street,31.063645,35.039896,OK,31.062584,35.038391,"Kovshei Eilat St 108, Dimona, Israel",OK,31.062631,35.039225,"כובשי אילת, קהילת העבריים, נווה גן, דימונה, נפת באר שבע, מחוז הדרום, 8604712, ישראל",185.6,129.3,79.8,שדרות יגאל אלון,110,mismatch,כובשי אילת,,partial,,,n/a,,,mismatch,google_rev_at_govmap_mismatch;google_rev_at_osm_mismatch
001027-073567-01310-X,דימונה,המעפיל,69,,,exact,31.071677,35.040916,OK,31.071696,35.040865,"HaMa'apil St 69, Dimona, Israel",OK,31.071971,35.033195,"המעפיל, הנצחון, נווה גן, דימונה, נפת באר שבע, מחוז הדרום, 8604712, ישראל",5.3,737.6,732.6,המעפיל,25,partial,המעפיל,,partial,,,n/a,טיילת הספורט,1056,mismatch,google_rev_at_osm_mismatch
001027-073567-01311-X,דימונה,דולב,26,,,exact,31.079524,35.043670,OK,31.079625,35.043686,"Dolev St 26, Dimona, Israel",OK,31.080046,35.043865,"דולב, נווה חורש, חכמי ישראל, דימונה, נפת באר שבע, מחוז הדרום, 8604712, ישראל",11.3,60.8,49.7,דולב,137,partial,שיזף,,mismatch,,,n/a,דולב,168,partial,osm_rev_at_govmap_mismatch
001027-073567-01312-X,דימונה,לילך,7,,,none,,,OK,31.076281,35.034136,"Lilach St 7, Dimona, Israel",OK,31.075801,35.034117,"לילך, נווה אביב, נווה גן, דימונה, נפת באר שבע, מחוז הדרום, 8604712, ישראל",,,53.3,,,n/a,,,n/a,לילך,,partial,לילך,14,partial,govmap_missing
001027-082292-01641-X,דימונה,כובשי אילת,1641,,8603291,street,31.063645,35.039896,OK,31.063720,35.039881,"Kovshei Eilat St, Dimona, Israel",OK,31.062376,35.037242,"כובשי אילת, גיורא יוספטל, נווה גן, דימונה, נפת באר שבע, מחוז הדרום, 8604712, ישראל",8.4,289.7,292.6,שדרות יגאל אלון,110,mismatch,כובשי אילת,,partial,,,n/a,כובשי אילת,2,partial,google_rev_at_govmap_mismatch
001027-073567-01314-X,דימונה,שד הנשיא,4,,,exact,31.061234,35.026993,OK,31.063231,35.030993,"Sderot HaNassi 4, Dimona, Israel",ZERO_RESULTS,,,,441.3,,,נווה מדבר,62,mismatch,שדרות אריאל שרון,,mismatch,,,n/a,,,n/a,osm_fwd_ZERO_RESULTS;google_rev_at_govmap_mismatch;osm_rev_at_govmap_mismatch
001027-073567-01315-X,דימונה,דרך השלום,1,,,exact,31.072999,35.035210,OK,31.072936,35.034947,"Derech HaShalom 1, Dimona, Israel",ZERO_RESULTS,,,,26.0,,,דרך השלום,9,partial,בן גוריון,1203,mismatch,,,n/a,,,n/a,osm_fwd_ZERO_RESULTS;osm_rev_at_govmap_mismatch
001027-073567-01316-X,דימונה,ליבנה,40,,,exact,31.079301,35.041163,OK,31.079255,35.040943,"Livne St 40, Dimona, Israel",OK,31.079424,35.040947,"ליבנה, נווה חורש, חכמי ישראל, דימונה, נפת באר שבע, מחוז הדרום, 8604712, ישראל",21.7,24.8,18.7,ליבנה,79,partial,ליבנה,,partial,,,n/a,דפנה,36,mismatch,google_rev_at_osm_mismatch
001027-073567-01317-X,דימונה,טופח,4,,,exact,31.080748,35.041323,OK,31.080735,35.041271,"Tofakh St 4, Dimona, Israel",OK,31.081167,35.041568,"טופח, נווה חורש, חכמי ישראל, דימונה, נפת באר שבע, מחוז הדרום, 8604712, ישראל",5.1,52.0,55.6,טופח,4,match,טופח,,partial,,,n/a,שיזף,39,mismatch,google_rev_at_osm_mismatch
001027-073567-01318-X,דימונה,המעפיל,65,,,exact,31.071879,35.040608,OK,31.071918,35.040550,"HaMa'apil St 65, Dimona, Israel",OK,31.071021,35.041333,"המעפיל, הגבעה, נווה גן, דימונה, נפת באר שבע, מחוז הדרום, 8604712, ישראל",7.0,117.6,124.3,המעפיל,29,partial,המעפיל,,partial,,,n/a,המעפיל,13,partial,
001027-073567-01319-X,דימונה,הר שגיא,10,,,exact,31.085931,35.034252,OK,31.085943,35.034309,"Sagi St 10, Dimona, Israel",OK,31.085828,35.034892,"הר שגיא, נווה גן, דימונה, נפת באר שבע, מחוז הדרום, 8604712, ישראל",5.6,62.1,57.1,,,mismatch,הר שגיא,,partial,,,n/a,,,mismatch,google_rev_at_govmap_mismatch;google_rev_at_osm_mismatch
001027-077659-00064-X,דימונה,בבא סאלי,64,,8601703,exact,31.060094,35.032135,OK,31.060157,35.032201,"Baba Sali St 64, Dimona, Israel",OK,31.060631,35.032487,"בבא סאלי, ערבה, נווה גן, דימונה, נפת באר שבע, מחוז הדרום, 8604712, ישראל",9.4,68.4,59.3,בבא סאלי,164,partial,היורה,,mismatch,,,n/a,בבא סאלי,166,partial,osm_rev_at_govmap_mismatch
001027-077659-00064-א,דימונה,בבא סאלי,64,א,8601704,exact,31.060094,35.032135,OK,31.060157,35.032201,"Baba Sali St 64, Dimona, Israel",OK,31.060631,35.032487,"בבא סאלי, ערבה, נווה גן, דימונה, נפת באר שבע, מחוז הדרום, 8604712, ישראל",9.4,68.4,59.3,בבא סאלי,164,partial,היורה,,mismatch,,,n/a,בבא סאלי,166,partial,osm_rev_at_govmap_mismatch
001027-077659-00064-ב,דימונה,בבא סאלי,64,ב,8601705,exact,31.060094,35.032135,OK,31.060157,35.032201,"Baba Sali St 64, Dimona, Israel",OK,31.060631,35.032487,"בבא סאלי, ערבה, נווה גן, דימונה, נפת באר שבע, מחוז הדרום, 8604712, ישראל",9.4,68.4,59.3,בבא סאלי,164,partial,היורה,,mismatch,,,n/a,בבא סאלי,166,partial,osm_rev_at_govmap_mismatch
001027-083222-00288-א,דימונה,המלך דוד,288,א,8614323,exact,31.068809,35.033686,OK,31.068835,35.033648,"David HaMelech St 288, Dimona, Israel",OK,31.069160,35.034058,"דוד המלך, שכונה לדוגמא, נווה גן, דימונה, נפת באר שבע, מחוז הדרום, 8604712, ישראל",4.7,52.6,53.1,דוד המלך,288,match,דוד המלך,,partial,,,n/a,דרך דוד בן גוריון,293,partial,
001027-083222-00288-ב,דימונה,המלך דוד,288,ב,8614324,exact,31.068809,35.033686,OK,31.068835,35.033648,"David HaMelech St 288, Dimona, Israel",OK,31.069160,35.034058,"דוד המלך, שכונה לדוגמא, נווה גן, דימונה, נפת באר שבע, מחוז הדרום, 8604712, ישראל",4.7,52.6,53.1,דוד המלך,288,match,דוד המלך,,partial,,,n/a,דרך דוד בן גוריון,293,partial,
001027-083222-00288-ג,דימונה,המלך דוד,288,ג,8614325,exact,31.068809,35.033686,OK,31.068835,35.033648,"David HaMelech St 288, Dimona, Israel",OK,31.069160,35.034058,"דוד המלך, שכונה לדוגמא, נווה גן, דימונה, נפת באר שבע, מחוז הדרום, 8604712, ישראל",4.7,52.6,53.1,דוד המלך,288,match,דוד המלך,,partial,,,n/a,דרך דוד בן גוריון,293,partial,
001027-073567-01322-X,דימונה,דוד אלעזר,1167,,,none,,,OK,31.073809,35.039707,"David Elazar St, Dimona, Israel",OK,31.073819,35.039614,"דוד אלעזר, חכמי ישראל, נווה גן, דימונה, נפת באר שבע, מחוז הדרום, 8604712, ישראל",,,9.0,,,n/a,,,n/a,דוד אלעזר,,partial,דוד אלעזר,172,partial,govmap_missing
001027-073567-01323-X,דימונה,קטלב,3,,,exact,31.077487,35.039470,OK,31.077525,35.039451,"Ktalav St 3, Dimona, Israel",OK,31.078015,35.039631,"קטלב, נווה חורש, חכמי ישראל, דימונה, נפת באר שבע, מחוז הדרום, 8604712, ישראל",4.6,60.6,57.0,קטלב,256,partial,קטלב,,partial,,,n/a,קטלב,253,partial,
001027-082996-01015-X,דימונה,המעפיל,1015,,8614102,street,31.071904,35.036342,OK,31.071956,35.029727,"HaMa'apil St 1015, Dimona, Israel",OK,31.071913,35.033190,"המעפיל, הנצחון, נווה גן, דימונה, נפת באר שבע, מחוז הדרום, 8604712, ישראל",631.4,300.8,330.6,המעפיל,238,partial,המעפיל,,partial,,,n/a,טיילת הספורט,1056,mismatch,google_rev_at_osm_mismatch
001027-082996-01015-א,דימונה,המעפיל,1015,א,8614103,street,31.071904,35.036342,OK,31.071956,35.029727,"HaMa'apil St 1015, Dimona, Israel",OK,31.071913,35.033190,"המעפיל, הנצחון, נווה גן, דימונה, נפת באר שבע, מחוז הדרום, 8604712, ישראל",631.4,300.8,330.6,המעפיל,238,partial,המעפיל,,partial,,,n/a,טיילת הספורט,1056,mismatch,google_rev_at_osm_mismatch
001027-082996-01015-ג,דימונה,המעפיל,1015,ג,8614105,street,31.071904,35.036342,OK,31.071956,35.029727,"HaMa'apil St 1015, Dimona, Israel",OK,31.071913,35.033190,"המעפיל, הנצחון, נווה גן, דימונה, נפת באר שבע, מחוז הדרום, 8604712, ישראל",631.4,300.8,330.6,המעפיל,238,partial,המעפיל,,partial,,,n/a,טיילת הספורט,1056,mismatch,google_rev_at_osm_mismatch
001027-082996-01015-ה,דימונה,המעפיל,1015,ה,8614107,street,31.071904,35.036342,OK,31.071956,35.029727,"HaMa'apil St 1015, Dimona, Israel",OK,31.071913,35.033190,"המעפיל, הנצחון, נווה גן, דימונה, נפת באר שבע, מחוז הדרום, 8604712, ישראל",631.4,300.8,330.6,המעפיל,238,partial,המעפיל,,partial,,,n/a,טיילת הספורט,1056,mismatch,google_rev_at_osm_mismatch
001027-082996-01015-ו,דימונה,המעפיל,1015,ו,8614108,street,31.071904,35.036342,OK,31.071956,35.029727,"HaMa'apil St 1015, Dimona, Israel",OK,31.071913,35.033190,"המעפיל, הנצחון, נווה גן, דימונה, נפת באר שבע, מחוז הדרום, 8604712, ישראל",631.4,300.8,330.6,המעפיל,238,partial,המעפיל,,partial,,,n/a,טיילת הספורט,1056,mismatch,google_rev_at_osm_mismatch
001027-073567-01325-X,דימונה,הר שגיא,8,,,exact,31.085924,35.034539,OK,31.085941,35.034588,"Sagi St 8, Dimona, Israel",OK,31.085828,35.034892,"הר שגיא, נווה גן, דימונה, נפת באר שבע, מחוז הדרום, 8604712, ישראל",5.1,35.4,31.6,,,mismatch,הר שגיא,,partial,,,n/a,,,mismatch,google_rev_at_govmap_mismatch;google_rev_at_osm_mismatch
001027-073567-01326-X,דימונה,רזיאל דוד,3,,,none,,,OK,31.065537,35.026666,"David Raziel St 3, Dimona, Israel",ZERO_RESULTS,,,,,,,,,n/a,,,n/a,האילנות,,mismatch,,,n/a,govmap_missing;osm_fwd_ZERO_RESULTS;osm_rev_at_google_mismatch
001027-082052-00208-X,דימונה,בר כוכבא,208,,8604637,street,31.064706,35.036276,OK,31.064754,35.036495,"Bar Kochva St 208, Dimona, Israel",OK,31.064570,35.036260,"בר כוכבא, גיורא יוספטל, נווה גן, דימונה, נפת באר שבע, מחוז הדרום, 8604712, ישראל",21.6,15.2,30.3,בר כוכבא,208,match,בר כוכבא,,partial,,,n/a,בר כוכבא,207,partial,
001027-082052-00208-א,דימונה,בר כוכבא,208,א,8604638,street,31.064706,35.036276,OK,31.064754,35.036495,"Bar Kochva St 208, Dimona, Israel",OK,31.064570,35.036260,"בר כוכבא, גיורא יוספטל, נווה גן, דימונה, נפת באר שבע, מחוז הדרום, 8604712, ישראל",21.6,15.2,30.3,בר כוכבא,208,match,בר כוכבא,,partial,,,n/a,בר כוכבא,207,partial,
001027-082052-00208-ג,דימונה,בר כוכבא,208,ג,8604640,street,31.064706,35.036276,OK,31.064754,35.036495,"Bar Kochva St 208, Dimona, Israel",OK,31.064570,35.036260,"בר כוכבא, גיורא יוספטל, נווה גן, דימונה, נפת באר שבע, מחוז הדרום, 8604712, ישראל",21.6,15.2,30.3,בר כוכבא,208,match,בר כוכבא,,partial,,,n/a,בר כוכבא,207,partial,
001027-082052-00208-ד,דימונה,בר כוכבא,208,ד,8604641,street,31.064706,35.036276,OK,31.064754,35.036495,"Bar Kochva St 208, Dimona, Israel",OK,31.064570,35.036260,"בר כוכבא, גיורא יוספטל, נווה גן, דימונה, נפת באר שבע, מחוז הדרום, 8604712, ישראל",21.6,15.2,30.3,בר כוכבא,208,match,בר כוכבא,,partial,,,n/a,בר כוכבא,207,partial,
001027-083058-00288-X,דימונה,טיילת הספורט,288,,8617984,street,31.071267,35.033164,OK,31.068773,35.033441,"HaSport Promenade 288, Dimona, Israel",OK,31.069575,35.033135,"טיילת הספורט, נווה אביב, נווה גן, דימונה, נפת באר שבע, מחוז הדרום, 8604712, ישראל",277.8,187.7,93.6,טיילת הספורט,1058,partial,טיילת הספורט,,partial,,,n/a,השקמה,,mismatch,google_rev_at_osm_mismatch
001027-084137-00253-X,דימונה,?,253,,8604203,none,,,OK,31.069419,35.033363,"Dimona, Israel",OK,31.068661,35.036648,"דימונה, נפת באר שבע, מחוז הדרום, 8604712, ישראל",,,324.6,,,n/a,,,n/a,טיילת הספורט,,mismatch,שדרות הרצל,16,mismatch,govmap_missing;osm_rev_at_google_mismatch;google_rev_at_osm_mismatch
001027-073567-01330-X,דימונה,שד גולדה מאיר,1034,,,exact,31.073668,35.031439,OK,31.072983,35.031358,"Sderot Golda Me'ir 1034, Dimona, Israel",OK,31.068478,35.031884,"שד׳ גולדה מאיר/שד׳ הרצל, שדרות גולדה מאיר, הנצחון, נווה גן, דימונה, נפת באר שבע, מחוז הדרום, 8604712, ישראל",76.3,577.0,502.0,שדרות גולדה מאיר,34,partial,ההגנה,,mismatch,,,n/a,,,mismatch,osm_rev_at_govmap_mismatch;google_rev_at_osm_mismatch
001027-073567-01330-X,דימונה,שד גולדה מאיר,1034,,,exact,31.073668,35.031439,OK,31.072983,35.031358,"Sderot Golda Me'ir 1034, Dimona, Israel",OK,31.068478,35.031884,"שד׳ גולדה מאיר/שד׳ הרצל, שדרות גולדה מאיר, הנצחון, נווה גן, דימונה, נפת באר שבע, מחוז הדרום, 8604712, ישראל",76.3,577.0,502.0,שדרות גולדה מאיר,34,partial,ההגנה,,mismatch,,,n/a,,,mismatch,osm_rev_at_govmap_mismatch;google_rev_at_osm_mismatch
001027-073567-01330-X,דימונה,שד גולדה מאיר,1034,,,exact,31.073668,35.031439,OK,31.072983,35.031358,"Sderot Golda Me'ir 1034, Dimona, Israel",OK,31.068478,35.031884,"שד׳ גולדה מאיר/שד׳ הרצל, שדרות גולדה מאיר, הנצחון, נווה גן, דימונה, נפת באר שבע, מחוז הדרום, 8604712, ישראל",76.3,577.0,502.0,שדרות גולדה מאיר,34,partial,ההגנה,,mismatch,,,n/a,,,mismatch,osm_rev_at_govmap_mismatch;google_rev_at_osm_mismatch
001027-073567-01330-X,דימונה,שד גולדה מאיר,1034,,,exact,31.073668,35.031439,OK,31.072983,35.031358,"Sderot Golda Me'ir 1034, Dimona, Israel",OK,31.068478,35.031884,"שד׳ גולדה מאיר/שד׳ הרצל, שדרות גולדה מאיר, הנצחון, נווה גן, דימונה, נפת באר שבע, מחוז הדרום, 8604712, ישראל",76.3,577.0,502.0,שדרות גולדה מאיר,34,partial,ההגנה,,mismatch,,,n/a,,,mismatch,osm_rev_at_govmap_mismatch;google_rev_at_osm_mismatch
001027-073567-01330-X,דימונה,שד גולדה מאיר,1034,,,exact,31.073668,35.031439,OK,31.072983,35.031358,"Sderot Golda Me'ir 1034, Dimona, Israel",OK,31.068478,35.031884,"שד׳ גולדה מאיר/שד׳ הרצל, שדרות גולדה מאיר, הנצחון, נווה גן, דימונה, נפת באר שבע, מחוז הדרום, 8604712, ישראל",76.3,577.0,502.0,שדרות גולדה מאיר,34,partial,ההגנה,,mismatch,,,n/a,,,mismatch,osm_rev_at_govmap_mismatch;google_rev_at_osm_mismatch
001027-073567-01330-X,דימונה,שד גולדה מאיר,1034,,,exact,31.073668,35.031439,OK,31.072983,35.031358,"Sderot Golda Me'ir 1034, Dimona, Israel",OK,31.068478,35.031884,"שד׳ גולדה מאיר/שד׳ הרצל, שדרות גולדה מאיר, הנצחון, נווה גן, דימונה, נפת באר שבע, מחוז הדרום, 8604712, ישראל",76.3,577.0,502.0,שדרות גולדה מאיר,34,partial,ההגנה,,mismatch,,,n/a,,,mismatch,osm_rev_at_govmap_mismatch;google_rev_at_osm_mismatch
001027-073567-01330-X,דימונה,שד גולדה מאיר,1034,,,exact,31.073668,35.031439,OK,31.072983,35.031358,"Sderot Golda Me'ir 1034, Dimona, Israel",OK,31.068478,35.031884,"שד׳ גולדה מאיר/שד׳ הרצל, שדרות גולדה מאיר, הנצחון, נווה גן, דימונה, נפת באר שבע, מחוז הדרום, 8604712, ישראל",76.3,577.0,502.0,שדרות גולדה מאיר,34,partial,ההגנה,,mismatch,,,n/a,,,mismatch,osm_rev_at_govmap_mismatch;google_rev_at_osm_mismatch
001027-073567-01331-X,דימונה,שיזף,104,,,exact,31.082666,35.039539,OK,31.082645,35.039535,"Sheizaf St 104, Dimona, Israel",OK,31.079787,35.043578,"שיזף, נווה חורש, חכמי ישראל, דימונה, נפת באר שבע, מחוז הדרום, 8604712, ישראל",2.4,500.4,499.2,שיזף,106,partial,שיזף,,partial,,,n/a,,,mismatch,google_rev_at_osm_mismatch
001027-073567-01332-X,דימונה,משעול חירם,6,,,exact,31.073215,35.028751,OK,31.073363,35.028656,"Hiram St 6, Dimona, Israel",ZERO_RESULTS,,,,18.8,,,משעול רוגל,15,partial,אסף,,mismatch,,,n/a,,,n/a,osm_fwd_ZERO_RESULTS;osm_rev_at_govmap_mismatch
001027-073567-01333-X,דימונה,הרמה,20,,,exact,31.069877,35.040854,OK,31.069830,35.040801,"Ha-Rama St 20, Dimona, Israel",OK,31.070092,35.040819,"הרמה, הגבעה, נווה גן, דימונה, נפת באר שבע, מחוז הדרום, 8604712, ישראל",7.3,24.0,29.0,הגיא,323,mismatch,הרמה,,partial,,,n/a,הרמה,15,partial,google_rev_at_govmap_mismatch
001027-073567-01334-X,דימונה,תל אפק,16,,,exact,31.056013,35.033950,OK,31.056118,35.033939,"Tel Afek St 16, Dimona, Israel",OK,31.055892,35.034133,"תל אפק, ערבה, נווה גן, דימונה, נפת באר שבע, מחוז הדרום, 8604712, ישראל",11.6,22.1,31.1,,,mismatch,תל אפק,,partial,,,n/a,,,mismatch,google_rev_at_govmap_mismatch;google_rev_at_osm_mismatch
001027-073567-01335-X,דימונה,בת חן,18,,,exact,31.075661,35.034034,OK,31.075583,35.033956,"Bat Khen St 18, Dimona, Israel",OK,31.075768,35.033082,"בת חן, נווה אביב, נווה גן, דימונה, נפת באר שבע, מחוז הדרום, 8604712, ישראל",11.4,91.6,85.9,בת חן,18,match,לילך,,mismatch,,,n/a,בת חן,10,partial,osm_rev_at_govmap_mismatch
001027-073567-01336-X,דימונה,בבא סאלי,11,,,exact,31.059967,35.027275,OK,31.059942,35.027249,"Baba Sali St 11, Dimona, Israel",OK,31.060744,35.032688,"בבא סאלי, ערבה, נווה גן, דימונה, נפת באר שבע, מחוז הדרום, 8604712, ישראל",3.8,523.7,526.7,בבא סאלי,13,partial,בבא סאלי,,partial,,,n/a,קציעות,37,mismatch,google_rev_at_osm_mismatch
001027-073567-01337-X,דימונה,הר ארבל,25,,,exact,31.085691,35.039250,OK,31.085741,35.039454,"Arbel St 25, Dimona, Israel",OK,31.085483,35.039804,"הר ארבל, חכמי ישראל, דימונה, נפת באר שבע, מחוז הדרום, 8604712, ישראל",20.2,57.7,44.0,,,mismatch,הר ארבל,,partial,,,n/a,חרמון,2,mismatch,google_rev_at_govmap_mismatch;google_rev_at_osm_mismatch
001027-073567-01338-X,דימונה,טיילת הספורט,40,,,exact,31.073836,35.033302,OK,31.073746,35.033166,"HaSport Promenade 40, Dimona, Israel",OK,31.069575,35.033135,"טיילת הספורט, נווה אביב, נווה גן, דימונה, נפת באר שבע, מחוז הדרום, 8604712, ישראל",16.4,472.8,462.5,טיילת הספורט,1050,partial,טיילת הספורט,,partial,,,n/a,השקמה,,mismatch,google_rev_at_osm_mismatch
001027-073567-01339-X,דימונה,חצב,57,,,exact,31.078072,35.038242,OK,31.078107,35.038233,"Khatsav St 57, Dimona, Israel",OK,31.077292,35.038835,"חצב, נאות הללי, נווה גן, דימונה, נפת באר שבע, מחוז הדרום, 8604712, ישראל",4.0,103.4,107.1,חצב,57,match,חצב,,partial,,,n/a,חצב,117,partial,
001027-073567-01340-X,דימונה,השיא,16,,,exact,31.066282,35.042849,OK,31.066569,35.043131,"Ha-Si St 16, Dimona, Israel",OK,31.066613,35.043242,"השיא, קהילת העבריים, חכמי ישראל, דימונה, נפת באר שבע, מחוז הדרום, 8604712, ישראל",41.7,52.5,11.7,הפיסגה,295,mismatch,השיא,,partial,,,n/a,הפיסגה,289,mismatch,google_rev_at_govmap_mismatch;google_rev_at_osm_mismatch
001027-083633-00035-X,דימונה,דרך השלום,35,,8607135,street,31.073322,35.036527,OK,31.073360,35.036068,"Derech HaShalom 35, Dimona, Israel",ZERO_RESULTS,,,,44.0,,,דרך השלום,28,partial,נבטים,,mismatch,,,n/a,,,n/a,osm_fwd_ZERO_RESULTS;osm_rev_at_govmap_mismatch
001027-075069-00531-X,דימונה,ההדס,531,,8602844,street,31.064790,35.030048,OK,31.065009,35.029961,"HaHadas St, Dimona, Israel",OK,31.065160,35.030080,"ההדס, שבעת המינים, נווה גן, דימונה, נפת באר שבע, מחוז הדרום, 8604712, ישראל",25.7,41.2,20.2,ההדס,12,partial,ההדס,,partial,,,n/a,ההדס,21,partial,
001027-081870-00217-X,דימונה,"מ""ג המעפילים",217,,8604712,street,31.065617,35.034592,OK,31.072003,35.036225,"HaMa'apil St, Dimona, Israel",OK,31.065658,35.034543,"מ""ג המעפילים, גיורא יוספטל, נווה גן, דימונה, נפת באר שבע, מחוז הדרום, 8604712, ישראל",725.0,6.5,721.6,"מ""ד המעפילים",245,partial,"מ""ג המעפילים",,partial,,,n/a,"מ""ד המעפילים",245,partial,
001027-081870-00217-ב,דימונה,"מ""ג המעפילים",217,ב,8604714,street,31.065617,35.034592,OK,31.072003,35.036225,"HaMa'apil St, Dimona, Israel",OK,31.065658,35.034543,"מ""ג המעפילים, גיורא יוספטל, נווה גן, דימונה, נפת באר שבע, מחוז הדרום, 8604712, ישראל",725.0,6.5,721.6,"מ""ד המעפילים",245,partial,"מ""ג המעפילים",,partial,,,n/a,"מ""ד המעפילים",245,partial,
001027-075911-00298-X,דימונה,הרימון,298,,8602887,street,31.063893,35.026884,OK,31.063876,35.026863,"Ha-Rimon St, Dimona, Israel",OK,31.063935,35.026963,"הרימון, שבעת המינים, נווה גן, דימונה, נפת באר שבע, מחוז הדרום, 8604712, ישראל",2.7,8.9,11.6,הרימון,199,partial,הרימון,,partial,,,n/a,הרימון,199,partial,
001027-073567-01345-X,דימונה,ירמיה,5,,,exact,31.078243,35.035492,OK,31.077965,35.035437,"Yirmiya St 5, Dimona, Israel",OK,31.079286,35.035978,"ירמיה, נאות הללי, נווה גן, דימונה, נפת באר שבע, מחוז הדרום, 8604712, ישראל",31.3,124.5,155.3,ירמיה,3,partial,ירמיה,,partial,,,n/a,עמוס,2,mismatch,google_rev_at_osm_mismatch
001027-082952-01012-X,דימונה,העצמאות,1012,,8605004,street,31.069613,35.029406,OK,31.070501,35.029530,"HaAtsmaut St 1012, Dimona, Israel",OK,31.068804,35.029486,"העצמאות, הנצחון, נווה גן, דימונה, נפת באר שבע, מחוז הדרום, 8604712, ישראל",99.1,90.1,188.3,רחבת הסוכנות,1094,mismatch,העצמאות,,partial,,,n/a,,,mismatch,google_rev_at_govmap_mismatch;google_rev_at_osm_mismatch
001027-082952-01012-א,דימונה,העצמאות,1012,א,8605005,street,31.069613,35.029406,OK,31.070501,35.029530,"HaAtsmaut St 1012, Dimona, Israel",OK,31.068804,35.029486,"העצמאות, הנצחון, נווה גן, דימונה, נפת באר שבע, מחוז הדרום, 8604712, ישראל",99.1,90.1,188.3,רחבת הסוכנות,1094,mismatch,העצמאות,,partial,,,n/a,,,mismatch,google_rev_at_govmap_mismatch;google_rev_at_osm_mismatch
001027-082952-01012-ב,דימונה,העצמאות,1012,ב,8605006,street,31.069613,35.029406,OK,31.070501,35.029530,"HaAtsmaut St 1012, Dimona, Israel",OK,31.068804,35.029486,"העצמאות, הנצחון, נווה גן, דימונה, נפת באר שבע, מחוז הדרום, 8604712, ישראל",99.1,90.1,188.3,רחבת הסוכנות,1094,mismatch,העצמאות,,partial,,,n/a,,,mismatch,google_rev_at_govmap_mismatch;google_rev_at_osm_mismatch
001027-082952-01012-ג,דימונה,העצמאות,1012,ג,8605007,street,31.069613,35.029406,OK,31.070501,35.029530,"HaAtsmaut St 1012, Dimona, Israel",OK,31.068804,35.029486,"העצמאות, הנצחון, נווה גן, דימונה, נפת באר שבע, מחוז הדרום, 8604712, ישראל",99.1,90.1,188.3,רחבת הסוכנות,1094,mismatch,העצמאות,,partial,,,n/a,,,mismatch,google_rev_at_govmap_mismatch;google_rev_at_osm_mismatch
001027-082952-01012-ד,דימונה,העצמאות,1012,ד,8605008,street,31.069613,35.029406,OK,31.070501,35.029530,"HaAtsmaut St 1012, Dimona, Israel",OK,31.068804,35.029486,"העצמאות, הנצחון, נווה גן, דימונה, נפת באר שבע, מחוז הדרום, 8604712, ישראל",99.1,90.1,188.3,רחבת הסוכנות,1094,mismatch,העצמאות,,partial,,,n/a,,,mismatch,google_rev_at_govmap_mismatch;google_rev_at_osm_mismatch
001027-082952-01012-ה,דימונה,העצמאות,1012,ה,8605009,street,31.069613,35.029406,OK,31.070501,35.029530,"HaAtsmaut St 1012, Dimona, Israel",OK,31.068804,35.029486,"העצמאות, הנצחון, נווה גן, דימונה, נפת באר שבע, מחוז הדרום, 8604712, ישראל",99.1,90.1,188.3,רחבת הסוכנות,1094,mismatch,העצמאות,,partial,,,n/a,,,mismatch,google_rev_at_govmap_mismatch;google_rev_at_osm_mismatch
001027-073567-01347-X,דימונה,תל אפק,31,,,none,,,OK,31.054423,35.034092,"Tel Afek St 31, Dimona, Israel",OK,31.055892,35.034133,"תל אפק, ערבה, נווה גן, דימונה, נפת באר שבע, מחוז הדרום, 8604712, ישראל",,,162.9,,,n/a,,,n/a,תל אפק,,partial,,,mismatch,govmap_missing;google_rev_at_osm_mismatch
001027-083523-00009-X,דימונה,רחבת האיסיים,9,,8604737,street,31.065988,35.039280,OK,31.069419,35.033363,"Dimona, Israel",ZERO_RESULTS,,,,680.9,,,רחבת הקנאים,12,partial,,,mismatch,,,n/a,,,n/a,osm_fwd_ZERO_RESULTS;osm_rev_at_govmap_mismatch
001027-073567-01349-X,דימונה,שד הנשיא,22,,,exact,31.061546,35.028229,OK,31.061986,35.028543,"Sderot HaNassi 22, Dimona, Israel",ZERO_RESULTS,,,,57.3,,,,,mismatch,שדרות אריאל שרון,,mismatch,,,n/a,,,n/a,osm_fwd_ZERO_RESULTS;google_rev_at_govmap_mismatch;osm_rev_at_govmap_mismatch
001027-073567-01350-X,דימונה,נורית,5,,,exact,31.079531,35.039082,OK,31.079525,35.039024,"Nurit St 5, Dimona, Israel",OK,31.079650,35.039004,"נורית, נאות הללי, חכמי ישראל, דימונה, נפת באר שבע, מחוז הדרום, 8604712, ישראל",5.6,15.2,14.0,נורית,5,match,נורית,,partial,,,n/a,נורית,12,partial,
001027-073567-01351-X,דימונה,מורן החורש,29,,,exact,31.078737,35.042509,OK,31.078750,35.042488,"Moran ha-Khoresh St 29, Dimona, Israel",OK,31.078588,35.042710,"מורן החורש, נווה חורש, חכמי ישראל, דימונה, נפת באר שבע, מחוז הדרום, 8604712, ישראל",2.4,25.4,27.8,מורן החורש,124,partial,מורן החורש,,partial,,,n/a,מורן החורש,33,partial,
001027-073567-01352-X,דימונה,חצב,13,,,exact,31.077316,35.039153,OK,31.077266,35.039225,"Khatsav St 13, Dimona, Israel",OK,31.077292,35.038835,"חצב, נאות הללי, נווה גן, דימונה, נפת באר שבע, מחוז הדרום, 8604712, ישראל",8.9,30.4,37.3,חצב,13,match,חצב,,partial,,,n/a,חצב,117,partial,
001027-073567-01353-X,דימונה,שבזי שלום,13,,,exact,31.073407,35.042459,OK,31.073394,35.042433,"Shalom Shabazi St 13, Dimona, Israel",OK,31.071946,35.043415,"שלום שבזי, חכמי ישראל, דימונה, נפת באר שבע, מחוז הדרום, 8604712, ישראל",2.9,185.9,185.9,שלום שבזי,13,match,שלום שבזי,,partial,,,n/a,שלום שבזי,438,partial,
001027-073567-01354-X,דימונה,ירמיה,38,,,none,,,OK,31.077720,35.036547,"Yirmiya St 38, Dimona, Israel",OK,31.079286,35.035978,"ירמיה, נאות הללי, נווה גן, דימונה, נפת באר שבע, מחוז הדרום, 8604712, ישראל",,,181.9,,,n/a,,,n/a,דבורה הנביאה,,mismatch,עמוס,2,mismatch,govmap_missing;osm_rev_at_google_mismatch;google_rev_at_osm_mismatch
001027-073567-01355-X,דימונה,הגפן,7,,,exact,31.065152,35.027815,OK,31.065114,35.027751,"HaGefen St 7, Dimona, Israel",OK,31.064918,35.025862,"הגפן, שבעת המינים, נווה גן, דימונה, נפת באר שבע, מחוז הדרום, 8604712, ישראל",7.5,188.2,181.6,הגפן,7,match,הגפן,,partial,,,n/a,הגפן,34,partial,
001027-073567-01356-X,דימונה,ירמיה,29,,,none,,,OK,31.078689,35.036634,"Yirmiya St 29, Dimona, Israel",OK,31.079286,35.035978,"ירמיה, נאות הללי, נווה גן, דימונה, נפת באר שבע, מחוז הדרום, 8604712, ישראל",,,91.1,,,n/a,,,n/a,ירמיה,,partial,עמוס,2,mismatch,govmap_missing;google_rev_at_osm_mismatch
001027-073567-01357-X,דימונה,מלאכי,3,,,exact,31.079627,35.036187,OK,31.079604,35.036338,"Mal'akhi St 3, Dimona, Israel",OK,31.079531,35.036198,"מלאכי, נאות הללי, נווה גן, דימונה, נפת באר שבע, מחוז הדרום, 8604712, ישראל",14.7,10.7,15.6,ישעיה,7,mismatch,מלאכי,,partial,,,n/a,ישעיה,5,mismatch,google_rev_at_govmap_mismatch;google_rev_at_osm_mismatch
001027-082292-01612-X,דימונה,כובשי אילת,1612,,8603266,street,31.063645,35.039896,OK,31.063720,35.039881,"Kovshei Eilat St, Dimona, Israel",OK,31.064379,35.040286,"כובשי אילת, קהילת העבריים, נווה גן, דימונה, נפת באר שבע, מחוז הדרום, 8604712, ישראל",8.4,89.5,82.7,שדרות יגאל אלון,110,mismatch,כובשי אילת,,partial,,,n/a,,,mismatch,google_rev_at_govmap_mismatch;google_rev_at_osm_mismatch
001027-073567-01359-X,דימונה,?,23,,,exact,31.067073,35.036532,OK,31.069419,35.033363,"Dimona, Israel",OK,31.068661,35.036648,"דימונה, נפת באר שבע, מחוז הדרום, 8604712, ישראל",399.0,176.5,324.6,מודיעין,254,mismatch,שדרות הרצל,,mismatch,,,n/a,שדרות הרצל,16,mismatch,google_rev_at_govmap_mismatch;osm_rev_at_govmap_mismatch;google_rev_at_osm_mismatch
001027-073567-01359-X,דימונה,?,23,,,exact,31.067073,35.036532,OK,31.069419,35.033363,"Dimona, Israel",OK,31.068661,35.036648,"דימונה, נפת באר שבע, מחוז הדרום, 8604712, ישראל",399.0,176.5,324.6,מודיעין,254,mismatch,שדרות הרצל,,mismatch,,,n/a,שדרות הרצל,16,mismatch,google_rev_at_govmap_mismatch;osm_rev_at_govmap_mismatch;google_rev_at_osm_mismatch
001027-073567-01360-X,דימונה,חטיבת הראל,4079,,,none,,,OK,31.076385,35.028993,"Hativat Harel St, Dimona, Israel",OK,31.076081,35.029028,"חטיבת הראל, נווה דוד, נווה גן, דימונה, נפת באר שבע, מחוז הדרום, 8604712, ישראל",,,33.8,,,n/a,,,n/a,יצחק טבנקין,,mismatch,חטיבת הראל,4,partial,govmap_missing;osm_rev_at_google_mismatch
001027-073567-01361-X,דימונה,הר שניר,13,,,none,,,OK,31.086215,35.035501,"Snir St 13, Dimona, Israel",OK,31.086699,35.034469,"הר שניר, נווה גן, דימונה, נפת באר שבע, מחוז הדרום, 8604712, ישראל",,,112.1,,,n/a,,,n/a,הר שניר,,partial,,,mismatch,govmap_missing;google_rev_at_osm_mismatch
001027-075520-01020-X,דימונה,שד גולדה מאיר,1020,,8605832,street,31.074634,35.031562,OK,31.070021,35.031872,"Sderot Golda Me'ir 1020, Dimona, Israel",OK,31.068478,35.031884,"שד׳ גולדה מאיר/שד׳ הרצל, שדרות גולדה מאיר, הנצחון, נווה גן, דימונה, נפת באר שבע, מחוז הדרום, 8604712, ישראל",512.4,683.3,171.1,שדרות גולדה מאיר,1,partial,שדרות גולדה מאיר,,partial,,,n/a,,,mismatch,google_rev_at_osm_mismatch
001027-075520-01020-א,דימונה,שד גולדה מאיר,1020,א,8605833,street,31.074634,35.031562,OK,31.070021,35.031872,"Sderot Golda Me'ir 1020, Dimona, Israel",OK,31.068478,35.031884,"שד׳ גולדה מאיר/שד׳ הרצל, שדרות גולדה מאיר, הנצחון, נווה גן, דימונה, נפת באר שבע, מחוז הדרום, 8604712, ישראל",512.4,683.3,171.1,שדרות גולדה מאיר,1,partial,שדרות גולדה מאיר,,partial,,,n/a,,,mismatch,google_rev_at_osm_mismatch
001027-075520-01020-ב,דימונה,שד גולדה מאיר,1020,ב,8605834,street,31.074634,35.031562,OK,31.070021,35.031872,"Sderot Golda Me'ir 1020, Dimona, Israel",OK,31.068478,35.031884,"שד׳ גולדה מאיר/שד׳ הרצל, שדרות גולדה מאיר, הנצחון, נווה גן, דימונה, נפת באר שבע, מחוז הדרום, 8604712, ישראל",512.4,683.3,171.1,שדרות גולדה מאיר,1,partial,שדרות גולדה מאיר,,partial,,,n/a,,,mismatch,google_rev_at_osm_mismatch
001027-075520-01020-ג,דימונה,שד גולדה מאיר,1020,ג,8605835,street,31.074634,35.031562,OK,31.070021,35.031872,"Sderot Golda Me'ir 1020, Dimona, Israel",OK,31.068478,35.031884,"שד׳ גולדה מאיר/שד׳ הרצל, שדרות גולדה מאיר, הנצחון, נווה גן, דימונה, נפת באר שבע, מחוז הדרום, 8604712, ישראל",512.4,683.3,171.1,שדרות גולדה מאיר,1,partial,שדרות גולדה מאיר,,partial,,,n/a,,,mismatch,google_rev_at_osm_mismatch
001027-075520-01020-ד,דימונה,שד גולדה מאיר,1020,ד,8605836,street,31.074634,35.031562,OK,31.070021,35.031872,"Sderot Golda Me'ir 1020, Dimona, Israel",OK,31.068478,35.031884,"שד׳ גולדה מאיר/שד׳ הרצל, שדרות גולדה מאיר, הנצחון, נווה גן, דימונה, נפת באר שבע, מחוז הדרום, 8604712, ישראל",512.4,683.3,171.1,שדרות גולדה מאיר,1,partial,שדרות גולדה מאיר,,partial,,,n/a,,,mismatch,google_rev_at_osm_mismatch
001027-073567-01363-X,דימונה,סחלבן החורש,73,,,none,,,OK,31.077153,35.040945,"Sakhlevan ha-Khoresh St 73, Dimona, Israel",OK,31.077293,35.040937,"סחלבן החורש, נווה חורש, חכמי ישראל, דימונה, נפת באר שבע, מחוז הדרום, 8604712, ישראל",,,15.6,,,n/a,,,n/a,סחלבן החורש,,partial,סחלבן החורש,26,partial,govmap_missing
001027-073567-01364-X,דימונה,הר כנען,1,,,exact,31.086541,35.037452,OK,31.086466,35.037515,"Kna'an St 1, Dimona, Israel",OK,31.086818,35.038057,"הר כנען, נווה גן, דימונה, נפת באר שבע, מחוז הדרום, 8604712, ישראל",10.3,65.5,64.9,,,mismatch,הר כנען,,partial,,,n/a,,,mismatch,google_rev_at_govmap_mismatch;google_rev_at_osm_mismatch
001027-080737-00001-X,דימונה,רחבת אורון,1,,8602298,street,31.063830,35.030479,OK,31.064058,35.030074,"Oron St 1, Dimona, Israel",ZERO_RESULTS,,,,46.2,,,שדרות הנשיא,153,mismatch,אורון,,partial,,,n/a,,,n/a,osm_fwd_ZERO_RESULTS;google_rev_at_govmap_mismatch
001027-079550-00039-X,דימונה,האורן,39,,8602906,street,31.065651,35.028785,OK,31.066059,35.029428,"HaOren St 39, Dimona, Israel",OK,31.066104,35.029244,"האורן, שבעת המינים, נווה גן, דימונה, נפת באר שבע, מחוז הדרום, 8604712, ישראל",76.2,66.7,18.2,הגפן,1,mismatch,האורן,,partial,,,n/a,האורן,13,partial,google_rev_at_govmap_mismatch
001027-079550-00039-א,דימונה,האורן,39,א,8602907,street,31.065651,35.028785,OK,31.066059,35.029428,"HaOren St 39, Dimona, Israel",OK,31.066104,35.029244,"האורן, שבעת המינים, נווה גן, דימונה, נפת באר שבע, מחוז הדרום, 8604712, ישראל",76.2,66.7,18.2,הגפן,1,mismatch,האורן,,partial,,,n/a,האורן,13,partial,google_rev_at_govmap_mismatch
001027-079550-00039-ב,דימונה,האורן,39,ב,8602908,street,31.065651,35.028785,OK,31.066059,35.029428,"HaOren St 39, Dimona, Israel",OK,31.066104,35.029244,"האורן, שבעת המינים, נווה גן, דימונה, נפת באר שבע, מחוז הדרום, 8604712, ישראל",76.2,66.7,18.2,הגפן,1,mismatch,האורן,,partial,,,n/a,האורן,13,partial,google_rev_at_govmap_mismatch
001027-079550-00039-ג,דימונה,האורן,39,ג,8602909,street,31.065651,35.028785,OK,31.066059,35.029428,"HaOren St 39, Dimona, Israel",OK,31.066104,35.029244,"האורן, שבעת המינים, נווה גן, דימונה, נפת באר שבע, מחוז הדרום, 8604712, ישראל",76.2,66.7,18.2,הגפן,1,mismatch,האורן,,partial,,,n/a,האורן,13,partial,google_rev_at_govmap_mismatch
001027-079550-00039-ד,דימונה,האורן,39,ד,8602910,street,31.065651,35.028785,OK,31.066059,35.029428,"HaOren St 39, Dimona, Israel",OK,31.066104,35.029244,"האורן, שבעת המינים, נווה גן, דימונה, נפת באר שבע, מחוז הדרום, 8604712, ישראל",76.2,66.7,18.2,הגפן,1,mismatch,האורן,,partial,,,n/a,האורן,13,partial,google_rev_at_govmap_mismatch
001027-073567-01367-X,דימונה,הר שניר,16,,,exact,31.086660,35.034943,OK,31.086457,35.035045,"Snir St 16, Dimona, Israel",OK,31.086699,35.034469,"הר שניר, נווה גן, דימונה, נפת באר שבע, מחוז הדרום, 8604712, ישראל",24.5,45.4,61.1,,,mismatch,הר שניר,,partial,,,n/a,,,mismatch,google_rev_at_govmap_mismatch;google_rev_at_osm_mismatch
001027-083956-01216-X,דימונה,הזמיר,1216,,8611505,street,31.074292,35.037634,OK,31.074468,35.037594,"Mish'ol HaZamir 1216, Dimona, Israel",OK,31.074172,35.038394,"השלווה/משעול הזמיר, השלווה, הגבעה, נווה גן, דימונה, נפת באר שבע, מחוז הדרום, 8604712, ישראל",19.9,73.7,83.1,משעול הזמיר,1216,partial,השלווה,,mismatch,,,n/a,,,mismatch,osm_rev_at_govmap_mismatch;google_rev_at_osm_mismatch
001027-073567-01369-X,דימונה,הר גולן,2,,,exact,31.086419,35.034747,OK,31.086370,35.034965,"Golan St 2, Dimona, Israel",OK,31.086229,35.034568,"הר גולן, נווה גן, דימונה, נפת באר שבע, מחוז הדרום, 8604712, ישראל",21.5,27.1,41.0,,,mismatch,הר שניר,,partial,,,n/a,,,mismatch,google_rev_at_govmap_mismatch;google_rev_at_osm_mismatch
001027-073567-01370-X,דימונה,הרימון,4,,,exact,31.064151,35.028312,OK,31.064156,35.028285,"Ha-Rimon St 4, Dimona, Israel",OK,31.063935,35.026963,"הרימון, שבעת המינים, נווה גן, דימונה, נפת באר שבע, מחוז הדרום, 8604712, ישראל",2.6,130.9,128.5,הרימון,4,match,הרימון,,partial,,,n/a,הרימון,199,partial,
001027-073567-01371-X,דימונה,הרכס,2,,,exact,31.067904,35.043045,OK,31.067781,35.043190,"Ha-Rekhes St 2, Dimona, Israel",OK,31.068325,35.042827,"הרכס, קהילת העבריים, חכמי ישראל, דימונה, נפת באר שבע, מחוז הדרום, 8604712, ישראל",19.4,51.2,69.6,הפיסגה,375,mismatch,הרכס,,partial,,,n/a,הרכס,8,partial,google_rev_at_govmap_mismatch
001027-073567-01372-X,דימונה,שד הנשיא,57,,,exact,31.063457,35.031200,OK,31.066607,35.031848,"Sderot HaNassi 57, Dimona, Israel",ZERO_RESULTS,,,,354.7,,,שדרות הנשיא,5,partial,שדרות אריאל שרון,,mismatch,,,n/a,,,n/a,osm_fwd_ZERO_RESULTS;osm_rev_at_govmap_mismatch
001027-073567-01373-X,דימונה,חרוב,33,,,none,,,OK,31.080430,35.042488,"Kharuv St 33, Dimona, Israel",OK,31.080232,35.041284,"חרוב, נווה חורש, חכמי ישראל, דימונה, נפת באר שבע, מחוז הדרום, 8604712, ישראל",,,117.0,,,n/a,,,n/a,חרוב,,partial,חרוב,230,partial,govmap_missing
001027-073567-01374-X,דימונה,שושן צחור,15,,,exact,31.075290,35.033640,OK,31.075302,35.033598,"Shoshan Tsakhor St 15, Dimona, Israel",OK,31.075173,35.032677,"שושן צחור, נווה אביב, נווה גן, דימונה, נפת באר שבע, מחוז הדרום, 8604712, ישראל",4.2,92.9,89.1,שושן צחור,22,partial,שושן צחור,,partial,,,n/a,שושן צחור,165,partial,
001027-073567-01375-X,דימונה,ליבנה,18,,,exact,31.078243,35.041162,OK,31.078253,35.041100,"Livne St 18, Dimona, Israel",OK,31.079424,35.040947,"ליבנה, נווה חורש, חכמי ישראל, דימונה, נפת באר שבע, מחוז הדרום, 8604712, ישראל",6.0,132.5,130.7,ליבנה,55,partial,ליבנה,,partial,,,n/a,דפנה,36,mismatch,google_rev_at_osm_mismatch
001027-073567-01376-X,דימונה,העמל,1,,,none,,,OK,31.064838,35.016773,"Ha-Amal St 1, Dimona, Israel",OK,31.064876,35.018872,"העמל, אזור תעשייה קריית עמל, נווה גן, דימונה, נפת באר שבע, מחוז הדרום, 8604712, ישראל",,,200.3,,,n/a,,,n/a,,,mismatch,העמל,63,partial,govmap_missing;osm_rev_at_google_mismatch
001027-073567-01377-X,דימונה,דני,11,,,none,,,OK,31.069419,35.033363,"Dimona, Israel",ZERO_RESULTS,,,,,,,,,n/a,,,n/a,טיילת הספורט,,mismatch,,,n/a,govmap_missing;osm_fwd_ZERO_RESULTS;osm_rev_at_google_mismatch
001027-083222-00287-א,דימונה,המלך דוד,287,א,8614319,street,31.069093,35.034799,OK,31.068885,35.033890,"David HaMelech St 287, Dimona, Israel",OK,31.069160,35.034058,"דוד המלך, שכונה לדוגמא, נווה גן, דימונה, נפת באר שבע, מחוז הדרום, 8604712, ישראל",89.8,71.1,34.4,דרך דוד בן גוריון,1,partial,בן גוריון,,mismatch,,,n/a,דרך דוד בן גוריון,293,partial,osm_rev_at_govmap_mismatch
001027-083222-00287-ב,דימונה,המלך דוד,287,ב,8614320,street,31.069093,35.034799,OK,31.068885,35.033890,"David HaMelech St 287, Dimona, Israel",OK,31.069160,35.034058,"דוד המלך, שכונה לדוגמא, נווה גן, דימונה, נפת באר שבע, מחוז הדרום, 8604712, ישראל",89.8,71.1,34.4,דרך דוד בן גוריון,1,partial,בן גוריון,,mismatch,,,n/a,דרך דוד בן גוריון,293,partial,osm_rev_at_govmap_mismatch
001027-073567-01379-X,דימונה,חרוב,17,,,exact,31.080419,35.040583,OK,31.080458,35.040582,"Kharuv St 17, Dimona, Israel",OK,31.080232,35.041284,"חרוב, נווה חורש, חכמי ישראל, דימונה, נפת באר שבע, מחוז הדרום, 8604712, ישראל",4.4,70.0,71.6,חרוב,17,match,חרוב,,partial,,,n/a,חרוב,230,partial,
001027-073567-01380-X,דימונה,שד בן גוריון,85,,,exact,31.073630,35.034386,OK,31.073891,35.034629,"דוד בן גוריון 85, Dimona, Israel",ZERO_RESULTS,,,,37.1,,,דרך דוד בן גוריון,1045,partial,בן גוריון,,partial,,,n/a,,,n/a,osm_fwd_ZERO_RESULTS
001027-073567-01381-X,דימונה,בשמת,20,,,exact,31.078975,35.043374,OK,31.078985,35.043321,"Bosmat St 20, Dimona, Israel",OK,31.079159,35.043067,"בשמת, נווה חורש, חכמי ישראל, דימונה, נפת באר שבע, מחוז הדרום, 8604712, ישראל",5.2,35.7,31.0,הברוש,134,mismatch,בשמת,,partial,,,n/a,בשמת,16,partial,google_rev_at_govmap_mismatch
001027-073567-01382-X,דימונה,דרך השלום,18,,,exact,31.073033,35.035807,OK,31.073030,35.035734,"Derech HaShalom 18, Dimona, Israel",ZERO_RESULTS,,,,7.0,,,דרך השלום,115,partial,נבטים,1204,mismatch,,,n/a,,,n/a,osm_fwd_ZERO_RESULTS;osm_rev_at_govmap_mismatch
001027-073567-01383-X,דימונה,שד יגאל אלון,30,,,exact,31.063127,35.034802,OK,31.062691,35.031622,"Sderot Yig'al Alon 30, Dimona, Israel",ZERO_RESULTS,,,,307.4,,,שדרות יגאל אלון,55,partial,הצבר,,mismatch,,,n/a,,,n/a,osm_fwd_ZERO_RESULTS;osm_rev_at_govmap_mismatch
001027-073567-01383-X,דימונה,שד יגאל אלון,30,,,exact,31.063127,35.034802,OK,31.062691,35.031622,"Sderot Yig'al Alon 30, Dimona, Israel",ZERO_RESULTS,,,,307.4,,,שדרות יגאל אלון,55,partial,הצבר,,mismatch,,,n/a,,,n/a,osm_fwd_ZERO_RESULTS;osm_rev_at_govmap_mismatch
001027-073567-01383-X,דימונה,שד יגאל אלון,30,,,exact,31.063127,35.034802,OK,31.062691,35.031622,"Sderot Yig'al Alon 30, Dimona, Israel",ZERO_RESULTS,,,,307.4,,,שדרות יגאל אלון,55,partial,הצבר,,mismatch,,,n/a,,,n/a,osm_fwd_ZERO_RESULTS;osm_rev_at_govmap_mismatch
001027-077597-00147-X,דימונה,נוה מדבר,147,,8601375,street,31.060570,35.028727,OK,31.061179,35.026713,"Neve Midbar St 147, Dimona, Israel",OK,31.060615,35.028548,"נוה מדבר, ערבה, נווה גן, דימונה, נפת באר שבע, מחוז הדרום, 8604712, ישראל",203.7,17.8,186.0,נווה מדבר,27,partial,נוה מדבר,,partial,,,n/a,נווה מדבר,31,partial,
001027-073567-01385-X,דימונה,הרמה,46,,,exact,31.068233,35.041997,OK,31.068291,35.041896,"Ha-Rama St 46, Dimona, Israel",OK,31.070092,35.040819,"הרמה, הגבעה, נווה גן, דימונה, נפת באר שבע, מחוז הדרום, 8604712, ישראל",11.6,234.8,224.6,הגיא,310,mismatch,הרמה,,partial,,,n/a,הרמה,15,partial,google_rev_at_govmap_mismatch
001027-073567-01386-X,דימונה,לובטקין צביה,13,,,none,,,OK,31.069419,35.033363,"Dimona, Israel",OK,31.070505,35.031328,"צביה לובטקין, הנצחון, נווה גן, דימונה, נפת באר שבע, מחוז הדרום, 8604712, ישראל",,,228.5,,,n/a,,,n/a,טיילת הספורט,,mismatch,רחבת צביה לובטקין,1001,partial,govmap_missing;osm_rev_at_google_mismatch
001027-076793-00772-X,דימונה,הנרקיס,772,,8603617,street,31.062649,35.031833,OK,31.062653,35.032163,"Narkis St, Dimona, Israel",ZERO_RESULTS,,,,31.4,,,נרקיס,30,mismatch,נרקיס,,mismatch,,,n/a,,,n/a,osm_fwd_ZERO_RESULTS;google_rev_at_govmap_mismatch;osm_rev_at_govmap_mismatch
001027-073567-01388-X,דימונה,סחלבן החורש,40,,,exact,31.077260,35.041465,OK,31.077315,35.041447,"Sakhlevan ha-Khoresh St 40, Dimona, Israel",OK,31.077462,35.041925,"סחלבן החורש, נווה חורש, חכמי ישראל, דימונה, נפת באר שבע, מחוז הדרום, 8604712, ישראל",6.3,49.3,48.5,סחלבן החורש,517,partial,כליל החורש,,partial,,,n/a,סחלבן החורש,29,partial,
001027-073567-01389-X,דימונה,משעול הרעות,6,,,none,,,OK,31.076079,35.036076,"Ha-Re'ut St, Dimona, Israel",ZERO_RESULTS,,,,,,,,,n/a,,,n/a,"רש""י",,mismatch,,,n/a,govmap_missing;osm_fwd_ZERO_RESULTS;osm_rev_at_google_mismatch
001027-080850-00231-X,דימונה,הרצל,231,,8604101,street,31.067532,35.030913,OK,31.069419,35.033363,"Dimona, Israel",OK,31.067568,35.035925,"שדרות הרצל, גיורא יוספטל, נווה גן, דימונה, נפת באר שבע, מחוז הדרום, 8604712, ישראל",313.8,478.4,319.3,שדרות הרצל,61,partial,שדרות הרצל,,partial,,,n/a,שדרות הרצל,232,partial,
001027-080850-00231-ב,דימונה,הרצל,231,ב,8604103,street,31.067532,35.030913,OK,31.069419,35.033363,"Dimona, Israel",OK,31.067568,35.035925,"שדרות הרצל, גיורא יוספטל, נווה גן, דימונה, נפת באר שבע, מחוז הדרום, 8604712, ישראל",313.8,478.4,319.3,שדרות הרצל,61,partial,שדרות הרצל,,partial,,,n/a,שדרות הרצל,232,partial,
001027-080850-00231-ג,דימונה,הרצל,231,ג,8604104,street,31.067532,35.030913,OK,31.069419,35.033363,"Dimona, Israel",OK,31.067568,35.035925,"שדרות הרצל, גיורא יוספטל, נווה גן, דימונה, נפת באר שבע, מחוז הדרום, 8604712, ישראל",313.8,478.4,319.3,שדרות הרצל,61,partial,שדרות הרצל,,partial,,,n/a,שדרות הרצל,232,partial,
001027-080850-00231-ד,דימונה,הרצל,231,ד,8604105,street,31.067532,35.030913,OK,31.069419,35.033363,"Dimona, Israel",OK,31.067568,35.035925,"שדרות הרצל, גיורא יוספטל, נווה גן, דימונה, נפת באר שבע, מחוז הדרום, 8604712, ישראל",313.8,478.4,319.3,שדרות הרצל,61,partial,שדרות הרצל,,partial,,,n/a,שדרות הרצל,232,partial,
001027-080850-00231-ה,דימונה,הרצל,231,ה,8604106,street,31.067532,35.030913,OK,31.069419,35.033363,"Dimona, Israel",OK,31.067568,35.035925,"שדרות הרצל, גיורא יוספטל, נווה גן, דימונה, נפת באר שבע, מחוז הדרום, 8604712, ישראל",313.8,478.4,319.3,שדרות הרצל,61,partial,שדרות הרצל,,partial,,,n/a,שדרות הרצל,232,partial,
001027-073567-01391-X,דימונה,רחבת יונתן,9,,,none,,,OK,31.069419,35.033363,"Dimona, Israel",ZERO_RESULTS,,,,,,,,,n/a,,,n/a,טיילת הספורט,,mismatch,,,n/a,govmap_missing;osm_fwd_ZERO_RESULTS;osm_rev_at_google_mismatch
001027-073567-01392-X,דימונה,סחלבן החורש,34,,,exact,31.077181,35.041150,OK,31.077189,35.041093,"Sakhlevan ha-Khoresh St 34, Dimona, Israel",OK,31.077462,35.041925,"סחלבן החורש, נווה חורש, חכמי ישראל, דימונה, נפת באר שבע, מחוז הדרום, 8604712, ישראל",5.5,80.3,85.0,סחלבן החורש,518,partial,סחלבן החורש,,partial,,,n/a,סחלבן החורש,29,partial,
001027-077164-00728-X,דימונה,הכלנית,728,,8603705,street,31.062077,35.031329,OK,31.061740,35.031327,"Kalanit St, Dimona, Israel",ZERO_RESULTS,,,,37.3,,,כלנית,9,mismatch,כלנית,,mismatch,,,n/a,,,n/a,osm_fwd_ZERO_RESULTS;google_rev_at_govmap_mismatch;osm_rev_at_govmap_mismatch
001027-073567-01394-X,דימונה,ירושלים,6,,,none,,,OK,31.058111,35.038508,"Jerusalem St 6, Dimona, Israel",OK,31.059048,35.032782,"ירושלים, ערבה, נווה גן, דימונה, נפת באר שבע, מחוז הדרום, 8604712, ישראל",,,556.4,,,n/a,,,n/a,ירושלים,,partial,,,mismatch,govmap_missing;google_rev_at_osm_mismatch
001027-073567-01395-X,דימונה,קיסריה,12,,,exact,31.057189,35.037465,OK,31.057167,35.037428,"Caesarea St 12, Dimona, Israel",OK,31.057386,35.037868,"קיסריה, ממשית, נווה גן, דימונה, נפת באר שבע, מחוז הדרום, 8604712, ישראל",4.3,44.2,48.5,קיסריה,12,match,קיסריה,,partial,,,n/a,קיסריה,11,partial,
001027-073567-01396-X,דימונה,בשמת,23,,,exact,31.079239,35.043501,OK,31.079274,35.043497,"Bosmat St 23, Dimona, Israel",OK,31.079159,35.043067,"בשמת, נווה חורש, חכמי ישראל, דימונה, נפת באר שבע, מחוז הדרום, 8604712, ישראל",3.9,42.3,42.9,בשמת,25,partial,בשמת,,partial,,,n/a,בשמת,16,partial,
001027-073567-01397-X,דימונה,מולדה,31,,,none,,,OK,31.074613,35.028582,"Molada St 31, Dimona, Israel",OK,31.075288,35.030167,"מולדה, נווה דוד, נווה גן, דימונה, נפת באר שבע, מחוז הדרום, 8604712, ישראל",,,168.8,,,n/a,,,n/a,,,mismatch,יגור,11,mismatch,govmap_missing;osm_rev_at_google_mismatch;google_rev_at_osm_mismatch
001027-073567-01398-X,דימונה,פינטו חיים,324,,,none,,,OK,31.069419,35.033363,"Dimona, Israel",OK,31.076158,35.039706,"חיים פינטו הרב, חכמי ישראל, דימונה, נפת באר שבע, מחוז הדרום, 8604712, ישראל",,,961.7,,,n/a,,,n/a,טיילת הספורט,,mismatch,יהודה הלוי,465,mismatch,govmap_missing;osm_rev_at_google_mismatch;google_rev_at_osm_mismatch
001027-073567-01399-X,דימונה,טופח,39,,,none,,,OK,31.081913,35.042192,"Tofakh St 39, Dimona, Israel",OK,31.081167,35.041568,"טופח, נווה חורש, חכמי ישראל, דימונה, נפת באר שבע, מחוז הדרום, 8604712, ישראל",,,102.0,,,n/a,,,n/a,סיגלון,,mismatch,שיזף,39,mismatch,govmap_missing;osm_rev_at_google_mismatch;google_rev_at_osm_mismatch
001027-073567-01400-X,דימונה,המעפיל,49,,,exact,31.072171,35.036213,OK,31.072187,35.036175,"HaMa'apil St 49, Dimona, Israel",OK,31.071913,35.033190,"המעפיל, הנצחון, נווה גן, דימונה, נפת באר שבע, מחוז הדרום, 8604712, ישראל",4.0,289.9,286.5,המעפיל,49,match,המעפיל,,partial,,,n/a,טיילת הספורט,1056,mismatch,google_rev_at_osm_mismatch
001027-073567-01401-X,דימונה,?,12,,,exact,31.061318,35.027643,OK,31.069419,35.033363,"Dimona, Israel",OK,31.068661,35.036648,"דימונה, נפת באר שבע, מחוז הדרום, 8604712, ישראל",1051.1,1183.9,324.6,נווה מדבר,60,mismatch,,,mismatch,,,n/a,שדרות הרצל,16,mismatch,google_rev_at_govmap_mismatch;osm_rev_at_govmap_mismatch;google_rev_at_osm_mismatch
001027-073567-01401-X,דימונה,?,12,,,exact,31.061318,35.027643,OK,31.069419,35.033363,"Dimona, Israel",OK,31.068661,35.036648,"דימונה, נפת באר שבע, מחוז הדרום, 8604712, ישראל",1051.1,1183.9,324.6,נווה מדבר,60,mismatch,,,mismatch,,,n/a,שדרות הרצל,16,mismatch,google_rev_at_govmap_mismatch;osm_rev_at_govmap_mismatch;google_rev_at_osm_mismatch
001027-073567-01402-X,דימונה,פקיעין,24,,,exact,31.057164,35.036663,OK,31.057148,35.036608,"Pki'in St 24, Dimona, Israel",OK,31.057658,35.035813,"פקיעין, ערבה, נווה גן, דימונה, נפת באר שבע, מחוז הדרום, 8604712, ישראל",5.5,97.9,94.6,פקיעין,24,match,פקיעין,,partial,,,n/a,פקיעין,15,partial,
001027-085619-00145-X,דימונה,התפוצות,145,,8605884,street,31.076640,35.030562,OK,31.076766,35.034336,"Ha-Tfutsot St 145, Dimona, Israel",OK,31.076760,35.033662,"התפוצות, נאות הללי, נווה גן, דימונה, נפת באר שבע, מחוז הדרום, 8604712, ישראל",360.4,296.2,64.3,,,n/a,התפוצות,,partial,,,n/a,,,mismatch,google_rev_at_osm_mismatch
001027-073567-01404-X,דימונה,הרימון,6,,,exact,31.064128,35.028100,OK,31.064167,35.028100,"Ha-Rimon St 6, Dimona, Israel",OK,31.063935,35.026963,"הרימון, שבעת המינים, נווה גן, דימונה, נפת באר שבע, מחוז הדרום, 8604712, ישראל",4.3,110.6,111.5,הרימון,6,match,הרימון,,partial,,,n/a,הרימון,199,partial,
001027-085619-00031-X,דימונה,התפוצות,31,,8605877,street,31.076640,35.030562,OK,31.076510,35.027762,"Ha-Tfutsot St 31, Dimona, Israel",OK,31.076865,35.033020,"התפוצות, נאות הללי, נווה גן, דימונה, נפת באר שבע, מחוז הדרום, 8604712, ישראל",267.6,235.9,503.4,,,n/a,התפוצות,,partial,,,n/a,,,mismatch,google_rev_at_osm_mismatch
001027-083058-00287-X,דימונה,טיילת הספורט,287,,8617985,street,31.071267,35.033164,OK,31.068518,35.033442,"HaSport Promenade 287, Dimona, Israel",OK,31.069575,35.033135,"טיילת הספורט, נווה אביב, נווה גן, דימונה, נפת באר שבע, מחוז הדרום, 8604712, ישראל",305.9,187.7,120.8,טיילת הספורט,1058,partial,טיילת הספורט,,partial,,,n/a,השקמה,,mismatch,google_rev_at_osm_mismatch
001027-082696-00786-X,דימונה,היורה,786,,8601238,street,31.059848,35.032720,OK,31.060384,35.033089,"Ha-Yore St, Dimona, Israel",OK,31.059906,35.032817,"היורה, ערבה, נווה גן, דימונה, נפת באר שבע, מחוז הדרום, 8604712, ישראל",69.1,11.3,59.1,היורה,12-20,partial,היורה,,partial,,,n/a,היורה,13,partial,
001027-073567-01408-X,דימונה,רחבת הבנים,1,,,none,,,OK,31.068421,35.031482,"Rahvat HaBanim, Dimona, Israel",ZERO_RESULTS,,,,,,,,,n/a,,,n/a,שדרות גולדה מאיר,,mismatch,,,n/a,govmap_missing;osm_fwd_ZERO_RESULTS;osm_rev_at_google_mismatch
001027-073567-01409-X,דימונה,?,5,,,exact,31.066487,35.039137,OK,31.069419,35.033363,"Dimona, Israel",OK,32.055452,34.798519,"5, דימונה, תל־אביב–יפו, יד אליהו, תל־אביב–יפו, נפת תל אביב, מחוז תל אביב, 6767589, ישראל",639.8,112011.0,111581.6,שדרות הרצל,5,mismatch,שדרות הרצל,,mismatch,,,n/a,דימונה,5,mismatch,google_rev_at_govmap_mismatch;osm_rev_at_govmap_mismatch;google_rev_at_osm_mismatch
001027-073567-01409-X,דימונה,?,5,,,exact,31.066487,35.039137,OK,31.069419,35.033363,"Dimona, Israel",OK,32.055452,34.798519,"5, דימונה, תל־אביב–יפו, יד אליהו, תל־אביב–יפו, נפת תל אביב, מחוז תל אביב, 6767589, ישראל",639.8,112011.0,111581.6,שדרות הרצל,5,mismatch,שדרות הרצל,,mismatch,,,n/a,דימונה,5,mismatch,google_rev_at_govmap_mismatch;osm_rev_at_govmap_mismatch;google_rev_at_osm_mismatch
001027-073567-01409-X,דימונה,?,5,,,exact,31.066487,35.039137,OK,31.069419,35.033363,"Dimona, Israel",OK,32.055452,34.798519,"5, דימונה, תל־אביב–יפו, יד אליהו, תל־אביב–יפו, נפת תל אביב, מחוז תל אביב, 6767589, ישראל",639.8,112011.0,111581.6,שדרות הרצל,5,mismatch,שדרות הרצל,,mismatch,,,n/a,דימונה,5,mismatch,google_rev_at_govmap_mismatch;osm_rev_at_govmap_mismatch;google_rev_at_osm_mismatch
001027-073567-01410-X,דימונה,?,55,,,exact,31.067272,35.031800,OK,31.069419,35.033363,"Dimona, Israel",OK,31.068661,35.036648,"דימונה, נפת באר שבע, מחוז הדרום, 8604712, ישראל",280.9,487.7,324.6,שדרות הרצל,100,mismatch,שדרות אריאל שרון,,mismatch,,,n/a,שדרות הרצל,16,mismatch,google_rev_at_govmap_mismatch;osm_rev_at_govmap_mismatch;google_rev_at_osm_mismatch
001027-073567-01410-X,דימונה,?,55,,,exact,31.067272,35.031800,OK,31.069419,35.033363,"Dimona, Israel",OK,31.068661,35.036648,"דימונה, נפת באר שבע, מחוז הדרום, 8604712, ישראל",280.9,487.7,324.6,שדרות הרצל,100,mismatch,שדרות אריאל שרון,,mismatch,,,n/a,שדרות הרצל,16,mismatch,google_rev_at_govmap_mismatch;osm_rev_at_govmap_mismatch;google_rev_at_osm_mismatch
001027-079550-00547-X,דימונה,האורן,547,,8602928,street,31.065651,35.028785,OK,31.065945,35.029927,"HaOren St, Dimona, Israel",OK,31.066104,35.029244,"האורן, שבעת המינים, נווה גן, דימונה, נפת באר שבע, מחוז הדרום, 8604712, ישראל",113.8,66.7,67.6,הגפן,1,mismatch,האורן,,partial,,,n/a,האורן,13,partial,google_rev_at_govmap_mismatch
001027-083704-01315-X,דימונה,מרחבים,1315,,8616707,street,31.074857,35.037212,OK,31.076482,35.035285,"Merhavim St 1315, Dimona, Israel",OK,31.075094,35.039115,"מרחבים, הגבעה, נווה גן, דימונה, נפת באר שבע, מחוז הדרום, 8604712, ישראל",257.5,183.5,396.6,מרחבים,0,partial,מרחבים,1321,partial,,,n/a,מרחבים,1329,partial,
001027-077042-00021-X,דימונה,מצדה,21,,8601205,street,31.061379,35.031181,OK,31.061422,35.030680,"Mesada St 21, Dimona, Israel",OK,31.060856,35.032421,"מצדה, ערבה, נווה גן, דימונה, נפת באר שבע, מחוז הדרום, 8604712, ישראל",48.1,131.8,177.7,מצדה,20,partial,מצדה,,partial,,,n/a,מצדה,38,partial,
001027-077042-00021-א,דימונה,מצדה,21,א,8601206,street,31.061379,35.031181,OK,31.061422,35.030680,"Mesada St 21, Dimona, Israel",OK,31.060856,35.032421,"מצדה, ערבה, נווה גן, דימונה, נפת באר שבע, מחוז הדרום, 8604712, ישראל",48.1,131.8,177.7,מצדה,20,partial,מצדה,,partial,,,n/a,מצדה,38,partial,
001027-077042-00021-ב,דימונה,מצדה,21,ב,8601207,street,31.061379,35.031181,OK,31.061422,35.030680,"Mesada St 21, Dimona, Israel",OK,31.060856,35.032421,"מצדה, ערבה, נווה גן, דימונה, נפת באר שבע, מחוז הדרום, 8604712, ישראל",48.1,131.8,177.7,מצדה,20,partial,מצדה,,partial,,,n/a,מצדה,38,partial,
001027-073567-01414-X,דימונה,שד הנשיא,65,,,exact,31.063954,35.031762,OK,31.064020,35.031378,"Sderot HaNassi 65, Dimona, Israel",ZERO_RESULTS,,,,37.3,,,שדרות הנשיא,45,partial,שדרות אריאל שרון,,mismatch,,,n/a,,,n/a,osm_fwd_ZERO_RESULTS;osm_rev_at_govmap_mismatch
001027-073567-01415-X,דימונה,מבצע ברוש,9,,,none,,,OK,31.071866,35.027859,"Mivtsa Brosh St 9, Dimona, Israel",OK,31.072363,35.028065,"מבצע ברוש, הנצחון, נווה גן, דימונה, נפת באר שבע, מחוז הדרום, 8604712, ישראל",,,58.5,,,n/a,,,n/a,יצחק ורדימון,,mismatch,יצחק שדה,1019,mismatch,govmap_missing;osm_rev_at_google_mismatch;google_rev_at_osm_mismatch
001027-073567-01416-X,דימונה,שטרן יאיר,8,,,none,,,OK,31.065888,35.024943,"Ya'ir Stern St 8, Dimona, Israel",OK,31.064984,35.025374,"יאיר שטרן, שבעת המינים, נווה גן, דימונה, נפת באר שבע, מחוז הדרום, 8604712, ישראל",,,108.3,,,n/a,,,n/a,,,mismatch,הגפן,40,mismatch,govmap_missing;osm_rev_at_google_mismatch;google_rev_at_osm_mismatch
001027-073567-01417-X,דימונה,ורדימון יצחק,10,,,none,,,OK,31.071652,35.027271,"Yitshak Vardimon St 10, Dimona, Israel",OK,31.071740,35.028138,"יצחק ורדימון, הנצחון, נווה גן, דימונה, נפת באר שבע, מחוז הדרום, 8604712, ישראל",,,83.3,,,n/a,,,n/a,יצחק ורדימון,,partial,אסף,18,mismatch,govmap_missing;google_rev_at_osm_mismatch
001027-073567-01418-X,דימונה,משעול התקוה,13,,,none,,,OK,31.076264,35.035959,"Ha-Tikva St, Dimona, Israel",ZERO_RESULTS,,,,,,,,,n/a,,,n/a,הרב אלנקוה,,mismatch,,,n/a,govmap_missing;osm_fwd_ZERO_RESULTS;osm_rev_at_google_mismatch
001027-073567-01419-X,דימונה,הרמה,42,,,exact,31.068629,35.041939,OK,31.068670,35.041797,"Ha-Rama St 42, Dimona, Israel",OK,31.070092,35.040819,"הרמה, הגבעה, נווה גן, דימונה, נפת באר שבע, מחוז הדרום, 8604712, ישראל",14.3,194.2,183.2,הגיא,312,mismatch,הרמה,,partial,,,n/a,הרמה,15,partial,google_rev_at_govmap_mismatch
001027-085959-00001-X,דימונה,משעול שלדג,1,,8617604,street,31.073966,35.035791,OK,31.074248,35.036376,"Mish'ol Shaldag 1, Dimona, Israel",ZERO_RESULTS,,,,64.0,,,מרחבים,124,mismatch,דוכיפת,,mismatch,,,n/a,,,n/a,osm_fwd_ZERO_RESULTS;google_rev_at_govmap_mismatch;osm_rev_at_govmap_mismatch
001027-073567-01421-X,דימונה,משעול חירם,3,,,none,,,OK,31.073363,35.028656,"Hiram St 3, Dimona, Israel",ZERO_RESULTS,,,,,,,,,n/a,,,n/a,ארז,,mismatch,,,n/a,govmap_missing;osm_fwd_ZERO_RESULTS;osm_rev_at_google_mismatch
001027-073567-01422-X,דימונה,שד בן גוריון,17,,,exact,31.069266,35.034353,OK,31.073891,35.034629,"דוד בן גוריון 17, Dimona, Israel",ZERO_RESULTS,,,,513.5,,,דוד המלך,293,mismatch,דוד המלך,,mismatch,,,n/a,,,n/a,osm_fwd_ZERO_RESULTS;google_rev_at_govmap_mismatch;osm_rev_at_govmap_mismatch
001027-073567-01423-X,דימונה,חצב,10,,,none,,,OK,31.077577,35.038802,"Khatsav St 10, Dimona, Israel",OK,31.077292,35.038835,"חצב, נאות הללי, נווה גן, דימונה, נפת באר שבע, מחוז הדרום, 8604712, ישראל",,,31.8,,,n/a,,,n/a,חצב,,partial,חצב,117,partial,govmap_missing
001027-073567-01424-X,דימונה,חצב,8,,,exact,31.077544,35.038883,OK,31.077835,35.038810,"Khatsav St 8, Dimona, Israel",OK,31.077292,35.038835,"חצב, נאות הללי, נווה גן, דימונה, נפת באר שבע, מחוז הדרום, 8604712, ישראל",32.9,28.4,60.2,חצב,10,partial,חצב,,partial,,,n/a,חצב,117,partial,
001027-073567-01425-X,דימונה,ציפורי,19,,,exact,31.055732,35.036245,OK,31.055635,35.036060,"Tsipori St 19, Dimona, Israel",OK,31.054218,35.038395,"ציפורי, ממשית, דימונה, נפת באר שבע, מחוז הדרום, 8604712, ישראל",20.6,265.2,272.7,,,mismatch,ציפורי,,partial,,,n/a,ציפורי,137,partial,google_rev_at_govmap_mismatch
001027-073567-01426-X,דימונה,רזיאל דוד,7,,,none,,,OK,31.065447,35.026427,"David Raziel St 7, Dimona, Israel",ZERO_RESULTS,,,,,,,,,n/a,,,n/a,האילנות,12,mismatch,,,n/a,govmap_missing;osm_fwd_ZERO_RESULTS;osm_rev_at_google_mismatch
001027-077164-00746-X,דימונה,הכלנית,746,,8603721,street,31.062077,35.031329,OK,31.061740,35.031327,"Kalanit St, Dimona, Israel",ZERO_RESULTS,,,,37.3,,,כלנית,9,mismatch,כלנית,,mismatch,,,n/a,,,n/a,osm_fwd_ZERO_RESULTS;google_rev_at_govmap_mismatch;osm_rev_at_govmap_mismatch
001027-083704-01307-X,דימונה,מרחבים,1307,,8616901,street,31.074857,35.037212,OK,31.075669,35.035116,"Merhavim St 1307, Dimona, Israel",OK,31.074810,35.035596,"מרחבים, נווה אביב, נווה גן, דימונה, נפת באר שבע, מחוז הדרום, 8604712, ישראל",219.3,154.3,105.7,מרחבים,0,partial,מרחבים,1321,partial,,,n/a,מרחבים,48,partial,
001027-083704-01307-א,דימונה,מרחבים,1307,א,8616902,street,31.074857,35.037212,OK,31.075669,35.035116,"Merhavim St 1307, Dimona, Israel",OK,31.074810,35.035596,"מרחבים, נווה אביב, נווה גן, דימונה, נפת באר שבע, מחוז הדרום, 8604712, ישראל",219.3,154.3,105.7,מרחבים,0,partial,מרחבים,1321,partial,,,n/a,מרחבים,48,partial,
001027-083704-01307-ב,דימונה,מרחבים,1307,ב,8616903,street,31.074857,35.037212,OK,31.075669,35.035116,"Merhavim St 1307, Dimona, Israel",OK,31.074810,35.035596,"מרחבים, נווה אביב, נווה גן, דימונה, נפת באר שבע, מחוז הדרום, 8604712, ישראל",219.3,154.3,105.7,מרחבים,0,partial,מרחבים,1321,partial,,,n/a,מרחבים,48,partial,
001027-083704-01307-ד,דימונה,מרחבים,1307,ד,8616905,street,31.074857,35.037212,OK,31.075669,35.035116,"Merhavim St 1307, Dimona, Israel",OK,31.074810,35.035596,"מרחבים, נווה אביב, נווה גן, דימונה, נפת באר שבע, מחוז הדרום, 8604712, ישראל",219.3,154.3,105.7,מרחבים,0,partial,מרחבים,1321,partial,,,n/a,מרחבים,48,partial,
001027-083704-01307-ה,דימונה,מרחבים,1307,ה,8616906,street,31.074857,35.037212,OK,31.075669,35.035116,"Merhavim St 1307, Dimona, Israel",OK,31.074810,35.035596,"מרחבים, נווה אביב, נווה גן, דימונה, נפת באר שבע, מחוז הדרום, 8604712, ישראל",219.3,154.3,105.7,מרחבים,0,partial,מרחבים,1321,partial,,,n/a,מרחבים,48,partial,
001027-076480-00111-א,דימונה,שד יגאל אלון,111,א,8603143,street,31.063433,35.035970,OK,31.063217,35.037872,"Sderot Yig'al Alon 111, Dimona, Israel",ZERO_RESULTS,,,,183.1,,,,,n/a,יגאל אלון,,partial,,,n/a,,,n/a,osm_fwd_ZERO_RESULTS
001027-076480-00111-ב,דימונה,שד יגאל אלון,111,ב,8603144,street,31.063433,35.035970,OK,31.063217,35.037872,"Sderot Yig'al Alon 111, Dimona, Israel",ZERO_RESULTS,,,,183.1,,,,,n/a,יגאל אלון,,partial,,,n/a,,,n/a,osm_fwd_ZERO_RESULTS
001027-076480-00111-ג,דימונה,שד יגאל אלון,111,ג,8603145,street,31.063433,35.035970,OK,31.063217,35.037872,"Sderot Yig'al Alon 111, Dimona, Israel",ZERO_RESULTS,,,,183.1,,,,,n/a,יגאל אלון,,partial,,,n/a,,,n/a,osm_fwd_ZERO_RESULTS
001027-076480-00111-ד,דימונה,שד יגאל אלון,111,ד,8603146,street,31.063433,35.035970,OK,31.063217,35.037872,"Sderot Yig'al Alon 111, Dimona, Israel",ZERO_RESULTS,,,,183.1,,,,,n/a,יגאל אלון,,partial,,,n/a,,,n/a,osm_fwd_ZERO_RESULTS
001027-076480-00111-ו,דימונה,שד יגאל אלון,111,ו,8603148,street,31.063433,35.035970,OK,31.063217,35.037872,"Sderot Yig'al Alon 111, Dimona, Israel",ZERO_RESULTS,,,,183.1,,,,,n/a,יגאל אלון,,partial,,,n/a,,,n/a,osm_fwd_ZERO_RESULTS
001027-076480-00111-ח,דימונה,שד יגאל אלון,111,ח,8603150,street,31.063433,35.035970,OK,31.063217,35.037872,"Sderot Yig'al Alon 111, Dimona, Israel",ZERO_RESULTS,,,,183.1,,,,,n/a,יגאל אלון,,partial,,,n/a,,,n/a,osm_fwd_ZERO_RESULTS
001027-073567-01430-X,דימונה,טופח,32,,,exact,31.081640,35.042470,OK,31.081644,35.042385,"Tofakh St 32, Dimona, Israel",OK,31.081167,35.041568,"טופח, נווה חורש, חכמי ישראל, דימונה, נפת באר שבע, מחוז הדרום, 8604712, ישראל",8.2,100.9,94.3,טופח,34,partial,סיגלון,,mismatch,,,n/a,שיזף,39,mismatch,osm_rev_at_govmap_mismatch;google_rev_at_osm_mismatch
001027-074211-00358-X,דימונה,התאנה,358,,8602737,street,31.064475,35.026879,OK,31.064692,35.028272,"HaTe'ena St 358, Dimona, Israel",OK,31.064491,35.026752,"התאנה, שבעת המינים, נווה גן, דימונה, נפת באר שבע, מחוז הדרום, 8604712, ישראל",135.1,12.3,146.8,התאנה,30,partial,התאנה,,partial,,,n/a,התאנה,25,partial,
001027-073567-01432-X,דימונה,?,27,,,exact,31.067070,35.036204,OK,31.069419,35.033363,"Dimona, Israel",OK,31.068661,35.036648,"דימונה, נפת באר שבע, מחוז הדרום, 8604712, ישראל",376.0,181.5,324.6,שדרות הרצל,232,mismatch,שדרות הרצל,,mismatch,,,n/a,שדרות הרצל,16,mismatch,google_rev_at_govmap_mismatch;osm_rev_at_govmap_mismatch;google_rev_at_osm_mismatch
001027-073567-01433-X,דימונה,שיזף,45,,,exact,31.081750,35.041055,OK,31.081761,35.040958,"Sheizaf St 45, Dimona, Israel",OK,31.080967,35.036214,"שיזף, נאות הללי, נווה גן, דימונה, נפת באר שבע, מחוז הדרום, 8604712, ישראל",9.4,470.1,461.2,שיזף,45,match,שיזף,,partial,,,n/a,שיזף,156,partial,
001027-073567-01434-X,דימונה,"רחבת הנח""ל",8,,,none,,,OK,31.075838,35.030637,"HaNahal St 8, Dimona, Israel",ZERO_RESULTS,,,,,,,,,n/a,,,n/a,"הנח""ל",,partial,,,n/a,govmap_missing;osm_fwd_ZERO_RESULTS
001027-073567-01435-X,דימונה,?,16,,,exact,31.068009,35.034159,OK,31.069419,35.033363,"Dimona, Israel",OK,32.055932,34.799046,"16, דימונה, תל־אביב–יפו, יד אליהו, תל־אביב–יפו, נפת תל אביב, מחוז תל אביב, 6767589, ישראל",173.8,111792.1,111623.8,שדרות הרצל,285,mismatch,שדרות הרצל,,mismatch,,,n/a,דימונה,16,mismatch,google_rev_at_govmap_mismatch;osm_rev_at_govmap_mismatch;google_rev_at_osm_mismatch
001027-073567-01435-X,דימונה,?,16,,,exact,31.068009,35.034159,OK,31.069419,35.033363,"Dimona, Israel",OK,32.055932,34.799046,"16, דימונה, תל־אביב–יפו, יד אליהו, תל־אביב–יפו, נפת תל אביב, מחוז תל אביב, 6767589, ישראל",173.8,111792.1,111623.8,שדרות הרצל,285,mismatch,שדרות הרצל,,mismatch,,,n/a,דימונה,16,mismatch,google_rev_at_govmap_mismatch;osm_rev_at_govmap_mismatch;google_rev_at_osm_mismatch
001027-073567-01436-X,דימונה,בבא סאלי,86,,,exact,31.060774,35.033530,OK,31.060768,35.033384,"Baba Sali St 86, Dimona, Israel",OK,31.061361,35.034884,"בבא סאלי, ערבה, נווה גן, דימונה, נפת באר שבע, מחוז הדרום, 8604712, ישראל",14.0,144.7,157.6,עיינות,68,mismatch,תל לכיש,,mismatch,,,n/a,בבא סאלי,79,partial,google_rev_at_govmap_mismatch;osm_rev_at_govmap_mismatch
001027-073567-01437-X,דימונה,טופח,7,,,exact,31.080881,35.040984,OK,31.080804,35.041134,"Tofakh St 7, Dimona, Israel",OK,31.081167,35.041568,"טופח, נווה חורש, חכמי ישראל, דימונה, נפת באר שבע, מחוז הדרום, 8604712, ישראל",16.7,64.1,57.7,טופח,220,partial,טופח,,partial,,,n/a,שיזף,39,mismatch,google_rev_at_osm_mismatch
001027-082996-00008-X,דימונה,המעפיל,8,,8605055,street,31.071904,35.036342,OK,31.071562,35.040543,"HaMa'apil St 8, Dimona, Israel",OK,31.071971,35.033195,"המעפיל, הנצחון, נווה גן, דימונה, נפת באר שבע, מחוז הדרום, 8604712, ישראל",402.7,300.4,702.7,המעפיל,238,partial,המעפיל,,partial,,,n/a,טיילת הספורט,1056,mismatch,google_rev_at_osm_mismatch
001027-073567-01439-X,דימונה,הפסגה,99,,,exact,31.069283,35.043575,OK,30.986901,34.913486,"Ha-Pisga St, Yeruham, Israel",OK,31.072372,35.041739,"הפסגה, הגבעה, חכמי ישראל, דימונה, נפת באר שבע, מחוז הדרום, 8604712, ישראל",15417.8,384.7,15484.0,הפיסגה,273,mismatch,הפיסגה,,mismatch,,,n/a,המעלה,56,mismatch,google_rev_at_govmap_mismatch;osm_rev_at_govmap_mismatch;google_rev_at_osm_mismatch
001027-075677-00331-X,דימונה,השבלים,331,,8602754,street,31.063481,35.028138,OK,31.063498,35.028210,"Ha-Shibolim St, Dimona, Israel",ZERO_RESULTS,,,,7.1,,,השיבולים,29,mismatch,השיבולים,,mismatch,,,n/a,,,n/a,osm_fwd_ZERO_RESULTS;google_rev_at_govmap_mismatch;osm_rev_at_govmap_mismatch
001027-073567-01441-X,דימונה,חצב,4,,,exact,31.077883,35.038861,OK,31.078182,35.038810,"Khatsav St 4, Dimona, Israel",OK,31.077292,35.038835,"חצב, נאות הללי, נווה גן, דימונה, נפת באר שבע, מחוז הדרום, 8604712, ישראל",33.5,65.6,98.7,חצב,6,partial,חצב,,partial,,,n/a,חצב,117,partial,
001027-079944-01097-X,דימונה,?,1097,,8602277,none,,,OK,31.069419,35.033363,"Dimona, Israel",OK,31.068661,35.036648,"דימונה, נפת באר שבע, מחוז הדרום, 8604712, ישראל",,,324.6,,,n/a,,,n/a,טיילת הספורט,,mismatch,שדרות הרצל,16,mismatch,govmap_missing;osm_rev_at_google_mismatch;google_rev_at_osm_mismatch
001027-079944-01097-א,דימונה,?,1097,א,8602278,none,,,OK,31.069419,35.033363,"Dimona, Israel",OK,31.068661,35.036648,"דימונה, נפת באר שבע, מחוז הדרום, 8604712, ישראל",,,324.6,,,n/a,,,n/a,טיילת הספורט,,mismatch,שדרות הרצל,16,mismatch,govmap_missing;osm_rev_at_google_mismatch;google_rev_at_osm_mismatch
001027-079944-01097-ב,דימונה,?,1097,ב,8602279,none,,,OK,31.069419,35.033363,"Dimona, Israel",OK,31.068661,35.036648,"דימונה, נפת באר שבע, מחוז הדרום, 8604712, ישראל",,,324.6,,,n/a,,,n/a,טיילת הספורט,,mismatch,שדרות הרצל,16,mismatch,govmap_missing;osm_rev_at_google_mismatch;google_rev_at_osm_mismatch
001027-079944-01097-ג,דימונה,?,1097,ג,8602280,none,,,OK,31.069419,35.033363,"Dimona, Israel",OK,31.068661,35.036648,"דימונה, נפת באר שבע, מחוז הדרום, 8604712, ישראל",,,324.6,,,n/a,,,n/a,טיילת הספורט,,mismatch,שדרות הרצל,16,mismatch,govmap_missing;osm_rev_at_google_mismatch;google_rev_at_osm_mismatch
001027-079944-01097-ד,דימונה,?,1097,ד,8602281,none,,,OK,31.069419,35.033363,"Dimona, Israel",OK,31.068661,35.036648,"דימונה, נפת באר שבע, מחוז הדרום, 8604712, ישראל",,,324.6,,,n/a,,,n/a,טיילת הספורט,,mismatch,שדרות הרצל,16,mismatch,govmap_missing;osm_rev_at_google_mismatch;google_rev_at_osm_mismatch
001027-082292-00107-א,דימונה,כובשי אילת,107,א,8603248,street,31.063645,35.039896,OK,31.062807,35.037870,"Kovshei Eilat St 107, Dimona, Israel",OK,31.062673,35.039196,"כובשי אילת, גיורא יוספטל, נווה גן, דימונה, נפת באר שבע, מחוז הדרום, 8604712, ישראל",214.5,126.7,127.4,שדרות יגאל אלון,110,mismatch,כובשי אילת,,partial,,,n/a,,,mismatch,google_rev_at_govmap_mismatch;google_rev_at_osm_mismatch
001027-082292-00107-ג,דימונה,כובשי אילת,107,ג,8603250,street,31.063645,35.039896,OK,31.062807,35.037870,"Kovshei Eilat St 107, Dimona, Israel",OK,31.062673,35.039196,"כובשי אילת, גיורא יוספטל, נווה גן, דימונה, נפת באר שבע, מחוז הדרום, 8604712, ישראל",214.5,126.7,127.4,שדרות יגאל אלון,110,mismatch,כובשי אילת,,partial,,,n/a,,,mismatch,google_rev_at_govmap_mismatch;google_rev_at_osm_mismatch
001027-082292-00107-ד,דימונה,כובשי אילת,107,ד,8603251,street,31.063645,35.039896,OK,31.062807,35.037870,"Kovshei Eilat St 107, Dimona, Israel",OK,31.062673,35.039196,"כובשי אילת, גיורא יוספטל, נווה גן, דימונה, נפת באר שבע, מחוז הדרום, 8604712, ישראל",214.5,126.7,127.4,שדרות יגאל אלון,110,mismatch,כובשי אילת,,partial,,,n/a,,,mismatch,google_rev_at_govmap_mismatch;google_rev_at_osm_mismatch
001027-082292-00107-ה,דימונה,כובשי אילת,107,ה,8603252,street,31.063645,35.039896,OK,31.062807,35.037870,"Kovshei Eilat St 107, Dimona, Israel",OK,31.062673,35.039196,"כובשי אילת, גיורא יוספטל, נווה גן, דימונה, נפת באר שבע, מחוז הדרום, 8604712, ישראל",214.5,126.7,127.4,שדרות יגאל אלון,110,mismatch,כובשי אילת,,partial,,,n/a,,,mismatch,google_rev_at_govmap_mismatch;google_rev_at_osm_mismatch
001027-075677-00393-X,דימונה,השבלים,393,,8602785,street,31.063481,35.028138,OK,31.063498,35.028210,"Ha-Shibolim St, Dimona, Israel",ZERO_RESULTS,,,,7.1,,,השיבולים,29,mismatch,השיבולים,,mismatch,,,n/a,,,n/a,osm_fwd_ZERO_RESULTS;google_rev_at_govmap_mismatch;osm_rev_at_govmap_mismatch
001027-073567-01445-X,דימונה,נורית,14,,,exact,31.079789,35.038874,OK,31.079811,35.038901,"Nurit St 14, Dimona, Israel",OK,31.079650,35.039004,"נורית, נאות הללי, חכמי ישראל, דימונה, נפת באר שבע, מחוז הדרום, 8604712, ישראל",3.5,19.8,20.4,נורית,16,partial,נורית,,partial,,,n/a,נורית,12,partial,
001027-073567-01446-X,דימונה,דרך השלום,27,,,exact,31.073475,35.035864,OK,31.073516,35.035884,"Derech HaShalom 27, Dimona, Israel",ZERO_RESULTS,,,,5.0,,,דרך השלום,27,match,דוכיפת,,mismatch,,,n/a,,,n/a,osm_fwd_ZERO_RESULTS;osm_rev_at_govmap_mismatch
001027-073567-01447-X,דימונה,מילרוד אליעזר,6,,,exact,31.064902,35.039775,OK,31.064903,35.039688,"Eli'ezer Milrod St 6, Dimona, Israel",OK,31.065017,35.039996,"אליעזר מילרוד, קהילת העבריים, נווה גן, דימונה, נפת באר שבע, מחוז הדרום, 8604712, ישראל",8.3,24.6,32.0,אליעזר מילרוד,8,partial,אליעזר מילרוד,,partial,,,n/a,עבדת,1,mismatch,google_rev_at_osm_mismatch
001027-073567-01448-X,דימונה,סיתונית,9,,,exact,31.076509,35.032519,OK,31.076532,35.032608,"Sitvanit St 9, Dimona, Israel",ZERO_RESULTS,,,,8.8,,,אמנון ותמר,23,mismatch,סיתוונית,,mismatch,,,n/a,,,n/a,osm_fwd_ZERO_RESULTS;google_rev_at_govmap_mismatch;osm_rev_at_govmap_mismatch
001027-073567-01449-X,דימונה,האשל,16,,,exact,31.066705,35.029748,OK,31.066754,35.029650,"HaEshel St 16, Dimona, Israel",OK,31.066610,35.029793,"האשל, שבעת המינים, נווה גן, דימונה, נפת באר שבע, מחוז הדרום, 8604712, ישראל",10.8,11.4,21.0,האשל,206,partial,האשל,,partial,,,n/a,האשל,206,partial,
001027-073567-01450-X,דימונה,טבנקין יצחק,11,,,none,,,OK,31.076194,35.030244,"Yitshak Tabankin St 11, Dimona, Israel",OK,31.074858,35.031340,"יצחק טבנקין, נווה אביב, נווה גן, דימונה, נפת באר שבע, מחוז הדרום, 8604712, ישראל",,,181.4,,,n/a,,,n/a,חטיבת אלכסנדרוני,,mismatch,חטיבת גולני,31,mismatch,govmap_missing;osm_rev_at_google_mismatch;google_rev_at_osm_mismatch
001027-077042-00147-X,דימונה,מצדה,147,,8601214,street,31.061379,35.031181,OK,31.060856,35.032479,"Mesada St 147, Dimona, Israel",OK,31.061408,35.030977,"מצדה, ערבה, נווה גן, דימונה, נפת באר שבע, מחוז הדרום, 8604712, ישראל",136.8,19.8,155.9,מצדה,20,partial,מצדה,,partial,,,n/a,מצדה,18,partial,
001027-073567-01452-X,דימונה,דני,7,,,exact,31.073652,35.029739,OK,31.069419,35.033363,"Dimona, Israel",ZERO_RESULTS,,,,583.1,,,רחבת ההגנה,9,mismatch,ההגנה,,mismatch,,,n/a,,,n/a,osm_fwd_ZERO_RESULTS;google_rev_at_govmap_mismatch;osm_rev_at_govmap_mismatch
001027-073567-01453-X,דימונה,חרוב,18,,,exact,31.080037,35.040562,OK,31.080185,35.040540,"Kharuv St 18, Dimona, Israel",OK,31.080296,35.042233,"חרוב, נווה חורש, חכמי ישראל, דימונה, נפת באר שבע, מחוז הדרום, 8604712, ישראל",16.5,162.0,162.0,חרוב,16,partial,חרוב,,partial,,,n/a,אקליפטוס,28,mismatch,google_rev_at_osm_mismatch
001027-073567-01454-X,דימונה,צבעוני,13,,,none,,,OK,31.081080,35.036965,"Tsiv'oni St 13, Dimona, Israel",OK,31.080725,35.037198,"צבעוני, נאות הללי, נווה גן, דימונה, נפת באר שבע, מחוז הדרום, 8604712, ישראל",,,45.3,,,n/a,,,n/a,צבעוני,,partial,צבעוני,5,partial,govmap_missing
001027-079944-01096-X,דימונה,?,1096,,8602272,none,,,OK,31.069419,35.033363,"Dimona, Israel",OK,31.068661,35.036648,"דימונה, נפת באר שבע, מחוז הדרום, 8604712, ישראל",,,324.6,,,n/a,,,n/a,טיילת הספורט,,mismatch,שדרות הרצל,16,mismatch,govmap_missing;osm_rev_at_google_mismatch;google_rev_at_osm_mismatch
001027-079944-01096-א,דימונה,?,1096,א,8602273,none,,,OK,31.069419,35.033363,"Dimona, Israel",OK,31.068661,35.036648,"דימונה, נפת באר שבע, מחוז הדרום, 8604712, ישראל",,,324.6,,,n/a,,,n/a,טיילת הספורט,,mismatch,שדרות הרצל,16,mismatch,govmap_missing;osm_rev_at_google_mismatch;google_rev_at_osm_mismatch
001027-079944-01096-ג,דימונה,?,1096,ג,8602275,none,,,OK,31.069419,35.033363,"Dimona, Israel",OK,31.068661,35.036648,"דימונה, נפת באר שבע, מחוז הדרום, 8604712, ישראל",,,324.6,,,n/a,,,n/a,טיילת הספורט,,mismatch,שדרות הרצל,16,mismatch,govmap_missing;osm_rev_at_google_mismatch;google_rev_at_osm_mismatch
001027-079944-01096-ד,דימונה,?,1096,ד,8602276,none,,,OK,31.069419,35.033363,"Dimona, Israel",OK,31.068661,35.036648,"דימונה, נפת באר שבע, מחוז הדרום, 8604712, ישראל",,,324.6,,,n/a,,,n/a,טיילת הספורט,,mismatch,שדרות הרצל,16,mismatch,govmap_missing;osm_rev_at_google_mismatch;google_rev_at_osm_mismatch
001027-073567-01456-X,דימונה,פרג,34,,,exact,31.080310,35.037933,OK,31.080303,35.037915,"Parag St 34, Dimona, Israel",OK,31.080250,35.038449,"פרג, נאות הללי, נווה גן, דימונה, נפת באר שבע, מחוז הדרום, 8604712, ישראל",1.9,49.8,51.4,פרג,34,match,פרג,,partial,,,n/a,פרג,26,partial,
001027-073567-01457-X,דימונה,ציפורי,9,,,exact,31.056186,35.036329,OK,31.056277,35.036123,"Tsipori St 9, Dimona, Israel",OK,31.054218,35.038395,"ציפורי, ממשית, דימונה, נפת באר שבע, מחוז הדרום, 8604712, ישראל",22.1,294.1,314.9,חמת גדר,8,mismatch,ציפורי,,partial,,,n/a,ציפורי,137,partial,google_rev_at_govmap_mismatch
001027-085619-00013-X,דימונה,התפוצות,13,,8605875,street,31.076640,35.030562,OK,31.076603,35.029807,"Ha-Tfutsot St 13, Dimona, Israel",OK,31.076760,35.033662,"התפוצות, נאות הללי, נווה גן, דימונה, נפת באר שבע, מחוז הדרום, 8604712, ישראל",72.2,296.2,368.4,,,n/a,התפוצות,,partial,,,n/a,,,mismatch,google_rev_at_osm_mismatch
001027-073567-01459-X,דימונה,מבצע ברוש,3,,,none,,,OK,31.072374,35.027918,"Mivtsa Brosh St 3, Dimona, Israel",OK,31.072363,35.028065,"מבצע ברוש, הנצחון, נווה גן, דימונה, נפת באר שבע, מחוז הדרום, 8604712, ישראל",,,14.2,,,n/a,,,n/a,מבצע ברוש,,partial,יצחק שדה,1019,mismatch,govmap_missing;google_rev_at_osm_mismatch
001027-073567-01460-X,דימונה,אדר,8,,,exact,31.077823,35.040095,OK,31.077820,35.040099,"Adar St 8, Dimona, Israel",OK,31.078007,35.040281,"אדר, נווה חורש, חכמי ישראל, דימונה, נפת באר שבע, מחוז הדרום, 8604712, ישראל",0.5,27.0,27.0,אדר,8,match,אדר,,partial,,,n/a,צבעוני,12,mismatch,google_rev_at_osm_mismatch
001027-073567-01461-X,דימונה,שד בן גוריון,21,,,exact,31.069581,35.034391,OK,31.073891,35.034629,"דוד בן גוריון 21, Dimona, Israel",ZERO_RESULTS,,,,478.4,,,דרך דוד בן גוריון,1041,partial,בן גוריון,,partial,,,n/a,,,n/a,osm_fwd_ZERO_RESULTS
001027-073567-01462-X,דימונה,אדר,11,,,exact,31.078112,35.040410,OK,31.078162,35.040315,"Adar St 11, Dimona, Israel",OK,31.078007,35.040281,"אדר, נווה חורש, חכמי ישראל, דימונה, נפת באר שבע, מחוז הדרום, 8604712, ישראל",10.6,17.0,17.5,אדר,13,partial,אדר,,partial,,,n/a,צבעוני,12,mismatch,google_rev_at_osm_mismatch
001027-073567-01463-X,דימונה,המעפיל,81,,,exact,31.070585,35.041896,OK,31.070558,35.041737,"HaMa'apil St 81, Dimona, Israel",OK,31.071021,35.041333,"המעפיל, הגבעה, נווה גן, דימונה, נפת באר שבע, מחוז הדרום, 8604712, ישראל",15.5,72.3,64.3,המעפיל,243,partial,המעפיל,,partial,,,n/a,המעפיל,13,partial,
001027-073567-01464-X,דימונה,עבדת,16,,,exact,31.065408,35.041341,OK,31.065363,35.041342,"Ovdat St 16, Dimona, 8604816, Israel",OK,31.065292,35.042621,"עבדת, קהילת העבריים, חכמי ישראל, דימונה, נפת באר שבע, מחוז הדרום, 8604712, ישראל",5.0,122.8,122.3,עבדת,16,match,עבדת,,partial,,,n/a,עבדת,55,partial,
001027-073567-01465-X,דימונה,חטיבת הראל,4078,,,none,,,OK,31.076385,35.028993,"Hativat Harel St, Dimona, Israel",OK,31.076081,35.029028,"חטיבת הראל, נווה דוד, נווה גן, דימונה, נפת באר שבע, מחוז הדרום, 8604712, ישראל",,,33.8,,,n/a,,,n/a,יצחק טבנקין,,mismatch,חטיבת הראל,4,partial,govmap_missing;osm_rev_at_google_mismatch
001027-073567-01466-X,דימונה,שושן צחור,3,,,exact,31.075305,35.032373,OK,31.075155,35.032381,"Shoshan Tsakhor St 3, Dimona, Israel",OK,31.075173,35.032677,"שושן צחור, נווה אביב, נווה גן, דימונה, נפת באר שבע, מחוז הדרום, 8604712, ישראל",16.6,32.5,28.3,שושן צחור,166,partial,שושן צחור,,partial,,,n/a,שושן צחור,165,partial,
001027-074730-00558-X,דימונה,האשל,558,,8602508,street,31.066532,35.030096,OK,31.066657,35.029601,"HaEshel St, Dimona, Israel",OK,31.066610,35.029793,"האשל, שבעת המינים, נווה גן, דימונה, נפת באר שבע, מחוז הדרום, 8604712, ישראל",49.2,30.2,19.1,האשל,10,partial,האשל,,partial,,,n/a,האשל,206,partial,
001027-073567-01468-X,דימונה,?,6,,,exact,31.061271,35.027089,OK,31.069419,35.033363,"Dimona, Israel",OK,31.068661,35.036648,"דימונה, נפת באר שבע, מחוז הדרום, 8604712, ישראל",1083.8,1226.3,324.6,נווה מדבר,62,mismatch,שדרות אריאל שרון,,mismatch,,,n/a,שדרות הרצל,16,mismatch,google_rev_at_govmap_mismatch;osm_rev_at_govmap_mismatch;google_rev_at_osm_mismatch
001027-073567-01468-X,דימונה,?,6,,,exact,31.061271,35.027089,OK,31.069419,35.033363,"Dimona, Israel",OK,31.068661,35.036648,"דימונה, נפת באר שבע, מחוז הדרום, 8604712, ישראל",1083.8,1226.3,324.6,נווה מדבר,62,mismatch,שדרות אריאל שרון,,mismatch,,,n/a,שדרות הרצל,16,mismatch,google_rev_at_govmap_mismatch;osm_rev_at_govmap_mismatch;google_rev_at_osm_mismatch
001027-073567-01468-X,דימונה,?,6,,,exact,31.061271,35.027089,OK,31.069419,35.033363,"Dimona, Israel",OK,31.068661,35.036648,"דימונה, נפת באר שבע, מחוז הדרום, 8604712, ישראל",1083.8,1226.3,324.6,נווה מדבר,62,mismatch,שדרות אריאל שרון,,mismatch,,,n/a,שדרות הרצל,16,mismatch,google_rev_at_govmap_mismatch;osm_rev_at_govmap_mismatch;google_rev_at_osm_mismatch
001027-073567-01469-X,דימונה,חגי,40,,,exact,31.077210,35.036272,OK,31.077125,35.036211,"Khagai St 40, Dimona, Israel",OK,31.077316,35.036306,"חגי, נאות הללי, נווה גן, דימונה, נפת באר שבע, מחוז הדרום, 8604712, ישראל",11.0,12.2,23.0,הרב אלנקווה,369,mismatch,חגי,,partial,,,n/a,חגי,25,partial,google_rev_at_govmap_mismatch
001027-075911-00314-X,דימונה,הרימון,314,,8610504,street,31.063893,35.026884,OK,31.063876,35.026863,"Ha-Rimon St, Dimona, Israel",OK,31.063935,35.026963,"הרימון, שבעת המינים, נווה גן, דימונה, נפת באר שבע, מחוז הדרום, 8604712, ישראל",2.7,8.9,11.6,הרימון,199,partial,הרימון,,partial,,,n/a,הרימון,199,partial,
001027-073567-01471-X,דימונה,העליה,4,,,exact,31.066273,35.040203,OK,31.066242,35.040027,"Aliya St 4, Dimona, Israel",ZERO_RESULTS,,,,17.1,,,עבדת,1633,mismatch,עלייה,,mismatch,,,n/a,,,n/a,osm_fwd_ZERO_RESULTS;google_rev_at_govmap_mismatch;osm_rev_at_govmap_mismatch
001027-083633-00114-X,דימונה,דרך השלום,114,,8607702,street,31.073322,35.036527,OK,31.072835,35.035467,"Derech HaShalom 114, Dimona, Israel",ZERO_RESULTS,,,,114.7,,,דרך השלום,28,partial,נבטים,,mismatch,,,n/a,,,n/a,osm_fwd_ZERO_RESULTS;osm_rev_at_govmap_mismatch
001027-073567-01473-X,דימונה,שד הנשיא,44,,,exact,31.062550,35.030741,OK,31.064190,35.032651,"Sderot HaNassi 44, Dimona, 8617105, Israel",ZERO_RESULTS,,,,257.4,,,שדרות הנשיא,19,partial,שדרות אריאל שרון,,mismatch,,,n/a,,,n/a,osm_fwd_ZERO_RESULTS;osm_rev_at_govmap_mismatch
001027-073567-01474-X,דימונה,?,3,,,exact,31.066428,35.039336,OK,31.069419,35.033363,"Dimona, Israel",OK,32.055448,34.798826,"3, דימונה, תל־אביב–יפו, יד אליהו, תל־אביב–יפו, נפת תל אביב, מחוז תל אביב, 6767589, ישראל",659.5,112014.8,111575.4,שדרות הרצל,3,mismatch,שדרות הרצל,,mismatch,,,n/a,דימונה,3,mismatch,google_rev_at_govmap_mismatch;osm_rev_at_govmap_mismatch;google_rev_at_osm_mismatch
001027-073567-01474-X,דימונה,?,3,,,exact,31.066428,35.039336,OK,31.069419,35.033363,"Dimona, Israel",OK,32.055448,34.798826,"3, דימונה, תל־אביב–יפו, יד אליהו, תל־אביב–יפו, נפת תל אביב, מחוז תל אביב, 6767589, ישראל",659.5,112014.8,111575.4,שדרות הרצל,3,mismatch,שדרות הרצל,,mismatch,,,n/a,דימונה,3,mismatch,google_rev_at_govmap_mismatch;osm_rev_at_govmap_mismatch;google_rev_at_osm_mismatch
001027-073567-01474-X,דימונה,?,3,,,exact,31.066428,35.039336,OK,31.069419,35.033363,"Dimona, Israel",OK,32.055448,34.798826,"3, דימונה, תל־אביב–יפו, יד אליהו, תל־אביב–יפו, נפת תל אביב, מחוז תל אביב, 6767589, ישראל",659.5,112014.8,111575.4,שדרות הרצל,3,mismatch,שדרות הרצל,,mismatch,,,n/a,דימונה,3,mismatch,google_rev_at_govmap_mismatch;osm_rev_at_govmap_mismatch;google_rev_at_osm_mismatch
001027-073567-01475-X,דימונה,רזיאל דוד,16,,,none,,,OK,31.065650,35.026069,"David Raziel St 16, Dimona, Israel",ZERO_RESULTS,,,,,,,,,n/a,,,n/a,האילנות,12,mismatch,,,n/a,govmap_missing;osm_fwd_ZERO_RESULTS;osm_rev_at_google_mismatch
001027-084626-00011-X,דימונה,עלית הנוער,11,,8605025,street,31.071020,35.030575,OK,31.070229,35.030623,"Aliyat Hano'ar St, Dimona, Israel",ZERO_RESULTS,,,,87.8,,,שדרות גולדה מאיר,1003,mismatch,יצחק צוקרמן,1012,mismatch,,,n/a,,,n/a,osm_fwd_ZERO_RESULTS;google_rev_at_govmap_mismatch;osm_rev_at_govmap_mismatch
001027-073567-01477-X,דימונה,בבא סאלי,43,,,exact,31.059699,35.029663,OK,31.059553,35.031246,"Baba Sali St 43, Dimona, Israel",OK,31.060631,35.032487,"בבא סאלי, ערבה, נווה גן, דימונה, נפת באר שבע, מחוז הדרום, 8604712, ישראל",152.0,288.7,168.3,בבא סאלי,45,partial,בבא סאלי,,partial,,,n/a,בבא סאלי,166,partial,
001027-073567-01478-X,דימונה,הר מירון,5,,,exact,31.086659,35.038415,OK,31.086644,35.038604,"Meron St 5, Dimona, Israel",OK,31.086549,35.038589,"הר מירון, חכמי ישראל, דימונה, נפת באר שבע, מחוז הדרום, 8604712, ישראל",18.1,20.6,10.6,,,mismatch,הר מירון,,partial,,,n/a,,,mismatch,google_rev_at_govmap_mismatch;google_rev_at_osm_mismatch
001027-073567-01479-X,דימונה,שד הנשיא,195,,,none,,,OK,31.065397,35.032191,"Sderot HaNassi 195, Dimona, Israel",ZERO_RESULTS,,,,,,,,,n/a,,,n/a,שדרות אריאל שרון,,mismatch,,,n/a,govmap_missing;osm_fwd_ZERO_RESULTS;osm_rev_at_google_mismatch
001027-073567-00265-X,דימונה,מלכה הנרי,265,,8601102,exact,31.062208,35.027543,OK,31.062238,35.027636,"Henri Malka St 265, Dimona, Israel",OK,31.062543,35.027230,"הנרי מלכה, ערבה, נווה גן, דימונה, נפת באר שבע, מחוז הדרום, 8604712, ישראל",9.5,47.6,51.4,הנרי מלכה,4,partial,הנרי מלכה,,partial,,,n/a,,,n/a,
001027-073567-00265-א,דימונה,מלכה הנרי,265,א,8601103,exact,31.062208,35.027543,OK,31.062238,35.027636,"Henri Malka St 265, Dimona, Israel",OK,31.062543,35.027230,"הנרי מלכה, ערבה, נווה גן, דימונה, נפת באר שבע, מחוז הדרום, 8604712, ישראל",9.5,47.6,51.4,הנרי מלכה,4,partial,הנרי מלכה,,partial,,,n/a,,,n/a,
001027-073567-00265-ב,דימונה,מלכה הנרי,265,ב,8601104,exact,31.062208,35.027543,OK,31.062238,35.027636,"Henri Malka St 265, Dimona, Israel",OK,31.062543,35.027230,"הנרי מלכה, ערבה, נווה גן, דימונה, נפת באר שבע, מחוז הדרום, 8604712, ישראל",9.5,47.6,51.4,הנרי מלכה,4,partial,הנרי מלכה,,partial,,,n/a,,,n/a,
001027-075911-00311-X,דימונה,הרימון,311,,8610501,street,31.063893,35.026884,OK,31.063876,35.026863,"Ha-Rimon St, Dimona, Israel",OK,31.063935,35.026963,"הרימון, שבעת המינים, נווה גן, דימונה, נפת באר שבע, מחוז הדרום, 8604712, ישראל",2.7,8.9,11.6,הרימון,199,partial,הרימון,,partial,,,n/a,הרימון,199,partial,
001027-073567-01482-X,דימונה,הפסגה,61,,,exact,31.071323,35.043306,OK,31.069419,35.033363,"Dimona, Israel",OK,31.072372,35.041739,"הפסגה, הגבעה, חכמי ישראל, דימונה, נפת באר שבע, מחוז הדרום, 8604712, ישראל",972.2,189.4,863.9,הפיסגה,204,mismatch,,,mismatch,,,n/a,המעלה,56,mismatch,google_rev_at_govmap_mismatch;osm_rev_at_govmap_mismatch;google_rev_at_osm_mismatch
001027-073567-01483-X,דימונה,בבא סאלי,100,,,exact,31.061128,35.034813,OK,31.061119,35.034797,"Baba Sali St 100, Dimona, Israel",OK,31.060744,35.032688,"בבא סאלי, ערבה, נווה גן, דימונה, נפת באר שבע, מחוז הדרום, 8604712, ישראל",1.8,207.3,205.6,בבא סאלי,100,match,בבא סאלי,,partial,,,n/a,קציעות,37,mismatch,google_rev_at_osm_mismatch
001027-073567-01484-X,דימונה,שיזף,176,,,exact,31.080562,35.035310,OK,31.080646,35.035131,"Sheizaf St 176, Dimona, Israel",OK,31.079787,35.043578,"שיזף, נווה חורש, חכמי ישראל, דימונה, נפת באר שבע, מחוז הדרום, 8604712, ישראל",19.4,793.7,811.7,שיזף,176,match,שיזף,,partial,,,n/a,,,mismatch,google_rev_at_osm_mismatch
001027-083058-01047-א,דימונה,טיילת הספורט,1047,א,8617902,street,31.071267,35.033164,OK,31.074588,35.033643,"HaSport Promenade 1047, Dimona, Israel",OK,31.069575,35.033135,"טיילת הספורט, נווה אביב, נווה גן, דימונה, נפת באר שבע, מחוז הדרום, 8604712, ישראל",371.1,187.7,558.0,טיילת הספורט,1058,partial,טיילת הספורט,,partial,,,n/a,השקמה,,mismatch,google_rev_at_osm_mismatch
001027-083058-01047-ב,דימונה,טיילת הספורט,1047,ב,8617903,street,31.071267,35.033164,OK,31.074588,35.033643,"HaSport Promenade 1047, Dimona, Israel",OK,31.069575,35.033135,"טיילת הספורט, נווה אביב, נווה גן, דימונה, נפת באר שבע, מחוז הדרום, 8604712, ישראל",371.1,187.7,558.0,טיילת הספורט,1058,partial,טיילת הספורט,,partial,,,n/a,השקמה,,mismatch,google_rev_at_osm_mismatch
001027-083058-01047-ג,דימונה,טיילת הספורט,1047,ג,8617904,street,31.071267,35.033164,OK,31.074588,35.033643,"HaSport Promenade 1047, Dimona, Israel",OK,31.069575,35.033135,"טיילת הספורט, נווה אביב, נווה גן, דימונה, נפת באר שבע, מחוז הדרום, 8604712, ישראל",371.1,187.7,558.0,טיילת הספורט,1058,partial,טיילת הספורט,,partial,,,n/a,השקמה,,mismatch,google_rev_at_osm_mismatch
001027-083058-01047-ה,דימונה,טיילת הספורט,1047,ה,8617906,street,31.071267,35.033164,OK,31.074588,35.033643,"HaSport Promenade 1047, Dimona, Israel",OK,31.069575,35.033135,"טיילת הספורט, נווה אביב, נווה גן, דימונה, נפת באר שבע, מחוז הדרום, 8604712, ישראל",371.1,187.7,558.0,טיילת הספורט,1058,partial,טיילת הספורט,,partial,,,n/a,השקמה,,mismatch,google_rev_at_osm_mismatch
001027-083058-01047-ו,דימונה,טיילת הספורט,1047,ו,8617907,street,31.071267,35.033164,OK,31.074588,35.033643,"HaSport Promenade 1047, Dimona, Israel",OK,31.069575,35.033135,"טיילת הספורט, נווה אביב, נווה גן, דימונה, נפת באר שבע, מחוז הדרום, 8604712, ישראל",371.1,187.7,558.0,טיילת הספורט,1058,partial,טיילת הספורט,,partial,,,n/a,השקמה,,mismatch,google_rev_at_osm_mismatch
001027-083058-01047-ז,דימונה,טיילת הספורט,1047,ז,8617908,street,31.071267,35.033164,OK,31.074588,35.033643,"HaSport Promenade 1047, Dimona, Israel",OK,31.069575,35.033135,"טיילת הספורט, נווה אביב, נווה גן, דימונה, נפת באר שבע, מחוז הדרום, 8604712, ישראל",371.1,187.7,558.0,טיילת הספורט,1058,partial,טיילת הספורט,,partial,,,n/a,השקמה,,mismatch,google_rev_at_osm_mismatch
001027-073567-01486-X,דימונה,ישעיה,13,,,exact,31.079969,35.035870,OK,31.079943,35.035810,"YishaAya St 13, Dimona, Israel",OK,31.080062,35.035450,"ישעיה, נאות הללי, נווה גן, דימונה, נפת באר שבע, מחוז הדרום, 8604712, ישראל",6.4,41.3,36.8,ישעיה,13,match,ישעיה,,partial,,,n/a,ישעיה,17,partial,
001027-082292-00106-א,דימונה,כובשי אילת,106,א,8603241,street,31.063645,35.039896,OK,31.064710,35.035329,"Kovshei Eilat St 106, Dimona, Israel",OK,31.064379,35.040286,"כובשי אילת, קהילת העבריים, נווה גן, דימונה, נפת באר שבע, מחוז הדרום, 8604712, ישראל",451.5,89.5,474.5,שדרות יגאל אלון,110,mismatch,כובשי אילת,,partial,,,n/a,,,mismatch,google_rev_at_govmap_mismatch;google_rev_at_osm_mismatch
001027-082292-00106-ב,דימונה,כובשי אילת,106,ב,8603242,street,31.063645,35.039896,OK,31.064710,35.035329,"Kovshei Eilat St 106, Dimona, Israel",OK,31.064379,35.040286,"כובשי אילת, קהילת העבריים, נווה גן, דימונה, נפת באר שבע, מחוז הדרום, 8604712, ישראל",451.5,89.5,474.5,שדרות יגאל אלון,110,mismatch,כובשי אילת,,partial,,,n/a,,,mismatch,google_rev_at_govmap_mismatch;google_rev_at_osm_mismatch
001027-082292-00106-ג,דימונה,כובשי אילת,106,ג,8603243,street,31.063645,35.039896,OK,31.064710,35.035329,"Kovshei Eilat St 106, Dimona, Israel",OK,31.064379,35.040286,"כובשי אילת, קהילת העבריים, נווה גן, דימונה, נפת באר שבע, מחוז הדרום, 8604712, ישראל",451.5,89.5,474.5,שדרות יגאל אלון,110,mismatch,כובשי אילת,,partial,,,n/a,,,mismatch,google_rev_at_govmap_mismatch;google_rev_at_osm_mismatch
001027-082292-00106-ה,דימונה,כובשי אילת,106,ה,8603245,street,31.063645,35.039896,OK,31.064710,35.035329,"Kovshei Eilat St 106, Dimona, Israel",OK,31.064379,35.040286,"כובשי אילת, קהילת העבריים, נווה גן, דימונה, נפת באר שבע, מחוז הדרום, 8604712, ישראל",451.5,89.5,474.5,שדרות יגאל אלון,110,mismatch,כובשי אילת,,partial,,,n/a,,,mismatch,google_rev_at_govmap_mismatch;google_rev_at_osm_mismatch
001027-082292-00106-ו,דימונה,כובשי אילת,106,ו,8603246,street,31.063645,35.039896,OK,31.064710,35.035329,"Kovshei Eilat St 106, Dimona, Israel",OK,31.064379,35.040286,"כובשי אילת, קהילת העבריים, נווה גן, דימונה, נפת באר שבע, מחוז הדרום, 8604712, ישראל",451.5,89.5,474.5,שדרות יגאל אלון,110,mismatch,כובשי אילת,,partial,,,n/a,,,mismatch,google_rev_at_govmap_mismatch;google_rev_at_osm_mismatch
001027-073567-01488-X,דימונה,דיין משה,4,,,exact,31.074073,35.040607,OK,31.074077,35.040543,"Moshe Dayan St 4, Dimona, Israel",OK,31.074867,35.040348,"משה דיין, חכמי ישראל, דימונה, נפת באר שבע, מחוז הדרום, 8604712, ישראל",6.2,91.5,89.6,משה דיין,4,match,שלום שבזי,,mismatch,,,n/a,משה דיין,74,partial,osm_rev_at_govmap_mismatch
001027-073567-01489-X,דימונה,הר שניר,21,,,exact,31.086537,35.034555,OK,31.087105,35.033791,"Snir St 21, Dimona, Israel",OK,31.085447,35.035425,"הר שניר, נווה גן, דימונה, נפת באר שבע, מחוז הדרום, 8604712, ישראל",96.3,146.7,241.1,,,mismatch,הר שניר,,partial,,,n/a,הר שניר,2,partial,google_rev_at_govmap_mismatch
001027-073567-01490-X,דימונה,הרצל,35,,,exact,31.067233,35.035692,OK,31.069419,35.033363,"Dimona, Israel",OK,31.067568,35.035925,"שדרות הרצל, גיורא יוספטל, נווה גן, דימונה, נפת באר שבע, מחוז הדרום, 8604712, ישראל",328.9,43.3,319.3,שדרות הרצל,232,partial,שדרות הרצל,,partial,,,n/a,שדרות הרצל,232,partial,
001027-079550-00542-X,דימונה,האורן,542,,8602925,street,31.065651,35.028785,OK,31.065945,35.029927,"HaOren St, Dimona, Israel",OK,31.066104,35.029244,"האורן, שבעת המינים, נווה גן, דימונה, נפת באר שבע, מחוז הדרום, 8604712, ישראל",113.8,66.7,67.6,הגפן,1,mismatch,האורן,,partial,,,n/a,האורן,13,partial,google_rev_at_govmap_mismatch
001027-073567-01492-X,דימונה,חטיבת גבעתי,13,,,none,,,OK,31.075162,35.027329,"Khativat Giv'ati St, Dimona, Israel",OK,31.075176,35.027339,"חטיבת גבעתי, נווה דוד, נווה גן, דימונה, נפת באר שבע, מחוז הדרום, 8604712, ישראל",,,1.8,,,n/a,,,n/a,חטיבת גבעתי,,partial,חטיבת גבעתי,175,partial,govmap_missing
001027-073567-01493-X,דימונה,הר שניר,10,,,exact,31.086319,35.035583,OK,31.086255,35.035425,"Snir St 10, Dimona, Israel",OK,31.084877,35.034437,"הר שניר, נווה גן, דימונה, נפת באר שבע, מחוז הדרום, 8604712, ישראל",16.7,193.7,179.5,,,mismatch,הר שניר,,partial,,,n/a,,,mismatch,google_rev_at_govmap_mismatch;google_rev_at_osm_mismatch
001027-080813-00012-X,דימונה,קציעות,12,,8601155,street,31.061612,35.033568,OK,31.061731,35.033508,"Ktsi'ot St 12, Dimona, Israel",ZERO_RESULTS,,,,14.4,,,קציעות,10,partial,סביון,,mismatch,,,n/a,,,n/a,osm_fwd_ZERO_RESULTS;osm_rev_at_govmap_mismatch
001027-073567-01495-X,דימונה,הרימון,8,,,exact,31.064164,35.028008,OK,31.064172,35.027947,"Ha-Rimon St 8, Dimona, Israel",OK,31.063935,35.026963,"הרימון, שבעת המינים, נווה גן, דימונה, נפת באר שבע, מחוז הדרום, 8604712, ישראל",5.8,102.9,97.5,הרימון,8,match,הרימון,,partial,,,n/a,הרימון,199,partial,
001027-073567-01496-X,דימונה,קטלב,49,,,none,,,OK,31.079808,35.039642,"Ktalav St 49, Dimona, Israel",OK,31.078015,35.039631,"קטלב, נווה חורש, חכמי ישראל, דימונה, נפת באר שבע, מחוז הדרום, 8604712, ישראל",,,198.8,,,n/a,,,n/a,קטלב,,partial,קטלב,253,partial,govmap_missing
001027-073567-01497-X,דימונה,שד הנשיא,58,,,none,,,OK,31.066750,35.031831,"Sderot HaNassi 58, Dimona, Israel",ZERO_RESULTS,,,,,,,,,n/a,,,n/a,שדרות אריאל שרון,,mismatch,,,n/a,govmap_missing;osm_fwd_ZERO_RESULTS;osm_rev_at_google_mismatch
001027-078072-00074-X,דימונה,קדש,74,,8601647,street,31.058609,35.028935,OK,31.058271,35.027892,"Kadesh St 74, Dimona, Israel",OK,31.058632,35.029266,"קדש, ערבה, נווה גן, דימונה, נפת באר שבע, מחוז הדרום, 8604712, ישראל",106.3,31.8,137.2,קדש,20,partial,קדש,,partial,,,n/a,קדש,12,partial,
001027-073822-00122-ב,דימונה,?,122,ב,8601135,none,,,OK,31.069419,35.033363,"Dimona, Israel",OK,31.068661,35.036648,"דימונה, נפת באר שבע, מחוז הדרום, 8604712, ישראל",,,324.6,,,n/a,,,n/a,טיילת הספורט,,mismatch,שדרות הרצל,16,mismatch,govmap_missing;osm_rev_at_google_mismatch;google_rev_at_osm_mismatch
001027-077597-00141-X,דימונה,נוה מדבר,141,,8601372,street,31.060570,35.028727,OK,31.061179,35.026713,"Neve Midbar St 141, Dimona, Israel",OK,31.060615,35.028548,"נוה מדבר, ערבה, נווה גן, דימונה, נפת באר שבע, מחוז הדרום, 8604712, ישראל",203.7,17.8,186.0,נווה מדבר,27,partial,נוה מדבר,,partial,,,n/a,נווה מדבר,31,partial,
001027-075677-00357-X,דימונה,השבלים,357,,8602767,street,31.063481,35.028138,OK,31.063498,35.028210,"Ha-Shibolim St, Dimona, Israel",ZERO_RESULTS,,,,7.1,,,השיבולים,29,mismatch,השיבולים,,mismatch,,,n/a,,,n/a,osm_fwd_ZERO_RESULTS;google_rev_at_govmap_mismatch;osm_rev_at_govmap_mismatch
001027-083463-00000-X,דימונה,סטרומה,,,8607600,street,31.074837,35.033137,OK,31.074803,35.033144,"Struma St, Dimona, Israel",OK,31.074788,35.032217,"סטרומה, נווה אביב, נווה גן, דימונה, נפת באר שבע, מחוז הדרום, 8604712, ישראל",3.9,88.0,88.5,שושן צחור,18,mismatch,סטרומה,,match,,,n/a,שדרות גולדה מאיר,1,mismatch,google_rev_at_govmap_mismatch;google_rev_at_osm_mismatch
001027-073567-01503-X,דימונה,המסגר,6,,,none,,,OK,31.064561,35.018119,"HaMasger St 6, Dimona, Israel",OK,31.064370,35.018441,"המסגר, אזור תעשייה קריית עמל, נווה גן, דימונה, נפת באר שבע, מחוז הדרום, 8604712, ישראל",,,37.4,,,n/a,,,n/a,המסגר,,partial,המסגר,62,partial,govmap_missing
001027-073567-01504-X,דימונה,חגי,36,,,exact,31.077190,35.035983,OK,31.077127,35.035908,"Khagai St 36, Dimona, Israel",OK,31.077316,35.036306,"חגי, נאות הללי, נווה גן, דימונה, נפת באר שבע, מחוז הדרום, 8604712, ישראל",10.0,33.8,43.4,הרב אלנקווה,370,mismatch,חגי,,partial,,,n/a,חגי,25,partial,google_rev_at_govmap_mismatch
001027-073567-01505-X,דימונה,חטיבת גולני,4083,,,none,,,OK,31.074812,35.030595,"Hativat Golani St, Dimona, Israel",OK,31.075188,35.030698,"חטיבת גולני, נווה דוד, נווה גן, דימונה, נפת באר שבע, מחוז הדרום, 8604712, ישראל",,,42.8,,,n/a,,,n/a,חטיבת גולני,,partial,חטיבת גולני,153,partial,govmap_missing
001027-082696-00781-X,דימונה,היורה,781,,8601233,street,31.059848,35.032720,OK,31.060384,35.033089,"Ha-Yore St, Dimona, Israel",OK,31.059906,35.032817,"היורה, ערבה, נווה גן, דימונה, נפת באר שבע, מחוז הדרום, 8604712, ישראל",69.1,11.3,59.1,היורה,12-20,partial,היורה,,partial,,,n/a,היורה,13,partial,
001027-073567-01507-X,דימונה,שיקמה,16,,,exact,31.081252,35.039145,OK,31.081269,35.039029,"Shikma St 16, Dimona, Israel",ZERO_RESULTS,,,,11.2,,,שיקמה,16,match,שקמה,,mismatch,,,n/a,,,n/a,osm_fwd_ZERO_RESULTS;osm_rev_at_govmap_mismatch
001027-073567-00267-X,דימונה,מלכה הנרי,267,,8601110,exact,31.062668,35.027452,OK,31.062684,35.027560,"Henri Malka St 267, Dimona, Israel",OK,31.062543,35.027230,"הנרי מלכה, ערבה, נווה גן, דימונה, נפת באר שבע, מחוז הדרום, 8604712, ישראל",10.5,25.3,35.2,הנרי מלכה,8,partial,הנרי מלכה,,partial,,,n/a,,,n/a,
001027-073567-00267-ב,דימונה,מלכה הנרי,267,ב,8601112,exact,31.062668,35.027452,OK,31.062684,35.027560,"Henri Malka St 267, Dimona, Israel",OK,31.062543,35.027230,"הנרי מלכה, ערבה, נווה גן, דימונה, נפת באר שבע, מחוז הדרום, 8604712, ישראל",10.5,25.3,35.2,הנרי מלכה,8,partial,הנרי מלכה,,partial,,,n/a,,,n/a,
001027-073567-01509-X,דימונה,בית שערים,28,,,exact,31.056372,35.035046,OK,31.056413,35.034993,"Beit She'arim St 28, Dimona, Israel",OK,31.056498,35.035178,"בית שערים, ערבה, נווה גן, דימונה, נפת באר שבע, מחוז הדרום, 8604712, ישראל",6.8,18.8,20.0,בית שערים,28,match,בית שערים,,partial,,,n/a,בית שערים,21,partial,
001027-077597-00130-X,דימונה,נוה מדבר,130,,8601316,street,31.060570,35.028727,OK,31.061259,35.026829,"Neve Midbar St 130, Dimona, Israel",OK,31.060615,35.028548,"נוה מדבר, ערבה, נווה גן, דימונה, נפת באר שבע, מחוז הדרום, 8604712, ישראל",196.6,17.8,179.0,נווה מדבר,27,partial,נוה מדבר,,partial,,,n/a,נווה מדבר,31,partial,
001027-073567-01511-X,דימונה,קיסריה,17,,,exact,31.057450,35.038422,OK,31.057449,35.038482,"Caesarea St 17, Dimona, Israel",OK,31.057386,35.037868,"קיסריה, ממשית, נווה גן, דימונה, נפת באר שבע, מחוז הדרום, 8604712, ישראל",5.7,53.3,59.0,קיסריה,17,match,קיסריה,,partial,,,n/a,קיסריה,11,partial,
001027-073567-01512-X,דימונה,ברקן,11,,,exact,31.079261,35.040266,OK,31.079256,35.040226,"Barkan St 11, Dimona, Israel",OK,31.079158,35.040286,"ברקן, נווה חורש, חכמי ישראל, דימונה, נפת באר שבע, מחוז הדרום, 8604712, ישראל",3.9,11.6,12.3,ברקן,33,partial,ברקן,,partial,,,n/a,ברקן,13,partial,
001027-073567-01513-X,דימונה,שיקמה,9,,,exact,31.081641,35.039409,OK,31.081681,35.039332,"Shikma St 9, Dimona, Israel",ZERO_RESULTS,,,,8.5,,,שיקמה,9,match,שקמה,,mismatch,,,n/a,,,n/a,osm_fwd_ZERO_RESULTS;osm_rev_at_govmap_mismatch
001027-073567-01514-X,דימונה,אקליפטוס,14,,,none,,,OK,31.079293,35.042330,"Ekaliptus St 14, Dimona, Israel",OK,31.078885,35.042295,"אקליפטוס, נווה חורש, חכמי ישראל, דימונה, נפת באר שבע, מחוז הדרום, 8604712, ישראל",,,45.4,,,n/a,,,n/a,אקליפטוס,,partial,בשמת,2,mismatch,govmap_missing;google_rev_at_osm_mismatch
001027-073567-01515-X,דימונה,הר שניר,2,,,none,,,OK,31.085092,35.035069,"הר שניר 2, דימונה, Israel",OK,31.086699,35.034469,"הר שניר, נווה גן, דימונה, נפת באר שבע, מחוז הדרום, 8604712, ישראל",,,187.1,,,n/a,,,n/a,הר שניר,,partial,,,mismatch,govmap_missing;google_rev_at_osm_mismatch
001027-073567-01516-X,דימונה,חרוב,29,,,exact,31.080435,35.041199,OK,31.080466,35.041268,"Kharuv St 29, Dimona, Israel",OK,31.080232,35.041284,"חרוב, נווה חורש, חכמי ישראל, דימונה, נפת באר שבע, מחוז הדרום, 8604712, ישראל",7.4,23.9,26.0,חרוב,230,partial,חרוב,,partial,,,n/a,חרוב,230,partial,
001027-073567-01517-X,דימונה,רחבת הבנים,7,,,none,,,OK,31.068421,35.031482,"Rahvat HaBanim, Dimona, Israel",ZERO_RESULTS,,,,,,,,,n/a,,,n/a,שדרות גולדה מאיר,,mismatch,,,n/a,govmap_missing;osm_fwd_ZERO_RESULTS;osm_rev_at_google_mismatch
001027-075677-00335-X,דימונה,השבלים,335,,8602756,street,31.063481,35.028138,OK,31.063498,35.028210,"Ha-Shibolim St, Dimona, Israel",ZERO_RESULTS,,,,7.1,,,השיבולים,29,mismatch,השיבולים,,mismatch,,,n/a,,,n/a,osm_fwd_ZERO_RESULTS;google_rev_at_govmap_mismatch;osm_rev_at_govmap_mismatch
001027-073567-01519-X,דימונה,תל אפק,27,,,none,,,OK,31.054911,35.034257,"Tel Afek St 27, Dimona, Israel",OK,31.055892,35.034133,"תל אפק, ערבה, נווה גן, דימונה, נפת באר שבע, מחוז הדרום, 8604712, ישראל",,,109.3,,,n/a,,,n/a,תל אפק,,partial,,,mismatch,govmap_missing;google_rev_at_osm_mismatch
001027-082696-00779-X,דימונה,היורה,779,,8601231,street,31.059848,35.032720,OK,31.060384,35.033089,"Ha-Yore St, Dimona, Israel",OK,31.059906,35.032817,"היורה, ערבה, נווה גן, דימונה, נפת באר שבע, מחוז הדרום, 8604712, ישראל",69.1,11.3,59.1,היורה,12-20,partial,היורה,,partial,,,n/a,היורה,13,partial,
001027-073567-01521-X,דימונה,נורית,16,,,exact,31.079814,35.038796,OK,31.079808,35.038769,"Nurit St 16, Dimona, Israel",OK,31.079650,35.039004,"נורית, נאות הללי, חכמי ישראל, דימונה, נפת באר שבע, מחוז הדרום, 8604712, ישראל",2.6,26.8,28.4,נורית,16,match,נורית,,partial,,,n/a,נורית,12,partial,
001027-073567-01522-X,דימונה,?,8,,,exact,31.061368,35.027175,OK,31.069419,35.033363,"Dimona, Israel",OK,32.055916,34.798746,"8, דימונה, תל־אביב–יפו, יד אליהו, תל־אביב–יפו, נפת תל אביב, מחוז תל אביב, 6767589, ישראל",1070.4,112387.8,111627.8,נווה מדבר,62,mismatch,שדרות אריאל שרון,,mismatch,,,n/a,דימונה,8,mismatch,google_rev_at_govmap_mismatch;osm_rev_at_govmap_mismatch;google_rev_at_osm_mismatch
001027-073567-01522-X,דימונה,?,8,,,exact,31.061368,35.027175,OK,31.069419,35.033363,"Dimona, Israel",OK,32.055916,34.798746,"8, דימונה, תל־אביב–יפו, יד אליהו, תל־אביב–יפו, נפת תל אביב, מחוז תל אביב, 6767589, ישראל",1070.4,112387.8,111627.8,נווה מדבר,62,mismatch,שדרות אריאל שרון,,mismatch,,,n/a,דימונה,8,mismatch,google_rev_at_govmap_mismatch;osm_rev_at_govmap_mismatch;google_rev_at_osm_mismatch
001027-073567-01522-X,דימונה,?,8,,,exact,31.061368,35.027175,OK,31.069419,35.033363,"Dimona, Israel",OK,32.055916,34.798746,"8, דימונה, תל־אביב–יפו, יד אליהו, תל־אביב–יפו, נפת תל אביב, מחוז תל אביב, 6767589, ישראל",1070.4,112387.8,111627.8,נווה מדבר,62,mismatch,שדרות אריאל שרון,,mismatch,,,n/a,דימונה,8,mismatch,google_rev_at_govmap_mismatch;osm_rev_at_govmap_mismatch;google_rev_at_osm_mismatch
001027-073567-01523-X,דימונה,חטיבת אלכסנדרוני,4085,,,none,,,OK,31.076087,35.030152,"Hativat Alexandroni St, Dimona, Israel",OK,31.076119,35.030122,"חטיבת אלכסנדרוני, נווה דוד, נווה גן, דימונה, נפת באר שבע, מחוז הדרום, 8604712, ישראל",,,4.5,,,n/a,,,n/a,חטיבת אלכסנדרוני,,partial,חטיבת אלכסנדרוני,86,partial,govmap_missing
001027-073567-01524-X,דימונה,בית שערים,2,,,exact,31.057891,35.033698,OK,31.058022,35.033598,"Beit She'arim St 2, Dimona, Israel",OK,31.056498,35.035178,"בית שערים, ערבה, נווה גן, דימונה, נפת באר שבע, מחוז הדרום, 8604712, ישראל",17.4,209.3,226.5,בית שערים,4,partial,בית שערים,,partial,,,n/a,בית שערים,21,partial,
001027-073567-01525-X,דימונה,בשמת,25,,,exact,31.079285,35.043696,OK,31.079258,35.043592,"Bosmat St 25, Dimona, Israel",OK,31.079159,35.043067,"בשמת, נווה חורש, חכמי ישראל, דימונה, נפת באר שבע, מחוז הדרום, 8604712, ישראל",10.4,61.6,51.3,בשמת,27,partial,בשמת,,partial,,,n/a,בשמת,16,partial,
001027-082996-01239-X,דימונה,המעפיל,1239,,8607875,street,31.071904,35.036342,OK,31.071958,35.029727,"HaMa'apil St 1239, Dimona, Israel",OK,31.071971,35.033195,"המעפיל, הנצחון, נווה גן, דימונה, נפת באר שבע, מחוז הדרום, 8604712, ישראל",631.4,300.4,331.0,המעפיל,238,partial,המעפיל,,partial,,,n/a,טיילת הספורט,1056,mismatch,google_rev_at_osm_mismatch
001027-082996-01239-א,דימונה,המעפיל,1239,א,8607876,street,31.071904,35.036342,OK,31.071958,35.029727,"HaMa'apil St 1239, Dimona, Israel",OK,31.071971,35.033195,"המעפיל, הנצחון, נווה גן, דימונה, נפת באר שבע, מחוז הדרום, 8604712, ישראל",631.4,300.4,331.0,המעפיל,238,partial,המעפיל,,partial,,,n/a,טיילת הספורט,1056,mismatch,google_rev_at_osm_mismatch
001027-082996-01239-ב,דימונה,המעפיל,1239,ב,8607877,street,31.071904,35.036342,OK,31.071958,35.029727,"HaMa'apil St 1239, Dimona, Israel",OK,31.071971,35.033195,"המעפיל, הנצחון, נווה גן, דימונה, נפת באר שבע, מחוז הדרום, 8604712, ישראל",631.4,300.4,331.0,המעפיל,238,partial,המעפיל,,partial,,,n/a,טיילת הספורט,1056,mismatch,google_rev_at_osm_mismatch
001027-082996-01239-ג,דימונה,המעפיל,1239,ג,8607878,street,31.071904,35.036342,OK,31.071958,35.029727,"HaMa'apil St 1239, Dimona, Israel",OK,31.071971,35.033195,"המעפיל, הנצחון, נווה גן, דימונה, נפת באר שבע, מחוז הדרום, 8604712, ישראל",631.4,300.4,331.0,המעפיל,238,partial,המעפיל,,partial,,,n/a,טיילת הספורט,1056,mismatch,google_rev_at_osm_mismatch
001027-082996-01239-ה,דימונה,המעפיל,1239,ה,8607880,street,31.071904,35.036342,OK,31.071958,35.029727,"HaMa'apil St 1239, Dimona, Israel",OK,31.071971,35.033195,"המעפיל, הנצחון, נווה גן, דימונה, נפת באר שבע, מחוז הדרום, 8604712, ישראל",631.4,300.4,331.0,המעפיל,238,partial,המעפיל,,partial,,,n/a,טיילת הספורט,1056,mismatch,google_rev_at_osm_mismatch
001027-073567-01527-X,דימונה,?,82,,,exact,31.066033,35.039921,OK,31.069419,35.033363,"Dimona, Israel",OK,31.068661,35.036648,"דימונה, נפת באר שבע, מחוז הדרום, 8604712, ישראל",729.9,427.2,324.6,עבדת,1613,mismatch,שדרות יגאל אלון,,mismatch,,,n/a,שדרות הרצל,16,mismatch,google_rev_at_govmap_mismatch;osm_rev_at_govmap_mismatch;google_rev_at_osm_mismatch
001027-073567-01527-X,דימונה,?,82,,,exact,31.066033,35.039921,OK,31.069419,35.033363,"Dimona, Israel",OK,31.068661,35.036648,"דימונה, נפת באר שבע, מחוז הדרום, 8604712, ישראל",729.9,427.2,324.6,עבדת,1613,mismatch,שדרות יגאל אלון,,mismatch,,,n/a,שדרות הרצל,16,mismatch,google_rev_at_govmap_mismatch;osm_rev_at_govmap_mismatch;google_rev_at_osm_mismatch
001027-073567-01527-X,דימונה,?,82,,,exact,31.066033,35.039921,OK,31.069419,35.033363,"Dimona, Israel",OK,31.068661,35.036648,"דימונה, נפת באר שבע, מחוז הדרום, 8604712, ישראל",729.9,427.2,324.6,עבדת,1613,mismatch,שדרות יגאל אלון,,mismatch,,,n/a,שדרות הרצל,16,mismatch,google_rev_at_govmap_mismatch;osm_rev_at_govmap_mismatch;google_rev_at_osm_mismatch
001027-075520-01002-א,דימונה,שד גולדה מאיר,1002,א,8605805,street,31.074634,35.031562,OK,31.070523,35.030993,"Sderot Golda Me'ir 1002, Dimona, Israel",OK,31.068233,35.032140,"שד׳ גולדה מאיר/שד׳ הרצל, שדרות גולדה מאיר, הנצחון, נווה גן, דימונה, נפת באר שבע, מחוז הדרום, 8604712, ישראל",459.1,711.9,276.5,שדרות גולדה מאיר,1,partial,שדרות גולדה מאיר,,partial,,,n/a,,,mismatch,google_rev_at_osm_mismatch
001027-075520-01002-ג,דימונה,שד גולדה מאיר,1002,ג,8605807,street,31.074634,35.031562,OK,31.070523,35.030993,"Sderot Golda Me'ir 1002, Dimona, Israel",OK,31.068233,35.032140,"שד׳ גולדה מאיר/שד׳ הרצל, שדרות גולדה מאיר, הנצחון, נווה גן, דימונה, נפת באר שבע, מחוז הדרום, 8604712, ישראל",459.1,711.9,276.5,שדרות גולדה מאיר,1,partial,שדרות גולדה מאיר,,partial,,,n/a,,,mismatch,google_rev_at_osm_mismatch
001027-073567-01529-X,דימונה,צוקרמן יצחק רחבה,1010,,,none,,,OK,31.071381,35.029920,"Yitshak Zuckerman St, Dimona, Israel",ZERO_RESULTS,,,,,,,,,n/a,,,n/a,יצחק צוקרמן,1012,partial,,,n/a,govmap_missing;osm_fwd_ZERO_RESULTS
001027-079944-01089-X,דימונה,?,1089,,8602221,none,,,OK,31.069419,35.033363,"Dimona, Israel",OK,31.068661,35.036648,"דימונה, נפת באר שבע, מחוז הדרום, 8604712, ישראל",,,324.6,,,n/a,,,n/a,טיילת הספורט,,mismatch,שדרות הרצל,16,mismatch,govmap_missing;osm_rev_at_google_mismatch;google_rev_at_osm_mismatch
001027-079944-01089-א,דימונה,?,1089,א,8602222,none,,,OK,31.069419,35.033363,"Dimona, Israel",OK,31.068661,35.036648,"דימונה, נפת באר שבע, מחוז הדרום, 8604712, ישראל",,,324.6,,,n/a,,,n/a,טיילת הספורט,,mismatch,שדרות הרצל,16,mismatch,govmap_missing;osm_rev_at_google_mismatch;google_rev_at_osm_mismatch
001027-079944-01089-ב,דימונה,?,1089,ב,8602223,none,,,OK,31.069419,35.033363,"Dimona, Israel",OK,31.068661,35.036648,"דימונה, נפת באר שבע, מחוז הדרום, 8604712, ישראל",,,324.6,,,n/a,,,n/a,טיילת הספורט,,mismatch,שדרות הרצל,16,mismatch,govmap_missing;osm_rev_at_google_mismatch;google_rev_at_osm_mismatch
001027-079944-01089-ד,דימונה,?,1089,ד,8602225,none,,,OK,31.069419,35.033363,"Dimona, Israel",OK,31.068661,35.036648,"דימונה, נפת באר שבע, מחוז הדרום, 8604712, ישראל",,,324.6,,,n/a,,,n/a,טיילת הספורט,,mismatch,שדרות הרצל,16,mismatch,govmap_missing;osm_rev_at_google_mismatch;google_rev_at_osm_mismatch
001027-079944-01089-ה,דימונה,?,1089,ה,8602226,none,,,OK,31.069419,35.033363,"Dimona, Israel",OK,31.068661,35.036648,"דימונה, נפת באר שבע, מחוז הדרום, 8604712, ישראל",,,324.6,,,n/a,,,n/a,טיילת הספורט,,mismatch,שדרות הרצל,16,mismatch,govmap_missing;osm_rev_at_google_mismatch;google_rev_at_osm_mismatch
001027-073567-01531-X,דימונה,המעלה,29,,,exact,31.070803,35.042837,OK,31.071916,35.040678,"Ha-Ma'ale St 29, Dimona, Israel",OK,31.071954,35.041293,"המעלה, הגבעה, חכמי ישראל, דימונה, נפת באר שבע, מחוז הדרום, 8604712, ישראל",240.1,194.9,58.8,המעלה,249,partial,הפסגה,,mismatch,,,n/a,המעלה,24,partial,osm_rev_at_govmap_mismatch
001027-073567-01532-X,דימונה,רזיאל דוד,5,,,none,,,OK,31.065475,35.026521,"David Raziel St 5, Dimona, Israel",ZERO_RESULTS,,,,,,,,,n/a,,,n/a,האילנות,,mismatch,,,n/a,govmap_missing;osm_fwd_ZERO_RESULTS;osm_rev_at_google_mismatch
001027-073567-01533-X,דימונה,המעפיל,11,,,exact,31.072074,35.033539,OK,31.071201,35.040991,"HaMa'apil St 11, Dimona, Israel",OK,31.071021,35.041333,"המעפיל, הגבעה, נווה גן, דימונה, נפת באר שבע, מחוז הדרום, 8604712, ישראל",717.8,752.9,38.2,המעפיל,1068,partial,המעפיל,,partial,,,n/a,המעפיל,13,partial,
001027-079944-01088-ב,דימונה,?,1088,ב,8602218,none,,,OK,31.069419,35.033363,"Dimona, Israel",OK,31.068661,35.036648,"דימונה, נפת באר שבע, מחוז הדרום, 8604712, ישראל",,,324.6,,,n/a,,,n/a,טיילת הספורט,,mismatch,שדרות הרצל,16,mismatch,govmap_missing;osm_rev_at_google_mismatch;google_rev_at_osm_mismatch
001027-079944-01088-ג,דימונה,?,1088,ג,8602219,none,,,OK,31.069419,35.033363,"Dimona, Israel",OK,31.068661,35.036648,"דימונה, נפת באר שבע, מחוז הדרום, 8604712, ישראל",,,324.6,,,n/a,,,n/a,טיילת הספורט,,mismatch,שדרות הרצל,16,mismatch,govmap_missing;osm_rev_at_google_mismatch;google_rev_at_osm_mismatch
001027-079944-01088-ד,דימונה,?,1088,ד,8602220,none,,,OK,31.069419,35.033363,"Dimona, Israel",OK,31.068661,35.036648,"דימונה, נפת באר שבע, מחוז הדרום, 8604712, ישראל",,,324.6,,,n/a,,,n/a,טיילת הספורט,,mismatch,שדרות הרצל,16,mismatch,govmap_missing;osm_rev_at_google_mismatch;google_rev_at_osm_mismatch
001027-073567-01535-X,דימונה,חגי,30,,,exact,31.077191,35.035542,OK,31.077118,35.035465,"Khagai St 30, Dimona, Israel",OK,31.077316,35.036306,"חגי, נאות הללי, נווה גן, דימונה, נפת באר שבע, מחוז הדרום, 8604712, ישראל",10.9,74.2,83.2,הרב אלנקווה,371,mismatch,חגי,,partial,,,n/a,חגי,25,partial,google_rev_at_govmap_mismatch
001027-073567-01536-X,דימונה,כליל החורש,5,,,exact,31.077706,35.041435,OK,31.077696,35.041432,"Klil Hahoresh St 5, Dimona, Israel",OK,31.080031,35.041531,"כליל החורש, נווה חורש, חכמי ישראל, דימונה, נפת באר שבע, מחוז הדרום, 8604712, ישראל",1.1,258.0,259.1,כליל החורש,5,match,כליל החורש,,partial,,,n/a,כליל החורש,51,partial,
001027-073567-01537-X,דימונה,שיקמה,23,,,none,,,OK,31.082030,35.040419,"Shikma St 23, Dimona, Israel",ZERO_RESULTS,,,,,,,,,n/a,,,n/a,שקמה,,mismatch,,,n/a,govmap_missing;osm_fwd_ZERO_RESULTS;osm_rev_at_google_mismatch
001027-073567-01538-X,דימונה,חצב,36,,,none,,,OK,31.078403,35.038426,"Khatsav St 36, Dimona, Israel",OK,31.077292,35.038835,"חצב, נאות הללי, נווה גן, דימונה, נפת באר שבע, מחוז הדרום, 8604712, ישראל",,,129.3,,,n/a,,,n/a,חצב,,partial,חצב,117,partial,govmap_missing
001027-081870-00216-X,דימונה,"מ""ג המעפילים",216,,8604707,street,31.065617,35.034592,OK,31.072003,35.036225,"HaMa'apil St, Dimona, Israel",OK,31.065658,35.034543,"מ""ג המעפילים, גיורא יוספטל, נווה גן, דימונה, נפת באר שבע, מחוז הדרום, 8604712, ישראל",725.0,6.5,721.6,"מ""ד המעפילים",245,partial,"מ""ג המעפילים",,partial,,,n/a,"מ""ד המעפילים",245,partial,
001027-081870-00216-א,דימונה,"מ""ג המעפילים",216,א,8604708,street,31.065617,35.034592,OK,31.072003,35.036225,"HaMa'apil St, Dimona, Israel",OK,31.065658,35.034543,"מ""ג המעפילים, גיורא יוספטל, נווה גן, דימונה, נפת באר שבע, מחוז הדרום, 8604712, ישראל",725.0,6.5,721.6,"מ""ד המעפילים",245,partial,"מ""ג המעפילים",,partial,,,n/a,"מ""ד המעפילים",245,partial,
001027-081870-00216-ב,דימונה,"מ""ג המעפילים",216,ב,8604709,street,31.065617,35.034592,OK,31.072003,35.036225,"HaMa'apil St, Dimona, Israel",OK,31.065658,35.034543,"מ""ג המעפילים, גיורא יוספטל, נווה גן, דימונה, נפת באר שבע, מחוז הדרום, 8604712, ישראל",725.0,6.5,721.6,"מ""ד המעפילים",245,partial,"מ""ג המעפילים",,partial,,,n/a,"מ""ד המעפילים",245,partial,
001027-081870-00216-ג,דימונה,"מ""ג המעפילים",216,ג,8604710,street,31.065617,35.034592,OK,31.072003,35.036225,"HaMa'apil St, Dimona, Israel",OK,31.065658,35.034543,"מ""ג המעפילים, גיורא יוספטל, נווה גן, דימונה, נפת באר שבע, מחוז הדרום, 8604712, ישראל",725.0,6.5,721.6,"מ""ד המעפילים",245,partial,"מ""ג המעפילים",,partial,,,n/a,"מ""ד המעפילים",245,partial,
001027-081870-00216-ד,דימונה,"מ""ג המעפילים",216,ד,8604711,street,31.065617,35.034592,OK,31.072003,35.036225,"HaMa'apil St, Dimona, Israel",OK,31.065658,35.034543,"מ""ג המעפילים, גיורא יוספטל, נווה גן, דימונה, נפת באר שבע, מחוז הדרום, 8604712, ישראל",725.0,6.5,721.6,"מ""ד המעפילים",245,partial,"מ""ג המעפילים",,partial,,,n/a,"מ""ד המעפילים",245,partial,
001027-073567-01540-X,דימונה,?,4,,,exact,31.061234,35.026993,OK,31.069419,35.033363,"Dimona, Israel",OK,32.055833,34.798751,"4, דימונה, תל־אביב–יפו, יד אליהו, תל־אביב–יפו, נפת תל אביב, מחוז תל אביב, 6767589, ישראל",1092.3,112389.8,111618.6,נווה מדבר,62,mismatch,שדרות אריאל שרון,,mismatch,,,n/a,דימונה,4,mismatch,google_rev_at_govmap_mismatch;osm_rev_at_govmap_mismatch;google_rev_at_osm_mismatch
001027-073567-01540-X,דימונה,?,4,,,exact,31.061234,35.026993,OK,31.069419,35.033363,"Dimona, Israel",OK,32.055833,34.798751,"4, דימונה, תל־אביב–יפו, יד אליהו, תל־אביב–יפו, נפת תל אביב, מחוז תל אביב, 6767589, ישראל",1092.3,112389.8,111618.6,נווה מדבר,62,mismatch,שדרות אריאל שרון,,mismatch,,,n/a,דימונה,4,mismatch,google_rev_at_govmap_mismatch;osm_rev_at_govmap_mismatch;google_rev_at_osm_mismatch
001027-073567-01540-X,דימונה,?,4,,,exact,31.061234,35.026993,OK,31.069419,35.033363,"Dimona, Israel",OK,32.055833,34.798751,"4, דימונה, תל־אביב–יפו, יד אליהו, תל־אביב–יפו, נפת תל אביב, מחוז תל אביב, 6767589, ישראל",1092.3,112389.8,111618.6,נווה מדבר,62,mismatch,שדרות אריאל שרון,,mismatch,,,n/a,דימונה,4,mismatch,google_rev_at_govmap_mismatch;osm_rev_at_govmap_mismatch;google_rev_at_osm_mismatch
001027-073567-01541-X,דימונה,סחלבן החורש,2,,,none,,,OK,31.077280,35.039476,"Sakhlevan ha-Khoresh St 2, Dimona, Israel",OK,31.077293,35.040937,"סחלבן החורש, נווה חורש, חכמי ישראל, דימונה, נפת באר שבע, מחוז הדרום, 8604712, ישראל",,,139.5,,,n/a,,,n/a,סחלבן החורש,,partial,סחלבן החורש,26,partial,govmap_missing
001027-073567-01542-X,דימונה,שדה יצחק,1019,,,none,,,OK,31.072402,35.027937,"Yitshak Sadeh St 1019, Dimona, Israel",OK,31.074198,35.026817,"יצחק שדה, נווה דוד, נווה גן, דימונה, נפת באר שבע, מחוז הדרום, 8604712, ישראל",,,226.1,,,n/a,,,n/a,מבצע ברוש,,mismatch,,,mismatch,govmap_missing;osm_rev_at_google_mismatch;google_rev_at_osm_mismatch
001027-073567-01543-X,דימונה,יגור,4,,,none,,,OK,31.075342,35.029807,"Yagur St 4, Dimona, Israel",OK,31.075075,35.029065,"יגור, נווה דוד, נווה גן, דימונה, נפת באר שבע, מחוז הדרום, 8604712, ישראל",,,76.8,,,n/a,,,n/a,יגור,,partial,מולדה,157,mismatch,govmap_missing;google_rev_at_osm_mismatch
001027-073567-01544-X,דימונה,שד יגאל אלון,16,,,exact,31.063179,35.033335,OK,31.063234,35.032063,"Sderot Yig'al Alon 16, Dimona, Israel",ZERO_RESULTS,,,,121.6,,,פרחי ארצנו,2,mismatch,שדרות יגאל אלון,,partial,,,n/a,,,n/a,osm_fwd_ZERO_RESULTS;google_rev_at_govmap_mismatch
001027-073567-01545-X,דימונה,גמלא,14,,,exact,31.057215,35.034660,OK,31.057093,35.034684,"Gamla St 14, Dimona, Israel",OK,31.056617,35.036625,"גמלא, ממשית, נווה גן, דימונה, נפת באר שבע, מחוז הדרום, 8604712, ישראל",13.7,198.9,192.7,גמלא,14,match,גמלא,,partial,,,n/a,קיסריה,2,mismatch,google_rev_at_osm_mismatch
001027-077597-00135-X,דימונה,נוה מדבר,135,,8601369,street,31.060570,35.028727,OK,31.061179,35.026713,"Neve Midbar St 135, Dimona, Israel",OK,31.060615,35.028548,"נוה מדבר, ערבה, נווה גן, דימונה, נפת באר שבע, מחוז הדרום, 8604712, ישראל",203.7,17.8,186.0,נווה מדבר,27,partial,נוה מדבר,,partial,,,n/a,נווה מדבר,31,partial,
001027-073567-01547-X,דימונה,חרוב,15,,,exact,31.080410,35.040457,OK,31.080407,35.040438,"Kharuv St 15, Dimona, Israel",OK,31.081121,35.043248,"חרוב, נווה חורש, חכמי ישראל, דימונה, נפת באר שבע, מחוז הדרום, 8604712, ישראל",1.8,277.8,279.6,חרוב,15,match,חרוב,,partial,,,n/a,חרוב,188,partial,
001027-073567-01548-X,דימונה,חטיבת הראל,4082,,,none,,,OK,31.076385,35.028993,"Hativat Harel St, Dimona, Israel",OK,31.076081,35.029028,"חטיבת הראל, נווה דוד, נווה גן, דימונה, נפת באר שבע, מחוז הדרום, 8604712, ישראל",,,33.8,,,n/a,,,n/a,יצחק טבנקין,,mismatch,חטיבת הראל,4,partial,govmap_missing;osm_rev_at_google_mismatch
001027-073567-01549-X,דימונה,המסגר,3,,,none,,,OK,31.064561,35.018119,"HaMasger St 3, Dimona, Israel",OK,31.064370,35.018441,"המסגר, אזור תעשייה קריית עמל, נווה גן, דימונה, נפת באר שבע, מחוז הדרום, 8604712, ישראל",,,37.4,,,n/a,,,n/a,המסגר,,partial,המסגר,62,partial,govmap_missing
001027-073567-01550-X,דימונה,שד הנשיא,263,,,none,,,OK,31.061954,35.027065,"Sderot HaNassi 263, Dimona, Israel",ZERO_RESULTS,,,,,,,,,n/a,,,n/a,שדרות אריאל שרון,,mismatch,,,n/a,govmap_missing;osm_fwd_ZERO_RESULTS;osm_rev_at_google_mismatch
001027-073567-01551-X,דימונה,שבזי שלום,36,,,exact,31.071676,35.043408,OK,31.071697,35.043630,"Shalom Shabazi St 36, Dimona, Israel",OK,31.073439,35.042237,"שלום שבזי, חכמי ישראל, דימונה, נפת באר שבע, מחוז הדרום, 8604712, ישראל",21.3,225.2,234.5,שלום שבזי,34/4,partial,שלום שבזי,,partial,,,n/a,שלום שבזי,13,partial,
001027-073567-01552-X,דימונה,צבעוני,1,,,exact,31.081014,35.037094,OK,31.081021,35.037030,"Tsiv'oni St 1, Dimona, Israel",OK,31.080725,35.037198,"צבעוני, נאות הללי, נווה גן, דימונה, נפת באר שבע, מחוז הדרום, 8604712, ישראל",6.2,33.6,36.5,צבעוני,1,match,צבעוני,,partial,,,n/a,צבעוני,5,partial,
001027-073567-01553-X,דימונה,ציפורן,19,,,exact,31.080984,35.039266,OK,31.080838,35.039640,"Tsiporen St 19, Dimona, Israel",OK,31.080857,35.039458,"ציפורן, נווה חורש, חכמי ישראל, דימונה, נפת באר שבע, מחוז הדרום, 8604712, ישראל",39.1,23.1,17.5,ציפורן,17,partial,ציפורן,,partial,,,n/a,ציפורן,26,partial,
001027-073567-01554-X,דימונה,רחבת אורון,10,,,exact,31.063698,35.030900,OK,31.063690,35.030820,"Oron St 10, Dimona, Israel",ZERO_RESULTS,,,,7.7,,,שדרות הנשיא,150,mismatch,אורון,,partial,,,n/a,,,n/a,osm_fwd_ZERO_RESULTS;google_rev_at_govmap_mismatch
001027-075677-00341-X,דימונה,השבלים,341,,8602759,street,31.063481,35.028138,OK,31.063498,35.028210,"Ha-Shibolim St, Dimona, Israel",ZERO_RESULTS,,,,7.1,,,השיבולים,29,mismatch,השיבולים,,mismatch,,,n/a,,,n/a,osm_fwd_ZERO_RESULTS;google_rev_at_govmap_mismatch;osm_rev_at_govmap_mismatch
001027-073567-01556-X,דימונה,?,29,,,exact,31.067241,35.036176,OK,31.069419,35.033363,"Dimona, Israel",OK,31.068661,35.036648,"דימונה, נפת באר שבע, מחוז הדרום, 8604712, ישראל",361.1,163.8,324.6,שדרות הרצל,232,mismatch,שדרות הרצל,,mismatch,,,n/a,שדרות הרצל,16,mismatch,google_rev_at_govmap_mismatch;osm_rev_at_govmap_mismatch;google_rev_at_osm_mismatch
001027-073567-01556-X,דימונה,?,29,,,exact,31.067241,35.036176,OK,31.069419,35.033363,"Dimona, Israel",OK,31.068661,35.036648,"דימונה, נפת באר שבע, מחוז הדרום, 8604712, ישראל",361.1,163.8,324.6,שדרות הרצל,232,mismatch,שדרות הרצל,,mismatch,,,n/a,שדרות הרצל,16,mismatch,google_rev_at_govmap_mismatch;osm_rev_at_govmap_mismatch;google_rev_at_osm_mismatch
001027-073567-01556-X,דימונה,?,29,,,exact,31.067241,35.036176,OK,31.069419,35.033363,"Dimona, Israel",OK,31.068661,35.036648,"דימונה, נפת באר שבע, מחוז הדרום, 8604712, ישראל",361.1,163.8,324.6,שדרות הרצל,232,mismatch,שדרות הרצל,,mismatch,,,n/a,שדרות הרצל,16,mismatch,google_rev_at_govmap_mismatch;osm_rev_at_govmap_mismatch;google_rev_at_osm_mismatch
001027-073567-01557-X,דימונה,אקליפטוס,2,,,none,,,OK,31.077583,35.042326,"Ekaliptus St 2, Dimona, Israel",OK,31.078885,35.042295,"אקליפטוס, נווה חורש, חכמי ישראל, דימונה, נפת באר שבע, מחוז הדרום, 8604712, ישראל",,,144.3,,,n/a,,,n/a,אקליפטוס,,partial,בשמת,2,mismatch,govmap_missing;google_rev_at_osm_mismatch
001027-073567-01558-X,דימונה,מורן החורש,49,,,exact,31.078719,35.043546,OK,31.078702,35.043492,"Moran ha-Khoresh St 49, Dimona, Israel",OK,31.078576,35.040283,"מורן החורש, נווה חורש, חכמי ישראל, דימונה, נפת באר שבע, מחוז הדרום, 8604712, ישראל",5.5,311.9,306.6,מורן החורש,49,match,מורן החורש,,partial,,,n/a,מורן החורש,9,partial,
001027-073567-01559-X,דימונה,?,9,,,exact,31.066599,35.038752,OK,31.069419,35.033363,"Dimona, Israel",OK,32.055630,34.798023,"9, דימונה, תל־אביב–יפו, יד אליהו, תל־אביב–יפו, נפת תל אביב, מחוז תל אביב, 6767589, ישראל",601.9,112020.2,111610.4,שדרות הרצל,9,mismatch,שדרות הרצל,,mismatch,,,n/a,דימונה,9,mismatch,google_rev_at_govmap_mismatch;osm_rev_at_govmap_mismatch;google_rev_at_osm_mismatch
001027-073567-01559-X,דימונה,?,9,,,exact,31.066599,35.038752,OK,31.069419,35.033363,"Dimona, Israel",OK,32.055630,34.798023,"9, דימונה, תל־אביב–יפו, יד אליהו, תל־אביב–יפו, נפת תל אביב, מחוז תל אביב, 6767589, ישראל",601.9,112020.2,111610.4,שדרות הרצל,9,mismatch,שדרות הרצל,,mismatch,,,n/a,דימונה,9,mismatch,google_rev_at_govmap_mismatch;osm_rev_at_govmap_mismatch;google_rev_at_osm_mismatch
001027-073567-01559-X,דימונה,?,9,,,exact,31.066599,35.038752,OK,31.069419,35.033363,"Dimona, Israel",OK,32.055630,34.798023,"9, דימונה, תל־אביב–יפו, יד אליהו, תל־אביב–יפו, נפת תל אביב, מחוז תל אביב, 6767589, ישראל",601.9,112020.2,111610.4,שדרות הרצל,9,mismatch,שדרות הרצל,,mismatch,,,n/a,דימונה,9,mismatch,google_rev_at_govmap_mismatch;osm_rev_at_govmap_mismatch;google_rev_at_osm_mismatch
001027-082696-00790-X,דימונה,היורה,790,,8601242,street,31.059848,35.032720,OK,31.060384,35.033089,"Ha-Yore St, Dimona, Israel",OK,31.059906,35.032817,"היורה, ערבה, נווה גן, דימונה, נפת באר שבע, מחוז הדרום, 8604712, ישראל",69.1,11.3,59.1,היורה,12-20,partial,היורה,,partial,,,n/a,היורה,13,partial,
001027-073567-01561-X,דימונה,?,18,,,exact,31.068033,35.034036,OK,31.069419,35.033363,"Dimona, Israel",OK,32.055975,34.798754,"18, דימונה, תל־אביב–יפו, יד אליהו, תל־אביב–יפו, נפת תל אביב, מחוז תל אביב, 6767589, ישראל",166.6,111797.4,111634.0,שדרות הרצל,285,mismatch,שדרות הרצל,,mismatch,,,n/a,דימונה,18,mismatch,google_rev_at_govmap_mismatch;osm_rev_at_govmap_mismatch;google_rev_at_osm_mismatch
001027-083571-01316-X,דימונה,שד בן גוריון,1316,,8614001,street,31.072330,35.034539,OK,31.073933,35.034726,"דוד בן גוריון, Dimona, Israel",ZERO_RESULTS,,,,178.6,,,דרך דוד בן גוריון,1065,partial,בן גוריון,1203,partial,,,n/a,,,n/a,osm_fwd_ZERO_RESULTS
001027-083571-01316-א,דימונה,שד בן גוריון,1316,א,8614002,street,31.072330,35.034539,OK,31.073933,35.034726,"דוד בן גוריון, Dimona, Israel",ZERO_RESULTS,,,,178.6,,,דרך דוד בן גוריון,1065,partial,בן גוריון,1203,partial,,,n/a,,,n/a,osm_fwd_ZERO_RESULTS
001027-083571-01316-ב,דימונה,שד בן גוריון,1316,ב,8614003,street,31.072330,35.034539,OK,31.073933,35.034726,"דוד בן גוריון, Dimona, Israel",ZERO_RESULTS,,,,178.6,,,דרך דוד בן גוריון,1065,partial,בן גוריון,1203,partial,,,n/a,,,n/a,osm_fwd_ZERO_RESULTS
001027-083571-01316-ג,דימונה,שד בן גוריון,1316,ג,8614004,street,31.072330,35.034539,OK,31.073933,35.034726,"דוד בן גוריון, Dimona, Israel",ZERO_RESULTS,,,,178.6,,,דרך דוד בן גוריון,1065,partial,בן גוריון,1203,partial,,,n/a,,,n/a,osm_fwd_ZERO_RESULTS
001027-083571-01316-ד,דימונה,שד בן גוריון,1316,ד,8614005,street,31.072330,35.034539,OK,31.073933,35.034726,"דוד בן גוריון, Dimona, Israel",ZERO_RESULTS,,,,178.6,,,דרך דוד בן גוריון,1065,partial,בן גוריון,1203,partial,,,n/a,,,n/a,osm_fwd_ZERO_RESULTS
001027-083571-01316-ו,דימונה,שד בן גוריון,1316,ו,8614007,street,31.072330,35.034539,OK,31.073933,35.034726,"דוד בן גוריון, Dimona, Israel",ZERO_RESULTS,,,,178.6,,,דרך דוד בן גוריון,1065,partial,בן גוריון,1203,partial,,,n/a,,,n/a,osm_fwd_ZERO_RESULTS
001027-084092-01179-X,דימונה,השלוה,1179,,8613813,street,31.073399,35.038496,OK,31.073385,35.038516,"Ha-Shalva St, Dimona, Israel",ZERO_RESULTS,,,,2.4,,,אברהם עופר,10,mismatch,השלווה,,mismatch,,,n/a,,,n/a,osm_fwd_ZERO_RESULTS;google_rev_at_govmap_mismatch;osm_rev_at_govmap_mismatch
001027-084092-01179-א,דימונה,השלוה,1179,א,8613814,street,31.073399,35.038496,OK,31.073385,35.038516,"Ha-Shalva St, Dimona, Israel",ZERO_RESULTS,,,,2.4,,,אברהם עופר,10,mismatch,השלווה,,mismatch,,,n/a,,,n/a,osm_fwd_ZERO_RESULTS;google_rev_at_govmap_mismatch;osm_rev_at_govmap_mismatch
001027-084092-01179-ב,דימונה,השלוה,1179,ב,8613815,street,31.073399,35.038496,OK,31.073385,35.038516,"Ha-Shalva St, Dimona, Israel",ZERO_RESULTS,,,,2.4,,,אברהם עופר,10,mismatch,השלווה,,mismatch,,,n/a,,,n/a,osm_fwd_ZERO_RESULTS;google_rev_at_govmap_mismatch;osm_rev_at_govmap_mismatch
001027-073567-01564-X,דימונה,אלה,4,,,exact,31.078834,35.038177,OK,31.078813,35.038132,"Ela St 4, Dimona, Israel",OK,31.077692,35.034531,"אלה, נאות הללי, נווה גן, דימונה, נפת באר שבע, מחוז הדרום, 8604712, ישראל",4.9,370.3,365.4,אלה,4,match,חצב,,mismatch,,,n/a,חגי,12,mismatch,osm_rev_at_govmap_mismatch;google_rev_at_osm_mismatch
001027-075911-00342-X,דימונה,הרימון,342,,8610523,street,31.063893,35.026884,OK,31.063876,35.026863,"Ha-Rimon St, Dimona, Israel",OK,31.063935,35.026963,"הרימון, שבעת המינים, נווה גן, דימונה, נפת באר שבע, מחוז הדרום, 8604712, ישראל",2.7,8.9,11.6,הרימון,199,partial,הרימון,,partial,,,n/a,הרימון,199,partial,
001027-073567-01566-X,דימונה,ירושלים,16,,,exact,31.057943,35.037596,OK,31.058043,35.037850,"Jerusalem St 16, Dimona, Israel",OK,31.057057,35.041159,"ירושלים, ממשית, נווה גן, דימונה, נפת באר שבע, מחוז הדרום, 8604712, ישראל",26.7,354.0,334.2,ירושלים,16,match,קומראן,,mismatch,,,n/a,תל חמה,21,mismatch,osm_rev_at_govmap_mismatch;google_rev_at_osm_mismatch
001027-082996-01067-X,דימונה,המעפיל,1067,,8614208,street,31.071904,35.036342,OK,31.072113,35.033666,"HaMa'apil St 1067, Dimona, Israel",OK,31.071021,35.041333,"המעפיל, הגבעה, נווה גן, דימונה, נפת באר שבע, מחוז הדרום, 8604712, ישראל",256.5,486.2,741.6,המעפיל,238,partial,המעפיל,,partial,,,n/a,המעפיל,13,partial,
001027-082996-01067-א,דימונה,המעפיל,1067,א,8614209,street,31.071904,35.036342,OK,31.072113,35.033666,"HaMa'apil St 1067, Dimona, Israel",OK,31.071021,35.041333,"המעפיל, הגבעה, נווה גן, דימונה, נפת באר שבע, מחוז הדרום, 8604712, ישראל",256.5,486.2,741.6,המעפיל,238,partial,המעפיל,,partial,,,n/a,המעפיל,13,partial,
001027-082996-01067-ב,דימונה,המעפיל,1067,ב,8614210,street,31.071904,35.036342,OK,31.072113,35.033666,"HaMa'apil St 1067, Dimona, Israel",OK,31.071021,35.041333,"המעפיל, הגבעה, נווה גן, דימונה, נפת באר שבע, מחוז הדרום, 8604712, ישראל",256.5,486.2,741.6,המעפיל,238,partial,המעפיל,,partial,,,n/a,המעפיל,13,partial,
001027-082996-01067-ג,דימונה,המעפיל,1067,ג,8614211,street,31.071904,35.036342,OK,31.072113,35.033666,"HaMa'apil St 1067, Dimona, Israel",OK,31.071021,35.041333,"המעפיל, הגבעה, נווה גן, דימונה, נפת באר שבע, מחוז הדרום, 8604712, ישראל",256.5,486.2,741.6,המעפיל,238,partial,המעפיל,,partial,,,n/a,המעפיל,13,partial,
001027-082996-01067-ד,דימונה,המעפיל,1067,ד,8614212,street,31.071904,35.036342,OK,31.072113,35.033666,"HaMa'apil St 1067, Dimona, Israel",OK,31.071021,35.041333,"המעפיל, הגבעה, נווה גן, דימונה, נפת באר שבע, מחוז הדרום, 8604712, ישראל",256.5,486.2,741.6,המעפיל,238,partial,המעפיל,,partial,,,n/a,המעפיל,13,partial,
001027-082996-01067-ה,דימונה,המעפיל,1067,ה,8614213,street,31.071904,35.036342,OK,31.072113,35.033666,"HaMa'apil St 1067, Dimona, Israel",OK,31.071021,35.041333,"המעפיל, הגבעה, נווה גן, דימונה, נפת באר שבע, מחוז הדרום, 8604712, ישראל",256.5,486.2,741.6,המעפיל,238,partial,המעפיל,,partial,,,n/a,המעפיל,13,partial,
001027-082996-01067-ו,דימונה,המעפיל,1067,ו,8614214,street,31.071904,35.036342,OK,31.072113,35.033666,"HaMa'apil St 1067, Dimona, Israel",OK,31.071021,35.041333,"המעפיל, הגבעה, נווה גן, דימונה, נפת באר שבע, מחוז הדרום, 8604712, ישראל",256.5,486.2,741.6,המעפיל,238,partial,המעפיל,,partial,,,n/a,המעפיל,13,partial,
001027-075677-00363-X,דימונה,השבלים,363,,8602770,street,31.063481,35.028138,OK,31.063498,35.028210,"Ha-Shibolim St, Dimona, Israel",ZERO_RESULTS,,,,7.1,,,השיבולים,29,mismatch,השיבולים,,mismatch,,,n/a,,,n/a,osm_fwd_ZERO_RESULTS;google_rev_at_govmap_mismatch;osm_rev_at_govmap_mismatch
001027-073567-01569-X,דימונה,"נתיב הל""ה",10,,,none,,,OK,31.075928,35.027468,"Netiv Ha Lamed Hei 10, Dimona, Israel",OK,31.075724,35.027423,"נתיב הל""ה, נווה דוד, נווה גן, דימונה, נפת באר שבע, מחוז הדרום, 8604712, ישראל",,,22.9,,,n/a,,,n/a,"נתיב הל""ה",,partial,"נתיב הל""ה",162,partial,govmap_missing
001027-073567-01570-X,דימונה,ירמיה,14,,,exact,31.078799,35.035795,OK,31.078785,35.035761,"Yirmiya St 14, Dimona, Israel",OK,31.079286,35.035978,"ירמיה, נאות הללי, נווה גן, דימונה, נפת באר שבע, מחוז הדרום, 8604712, ישראל",3.6,56.7,59.2,ירמיה,14,match,נחום,,mismatch,,,n/a,עמוס,2,mismatch,osm_rev_at_govmap_mismatch;google_rev_at_osm_mismatch
001027-073567-01571-X,דימונה,הרמה,58,,,exact,31.067553,35.042570,OK,31.067521,35.042486,"Ha-Rama St 58, Dimona, Israel",OK,31.070092,35.040819,"הרמה, הגבעה, נווה גן, דימונה, נפת באר שבע, מחוז הדרום, 8604712, ישראל",8.8,327.4,326.5,הרמה,58,match,הרמה,,partial,,,n/a,הרמה,15,partial,
001027-080850-00503-X,דימונה,הרצל,503,,8602124,street,31.067532,35.030913,OK,31.069419,35.033363,"Dimona, Israel",OK,31.066638,35.025756,"שדרות הרצל, שבעת המינים, נווה גן, דימונה, נפת באר שבע, מחוז הדרום, 8604712, ישראל",313.8,502.1,788.8,שדרות הרצל,61,partial,שדרות הרצל,,partial,,,n/a,,,mismatch,google_rev_at_osm_mismatch
001027-080850-00503-א,דימונה,הרצל,503,א,8602125,street,31.067532,35.030913,OK,31.069419,35.033363,"Dimona, Israel",OK,31.066638,35.025756,"שדרות הרצל, שבעת המינים, נווה גן, דימונה, נפת באר שבע, מחוז הדרום, 8604712, ישראל",313.8,502.1,788.8,שדרות הרצל,61,partial,שדרות הרצל,,partial,,,n/a,,,mismatch,google_rev_at_osm_mismatch
001027-080850-00503-ב,דימונה,הרצל,503,ב,8602126,street,31.067532,35.030913,OK,31.069419,35.033363,"Dimona, Israel",OK,31.066638,35.025756,"שדרות הרצל, שבעת המינים, נווה גן, דימונה, נפת באר שבע, מחוז הדרום, 8604712, ישראל",313.8,502.1,788.8,שדרות הרצל,61,partial,שדרות הרצל,,partial,,,n/a,,,mismatch,google_rev_at_osm_mismatch
001027-080850-00503-ג,דימונה,הרצל,503,ג,8602127,street,31.067532,35.030913,OK,31.069419,35.033363,"Dimona, Israel",OK,31.066638,35.025756,"שדרות הרצל, שבעת המינים, נווה גן, דימונה, נפת באר שבע, מחוז הדרום, 8604712, ישראל",313.8,502.1,788.8,שדרות הרצל,61,partial,שדרות הרצל,,partial,,,n/a,,,mismatch,google_rev_at_osm_mismatch
001027-083704-01322-X,דימונה,מרחבים,1322,,8616919,street,31.074857,35.037212,OK,31.075102,35.037073,"Merhavim St 1322, Dimona, Israel",OK,31.074810,35.035596,"מרחבים, נווה אביב, נווה גן, דימונה, נפת באר שבע, מחוז הדרום, 8604712, ישראל",30.3,154.3,144.6,מרחבים,0,partial,מרחבים,1321,partial,,,n/a,מרחבים,48,partial,
001027-083633-00145-X,דימונה,דרך השלום,145,,8607708,street,31.073322,35.036527,OK,31.073692,35.037733,"Derech HaShalom 145, Dimona, Israel",ZERO_RESULTS,,,,122.2,,,דרך השלום,28,partial,נבטים,,mismatch,,,n/a,,,n/a,osm_fwd_ZERO_RESULTS;osm_rev_at_govmap_mismatch
001027-073567-01575-X,דימונה,חטיבת אלכסנדרוני,4081,,,none,,,OK,31.076087,35.030152,"Hativat Alexandroni St, Dimona, Israel",OK,31.076119,35.030122,"חטיבת אלכסנדרוני, נווה דוד, נווה גן, דימונה, נפת באר שבע, מחוז הדרום, 8604712, ישראל",,,4.5,,,n/a,,,n/a,חטיבת אלכסנדרוני,,partial,חטיבת אלכסנדרוני,86,partial,govmap_missing
001027-073567-01576-X,דימונה,הר מירון,2,,,exact,31.086324,35.038305,OK,31.086288,35.038150,"Meron St 2, Dimona, Israel",OK,31.086549,35.038589,"הר מירון, חכמי ישראל, דימונה, נפת באר שבע, מחוז הדרום, 8604712, ישראל",15.3,36.8,50.9,,,mismatch,הר מירון,,partial,,,n/a,,,mismatch,google_rev_at_govmap_mismatch;google_rev_at_osm_mismatch
001027-079944-01086-א,דימונה,?,1086,א,8602202,none,,,OK,31.069419,35.033363,"Dimona, Israel",OK,31.068661,35.036648,"דימונה, נפת באר שבע, מחוז הדרום, 8604712, ישראל",,,324.6,,,n/a,,,n/a,טיילת הספורט,,mismatch,שדרות הרצל,16,mismatch,govmap_missing;osm_rev_at_google_mismatch;google_rev_at_osm_mismatch
001027-079944-01086-ב,דימונה,?,1086,ב,8602203,none,,,OK,31.069419,35.033363,"Dimona, Israel",OK,31.068661,35.036648,"דימונה, נפת באר שבע, מחוז הדרום, 8604712, ישראל",,,324.6,,,n/a,,,n/a,טיילת הספורט,,mismatch,שדרות הרצל,16,mismatch,govmap_missing;osm_rev_at_google_mismatch;google_rev_at_osm_mismatch
001027-079944-01086-ג,דימונה,?,1086,ג,8602204,none,,,OK,31.069419,35.033363,"Dimona, Israel",OK,31.068661,35.036648,"דימונה, נפת באר שבע, מחוז הדרום, 8604712, ישראל",,,324.6,,,n/a,,,n/a,טיילת הספורט,,mismatch,שדרות הרצל,16,mismatch,govmap_missing;osm_rev_at_google_mismatch;google_rev_at_osm_mismatch
001027-079944-01086-ד,דימונה,?,1086,ד,8602205,none,,,OK,31.069419,35.033363,"Dimona, Israel",OK,31.068661,35.036648,"דימונה, נפת באר שבע, מחוז הדרום, 8604712, ישראל",,,324.6,,,n/a,,,n/a,טיילת הספורט,,mismatch,שדרות הרצל,16,mismatch,govmap_missing;osm_rev_at_google_mismatch;google_rev_at_osm_mismatch
001027-079944-01086-ה,דימונה,?,1086,ה,8602206,none,,,OK,31.069419,35.033363,"Dimona, Israel",OK,31.068661,35.036648,"דימונה, נפת באר שבע, מחוז הדרום, 8604712, ישראל",,,324.6,,,n/a,,,n/a,טיילת הספורט,,mismatch,שדרות הרצל,16,mismatch,govmap_missing;osm_rev_at_google_mismatch;google_rev_at_osm_mismatch
001027-079944-01086-ו,דימונה,?,1086,ו,8602207,none,,,OK,31.069419,35.033363,"Dimona, Israel",OK,31.068661,35.036648,"דימונה, נפת באר שבע, מחוז הדרום, 8604712, ישראל",,,324.6,,,n/a,,,n/a,טיילת הספורט,,mismatch,שדרות הרצל,16,mismatch,govmap_missing;osm_rev_at_google_mismatch;google_rev_at_osm_mismatch
001027-079944-01086-ח,דימונה,?,1086,ח,8602209,none,,,OK,31.069419,35.033363,"Dimona, Israel",OK,31.068661,35.036648,"דימונה, נפת באר שבע, מחוז הדרום, 8604712, ישראל",,,324.6,,,n/a,,,n/a,טיילת הספורט,,mismatch,שדרות הרצל,16,mismatch,govmap_missing;osm_rev_at_google_mismatch;google_rev_at_osm_mismatch
001027-079944-01086-ט,דימונה,?,1086,ט,8602210,none,,,OK,31.069419,35.033363,"Dimona, Israel",OK,31.068661,35.036648,"דימונה, נפת באר שבע, מחוז הדרום, 8604712, ישראל",,,324.6,,,n/a,,,n/a,טיילת הספורט,,mismatch,שדרות הרצל,16,mismatch,govmap_missing;osm_rev_at_google_mismatch;google_rev_at_osm_mismatch
001027-073567-01578-X,דימונה,שד הנשיא,7,,,none,,,OK,31.062813,35.031339,"Sderot HaNassi 7, Dimona, Israel",ZERO_RESULTS,,,,,,,,,n/a,,,n/a,נרקיס,,mismatch,,,n/a,govmap_missing;osm_fwd_ZERO_RESULTS;osm_rev_at_google_mismatch
001027-073567-01579-X,דימונה,סחלבן החורש,70,,,exact,31.077348,35.043426,OK,31.077345,35.043417,"Sakhlevan ha-Khoresh St 70, Dimona, Israel",OK,31.077462,35.041925,"סחלבן החורש, נווה חורש, חכמי ישראל, דימונה, נפת באר שבע, מחוז הדרום, 8604712, ישראל",1.0,143.8,142.9,סחלבן החורש,70,match,סחלבן החורש,,partial,,,n/a,סחלבן החורש,29,partial,
001027-080737-00032-X,דימונה,רחבת אורון,32,,8610821,street,31.063830,35.030479,OK,31.063763,35.030916,"Oron St 32, Dimona, Israel",ZERO_RESULTS,,,,42.3,,,שדרות הנשיא,153,mismatch,אורון,,partial,,,n/a,,,n/a,osm_fwd_ZERO_RESULTS;google_rev_at_govmap_mismatch
001027-073567-01581-X,דימונה,מונפור,34,,,exact,31.054920,35.036091,OK,31.054966,35.036037,"Monfor St 34, Dimona, Israel",OK,31.054811,35.035305,"מונפור, ממשית, דימונה, נפת באר שבע, מחוז הדרום, 8604712, ישראל",7.2,76.0,71.9,מונפור,34,match,מונפור,,partial,,,n/a,,,mismatch,google_rev_at_osm_mismatch
001027-073567-01582-X,דימונה,הרדוף הנחלים,23,,,exact,31.081001,35.043835,OK,31.080990,35.043837,"Harduf ha-Nekhalim St 23, Dimona, 8600000, Israel",OK,31.080541,35.043529,"הרדוף הנחלים, נווה חורש, חכמי ישראל, דימונה, נפת באר שבע, מחוז הדרום, 8604712, ישראל",1.2,58.7,57.8,הרדוף הנחלים,23,match,הרדוף הנחלים,,partial,,,n/a,הרדוף הנחלים,176,partial,
001027-082996-00039-X,דימונה,המעפיל,39,,8605086,street,31.071904,35.036342,OK,31.072191,35.035896,"HaMa'apil St 39, Dimona, Israel",OK,31.071021,35.041333,"המעפיל, הגבעה, נווה גן, דימונה, נפת באר שבע, מחוז הדרום, 8604712, ישראל",53.2,486.2,534.8,המעפיל,238,partial,המעפיל,,partial,,,n/a,המעפיל,13,partial,
001027-073567-01584-X,דימונה,בת חן,10,,,exact,31.075627,35.032899,OK,31.075579,35.032826,"Bat Khen St 10, Dimona, Israel",OK,31.075768,35.033082,"בת חן, נווה אביב, נווה גן, דימונה, נפת באר שבע, מחוז הדרום, 8604712, ישראל",8.8,23.5,32.2,בת חן,10,match,בת חן,,partial,,,n/a,בת חן,10,match,
001027-073567-01585-X,דימונה,הפסגה,34,,,exact,31.072224,35.041715,OK,31.069419,35.033363,"Dimona, Israel",OK,31.072372,35.041739,"הפסגה, הגבעה, חכמי ישראל, דימונה, נפת באר שבע, מחוז הדרום, 8604712, ישראל",855.7,16.5,863.9,המעלה,58,mismatch,הפסגה,,partial,,,n/a,המעלה,56,mismatch,google_rev_at_govmap_mismatch;google_rev_at_osm_mismatch
001027-073567-01586-X,דימונה,משעול רוגל,14,,,none,,,OK,31.073441,35.028465,"Mish'ol Rogel 14, Dimona, Israel",OK,31.074205,35.028812,"משעול רוגל, נווה דוד, נווה גן, דימונה, נפת באר שבע, מחוז הדרום, 8604712, ישראל",,,91.0,,,n/a,,,n/a,ארז,,mismatch,משעול רוגל,1074,partial,govmap_missing;osm_rev_at_google_mismatch
001027-073567-01587-X,דימונה,חצב,20,,,exact,31.077905,35.038472,OK,31.077893,35.038421,"Khatsav St 20, Dimona, Israel",OK,31.077292,35.038835,"חצב, נאות הללי, נווה גן, דימונה, נפת באר שבע, מחוז הדרום, 8604712, ישראל",5.1,76.3,77.5,חצב,20,match,חצב,,partial,,,n/a,חצב,117,partial,
001027-073567-01588-X,דימונה,שבזי שלום,17,,,exact,31.073137,35.042457,OK,31.073127,35.042433,"Shalom Shabazi St 17, Dimona, Israel",OK,31.071946,35.043415,"שלום שבזי, חכמי ישראל, דימונה, נפת באר שבע, מחוז הדרום, 8604712, ישראל",2.6,160.7,161.1,שלום שבזי,17,match,שלום שבזי,,partial,,,n/a,שלום שבזי,438,partial,
001027-073567-01589-X,דימונה,שיזף,46,,,none,,,OK,31.081052,35.042081,"Sheizaf St 46, Dimona, Israel",OK,31.080967,35.036214,"שיזף, נאות הללי, נווה גן, דימונה, נפת באר שבע, מחוז הדרום, 8604712, ישראל",,,560.0,,,n/a,,,n/a,שיזף,,partial,שיזף,156,partial,govmap_missing
001027-073567-01590-X,דימונה,כליל החורש,15,,,exact,31.078095,35.041418,OK,31.078079,35.041415,"Klil Hahoresh St 15, Dimona, Israel",OK,31.077470,35.041650,"כליל החורש, נווה חורש, חכמי ישראל, דימונה, נפת באר שבע, מחוז הדרום, 8604712, ישראל",1.8,72.8,71.2,ליבנה,63,mismatch,כליל החורש,,partial,,,n/a,סחלבן החורש,27,partial,google_rev_at_govmap_mismatch
001027-073567-01591-X,דימונה,שיבטה,12,,,exact,31.056051,35.039632,OK,31.055737,35.039119,"Shivta St 12, Dimona, Israel",OK,31.056028,35.039349,"שיבטה, ממשית, נווה גן, דימונה, נפת באר שבע, מחוז הדרום, 8604712, ישראל",60.2,27.2,39.1,מבצר עכו,57,mismatch,מבצר עכו,,mismatch,,,n/a,שיבטה,184,partial,google_rev_at_govmap_mismatch;osm_rev_at_govmap_mismatch
001027-073567-01592-X,דימונה,אדר,1,,,exact,31.078138,35.039862,OK,31.078155,35.039877,"Adar St 1, Dimona, Israel",OK,31.078007,35.040281,"אדר, נווה חורש, חכמי ישראל, דימונה, נפת באר שבע, מחוז הדרום, 8604712, ישראל",2.3,42.5,41.9,אדר,1,match,אדר,,partial,,,n/a,צבעוני,12,mismatch,google_rev_at_osm_mismatch
001027-073567-01593-X,דימונה,ירמיה,31,,,none,,,OK,31.078178,35.036740,"Yirmiya St 31, Dimona, Israel",OK,31.079286,35.035978,"ירמיה, נאות הללי, נווה גן, דימונה, נפת באר שבע, מחוז הדרום, 8604712, ישראל",,,142.8,,,n/a,,,n/a,ירמיה,,partial,עמוס,2,mismatch,govmap_missing;google_rev_at_osm_mismatch
001027-073567-01594-X,דימונה,סחלבן החורש,29,,,exact,31.077543,35.041921,OK,31.077559,35.041897,"Sakhlevan ha-Khoresh St 29, Dimona, Israel",OK,31.077293,35.040937,"סחלבן החורש, נווה חורש, חכמי ישראל, דימונה, נפת באר שבע, מחוז הדרום, 8604712, ישראל",2.9,97.9,96.2,סחלבן החורש,29,match,סחלבן החורש,,partial,,,n/a,סחלבן החורש,26,partial,
001027-081029-00250-X,דימונה,עזרא ונחמיה,250,,8604301,street,31.065350,35.035445,OK,31.065695,35.037098,"Ezra u-Nekhemya St 250, Dimona, Israel",OK,31.065341,35.035821,"עזרא ונחמיה, גיורא יוספטל, נווה גן, דימונה, נפת באר שבע, מחוז הדרום, 8604712, ישראל",162.3,35.9,128.0,עזרא ונחמיה,220,partial,עזרא ונחמיה,,partial,,,n/a,עזרא ונחמיה,21,partial,
001027-081029-00250-א,דימונה,עזרא ונחמיה,250,א,8604302,street,31.065350,35.035445,OK,31.065695,35.037098,"Ezra u-Nekhemya St 250, Dimona, Israel",OK,31.065341,35.035821,"עזרא ונחמיה, גיורא יוספטל, נווה גן, דימונה, נפת באר שבע, מחוז הדרום, 8604712, ישראל",162.3,35.9,128.0,עזרא ונחמיה,220,partial,עזרא ונחמיה,,partial,,,n/a,עזרא ונחמיה,21,partial,
001027-081029-00250-ב,דימונה,עזרא ונחמיה,250,ב,8604303,street,31.065350,35.035445,OK,31.065695,35.037098,"Ezra u-Nekhemya St 250, Dimona, Israel",OK,31.065341,35.035821,"עזרא ונחמיה, גיורא יוספטל, נווה גן, דימונה, נפת באר שבע, מחוז הדרום, 8604712, ישראל",162.3,35.9,128.0,עזרא ונחמיה,220,partial,עזרא ונחמיה,,partial,,,n/a,עזרא ונחמיה,21,partial,
001027-081029-00250-ג,דימונה,עזרא ונחמיה,250,ג,8604304,street,31.065350,35.035445,OK,31.065695,35.037098,"Ezra u-Nekhemya St 250, Dimona, Israel",OK,31.065341,35.035821,"עזרא ונחמיה, גיורא יוספטל, נווה גן, דימונה, נפת באר שבע, מחוז הדרום, 8604712, ישראל",162.3,35.9,128.0,עזרא ונחמיה,220,partial,עזרא ונחמיה,,partial,,,n/a,עזרא ונחמיה,21,partial,
001027-081029-00250-ד,דימונה,עזרא ונחמיה,250,ד,8604305,street,31.065350,35.035445,OK,31.065695,35.037098,"Ezra u-Nekhemya St 250, Dimona, Israel",OK,31.065341,35.035821,"עזרא ונחמיה, גיורא יוספטל, נווה גן, דימונה, נפת באר שבע, מחוז הדרום, 8604712, ישראל",162.3,35.9,128.0,עזרא ונחמיה,220,partial,עזרא ונחמיה,,partial,,,n/a,עזרא ונחמיה,21,partial,
001027-081029-00250-ה,דימונה,עזרא ונחמיה,250,ה,8604306,street,31.065350,35.035445,OK,31.065695,35.037098,"Ezra u-Nekhemya St 250, Dimona, Israel",OK,31.065341,35.035821,"עזרא ונחמיה, גיורא יוספטל, נווה גן, דימונה, נפת באר שבע, מחוז הדרום, 8604712, ישראל",162.3,35.9,128.0,עזרא ונחמיה,220,partial,עזרא ונחמיה,,partial,,,n/a,עזרא ונחמיה,21,partial,
001027-081029-00250-ו,דימונה,עזרא ונחמיה,250,ו,8604307,street,31.065350,35.035445,OK,31.065695,35.037098,"Ezra u-Nekhemya St 250, Dimona, Israel",OK,31.065341,35.035821,"עזרא ונחמיה, גיורא יוספטל, נווה גן, דימונה, נפת באר שבע, מחוז הדרום, 8604712, ישראל",162.3,35.9,128.0,עזרא ונחמיה,220,partial,עזרא ונחמיה,,partial,,,n/a,עזרא ונחמיה,21,partial,
001027-073567-01596-X,דימונה,חגי,17,,,exact,31.077403,35.035680,OK,31.077428,35.035639,"Khagai St 17, Dimona, Israel",OK,31.077316,35.036306,"חגי, נאות הללי, נווה גן, דימונה, נפת באר שבע, מחוז הדרום, 8604712, ישראל",4.8,60.5,64.9,חגי,17,match,חגי,,partial,,,n/a,חגי,25,partial,
001027-076480-00221-X,דימונה,שד יגאל אלון,221,,8603161,street,31.063433,35.035970,OK,31.063636,35.036765,"Sderot Yig'al Alon 221, Dimona, Israel",ZERO_RESULTS,,,,79.1,,,,,n/a,יגאל אלון,,partial,,,n/a,,,n/a,osm_fwd_ZERO_RESULTS
001027-076480-00221-א,דימונה,שד יגאל אלון,221,א,8603162,street,31.063433,35.035970,OK,31.063636,35.036765,"Sderot Yig'al Alon 221, Dimona, Israel",ZERO_RESULTS,,,,79.1,,,,,n/a,יגאל אלון,,partial,,,n/a,,,n/a,osm_fwd_ZERO_RESULTS
001027-076480-00221-ב,דימונה,שד יגאל אלון,221,ב,8603163,street,31.063433,35.035970,OK,31.063636,35.036765,"Sderot Yig'al Alon 221, Dimona, Israel",ZERO_RESULTS,,,,79.1,,,,,n/a,יגאל אלון,,partial,,,n/a,,,n/a,osm_fwd_ZERO_RESULTS
001027-076480-00221-ד,דימונה,שד יגאל אלון,221,ד,8603165,street,31.063433,35.035970,OK,31.063636,35.036765,"Sderot Yig'al Alon 221, Dimona, Israel",ZERO_RESULTS,,,,79.1,,,,,n/a,יגאל אלון,,partial,,,n/a,,,n/a,osm_fwd_ZERO_RESULTS
001027-076480-00221-ה,דימונה,שד יגאל אלון,221,ה,8603166,street,31.063433,35.035970,OK,31.063636,35.036765,"Sderot Yig'al Alon 221, Dimona, Israel",ZERO_RESULTS,,,,79.1,,,,,n/a,יגאל אלון,,partial,,,n/a,,,n/a,osm_fwd_ZERO_RESULTS
001027-076480-00221-ו,דימונה,שד יגאל אלון,221,ו,8603167,street,31.063433,35.035970,OK,31.063636,35.036765,"Sderot Yig'al Alon 221, Dimona, Israel",ZERO_RESULTS,,,,79.1,,,,,n/a,יגאל אלון,,partial,,,n/a,,,n/a,osm_fwd_ZERO_RESULTS
001027-076480-00221-ז,דימונה,שד יגאל אלון,221,ז,8603168,street,31.063433,35.035970,OK,31.063636,35.036765,"Sderot Yig'al Alon 221, Dimona, Israel",ZERO_RESULTS,,,,79.1,,,,,n/a,יגאל אלון,,partial,,,n/a,,,n/a,osm_fwd_ZERO_RESULTS
001027-076480-00221-ח,דימונה,שד יגאל אלון,221,ח,8603169,street,31.063433,35.035970,OK,31.063636,35.036765,"Sderot Yig'al Alon 221, Dimona, Israel",ZERO_RESULTS,,,,79.1,,,,,n/a,יגאל אלון,,partial,,,n/a,,,n/a,osm_fwd_ZERO_RESULTS
001027-076480-00221-ט,דימונה,שד יגאל אלון,221,ט,8603170,street,31.063433,35.035970,OK,31.063636,35.036765,"Sderot Yig'al Alon 221, Dimona, Israel",ZERO_RESULTS,,,,79.1,,,,,n/a,יגאל אלון,,partial,,,n/a,,,n/a,osm_fwd_ZERO_RESULTS
001027-073567-01598-X,דימונה,השיא,12,,,exact,31.066565,35.043097,OK,31.066565,35.042999,"Ha-Si St 12, Dimona, Israel",OK,31.066613,35.043242,"השיא, קהילת העבריים, חכמי ישראל, דימונה, נפת באר שבע, מחוז הדרום, 8604712, ישראל",9.4,14.8,23.8,הפיסגה,297,mismatch,השיא,,partial,,,n/a,הפיסגה,289,mismatch,google_rev_at_govmap_mismatch;google_rev_at_osm_mismatch
001027-079944-01093-X,דימונה,?,1093,,8602249,none,,,OK,31.069419,35.033363,"Dimona, Israel",OK,31.068661,35.036648,"דימונה, נפת באר שבע, מחוז הדרום, 8604712, ישראל",,,324.6,,,n/a,,,n/a,טיילת הספורט,,mismatch,שדרות הרצל,16,mismatch,govmap_missing;osm_rev_at_google_mismatch;google_rev_at_osm_mismatch
001027-079944-01093-א,דימונה,?,1093,א,8602250,none,,,OK,31.069419,35.033363,"Dimona, Israel",OK,31.068661,35.036648,"דימונה, נפת באר שבע, מחוז הדרום, 8604712, ישראל",,,324.6,,,n/a,,,n/a,טיילת הספורט,,mismatch,שדרות הרצל,16,mismatch,govmap_missing;osm_rev_at_google_mismatch;google_rev_at_osm_mismatch
001027-079944-01093-ב,דימונה,?,1093,ב,8602251,none,,,OK,31.069419,35.033363,"Dimona, Israel",OK,31.068661,35.036648,"דימונה, נפת באר שבע, מחוז הדרום, 8604712, ישראל",,,324.6,,,n/a,,,n/a,טיילת הספורט,,mismatch,שדרות הרצל,16,mismatch,govmap_missing;osm_rev_at_google_mismatch;google_rev_at_osm_mismatch
001027-079944-01093-ג,דימונה,?,1093,ג,8602252,none,,,OK,31.069419,35.033363,"Dimona, Israel",OK,31.068661,35.036648,"דימונה, נפת באר שבע, מחוז הדרום, 8604712, ישראל",,,324.6,,,n/a,,,n/a,טיילת הספורט,,mismatch,שדרות הרצל,16,mismatch,govmap_missing;osm_rev_at_google_mismatch;google_rev_at_osm_mismatch
001027-079944-01093-ד,דימונה,?,1093,ד,8602253,none,,,OK,31.069419,35.033363,"Dimona, Israel",OK,31.068661,35.036648,"דימונה, נפת באר שבע, מחוז הדרום, 8604712, ישראל",,,324.6,,,n/a,,,n/a,טיילת הספורט,,mismatch,שדרות הרצל,16,mismatch,govmap_missing;osm_rev_at_google_mismatch;google_rev_at_osm_mismatch
001027-079944-01093-ה,דימונה,?,1093,ה,8602254,none,,,OK,31.069419,35.033363,"Dimona, Israel",OK,31.068661,35.036648,"דימונה, נפת באר שבע, מחוז הדרום, 8604712, ישראל",,,324.6,,,n/a,,,n/a,טיילת הספורט,,mismatch,שדרות הרצל,16,mismatch,govmap_missing;osm_rev_at_google_mismatch;google_rev_at_osm_mismatch
001027-073567-01600-X,דימונה,אקליפטוס,9,,,exact,31.077899,35.042186,OK,31.077891,35.042117,"Ekaliptus St 9, Dimona, Israel",OK,31.078885,35.042295,"אקליפטוס, נווה חורש, חכמי ישראל, דימונה, נפת באר שבע, מחוז הדרום, 8604712, ישראל",6.7,109.8,111.5,אקליפטוס,95,partial,אקליפטוס,,partial,,,n/a,בשמת,2,mismatch,google_rev_at_osm_mismatch
001027-073567-01601-X,דימונה,מבצע ברוש,7,,,none,,,OK,31.072029,35.028025,"Mivtsa Brosh St 7, Dimona, Israel",OK,31.072363,35.028065,"מבצע ברוש, הנצחון, נווה גן, דימונה, נפת באר שבע, מחוז הדרום, 8604712, ישראל",,,37.3,,,n/a,,,n/a,מבצע ברוש,,partial,יצחק שדה,1019,mismatch,govmap_missing;google_rev_at_osm_mismatch
001027-073567-01602-X,דימונה,תל אפק,25,,,exact,31.055209,35.034405,OK,31.055072,35.034357,"Tel Afek St 25, Dimona, Israel",OK,31.055892,35.034133,"תל אפק, ערבה, נווה גן, דימונה, נפת באר שבע, מחוז הדרום, 8604712, ישראל",15.9,80.0,93.4,תל אפק,30,partial,תל אפק,,partial,,,n/a,,,mismatch,google_rev_at_osm_mismatch
001027-073567-01603-X,דימונה,הרמה,60,,,exact,31.067506,35.042779,OK,31.067483,35.042741,"Ha-Rama St 60, Dimona, Israel",OK,31.070092,35.040819,"הרמה, הגבעה, נווה גן, דימונה, נפת באר שבע, מחוז הדרום, 8604712, ישראל",4.4,342.4,342.5,הרמה,60,match,הרמה,,partial,,,n/a,הרמה,15,partial,
001027-073567-01604-X,דימונה,גמלא,28,,,exact,31.056809,35.035996,OK,31.056905,35.035770,"Gamla St 28, Dimona, Israel",OK,31.058564,35.034384,"גמלא, ערבה, נווה גן, דימונה, נפת באר שבע, מחוז הדרום, 8604712, ישראל",24.1,248.1,226.6,גמלא,32,partial,גמלא,,partial,,,n/a,,,mismatch,google_rev_at_osm_mismatch
001027-073567-01605-X,דימונה,העליה,42,,,exact,31.065626,35.042557,OK,31.065883,35.042410,"Aliya St 42, Dimona, Israel",ZERO_RESULTS,,,,31.8,,,עבדת,1642,mismatch,יצחק רבין,,mismatch,,,n/a,,,n/a,osm_fwd_ZERO_RESULTS;google_rev_at_govmap_mismatch;osm_rev_at_govmap_mismatch
001027-077597-00182-X,דימונה,נוה מדבר,182,,8601330,street,31.060570,35.028727,OK,31.059779,35.030481,"Neve Midbar St 182, Dimona, Israel",OK,31.060615,35.028548,"נוה מדבר, ערבה, נווה גן, דימונה, נפת באר שבע, מחוז הדרום, 8604712, ישראל",189.0,17.8,206.5,נווה מדבר,27,partial,נוה מדבר,,partial,,,n/a,נווה מדבר,31,partial,
001027-073567-01607-X,דימונה,דרך הצנחנים,1075,,,none,,,OK,31.074284,35.030293,"HaTsanhanim St 1075, Dimona, Israel",ZERO_RESULTS,,,,,,,,,n/a,,,n/a,משעול רוגל,,mismatch,,,n/a,govmap_missing;osm_fwd_ZERO_RESULTS;osm_rev_at_google_mismatch
001027-082952-01006-X,דימונה,העצמאות,1006,,8616606,street,31.069613,35.029406,OK,31.070758,35.029535,"HaAtsmaut St 1006, Dimona, Israel",OK,31.068804,35.029486,"העצמאות, הנצחון, נווה גן, דימונה, נפת באר שבע, מחוז הדרום, 8604712, ישראל",127.5,90.1,216.7,רחבת הסוכנות,1094,mismatch,העצמאות,,partial,,,n/a,,,mismatch,google_rev_at_govmap_mismatch;google_rev_at_osm_mismatch
001027-078072-00056-X,דימונה,קדש,56,,8601633,street,31.058609,35.028935,OK,31.058271,35.027892,"Kadesh St 56, Dimona, Israel",OK,31.058632,35.029266,"קדש, ערבה, נווה גן, דימונה, נפת באר שבע, מחוז הדרום, 8604712, ישראל",106.3,31.8,137.2,קדש,20,partial,קדש,,partial,,,n/a,קדש,12,partial,
001027-073567-01610-X,דימונה,ערוגות,16,,,exact,31.073836,35.035478,OK,31.073796,35.035431,"Mish'ol Arugot 16, Dimona, Israel",ZERO_RESULTS,,,,6.3,,,משעול ערוגות,16,partial,,,mismatch,,,n/a,,,n/a,osm_fwd_ZERO_RESULTS;osm_rev_at_govmap_mismatch
001027-073567-01611-X,דימונה,קטלב,37,,,exact,31.079206,35.039472,OK,31.079188,35.039427,"Ktalav St 37, Dimona, Israel",OK,31.078015,35.039631,"קטלב, נווה חורש, חכמי ישראל, דימונה, נפת באר שבע, מחוז הדרום, 8604712, ישראל",4.7,133.0,131.5,קטלב,247,partial,קטלב,,partial,,,n/a,קטלב,253,partial,
001027-073567-01612-X,דימונה,שד הנשיא,48,,,none,,,OK,31.064673,35.030515,"Sderot HaNassi 48, Dimona, Israel",ZERO_RESULTS,,,,,,,,,n/a,,,n/a,השיטה,,mismatch,,,n/a,govmap_missing;osm_fwd_ZERO_RESULTS;osm_rev_at_google_mismatch
001027-073567-01613-X,דימונה,טיילת הספורט,34,,,exact,31.072839,35.033397,OK,31.072699,35.033184,"HaSport Promenade 34, Dimona, Israel",OK,31.069575,35.033135,"טיילת הספורט, נווה אביב, נווה גן, דימונה, נפת באר שבע, מחוז הדרום, 8604712, ישראל",25.5,362.8,346.5,רחבת יציאת אירופה,1102,mismatch,אקסודוס,1066,mismatch,,,n/a,השקמה,,mismatch,google_rev_at_govmap_mismatch;osm_rev_at_govmap_mismatch;google_rev_at_osm_mismatch
001027-073567-01614-X,דימונה,דרך השלום,6,,,exact,31.072888,35.035463,OK,31.072858,35.035371,"Derech HaShalom 6, Dimona, Israel",ZERO_RESULTS,,,,9.4,,,דרך השלום,10,partial,נבטים,1204,mismatch,,,n/a,,,n/a,osm_fwd_ZERO_RESULTS;osm_rev_at_govmap_mismatch
001027-073567-01615-X,דימונה,?,41,,,exact,31.067414,35.035338,OK,31.069419,35.033363,"Dimona, Israel",OK,31.068661,35.036648,"דימונה, נפת באר שבע, מחוז הדרום, 8604712, ישראל",291.4,186.4,324.6,שדרות הרצל,231,mismatch,שדרות הרצל,,mismatch,,,n/a,שדרות הרצל,16,mismatch,google_rev_at_govmap_mismatch;osm_rev_at_govmap_mismatch;google_rev_at_osm_mismatch
001027-082052-00270-א,דימונה,בר כוכבא,270,א,8604648,street,31.064706,35.036276,OK,31.064571,35.036288,"Bar Kochva St, Dimona, Israel",OK,31.064570,35.036260,"בר כוכבא, גיורא יוספטל, נווה גן, דימונה, נפת באר שבע, מחוז הדרום, 8604712, ישראל",15.1,15.2,2.7,בר כוכבא,208,partial,בר כוכבא,,partial,,,n/a,בר כוכבא,207,partial,
001027-082052-00270-ב,דימונה,בר כוכבא,270,ב,8604649,street,31.064706,35.036276,OK,31.064571,35.036288,"Bar Kochva St, Dimona, Israel",OK,31.064570,35.036260,"בר כוכבא, גיורא יוספטל, נווה גן, דימונה, נפת באר שבע, מחוז הדרום, 8604712, ישראל",15.1,15.2,2.7,בר כוכבא,208,partial,בר כוכבא,,partial,,,n/a,בר כוכבא,207,partial,
001027-082052-00270-ג,דימונה,בר כוכבא,270,ג,8604650,street,31.064706,35.036276,OK,31.064571,35.036288,"Bar Kochva St, Dimona, Israel",OK,31.064570,35.036260,"בר כוכבא, גיורא יוספטל, נווה גן, דימונה, נפת באר שבע, מחוז הדרום, 8604712, ישראל",15.1,15.2,2.7,בר כוכבא,208,partial,בר כוכבא,,partial,,,n/a,בר כוכבא,207,partial,
001027-082052-00270-ד,דימונה,בר כוכבא,270,ד,8604651,street,31.064706,35.036276,OK,31.064571,35.036288,"Bar Kochva St, Dimona, Israel",OK,31.064570,35.036260,"בר כוכבא, גיורא יוספטל, נווה גן, דימונה, נפת באר שבע, מחוז הדרום, 8604712, ישראל",15.1,15.2,2.7,בר כוכבא,208,partial,בר כוכבא,,partial,,,n/a,בר כוכבא,207,partial,
001027-082052-00270-ה,דימונה,בר כוכבא,270,ה,8604652,street,31.064706,35.036276,OK,31.064571,35.036288,"Bar Kochva St, Dimona, Israel",OK,31.064570,35.036260,"בר כוכבא, גיורא יוספטל, נווה גן, דימונה, נפת באר שבע, מחוז הדרום, 8604712, ישראל",15.1,15.2,2.7,בר כוכבא,208,partial,בר כוכבא,,partial,,,n/a,בר כוכבא,207,partial,
001027-082052-00270-ו,דימונה,בר כוכבא,270,ו,8604653,street,31.064706,35.036276,OK,31.064571,35.036288,"Bar Kochva St, Dimona, Israel",OK,31.064570,35.036260,"בר כוכבא, גיורא יוספטל, נווה גן, דימונה, נפת באר שבע, מחוז הדרום, 8604712, ישראל",15.1,15.2,2.7,בר כוכבא,208,partial,בר כוכבא,,partial,,,n/a,בר כוכבא,207,partial,
001027-082052-00270-ז,דימונה,בר כוכבא,270,ז,8604654,street,31.064706,35.036276,OK,31.064571,35.036288,"Bar Kochva St, Dimona, Israel",OK,31.064570,35.036260,"בר כוכבא, גיורא יוספטל, נווה גן, דימונה, נפת באר שבע, מחוז הדרום, 8604712, ישראל",15.1,15.2,2.7,בר כוכבא,208,partial,בר כוכבא,,partial,,,n/a,בר כוכבא,207,partial,
001027-082052-00270-ט,דימונה,בר כוכבא,270,ט,8604656,street,31.064706,35.036276,OK,31.064571,35.036288,"Bar Kochva St, Dimona, Israel",OK,31.064570,35.036260,"בר כוכבא, גיורא יוספטל, נווה גן, דימונה, נפת באר שבע, מחוז הדרום, 8604712, ישראל",15.1,15.2,2.7,בר כוכבא,208,partial,בר כוכבא,,partial,,,n/a,בר כוכבא,207,partial,
001027-075677-00343-X,דימונה,השבלים,343,,8602760,street,31.063481,35.028138,OK,31.063498,35.028210,"Ha-Shibolim St, Dimona, Israel",ZERO_RESULTS,,,,7.1,,,השיבולים,29,mismatch,השיבולים,,mismatch,,,n/a,,,n/a,osm_fwd_ZERO_RESULTS;google_rev_at_govmap_mismatch;osm_rev_at_govmap_mismatch
001027-073567-01618-X,דימונה,המעפיל,12,,,exact,31.071760,35.033526,OK,31.071058,35.041077,"HaMa'apil St 12, Dimona, Israel",OK,31.071913,35.033190,"המעפיל, הנצחון, נווה גן, דימונה, נפת באר שבע, מחוז הדרום, 8604712, ישראל",724.8,36.3,758.7,המעפיל,1056,partial,המעפיל,,partial,,,n/a,טיילת הספורט,1056,mismatch,google_rev_at_osm_mismatch
001027-073567-01619-X,דימונה,חרוב,21,,,exact,31.080432,35.040779,OK,31.080458,35.040611,"Kharuv St 21, Dimona, Israel",OK,31.080232,35.041284,"חרוב, נווה חורש, חכמי ישראל, דימונה, נפת באר שבע, מחוז הדרום, 8604712, ישראל",16.3,53.1,68.9,חרוב,232,partial,חרוב,,partial,,,n/a,חרוב,230,partial,
001027-084626-00009-X,דימונה,עלית הנוער,9,,8605023,street,31.071020,35.030575,OK,31.070229,35.030623,"Aliyat Hano'ar St, Dimona, Israel",ZERO_RESULTS,,,,87.8,,,שדרות גולדה מאיר,1003,mismatch,יצחק צוקרמן,1012,mismatch,,,n/a,,,n/a,osm_fwd_ZERO_RESULTS;google_rev_at_govmap_mismatch;osm_rev_at_govmap_mismatch
001027-073567-01621-X,דימונה,ירושלים,14,,,exact,31.058022,35.037449,OK,31.057741,35.039347,"Jerusalem St 14, Dimona, Israel",OK,31.059048,35.032782,"ירושלים, ערבה, נווה גן, דימונה, נפת באר שבע, מחוז הדרום, 8604712, ישראל",183.9,459.8,643.2,קומראן,33,mismatch,קומראן,,mismatch,,,n/a,,,mismatch,google_rev_at_govmap_mismatch;osm_rev_at_govmap_mismatch;google_rev_at_osm_mismatch
001027-073567-01622-X,דימונה,אזוב,3,,,none,,,OK,31.077866,35.044220,"Ezov St 3, Dimona, Israel",OK,31.077575,35.044210,"אזוב, נווה חורש, חכמי ישראל, דימונה, נפת באר שבע, מחוז הדרום, 8604712, ישראל",,,32.2,,,n/a,,,n/a,אזוב,,partial,אזוב,277,partial,govmap_missing
001027-073567-01623-X,דימונה,יודפת,2,,,exact,31.056233,35.035312,OK,31.056413,35.035522,"Yodfat St 2, Dimona, Israel",OK,31.055625,35.035432,"יודפת, ממשית, דימונה, נפת באר שבע, מחוז הדרום, 8604712, ישראל",28.3,68.4,87.8,בית שערים,32,mismatch,יודפת,,partial,,,n/a,יודפת,14,partial,google_rev_at_govmap_mismatch
001027-075911-00270-X,דימונה,הרימון,270,,8602873,street,31.063893,35.026884,OK,31.063876,35.026863,"Ha-Rimon St, Dimona, Israel",OK,31.063935,35.026963,"הרימון, שבעת המינים, נווה גן, דימונה, נפת באר שבע, מחוז הדרום, 8604712, ישראל",2.7,8.9,11.6,הרימון,199,partial,הרימון,,partial,,,n/a,הרימון,199,partial,
001027-073567-01625-X,דימונה,נוה מדבר,33,,,exact,31.060486,35.028449,OK,31.060460,35.028368,"Neve Midbar St 33, Dimona, Israel",OK,31.060615,35.028548,"נוה מדבר, ערבה, נווה גן, דימונה, נפת באר שבע, מחוז הדרום, 8604712, ישראל",8.2,17.2,24.3,נווה מדבר,168,partial,נוה מדבר,,partial,,,n/a,נווה מדבר,31,partial,
001027-073567-01626-X,דימונה,המעפיל,27,,,exact,31.072165,35.035317,OK,31.071779,35.040784,"HaMa'apil St 27, Dimona, Israel",OK,31.071913,35.033190,"המעפיל, הנצחון, נווה גן, דימונה, נפת באר שבע, מחוז הדרום, 8604712, ישראל",523.5,204.9,724.9,המעפיל,28,partial,נבטים,1205,mismatch,,,n/a,טיילת הספורט,1056,mismatch,osm_rev_at_govmap_mismatch;google_rev_at_osm_mismatch
001027-076480-00209-X,דימונה,שד יגאל אלון,209,,8603152,street,31.063433,35.035970,OK,31.063622,35.035309,"Sderot Yig'al Alon 209, Dimona, Israel",ZERO_RESULTS,,,,66.5,,,,,n/a,יגאל אלון,,partial,,,n/a,,,n/a,osm_fwd_ZERO_RESULTS
001027-076480-00209-א,דימונה,שד יגאל אלון,209,א,8603153,street,31.063433,35.035970,OK,31.063622,35.035309,"Sderot Yig'al Alon 209, Dimona, Israel",ZERO_RESULTS,,,,66.5,,,,,n/a,יגאל אלון,,partial,,,n/a,,,n/a,osm_fwd_ZERO_RESULTS
001027-076480-00209-ב,דימונה,שד יגאל אלון,209,ב,8603154,street,31.063433,35.035970,OK,31.063622,35.035309,"Sderot Yig'al Alon 209, Dimona, Israel",ZERO_RESULTS,,,,66.5,,,,,n/a,יגאל אלון,,partial,,,n/a,,,n/a,osm_fwd_ZERO_RESULTS
001027-076480-00209-ג,דימונה,שד יגאל אלון,209,ג,8603155,street,31.063433,35.035970,OK,31.063622,35.035309,"Sderot Yig'al Alon 209, Dimona, Israel",ZERO_RESULTS,,,,66.5,,,,,n/a,יגאל אלון,,partial,,,n/a,,,n/a,osm_fwd_ZERO_RESULTS
001027-076480-00209-ד,דימונה,שד יגאל אלון,209,ד,8603156,street,31.063433,35.035970,OK,31.063622,35.035309,"Sderot Yig'al Alon 209, Dimona, Israel",ZERO_RESULTS,,,,66.5,,,,,n/a,יגאל אלון,,partial,,,n/a,,,n/a,osm_fwd_ZERO_RESULTS
001027-076480-00209-ו,דימונה,שד יגאל אלון,209,ו,8603158,street,31.063433,35.035970,OK,31.063622,35.035309,"Sderot Yig'al Alon 209, Dimona, Israel",ZERO_RESULTS,,,,66.5,,,,,n/a,יגאל אלון,,partial,,,n/a,,,n/a,osm_fwd_ZERO_RESULTS
001027-076480-00209-ז,דימונה,שד יגאל אלון,209,ז,8603159,street,31.063433,35.035970,OK,31.063622,35.035309,"Sderot Yig'al Alon 209, Dimona, Israel",ZERO_RESULTS,,,,66.5,,,,,n/a,יגאל אלון,,partial,,,n/a,,,n/a,osm_fwd_ZERO_RESULTS
001027-076480-00209-ח,דימונה,שד יגאל אלון,209,ח,8603160,street,31.063433,35.035970,OK,31.063622,35.035309,"Sderot Yig'al Alon 209, Dimona, Israel",ZERO_RESULTS,,,,66.5,,,,,n/a,יגאל אלון,,partial,,,n/a,,,n/a,osm_fwd_ZERO_RESULTS
001027-073567-01628-X,דימונה,הר שניר,18,,,exact,31.086788,35.034680,OK,31.086734,35.034804,"Snir St 18, Dimona, Israel",OK,31.086699,35.034469,"הר שניר, נווה גן, דימונה, נפת באר שבע, מחוז הדרום, 8604712, ישראל",13.2,22.5,32.2,,,mismatch,הר שניר,,partial,,,n/a,,,mismatch,google_rev_at_govmap_mismatch;google_rev_at_osm_mismatch
001027-073567-01629-X,דימונה,הר ארבל,29,,,exact,31.085867,35.038807,OK,31.085807,35.038779,"Arbel St 29, Dimona, Israel",OK,31.084760,35.037592,"הר ארבל, נווה גן, דימונה, נפת באר שבע, מחוז הדרום, 8604712, ישראל",7.1,168.9,162.3,,,mismatch,הר ארבל,,partial,,,n/a,ארבל,2,partial,google_rev_at_govmap_mismatch
001027-073567-01630-X,דימונה,העמל,14,,,none,,,OK,31.064627,35.019266,"Ha-Amal St 14, Dimona, Israel",OK,31.064876,35.018872,"העמל, אזור תעשייה קריית עמל, נווה גן, דימונה, נפת באר שבע, מחוז הדרום, 8604712, ישראל",,,46.7,,,n/a,,,n/a,העמל,,partial,העמל,63,partial,govmap_missing
001027-073567-01631-X,דימונה,אמנון ותמר,1,,,exact,31.075001,35.031954,OK,31.075018,35.031922,"Amnon veTamar St 1, Dimona, Israel",OK,31.075772,35.032047,"אמנון ותמר, נווה אביב, נווה גן, דימונה, נפת באר שבע, מחוז הדרום, 8604712, ישראל",3.5,85.9,84.5,שושן צחור,2,mismatch,סטרומה,,mismatch,,,n/a,בת חן,2,mismatch,google_rev_at_govmap_mismatch;osm_rev_at_govmap_mismatch;google_rev_at_osm_mismatch
001027-083633-01203-X,דימונה,דרך השלום,1203,,8607709,street,31.073322,35.036527,OK,31.072867,35.034714,"Derech HaShalom 1203, Dimona, Israel",ZERO_RESULTS,,,,180.2,,,דרך השלום,28,partial,נבטים,,mismatch,,,n/a,,,n/a,osm_fwd_ZERO_RESULTS;osm_rev_at_govmap_mismatch
001027-083633-01203-א,דימונה,דרך השלום,1203,א,8607710,street,31.073322,35.036527,OK,31.072867,35.034714,"Derech HaShalom 1203, Dimona, Israel",ZERO_RESULTS,,,,180.2,,,דרך השלום,28,partial,נבטים,,mismatch,,,n/a,,,n/a,osm_fwd_ZERO_RESULTS;osm_rev_at_govmap_mismatch
001027-083633-01203-ב,דימונה,דרך השלום,1203,ב,8607711,street,31.073322,35.036527,OK,31.072867,35.034714,"Derech HaShalom 1203, Dimona, Israel",ZERO_RESULTS,,,,180.2,,,דרך השלום,28,partial,נבטים,,mismatch,,,n/a,,,n/a,osm_fwd_ZERO_RESULTS;osm_rev_at_govmap_mismatch
001027-073567-01633-X,דימונה,שיבטה,19,,,exact,31.056436,35.039464,OK,31.056667,35.039872,"Shivta St 19, Dimona, Israel",OK,31.056028,35.039349,"שיבטה, ממשית, נווה גן, דימונה, נפת באר שבע, מחוז הדרום, 8604712, ישראל",46.6,46.5,86.7,שיבטה,188,partial,שיבטה,,partial,,,n/a,שיבטה,184,partial,
001027-073567-01634-X,דימונה,חטיבת אלכסנדרוני,4078,,,none,,,OK,31.076087,35.030152,"Hativat Alexandroni St, Dimona, Israel",OK,31.076119,35.030122,"חטיבת אלכסנדרוני, נווה דוד, נווה גן, דימונה, נפת באר שבע, מחוז הדרום, 8604712, ישראל",,,4.5,,,n/a,,,n/a,חטיבת אלכסנדרוני,,partial,חטיבת אלכסנדרוני,86,partial,govmap_missing
001027-083998-00122-X,דימונה,דוכיפת,122,,8617601,street,31.074254,35.035926,OK,31.074226,35.035624,"Mish'ol Duhifat 122, Dimona, Israel",OK,31.074273,35.035883,"דוכיפת, שכונה לדוגמא, נווה גן, דימונה, נפת באר שבע, מחוז הדרום, 8604712, ישראל",29.0,4.6,25.2,משעול דוכיפת,5,partial,דוכיפת,,partial,,,n/a,משעול דוכיפת,3,partial,
001027-073567-01636-X,דימונה,דפנה,5,,,none,,,OK,31.079821,35.039756,"Dafna St 5, Dimona, Israel",OK,31.079667,35.040288,"דפנה, נווה חורש, חכמי ישראל, דימונה, נפת באר שבע, מחוז הדרום, 8604712, ישראל",,,53.6,,,n/a,,,n/a,קטלב,,mismatch,דפנה,44,partial,govmap_missing;osm_rev_at_google_mismatch
001027-073567-01637-X,דימונה,מרווה,17,,,exact,31.078835,35.039107,OK,31.078752,35.039030,"Marva St 17, Dimona, Israel",OK,31.078567,35.038780,"מרווה, נאות הללי, חכמי ישראל, דימונה, נפת באר שבע, מחוז הדרום, 8604712, ישראל",11.8,43.1,31.5,מרווה,19,partial,מרווה,,partial,,,n/a,מרווה,13,partial,
001027-073567-01638-X,דימונה,שיזף,122,,,exact,31.082593,35.038768,OK,31.082554,35.038658,"Sheizaf St 122, Dimona, Israel",OK,31.080715,35.035438,"שיזף, נאות הללי, נווה גן, דימונה, נפת באר שבע, מחוז הדרום, 8604712, ישראל",11.3,380.0,368.8,שיזף,120,partial,שיזף,,partial,,,n/a,שיזף,1761,partial,
001027-082996-00001-X,דימונה,המעפיל,1,,8605048,street,31.071904,35.036342,OK,31.071769,35.039188,"HaMa'apil St 1, Dimona, Israel",OK,31.071971,35.033195,"המעפיל, הנצחון, נווה גן, דימונה, נפת באר שבע, מחוז הדרום, 8604712, ישראל",272.0,300.4,572.4,המעפיל,238,partial,המעפיל,,partial,,,n/a,טיילת הספורט,1056,mismatch,google_rev_at_osm_mismatch
001027-083571-00067-X,דימונה,שד בן גוריון,67,,8607635,exact,31.072524,35.034189,OK,31.073891,35.034629,"דוד בן גוריון 67, Dimona, Israel",ZERO_RESULTS,,,,157.3,,,דרך דוד בן גוריון,1065,partial,אקסודוס,1067,mismatch,,,n/a,,,n/a,osm_fwd_ZERO_RESULTS;osm_rev_at_govmap_mismatch
001027-073567-01641-X,דימונה,קלעת נמרוד,27,,,exact,31.054333,35.035703,OK,31.054379,35.035739,"Kal'at Nimrod St 27, Dimona, Israel",OK,31.054258,35.035285,"קלעת נמרוד, ממשית, דימונה, נפת באר שבע, מחוז הדרום, 8604712, ישראל",6.1,40.7,45.3,קלעת נמרוד,27,match,קלעת נמרוד,,partial,,,n/a,קלעת נמרוד,25,partial,
001027-073567-01642-X,דימונה,שד הנשיא,199,,,none,,,OK,31.065397,35.032191,"Sderot HaNassi 199, Dimona, Israel",ZERO_RESULTS,,,,,,,,,n/a,,,n/a,שדרות אריאל שרון,,mismatch,,,n/a,govmap_missing;osm_fwd_ZERO_RESULTS;osm_rev_at_google_mismatch
001027-073567-01643-X,דימונה,ברקן,8,,,exact,31.078957,35.040065,OK,31.078925,35.040025,"Barkan St 8, Dimona, Israel",OK,31.079158,35.040286,"ברקן, נווה חורש, חכמי ישראל, דימונה, נפת באר שבע, מחוז הדרום, 8604712, ישראל",5.2,30.6,35.9,ברקן,28,partial,ברקן,,partial,,,n/a,ברקן,13,partial,
001027-083523-00006-X,דימונה,רחבת האיסיים,6,,8604734,exact,31.065782,35.038898,OK,31.069419,35.033363,"Dimona, Israel",ZERO_RESULTS,,,,664.6,,,מתתיהו הכהן,54,mismatch,,,mismatch,,,n/a,,,n/a,osm_fwd_ZERO_RESULTS;google_rev_at_govmap_mismatch;osm_rev_at_govmap_mismatch
001027-073567-01645-X,דימונה,חגי,48,,,exact,31.077179,35.036951,OK,31.077120,35.036878,"Khagai St 48, Dimona, Israel",OK,31.077316,35.036306,"חגי, נאות הללי, נווה גן, דימונה, נפת באר שבע, מחוז הדרום, 8604712, ישראל",9.6,63.4,58.7,חגי,50,partial,חגי,,partial,,,n/a,חגי,25,partial,
001027-073567-01646-X,דימונה,הר מירון,11,,,none,,,OK,31.086947,35.039077,"Meron St 11, Dimona, Israel",OK,31.086549,35.038589,"הר מירון, חכמי ישראל, דימונה, נפת באר שבע, מחוז הדרום, 8604712, ישראל",,,64.2,,,n/a,,,n/a,הר מירון,,partial,,,mismatch,govmap_missing;google_rev_at_osm_mismatch
001027-073567-01647-X,דימונה,הנרקיס,14,,,exact,31.062529,35.031752,OK,31.062642,35.031854,"Narkis St 14, Dimona, Israel",ZERO_RESULTS,,,,15.9,,,נרקיס,30,mismatch,נרקיס,,mismatch,,,n/a,,,n/a,osm_fwd_ZERO_RESULTS;google_rev_at_govmap_mismatch;osm_rev_at_govmap_mismatch
001027-073567-01647-X,דימונה,הנרקיס,14,,,exact,31.062529,35.031752,OK,31.062642,35.031854,"Narkis St 14, Dimona, Israel",ZERO_RESULTS,,,,15.9,,,נרקיס,30,mismatch,נרקיס,,mismatch,,,n/a,,,n/a,osm_fwd_ZERO_RESULTS;google_rev_at_govmap_mismatch;osm_rev_at_govmap_mismatch
001027-073567-01647-X,דימונה,הנרקיס,14,,,exact,31.062529,35.031752,OK,31.062642,35.031854,"Narkis St 14, Dimona, Israel",ZERO_RESULTS,,,,15.9,,,נרקיס,30,mismatch,נרקיס,,mismatch,,,n/a,,,n/a,osm_fwd_ZERO_RESULTS;google_rev_at_govmap_mismatch;osm_rev_at_govmap_mismatch
001027-079944-01087-א,דימונה,?,1087,א,8602212,none,,,OK,31.069419,35.033363,"Dimona, Israel",OK,31.068661,35.036648,"דימונה, נפת באר שבע, מחוז הדרום, 8604712, ישראל",,,324.6,,,n/a,,,n/a,טיילת הספורט,,mismatch,שדרות הרצל,16,mismatch,govmap_missing;osm_rev_at_google_mismatch;google_rev_at_osm_mismatch
001027-079944-01087-ב,דימונה,?,1087,ב,8602213,none,,,OK,31.069419,35.033363,"Dimona, Israel",OK,31.068661,35.036648,"דימונה, נפת באר שבע, מחוז הדרום, 8604712, ישראל",,,324.6,,,n/a,,,n/a,טיילת הספורט,,mismatch,שדרות הרצל,16,mismatch,govmap_missing;osm_rev_at_google_mismatch;google_rev_at_osm_mismatch
001027-079944-01087-ג,דימונה,?,1087,ג,8602214,none,,,OK,31.069419,35.033363,"Dimona, Israel",OK,31.068661,35.036648,"דימונה, נפת באר שבע, מחוז הדרום, 8604712, ישראל",,,324.6,,,n/a,,,n/a,טיילת הספורט,,mismatch,שדרות הרצל,16,mismatch,govmap_missing;osm_rev_at_google_mismatch;google_rev_at_osm_mismatch
001027-073567-01649-X,דימונה,צפצפה,11,,,exact,31.080850,35.038168,OK,31.080880,35.038142,"Tsaftsafa St 11, Dimona, Israel",OK,31.081025,35.037767,"צפצפה, נאות הללי, נווה גן, דימונה, נפת באר שבע, מחוז הדרום, 8604712, ישראל",4.1,42.9,39.2,צפצפה,11,match,צפצפה,,partial,,,n/a,צפצפה,169,partial,
001027-073567-01650-X,דימונה,הפסגה,5,,,exact,31.072401,35.039293,OK,31.069419,35.033363,"Dimona, Israel",OK,31.072372,35.041739,"הפסגה, הגבעה, חכמי ישראל, דימונה, נפת באר שבע, מחוז הדרום, 8604712, ישראל",655.4,233.5,863.9,הפיסגה,95,mismatch,הפסגה,,partial,,,n/a,המעלה,56,mismatch,google_rev_at_govmap_mismatch;google_rev_at_osm_mismatch
001027-073567-01651-X,דימונה,הגפן,46,,,exact,31.064739,35.024951,OK,31.064795,35.024887,"HaGefen St 46, Dimona, Israel",OK,31.064918,35.025862,"הגפן, שבעת המינים, נווה גן, דימונה, נפת באר שבע, מחוז הדרום, 8604712, ישראל",8.7,89.2,94.1,הגפן,46,match,הגפן,,partial,,,n/a,הגפן,34,partial,
001027-083704-01325-X,דימונה,מרחבים,1325,,8616921,street,31.074857,35.037212,OK,31.076223,35.039084,"Merhavim St 1325, Dimona, Israel",OK,31.074810,35.035596,"מרחבים, נווה אביב, נווה גן, דימונה, נפת באר שבע, מחוז הדרום, 8604712, ישראל",234.3,154.3,367.9,מרחבים,0,partial,מרחבים,1321,partial,,,n/a,מרחבים,48,partial,
001027-083058-01057-X,דימונה,טיילת הספורט,1057,,8617934,street,31.071267,35.033164,OK,31.071448,35.033406,"HaSport Promenade 1057, Dimona, Israel",OK,31.069575,35.033135,"טיילת הספורט, נווה אביב, נווה גן, דימונה, נפת באר שבע, מחוז הדרום, 8604712, ישראל",30.6,187.7,209.3,טיילת הספורט,1058,partial,טיילת הספורט,,partial,,,n/a,השקמה,,mismatch,google_rev_at_osm_mismatch
001027-083058-01057-א,דימונה,טיילת הספורט,1057,א,8617935,street,31.071267,35.033164,OK,31.071448,35.033406,"HaSport Promenade 1057, Dimona, Israel",OK,31.069575,35.033135,"טיילת הספורט, נווה אביב, נווה גן, דימונה, נפת באר שבע, מחוז הדרום, 8604712, ישראל",30.6,187.7,209.3,טיילת הספורט,1058,partial,טיילת הספורט,,partial,,,n/a,השקמה,,mismatch,google_rev_at_osm_mismatch
001027-083058-01057-ב,דימונה,טיילת הספורט,1057,ב,8617936,street,31.071267,35.033164,OK,31.071448,35.033406,"HaSport Promenade 1057, Dimona, Israel",OK,31.069575,35.033135,"טיילת הספורט, נווה אביב, נווה גן, דימונה, נפת באר שבע, מחוז הדרום, 8604712, ישראל",30.6,187.7,209.3,טיילת הספורט,1058,partial,טיילת הספורט,,partial,,,n/a,השקמה,,mismatch,google_rev_at_osm_mismatch
001027-083058-01057-ג,דימונה,טיילת הספורט,1057,ג,8617937,street,31.071267,35.033164,OK,31.071448,35.033406,"HaSport Promenade 1057, Dimona, Israel",OK,31.069575,35.033135,"טיילת הספורט, נווה אביב, נווה גן, דימונה, נפת באר שבע, מחוז הדרום, 8604712, ישראל",30.6,187.7,209.3,טיילת הספורט,1058,partial,טיילת הספורט,,partial,,,n/a,השקמה,,mismatch,google_rev_at_osm_mismatch
001027-083058-01057-ד,דימונה,טיילת הספורט,1057,ד,8617938,street,31.071267,35.033164,OK,31.071448,35.033406,"HaSport Promenade 1057, Dimona, Israel",OK,31.069575,35.033135,"טיילת הספורט, נווה אביב, נווה גן, דימונה, נפת באר שבע, מחוז הדרום, 8604712, ישראל",30.6,187.7,209.3,טיילת הספורט,1058,partial,טיילת הספורט,,partial,,,n/a,השקמה,,mismatch,google_rev_at_osm_mismatch
001027-073567-01654-X,דימונה,ציפורי,39,,,none,,,OK,31.054196,35.037517,"Tsipori St 39, Dimona, Israel",OK,31.054218,35.038395,"ציפורי, ממשית, דימונה, נפת באר שבע, מחוז הדרום, 8604712, ישראל",,,83.8,,,n/a,,,n/a,ציפורי,,partial,ציפורי,137,partial,govmap_missing
001027-073567-01655-X,דימונה,הגיא,6,,,exact,31.071296,35.040408,OK,31.071010,35.040482,"Hagai St 6, Dimona, Israel",OK,31.070600,35.040904,"הגיא, הגבעה, חכמי ישראל, דימונה, נפת באר שבע, מחוז הדרום, 8604712, ישראל",32.4,90.5,60.8,הגיא,109,partial,הגיא,,partial,,,n/a,הגיא,338,partial,
001027-073567-01656-X,דימונה,טופח,19,,,exact,31.081210,35.041385,OK,31.081206,35.041387,"Tofakh St 19, Dimona, Israel",OK,31.081167,35.041568,"טופח, נווה חורש, חכמי ישראל, דימונה, נפת באר שבע, מחוז הדרום, 8604712, ישראל",0.5,18.1,17.8,טופח,19,match,טופח,,partial,,,n/a,שיזף,39,mismatch,google_rev_at_osm_mismatch
001027-084092-01180-א,דימונה,השלוה,1180,א,8613817,street,31.073399,35.038496,OK,31.073385,35.038516,"Ha-Shalva St, Dimona, Israel",ZERO_RESULTS,,,,2.4,,,אברהם עופר,10,mismatch,השלווה,,mismatch,,,n/a,,,n/a,osm_fwd_ZERO_RESULTS;google_rev_at_govmap_mismatch;osm_rev_at_govmap_mismatch
001027-084092-01180-ב,דימונה,השלוה,1180,ב,8613818,street,31.073399,35.038496,OK,31.073385,35.038516,"Ha-Shalva St, Dimona, Israel",ZERO_RESULTS,,,,2.4,,,אברהם עופר,10,mismatch,השלווה,,mismatch,,,n/a,,,n/a,osm_fwd_ZERO_RESULTS;google_rev_at_govmap_mismatch;osm_rev_at_govmap_mismatch
001027-073567-01658-X,דימונה,מרווה,2,,,exact,31.078439,35.038517,OK,31.078539,35.038468,"Marva St 2, Dimona, Israel",OK,31.078567,35.038780,"מרווה, נאות הללי, חכמי ישראל, דימונה, נפת באר שבע, מחוז הדרום, 8604712, ישראל",12.1,28.8,29.9,חצב,194,mismatch,מרווה,,partial,,,n/a,מרווה,13,partial,google_rev_at_govmap_mismatch
001027-078072-00067-X,דימונה,קדש,67,,8601640,street,31.058609,35.028935,OK,31.058185,35.027993,"Kadesh St 67, Dimona, Israel",OK,31.058632,35.029266,"קדש, ערבה, נווה גן, דימונה, נפת באר שבע, מחוז הדרום, 8604712, ישראל",101.4,31.8,131.3,קדש,20,partial,קדש,,partial,,,n/a,קדש,12,partial,
001027-073567-01660-X,דימונה,שבזי שלום,46,,,exact,31.071628,35.044298,OK,31.071576,35.044202,"Shalom Shabazi St 46, Dimona, Israel",OK,31.071946,35.043415,"שלום שבזי, חכמי ישראל, דימונה, נפת באר שבע, מחוז הדרום, 8604712, ישראל",10.8,91.3,85.5,שלום שבזי,464,partial,יצחק שמיר,,mismatch,,,n/a,שלום שבזי,438,partial,osm_rev_at_govmap_mismatch
001027-073567-01661-X,דימונה,אשחר,34,,,exact,31.077858,35.044096,OK,31.077822,35.044085,"Esh'har St 34, Dimona, Israel",OK,31.078011,35.043457,"אשחר, נווה חורש, חכמי ישראל, דימונה, נפת באר שבע, מחוז הדרום, 8604712, ישראל",4.1,63.3,63.5,אשחר,150,partial,אזוב,,mismatch,,,n/a,אשחר,23,partial,osm_rev_at_govmap_mismatch
001027-073567-01662-X,דימונה,העליה,24,,,exact,31.065924,35.041505,OK,31.066170,35.041321,"Aliya St 24, Dimona, Israel",ZERO_RESULTS,,,,32.5,,,עבדת,1638,mismatch,עלייה,,mismatch,,,n/a,,,n/a,osm_fwd_ZERO_RESULTS;google_rev_at_govmap_mismatch;osm_rev_at_govmap_mismatch
001027-073567-01663-X,דימונה,דני,1,,,none,,,OK,31.069419,35.033363,"Dimona, Israel",ZERO_RESULTS,,,,,,,,,n/a,,,n/a,טיילת הספורט,,mismatch,,,n/a,govmap_missing;osm_fwd_ZERO_RESULTS;osm_rev_at_google_mismatch
001027-073567-01664-X,דימונה,קציעות,7,,,exact,31.061180,35.033432,OK,31.061485,35.033504,"Ktsi'ot St 7, Dimona, Israel",ZERO_RESULTS,,,,34.5,,,בבא סאלי,76,mismatch,בבא סאלי,,mismatch,,,n/a,,,n/a,osm_fwd_ZERO_RESULTS;google_rev_at_govmap_mismatch;osm_rev_at_govmap_mismatch
001027-073567-01665-X,דימונה,גמלא,58,,,exact,31.056336,35.039025,OK,31.056315,35.038776,"Gamla St 58, Dimona, Israel",OK,31.058564,35.034384,"גמלא, ערבה, נווה גן, דימונה, נפת באר שבע, מחוז הדרום, 8604712, ישראל",23.9,507.2,487.8,שיבטה,199,mismatch,גמלא,,partial,,,n/a,,,mismatch,google_rev_at_govmap_mismatch;google_rev_at_osm_mismatch
001027-077597-00105-X,דימונה,נוה מדבר,105,,8601341,street,31.060570,35.028727,OK,31.061179,35.026713,"Neve Midbar St 105, Dimona, Israel",OK,31.060615,35.028548,"נוה מדבר, ערבה, נווה גן, דימונה, נפת באר שבע, מחוז הדרום, 8604712, ישראל",203.7,17.8,186.0,נווה מדבר,27,partial,נוה מדבר,,partial,,,n/a,נווה מדבר,31,partial,
001027-073567-01667-X,דימונה,ציפורן,2,,,exact,31.081600,35.037785,OK,31.081586,35.037686,"Tsiporen St 2, Dimona, Israel",OK,31.080857,35.039458,"ציפורן, נווה חורש, חכמי ישראל, דימונה, נפת באר שבע, מחוז הדרום, 8604712, ישראל",9.6,179.7,187.5,ציפורן,2,match,ציפורן,,partial,,,n/a,ציפורן,26,partial,
001027-073567-01668-X,דימונה,מורן החורש,23,,,exact,31.078676,35.041904,OK,31.078648,35.041866,"Moran ha-Khoresh St 23, Dimona, Israel",OK,31.078576,35.040283,"מורן החורש, נווה חורש, חכמי ישראל, דימונה, נפת באר שבע, מחוז הדרום, 8604712, ישראל",4.8,155.1,151.3,מורן החורש,23,match,מורן החורש,,partial,,,n/a,מורן החורש,9,partial,
001027-073567-01669-X,דימונה,"רחבת הנח""ל",5,,,none,,,OK,31.076009,35.030453,"HaNahal St 5, Dimona, Israel",ZERO_RESULTS,,,,,,,,,n/a,,,n/a,"הנח""ל",,partial,,,n/a,govmap_missing;osm_fwd_ZERO_RESULTS
001027-073567-01670-X,דימונה,שיבטה,14,,,none,,,OK,31.056018,35.039344,"Shivta St 14, Dimona, Israel",OK,31.056028,35.039349,"שיבטה, ממשית, נווה גן, דימונה, נפת באר שבע, מחוז הדרום, 8604712, ישראל",,,1.2,,,n/a,,,n/a,שיבטה,,partial,שיבטה,184,partial,govmap_missing
001027-078072-00055-X,דימונה,קדש,55,,8601632,street,31.058609,35.028935,OK,31.058185,35.027993,"Kadesh St 55, Dimona, Israel",OK,31.058632,35.029266,"קדש, ערבה, נווה גן, דימונה, נפת באר שבע, מחוז הדרום, 8604712, ישראל",101.4,31.8,131.3,קדש,20,partial,קדש,,partial,,,n/a,קדש,12,partial,
001027-073567-01672-X,דימונה,שד הנשיא,24,,,exact,31.061786,35.028945,OK,31.066820,35.031973,"Sderot HaNassi 24, Dimona, Israel",ZERO_RESULTS,,,,628.5,,,שדרות הנשיא,22,partial,שדרות אריאל שרון,,mismatch,,,n/a,,,n/a,osm_fwd_ZERO_RESULTS;osm_rev_at_govmap_mismatch
001027-073567-01673-X,דימונה,שד הנשיא,21,,,exact,31.061644,35.026323,OK,31.061876,35.030178,"Sderot HaNassi 21, Dimona, Israel",ZERO_RESULTS,,,,368.8,,,הנרי מלכה,261,mismatch,הזית,,mismatch,,,n/a,,,n/a,osm_fwd_ZERO_RESULTS;google_rev_at_govmap_mismatch;osm_rev_at_govmap_mismatch
001027-075911-00308-X,דימונה,הרימון,308,,8602897,street,31.063893,35.026884,OK,31.063876,35.026863,"Ha-Rimon St, Dimona, Israel",OK,31.063935,35.026963,"הרימון, שבעת המינים, נווה גן, דימונה, נפת באר שבע, מחוז הדרום, 8604712, ישראל",2.7,8.9,11.6,הרימון,199,partial,הרימון,,partial,,,n/a,הרימון,199,partial,
001027-073567-01675-X,דימונה,פינטו חיים,327,,,none,,,OK,31.069419,35.033363,"Dimona, Israel",OK,31.076158,35.039706,"חיים פינטו הרב, חכמי ישראל, דימונה, נפת באר שבע, מחוז הדרום, 8604712, ישראל",,,961.7,,,n/a,,,n/a,טיילת הספורט,,mismatch,יהודה הלוי,465,mismatch,govmap_missing;osm_rev_at_google_mismatch;google_rev_at_osm_mismatch
001027-073567-01676-X,דימונה,עבדת,5,,,exact,31.065347,35.039989,OK,31.065374,35.039906,"Ovdat St 5, Dimona, Israel",OK,31.065292,35.042621,"עבדת, קהילת העבריים, חכמי ישראל, דימונה, נפת באר שבע, מחוז הדרום, 8604712, ישראל",8.5,251.3,259.3,עבדת,1629,partial,עבדת,,partial,,,n/a,עבדת,55,partial,
001027-075911-00299-X,דימונה,הרימון,299,,8602888,street,31.063893,35.026884,OK,31.063876,35.026863,"Ha-Rimon St, Dimona, Israel",OK,31.063935,35.026963,"הרימון, שבעת המינים, נווה גן, דימונה, נפת באר שבע, מחוז הדרום, 8604712, ישראל",2.7,8.9,11.6,הרימון,199,partial,הרימון,,partial,,,n/a,הרימון,199,partial,
001027-074211-00346-X,דימונה,התאנה,346,,8602731,street,31.064475,35.026879,OK,31.064692,35.028272,"HaTe'ena St 346, Dimona, Israel",OK,31.064491,35.026752,"התאנה, שבעת המינים, נווה גן, דימונה, נפת באר שבע, מחוז הדרום, 8604712, ישראל",135.1,12.3,146.8,התאנה,30,partial,התאנה,,partial,,,n/a,התאנה,25,partial,
001027-073567-01679-X,דימונה,דפנה,25,,,exact,31.079783,35.040628,OK,31.079819,35.040653,"Dafna St 25, Dimona, Israel",OK,31.079667,35.040288,"דפנה, נווה חורש, חכמי ישראל, דימונה, נפת באר שבע, מחוז הדרום, 8604712, ישראל",4.6,34.9,38.7,דפנה,46,partial,דפנה,,partial,,,n/a,דפנה,44,partial,
001027-073567-01680-X,דימונה,שד בן גוריון,57,,,exact,31.071364,35.034413,OK,31.073891,35.034629,"דוד בן גוריון 57, Dimona, Israel",ZERO_RESULTS,,,,280.9,,,דרך דוד בן גוריון,1044,partial,בן גוריון,,partial,,,n/a,,,n/a,osm_fwd_ZERO_RESULTS
001027-073567-01681-X,דימונה,טבנקין יצחק,7,,,none,,,OK,31.076207,35.030496,"Yitshak Tabankin St 7, Dimona, Israel",OK,31.074792,35.031329,"יצחק טבנקין, נווה אביב, נווה גן, דימונה, נפת באר שבע, מחוז הדרום, 8604712, ישראל",,,175.8,,,n/a,,,n/a,יצחק טבנקין,,partial,שדרות גולדה מאיר,1,mismatch,govmap_missing;google_rev_at_osm_mismatch
001027-083704-01308-X,דימונה,מרחבים,1308,,8616909,street,31.074857,35.037212,OK,31.074870,35.035763,"Merhavim St 1308, Dimona, Israel",OK,31.074862,35.035588,"מרחבים, נווה אביב, נווה גן, דימונה, נפת באר שבע, מחוז הדרום, 8604712, ישראל",138.3,155.0,16.8,מרחבים,0,partial,מרחבים,1321,partial,,,n/a,הבעל שם טוב,1302,mismatch,google_rev_at_osm_mismatch
001027-083704-01308-ב,דימונה,מרחבים,1308,ב,8616911,street,31.074857,35.037212,OK,31.074870,35.035763,"Merhavim St 1308, Dimona, Israel",OK,31.074862,35.035588,"מרחבים, נווה אביב, נווה גן, דימונה, נפת באר שבע, מחוז הדרום, 8604712, ישראל",138.3,155.0,16.8,מרחבים,0,partial,מרחבים,1321,partial,,,n/a,הבעל שם טוב,1302,mismatch,google_rev_at_osm_mismatch
001027-083704-01308-ג,דימונה,מרחבים,1308,ג,8616912,street,31.074857,35.037212,OK,31.074870,35.035763,"Merhavim St 1308, Dimona, Israel",OK,31.074862,35.035588,"מרחבים, נווה אביב, נווה גן, דימונה, נפת באר שבע, מחוז הדרום, 8604712, ישראל",138.3,155.0,16.8,מרחבים,0,partial,מרחבים,1321,partial,,,n/a,הבעל שם טוב,1302,mismatch,google_rev_at_osm_mismatch
001027-083704-01308-ד,דימונה,מרחבים,1308,ד,8616913,street,31.074857,35.037212,OK,31.074870,35.035763,"Merhavim St 1308, Dimona, Israel",OK,31.074862,35.035588,"מרחבים, נווה אביב, נווה גן, דימונה, נפת באר שבע, מחוז הדרום, 8604712, ישראל",138.3,155.0,16.8,מרחבים,0,partial,מרחבים,1321,partial,,,n/a,הבעל שם טוב,1302,mismatch,google_rev_at_osm_mismatch
001027-083704-01308-ה,דימונה,מרחבים,1308,ה,8616914,street,31.074857,35.037212,OK,31.074870,35.035763,"Merhavim St 1308, Dimona, Israel",OK,31.074862,35.035588,"מרחבים, נווה אביב, נווה גן, דימונה, נפת באר שבע, מחוז הדרום, 8604712, ישראל",138.3,155.0,16.8,מרחבים,0,partial,מרחבים,1321,partial,,,n/a,הבעל שם טוב,1302,mismatch,google_rev_at_osm_mismatch
001027-083704-01308-ו,דימונה,מרחבים,1308,ו,8616915,street,31.074857,35.037212,OK,31.074870,35.035763,"Merhavim St 1308, Dimona, Israel",OK,31.074862,35.035588,"מרחבים, נווה אביב, נווה גן, דימונה, נפת באר שבע, מחוז הדרום, 8604712, ישראל",138.3,155.0,16.8,מרחבים,0,partial,מרחבים,1321,partial,,,n/a,הבעל שם טוב,1302,mismatch,google_rev_at_osm_mismatch
001027-073567-01683-X,דימונה,יודפת,12,,,exact,31.055647,35.035273,OK,31.055642,35.035260,"Yodfat St 12, Dimona, Israel",OK,31.055625,35.035432,"יודפת, ממשית, דימונה, נפת באר שבע, מחוז הדרום, 8604712, ישראל",1.3,15.4,16.5,יודפת,12,match,יודפת,,partial,,,n/a,יודפת,14,partial,
001027-073567-01684-X,דימונה,הר ארבל,35,,,none,,,OK,31.086189,35.038102,"Arbel St 35, Dimona, Israel",OK,31.085483,35.039804,"הר ארבל, חכמי ישראל, דימונה, נפת באר שבע, מחוז הדרום, 8604712, ישראל",,,180.3,,,n/a,,,n/a,הר ארבל,,partial,חרמון,2,mismatch,govmap_missing;google_rev_at_osm_mismatch
001027-074211-00380-X,דימונה,התאנה,380,,8602748,street,31.064475,35.026879,OK,31.064692,35.028272,"HaTe'ena St 380, Dimona, Israel",OK,31.064491,35.026752,"התאנה, שבעת המינים, נווה גן, דימונה, נפת באר שבע, מחוז הדרום, 8604712, ישראל",135.1,12.3,146.8,התאנה,30,partial,התאנה,,partial,,,n/a,התאנה,25,partial,
001027-073567-01686-X,דימונה,המעפיל,96,,,exact,31.069415,35.042443,OK,31.069370,35.042354,"HaMa'apil St 96, Dimona, Israel",OK,31.071971,35.033195,"המעפיל, הנצחון, נווה גן, דימונה, נפת באר שבע, מחוז הדרום, 8604712, ישראל",9.9,927.0,920.5,המעפיל,390,partial,המעפיל,,partial,,,n/a,טיילת הספורט,1056,mismatch,google_rev_at_osm_mismatch
001027-073567-01687-X,דימונה,יגור,9,,,none,,,OK,31.075313,35.029612,"Yagur St 9, Dimona, Israel",OK,31.075075,35.029065,"יגור, נווה דוד, נווה גן, דימונה, נפת באר שבע, מחוז הדרום, 8604712, ישראל",,,58.5,,,n/a,,,n/a,יגור,,partial,מולדה,157,mismatch,govmap_missing;google_rev_at_osm_mismatch
001027-073567-01688-X,דימונה,?,7,,,exact,31.066563,35.038954,OK,31.069419,35.033363,"Dimona, Israel",OK,32.055598,34.798283,"7, דימונה, תל־אביב–יפו, יד אליהו, תל־אביב–יפו, נפת תל אביב, מחוז תל אביב, 6767589, ישראל",620.5,112019.5,111602.0,שדרות הרצל,7,mismatch,שדרות הרצל,,mismatch,,,n/a,דימונה,11,mismatch,google_rev_at_govmap_mismatch;osm_rev_at_govmap_mismatch;google_rev_at_osm_mismatch
001027-073567-01688-X,דימונה,?,7,,,exact,31.066563,35.038954,OK,31.069419,35.033363,"Dimona, Israel",OK,32.055598,34.798283,"7, דימונה, תל־אביב–יפו, יד אליהו, תל־אביב–יפו, נפת תל אביב, מחוז תל אביב, 6767589, ישראל",620.5,112019.5,111602.0,שדרות הרצל,7,mismatch,שדרות הרצל,,mismatch,,,n/a,דימונה,11,mismatch,google_rev_at_govmap_mismatch;osm_rev_at_govmap_mismatch;google_rev_at_osm_mismatch
001027-073567-01688-X,דימונה,?,7,,,exact,31.066563,35.038954,OK,31.069419,35.033363,"Dimona, Israel",OK,32.055598,34.798283,"7, דימונה, תל־אביב–יפו, יד אליהו, תל־אביב–יפו, נפת תל אביב, מחוז תל אביב, 6767589, ישראל",620.5,112019.5,111602.0,שדרות הרצל,7,mismatch,שדרות הרצל,,mismatch,,,n/a,דימונה,11,mismatch,google_rev_at_govmap_mismatch;osm_rev_at_govmap_mismatch;google_rev_at_osm_mismatch
001027-073567-01689-X,דימונה,הר שניר,8,,,none,,,OK,31.086215,35.035501,"Snir St 8, Dimona, Israel",OK,31.084877,35.034437,"הר שניר, נווה גן, דימונה, נפת באר שבע, מחוז הדרום, 8604712, ישראל",,,179.7,,,n/a,,,n/a,הר שניר,,partial,,,mismatch,govmap_missing;google_rev_at_osm_mismatch
001027-073567-01690-X,דימונה,טופח,26,,,exact,31.081461,35.042216,OK,31.081472,35.042188,"Tofakh St 26, Dimona, Israel",OK,31.081167,35.041568,"טופח, נווה חורש, חכמי ישראל, דימונה, נפת באר שבע, מחוז הדרום, 8604712, ישראל",3.0,69.9,68.2,טופח,200,partial,טופח,,partial,,,n/a,שיזף,39,mismatch,google_rev_at_osm_mismatch
001027-081029-00244-X,דימונה,עזרא ונחמיה,244,,8604615,street,31.065350,35.035445,OK,31.065449,35.036476,"Ezra u-Nekhemya St 244, Dimona, Israel",OK,31.065341,35.035821,"עזרא ונחמיה, גיורא יוספטל, נווה גן, דימונה, נפת באר שבע, מחוז הדרום, 8604712, ישראל",99.0,35.9,63.6,עזרא ונחמיה,220,partial,עזרא ונחמיה,,partial,,,n/a,עזרא ונחמיה,21,partial,
001027-081029-00244-א,דימונה,עזרא ונחמיה,244,א,8604616,street,31.065350,35.035445,OK,31.065449,35.036476,"Ezra u-Nekhemya St 244, Dimona, Israel",OK,31.065341,35.035821,"עזרא ונחמיה, גיורא יוספטל, נווה גן, דימונה, נפת באר שבע, מחוז הדרום, 8604712, ישראל",99.0,35.9,63.6,עזרא ונחמיה,220,partial,עזרא ונחמיה,,partial,,,n/a,עזרא ונחמיה,21,partial,
001027-081029-00244-ב,דימונה,עזרא ונחמיה,244,ב,8604617,street,31.065350,35.035445,OK,31.065449,35.036476,"Ezra u-Nekhemya St 244, Dimona, Israel",OK,31.065341,35.035821,"עזרא ונחמיה, גיורא יוספטל, נווה גן, דימונה, נפת באר שבע, מחוז הדרום, 8604712, ישראל",99.0,35.9,63.6,עזרא ונחמיה,220,partial,עזרא ונחמיה,,partial,,,n/a,עזרא ונחמיה,21,partial,
001027-081029-00244-ד,דימונה,עזרא ונחמיה,244,ד,8604619,street,31.065350,35.035445,OK,31.065449,35.036476,"Ezra u-Nekhemya St 244, Dimona, Israel",OK,31.065341,35.035821,"עזרא ונחמיה, גיורא יוספטל, נווה גן, דימונה, נפת באר שבע, מחוז הדרום, 8604712, ישראל",99.0,35.9,63.6,עזרא ונחמיה,220,partial,עזרא ונחמיה,,partial,,,n/a,עזרא ונחמיה,21,partial,
001027-081029-00244-ה,דימונה,עזרא ונחמיה,244,ה,8604620,street,31.065350,35.035445,OK,31.065449,35.036476,"Ezra u-Nekhemya St 244, Dimona, Israel",OK,31.065341,35.035821,"עזרא ונחמיה, גיורא יוספטל, נווה גן, דימונה, נפת באר שבע, מחוז הדרום, 8604712, ישראל",99.0,35.9,63.6,עזרא ונחמיה,220,partial,עזרא ונחמיה,,partial,,,n/a,עזרא ונחמיה,21,partial,
001027-081029-00244-ו,דימונה,עזרא ונחמיה,244,ו,8604621,street,31.065350,35.035445,OK,31.065449,35.036476,"Ezra u-Nekhemya St 244, Dimona, Israel",OK,31.065341,35.035821,"עזרא ונחמיה, גיורא יוספטל, נווה גן, דימונה, נפת באר שבע, מחוז הדרום, 8604712, ישראל",99.0,35.9,63.6,עזרא ונחמיה,220,partial,עזרא ונחמיה,,partial,,,n/a,עזרא ונחמיה,21,partial,
001027-082996-01055-X,דימונה,המעפיל,1055,,8614201,street,31.071904,35.036342,OK,31.072112,35.033384,"HaMa'apil St 1055, Dimona, Israel",OK,31.071021,35.041333,"המעפיל, הגבעה, נווה גן, דימונה, נפת באר שבע, מחוז הדרום, 8604712, ישראל",283.3,486.2,768.2,המעפיל,238,partial,המעפיל,,partial,,,n/a,המעפיל,13,partial,
001027-082996-01055-א,דימונה,המעפיל,1055,א,8614202,street,31.071904,35.036342,OK,31.072112,35.033384,"HaMa'apil St 1055, Dimona, Israel",OK,31.071021,35.041333,"המעפיל, הגבעה, נווה גן, דימונה, נפת באר שבע, מחוז הדרום, 8604712, ישראל",283.3,486.2,768.2,המעפיל,238,partial,המעפיל,,partial,,,n/a,המעפיל,13,partial,
001027-082996-01055-ב,דימונה,המעפיל,1055,ב,8614203,street,31.071904,35.036342,OK,31.072112,35.033384,"HaMa'apil St 1055, Dimona, Israel",OK,31.071021,35.041333,"המעפיל, הגבעה, נווה גן, דימונה, נפת באר שבע, מחוז הדרום, 8604712, ישראל",283.3,486.2,768.2,המעפיל,238,partial,המעפיל,,partial,,,n/a,המעפיל,13,partial,
001027-082996-01055-ג,דימונה,המעפיל,1055,ג,8614204,street,31.071904,35.036342,OK,31.072112,35.033384,"HaMa'apil St 1055, Dimona, Israel",OK,31.071021,35.041333,"המעפיל, הגבעה, נווה גן, דימונה, נפת באר שבע, מחוז הדרום, 8604712, ישראל",283.3,486.2,768.2,המעפיל,238,partial,המעפיל,,partial,,,n/a,המעפיל,13,partial,
001027-082996-01055-ד,דימונה,המעפיל,1055,ד,8614205,street,31.071904,35.036342,OK,31.072112,35.033384,"HaMa'apil St 1055, Dimona, Israel",OK,31.071021,35.041333,"המעפיל, הגבעה, נווה גן, דימונה, נפת באר שבע, מחוז הדרום, 8604712, ישראל",283.3,486.2,768.2,המעפיל,238,partial,המעפיל,,partial,,,n/a,המעפיל,13,partial,
001027-082996-01055-ה,דימונה,המעפיל,1055,ה,8614206,street,31.071904,35.036342,OK,31.072112,35.033384,"HaMa'apil St 1055, Dimona, Israel",OK,31.071021,35.041333,"המעפיל, הגבעה, נווה גן, דימונה, נפת באר שבע, מחוז הדרום, 8604712, ישראל",283.3,486.2,768.2,המעפיל,238,partial,המעפיל,,partial,,,n/a,המעפיל,13,partial,
001027-073567-01693-X,דימונה,קרני חיטין,8,,,exact,31.054702,35.041178,OK,31.054708,35.041178,"Karnei Hitin St 8, Dimona, Israel",OK,31.055349,35.041246,"קרני חיטין, ממשית, דימונה, נפת באר שבע, מחוז הדרום, 8604712, ישראל",0.7,72.0,71.3,קרני חיטין,8,match,קרני חיטין,,partial,,,n/a,קרני חיטין,20,partial,
001027-073567-01694-X,דימונה,חרוב,24,,,exact,31.080053,35.040850,OK,31.080178,35.040840,"Kharuv St 24, Dimona, Israel",OK,31.080296,35.042233,"חרוב, נווה חורש, חכמי ישראל, דימונה, נפת באר שבע, מחוז הדרום, 8604712, ישראל",13.9,134.7,133.6,חרוב,53,partial,ליבנה,,mismatch,,,n/a,אקליפטוס,28,mismatch,osm_rev_at_govmap_mismatch;google_rev_at_osm_mismatch
001027-082292-00102-X,דימונה,כובשי אילת,102,,8603209,street,31.063645,35.039896,OK,31.061657,35.039070,"Kovshei Eilat St 102, Dimona, Israel",OK,31.064379,35.040286,"כובשי אילת, קהילת העבריים, נווה גן, דימונה, נפת באר שבע, מחוז הדרום, 8604712, ישראל",234.1,89.5,323.4,שדרות יגאל אלון,110,mismatch,כובשי אילת,,partial,,,n/a,,,mismatch,google_rev_at_govmap_mismatch;google_rev_at_osm_mismatch
001027-082292-00102-א,דימונה,כובשי אילת,102,א,8603210,street,31.063645,35.039896,OK,31.061657,35.039070,"Kovshei Eilat St 102, Dimona, Israel",OK,31.064379,35.040286,"כובשי אילת, קהילת העבריים, נווה גן, דימונה, נפת באר שבע, מחוז הדרום, 8604712, ישראל",234.1,89.5,323.4,שדרות יגאל אלון,110,mismatch,כובשי אילת,,partial,,,n/a,,,mismatch,google_rev_at_govmap_mismatch;google_rev_at_osm_mismatch
001027-082292-00102-ב,דימונה,כובשי אילת,102,ב,8603211,street,31.063645,35.039896,OK,31.061657,35.039070,"Kovshei Eilat St 102, Dimona, Israel",OK,31.064379,35.040286,"כובשי אילת, קהילת העבריים, נווה גן, דימונה, נפת באר שבע, מחוז הדרום, 8604712, ישראל",234.1,89.5,323.4,שדרות יגאל אלון,110,mismatch,כובשי אילת,,partial,,,n/a,,,mismatch,google_rev_at_govmap_mismatch;google_rev_at_osm_mismatch
001027-082292-00102-ג,דימונה,כובשי אילת,102,ג,8603212,street,31.063645,35.039896,OK,31.061657,35.039070,"Kovshei Eilat St 102, Dimona, Israel",OK,31.064379,35.040286,"כובשי אילת, קהילת העבריים, נווה גן, דימונה, נפת באר שבע, מחוז הדרום, 8604712, ישראל",234.1,89.5,323.4,שדרות יגאל אלון,110,mismatch,כובשי אילת,,partial,,,n/a,,,mismatch,google_rev_at_govmap_mismatch;google_rev_at_osm_mismatch
001027-082292-00102-ד,דימונה,כובשי אילת,102,ד,8603213,street,31.063645,35.039896,OK,31.061657,35.039070,"Kovshei Eilat St 102, Dimona, Israel",OK,31.064379,35.040286,"כובשי אילת, קהילת העבריים, נווה גן, דימונה, נפת באר שבע, מחוז הדרום, 8604712, ישראל",234.1,89.5,323.4,שדרות יגאל אלון,110,mismatch,כובשי אילת,,partial,,,n/a,,,mismatch,google_rev_at_govmap_mismatch;google_rev_at_osm_mismatch
001027-082292-00102-ה,דימונה,כובשי אילת,102,ה,8603214,street,31.063645,35.039896,OK,31.061657,35.039070,"Kovshei Eilat St 102, Dimona, Israel",OK,31.064379,35.040286,"כובשי אילת, קהילת העבריים, נווה גן, דימונה, נפת באר שבע, מחוז הדרום, 8604712, ישראל",234.1,89.5,323.4,שדרות יגאל אלון,110,mismatch,כובשי אילת,,partial,,,n/a,,,mismatch,google_rev_at_govmap_mismatch;google_rev_at_osm_mismatch
001027-073567-01696-X,דימונה,אדר,10,,,exact,31.077861,35.040201,OK,31.077858,35.040214,"Adar St 10, Dimona, Israel",OK,31.078007,35.040281,"אדר, נווה חורש, חכמי ישראל, דימונה, נפת באר שבע, מחוז הדרום, 8604712, ישראל",1.2,17.8,17.7,אדר,10,match,אדר,,partial,,,n/a,צבעוני,12,mismatch,google_rev_at_osm_mismatch
001027-073567-01697-X,דימונה,ירושלים,10,,,exact,31.058684,35.035578,OK,31.057923,35.038926,"Jerusalem St 10, Dimona, Israel",OK,31.059048,35.032782,"ירושלים, ערבה, נווה גן, דימונה, נפת באר שבע, מחוז הדרום, 8604712, ישראל",330.5,270.0,599.6,קומראן,11,mismatch,ירושלים,,partial,,,n/a,,,mismatch,google_rev_at_govmap_mismatch;google_rev_at_osm_mismatch
001027-073567-01698-X,דימונה,פינטו חיים,325,,,none,,,OK,31.069419,35.033363,"Dimona, Israel",OK,31.076158,35.039706,"חיים פינטו הרב, חכמי ישראל, דימונה, נפת באר שבע, מחוז הדרום, 8604712, ישראל",,,961.7,,,n/a,,,n/a,טיילת הספורט,,mismatch,יהודה הלוי,465,mismatch,govmap_missing;osm_rev_at_google_mismatch;google_rev_at_osm_mismatch
001027-073567-01699-X,דימונה,אבן עזרא,17,,,exact,31.072405,35.043190,OK,31.072424,35.043148,"Ibn Ezra St 17, Dimona, Israel",OK,31.073152,35.042923,"אבן עזרא, חכמי ישראל, דימונה, נפת באר שבע, מחוז הדרום, 8604712, ישראל",4.6,86.7,83.5,אבן עזרא,17,match,אבן עזרא,,partial,,,n/a,אבן עזרא,442,partial,
001027-075069-00526-X,דימונה,ההדס,526,,8602842,street,31.064790,35.030048,OK,31.065009,35.029961,"HaHadas St, Dimona, Israel",OK,31.065160,35.030080,"ההדס, שבעת המינים, נווה גן, דימונה, נפת באר שבע, מחוז הדרום, 8604712, ישראל",25.7,41.2,20.2,ההדס,12,partial,ההדס,,partial,,,n/a,ההדס,21,partial,
001027-073567-01701-X,דימונה,בבא סאלי,27,,,exact,31.059806,35.028514,OK,31.059839,35.028488,"Baba Sali St 27, Dimona, Israel",OK,31.060744,35.032688,"בבא סאלי, ערבה, נווה גן, דימונה, נפת באר שבע, מחוז הדרום, 8604712, ישראל",4.4,411.7,413.2,בבא סאלי,27,match,בבא סאלי,,partial,,,n/a,קציעות,37,mismatch,google_rev_at_osm_mismatch
001027-073567-01702-X,דימונה,אדר,2,,,exact,31.077874,35.039845,OK,31.077872,35.039849,"Adar St 2, Dimona, Israel",OK,31.078007,35.040281,"אדר, נווה חורש, חכמי ישראל, דימונה, נפת באר שבע, מחוז הדרום, 8604712, ישראל",0.5,44.1,43.9,אדר,2,match,אדר,,partial,,,n/a,צבעוני,12,mismatch,google_rev_at_osm_mismatch
001027-073567-01703-X,דימונה,רחבת יונתן,6,,,none,,,OK,31.069419,35.033363,"Dimona, Israel",ZERO_RESULTS,,,,,,,,,n/a,,,n/a,טיילת הספורט,,mismatch,,,n/a,govmap_missing;osm_fwd_ZERO_RESULTS;osm_rev_at_google_mismatch
001027-082996-01209-X,דימונה,המעפיל,1209,,8607851,street,31.071904,35.036342,OK,31.072207,35.036462,"HaMa'apil St 1209, Dimona, Israel",OK,31.071021,35.041333,"המעפיל, הגבעה, נווה גן, דימונה, נפת באר שבע, מחוז הדרום, 8604712, ישראל",35.5,486.2,483.1,המעפיל,238,partial,המעפיל,,partial,,,n/a,המעפיל,13,partial,
001027-082996-01209-א,דימונה,המעפיל,1209,א,8607852,street,31.071904,35.036342,OK,31.072207,35.036462,"HaMa'apil St 1209, Dimona, Israel",OK,31.071021,35.041333,"המעפיל, הגבעה, נווה גן, דימונה, נפת באר שבע, מחוז הדרום, 8604712, ישראל",35.5,486.2,483.1,המעפיל,238,partial,המעפיל,,partial,,,n/a,המעפיל,13,partial,
001027-082996-01209-ג,דימונה,המעפיל,1209,ג,8607854,street,31.071904,35.036342,OK,31.072207,35.036462,"HaMa'apil St 1209, Dimona, Israel",OK,31.071021,35.041333,"המעפיל, הגבעה, נווה גן, דימונה, נפת באר שבע, מחוז הדרום, 8604712, ישראל",35.5,486.2,483.1,המעפיל,238,partial,המעפיל,,partial,,,n/a,המעפיל,13,partial,
001027-082996-01209-ד,דימונה,המעפיל,1209,ד,8607855,street,31.071904,35.036342,OK,31.072207,35.036462,"HaMa'apil St 1209, Dimona, Israel",OK,31.071021,35.041333,"המעפיל, הגבעה, נווה גן, דימונה, נפת באר שבע, מחוז הדרום, 8604712, ישראל",35.5,486.2,483.1,המעפיל,238,partial,המעפיל,,partial,,,n/a,המעפיל,13,partial,
001027-082996-01209-ה,דימונה,המעפיל,1209,ה,8607856,street,31.071904,35.036342,OK,31.072207,35.036462,"HaMa'apil St 1209, Dimona, Israel",OK,31.071021,35.041333,"המעפיל, הגבעה, נווה גן, דימונה, נפת באר שבע, מחוז הדרום, 8604712, ישראל",35.5,486.2,483.1,המעפיל,238,partial,המעפיל,,partial,,,n/a,המעפיל,13,partial,
001027-073567-01705-X,דימונה,שיזף,170,,,exact,31.080617,35.035579,OK,31.080617,35.035729,"Sheizaf St 170, Dimona, Israel",OK,31.079787,35.043578,"שיזף, נווה חורש, חכמי ישראל, דימונה, נפת באר שבע, מחוז הדרום, 8604712, ישראל",14.3,768.9,754.7,שיזף,172,partial,שיזף,,partial,,,n/a,,,mismatch,google_rev_at_osm_mismatch
001027-076793-00771-X,דימונה,הנרקיס,771,,8603616,street,31.062649,35.031833,OK,31.062653,35.032163,"Narkis St, Dimona, Israel",ZERO_RESULTS,,,,31.4,,,נרקיס,30,mismatch,נרקיס,,mismatch,,,n/a,,,n/a,osm_fwd_ZERO_RESULTS;google_rev_at_govmap_mismatch;osm_rev_at_govmap_mismatch
001027-073567-01707-X,דימונה,מונפור,20,,,exact,31.054662,35.035311,OK,31.054829,35.035288,"Monfor St 20, Dimona, Israel",OK,31.054811,35.035305,"מונפור, ממשית, דימונה, נפת באר שבע, מחוז הדרום, 8604712, ישראל",18.7,16.6,2.6,,,mismatch,מונפור,,partial,,,n/a,,,mismatch,google_rev_at_govmap_mismatch;google_rev_at_osm_mismatch
001027-073567-01708-X,דימונה,שד הנשיא,37,,,exact,31.062023,35.027945,OK,31.061952,35.028203,"Sderot HaNassi 37, Dimona, Israel",ZERO_RESULTS,,,,25.9,,,שדרות הנשיא,35,partial,שדרות אריאל שרון,,mismatch,,,n/a,,,n/a,osm_fwd_ZERO_RESULTS;osm_rev_at_govmap_mismatch
001027-073567-01709-X,דימונה,הרב אלנקוה,11,,,none,,,OK,31.076805,35.042375,"HaRav Alnekave St 11, Dimona, Israel",OK,31.076827,35.043019,"הרב אלנקוה, נווה חורש, חכמי ישראל, דימונה, נפת באר שבע, מחוז הדרום, 8604712, ישראל",,,61.5,,,n/a,,,n/a,הרב אלנקוה,,partial,סחלבן החורש,64,mismatch,govmap_missing;google_rev_at_osm_mismatch
001027-073567-01710-X,דימונה,פקיעין,16,,,exact,31.057453,35.036035,OK,31.057419,35.035969,"Pki'in St 16, Dimona, Israel",OK,31.057658,35.035813,"פקיעין, ערבה, נווה גן, דימונה, נפת באר שבע, מחוז הדרום, 8604712, ישראל",7.4,31.0,30.3,פקיעין,16,match,פקיעין,,partial,,,n/a,פקיעין,15,partial,
001027-073567-01711-X,דימונה,ישעיה,15,,,exact,31.079931,35.035701,OK,31.079938,35.035648,"YishaAya St 15, Dimona, Israel",OK,31.080062,35.035450,"ישעיה, נאות הללי, נווה גן, דימונה, נפת באר שבע, מחוז הדרום, 8604712, ישראל",5.2,28.1,23.4,ישעיה,15,match,ישעיה,,partial,,,n/a,ישעיה,17,partial,
001027-073567-01712-X,דימונה,"נתיב הל""ה",2,,,none,,,OK,31.075944,35.027833,"Netiv Ha Lamed Hei 2, Dimona, Israel",OK,31.075724,35.027423,"נתיב הל""ה, נווה דוד, נווה גן, דימונה, נפת באר שבע, מחוז הדרום, 8604712, ישראל",,,46.1,,,n/a,,,n/a,חטיבת הנגב,,mismatch,"נתיב הל""ה",162,partial,govmap_missing;osm_rev_at_google_mismatch
001027-073567-01713-X,דימונה,שיזף,48,,,none,,,OK,31.081237,35.041859,"Sheizaf St 48, Dimona, Israel",OK,31.079787,35.043578,"שיזף, נווה חורש, חכמי ישראל, דימונה, נפת באר שבע, מחוז הדרום, 8604712, ישראל",,,229.7,,,n/a,,,n/a,שיזף,,partial,,,mismatch,govmap_missing;google_rev_at_osm_mismatch
001027-073567-01714-X,דימונה,משעול התקוה,14,,,none,,,OK,31.076264,35.035959,"Ha-Tikva St, Dimona, Israel",ZERO_RESULTS,,,,,,,,,n/a,,,n/a,הרב אלנקוה,,mismatch,,,n/a,govmap_missing;osm_fwd_ZERO_RESULTS;osm_rev_at_google_mismatch
001027-075911-00288-X,דימונה,הרימון,288,,8602882,street,31.063893,35.026884,OK,31.063876,35.026863,"Ha-Rimon St, Dimona, Israel",OK,31.063935,35.026963,"הרימון, שבעת המינים, נווה גן, דימונה, נפת באר שבע, מחוז הדרום, 8604712, ישראל",2.7,8.9,11.6,הרימון,199,partial,הרימון,,partial,,,n/a,הרימון,199,partial,
001027-073567-01716-X,דימונה,ברקן,18,,,exact,31.079008,35.040632,OK,31.079001,35.040634,"Barkan St 18, Dimona, Israel",OK,31.079158,35.040286,"ברקן, נווה חורש, חכמי ישראל, דימונה, נפת באר שבע, מחוז הדרום, 8604712, ישראל",0.7,37.0,37.5,ברקן,18,match,ברקן,,partial,,,n/a,ברקן,13,partial,
001027-073567-01717-X,דימונה,"רחבת האצ""ל",2,,,none,,,OK,31.073042,35.027362,"Rahvat HaEtsel 2, Dimona, Israel",OK,31.073349,35.027262,"רחבת האצ""ל, נווה דוד, נווה גן, דימונה, נפת באר שבע, מחוז הדרום, 8604712, ישראל",,,35.3,,,n/a,,,n/a,,,mismatch,משעול החירות,6,mismatch,govmap_missing;osm_rev_at_google_mismatch;google_rev_at_osm_mismatch
001027-082696-00796-X,דימונה,היורה,796,,8601248,street,31.059848,35.032720,OK,31.060384,35.033089,"Ha-Yore St, Dimona, Israel",OK,31.059906,35.032817,"היורה, ערבה, נווה גן, דימונה, נפת באר שבע, מחוז הדרום, 8604712, ישראל",69.1,11.3,59.1,היורה,12-20,partial,היורה,,partial,,,n/a,היורה,13,partial,
001027-073567-01719-X,דימונה,מולדה,35,,,none,,,OK,31.075181,35.027890,"Molada St 35, Dimona, Israel",OK,31.075288,35.030167,"מולדה, נווה דוד, נווה גן, דימונה, נפת באר שבע, מחוז הדרום, 8604712, ישראל",,,217.6,,,n/a,,,n/a,חטיבת גבעתי,,mismatch,יגור,11,mismatch,govmap_missing;osm_rev_at_google_mismatch;google_rev_at_osm_mismatch
001027-073567-01720-X,דימונה,הרב אלנקוה,10,,,none,,,OK,31.076805,35.042375,"HaRav Alnekave St 10, Dimona, Israel",OK,31.076814,35.036198,"הרב אלנקוה, נאות הללי, נווה גן, דימונה, נפת באר שבע, מחוז הדרום, 8604712, ישראל",,,589.5,,,n/a,,,n/a,הרב אלנקוה,,partial,מרחבים,1316,mismatch,govmap_missing;google_rev_at_osm_mismatch
001027-073567-01721-X,דימונה,?,1,,,exact,31.066390,35.039536,OK,31.069419,35.033363,"Dimona, Israel",OK,32.055538,34.799087,"1, דימונה, תל־אביב–יפו, יד אליהו, תל־אביב–יפו, נפת תל אביב, מחוז תל אביב, 6767589, ישראל",678.2,112027.6,111580.2,שדרות הרצל,1,mismatch,שדרות יגאל אלון,,mismatch,,,n/a,דימונה,1,mismatch,google_rev_at_govmap_mismatch;osm_rev_at_govmap_mismatch;google_rev_at_osm_mismatch
001027-073567-01721-X,דימונה,?,1,,,exact,31.066390,35.039536,OK,31.069419,35.033363,"Dimona, Israel",OK,32.055538,34.799087,"1, דימונה, תל־אביב–יפו, יד אליהו, תל־אביב–יפו, נפת תל אביב, מחוז תל אביב, 6767589, ישראל",678.2,112027.6,111580.2,שדרות הרצל,1,mismatch,שדרות יגאל אלון,,mismatch,,,n/a,דימונה,1,mismatch,google_rev_at_govmap_mismatch;osm_rev_at_govmap_mismatch;google_rev_at_osm_mismatch
001027-073567-01722-X,דימונה,הר כרמל,14,,,exact,31.085829,35.037951,OK,31.085629,35.038232,"Carmel St 14, Dimona, Israel",OK,31.085597,35.038384,"הר כרמל, חכמי ישראל, דימונה, נפת באר שבע, מחוז הדרום, 8604712, ישראל",34.8,48.7,14.9,,,mismatch,הר כרמל,,partial,,,n/a,,,mismatch,google_rev_at_govmap_mismatch;google_rev_at_osm_mismatch
001027-073567-01723-X,דימונה,שד בן גוריון,23,,,exact,31.069686,35.034421,OK,31.073891,35.034629,"דוד בן גוריון 23, Dimona, Israel",ZERO_RESULTS,,,,466.7,,,דרך דוד בן גוריון,1041,partial,בן גוריון,,partial,,,n/a,,,n/a,osm_fwd_ZERO_RESULTS
001027-073567-01724-X,דימונה,שיבטה,15,,,exact,31.056266,35.039359,OK,31.056121,35.039307,"Shivta St 15, Dimona, Israel",OK,31.056028,35.039349,"שיבטה, ממשית, נווה גן, דימונה, נפת באר שבע, מחוז הדרום, 8604712, ישראל",16.8,26.4,11.1,שיבטה,186,partial,שיבטה,,partial,,,n/a,שיבטה,184,partial,
001027-073567-01725-X,דימונה,חגי,5,,,none,,,OK,31.078015,35.035084,"Khagai St 5, Dimona, Israel",OK,31.077316,35.036306,"חגי, נאות הללי, נווה גן, דימונה, נפת באר שבע, מחוז הדרום, 8604712, ישראל",,,140.1,,,n/a,,,n/a,חגי,,partial,חגי,25,partial,govmap_missing
001027-073567-01726-X,דימונה,אקליפטוס,7,,,exact,31.077781,35.042165,OK,31.077803,35.042121,"Ekaliptus St 7, Dimona, Israel",OK,31.078885,35.042295,"אקליפטוס, נווה חורש, חכמי ישראל, דימונה, נפת באר שבע, מחוז הדרום, 8604712, ישראל",4.8,123.0,121.1,כליל החורש,96,mismatch,אקליפטוס,,partial,,,n/a,בשמת,2,mismatch,google_rev_at_govmap_mismatch;google_rev_at_osm_mismatch
001027-077597-00132-X,דימונה,נוה מדבר,132,,8601317,street,31.060570,35.028727,OK,31.061259,35.026829,"Neve Midbar St 132, Dimona, Israel",OK,31.060615,35.028548,"נוה מדבר, ערבה, נווה גן, דימונה, נפת באר שבע, מחוז הדרום, 8604712, ישראל",196.6,17.8,179.0,נווה מדבר,27,partial,נוה מדבר,,partial,,,n/a,נווה מדבר,31,partial,
001027-073567-01728-X,דימונה,הר חרמון,6,,,none,,,OK,31.085986,35.039933,"Hermon St 6, Dimona, Israel",OK,31.086205,35.040128,"הר חרמון, חכמי ישראל, דימונה, נפת באר שבע, מחוז הדרום, 8604712, ישראל",,,30.6,,,n/a,,,n/a,הר חרמון,,partial,חרמון,2,partial,govmap_missing
001027-073567-01729-X,דימונה,שד הנשיא,54,,,none,,,OK,31.066124,35.031783,"Sderot HaNassi 54, Dimona, 8602001, Israel",ZERO_RESULTS,,,,,,,,,n/a,,,n/a,הצאלה,,mismatch,,,n/a,govmap_missing;osm_fwd_ZERO_RESULTS;osm_rev_at_google_mismatch
001027-073567-01730-X,דימונה,שד הנשיא,60,,,none,,,OK,31.062834,35.030756,"Sderot HaNassi 60, Dimona, Israel",ZERO_RESULTS,,,,,,,,,n/a,,,n/a,שדרות אריאל שרון,,mismatch,,,n/a,govmap_missing;osm_fwd_ZERO_RESULTS;osm_rev_at_google_mismatch
001027-073567-01731-X,דימונה,טיילת הספורט,26,,,exact,31.071484,35.033293,OK,31.071259,35.033418,"HaSport Promenade 26, Dimona, Israel",OK,31.073127,35.033157,"טיילת הספורט, נווה אביב, נווה גן, דימונה, נפת באר שבע, מחוז הדרום, 8604712, ישראל",27.6,182.7,208.6,טיילת הספורט,1057,partial,טיילת הספורט,,partial,,,n/a,רחבת יציאת אירופה,1102,mismatch,google_rev_at_osm_mismatch
001027-080572-00013-X,דימונה,רחבת האשלג,13,,8602934,exact,31.064816,35.029351,OK,31.064904,35.029511,"Rahvat HaAshlag 13, Dimona, Israel",ZERO_RESULTS,,,,18.2,,,רחבת האשלג,62,partial,,,mismatch,,,n/a,,,n/a,osm_fwd_ZERO_RESULTS;osm_rev_at_govmap_mismatch
001027-080850-00232-X,דימונה,הרצל,232,,8604107,street,31.067532,35.030913,OK,31.069419,35.033363,"Dimona, Israel",OK,31.067568,35.035925,"שדרות הרצל, גיורא יוספטל, נווה גן, דימונה, נפת באר שבע, מחוז הדרום, 8604712, ישראל",313.8,478.4,319.3,שדרות הרצל,61,partial,שדרות הרצל,,partial,,,n/a,שדרות הרצל,232,match,
001027-080850-00232-א,דימונה,הרצל,232,א,8604108,street,31.067532,35.030913,OK,31.069419,35.033363,"Dimona, Israel",OK,31.067568,35.035925,"שדרות הרצל, גיורא יוספטל, נווה גן, דימונה, נפת באר שבע, מחוז הדרום, 8604712, ישראל",313.8,478.4,319.3,שדרות הרצל,61,partial,שדרות הרצל,,partial,,,n/a,שדרות הרצל,232,match,
001027-080850-00232-ב,דימונה,הרצל,232,ב,8604109,street,31.067532,35.030913,OK,31.069419,35.033363,"Dimona, Israel",OK,31.067568,35.035925,"שדרות הרצל, גיורא יוספטל, נווה גן, דימונה, נפת באר שבע, מחוז הדרום, 8604712, ישראל",313.8,478.4,319.3,שדרות הרצל,61,partial,שדרות הרצל,,partial,,,n/a,שדרות הרצל,232,match,
001027-080850-00232-ג,דימונה,הרצל,232,ג,8604110,street,31.067532,35.030913,OK,31.069419,35.033363,"Dimona, Israel",OK,31.067568,35.035925,"שדרות הרצל, גיורא יוספטל, נווה גן, דימונה, נפת באר שבע, מחוז הדרום, 8604712, ישראל",313.8,478.4,319.3,שדרות הרצל,61,partial,שדרות הרצל,,partial,,,n/a,שדרות הרצל,232,match,
001027-080850-00232-ה,דימונה,הרצל,232,ה,8604112,street,31.067532,35.030913,OK,31.069419,35.033363,"Dimona, Israel",OK,31.067568,35.035925,"שדרות הרצל, גיורא יוספטל, נווה גן, דימונה, נפת באר שבע, מחוז הדרום, 8604712, ישראל",313.8,478.4,319.3,שדרות הרצל,61,partial,שדרות הרצל,,partial,,,n/a,שדרות הרצל,232,match,
001027-077597-00133-X,דימונה,נוה מדבר,133,,8601355,street,31.060570,35.028727,OK,31.061179,35.026713,"Neve Midbar St 133, Dimona, Israel",OK,31.060615,35.028548,"נוה מדבר, ערבה, נווה גן, דימונה, נפת באר שבע, מחוז הדרום, 8604712, ישראל",203.7,17.8,186.0,נווה מדבר,27,partial,נוה מדבר,,partial,,,n/a,נווה מדבר,31,partial,
001027-073567-01735-X,דימונה,דפנה,19,,,exact,31.079833,35.040389,OK,31.079820,35.040333,"Dafna St 19, Dimona, Israel",OK,31.079667,35.040288,"דפנה, נווה חורש, חכמי ישראל, דימונה, נפת באר שבע, מחוז הדרום, 8604712, ישראל",5.5,20.7,17.4,דפנה,45,partial,דפנה,,partial,,,n/a,דפנה,44,partial,
001027-073567-01736-X,דימונה,חצב,59,,,exact,31.078195,35.038183,OK,31.078199,35.038147,"Khatsav St 59, Dimona, Israel",OK,31.077292,35.038835,"חצב, נאות הללי, נווה גן, דימונה, נפת באר שבע, מחוז הדרום, 8604712, ישראל",3.5,117.9,120.1,חצב,59,match,חצב,,partial,,,n/a,חצב,117,partial,
001027-073567-01737-X,דימונה,לובטקין צביה,10,,,none,,,OK,31.069419,35.033363,"Dimona, Israel",OK,31.070505,35.031328,"צביה לובטקין, הנצחון, נווה גן, דימונה, נפת באר שבע, מחוז הדרום, 8604712, ישראל",,,228.5,,,n/a,,,n/a,טיילת הספורט,,mismatch,רחבת צביה לובטקין,1001,partial,govmap_missing;osm_rev_at_google_mismatch
001027-073567-01738-X,דימונה,האורן,12,,,exact,31.066105,35.029598,OK,31.066164,35.029526,"HaOren St 12, Dimona, Israel",OK,31.066104,35.029244,"האורן, שבעת המינים, נווה גן, דימונה, נפת באר שבע, מחוז הדרום, 8604712, ישראל",9.5,33.7,27.7,האורן,10,partial,האורן,,partial,,,n/a,האורן,13,partial,
001027-073567-01739-X,דימונה,המעלה,25,,,exact,31.071124,35.042347,OK,31.071581,35.041037,"Ha-Ma'ale St 25, Dimona, Israel",OK,31.071954,35.041293,"המעלה, הגבעה, חכמי ישראל, דימונה, נפת באר שבע, מחוז הדרום, 8604712, ישראל",134.9,136.3,48.1,המעלה,209,partial,המעלה,,partial,,,n/a,המעלה,24,partial,
001027-074211-00238-X,דימונה,התאנה,238,,8602713,street,31.064475,35.026879,OK,31.064692,35.028272,"HaTe'ena St 238, Dimona, Israel",OK,31.064491,35.026752,"התאנה, שבעת המינים, נווה גן, דימונה, נפת באר שבע, מחוז הדרום, 8604712, ישראל",135.1,12.3,146.8,התאנה,30,partial,התאנה,,partial,,,n/a,התאנה,25,partial,
001027-073567-01741-X,דימונה,בשמת,14,,,exact,31.078976,35.043044,OK,31.078982,35.042962,"Bosmat St 14, Dimona, Israel",OK,31.079159,35.043067,"בשמת, נווה חורש, חכמי ישראל, דימונה, נפת באר שבע, מחוז הדרום, 8604712, ישראל",7.9,20.4,22.0,הברוש,133,mismatch,בשמת,,partial,,,n/a,בשמת,16,partial,google_rev_at_govmap_mismatch
001027-073567-01742-X,דימונה,שיקמה,4,,,exact,31.081869,35.038373,OK,31.081869,35.038281,"Shikma St 4, Dimona, Israel",ZERO_RESULTS,,,,8.8,,,שיקמה,4,match,שקמה,,mismatch,,,n/a,,,n/a,osm_fwd_ZERO_RESULTS;osm_rev_at_govmap_mismatch
001027-083704-01301-X,דימונה,מרחבים,1301,,8616801,street,31.074857,35.037212,OK,31.075000,35.035055,"Merhavim St 1301, Dimona, Israel",OK,31.074862,35.035588,"מרחבים, נווה אביב, נווה גן, דימונה, נפת באר שבע, מחוז הדרום, 8604712, ישראל",206.4,155.0,53.1,מרחבים,0,partial,מרחבים,1321,partial,,,n/a,הבעל שם טוב,1302,mismatch,google_rev_at_osm_mismatch
001027-083704-01301-א,דימונה,מרחבים,1301,א,8616802,street,31.074857,35.037212,OK,31.075000,35.035055,"Merhavim St 1301, Dimona, Israel",OK,31.074862,35.035588,"מרחבים, נווה אביב, נווה גן, דימונה, נפת באר שבע, מחוז הדרום, 8604712, ישראל",206.4,155.0,53.1,מרחבים,0,partial,מרחבים,1321,partial,,,n/a,הבעל שם טוב,1302,mismatch,google_rev_at_osm_mismatch
001027-083704-01301-ב,דימונה,מרחבים,1301,ב,8616803,street,31.074857,35.037212,OK,31.075000,35.035055,"Merhavim St 1301, Dimona, Israel",OK,31.074862,35.035588,"מרחבים, נווה אביב, נווה גן, דימונה, נפת באר שבע, מחוז הדרום, 8604712, ישראל",206.4,155.0,53.1,מרחבים,0,partial,מרחבים,1321,partial,,,n/a,הבעל שם טוב,1302,mismatch,google_rev_at_osm_mismatch
001027-083704-01301-ג,דימונה,מרחבים,1301,ג,8616804,street,31.074857,35.037212,OK,31.075000,35.035055,"Merhavim St 1301, Dimona, Israel",OK,31.074862,35.035588,"מרחבים, נווה אביב, נווה גן, דימונה, נפת באר שבע, מחוז הדרום, 8604712, ישראל",206.4,155.0,53.1,מרחבים,0,partial,מרחבים,1321,partial,,,n/a,הבעל שם טוב,1302,mismatch,google_rev_at_osm_mismatch
001027-083704-01301-ד,דימונה,מרחבים,1301,ד,8616805,street,31.074857,35.037212,OK,31.075000,35.035055,"Merhavim St 1301, Dimona, Israel",OK,31.074862,35.035588,"מרחבים, נווה אביב, נווה גן, דימונה, נפת באר שבע, מחוז הדרום, 8604712, ישראל",206.4,155.0,53.1,מרחבים,0,partial,מרחבים,1321,partial,,,n/a,הבעל שם טוב,1302,mismatch,google_rev_at_osm_mismatch
001027-083704-01321-X,דימונה,מרחבים,1321,,8616918,street,31.074857,35.037212,OK,31.075366,35.037333,"Merhavim St 1321, Dimona, Israel",OK,31.075357,35.037261,"1321, מרחבים, שכונה לדוגמא, נווה גן, דימונה, נפת באר שבע, מחוז הדרום, 8604712, ישראל",57.6,55.7,7.0,מרחבים,0,partial,מרחבים,1321,match,,,n/a,מרחבים,1321,match,
001027-073567-01745-X,דימונה,נורית,21,,,none,,,OK,31.079545,35.038524,"Nurit St 21, Dimona, Israel",OK,31.079650,35.039004,"נורית, נאות הללי, חכמי ישראל, דימונה, נפת באר שבע, מחוז הדרום, 8604712, ישראל",,,47.2,,,n/a,,,n/a,נורית,,partial,נורית,12,partial,govmap_missing
001027-073567-01746-X,דימונה,שד הנשיא,50,,,none,,,OK,31.064966,35.031815,"Sderot HaNassi 50, Dimona, 86000, Israel",ZERO_RESULTS,,,,,,,,,n/a,,,n/a,שדרות אריאל שרון,,mismatch,,,n/a,govmap_missing;osm_fwd_ZERO_RESULTS;osm_rev_at_google_mismatch
001027-073567-01747-X,דימונה,דולב,21,,,none,,,OK,31.080364,35.043991,"Dolev St 21, Dimona, Israel",OK,31.080046,35.043865,"דולב, נווה חורש, חכמי ישראל, דימונה, נפת באר שבע, מחוז הדרום, 8604712, ישראל",,,37.3,,,n/a,,,n/a,דולב,,partial,דולב,168,partial,govmap_missing
001027-075911-00274-X,דימונה,הרימון,274,,8602875,street,31.063893,35.026884,OK,31.063837,35.026185,"Ha-Rimon St 274, Dimona, Israel",OK,31.063935,35.026963,"הרימון, שבעת המינים, נווה גן, דימונה, נפת באר שבע, מחוז הדרום, 8604712, ישראל",67.0,8.9,75.1,הרימון,199,partial,הרימון,,partial,,,n/a,הרימון,199,partial,
001027-077597-00174-X,דימונה,נוה מדבר,174,,8601326,street,31.060570,35.028727,OK,31.060199,35.030181,"Neve Midbar St 174, Dimona, Israel",OK,31.060615,35.028548,"נוה מדבר, ערבה, נווה גן, דימונה, נפת באר שבע, מחוז הדרום, 8604712, ישראל",144.8,17.8,162.5,נווה מדבר,27,partial,נוה מדבר,,partial,,,n/a,נווה מדבר,31,partial,
001027-073567-01750-X,דימונה,גמלא,46,,,none,,,OK,31.055847,35.038549,"Gamla St 46, Dimona, Israel",OK,31.058564,35.034384,"גמלא, ערבה, נווה גן, דימונה, נפת באר שבע, מחוז הדרום, 8604712, ישראל",,,498.8,,,n/a,,,n/a,כורזין,,mismatch,,,mismatch,govmap_missing;osm_rev_at_google_mismatch;google_rev_at_osm_mismatch
001027-083058-01048-X,דימונה,טיילת הספורט,1048,,8617909,street,31.071267,35.033164,OK,31.074344,35.033374,"HaSport Promenade 1048, Dimona, 86000, Israel",OK,31.069575,35.033135,"טיילת הספורט, נווה אביב, נווה גן, דימונה, נפת באר שבע, מחוז הדרום, 8604712, ישראל",341.8,187.7,529.3,טיילת הספורט,1058,partial,טיילת הספורט,,partial,,,n/a,השקמה,,mismatch,google_rev_at_osm_mismatch
001027-083058-01048-א,דימונה,טיילת הספורט,1048,א,8617910,street,31.071267,35.033164,OK,31.074344,35.033374,"HaSport Promenade 1048, Dimona, 86000, Israel",OK,31.069575,35.033135,"טיילת הספורט, נווה אביב, נווה גן, דימונה, נפת באר שבע, מחוז הדרום, 8604712, ישראל",341.8,187.7,529.3,טיילת הספורט,1058,partial,טיילת הספורט,,partial,,,n/a,השקמה,,mismatch,google_rev_at_osm_mismatch
001027-083058-01048-ב,דימונה,טיילת הספורט,1048,ב,8617911,street,31.071267,35.033164,OK,31.074344,35.033374,"HaSport Promenade 1048, Dimona, 86000, Israel",OK,31.069575,35.033135,"טיילת הספורט, נווה אביב, נווה גן, דימונה, נפת באר שבע, מחוז הדרום, 8604712, ישראל",341.8,187.7,529.3,טיילת הספורט,1058,partial,טיילת הספורט,,partial,,,n/a,השקמה,,mismatch,google_rev_at_osm_mismatch
001027-083058-01048-ג,דימונה,טיילת הספורט,1048,ג,8617912,street,31.071267,35.033164,OK,31.074344,35.033374,"HaSport Promenade 1048, Dimona, 86000, Israel",OK,31.069575,35.033135,"טיילת הספורט, נווה אביב, נווה גן, דימונה, נפת באר שבע, מחוז הדרום, 8604712, ישראל",341.8,187.7,529.3,טיילת הספורט,1058,partial,טיילת הספורט,,partial,,,n/a,השקמה,,mismatch,google_rev_at_osm_mismatch
001027-083058-01048-ד,דימונה,טיילת הספורט,1048,ד,8617913,street,31.071267,35.033164,OK,31.074344,35.033374,"HaSport Promenade 1048, Dimona, 86000, Israel",OK,31.069575,35.033135,"טיילת הספורט, נווה אביב, נווה גן, דימונה, נפת באר שבע, מחוז הדרום, 8604712, ישראל",341.8,187.7,529.3,טיילת הספורט,1058,partial,טיילת הספורט,,partial,,,n/a,השקמה,,mismatch,google_rev_at_osm_mismatch
001027-082456-00013-X,דימונה,הברוש,13,,8602953,street,31.065428,35.030670,OK,31.065373,35.031076,"HaBrosh St 13, Dimona, Israel",OK,31.065371,35.030975,"הברוש, שבעת המינים, נווה גן, דימונה, נפת באר שבע, מחוז הדרום, 8604712, ישראל",39.2,29.7,9.6,הצאלה,21,mismatch,הברוש,,partial,,,n/a,הברוש,11,partial,google_rev_at_govmap_mismatch
001027-073567-01753-X,דימונה,הרצל,63,,,exact,31.067229,35.031127,OK,31.069419,35.033363,"Dimona, Israel",OK,31.067568,35.035925,"שדרות הרצל, גיורא יוספטל, נווה גן, דימונה, נפת באר שבע, מחוז הדרום, 8604712, ישראל",323.2,459.5,319.3,שדרות הנשיא,198,mismatch,שדרות הרצל,,partial,,,n/a,שדרות הרצל,232,partial,google_rev_at_govmap_mismatch
001027-073567-01753-X,דימונה,הרצל,63,,,exact,31.067229,35.031127,OK,31.069419,35.033363,"Dimona, Israel",OK,31.067568,35.035925,"שדרות הרצל, גיורא יוספטל, נווה גן, דימונה, נפת באר שבע, מחוז הדרום, 8604712, ישראל",323.2,459.5,319.3,שדרות הנשיא,198,mismatch,שדרות הרצל,,partial,,,n/a,שדרות הרצל,232,partial,google_rev_at_govmap_mismatch
001027-073567-01753-X,דימונה,הרצל,63,,,exact,31.067229,35.031127,OK,31.069419,35.033363,"Dimona, Israel",OK,31.067568,35.035925,"שדרות הרצל, גיורא יוספטל, נווה גן, דימונה, נפת באר שבע, מחוז הדרום, 8604712, ישראל",323.2,459.5,319.3,שדרות הנשיא,198,mismatch,שדרות הרצל,,partial,,,n/a,שדרות הרצל,232,partial,google_rev_at_govmap_mismatch
001027-073567-01753-X,דימונה,הרצל,63,,,exact,31.067229,35.031127,OK,31.069419,35.033363,"Dimona, Israel",OK,31.067568,35.035925,"שדרות הרצל, גיורא יוספטל, נווה גן, דימונה, נפת באר שבע, מחוז הדרום, 8604712, ישראל",323.2,459.5,319.3,שדרות הנשיא,198,mismatch,שדרות הרצל,,partial,,,n/a,שדרות הרצל,232,partial,google_rev_at_govmap_mismatch
001027-073567-01754-X,דימונה,לובטקין צביה,5,,,none,,,OK,31.069419,35.033363,"Dimona, Israel",OK,31.070505,35.031328,"צביה לובטקין, הנצחון, נווה גן, דימונה, נפת באר שבע, מחוז הדרום, 8604712, ישראל",,,228.5,,,n/a,,,n/a,טיילת הספורט,,mismatch,רחבת צביה לובטקין,1001,partial,govmap_missing;osm_rev_at_google_mismatch
001027-073567-01755-X,דימונה,לובטקין צביה,14,,,none,,,OK,31.069419,35.033363,"Dimona, Israel",OK,31.070505,35.031328,"צביה לובטקין, הנצחון, נווה גן, דימונה, נפת באר שבע, מחוז הדרום, 8604712, ישראל",,,228.5,,,n/a,,,n/a,טיילת הספורט,,mismatch,רחבת צביה לובטקין,1001,partial,govmap_missing;osm_rev_at_google_mismatch
001027-073567-01756-X,דימונה,חרוב,16,,,exact,31.080053,35.040469,OK,31.080050,35.040482,"Kharuv St 16, Dimona, Israel",OK,31.081121,35.043248,"חרוב, נווה חורש, חכמי ישראל, דימונה, נפת באר שבע, מחוז הדרום, 8604712, ישראל",1.2,290.5,289.5,חרוב,16,match,חרוב,,partial,,,n/a,חרוב,188,partial,
001027-082696-00791-X,דימונה,היורה,791,,8601243,street,31.059848,35.032720,OK,31.060384,35.033089,"Ha-Yore St, Dimona, Israel",OK,31.059906,35.032817,"היורה, ערבה, נווה גן, דימונה, נפת באר שבע, מחוז הדרום, 8604712, ישראל",69.1,11.3,59.1,היורה,12-20,partial,היורה,,partial,,,n/a,היורה,13,partial,
001027-073567-01758-X,דימונה,הר מירון,8,,,exact,31.086614,35.038890,OK,31.086693,35.038716,"Meron St 8, Dimona, Israel",OK,31.086549,35.038589,"הר מירון, חכמי ישראל, דימונה, נפת באר שבע, מחוז הדרום, 8604712, ישראל",18.8,29.6,20.0,,,mismatch,הר מירון,,partial,,,n/a,,,mismatch,google_rev_at_govmap_mismatch;google_rev_at_osm_mismatch
001027-073567-01759-X,דימונה,?,19,,,exact,31.067067,35.036797,OK,31.069419,35.033363,"Dimona, Israel",OK,32.057166,34.798504,"19, דימונה, תל־אביב–יפו, יד אליהו, תל־אביב–יפו, נפת תל אביב, מחוז תל אביב, 6767589, ישראל",418.8,112089.1,111768.1,מכבים,246,mismatch,שדרות הרצל,,mismatch,,,n/a,דימונה,19,mismatch,google_rev_at_govmap_mismatch;osm_rev_at_govmap_mismatch;google_rev_at_osm_mismatch
001027-077164-00727-X,דימונה,הכלנית,727,,8603704,street,31.062077,35.031329,OK,31.061740,35.031327,"Kalanit St, Dimona, Israel",ZERO_RESULTS,,,,37.3,,,כלנית,9,mismatch,כלנית,,mismatch,,,n/a,,,n/a,osm_fwd_ZERO_RESULTS;google_rev_at_govmap_mismatch;osm_rev_at_govmap_mismatch
001027-073567-01761-X,דימונה,אקליפטוס,18,,,exact,31.079899,35.042755,OK,31.079896,35.042735,"Ekaliptus St 18, Dimona, Israel",OK,31.078885,35.042295,"אקליפטוס, נווה חורש, חכמי ישראל, דימונה, נפת באר שבע, מחוז הדרום, 8604712, ישראל",1.9,120.7,119.7,אקליפטוס,18,match,דולב,,mismatch,,,n/a,בשמת,2,mismatch,osm_rev_at_govmap_mismatch;google_rev_at_osm_mismatch
001027-073567-01762-X,דימונה,שד בן גוריון,1318,,,exact,31.076158,35.034736,OK,31.073933,35.034726,"דוד בן גוריון, Dimona, Israel",ZERO_RESULTS,,,,246.8,,,גדולי ישראל,1318,mismatch,אבחצירה,,mismatch,,,n/a,,,n/a,osm_fwd_ZERO_RESULTS;google_rev_at_govmap_mismatch;osm_rev_at_govmap_mismatch
001027-073567-01762-X,דימונה,שד בן גוריון,1318,,,exact,31.076158,35.034736,OK,31.073933,35.034726,"דוד בן גוריון, Dimona, Israel",ZERO_RESULTS,,,,246.8,,,גדולי ישראל,1318,mismatch,אבחצירה,,mismatch,,,n/a,,,n/a,osm_fwd_ZERO_RESULTS;google_rev_at_govmap_mismatch;osm_rev_at_govmap_mismatch
001027-073567-01762-X,דימונה,שד בן גוריון,1318,,,exact,31.076158,35.034736,OK,31.073933,35.034726,"דוד בן גוריון, Dimona, Israel",ZERO_RESULTS,,,,246.8,,,גדולי ישראל,1318,mismatch,אבחצירה,,mismatch,,,n/a,,,n/a,osm_fwd_ZERO_RESULTS;google_rev_at_govmap_mismatch;osm_rev_at_govmap_mismatch
001027-073567-01762-X,דימונה,שד בן גוריון,1318,,,exact,31.076158,35.034736,OK,31.073933,35.034726,"דוד בן גוריון, Dimona, Israel",ZERO_RESULTS,,,,246.8,,,גדולי ישראל,1318,mismatch,אבחצירה,,mismatch,,,n/a,,,n/a,osm_fwd_ZERO_RESULTS;google_rev_at_govmap_mismatch;osm_rev_at_govmap_mismatch
001027-073567-01762-X,דימונה,שד בן גוריון,1318,,,exact,31.076158,35.034736,OK,31.073933,35.034726,"דוד בן גוריון, Dimona, Israel",ZERO_RESULTS,,,,246.8,,,גדולי ישראל,1318,mismatch,אבחצירה,,mismatch,,,n/a,,,n/a,osm_fwd_ZERO_RESULTS;google_rev_at_govmap_mismatch;osm_rev_at_govmap_mismatch
001027-073567-01762-X,דימונה,שד בן גוריון,1318,,,exact,31.076158,35.034736,OK,31.073933,35.034726,"דוד בן גוריון, Dimona, Israel",ZERO_RESULTS,,,,246.8,,,גדולי ישראל,1318,mismatch,אבחצירה,,mismatch,,,n/a,,,n/a,osm_fwd_ZERO_RESULTS;google_rev_at_govmap_mismatch;osm_rev_at_govmap_mismatch
001027-073567-01762-X,דימונה,שד בן גוריון,1318,,,exact,31.076158,35.034736,OK,31.073933,35.034726,"דוד בן גוריון, Dimona, Israel",ZERO_RESULTS,,,,246.8,,,גדולי ישראל,1318,mismatch,אבחצירה,,mismatch,,,n/a,,,n/a,osm_fwd_ZERO_RESULTS;google_rev_at_govmap_mismatch;osm_rev_at_govmap_mismatch
001027-073567-01762-X,דימונה,שד בן גוריון,1318,,,exact,31.076158,35.034736,OK,31.073933,35.034726,"דוד בן גוריון, Dimona, Israel",ZERO_RESULTS,,,,246.8,,,גדולי ישראל,1318,mismatch,אבחצירה,,mismatch,,,n/a,,,n/a,osm_fwd_ZERO_RESULTS;google_rev_at_govmap_mismatch;osm_rev_at_govmap_mismatch
001027-073567-01763-X,דימונה,יודפת,7,,,exact,31.055854,35.035580,OK,31.055963,35.035509,"Yodfat St 7, Dimona, Israel",OK,31.055625,35.035432,"יודפת, ממשית, דימונה, נפת באר שבע, מחוז הדרום, 8604712, ישראל",13.9,29.0,38.2,יודפת,9,partial,יודפת,,partial,,,n/a,יודפת,14,partial,
001027-073567-01764-X,דימונה,?,13,,,exact,31.066822,35.037726,OK,31.069419,35.033363,"Dimona, Israel",OK,32.056102,34.798438,"13, דימונה, תל־אביב–יפו, יד אליהו, תל־אביב–יפו, נפת תל אביב, מחוז תל אביב, 6767589, ישראל",506.3,112019.3,111653.8,שדרות הרצל,234,mismatch,שדרות הרצל,,mismatch,,,n/a,דימונה,13,mismatch,google_rev_at_govmap_mismatch;osm_rev_at_govmap_mismatch;google_rev_at_osm_mismatch
001027-073567-01764-X,דימונה,?,13,,,exact,31.066822,35.037726,OK,31.069419,35.033363,"Dimona, Israel",OK,32.056102,34.798438,"13, דימונה, תל־אביב–יפו, יד אליהו, תל־אביב–יפו, נפת תל אביב, מחוז תל אביב, 6767589, ישראל",506.3,112019.3,111653.8,שדרות הרצל,234,mismatch,שדרות הרצל,,mismatch,,,n/a,דימונה,13,mismatch,google_rev_at_govmap_mismatch;osm_rev_at_govmap_mismatch;google_rev_at_osm_mismatch
001027-073567-01765-X,דימונה,?,30,,,exact,31.061826,35.029303,OK,31.069419,35.033363,"Dimona, Israel",OK,32.057348,34.798778,"30, דימונה, תל־אביב–יפו, יד אליהו, תל־אביב–יפו, נפת תל אביב, מחוז תל אביב, 6767589, ישראל",926.8,112532.3,111782.7,שדרות הנשיא,30,mismatch,שדרות אריאל שרון,,mismatch,,,n/a,דימונה,30א,mismatch,google_rev_at_govmap_mismatch;osm_rev_at_govmap_mismatch;google_rev_at_osm_mismatch
001027-073567-01766-X,דימונה,הרכס,10,,,exact,31.068524,35.043010,OK,31.068506,35.042939,"Ha-Rekhes St 10, Dimona, Israel",OK,31.068325,35.042827,"הרכס, קהילת העבריים, חכמי ישראל, דימונה, נפת באר שבע, מחוז הדרום, 8604712, ישראל",7.1,28.2,22.7,הפיסגה,371,mismatch,הרכס,,partial,,,n/a,הרכס,8,partial,google_rev_at_govmap_mismatch
001027-073567-01767-X,דימונה,עבדת,1,,,exact,31.065162,35.039950,OK,31.065189,35.039835,"Ovdat St 1, Dimona, Israel",OK,31.065292,35.042621,"עבדת, קהילת העבריים, חכמי ישראל, דימונה, נפת באר שבע, מחוז הדרום, 8604712, ישראל",11.4,255.3,266.2,עבדת,1628,partial,עבדת,,partial,,,n/a,עבדת,55,partial,
001027-077042-00155-X,דימונה,מצדה,155,,8601222,street,31.061379,35.031181,OK,31.061391,35.031087,"Mesada St, Dimona, Israel",OK,31.061408,35.030977,"מצדה, ערבה, נווה גן, דימונה, נפת באר שבע, מחוז הדרום, 8604712, ישראל",9.1,19.8,10.7,מצדה,20,partial,מצדה,,partial,,,n/a,מצדה,18,partial,
001027-073567-01769-X,דימונה,?,25,,,exact,31.067062,35.036364,OK,31.069419,35.033363,"Dimona, Israel",OK,31.068661,35.036648,"דימונה, נפת באר שבע, מחוז הדרום, 8604712, ישראל",387.7,179.4,324.6,מודיעין,254,mismatch,שדרות הרצל,,mismatch,,,n/a,שדרות הרצל,16,mismatch,google_rev_at_govmap_mismatch;osm_rev_at_govmap_mismatch;google_rev_at_osm_mismatch
001027-073567-01770-X,דימונה,רחבת אורון,4,,,exact,31.063714,35.030445,OK,31.063690,35.030334,"Oron St 4, Dimona, Israel",ZERO_RESULTS,,,,10.9,,,שדרות הנשיא,153,mismatch,אורון,,partial,,,n/a,,,n/a,osm_fwd_ZERO_RESULTS;google_rev_at_govmap_mismatch
001027-073567-01771-X,דימונה,יואל,4,,,exact,31.078427,35.035139,OK,31.078535,35.035144,"Yoel St 4, Dimona, Israel",OK,31.078544,35.035232,"יואל, נאות הללי, נווה גן, דימונה, נפת באר שבע, מחוז הדרום, 8604712, ישראל",12.0,15.8,8.4,חגי,1,mismatch,יואל,,partial,,,n/a,ירמיה,7,mismatch,google_rev_at_govmap_mismatch;google_rev_at_osm_mismatch
001027-073567-01772-X,דימונה,דפנה,24,,,exact,31.079504,35.040847,OK,31.079659,35.040891,"Dafna St 24, Dimona, Israel",OK,31.079667,35.040288,"דפנה, נווה חורש, חכמי ישראל, דימונה, נפת באר שבע, מחוז הדרום, 8604712, ישראל",17.6,56.3,57.5,דפנה,42,partial,ליבנה,,mismatch,,,n/a,דפנה,44,partial,osm_rev_at_govmap_mismatch
001027-073567-01773-X,דימונה,שיקמה,26,,,exact,31.081397,35.040179,OK,31.081257,35.040073,"Shikma St 26, Dimona, Israel",ZERO_RESULTS,,,,18.5,,,שיקמה,28,partial,שקמה,,mismatch,,,n/a,,,n/a,osm_fwd_ZERO_RESULTS;osm_rev_at_govmap_mismatch
001027-073567-01774-X,דימונה,אמנון ותמר,21,,,exact,31.076305,35.031861,OK,31.076343,35.031749,"Amnon veTamar St 21, Dimona, Israel",OK,31.075772,35.032047,"אמנון ותמר, נווה אביב, נווה גן, דימונה, נפת באר שבע, מחוז הדרום, 8604712, ישראל",11.5,61.7,69.4,אמנון ותמר,19,partial,אמנון ותמר,,partial,,,n/a,בת חן,2,mismatch,google_rev_at_osm_mismatch
001027-073567-01775-X,דימונה,?,21,,,exact,31.067062,35.036666,OK,31.069419,35.033363,"Dimona, Israel",OK,32.057598,34.798807,"21, דימונה, תל־אביב–יפו, יד אליהו, תל־אביב–יפו, נפת תל אביב, מחוז תל אביב, 6767589, ישראל",409.5,112128.3,111809.3,מודיעין,254,mismatch,שדרות הרצל,,mismatch,,,n/a,סמטת מלילות,5,mismatch,google_rev_at_govmap_mismatch;osm_rev_at_govmap_mismatch;google_rev_at_osm_mismatch
001027-073567-01776-X,דימונה,הרב אבוחצירה,314,,,none,,,OK,31.071217,35.050837,"הרב אלעזר אבוחצירה, Dimona, Israel",OK,31.071127,35.050655,"הרב אלעזר אבוחצירה, חכמי ישראל, דימונה, נפת באר שבע, מחוז הדרום, 8604712, ישראל",,,20.1,,,n/a,,,n/a,הרב אלעזר אבוחצירה,,partial,הרב אלעזר אבוחצירה,10,partial,govmap_missing
001027-082759-00026-X,דימונה,הצבר,26,,8603307,street,31.062718,35.035297,OK,31.062589,35.035816,"Tsabar St 26, Dimona, Israel",OK,31.062764,35.034900,"הצבר, גיורא יוספטל, נווה גן, דימונה, נפת באר שבע, מחוז הדרום, 8604712, ישראל",51.5,38.3,89.6,צבר,9,mismatch,הצבר,,partial,,,n/a,צבר,14,mismatch,google_rev_at_govmap_mismatch;google_rev_at_osm_mismatch
001027-082759-00026-א,דימונה,הצבר,26,א,8603308,street,31.062718,35.035297,OK,31.062589,35.035816,"Tsabar St 26, Dimona, Israel",OK,31.062764,35.034900,"הצבר, גיורא יוספטל, נווה גן, דימונה, נפת באר שבע, מחוז הדרום, 8604712, ישראל",51.5,38.3,89.6,צבר,9,mismatch,הצבר,,partial,,,n/a,צבר,14,mismatch,google_rev_at_govmap_mismatch;google_rev_at_osm_mismatch
001027-082759-00026-ב,דימונה,הצבר,26,ב,8603309,street,31.062718,35.035297,OK,31.062589,35.035816,"Tsabar St 26, Dimona, Israel",OK,31.062764,35.034900,"הצבר, גיורא יוספטל, נווה גן, דימונה, נפת באר שבע, מחוז הדרום, 8604712, ישראל",51.5,38.3,89.6,צבר,9,mismatch,הצבר,,partial,,,n/a,צבר,14,mismatch,google_rev_at_govmap_mismatch;google_rev_at_osm_mismatch
001027-075520-01006-X,דימונה,שד גולדה מאיר,1006,,8605822,street,31.074634,35.031562,OK,31.070243,35.031856,"Sderot Golda Me'ir 1006, Dimona, Israel",OK,31.068233,35.032140,"שד׳ גולדה מאיר/שד׳ הרצל, שדרות גולדה מאיר, הנצחון, נווה גן, דימונה, נפת באר שבע, מחוז הדרום, 8604712, ישראל",487.7,711.9,224.5,שדרות גולדה מאיר,1,partial,שדרות גולדה מאיר,,partial,,,n/a,,,mismatch,google_rev_at_osm_mismatch
001027-075520-01006-א,דימונה,שד גולדה מאיר,1006,א,8605823,street,31.074634,35.031562,OK,31.070243,35.031856,"Sderot Golda Me'ir 1006, Dimona, Israel",OK,31.068233,35.032140,"שד׳ גולדה מאיר/שד׳ הרצל, שדרות גולדה מאיר, הנצחון, נווה גן, דימונה, נפת באר שבע, מחוז הדרום, 8604712, ישראל",487.7,711.9,224.5,שדרות גולדה מאיר,1,partial,שדרות גולדה מאיר,,partial,,,n/a,,,mismatch,google_rev_at_osm_mismatch
001027-075520-01006-ב,דימונה,שד גולדה מאיר,1006,ב,8605824,street,31.074634,35.031562,OK,31.070243,35.031856,"Sderot Golda Me'ir 1006, Dimona, Israel",OK,31.068233,35.032140,"שד׳ גולדה מאיר/שד׳ הרצל, שדרות גולדה מאיר, הנצחון, נווה גן, דימונה, נפת באר שבע, מחוז הדרום, 8604712, ישראל",487.7,711.9,224.5,שדרות גולדה מאיר,1,partial,שדרות גולדה מאיר,,partial,,,n/a,,,mismatch,google_rev_at_osm_mismatch
001027-079388-00014-X,דימונה,עבדת,14,,8604814,street,31.065505,35.041395,OK,31.065476,35.040649,"Ovdat St 14, Dimona, Israel",OK,31.065629,35.041002,"עבדת, קהילת העבריים, נווה גן, דימונה, נפת באר שבע, מחוז הדרום, 8604712, ישראל",71.3,39.9,37.8,עבדת,16,partial,עבדת,,partial,,,n/a,עבדת,33,partial,
001027-078072-00052-X,דימונה,קדש,52,,8601629,street,31.058609,35.028935,OK,31.058271,35.027892,"Kadesh St 52, Dimona, Israel",OK,31.058632,35.029266,"קדש, ערבה, נווה גן, דימונה, נפת באר שבע, מחוז הדרום, 8604712, ישראל",106.3,31.8,137.2,קדש,20,partial,קדש,,partial,,,n/a,קדש,12,partial,
001027-073567-01781-X,דימונה,קיסריה,14,,,exact,31.057236,35.037674,OK,31.057194,35.037709,"Caesarea St 14, Dimona, Israel",OK,31.057386,35.037868,"קיסריה, ממשית, נווה גן, דימונה, נפת באר שבע, מחוז הדרום, 8604712, ישראל",5.7,24.9,26.1,קיסריה,14,match,קיסריה,,partial,,,n/a,קיסריה,11,partial,
001027-073567-01782-X,דימונה,מורן החורש,45,,,exact,31.078735,35.043292,OK,31.078706,35.043265,"Moran ha-Khoresh St 45, Dimona, Israel",OK,31.078588,35.042710,"מורן החורש, נווה חורש, חכמי ישראל, דימונה, נפת באר שבע, מחוז הדרום, 8604712, ישראל",4.1,57.9,54.5,מורן החורש,45,match,מורן החורש,,partial,,,n/a,מורן החורש,33,partial,
001027-073567-01783-X,דימונה,רחבת הבנים,12,,,none,,,OK,31.068421,35.031482,"Rahvat HaBanim, Dimona, Israel",ZERO_RESULTS,,,,,,,,,n/a,,,n/a,שדרות גולדה מאיר,,mismatch,,,n/a,govmap_missing;osm_fwd_ZERO_RESULTS;osm_rev_at_google_mismatch
001027-077659-00008-X,דימונה,בבא סאלי,8,,8601008,street,31.060370,35.032145,OK,31.059776,35.027233,"Baba Sali St 8, Dimona, Israel",OK,31.060631,35.032487,"בבא סאלי, ערבה, נווה גן, דימונה, נפת באר שבע, מחוז הדרום, 8604712, ישראל",473.4,43.6,510.4,בבא סאלי,61,partial,בבא סאלי,,partial,,,n/a,בבא סאלי,166,partial,
001027-073567-01785-X,דימונה,ישעיה,29,,,none,,,OK,31.079187,35.035102,"YishaAya St 29, Dimona, Israel",OK,31.080062,35.035450,"ישעיה, נאות הללי, נווה גן, דימונה, נפת באר שבע, מחוז הדרום, 8604712, ישראל",,,102.6,,,n/a,,,n/a,נתן הנביא,,mismatch,ישעיה,17,partial,govmap_missing;osm_rev_at_google_mismatch
001027-073567-01786-X,דימונה,מבצר עכו,5,,,exact,31.056216,35.039985,OK,31.056305,35.039916,"Mivtsar Akko St 5, Dimona, Israel",OK,31.055947,35.040448,"מבצר עכו, ממשית, דימונה, נפת באר שבע, מחוז הדרום, 8604712, ישראל",11.8,53.4,64.4,מבצר עכו,31,partial,מבצר עכו,,partial,,,n/a,מבצר עכו,51,partial,
001027-073567-01787-X,דימונה,שושן צחור,7,,,exact,31.075276,35.032697,OK,31.075165,35.032794,"Shoshan Tsakhor St 7, Dimona, Israel",OK,31.075173,35.032677,"שושן צחור, נווה אביב, נווה גן, דימונה, נפת באר שבע, מחוז הדרום, 8604712, ישראל",15.4,11.6,11.2,שושן צחור,164,partial,שושן צחור,,partial,,,n/a,שושן צחור,165,partial,
001027-073567-01788-X,דימונה,רחבת יונתן,10,,,none,,,OK,31.069419,35.033363,"Dimona, Israel",ZERO_RESULTS,,,,,,,,,n/a,,,n/a,טיילת הספורט,,mismatch,,,n/a,govmap_missing;osm_fwd_ZERO_RESULTS;osm_rev_at_google_mismatch
001027-073567-01789-X,דימונה,הרצל,57,,,exact,31.067270,35.031655,OK,31.069419,35.033363,"Dimona, Israel",OK,31.067568,35.035925,"שדרות הרצל, גיורא יוספטל, נווה גן, דימונה, נפת באר שבע, מחוז הדרום, 8604712, ישראל",288.7,408.9,319.3,שדרות הנשיא,197,mismatch,שדרות אריאל שרון,,mismatch,,,n/a,שדרות הרצל,232,partial,google_rev_at_govmap_mismatch;osm_rev_at_govmap_mismatch
001027-073567-01790-X,דימונה,מרווה,11,,,exact,31.078830,35.038601,OK,31.078771,35.038535,"Marva St 11, Dimona, Israel",OK,31.078567,35.038780,"מרווה, נאות הללי, חכמי ישראל, דימונה, נפת באר שבע, מחוז הדרום, 8604712, ישראל",9.1,33.8,32.5,מרווה,11,match,חצב,,mismatch,,,n/a,מרווה,13,partial,osm_rev_at_govmap_mismatch
001027-073567-01791-X,דימונה,הרב אלנקוה,12,,,none,,,OK,31.076805,35.042375,"HaRav Alnekave St 12, Dimona, Israel",OK,31.076713,35.044443,"הרב אלנקוה, נווה חורש, חכמי ישראל, דימונה, נפת באר שבע, מחוז הדרום, 8604712, ישראל",,,197.6,,,n/a,,,n/a,הרב אלנקוה,,partial,,,mismatch,govmap_missing;google_rev_at_osm_mismatch
001027-073567-01792-X,דימונה,הרמה,52,,,exact,31.067818,35.042135,OK,31.067811,35.042052,"Ha-Rama St 52, Dimona, Israel",OK,31.070092,35.040819,"הרמה, הגבעה, נווה גן, דימונה, נפת באר שבע, מחוז הדרום, 8604712, ישראל",7.9,281.7,278.9,הגיא,307,mismatch,הרמה,,partial,,,n/a,הרמה,15,partial,google_rev_at_govmap_mismatch
001027-073567-01793-X,דימונה,הפסגה,6,,,exact,31.072416,35.039646,OK,31.069419,35.033363,"Dimona, Israel",OK,31.072372,35.041739,"הפסגה, הגבעה, חכמי ישראל, דימונה, נפת באר שבע, מחוז הדרום, 8604712, ישראל",685.6,199.8,863.9,הפיסגה,37,mismatch,הפסגה,,partial,,,n/a,המעלה,56,mismatch,google_rev_at_govmap_mismatch;google_rev_at_osm_mismatch
001027-075911-00356-X,דימונה,הרימון,356,,8610530,street,31.063893,35.026884,OK,31.063876,35.026863,"Ha-Rimon St, Dimona, Israel",OK,31.063935,35.026963,"הרימון, שבעת המינים, נווה גן, דימונה, נפת באר שבע, מחוז הדרום, 8604712, ישראל",2.7,8.9,11.6,הרימון,199,partial,הרימון,,partial,,,n/a,הרימון,199,partial,
001027-073567-01795-X,דימונה,שיקמה,3,,,exact,31.082058,35.038632,OK,31.082095,35.038600,"Shikma St 3, Dimona, Israel",ZERO_RESULTS,,,,5.1,,,שיקמה,3,match,שקמה,,mismatch,,,n/a,,,n/a,osm_fwd_ZERO_RESULTS;osm_rev_at_govmap_mismatch
001027-073567-01796-X,דימונה,העמל,10,,,none,,,OK,31.064685,35.019334,"Ha-Amal St 10, Dimona, 8612322, Israel",OK,31.064876,35.018872,"העמל, אזור תעשייה קריית עמל, נווה גן, דימונה, נפת באר שבע, מחוז הדרום, 8604712, ישראל",,,48.9,,,n/a,,,n/a,העמל,,partial,העמל,63,partial,govmap_missing
001027-082456-00008-X,דימונה,הברוש,8,,8602948,street,31.065428,35.030670,OK,31.065339,35.030580,"HaBrosh St 8, Dimona, Israel",OK,31.065371,35.030975,"הברוש, שבעת המינים, נווה גן, דימונה, נפת באר שבע, מחוז הדרום, 8604712, ישראל",13.1,29.7,37.9,הצאלה,21,mismatch,הברוש,,partial,,,n/a,הברוש,11,partial,google_rev_at_govmap_mismatch
001027-081029-00220-X,דימונה,עזרא ונחמיה,220,,8604602,street,31.065350,35.035445,OK,31.065161,35.035497,"Ezra u-Nekhemya St 220, Dimona, Israel",OK,31.065341,35.035821,"עזרא ונחמיה, גיורא יוספטל, נווה גן, דימונה, נפת באר שבע, מחוז הדרום, 8604712, ישראל",21.5,35.9,36.8,עזרא ונחמיה,220,match,עזרא ונחמיה,,partial,,,n/a,עזרא ונחמיה,21,partial,
001027-081029-00220-א,דימונה,עזרא ונחמיה,220,א,8604603,street,31.065350,35.035445,OK,31.065161,35.035497,"Ezra u-Nekhemya St 220, Dimona, Israel",OK,31.065341,35.035821,"עזרא ונחמיה, גיורא יוספטל, נווה גן, דימונה, נפת באר שבע, מחוז הדרום, 8604712, ישראל",21.5,35.9,36.8,עזרא ונחמיה,220,match,עזרא ונחמיה,,partial,,,n/a,עזרא ונחמיה,21,partial,
001027-081029-00220-ג,דימונה,עזרא ונחמיה,220,ג,8604605,street,31.065350,35.035445,OK,31.065161,35.035497,"Ezra u-Nekhemya St 220, Dimona, Israel",OK,31.065341,35.035821,"עזרא ונחמיה, גיורא יוספטל, נווה גן, דימונה, נפת באר שבע, מחוז הדרום, 8604712, ישראל",21.5,35.9,36.8,עזרא ונחמיה,220,match,עזרא ונחמיה,,partial,,,n/a,עזרא ונחמיה,21,partial,
001027-081029-00220-ד,דימונה,עזרא ונחמיה,220,ד,8604606,street,31.065350,35.035445,OK,31.065161,35.035497,"Ezra u-Nekhemya St 220, Dimona, Israel",OK,31.065341,35.035821,"עזרא ונחמיה, גיורא יוספטל, נווה גן, דימונה, נפת באר שבע, מחוז הדרום, 8604712, ישראל",21.5,35.9,36.8,עזרא ונחמיה,220,match,עזרא ונחמיה,,partial,,,n/a,עזרא ונחמיה,21,partial,
001027-081029-00220-ה,דימונה,עזרא ונחמיה,220,ה,8604607,street,31.065350,35.035445,OK,31.065161,35.035497,"Ezra u-Nekhemya St 220, Dimona, Israel",OK,31.065341,35.035821,"עזרא ונחמיה, גיורא יוספטל, נווה גן, דימונה, נפת באר שבע, מחוז הדרום, 8604712, ישראל",21.5,35.9,36.8,עזרא ונחמיה,220,match,עזרא ונחמיה,,partial,,,n/a,עזרא ונחמיה,21,partial,
001027-081029-00220-ו,דימונה,עזרא ונחמיה,220,ו,8604608,street,31.065350,35.035445,OK,31.065161,35.035497,"Ezra u-Nekhemya St 220, Dimona, Israel",OK,31.065341,35.035821,"עזרא ונחמיה, גיורא יוספטל, נווה גן, דימונה, נפת באר שבע, מחוז הדרום, 8604712, ישראל",21.5,35.9,36.8,עזרא ונחמיה,220,match,עזרא ונחמיה,,partial,,,n/a,עזרא ונחמיה,21,partial,
001027-081029-00220-ז,דימונה,עזרא ונחמיה,220,ז,8604609,street,31.065350,35.035445,OK,31.065161,35.035497,"Ezra u-Nekhemya St 220, Dimona, Israel",OK,31.065341,35.035821,"עזרא ונחמיה, גיורא יוספטל, נווה גן, דימונה, נפת באר שבע, מחוז הדרום, 8604712, ישראל",21.5,35.9,36.8,עזרא ונחמיה,220,match,עזרא ונחמיה,,partial,,,n/a,עזרא ונחמיה,21,partial,
001027-078072-00057-X,דימונה,קדש,57,,8601634,street,31.058609,35.028935,OK,31.058185,35.027993,"Kadesh St 57, Dimona, Israel",OK,31.058632,35.029266,"קדש, ערבה, נווה גן, דימונה, נפת באר שבע, מחוז הדרום, 8604712, ישראל",101.4,31.8,131.3,קדש,20,partial,קדש,,partial,,,n/a,קדש,12,partial,
001027-073567-01800-X,דימונה,המסגר,10,,,none,,,OK,31.064561,35.018119,"HaMasger St 10, Dimona, Israel",OK,31.064370,35.018441,"המסגר, אזור תעשייה קריית עמל, נווה גן, דימונה, נפת באר שבע, מחוז הדרום, 8604712, ישראל",,,37.4,,,n/a,,,n/a,המסגר,,partial,המסגר,62,partial,govmap_missing
001027-075069-00524-X,דימונה,ההדס,524,,8602840,street,31.064790,35.030048,OK,31.065009,35.029961,"HaHadas St, Dimona, Israel",OK,31.065160,35.030080,"ההדס, שבעת המינים, נווה גן, דימונה, נפת באר שבע, מחוז הדרום, 8604712, ישראל",25.7,41.2,20.2,ההדס,12,partial,ההדס,,partial,,,n/a,ההדס,21,partial,
001027-073567-01802-X,דימונה,דוד אלעזר,575,,,none,,,OK,31.073809,35.039707,"David Elazar St, Dimona, Israel",OK,31.073819,35.039614,"דוד אלעזר, חכמי ישראל, נווה גן, דימונה, נפת באר שבע, מחוז הדרום, 8604712, ישראל",,,9.0,,,n/a,,,n/a,דוד אלעזר,,partial,דוד אלעזר,172,partial,govmap_missing
001027-073567-01803-X,דימונה,סחלבן החורש,88,,,exact,31.077102,35.044401,OK,31.077099,35.044327,"Sakhlevan ha-Khoresh St 88, Dimona, Israel",OK,31.077293,35.040937,"סחלבן החורש, נווה חורש, חכמי ישראל, דימונה, נפת באר שבע, מחוז הדרום, 8604712, ישראל",7.0,331.2,324.2,סחלבן החורש,546,partial,הרב אלנקוה,,mismatch,,,n/a,סחלבן החורש,26,partial,osm_rev_at_govmap_mismatch
001027-073567-01804-X,דימונה,סחלבן החורש,4,,,none,,,OK,31.077171,35.039455,"Sakhlevan ha-Khoresh St 4, Dimona, Israel",OK,31.077462,35.041925,"סחלבן החורש, נווה חורש, חכמי ישראל, דימונה, נפת באר שבע, מחוז הדרום, 8604712, ישראל",,,238.0,,,n/a,,,n/a,סחלבן החורש,,partial,סחלבן החורש,29,partial,govmap_missing
001027-073567-01805-X,דימונה,פרג,32,,,exact,31.080358,35.037931,OK,31.080352,35.037912,"Parag St 32, Dimona, Israel",OK,31.080250,35.038449,"פרג, נאות הללי, נווה גן, דימונה, נפת באר שבע, מחוז הדרום, 8604712, ישראל",1.9,50.9,52.5,פרג,32,match,פרג,,partial,,,n/a,פרג,26,partial,
001027-073567-01806-X,דימונה,ציפורי,41,,,none,,,OK,31.054344,35.038041,"Tsipori St 41, Dimona, Israel",OK,31.054218,35.038395,"ציפורי, ממשית, דימונה, נפת באר שבע, מחוז הדרום, 8604712, ישראל",,,36.5,,,n/a,,,n/a,פטרה,,mismatch,ציפורי,137,partial,govmap_missing;osm_rev_at_google_mismatch
001027-073567-01807-X,דימונה,חצב,48,,,none,,,OK,31.078403,35.038426,"Khatsav St 48, Dimona, Israel",OK,31.077292,35.038835,"חצב, נאות הללי, נווה גן, דימונה, נפת באר שבע, מחוז הדרום, 8604712, ישראל",,,129.3,,,n/a,,,n/a,חצב,,partial,חצב,117,partial,govmap_missing
001027-073567-01808-X,דימונה,חצב,35,,,exact,31.077246,35.038188,OK,31.077245,35.038110,"Khatsav St 35, Dimona, Israel",OK,31.077292,35.038835,"חצב, נאות הללי, נווה גן, דימונה, נפת באר שבע, מחוז הדרום, 8604712, ישראל",7.4,62.0,69.4,חצב,35,match,חצב,,partial,,,n/a,חצב,117,partial,
001027-073567-01809-X,דימונה,שד יגאל אלון,13,,,exact,31.063572,35.034929,OK,31.063019,35.031807,"Sderot Yig'al Alon 13, Dimona, Israel",ZERO_RESULTS,,,,304.2,,,,,mismatch,יגאל אלון,,partial,,,n/a,,,n/a,osm_fwd_ZERO_RESULTS;google_rev_at_govmap_mismatch
001027-073567-01810-X,דימונה,העליה,30,,,exact,31.065806,35.041803,OK,31.066062,35.041734,"Aliya St 30, Dimona, Israel",ZERO_RESULTS,,,,29.2,,,עבדת,1639,mismatch,עלייה,,mismatch,,,n/a,,,n/a,osm_fwd_ZERO_RESULTS;google_rev_at_govmap_mismatch;osm_rev_at_govmap_mismatch
001027-077597-00167-X,דימונה,נוה מדבר,167,,8601360,street,31.060570,35.028727,OK,31.060490,35.028196,"Neve Midbar St 167, Dimona, Israel",OK,31.060615,35.028548,"נוה מדבר, ערבה, נווה גן, דימונה, נפת באר שבע, מחוז הדרום, 8604712, ישראל",51.5,17.8,36.4,נווה מדבר,27,partial,נוה מדבר,,partial,,,n/a,נווה מדבר,31,partial,
001027-073567-01812-X,דימונה,השיא,19,,,exact,31.066109,35.043292,OK,31.066049,35.043265,"Ha-Si St 19, Dimona, Israel",OK,31.066613,35.043242,"השיא, קהילת העבריים, חכמי ישראל, דימונה, נפת באר שבע, מחוז הדרום, 8604712, ישראל",7.1,56.0,62.5,השיא,19,match,השיא,,partial,,,n/a,הפיסגה,289,mismatch,google_rev_at_osm_mismatch
001027-073567-01813-X,דימונה,טופח,14,,,exact,31.081009,35.041669,OK,31.081010,35.041618,"Tofakh St 14, Dimona, Israel",OK,31.081167,35.041568,"טופח, נווה חורש, חכמי ישראל, דימונה, נפת באר שבע, מחוז הדרום, 8604712, ישראל",4.8,20.0,18.0,טופח,223,partial,טופח,,partial,,,n/a,שיזף,39,mismatch,google_rev_at_osm_mismatch
001027-073567-01814-X,דימונה,חצב,24,,,exact,31.078194,35.038671,OK,31.078186,35.038632,"Khatsav St 24, Dimona, Israel",OK,31.077292,35.038835,"חצב, נאות הללי, נווה גן, דימונה, נפת באר שבע, מחוז הדרום, 8604712, ישראל",3.8,101.3,101.0,חצב,24,match,חצב,,partial,,,n/a,חצב,117,partial,
001027-073567-01815-X,דימונה,דרך הצנחנים,1068,,,none,,,OK,31.074386,35.030880,"HaTsanhanim St 1068, Dimona, Israel",ZERO_RESULTS,,,,,,,,,n/a,,,n/a,ההגנה,,mismatch,,,n/a,govmap_missing;osm_fwd_ZERO_RESULTS;osm_rev_at_google_mismatch
001027-073567-01816-X,דימונה,?,28,,,exact,31.068007,35.033421,OK,31.069419,35.033363,"Dimona, Israel",OK,32.057174,34.798753,"28, דימונה, תל־אביב–יפו, יד אליהו, תל־אביב–יפו, נפת תל אביב, מחוז תל אביב, 6767589, ישראל",156.6,111918.8,111764.3,טיילת הספורט,285,mismatch,שדרות הרצל,,mismatch,,,n/a,דימונה,28,mismatch,google_rev_at_govmap_mismatch;osm_rev_at_govmap_mismatch;google_rev_at_osm_mismatch
001027-073567-01817-X,דימונה,רחבת האשלג,25,,,exact,31.065415,35.029087,OK,31.065074,35.029358,"Rahvat HaAshlag 25, Dimona, Israel",ZERO_RESULTS,,,,45.8,,,רחבת האשלג,61,partial,הגפן,,mismatch,,,n/a,,,n/a,osm_fwd_ZERO_RESULTS;osm_rev_at_govmap_mismatch
001027-073567-01818-X,דימונה,רחבת האשלג,14,,,exact,31.065657,35.029511,OK,31.065062,35.029539,"Rahvat HaAshlag 14, Dimona, Israel",ZERO_RESULTS,,,,66.0,,,האורן,9,mismatch,האורן,,mismatch,,,n/a,,,n/a,osm_fwd_ZERO_RESULTS;google_rev_at_govmap_mismatch;osm_rev_at_govmap_mismatch
001027-073567-01819-X,דימונה,הפסגה,74,,,exact,31.069065,35.043301,OK,31.069419,35.033363,"Dimona, Israel",OK,31.072372,35.041739,"הפסגה, הגבעה, חכמי ישראל, דימונה, נפת באר שבע, מחוז הדרום, 8604712, ישראל",949.3,395.8,863.9,הפיסגה,385,mismatch,הפיסגה,,mismatch,,,n/a,המעלה,56,mismatch,google_rev_at_govmap_mismatch;osm_rev_at_govmap_mismatch;google_rev_at_osm_mismatch
001027-073567-01820-X,דימונה,שבזי שלום,12,,,exact,31.073575,35.042050,OK,31.073589,35.041996,"Shalom Shabazi St 12, Dimona, Israel",OK,31.073439,35.042237,"שלום שבזי, חכמי ישראל, דימונה, נפת באר שבע, מחוז הדרום, 8604712, ישראל",5.4,23.3,28.3,שלום שבזי,12,match,שלום שבזי,,partial,,,n/a,שלום שבזי,13,partial,
001027-074211-00254-X,דימונה,התאנה,254,,8602721,street,31.064475,35.026879,OK,31.064692,35.028272,"HaTe'ena St 254, Dimona, Israel",OK,31.064491,35.026752,"התאנה, שבעת המינים, נווה גן, דימונה, נפת באר שבע, מחוז הדרום, 8604712, ישראל",135.1,12.3,146.8,התאנה,30,partial,התאנה,,partial,,,n/a,התאנה,25,partial,
001027-073567-00266-X,דימונה,מלכה הנרי,266,,8601106,exact,31.062431,35.027471,OK,31.062461,35.027585,"Henri Malka St 266, Dimona, Israel",OK,31.062543,35.027230,"הנרי מלכה, ערבה, נווה גן, דימונה, נפת באר שבע, מחוז הדרום, 8604712, ישראל",11.4,26.1,35.1,הנרי מלכה,6,partial,הנרי מלכה,,partial,,,n/a,,,n/a,
001027-073567-00266-א,דימונה,מלכה הנרי,266,א,8601107,exact,31.062431,35.027471,OK,31.062461,35.027585,"Henri Malka St 266, Dimona, Israel",OK,31.062543,35.027230,"הנרי מלכה, ערבה, נווה גן, דימונה, נפת באר שבע, מחוז הדרום, 8604712, ישראל",11.4,26.1,35.1,הנרי מלכה,6,partial,הנרי מלכה,,partial,,,n/a,,,n/a,
001027-073567-00266-ב,דימונה,מלכה הנרי,266,ב,8601108,exact,31.062431,35.027471,OK,31.062461,35.027585,"Henri Malka St 266, Dimona, Israel",OK,31.062543,35.027230,"הנרי מלכה, ערבה, נווה גן, דימונה, נפת באר שבע, מחוז הדרום, 8604712, ישראל",11.4,26.1,35.1,הנרי מלכה,6,partial,הנרי מלכה,,partial,,,n/a,,,n/a,
001027-073567-00266-ג,דימונה,מלכה הנרי,266,ג,8601109,exact,31.062431,35.027471,OK,31.062461,35.027585,"Henri Malka St 266, Dimona, Israel",OK,31.062543,35.027230,"הנרי מלכה, ערבה, נווה גן, דימונה, נפת באר שבע, מחוז הדרום, 8604712, ישראל",11.4,26.1,35.1,הנרי מלכה,6,partial,הנרי מלכה,,partial,,,n/a,,,n/a,
001027-082204-00277-X,דימונה,הסנהדרין,277,,8604419,exact,31.064284,35.038580,OK,31.069419,35.033363,"Dimona, Israel",OK,31.064469,35.038259,"הסנהדרין, גיורא יוספטל, נווה גן, דימונה, נפת באר שבע, מחוז הדרום, 8604712, ישראל",756.4,36.9,720.9,יגאל אלון,227,mismatch,הסנהדרין,,partial,,,n/a,רחבת סנהדרין,274,mismatch,google_rev_at_govmap_mismatch;google_rev_at_osm_mismatch
001027-082204-00277-ג,דימונה,הסנהדרין,277,ג,8604422,exact,31.064284,35.038580,OK,31.069419,35.033363,"Dimona, Israel",OK,31.064469,35.038259,"הסנהדרין, גיורא יוספטל, נווה גן, דימונה, נפת באר שבע, מחוז הדרום, 8604712, ישראל",756.4,36.9,720.9,יגאל אלון,227,mismatch,הסנהדרין,,partial,,,n/a,רחבת סנהדרין,274,mismatch,google_rev_at_govmap_mismatch;google_rev_at_osm_mismatch
001027-082204-00277-ד,דימונה,הסנהדרין,277,ד,8604423,exact,31.064284,35.038580,OK,31.069419,35.033363,"Dimona, Israel",OK,31.064469,35.038259,"הסנהדרין, גיורא יוספטל, נווה גן, דימונה, נפת באר שבע, מחוז הדרום, 8604712, ישראל",756.4,36.9,720.9,יגאל אלון,227,mismatch,הסנהדרין,,partial,,,n/a,רחבת סנהדרין,274,mismatch,google_rev_at_govmap_mismatch;google_rev_at_osm_mismatch
001027-077042-00154-X,דימונה,מצדה,154,,8601221,street,31.061379,35.031181,OK,31.061391,35.031087,"Mesada St, Dimona, Israel",OK,31.061408,35.030977,"מצדה, ערבה, נווה גן, דימונה, נפת באר שבע, מחוז הדרום, 8604712, ישראל",9.1,19.8,10.7,מצדה,20,partial,מצדה,,partial,,,n/a,מצדה,18,partial,
001027-074730-00566-X,דימונה,האשל,566,,8602516,street,31.066532,35.030096,OK,31.066657,35.029601,"HaEshel St, Dimona, Israel",OK,31.066610,35.029793,"האשל, שבעת המינים, נווה גן, דימונה, נפת באר שבע, מחוז הדרום, 8604712, ישראל",49.2,30.2,19.1,האשל,10,partial,האשל,,partial,,,n/a,האשל,206,partial,
001027-073567-01826-X,דימונה,"רחבת הנח""ל",4,,,none,,,OK,31.075833,35.030363,"HaNahal St 4, Dimona, Israel",ZERO_RESULTS,,,,,,,,,n/a,,,n/a,"הנח""ל",,partial,,,n/a,govmap_missing;osm_fwd_ZERO_RESULTS
001027-073567-01827-X,דימונה,מבצע עובדה,1014,,,none,,,OK,31.073041,35.030685,"Mivtsa Uvda St 1014, Dimona, Israel",OK,31.071922,35.031226,"המעפיל/מבצע עובדה, המעפיל, הנצחון, נווה גן, דימונה, נפת באר שבע, מחוז הדרום, 8604712, ישראל",,,134.4,,,n/a,,,n/a,ההגנה,,mismatch,,,mismatch,govmap_missing;osm_rev_at_google_mismatch;google_rev_at_osm_mismatch
001027-073567-01828-X,דימונה,הרימון,16,,,exact,31.064132,35.027370,OK,31.064160,35.027324,"Ha-Rimon St 16, Dimona, Israel",OK,31.063935,35.026963,"הרימון, שבעת המינים, נווה גן, דימונה, נפת באר שבע, מחוז הדרום, 8604712, ישראל",5.4,44.6,42.6,הרימון,196,partial,הרימון,,partial,,,n/a,הרימון,199,partial,
001027-073567-01829-X,דימונה,הרימון,14,,,exact,31.064163,35.027583,OK,31.064188,35.027544,"Ha-Rimon St 14, Dimona, Israel",OK,31.063935,35.026963,"הרימון, שבעת המינים, נווה גן, דימונה, נפת באר שבע, מחוז הדרום, 8604712, ישראל",4.6,64.3,62.2,הרימון,189,partial,הרימון,,partial,,,n/a,הרימון,199,partial,
001027-075911-00366-X,דימונה,הרימון,366,,8610535,street,31.063893,35.026884,OK,31.063876,35.026863,"Ha-Rimon St, Dimona, Israel",OK,31.063935,35.026963,"הרימון, שבעת המינים, נווה גן, דימונה, נפת באר שבע, מחוז הדרום, 8604712, ישראל",2.7,8.9,11.6,הרימון,199,partial,הרימון,,partial,,,n/a,הרימון,199,partial,
001027-073567-01831-X,דימונה,מבצע חורב,14,,,exact,31.073669,35.028736,OK,31.073823,35.029571,"Mivtsa Khorev St 14, Dimona, Israel",ZERO_RESULTS,,,,81.5,,,משעול רוגל,15,mismatch,ארז,,mismatch,,,n/a,,,n/a,osm_fwd_ZERO_RESULTS;google_rev_at_govmap_mismatch;osm_rev_at_govmap_mismatch
001027-073567-01832-X,דימונה,שד הנשיא,20,,,exact,31.061502,35.028124,OK,31.062513,35.030781,"Sderot HaNassi 20, Dimona, Israel",ZERO_RESULTS,,,,277.2,,,,,mismatch,שדרות אריאל שרון,,mismatch,,,n/a,,,n/a,osm_fwd_ZERO_RESULTS;google_rev_at_govmap_mismatch;osm_rev_at_govmap_mismatch
001027-073567-01833-X,דימונה,דפנה,27,,,exact,31.079812,35.040782,OK,31.079820,35.040777,"Dafna St 27, Dimona, Israel",OK,31.079667,35.040288,"דפנה, נווה חורש, חכמי ישראל, דימונה, נפת באר שבע, מחוז הדרום, 8604712, ישראל",1.0,49.8,49.6,דפנה,47,partial,דפנה,,partial,,,n/a,דפנה,44,partial,
001027-073567-01834-X,דימונה,כליל החורש,9,,,exact,31.077885,35.041437,OK,31.077851,35.041428,"Klil Hahoresh St 9, Dimona, Israel",OK,31.077470,35.041650,"כליל החורש, נווה חורש, חכמי ישראל, דימונה, נפת באר שבע, מחוז הדרום, 8604712, ישראל",3.9,50.3,47.3,כליל החורש,11,partial,כליל החורש,,partial,,,n/a,סחלבן החורש,27,partial,
001027-073567-01835-X,דימונה,חרוב,42,,,exact,31.080673,35.043138,OK,31.080686,35.043067,"Kharuv St 42, Dimona, Israel",OK,31.080232,35.041284,"חרוב, נווה חורש, חכמי ישראל, דימונה, נפת באר שבע, מחוז הדרום, 8604712, ישראל",6.9,183.5,177.4,חרוב,180,partial,חרוב,,partial,,,n/a,חרוב,230,partial,
001027-083571-01327-X,דימונה,שד בן גוריון,1327,,8607690,street,31.072330,35.034539,OK,31.073933,35.034726,"דוד בן גוריון, Dimona, Israel",ZERO_RESULTS,,,,178.6,,,דרך דוד בן גוריון,1065,partial,בן גוריון,1203,partial,,,n/a,,,n/a,osm_fwd_ZERO_RESULTS
001027-083571-01327-א,דימונה,שד בן גוריון,1327,א,8607691,street,31.072330,35.034539,OK,31.073933,35.034726,"דוד בן גוריון, Dimona, Israel",ZERO_RESULTS,,,,178.6,,,דרך דוד בן גוריון,1065,partial,בן גוריון,1203,partial,,,n/a,,,n/a,osm_fwd_ZERO_RESULTS
001027-083571-01327-ג,דימונה,שד בן גוריון,1327,ג,8607693,street,31.072330,35.034539,OK,31.073933,35.034726,"דוד בן גוריון, Dimona, Israel",ZERO_RESULTS,,,,178.6,,,דרך דוד בן גוריון,1065,partial,בן גוריון,1203,partial,,,n/a,,,n/a,osm_fwd_ZERO_RESULTS
001027-083571-01327-ד,דימונה,שד בן גוריון,1327,ד,8607694,street,31.072330,35.034539,OK,31.073933,35.034726,"דוד בן גוריון, Dimona, Israel",ZERO_RESULTS,,,,178.6,,,דרך דוד בן גוריון,1065,partial,בן גוריון,1203,partial,,,n/a,,,n/a,osm_fwd_ZERO_RESULTS
001027-073567-01837-X,דימונה,הגפן,11,,,exact,31.065112,35.027576,OK,31.065074,35.027513,"HaGefen St 11, Dimona, Israel",OK,31.064918,35.025862,"הגפן, שבעת המינים, נווה גן, דימונה, נפת באר שבע, מחוז הדרום, 8604712, ישראל",7.3,165.0,158.5,הגפן,9,partial,הגפן,,partial,,,n/a,הגפן,34,partial,
001027-073567-01838-X,דימונה,חטיבת אלכסנדרוני,4083,,,none,,,OK,31.076087,35.030152,"Hativat Alexandroni St, Dimona, Israel",OK,31.076119,35.030122,"חטיבת אלכסנדרוני, נווה דוד, נווה גן, דימונה, נפת באר שבע, מחוז הדרום, 8604712, ישראל",,,4.5,,,n/a,,,n/a,חטיבת אלכסנדרוני,,partial,חטיבת אלכסנדרוני,86,partial,govmap_missing
001027-073567-01839-X,דימונה,יודפת,10,,,exact,31.055788,35.035292,OK,31.055746,35.035300,"Yodfat St 10, Dimona, Israel",OK,31.055625,35.035432,"יודפת, ממשית, דימונה, נפת באר שבע, מחוז הדרום, 8604712, ישראל",4.7,22.4,18.4,יודפת,12,partial,יודפת,,partial,,,n/a,יודפת,14,partial,
001027-073567-01840-X,דימונה,חצב,5,,,exact,31.077863,35.039137,OK,31.077879,35.039113,"Khatsav St 5, Dimona, Israel",OK,31.077292,35.038835,"חצב, נאות הללי, נווה גן, דימונה, נפת באר שבע, מחוז הדרום, 8604712, ישראל",2.9,69.6,70.3,חצב,5,match,חצב,,partial,,,n/a,חצב,117,partial,
001027-073567-01841-X,דימונה,שד הנשיא,192,,,none,,,OK,31.065397,35.032191,"Sderot HaNassi 192, Dimona, Israel",ZERO_RESULTS,,,,,,,,,n/a,,,n/a,שדרות אריאל שרון,,mismatch,,,n/a,govmap_missing;osm_fwd_ZERO_RESULTS;osm_rev_at_google_mismatch
001027-073567-01842-X,דימונה,חרוב,11,,,exact,31.080433,35.040265,OK,31.080430,35.040246,"Kharuv St 11, Dimona, Israel",OK,31.080296,35.042233,"חרוב, נווה חורש, חכמי ישראל, דימונה, נפת באר שבע, מחוז הדרום, 8604712, ישראל",1.8,188.4,190.2,חרוב,235,partial,חרוב,,partial,,,n/a,אקליפטוס,28,mismatch,google_rev_at_osm_mismatch
001027-073567-01843-X,דימונה,המעפיל,84,,,exact,31.070532,35.041585,OK,31.070551,35.041557,"HaMa'apil St 84, Dimona, Israel",OK,31.071021,35.041333,"המעפיל, הגבעה, נווה גן, דימונה, נפת באר שבע, מחוז הדרום, 8604712, ישראל",3.5,59.4,56.3,המעפיל,100,partial,המעפיל,,partial,,,n/a,המעפיל,13,partial,
001027-083633-00143-X,דימונה,דרך השלום,143,,8607706,street,31.073322,35.036527,OK,31.074350,35.038121,"Derech HaShalom 143, Dimona, Israel",ZERO_RESULTS,,,,190.1,,,דרך השלום,28,partial,נבטים,,mismatch,,,n/a,,,n/a,osm_fwd_ZERO_RESULTS;osm_rev_at_govmap_mismatch
001027-073567-01845-X,דימונה,העליה,6,,,exact,31.066215,35.040260,OK,31.066209,35.040161,"Aliya St 6, Dimona, Israel",ZERO_RESULTS,,,,9.4,,,עבדת,1633,mismatch,עלייה,,mismatch,,,n/a,,,n/a,osm_fwd_ZERO_RESULTS;google_rev_at_govmap_mismatch;osm_rev_at_govmap_mismatch
001027-073567-01846-X,דימונה,דרך השלום,40,,,exact,31.073517,35.037420,OK,31.073494,35.037393,"Derech HaShalom 40, Dimona, Israel",ZERO_RESULTS,,,,3.6,,,דרך השלום,144,partial,נבטים,,mismatch,,,n/a,,,n/a,osm_fwd_ZERO_RESULTS;osm_rev_at_govmap_mismatch
001027-075911-00360-X,דימונה,הרימון,360,,8610532,street,31.063893,35.026884,OK,31.063876,35.026863,"Ha-Rimon St, Dimona, Israel",OK,31.063935,35.026963,"הרימון, שבעת המינים, נווה גן, דימונה, נפת באר שבע, מחוז הדרום, 8604712, ישראל",2.7,8.9,11.6,הרימון,199,partial,הרימון,,partial,,,n/a,הרימון,199,partial,
001027-075677-00349-X,דימונה,השבלים,349,,8602763,street,31.063481,35.028138,OK,31.063498,35.028210,"Ha-Shibolim St, Dimona, Israel",ZERO_RESULTS,,,,7.1,,,השיבולים,29,mismatch,השיבולים,,mismatch,,,n/a,,,n/a,osm_fwd_ZERO_RESULTS;google_rev_at_govmap_mismatch;osm_rev_at_govmap_mismatch
001027-073567-01849-X,דימונה,ציפורן,10,,,exact,31.081157,35.038305,OK,31.081158,35.038205,"Tsiporen St 10, Dimona, Israel",OK,31.080857,35.039458,"ציפורן, נווה חורש, חכמי ישראל, דימונה, נפת באר שבע, מחוז הדרום, 8604712, ישראל",9.6,115.0,124.2,ציפורן,10,match,ציפורן,,partial,,,n/a,ציפורן,26,partial,
001027-082696-00776-X,דימונה,היורה,776,,8601228,street,31.059848,35.032720,OK,31.060384,35.033089,"Ha-Yore St, Dimona, Israel",OK,31.059906,35.032817,"היורה, ערבה, נווה גן, דימונה, נפת באר שבע, מחוז הדרום, 8604712, ישראל",69.1,11.3,59.1,היורה,12-20,partial,היורה,,partial,,,n/a,היורה,13,partial,
001027-074211-00382-X,דימונה,התאנה,382,,8602749,street,31.064475,35.026879,OK,31.064692,35.028272,"HaTe'ena St 382, Dimona, Israel",OK,31.064491,35.026752,"התאנה, שבעת המינים, נווה גן, דימונה, נפת באר שבע, מחוז הדרום, 8604712, ישראל",135.1,12.3,146.8,התאנה,30,partial,התאנה,,partial,,,n/a,התאנה,25,partial,
001027-073567-01852-X,דימונה,ציפורן,21,,,none,,,OK,31.080971,35.039735,"Tsiporen St 21, Dimona, Israel",OK,31.080857,35.039458,"ציפורן, נווה חורש, חכמי ישראל, דימונה, נפת באר שבע, מחוז הדרום, 8604712, ישראל",,,29.3,,,n/a,,,n/a,ציפורן,,partial,ציפורן,26,partial,govmap_missing
001027-073567-01853-X,דימונה,הר תבור,6,,,exact,31.086289,35.039371,OK,31.086377,35.039221,"Tavor St 6, Dimona, Israel",OK,31.086322,35.039263,"הר תבור, חכמי ישראל, דימונה, נפת באר שבע, מחוז הדרום, 8604712, ישראל",17.3,10.9,7.3,,,mismatch,הר תבור,,partial,,,n/a,,,mismatch,google_rev_at_govmap_mismatch;google_rev_at_osm_mismatch
001027-085148-00131-X,דימונה,נתיב הצפורים,131,,8607501,none,,,OK,31.074630,35.037224,"Netiv Hatsiporim 131, Dimona, Israel",ZERO_RESULTS,,,,,,,,,n/a,,,n/a,מרחבים,,mismatch,,,n/a,govmap_missing;osm_fwd_ZERO_RESULTS;osm_rev_at_google_mismatch
001027-073567-01855-X,דימונה,מונפור,9,,,none,,,OK,31.054888,35.035642,"Monfor St 9, Dimona, Israel",OK,31.054811,35.035305,"מונפור, ממשית, דימונה, נפת באר שבע, מחוז הדרום, 8604712, ישראל",,,33.3,,,n/a,,,n/a,יודפת,,mismatch,,,mismatch,govmap_missing;osm_rev_at_google_mismatch;google_rev_at_osm_mismatch
001027-073567-01856-X,דימונה,בת חן,17,,,exact,31.075914,35.033833,OK,31.075823,35.033801,"Bat Khen St 17, Dimona, Israel",OK,31.075768,35.033082,"בת חן, נווה אביב, נווה גן, דימונה, נפת באר שבע, מחוז הדרום, 8604712, ישראל",10.5,73.4,68.9,בת חן,17,match,בת חן,,partial,,,n/a,בת חן,10,partial,
001027-073567-01857-X,דימונה,קטלב,8,,,none,,,OK,31.078433,35.039857,"Ktalav St 8, Dimona, Israel",OK,31.078015,35.039631,"קטלב, נווה חורש, חכמי ישראל, דימונה, נפת באר שבע, מחוז הדרום, 8604712, ישראל",,,51.1,,,n/a,,,n/a,מורן החורש,,mismatch,קטלב,253,partial,govmap_missing;osm_rev_at_google_mismatch
001027-073567-01858-X,דימונה,צפצפה,9,,,exact,31.080976,35.038005,OK,31.080981,35.038030,"Tsaftsafa St 9, Dimona, Israel",OK,31.081025,35.037767,"צפצפה, נאות הללי, נווה גן, דימונה, נפת באר שבע, מחוז הדרום, 8604712, ישראל",2.5,23.3,25.5,צפצפה,9,match,צפצפה,,partial,,,n/a,צפצפה,169,partial,
001027-073567-01859-X,דימונה,הגפן,13,,,exact,31.065132,35.027483,OK,31.065058,35.027384,"HaGefen St 13, Dimona, Israel",OK,31.064918,35.025862,"הגפן, שבעת המינים, נווה גן, דימונה, נפת באר שבע, מחוז הדרום, 8604712, ישראל",12.5,156.5,146.1,הגפן,11,partial,הגפן,,partial,,,n/a,הגפן,34,partial,
001027-073567-01860-X,דימונה,שד הנשיא,3,,,none,,,OK,31.062955,35.030530,"Sderot HaNassi 3, Dimona, Israel",ZERO_RESULTS,,,,,,,,,n/a,,,n/a,שדרות אריאל שרון,,mismatch,,,n/a,govmap_missing;osm_fwd_ZERO_RESULTS;osm_rev_at_google_mismatch
001027-073567-01861-X,דימונה,דרך השלום,13,,,exact,31.073196,35.035564,OK,31.073156,35.035412,"Derech HaShalom 13, Dimona, Israel",ZERO_RESULTS,,,,15.2,,,דרך השלום,17,partial,בן גוריון,1203,mismatch,,,n/a,,,n/a,osm_fwd_ZERO_RESULTS;osm_rev_at_govmap_mismatch
001027-073567-01862-X,דימונה,השיריון,4086,,,none,,,OK,31.075785,35.028872,"Ha-Shiryon St, Dimona, Israel",ZERO_RESULTS,,,,,,,,,n/a,,,n/a,השריון,,mismatch,,,n/a,govmap_missing;osm_fwd_ZERO_RESULTS;osm_rev_at_google_mismatch
001027-073567-01863-X,דימונה,?,26,,,exact,31.068032,35.033546,OK,31.069419,35.033363,"Dimona, Israel",OK,32.056989,34.798747,"26, דימונה, תל־אביב–יפו, יד אליהו, תל־אביב–יפו, נפת תל אביב, מחוז תל אביב, 6767589, ישראל",154.8,111898.5,111744.3,טיילת הספורט,285,mismatch,שדרות הרצל,,mismatch,,,n/a,דימונה,26,mismatch,google_rev_at_govmap_mismatch;osm_rev_at_govmap_mismatch;google_rev_at_osm_mismatch
001027-083571-01102-X,דימונה,שד בן גוריון,1102,,8607672,street,31.072330,35.034539,OK,31.073933,35.034726,"דוד בן גוריון, Dimona, Israel",ZERO_RESULTS,,,,178.6,,,דרך דוד בן גוריון,1065,partial,בן גוריון,1203,partial,,,n/a,,,n/a,osm_fwd_ZERO_RESULTS
001027-073567-01865-X,דימונה,אשחר,11,,,exact,31.078160,35.042906,OK,31.078091,35.042865,"Esh'har St 11, Dimona, Israel",OK,31.078011,35.043457,"אשחר, נווה חורש, חכמי ישראל, דימונה, נפת באר שבע, מחוז הדרום, 8604712, ישראל",8.6,55.1,57.2,אשחר,121,partial,אשחר,,partial,,,n/a,אשחר,23,partial,
001027-073567-01866-X,דימונה,המעפיל,15,,,exact,31.072075,35.033824,OK,31.070717,35.041467,"HaMa'apil St 15, Dimona, Israel",OK,31.071021,35.041333,"המעפיל, הגבעה, נווה גן, דימונה, נפת באר שבע, מחוז הדרום, 8604712, ישראל",744.8,726.1,36.1,המעפיל,1066,partial,המעפיל,,partial,,,n/a,המעפיל,13,partial,
001027-073567-01867-X,דימונה,המעפיל,2,,,exact,31.071285,35.030296,OK,31.071811,35.039315,"HaMa'apil St 2, Dimona, Israel",OK,31.071971,35.033195,"המעפיל, הנצחון, נווה גן, דימונה, נפת באר שבע, מחוז הדרום, 8604712, ישראל",862.8,287.0,584.3,יצחק צוקרמן,1011,mismatch,יצחק צוקרמן,1012,mismatch,,,n/a,טיילת הספורט,1056,mismatch,google_rev_at_govmap_mismatch;osm_rev_at_govmap_mismatch;google_rev_at_osm_mismatch
001027-073567-01868-X,דימונה,המעפיל,14,,,exact,31.071727,35.033612,OK,31.070814,35.041361,"HaMa'apil St 14, Dimona, Israel",OK,31.071913,35.033190,"המעפיל, הנצחון, נווה גן, דימונה, נפת באר שבע, מחוז הדרום, 8604712, ישראל",746.5,45.2,789.3,המעפיל,1056,partial,המעפיל,,partial,,,n/a,טיילת הספורט,1056,mismatch,google_rev_at_osm_mismatch
001027-073567-01869-X,דימונה,שיזף,51,,,exact,31.082160,35.040391,OK,31.082138,35.040293,"Sheizaf St 51, Dimona, Israel",OK,31.079787,35.043578,"שיזף, נווה חורש, חכמי ישראל, דימונה, נפת באר שבע, מחוז הדרום, 8604712, ישראל",9.7,402.2,407.7,שיזף,51,match,שיזף,,partial,,,n/a,,,mismatch,google_rev_at_osm_mismatch
001027-073567-01870-X,דימונה,הפסגה,83,,,exact,31.070419,35.043618,OK,31.069419,35.033363,"Dimona, Israel",OK,31.072372,35.041739,"הפסגה, הגבעה, חכמי ישראל, דימונה, נפת באר שבע, מחוז הדרום, 8604712, ישראל",985.1,281.2,863.9,הפיסגה,265,mismatch,הפסגה,,partial,,,n/a,המעלה,56,mismatch,google_rev_at_govmap_mismatch;google_rev_at_osm_mismatch
001027-073567-01871-X,דימונה,שיזף,172,,,exact,31.080595,35.035727,OK,31.080619,35.035513,"Sheizaf St 172, Dimona, Israel",OK,31.079787,35.043578,"שיזף, נווה חורש, חכמי ישראל, דימונה, נפת באר שבע, מחוז הדרום, 8604712, ישראל",20.6,754.5,775.2,שיזף,170,partial,אלה,,mismatch,,,n/a,,,mismatch,osm_rev_at_govmap_mismatch;google_rev_at_osm_mismatch
001027-077164-00725-X,דימונה,הכלנית,725,,8603702,street,31.062077,35.031329,OK,31.061740,35.031327,"Kalanit St, Dimona, Israel",ZERO_RESULTS,,,,37.3,,,כלנית,9,mismatch,כלנית,,mismatch,,,n/a,,,n/a,osm_fwd_ZERO_RESULTS;google_rev_at_govmap_mismatch;osm_rev_at_govmap_mismatch
001027-084092-01177-X,דימונה,השלוה,1177,,8613809,street,31.073399,35.038496,OK,31.073385,35.038516,"Ha-Shalva St, Dimona, Israel",ZERO_RESULTS,,,,2.4,,,אברהם עופר,10,mismatch,השלווה,,mismatch,,,n/a,,,n/a,osm_fwd_ZERO_RESULTS;google_rev_at_govmap_mismatch;osm_rev_at_govmap_mismatch
001027-073567-01874-X,דימונה,נתן הנביא,2,,,exact,31.079222,35.035403,OK,31.079188,35.035344,"Natan HaNavi St 2, Dimona, Israel",OK,31.079074,35.035259,"נתן הנביא, נאות הללי, נווה גן, דימונה, נפת באר שבע, מחוז הדרום, 8604712, ישראל",6.8,21.4,15.0,נתן הנביא,2,match,נתן הנביא,,partial,,,n/a,נתן הנביא,2,match,
001027-073567-01875-X,דימונה,שד הנשיא,40,,,exact,31.062401,35.030645,OK,31.064063,35.030692,"Sderot HaNassi 40, Dimona, Israel",ZERO_RESULTS,,,,184.3,,,שדרות הנשיא,20,partial,כלנית,,mismatch,,,n/a,,,n/a,osm_fwd_ZERO_RESULTS;osm_rev_at_govmap_mismatch
001027-073567-01876-X,דימונה,ירושלים,18,,,exact,31.057571,35.038963,OK,31.057654,35.039586,"Jerusalem St 18, Dimona, Israel",OK,31.057057,35.041159,"ירושלים, ממשית, נווה גן, דימונה, נפת באר שבע, מחוז הדרום, 8604712, ישראל",60.2,217.2,164.1,קיסריה,21,mismatch,ירושלים,,partial,,,n/a,תל חמה,21,mismatch,google_rev_at_govmap_mismatch;google_rev_at_osm_mismatch
001027-073567-01877-X,דימונה,כורזין,4,,,exact,31.055082,35.038894,OK,31.055138,35.038851,"Korazin St 4, Dimona, Israel",OK,31.055074,35.039466,"כורזין, ממשית, דימונה, נפת באר שבע, מחוז הדרום, 8604712, ישראל",7.4,54.6,59.1,כורזין,124,partial,כורזין,,partial,,,n/a,כורזין,120,partial,
001027-073567-01878-X,דימונה,הרימון,19,,,exact,31.063541,35.026162,OK,31.063540,35.026061,"Ha-Rimon St 19, Dimona, Israel",OK,31.063935,35.026963,"הרימון, שבעת המינים, נווה גן, דימונה, נפת באר שבע, מחוז הדרום, 8604712, ישראל",9.7,88.0,96.6,הרימון,234,partial,הרימון,,partial,,,n/a,הרימון,199,partial,
001027-073567-01879-X,דימונה,ברקן,17,,,exact,31.079258,35.040602,OK,31.079249,35.040539,"Barkan St 17, Dimona, Israel",OK,31.079158,35.040286,"ברקן, נווה חורש, חכמי ישראל, דימונה, נפת באר שבע, מחוז הדרום, 8604712, ישראל",6.1,32.1,26.2,ברקן,19,partial,ברקן,,partial,,,n/a,ברקן,13,partial,
001027-083704-01328-X,דימונה,מרחבים,1328,,8616708,street,31.074857,35.037212,OK,31.075349,35.039226,"Merhavim St 1328, Dimona, Israel",OK,31.075094,35.039115,"מרחבים, הגבעה, נווה גן, דימונה, נפת באר שבע, מחוז הדרום, 8604712, ישראל",199.8,183.5,30.2,מרחבים,0,partial,מרחבים,1321,partial,,,n/a,מרחבים,1329,partial,
001027-073567-01881-X,דימונה,דרך השלום,10,,,exact,31.072904,35.035549,OK,31.072895,35.035472,"Derech HaShalom 10, Dimona, Israel",ZERO_RESULTS,,,,7.4,,,דרך השלום,10,match,נבטים,1204,mismatch,,,n/a,,,n/a,osm_fwd_ZERO_RESULTS;osm_rev_at_govmap_mismatch
001027-077164-00754-X,דימונה,הכלנית,754,,8603723,street,31.062077,35.031329,OK,31.061740,35.031327,"Kalanit St, Dimona, Israel",ZERO_RESULTS,,,,37.3,,,כלנית,9,mismatch,כלנית,,mismatch,,,n/a,,,n/a,osm_fwd_ZERO_RESULTS;google_rev_at_govmap_mismatch;osm_rev_at_govmap_mismatch
001027-073567-01883-X,דימונה,הר כרמל,20,,,exact,31.086028,35.037244,OK,31.085796,35.037553,"Carmel St 20, Dimona, Israel",OK,31.085597,35.038384,"הר כרמל, חכמי ישראל, דימונה, נפת באר שבע, מחוז הדרום, 8604712, ישראל",39.1,118.8,82.3,,,mismatch,הר כרמל,,partial,,,n/a,,,mismatch,google_rev_at_govmap_mismatch;google_rev_at_osm_mismatch
001027-073567-01884-X,דימונה,"רחבת הנח""ל",1,,,none,,,OK,31.076005,35.030213,"HaNahal St 1, Dimona, Israel",ZERO_RESULTS,,,,,,,,,n/a,,,n/a,חטיבת אלכסנדרוני,,mismatch,,,n/a,govmap_missing;osm_fwd_ZERO_RESULTS;osm_rev_at_google_mismatch
001027-073567-01885-X,דימונה,אשחר,21,,,exact,31.078178,35.043451,OK,31.078137,35.043418,"Esh'har St 21, Dimona, Israel",OK,31.078011,35.043457,"אשחר, נווה חורש, חכמי ישראל, דימונה, נפת באר שבע, מחוז הדרום, 8604712, ישראל",5.5,18.5,14.5,אשחר,21,match,אשחר,,partial,,,n/a,אשחר,23,partial,
001027-083571-01044-X,דימונה,שד בן גוריון,1044,,8613901,street,31.072330,35.034539,OK,31.073933,35.034726,"דוד בן גוריון, Dimona, Israel",ZERO_RESULTS,,,,178.6,,,דרך דוד בן גוריון,1065,partial,בן גוריון,1203,partial,,,n/a,,,n/a,osm_fwd_ZERO_RESULTS
001027-083571-01044-א,דימונה,שד בן גוריון,1044,א,8613902,street,31.072330,35.034539,OK,31.073933,35.034726,"דוד בן גוריון, Dimona, Israel",ZERO_RESULTS,,,,178.6,,,דרך דוד בן גוריון,1065,partial,בן גוריון,1203,partial,,,n/a,,,n/a,osm_fwd_ZERO_RESULTS
001027-083571-01044-ב,דימונה,שד בן גוריון,1044,ב,8613903,street,31.072330,35.034539,OK,31.073933,35.034726,"דוד בן גוריון, Dimona, Israel",ZERO_RESULTS,,,,178.6,,,דרך דוד בן גוריון,1065,partial,בן גוריון,1203,partial,,,n/a,,,n/a,osm_fwd_ZERO_RESULTS
001027-083571-01044-ג,דימונה,שד בן גוריון,1044,ג,8613904,street,31.072330,35.034539,OK,31.073933,35.034726,"דוד בן גוריון, Dimona, Israel",ZERO_RESULTS,,,,178.6,,,דרך דוד בן גוריון,1065,partial,בן גוריון,1203,partial,,,n/a,,,n/a,osm_fwd_ZERO_RESULTS
001027-083571-01044-ד,דימונה,שד בן גוריון,1044,ד,8613905,street,31.072330,35.034539,OK,31.073933,35.034726,"דוד בן גוריון, Dimona, Israel",ZERO_RESULTS,,,,178.6,,,דרך דוד בן גוריון,1065,partial,בן גוריון,1203,partial,,,n/a,,,n/a,osm_fwd_ZERO_RESULTS
001027-083571-01044-ו,דימונה,שד בן גוריון,1044,ו,8613907,street,31.072330,35.034539,OK,31.073933,35.034726,"דוד בן גוריון, Dimona, Israel",ZERO_RESULTS,,,,178.6,,,דרך דוד בן גוריון,1065,partial,בן גוריון,1203,partial,,,n/a,,,n/a,osm_fwd_ZERO_RESULTS
001027-075520-01022-X,דימונה,שד גולדה מאיר,1022,,8605844,street,31.074634,35.031562,OK,31.069989,35.031874,"Sderot Golda Me'ir 1022, Dimona, Israel",OK,31.068233,35.032140,"שד׳ גולדה מאיר/שד׳ הרצל, שדרות גולדה מאיר, הנצחון, נווה גן, דימונה, נפת באר שבע, מחוז הדרום, 8604712, ישראל",515.9,711.9,196.4,שדרות גולדה מאיר,1,partial,שדרות גולדה מאיר,,partial,,,n/a,,,mismatch,google_rev_at_osm_mismatch
001027-075520-01022-א,דימונה,שד גולדה מאיר,1022,א,8605845,street,31.074634,35.031562,OK,31.069989,35.031874,"Sderot Golda Me'ir 1022, Dimona, Israel",OK,31.068233,35.032140,"שד׳ גולדה מאיר/שד׳ הרצל, שדרות גולדה מאיר, הנצחון, נווה גן, דימונה, נפת באר שבע, מחוז הדרום, 8604712, ישראל",515.9,711.9,196.4,שדרות גולדה מאיר,1,partial,שדרות גולדה מאיר,,partial,,,n/a,,,mismatch,google_rev_at_osm_mismatch
001027-075520-01022-ג,דימונה,שד גולדה מאיר,1022,ג,8605847,street,31.074634,35.031562,OK,31.069989,35.031874,"Sderot Golda Me'ir 1022, Dimona, Israel",OK,31.068233,35.032140,"שד׳ גולדה מאיר/שד׳ הרצל, שדרות גולדה מאיר, הנצחון, נווה גן, דימונה, נפת באר שבע, מחוז הדרום, 8604712, ישראל",515.9,711.9,196.4,שדרות גולדה מאיר,1,partial,שדרות גולדה מאיר,,partial,,,n/a,,,mismatch,google_rev_at_osm_mismatch
001027-075520-01022-ד,דימונה,שד גולדה מאיר,1022,ד,8605848,street,31.074634,35.031562,OK,31.069989,35.031874,"Sderot Golda Me'ir 1022, Dimona, Israel",OK,31.068233,35.032140,"שד׳ גולדה מאיר/שד׳ הרצל, שדרות גולדה מאיר, הנצחון, נווה גן, דימונה, נפת באר שבע, מחוז הדרום, 8604712, ישראל",515.9,711.9,196.4,שדרות גולדה מאיר,1,partial,שדרות גולדה מאיר,,partial,,,n/a,,,mismatch,google_rev_at_osm_mismatch
001027-075520-01022-ה,דימונה,שד גולדה מאיר,1022,ה,8605849,street,31.074634,35.031562,OK,31.069989,35.031874,"Sderot Golda Me'ir 1022, Dimona, Israel",OK,31.068233,35.032140,"שד׳ גולדה מאיר/שד׳ הרצל, שדרות גולדה מאיר, הנצחון, נווה גן, דימונה, נפת באר שבע, מחוז הדרום, 8604712, ישראל",515.9,711.9,196.4,שדרות גולדה מאיר,1,partial,שדרות גולדה מאיר,,partial,,,n/a,,,mismatch,google_rev_at_osm_mismatch
001027-075520-01022-ו,דימונה,שד גולדה מאיר,1022,ו,8605850,street,31.074634,35.031562,OK,31.069989,35.031874,"Sderot Golda Me'ir 1022, Dimona, Israel",OK,31.068233,35.032140,"שד׳ גולדה מאיר/שד׳ הרצל, שדרות גולדה מאיר, הנצחון, נווה גן, דימונה, נפת באר שבע, מחוז הדרום, 8604712, ישראל",515.9,711.9,196.4,שדרות גולדה מאיר,1,partial,שדרות גולדה מאיר,,partial,,,n/a,,,mismatch,google_rev_at_osm_mismatch
001027-073567-01888-X,דימונה,ציפורן,3,,,exact,31.081687,35.038094,OK,31.081683,35.038076,"Tsiporen St 3, Dimona, Israel",OK,31.080857,35.039458,"ציפורן, נווה חורש, חכמי ישראל, דימונה, נפת באר שבע, מחוז הדרום, 8604712, ישראל",1.8,159.4,160.6,ציפורן,3,match,ציפורן,,partial,,,n/a,ציפורן,26,partial,
001027-073567-01889-X,דימונה,חצב,6,,,exact,31.077723,35.038877,OK,31.077875,35.038859,"Khatsav St 6, Dimona, Israel",OK,31.077292,35.038835,"חצב, נאות הללי, נווה גן, דימונה, נפת באר שבע, מחוז הדרום, 8604712, ישראל",16.9,48.0,64.7,חצב,152,partial,חצב,,partial,,,n/a,חצב,117,partial,
001027-082292-01654-X,דימונה,כובשי אילת,1654,,8603905,street,31.063645,35.039896,OK,31.063720,35.039881,"Kovshei Eilat St, Dimona, Israel",OK,31.062376,35.037242,"כובשי אילת, גיורא יוספטל, נווה גן, דימונה, נפת באר שבע, מחוז הדרום, 8604712, ישראל",8.4,289.7,292.6,שדרות יגאל אלון,110,mismatch,כובשי אילת,,partial,,,n/a,כובשי אילת,2,partial,google_rev_at_govmap_mismatch
001027-073567-01891-X,דימונה,הכלנית,1,,,exact,31.062213,35.030734,OK,31.062267,35.030664,"Kalanit St 1, Dimona, Israel",ZERO_RESULTS,,,,9.0,,,כלנית,3,mismatch,כלנית,,mismatch,,,n/a,,,n/a,osm_fwd_ZERO_RESULTS;google_rev_at_govmap_mismatch;osm_rev_at_govmap_mismatch
001027-073567-01892-X,דימונה,הפסגה,89,,,exact,31.069993,35.043499,OK,31.069419,35.033363,"Dimona, Israel",OK,31.072372,35.041739,"הפסגה, הגבעה, חכמי ישראל, דימונה, נפת באר שבע, מחוז הדרום, 8604712, ישראל",969.5,312.7,863.9,הפיסגה,268,mismatch,הפסגה,,partial,,,n/a,המעלה,56,mismatch,google_rev_at_govmap_mismatch;google_rev_at_osm_mismatch
001027-083571-01045-X,דימונה,שד בן גוריון,1045,,8613908,street,31.072330,35.034539,OK,31.073933,35.034726,"דוד בן גוריון, Dimona, Israel",ZERO_RESULTS,,,,178.6,,,דרך דוד בן גוריון,1065,partial,בן גוריון,1203,partial,,,n/a,,,n/a,osm_fwd_ZERO_RESULTS
001027-083571-01045-ב,דימונה,שד בן גוריון,1045,ב,8613910,street,31.072330,35.034539,OK,31.073933,35.034726,"דוד בן גוריון, Dimona, Israel",ZERO_RESULTS,,,,178.6,,,דרך דוד בן גוריון,1065,partial,בן גוריון,1203,partial,,,n/a,,,n/a,osm_fwd_ZERO_RESULTS
001027-083571-01045-ג,דימונה,שד בן גוריון,1045,ג,8613911,street,31.072330,35.034539,OK,31.073933,35.034726,"דוד בן גוריון, Dimona, Israel",ZERO_RESULTS,,,,178.6,,,דרך דוד בן גוריון,1065,partial,בן גוריון,1203,partial,,,n/a,,,n/a,osm_fwd_ZERO_RESULTS
001027-073567-01894-X,דימונה,תל אפק,11,,,exact,31.055790,35.034295,OK,31.055888,35.034118,"Tel Afek St 11, Dimona, Israel",OK,31.055892,35.034133,"תל אפק, ערבה, נווה גן, דימונה, נפת באר שבע, מחוז הדרום, 8604712, ישראל",20.1,19.1,1.6,,,mismatch,תל אפק,,partial,,,n/a,,,mismatch,google_rev_at_govmap_mismatch;google_rev_at_osm_mismatch
001027-073567-01895-X,דימונה,שיקמה,24,,,exact,31.081275,35.040037,OK,31.081262,35.039954,"Shikma St 24, Dimona, Israel",ZERO_RESULTS,,,,8.1,,,שיקמה,26,partial,שקמה,,mismatch,,,n/a,,,n/a,osm_fwd_ZERO_RESULTS;osm_rev_at_govmap_mismatch
001027-073567-01896-X,דימונה,שד הנשיא,41,,,exact,31.062618,35.029745,OK,31.064043,35.031262,"Sderot HaNassi 41, Dimona, Israel",ZERO_RESULTS,,,,214.4,,,שדרות הנשיא,1,partial,,,mismatch,,,n/a,,,n/a,osm_fwd_ZERO_RESULTS;osm_rev_at_govmap_mismatch
001027-073567-01897-X,דימונה,היונה,4,,,exact,31.073251,35.038106,OK,31.073222,35.038077,"Mish'ol HaYona 4, Dimona, Israel",ZERO_RESULTS,,,,4.2,,,משעול היונה,4,partial,השלווה,,mismatch,,,n/a,,,n/a,osm_fwd_ZERO_RESULTS;osm_rev_at_govmap_mismatch
001027-073567-01898-X,דימונה,"רחבת הנח""ל",13,,,none,,,OK,31.076019,35.030925,"HaNahal St 13, Dimona, Israel",ZERO_RESULTS,,,,,,,,,n/a,,,n/a,"הנח""ל",,partial,,,n/a,govmap_missing;osm_fwd_ZERO_RESULTS
001027-073567-01899-X,דימונה,חרוב,10,,,exact,31.080061,35.040193,OK,31.080058,35.040206,"Kharuv St 10, Dimona, Israel",OK,31.080232,35.041284,"חרוב, נווה חורש, חכמי ישראל, דימונה, נפת באר שבע, מחוז הדרום, 8604712, ישראל",1.2,105.8,104.7,חרוב,10,match,חרוב,,partial,,,n/a,חרוב,230,partial,
001027-073567-01900-X,דימונה,אדר,20,,,exact,31.077822,35.040658,OK,31.077820,35.040670,"Adar St 20, Dimona, Israel",OK,31.078007,35.040281,"אדר, נווה חורש, חכמי ישראל, דימונה, נפת באר שבע, מחוז הדרום, 8604712, ישראל",1.2,41.3,42.5,אדר,20,match,אדר,,partial,,,n/a,צבעוני,12,mismatch,google_rev_at_osm_mismatch
001027-073567-01901-X,דימונה,שד הנשיא,81,,,exact,31.065420,35.031983,OK,31.065921,35.032101,"Sderot HaNassi 81, Dimona, Israel",ZERO_RESULTS,,,,56.7,,,שדרות הנשיא,52,partial,שדרות אריאל שרון,,mismatch,,,n/a,,,n/a,osm_fwd_ZERO_RESULTS;osm_rev_at_govmap_mismatch
001027-073567-01902-X,דימונה,שיזף,59,,,exact,31.082045,35.038161,OK,31.082051,35.038178,"Sheizaf St 59, Dimona, Israel",OK,31.079787,35.043578,"שיזף, נווה חורש, חכמי ישראל, דימונה, נפת באר שבע, מחוז הדרום, 8604712, ישראל",1.7,574.3,573.2,שיזף,59,match,שקמה,,mismatch,,,n/a,,,mismatch,osm_rev_at_govmap_mismatch;google_rev_at_osm_mismatch
001027-073567-01903-X,דימונה,הרמה,6,,,exact,31.070577,35.040054,OK,31.070531,35.039930,"Ha-Rama St 6, Dimona, Israel",OK,31.070092,35.040819,"הרמה, הגבעה, נווה גן, דימונה, נפת באר שבע, מחוז הדרום, 8604712, ישראל",12.9,90.7,97.8,הגיא,330,mismatch,הרמה,,partial,,,n/a,הרמה,15,partial,google_rev_at_govmap_mismatch
001027-073567-01904-X,דימונה,הרמה,2,,,exact,31.070768,35.039816,OK,31.070801,35.039791,"Ha-Rama St 2, Dimona, Israel",OK,31.070092,35.040819,"הרמה, הגבעה, נווה גן, דימונה, נפת באר שבע, מחוז הדרום, 8604712, ישראל",4.4,121.6,125.8,הגיא,332,mismatch,הרמה,,partial,,,n/a,הרמה,15,partial,google_rev_at_govmap_mismatch
001027-073567-01905-X,דימונה,ערוגות,8,,,exact,31.073649,35.035123,OK,31.073619,35.035051,"Mish'ol Arugot 8, Dimona, Israel",ZERO_RESULTS,,,,7.6,,,משעול ערוגות,10,partial,,,mismatch,,,n/a,,,n/a,osm_fwd_ZERO_RESULTS;osm_rev_at_govmap_mismatch
001027-073567-01906-X,דימונה,?,20,,,exact,31.068009,35.033928,OK,31.069419,35.033363,"Dimona, Israel",OK,32.056117,34.798697,"20, דימונה, תל־אביב–יפו, יד אליהו, תל־אביב–יפו, נפת תל אביב, מחוז תל אביב, 6767589, ישראל",165.4,111814.5,111650.5,שדרות הרצל,285,mismatch,שדרות הרצל,,mismatch,,,n/a,דימונה,20,mismatch,google_rev_at_govmap_mismatch;osm_rev_at_govmap_mismatch;google_rev_at_osm_mismatch
001027-073567-01907-X,דימונה,אקליפטוס,4,,,none,,,OK,31.077866,35.042318,"Ekaliptus St 4, Dimona, Israel",OK,31.078885,35.042295,"אקליפטוס, נווה חורש, חכמי ישראל, דימונה, נפת באר שבע, מחוז הדרום, 8604712, ישראל",,,113.0,,,n/a,,,n/a,אקליפטוס,,partial,בשמת,2,mismatch,govmap_missing;google_rev_at_osm_mismatch
001027-073567-01908-X,דימונה,אקליפטוס,47,,,exact,31.079581,35.042127,OK,31.079643,35.042114,"Ekaliptus St 47, Dimona, Israel",OK,31.078885,35.042295,"אקליפטוס, נווה חורש, חכמי ישראל, דימונה, נפת באר שבע, מחוז הדרום, 8604712, ישראל",7.0,78.8,85.8,כליל החורש,102,mismatch,אקליפטוס,,partial,,,n/a,בשמת,2,mismatch,google_rev_at_govmap_mismatch;google_rev_at_osm_mismatch
001027-073567-01909-X,דימונה,סיתונית,18,,,exact,31.076245,35.033680,OK,31.076261,35.033607,"Sitvanit St 18, Dimona, Israel",ZERO_RESULTS,,,,7.2,,,סתוונית,20,mismatch,סיתוונית,,mismatch,,,n/a,,,n/a,osm_fwd_ZERO_RESULTS;google_rev_at_govmap_mismatch;osm_rev_at_govmap_mismatch
001027-073567-01910-X,דימונה,שיקמה,19,,,exact,31.082164,35.040052,OK,31.082217,35.040002,"Shikma St 19, Dimona, Israel",ZERO_RESULTS,,,,7.6,,,שיקמה,19,match,שקמה,,mismatch,,,n/a,,,n/a,osm_fwd_ZERO_RESULTS;osm_rev_at_govmap_mismatch
001027-073567-01911-X,דימונה,בבא סאלי,98,,,exact,31.061083,35.034655,OK,31.061116,35.034586,"Baba Sali St 98, Dimona, Israel",OK,31.061361,35.034884,"בבא סאלי, ערבה, נווה גן, דימונה, נפת באר שבע, מחוז הדרום, 8604712, ישראל",7.5,37.8,39.3,בבא סאלי,71,partial,בבא סאלי,,partial,,,n/a,בבא סאלי,79,partial,
001027-073567-01912-X,דימונה,הר כרמל,3,,,exact,31.085245,35.039516,OK,31.069419,35.033363,"Dimona, Israel",OK,31.085597,35.038384,"הר כרמל, חכמי ישראל, דימונה, נפת באר שבע, מחוז הדרום, 8604712, ישראל",1850.4,114.9,1856.7,חרמון,2,mismatch,הר כרמל,,partial,,,n/a,,,mismatch,google_rev_at_govmap_mismatch;google_rev_at_osm_mismatch
001027-073567-01913-X,דימונה,מונפור,16,,,exact,31.054671,35.035058,OK,31.054828,35.034982,"Monfor St 16, Dimona, Israel",OK,31.054811,35.035305,"מונפור, ממשית, דימונה, נפת באר שבע, מחוז הדרום, 8604712, ישראל",18.8,28.2,30.8,,,mismatch,מונפור,,partial,,,n/a,,,mismatch,google_rev_at_govmap_mismatch;google_rev_at_osm_mismatch
001027-077164-00736-X,דימונה,הכלנית,736,,8603711,street,31.062077,35.031329,OK,31.061740,35.031327,"Kalanit St, Dimona, Israel",ZERO_RESULTS,,,,37.3,,,כלנית,9,mismatch,כלנית,,mismatch,,,n/a,,,n/a,osm_fwd_ZERO_RESULTS;google_rev_at_govmap_mismatch;osm_rev_at_govmap_mismatch
001027-082996-01215-X,דימונה,המעפיל,1215,,8607857,street,31.071904,35.036342,OK,31.072210,35.037555,"HaMa'apil St 1215, Dimona, Israel",OK,31.071971,35.033195,"המעפיל, הנצחון, נווה גן, דימונה, נפת באר שבע, מחוז הדרום, 8604712, ישראל",120.6,300.4,416.9,המעפיל,238,partial,המעפיל,,partial,,,n/a,טיילת הספורט,1056,mismatch,google_rev_at_osm_mismatch
001027-082996-01215-א,דימונה,המעפיל,1215,א,8607858,street,31.071904,35.036342,OK,31.072210,35.037555,"HaMa'apil St 1215, Dimona, Israel",OK,31.071971,35.033195,"המעפיל, הנצחון, נווה גן, דימונה, נפת באר שבע, מחוז הדרום, 8604712, ישראל",120.6,300.4,416.9,המעפיל,238,partial,המעפיל,,partial,,,n/a,טיילת הספורט,1056,mismatch,google_rev_at_osm_mismatch
001027-082996-01215-ב,דימונה,המעפיל,1215,ב,8607859,street,31.071904,35.036342,OK,31.072210,35.037555,"HaMa'apil St 1215, Dimona, Israel",OK,31.071971,35.033195,"המעפיל, הנצחון, נווה גן, דימונה, נפת באר שבע, מחוז הדרום, 8604712, ישראל",120.6,300.4,416.9,המעפיל,238,partial,המעפיל,,partial,,,n/a,טיילת הספורט,1056,mismatch,google_rev_at_osm_mismatch
001027-082996-01215-ד,דימונה,המעפיל,1215,ד,8607861,street,31.071904,35.036342,OK,31.072210,35.037555,"HaMa'apil St 1215, Dimona, Israel",OK,31.071971,35.033195,"המעפיל, הנצחון, נווה גן, דימונה, נפת באר שבע, מחוז הדרום, 8604712, ישראל",120.6,300.4,416.9,המעפיל,238,partial,המעפיל,,partial,,,n/a,טיילת הספורט,1056,mismatch,google_rev_at_osm_mismatch
001027-073567-01916-X,דימונה,הפסגה,25,,,exact,31.073333,35.040702,OK,31.069419,35.033363,"Dimona, Israel",OK,31.072372,35.041739,"הפסגה, הגבעה, חכמי ישראל, דימונה, נפת באר שבע, מחוז הדרום, 8604712, ישראל",824.0,145.4,863.9,הפיסגה,86,mismatch,הפסגה,,partial,,,n/a,המעלה,56,mismatch,google_rev_at_govmap_mismatch;google_rev_at_osm_mismatch
001027-082456-00005-X,דימונה,הברוש,5,,8602945,street,31.065428,35.030670,OK,31.065476,35.030452,"HaBrosh St 5, Dimona, Israel",OK,31.065371,35.030975,"הברוש, שבעת המינים, נווה גן, דימונה, נפת באר שבע, מחוז הדרום, 8604712, ישראל",21.5,29.7,51.2,הצאלה,21,mismatch,הברוש,,partial,,,n/a,הברוש,11,partial,google_rev_at_govmap_mismatch
001027-073567-01918-X,דימונה,הר שניר,24,,,exact,31.087112,35.034013,OK,31.087105,35.033791,"Snir St 24, Dimona, Israel",OK,31.086699,35.034469,"הר שניר, נווה גן, דימונה, נפת באר שבע, מחוז הדרום, 8604712, ישראל",21.3,63.2,78.8,שניר,24,partial,הר שניר,,partial,,,n/a,,,mismatch,google_rev_at_osm_mismatch
001027-073567-01919-X,דימונה,מונפור,18,,,exact,31.054640,35.035243,OK,31.054827,35.035106,"Monfor St 18, Dimona, Israel",OK,31.054811,35.035305,"מונפור, ממשית, דימונה, נפת באר שבע, מחוז הדרום, 8604712, ישראל",24.6,19.9,19.1,,,mismatch,מונפור,,partial,,,n/a,,,mismatch,google_rev_at_govmap_mismatch;google_rev_at_osm_mismatch
001027-073567-01920-X,דימונה,הר כנען,9,,,exact,31.087035,35.038103,OK,31.086993,35.038227,"Kna'an St 9, Dimona, Israel",OK,31.086818,35.038057,"הר כנען, נווה גן, דימונה, נפת באר שבע, מחוז הדרום, 8604712, ישראל",12.7,24.4,25.3,,,mismatch,הר כנען,,partial,,,n/a,,,mismatch,google_rev_at_govmap_mismatch;google_rev_at_osm_mismatch
001027-073567-01921-X,דימונה,משעול רוגל,22,,,none,,,OK,31.073998,35.029067,"Mish'ol Rogel 22, Dimona, Israel",OK,31.074205,35.028812,"משעול רוגל, נווה דוד, נווה גן, דימונה, נפת באר שבע, מחוז הדרום, 8604712, ישראל",,,33.5,,,n/a,,,n/a,משעול רוגל,1076,partial,משעול רוגל,1074,partial,govmap_missing
001027-073567-01922-X,דימונה,משעול התקומה,11,,,none,,,OK,31.073904,35.027735,"משעול התקומה 11, Dimona, Israel",ZERO_RESULTS,,,,,,,,,n/a,,,n/a,התקומה,,partial,,,n/a,govmap_missing;osm_fwd_ZERO_RESULTS
001027-073567-01923-X,דימונה,המעלה,15,,,exact,31.071745,35.041681,OK,31.071580,35.041766,"Ha-Ma'ale St 15, Dimona, Israel",OK,31.071954,35.041293,"המעלה, הגבעה, חכמי ישראל, דימונה, נפת באר שבע, מחוז הדרום, 8604712, ישראל",20.0,43.7,61.3,המעלה,61,partial,המעלה,,partial,,,n/a,המעלה,24,partial,
001027-079550-00549-X,דימונה,האורן,549,,8602930,street,31.065651,35.028785,OK,31.065945,35.029927,"HaOren St, Dimona, Israel",OK,31.066104,35.029244,"האורן, שבעת המינים, נווה גן, דימונה, נפת באר שבע, מחוז הדרום, 8604712, ישראל",113.8,66.7,67.6,הגפן,1,mismatch,האורן,,partial,,,n/a,האורן,13,partial,google_rev_at_govmap_mismatch
001027-074211-00260-X,דימונה,התאנה,260,,8602724,street,31.064475,35.026879,OK,31.064692,35.028272,"HaTe'ena St 260, Dimona, Israel",OK,31.064491,35.026752,"התאנה, שבעת המינים, נווה גן, דימונה, נפת באר שבע, מחוז הדרום, 8604712, ישראל",135.1,12.3,146.8,התאנה,30,partial,התאנה,,partial,,,n/a,התאנה,25,partial,
001027-073567-01926-X,דימונה,חצב,29,,,exact,31.077102,35.038495,OK,31.077091,35.038413,"Khatsav St 29, Dimona, Israel",OK,31.077292,35.038835,"חצב, נאות הללי, נווה גן, דימונה, נפת באר שבע, מחוז הדרום, 8604712, ישראל",8.0,38.7,46.0,חצב,27,partial,הרב אלנקוה,,mismatch,,,n/a,חצב,117,partial,osm_rev_at_govmap_mismatch
001027-073567-01927-X,דימונה,המעפיל,55,,,exact,31.072240,35.036664,OK,31.072241,35.036635,"HaMa'apil St 55, Dimona, Israel",OK,31.071021,35.041333,"המעפיל, הגבעה, נווה גן, דימונה, נפת באר שבע, מחוז הדרום, 8604712, ישראל",2.8,465.6,468.3,המעפיל,55,match,הדרור,,mismatch,,,n/a,המעפיל,13,partial,osm_rev_at_govmap_mismatch
001027-083058-01059-X,דימונה,טיילת הספורט,1059,,8617944,street,31.071267,35.033164,OK,31.070940,35.033454,"HaSport Promenade 1059, Dimona, Israel",OK,31.073127,35.033157,"טיילת הספורט, נווה אביב, נווה גן, דימונה, נפת באר שבע, מחוז הדרום, 8604712, ישראל",45.6,206.3,244.2,טיילת הספורט,1058,partial,טיילת הספורט,,partial,,,n/a,רחבת יציאת אירופה,1102,mismatch,google_rev_at_osm_mismatch
001027-083058-01059-א,דימונה,טיילת הספורט,1059,א,8617945,street,31.071267,35.033164,OK,31.070940,35.033454,"HaSport Promenade 1059, Dimona, Israel",OK,31.073127,35.033157,"טיילת הספורט, נווה אביב, נווה גן, דימונה, נפת באר שבע, מחוז הדרום, 8604712, ישראל",45.6,206.3,244.2,טיילת הספורט,1058,partial,טיילת הספורט,,partial,,,n/a,רחבת יציאת אירופה,1102,mismatch,google_rev_at_osm_mismatch
001027-083058-01059-ב,דימונה,טיילת הספורט,1059,ב,8617946,street,31.071267,35.033164,OK,31.070940,35.033454,"HaSport Promenade 1059, Dimona, Israel",OK,31.073127,35.033157,"טיילת הספורט, נווה אביב, נווה גן, דימונה, נפת באר שבע, מחוז הדרום, 8604712, ישראל",45.6,206.3,244.2,טיילת הספורט,1058,partial,טיילת הספורט,,partial,,,n/a,רחבת יציאת אירופה,1102,mismatch,google_rev_at_osm_mismatch
001027-083058-01059-ג,דימונה,טיילת הספורט,1059,ג,8617947,street,31.071267,35.033164,OK,31.070940,35.033454,"HaSport Promenade 1059, Dimona, Israel",OK,31.073127,35.033157,"טיילת הספורט, נווה אביב, נווה גן, דימונה, נפת באר שבע, מחוז הדרום, 8604712, ישראל",45.6,206.3,244.2,טיילת הספורט,1058,partial,טיילת הספורט,,partial,,,n/a,רחבת יציאת אירופה,1102,mismatch,google_rev_at_osm_mismatch
001027-083058-01059-ד,דימונה,טיילת הספורט,1059,ד,8617948,street,31.071267,35.033164,OK,31.070940,35.033454,"HaSport Promenade 1059, Dimona, Israel",OK,31.073127,35.033157,"טיילת הספורט, נווה אביב, נווה גן, דימונה, נפת באר שבע, מחוז הדרום, 8604712, ישראל",45.6,206.3,244.2,טיילת הספורט,1058,partial,טיילת הספורט,,partial,,,n/a,רחבת יציאת אירופה,1102,mismatch,google_rev_at_osm_mismatch
001027-083222-00286-א,דימונה,המלך דוד,286,א,8614309,street,31.069093,35.034799,OK,31.068885,35.033890,"David HaMelech St 286, Dimona, Israel",OK,31.069160,35.034058,"דוד המלך, שכונה לדוגמא, נווה גן, דימונה, נפת באר שבע, מחוז הדרום, 8604712, ישראל",89.8,71.1,34.4,דרך דוד בן גוריון,1,partial,בן גוריון,,mismatch,,,n/a,דרך דוד בן גוריון,293,partial,osm_rev_at_govmap_mismatch
001027-083222-00286-ד,דימונה,המלך דוד,286,ד,8614312,street,31.069093,35.034799,OK,31.068885,35.033890,"David HaMelech St 286, Dimona, Israel",OK,31.069160,35.034058,"דוד המלך, שכונה לדוגמא, נווה גן, דימונה, נפת באר שבע, מחוז הדרום, 8604712, ישראל",89.8,71.1,34.4,דרך דוד בן גוריון,1,partial,בן גוריון,,mismatch,,,n/a,דרך דוד בן גוריון,293,partial,osm_rev_at_govmap_mismatch
001027-083222-00286-ה,דימונה,המלך דוד,286,ה,8614313,street,31.069093,35.034799,OK,31.068885,35.033890,"David HaMelech St 286, Dimona, Israel",OK,31.069160,35.034058,"דוד המלך, שכונה לדוגמא, נווה גן, דימונה, נפת באר שבע, מחוז הדרום, 8604712, ישראל",89.8,71.1,34.4,דרך דוד בן גוריון,1,partial,בן גוריון,,mismatch,,,n/a,דרך דוד בן גוריון,293,partial,osm_rev_at_govmap_mismatch
001027-083222-00286-ו,דימונה,המלך דוד,286,ו,8614314,street,31.069093,35.034799,OK,31.068885,35.033890,"David HaMelech St 286, Dimona, Israel",OK,31.069160,35.034058,"דוד המלך, שכונה לדוגמא, נווה גן, דימונה, נפת באר שבע, מחוז הדרום, 8604712, ישראל",89.8,71.1,34.4,דרך דוד בן גוריון,1,partial,בן גוריון,,mismatch,,,n/a,דרך דוד בן גוריון,293,partial,osm_rev_at_govmap_mismatch
001027-083222-00286-ח,דימונה,המלך דוד,286,ח,8614316,street,31.069093,35.034799,OK,31.068885,35.033890,"David HaMelech St 286, Dimona, Israel",OK,31.069160,35.034058,"דוד המלך, שכונה לדוגמא, נווה גן, דימונה, נפת באר שבע, מחוז הדרום, 8604712, ישראל",89.8,71.1,34.4,דרך דוד בן גוריון,1,partial,בן גוריון,,mismatch,,,n/a,דרך דוד בן גוריון,293,partial,osm_rev_at_govmap_mismatch
001027-083222-00286-ט,דימונה,המלך דוד,286,ט,8614317,street,31.069093,35.034799,OK,31.068885,35.033890,"David HaMelech St 286, Dimona, Israel",OK,31.069160,35.034058,"דוד המלך, שכונה לדוגמא, נווה גן, דימונה, נפת באר שבע, מחוז הדרום, 8604712, ישראל",89.8,71.1,34.4,דרך דוד בן גוריון,1,partial,בן גוריון,,mismatch,,,n/a,דרך דוד בן גוריון,293,partial,osm_rev_at_govmap_mismatch
001027-073567-01930-X,דימונה,מונפור,3,,,none,,,OK,31.054824,35.034797,"Monfor St 3, Dimona, Israel",OK,31.054811,35.035305,"מונפור, ממשית, דימונה, נפת באר שבע, מחוז הדרום, 8604712, ישראל",,,48.5,,,n/a,,,n/a,מונפור,,partial,,,mismatch,govmap_missing;google_rev_at_osm_mismatch
001027-082584-00011-X,דימונה,השקד,11,,8610547,street,31.063812,35.028548,OK,31.064446,35.028483,"Ha-Shaked St 11, Dimona, Israel",OK,31.064104,35.028487,"השקד, שבעת המינים, נווה גן, דימונה, נפת באר שבע, מחוז הדרום, 8604712, ישראל",70.6,32.9,37.9,השיבולים,6,mismatch,השקד,,partial,,,n/a,הרימון,40,mismatch,google_rev_at_govmap_mismatch;google_rev_at_osm_mismatch
001027-073567-01932-X,דימונה,הרמה,32,,,exact,31.069257,35.041572,OK,31.069245,35.041467,"Ha-Rama St 32, Dimona, Israel",OK,31.070092,35.040819,"הרמה, הגבעה, נווה גן, דימונה, נפת באר שבע, מחוז הדרום, 8604712, ישראל",10.1,117.2,112.4,הגיא,317,mismatch,הרמה,,partial,,,n/a,הרמה,15,partial,google_rev_at_govmap_mismatch
001027-073567-01933-X,דימונה,דפנה,1,,,none,,,OK,31.079659,35.039686,"Dafna St 1, Dimona, Israel",OK,31.079667,35.040288,"דפנה, נווה חורש, חכמי ישראל, דימונה, נפת באר שבע, מחוז הדרום, 8604712, ישראל",,,57.4,,,n/a,,,n/a,דפנה,,partial,דפנה,44,partial,govmap_missing
001027-073567-01934-X,דימונה,קיסריה,16,,,exact,31.057233,35.037865,OK,31.057203,35.037902,"Caesarea St 16, Dimona, Israel",OK,31.057386,35.037868,"קיסריה, ממשית, נווה גן, דימונה, נפת באר שבע, מחוז הדרום, 8604712, ישראל",4.9,16.9,20.5,קיסריה,16,match,קיסריה,,partial,,,n/a,קיסריה,11,partial,
001027-073567-01935-X,דימונה,?,38,,,exact,31.067853,35.031045,OK,31.069419,35.033363,"Dimona, Israel",OK,31.068661,35.036648,"דימונה, נפת באר שבע, מחוז הדרום, 8604712, ישראל",281.3,542.3,324.6,שדרות הרצל,1087,mismatch,שדרות הרצל,,mismatch,,,n/a,שדרות הרצל,16,mismatch,google_rev_at_govmap_mismatch;osm_rev_at_govmap_mismatch;google_rev_at_osm_mismatch
001027-073567-01936-X,דימונה,חצב,25,,,exact,31.077100,35.038735,OK,31.077101,35.038663,"Khatsav St 25, Dimona, Israel",OK,31.077292,35.038835,"חצב, נאות הללי, נווה גן, דימונה, נפת באר שבע, מחוז הדרום, 8604712, ישראל",6.8,23.3,26.8,חצב,23,partial,הרב אלנקוה,,mismatch,,,n/a,חצב,117,partial,osm_rev_at_govmap_mismatch
001027-073567-01937-X,דימונה,סחלבן החורש,31,,,exact,31.077562,35.042139,OK,31.077561,35.042141,"Sakhlevan ha-Khoresh St 31, Dimona, Israel",OK,31.077293,35.040937,"סחלבן החורש, נווה חורש, חכמי ישראל, דימונה, נפת באר שבע, מחוז הדרום, 8604712, ישראל",0.2,118.4,118.6,סחלבן החורש,31,match,סחלבן החורש,,partial,,,n/a,סחלבן החורש,26,partial,
001027-073567-01938-X,דימונה,שיבטה,23,,,exact,31.056562,35.039601,OK,31.056697,35.039896,"Shivta St 23, Dimona, Israel",OK,31.056028,35.039349,"שיבטה, ממשית, נווה גן, דימונה, נפת באר שבע, מחוז הדרום, 8604712, ישראל",31.9,63.9,90.7,שיבטה,190,partial,שיבטה,,partial,,,n/a,שיבטה,184,partial,
001027-073567-01939-X,דימונה,פטרה,12,,,exact,31.054986,35.038241,OK,31.054978,35.038206,"Petra St 12, Dimona, Israel",OK,31.054752,35.038332,"פטרה, ממשית, דימונה, נפת באר שבע, מחוז הדרום, 8604712, ישראל",3.5,27.4,27.8,פטרה,12,match,פטרה,,partial,,,n/a,פטרה,15,partial,
001027-073567-01940-X,דימונה,נורית,20,,,exact,31.079827,35.038560,OK,31.079762,35.038556,"Nurit St 20, Dimona, Israel",OK,31.079650,35.039004,"נורית, נאות הללי, חכמי ישראל, דימונה, נפת באר שבע, מחוז הדרום, 8604712, ישראל",7.3,46.7,44.5,נורית,22,partial,נורית,,partial,,,n/a,נורית,12,partial,
001027-074211-00362-X,דימונה,התאנה,362,,8602739,street,31.064475,35.026879,OK,31.064692,35.028272,"HaTe'ena St 362, Dimona, Israel",OK,31.064491,35.026752,"התאנה, שבעת המינים, נווה גן, דימונה, נפת באר שבע, מחוז הדרום, 8604712, ישראל",135.1,12.3,146.8,התאנה,30,partial,התאנה,,partial,,,n/a,התאנה,25,partial,
001027-077042-00146-X,דימונה,מצדה,146,,8601213,street,31.061379,35.031181,OK,31.061391,35.031087,"Mesada St, Dimona, Israel",OK,31.061408,35.030977,"מצדה, ערבה, נווה גן, דימונה, נפת באר שבע, מחוז הדרום, 8604712, ישראל",9.1,19.8,10.7,מצדה,20,partial,מצדה,,partial,,,n/a,מצדה,18,partial,
001027-083633-01206-X,דימונה,דרך השלום,1206,,8617704,street,31.073322,35.036527,OK,31.073428,35.035916,"Derech HaShalom 1206, Dimona, Israel",ZERO_RESULTS,,,,59.5,,,דרך השלום,28,partial,נבטים,,mismatch,,,n/a,,,n/a,osm_fwd_ZERO_RESULTS;osm_rev_at_govmap_mismatch
001027-080737-00040-X,דימונה,רחבת אורון,40,,8610825,street,31.063830,35.030479,OK,31.063843,35.030947,"Oron St 40, Dimona, Israel",ZERO_RESULTS,,,,44.7,,,שדרות הנשיא,153,mismatch,אורון,,partial,,,n/a,,,n/a,osm_fwd_ZERO_RESULTS;google_rev_at_govmap_mismatch
001027-073567-01945-X,דימונה,שד הנשיא,59,,,exact,31.063453,35.031352,OK,31.067103,35.032509,"Sderot HaNassi 59, Dimona, Israel",ZERO_RESULTS,,,,419.4,,,שדרות הנשיא,5,partial,שדרות אריאל שרון,,mismatch,,,n/a,,,n/a,osm_fwd_ZERO_RESULTS;osm_rev_at_govmap_mismatch
001027-073567-01946-X,דימונה,"רחבת הפלמ""ח",9,,,exact,31.073045,35.029071,OK,31.072928,35.029210,"Rahvat HaPalmah 9, Dimona, Israel",ZERO_RESULTS,,,,18.5,,,משעול רוגל,15,mismatch,אסף,,mismatch,,,n/a,,,n/a,osm_fwd_ZERO_RESULTS;google_rev_at_govmap_mismatch;osm_rev_at_govmap_mismatch
001027-073567-01947-X,דימונה,גמלא,64,,,exact,31.056595,35.039239,OK,31.056541,35.038950,"Gamla St 64, Dimona, Israel",OK,31.058564,35.034384,"גמלא, ערבה, נווה גן, דימונה, נפת באר שבע, מחוז הדרום, 8604712, ישראל",28.2,512.3,490.2,שיבטה,195,mismatch,גמלא,,partial,,,n/a,,,mismatch,google_rev_at_govmap_mismatch;google_rev_at_osm_mismatch
001027-083058-01050-ב,דימונה,טיילת הספורט,1050,ב,8617921,street,31.071267,35.033164,OK,31.073804,35.033342,"HaSport Promenade 1050, Dimona, Israel",OK,31.069575,35.033135,"טיילת הספורט, נווה אביב, נווה גן, דימונה, נפת באר שבע, מחוז הדרום, 8604712, ישראל",281.8,187.7,469.4,טיילת הספורט,1058,partial,טיילת הספורט,,partial,,,n/a,השקמה,,mismatch,google_rev_at_osm_mismatch
001027-083058-01050-ג,דימונה,טיילת הספורט,1050,ג,8617922,street,31.071267,35.033164,OK,31.073804,35.033342,"HaSport Promenade 1050, Dimona, Israel",OK,31.069575,35.033135,"טיילת הספורט, נווה אביב, נווה גן, דימונה, נפת באר שבע, מחוז הדרום, 8604712, ישראל",281.8,187.7,469.4,טיילת הספורט,1058,partial,טיילת הספורט,,partial,,,n/a,השקמה,,mismatch,google_rev_at_osm_mismatch
001027-083058-01050-ד,דימונה,טיילת הספורט,1050,ד,8617923,street,31.071267,35.033164,OK,31.073804,35.033342,"HaSport Promenade 1050, Dimona, Israel",OK,31.069575,35.033135,"טיילת הספורט, נווה אביב, נווה גן, דימונה, נפת באר שבע, מחוז הדרום, 8604712, ישראל",281.8,187.7,469.4,טיילת הספורט,1058,partial,טיילת הספורט,,partial,,,n/a,השקמה,,mismatch,google_rev_at_osm_mismatch
001027-073567-01949-X,דימונה,מורן החורש,1,,,exact,31.078700,35.039851,OK,31.078677,35.039824,"Moran ha-Khoresh St 1, Dimona, Israel",OK,31.078588,35.042710,"מורן החורש, נווה חורש, חכמי ישראל, דימונה, נפת באר שבע, מחוז הדרום, 8604712, ישראל",3.6,273.1,275.6,מורן החורש,3,partial,מורן החורש,,partial,,,n/a,מורן החורש,33,partial,
001027-073567-01950-X,דימונה,הר שניר,12,,,exact,31.086443,35.035370,OK,31.086336,35.035273,"Snir St 12, Dimona, Israel",OK,31.086699,35.034469,"הר שניר, נווה גן, דימונה, נפת באר שבע, מחוז הדרום, 8604712, ישראל",15.1,90.6,86.6,,,mismatch,הר שניר,,partial,,,n/a,,,mismatch,google_rev_at_govmap_mismatch;google_rev_at_osm_mismatch
001027-084216-00005-X,דימונה,מילרוד אליעזר,5,,8604505,street,31.065002,35.040027,OK,31.064982,35.040146,"Eli'ezer Milrod St 5, Dimona, Israel",OK,31.065017,35.039996,"אליעזר מילרוד, קהילת העבריים, נווה גן, דימונה, נפת באר שבע, מחוז הדרום, 8604712, ישראל",11.5,3.4,14.8,עבדת,1,mismatch,אליעזר מילרוד,,partial,,,n/a,עבדת,1,mismatch,google_rev_at_govmap_mismatch;google_rev_at_osm_mismatch
001027-073567-01952-X,דימונה,הפסגה,2,,,exact,31.072102,35.039666,OK,31.069419,35.033363,"Dimona, Israel",OK,31.072372,35.041739,"הפסגה, הגבעה, חכמי ישראל, דימונה, נפת באר שבע, מחוז הדרום, 8604712, ישראל",671.1,200.1,863.9,הפיסגה,2,mismatch,המעפיל,,mismatch,,,n/a,המעלה,56,mismatch,google_rev_at_govmap_mismatch;osm_rev_at_govmap_mismatch;google_rev_at_osm_mismatch
001027-073567-01953-X,דימונה,מולדה,19,,,none,,,OK,31.074690,35.027973,"Molada St 19, Dimona, Israel",OK,31.075288,35.030167,"מולדה, נווה דוד, נווה גן, דימונה, נפת באר שבע, מחוז הדרום, 8604712, ישראל",,,219.6,,,n/a,,,n/a,,,mismatch,יגור,11,mismatch,govmap_missing;osm_rev_at_google_mismatch;google_rev_at_osm_mismatch
001027-073567-01954-X,דימונה,שדה יצחק,1017,,,none,,,OK,31.071901,35.027000,"Yitshak Sadeh St 1017, Dimona, Israel",OK,31.072305,35.026977,"יצחק שדה, נווה דוד, נווה גן, דימונה, נפת באר שבע, מחוז הדרום, 8604712, ישראל",,,44.9,,,n/a,,,n/a,יצחק שדה,,partial,יצחק שדה,1021,partial,govmap_missing
001027-073567-01955-X,דימונה,שושן צחור,11,,,none,,,OK,31.075174,35.033208,"Shoshan Tsakhor St 11, Dimona, Israel",OK,31.075173,35.032677,"שושן צחור, נווה אביב, נווה גן, דימונה, נפת באר שבע, מחוז הדרום, 8604712, ישראל",,,50.7,,,n/a,,,n/a,שושן צחור,,partial,שושן צחור,165,partial,govmap_missing
001027-073567-01956-X,דימונה,רחבת אורון,6,,,exact,31.063693,35.030593,OK,31.063687,35.030533,"Oron St 6, Dimona, Israel",ZERO_RESULTS,,,,5.7,,,אורון,8,partial,אורון,,partial,,,n/a,,,n/a,osm_fwd_ZERO_RESULTS
001027-073567-01957-X,דימונה,מולדה,23,,,none,,,OK,31.074852,35.027945,"Molada St 23, Dimona, Israel",OK,31.075288,35.030167,"מולדה, נווה דוד, נווה גן, דימונה, נפת באר שבע, מחוז הדרום, 8604712, ישראל",,,217.5,,,n/a,,,n/a,,,mismatch,יגור,11,mismatch,govmap_missing;osm_rev_at_google_mismatch;google_rev_at_osm_mismatch
001027-077042-00037-X,דימונה,מצדה,37,,8601254,street,31.061379,35.031181,OK,31.061312,35.031542,"Mesada St 37, Dimona, Israel",OK,31.060856,35.032421,"מצדה, ערבה, נווה גן, דימונה, נפת באר שבע, מחוז הדרום, 8604712, ישראל",35.2,131.8,98.0,מצדה,20,partial,מצדה,,partial,,,n/a,מצדה,38,partial,
001027-073567-01959-X,דימונה,השבלים,62,,,exact,31.063455,35.027291,OK,31.063472,35.027226,"Ha-Shibolim St 62, Dimona, Israel",ZERO_RESULTS,,,,6.5,,,השיבולים,133,mismatch,השיבולים,,mismatch,,,n/a,,,n/a,osm_fwd_ZERO_RESULTS;google_rev_at_govmap_mismatch;osm_rev_at_govmap_mismatch
001027-075911-00276-X,דימונה,הרימון,276,,8602876,street,31.063893,35.026884,OK,31.063876,35.026863,"Ha-Rimon St, Dimona, Israel",OK,31.063935,35.026963,"הרימון, שבעת המינים, נווה גן, דימונה, נפת באר שבע, מחוז הדרום, 8604712, ישראל",2.7,8.9,11.6,הרימון,199,partial,הרימון,,partial,,,n/a,הרימון,199,partial,
001027-073567-01961-X,דימונה,המעפיל,76,,,exact,31.071053,35.041082,OK,31.071109,35.040996,"HaMa'apil St 76, Dimona, Israel",OK,31.071971,35.033195,"המעפיל, הנצחון, נווה גן, דימונה, נפת באר שבע, מחוז הדרום, 8604712, ישראל",10.3,759.6,750.6,המעפיל,12,partial,המעפיל,,partial,,,n/a,טיילת הספורט,1056,mismatch,google_rev_at_osm_mismatch
001027-073567-01962-X,דימונה,?,11,,,exact,31.066680,35.038421,OK,31.069419,35.033363,"Dimona, Israel",OK,32.055803,34.798447,"11, דימונה, תל־אביב–יפו, יד אליהו, תל־אביב–יפו, נפת תל אביב, מחוז תל אביב, 6767589, ישראל",570.3,112015.6,111621.1,שדרות הרצל,64,mismatch,שדרות הרצל,,mismatch,,,n/a,דימונה,7,mismatch,google_rev_at_govmap_mismatch;osm_rev_at_govmap_mismatch;google_rev_at_osm_mismatch
001027-073567-01962-X,דימונה,?,11,,,exact,31.066680,35.038421,OK,31.069419,35.033363,"Dimona, Israel",OK,32.055803,34.798447,"11, דימונה, תל־אביב–יפו, יד אליהו, תל־אביב–יפו, נפת תל אביב, מחוז תל אביב, 6767589, ישראל",570.3,112015.6,111621.1,שדרות הרצל,64,mismatch,שדרות הרצל,,mismatch,,,n/a,דימונה,7,mismatch,google_rev_at_govmap_mismatch;osm_rev_at_govmap_mismatch;google_rev_at_osm_mismatch
001027-073567-01962-X,דימונה,?,11,,,exact,31.066680,35.038421,OK,31.069419,35.033363,"Dimona, Israel",OK,32.055803,34.798447,"11, דימונה, תל־אביב–יפו, יד אליהו, תל־אביב–יפו, נפת תל אביב, מחוז תל אביב, 6767589, ישראל",570.3,112015.6,111621.1,שדרות הרצל,64,mismatch,שדרות הרצל,,mismatch,,,n/a,דימונה,7,mismatch,google_rev_at_govmap_mismatch;osm_rev_at_govmap_mismatch;google_rev_at_osm_mismatch
001027-073567-01963-X,דימונה,הפסגה,111,,,exact,31.068359,35.043655,OK,31.069419,35.033363,"Dimona, Israel",OK,31.072372,35.041739,"הפסגה, הגבעה, חכמי ישראל, דימונה, נפת באר שבע, מחוז הדרום, 8604712, ישראל",989.3,481.0,863.9,הפיסגה,109,mismatch,הפיסגה,,mismatch,,,n/a,המעלה,56,mismatch,google_rev_at_govmap_mismatch;osm_rev_at_govmap_mismatch;google_rev_at_osm_mismatch
001027-073567-01964-X,דימונה,פרג,13,,,exact,31.080034,35.038990,OK,31.080031,35.039002,"Parag St 13, Dimona, Israel",OK,31.079673,35.037312,"פרג, נאות הללי, נווה גן, דימונה, נפת באר שבע, מחוז הדרום, 8604712, ישראל",1.2,165.0,166.1,פרג,13,match,פרג,,partial,,,n/a,מרים הנביאה,1,mismatch,google_rev_at_osm_mismatch
001027-076045-00067-X,דימונה,אקסודוס,67,,8606802,street,31.072679,35.033855,OK,31.072699,35.033184,"Exodus St 67, Dimona, Israel",OK,31.072684,35.033836,"אקסודוס, נווה אביב, נווה גן, דימונה, נפת באר שבע, מחוז הדרום, 8604712, ישראל",64.0,1.9,62.2,רחבת יציאת אירופה,1066,mismatch,אקסודוס,1067,partial,,,n/a,רחבת יציאת אירופה,1066,mismatch,google_rev_at_govmap_mismatch;google_rev_at_osm_mismatch
001027-073567-01966-X,דימונה,שיזף,25,,,exact,31.080171,35.042869,OK,31.080195,35.042780,"Sheizaf St 25, Dimona, Israel",OK,31.079787,35.043578,"שיזף, נווה חורש, חכמי ישראל, דימונה, נפת באר שבע, מחוז הדרום, 8604712, ישראל",8.9,79.9,88.6,שיזף,267,partial,שיזף,,partial,,,n/a,,,mismatch,google_rev_at_osm_mismatch
001027-073567-01967-X,דימונה,שד הנשיא,1,,,exact,31.063589,35.031603,OK,31.062615,35.029846,"Sderot HaNassi 1, Dimona, Israel",ZERO_RESULTS,,,,199.5,,,שדרות הנשיא,30,partial,שדרות אריאל שרון,,mismatch,,,n/a,,,n/a,osm_fwd_ZERO_RESULTS;osm_rev_at_govmap_mismatch
001027-073567-01968-X,דימונה,שד הנשיא,69,,,exact,31.064195,35.031771,OK,31.064156,35.031428,"Sderot HaNassi 69, Dimona, Israel",ZERO_RESULTS,,,,33.1,,,שדרות הנשיא,44,partial,שדרות אריאל שרון,,mismatch,,,n/a,,,n/a,osm_fwd_ZERO_RESULTS;osm_rev_at_govmap_mismatch
001027-073567-01969-X,דימונה,דני,9,,,exact,31.073572,35.029764,OK,31.069419,35.033363,"Dimona, Israel",ZERO_RESULTS,,,,574.4,,,רחבת ההגנה,9,mismatch,ההגנה,,mismatch,,,n/a,,,n/a,osm_fwd_ZERO_RESULTS;google_rev_at_govmap_mismatch;osm_rev_at_govmap_mismatch
001027-079944-01099-א,דימונה,?,1099,א,8602293,none,,,OK,31.069419,35.033363,"Dimona, Israel",OK,31.068661,35.036648,"דימונה, נפת באר שבע, מחוז הדרום, 8604712, ישראל",,,324.6,,,n/a,,,n/a,טיילת הספורט,,mismatch,שדרות הרצל,16,mismatch,govmap_missing;osm_rev_at_google_mismatch;google_rev_at_osm_mismatch
001027-079944-01099-ב,דימונה,?,1099,ב,8602294,none,,,OK,31.069419,35.033363,"Dimona, Israel",OK,31.068661,35.036648,"דימונה, נפת באר שבע, מחוז הדרום, 8604712, ישראל",,,324.6,,,n/a,,,n/a,טיילת הספורט,,mismatch,שדרות הרצל,16,mismatch,govmap_missing;osm_rev_at_google_mismatch;google_rev_at_osm_mismatch
001027-079944-01099-ה,דימונה,?,1099,ה,8602297,none,,,OK,31.069419,35.033363,"Dimona, Israel",OK,31.068661,35.036648,"דימונה, נפת באר שבע, מחוז הדרום, 8604712, ישראל",,,324.6,,,n/a,,,n/a,טיילת הספורט,,mismatch,שדרות הרצל,16,mismatch,govmap_missing;osm_rev_at_google_mismatch;google_rev_at_osm_mismatch
001027-073567-01971-X,דימונה,חרצית,7,,,exact,31.080948,35.041976,OK,31.080960,35.041947,"Hartsit St 7, Dimona, Israel",OK,31.081048,35.042283,"חרצית, נווה חורש, חכמי ישראל, דימונה, נפת באר שבע, מחוז הדרום, 8604712, ישראל",3.0,31.4,33.5,חרצית,7,match,חרצית,,partial,,,n/a,חרצית,4,partial,
001027-082696-00793-X,דימונה,היורה,793,,8601245,street,31.059848,35.032720,OK,31.060384,35.033089,"Ha-Yore St, Dimona, Israel",OK,31.059906,35.032817,"היורה, ערבה, נווה גן, דימונה, נפת באר שבע, מחוז הדרום, 8604712, ישראל",69.1,11.3,59.1,היורה,12-20,partial,היורה,,partial,,,n/a,היורה,13,partial,
001027-073567-01973-X,דימונה,ישעיה,27,,,exact,31.079350,35.035151,OK,31.079329,35.035145,"YishaAya St 27, Dimona, Israel",OK,31.080062,35.035450,"ישעיה, נאות הללי, נווה גן, דימונה, נפת באר שבע, מחוז הדרום, 8604712, ישראל",2.4,83.9,86.4,ישעיה,27,match,ישעיה,,partial,,,n/a,ישעיה,17,partial,
001027-073567-01974-X,דימונה,דרך השלום,55,,,exact,31.073798,35.037209,OK,31.073809,35.037194,"Derech HaShalom 55, Dimona, Israel",ZERO_RESULTS,,,,1.9,,,דרך השלום,55,match,נטעים,,mismatch,,,n/a,,,n/a,osm_fwd_ZERO_RESULTS;osm_rev_at_govmap_mismatch
001027-073567-01975-X,דימונה,סחלבן החורש,27,,,exact,31.077556,35.041420,OK,31.077561,35.041441,"Sakhlevan ha-Khoresh St 27, Dimona, Israel",OK,31.077293,35.040937,"סחלבן החורש, נווה חורש, חכמי ישראל, דימונה, נפת באר שבע, מחוז הדרום, 8604712, ישראל",2.1,54.5,56.5,סחלבן החורש,27,match,סחלבן החורש,,partial,,,n/a,סחלבן החורש,26,partial,
001027-073567-01976-X,דימונה,אדר,5,,,exact,31.078139,35.040075,OK,31.078136,35.040064,"Adar St 5, Dimona, Israel",OK,31.078007,35.040281,"אדר, נווה חורש, חכמי ישראל, דימונה, נפת באר שבע, מחוז הדרום, 8604712, ישראל",1.1,24.5,25.2,אדר,5,match,אדר,,partial,,,n/a,צבעוני,12,mismatch,google_rev_at_osm_mismatch
001027-079550-00042-X,דימונה,האורן,42,,8602915,street,31.065651,35.028785,OK,31.066059,35.029428,"HaOren St 42, Dimona, Israel",OK,31.066104,35.029244,"האורן, שבעת המינים, נווה גן, דימונה, נפת באר שבע, מחוז הדרום, 8604712, ישראל",76.2,66.7,18.2,הגפן,1,mismatch,האורן,,partial,,,n/a,האורן,13,partial,google_rev_at_govmap_mismatch
001027-079550-00042-א,דימונה,האורן,42,א,8602916,street,31.065651,35.028785,OK,31.066059,35.029428,"HaOren St 42, Dimona, Israel",OK,31.066104,35.029244,"האורן, שבעת המינים, נווה גן, דימונה, נפת באר שבע, מחוז הדרום, 8604712, ישראל",76.2,66.7,18.2,הגפן,1,mismatch,האורן,,partial,,,n/a,האורן,13,partial,google_rev_at_govmap_mismatch
001027-079550-00042-ב,דימונה,האורן,42,ב,8602917,street,31.065651,35.028785,OK,31.066059,35.029428,"HaOren St 42, Dimona, Israel",OK,31.066104,35.029244,"האורן, שבעת המינים, נווה גן, דימונה, נפת באר שבע, מחוז הדרום, 8604712, ישראל",76.2,66.7,18.2,הגפן,1,mismatch,האורן,,partial,,,n/a,האורן,13,partial,google_rev_at_govmap_mismatch
001027-073567-01978-X,דימונה,בית שערים,15,,,exact,31.056990,35.034435,OK,31.057017,35.034371,"Beit She'arim St 15, Dimona, Israel",OK,31.056498,35.035178,"בית שערים, ערבה, נווה גן, דימונה, נפת באר שבע, מחוז הדרום, 8604712, ישראל",6.8,89.5,96.2,בית שערים,15,match,בית שערים,,partial,,,n/a,בית שערים,21,partial,
001027-073567-01979-X,דימונה,בת חן,11,,,exact,31.075905,35.033258,OK,31.075754,35.033200,"Bat Khen St 11, Dimona, Israel",OK,31.075768,35.033082,"בת חן, נווה אביב, נווה גן, דימונה, נפת באר שבע, מחוז הדרום, 8604712, ישראל",17.6,22.6,11.3,בת חן,13,partial,בת חן,,partial,,,n/a,בת חן,10,partial,
001027-073567-01980-X,דימונה,הרמה,31,,,exact,31.069384,35.041894,OK,31.069385,35.041872,"Ha-Rama St 31, Dimona, Israel",OK,31.070092,35.040819,"הרמה, הגבעה, נווה גן, דימונה, נפת באר שבע, מחוז הדרום, 8604712, ישראל",2.1,129.1,127.4,הרמה,31,match,הרמה,,partial,,,n/a,הרמה,15,partial,
001027-073567-01981-X,דימונה,עבדת,35,,,exact,31.065720,35.041240,OK,31.065817,35.041162,"Ovdat St 35, Dimona, Israel",OK,31.065292,35.042621,"עבדת, קהילת העבריים, חכמי ישראל, דימונה, נפת באר שבע, מחוז הדרום, 8604712, ישראל",13.1,140.1,150.9,עבדת,1648,partial,עבדת,,partial,,,n/a,עבדת,55,partial,
001027-073567-01982-X,דימונה,רחבת הבנים,10,,,none,,,OK,31.068421,35.031482,"Rahvat HaBanim, Dimona, Israel",ZERO_RESULTS,,,,,,,,,n/a,,,n/a,שדרות גולדה מאיר,,mismatch,,,n/a,govmap_missing;osm_fwd_ZERO_RESULTS;osm_rev_at_google_mismatch
001027-073567-01983-X,דימונה,שד הנשיא,55,,,exact,31.063227,35.031092,OK,31.066230,35.031780,"Sderot HaNassi 55, Dimona, Israel",ZERO_RESULTS,,,,339.4,,,שדרות הנשיא,4,partial,שדרות אריאל שרון,,mismatch,,,n/a,,,n/a,osm_fwd_ZERO_RESULTS;osm_rev_at_govmap_mismatch
001027-073567-01984-X,דימונה,שיזף,30,,,exact,31.079841,35.043849,OK,31.079823,35.043870,"Sheizaf St 30, Dimona, Israel",OK,31.079787,35.043578,"שיזף, נווה חורש, חכמי ישראל, דימונה, נפת באר שבע, מחוז הדרום, 8604712, ישראל",2.8,26.5,28.1,שיזף,30,match,דולב,,mismatch,,,n/a,,,mismatch,osm_rev_at_govmap_mismatch;google_rev_at_osm_mismatch
001027-082646-00002-X,דימונה,התירוש,2,,8610552,street,31.063488,35.024324,OK,31.063634,35.024218,"Ha-Tirosh St, Dimona, Israel",OK,31.063242,35.024421,"התירוש, שבעת המינים, נווה גן, דימונה, נפת באר שבע, מחוז הדרום, 8604712, ישראל",19.1,28.8,47.6,הגפן,289,mismatch,התירוש,,partial,,,n/a,הזית,23,mismatch,google_rev_at_govmap_mismatch;google_rev_at_osm_mismatch
001027-073567-01986-X,דימונה,שד הנשיא,67,,,exact,31.064084,35.031699,OK,31.064088,35.031403,"Sderot HaNassi 67, Dimona, Israel",ZERO_RESULTS,,,,28.2,,,שדרות הנשיא,44,partial,שדרות אריאל שרון,,mismatch,,,n/a,,,n/a,osm_fwd_ZERO_RESULTS;osm_rev_at_govmap_mismatch
001027-073567-01987-X,דימונה,מורן החורש,42,,,exact,31.078388,35.043063,OK,31.078420,35.042989,"Moran ha-Khoresh St 42, Dimona, Israel",OK,31.078588,35.042710,"מורן החורש, נווה חורש, חכמי ישראל, דימונה, נפת באר שבע, מחוז הדרום, 8604712, ישראל",7.9,40.3,32.5,מורן החורש,44,partial,מורן החורש,,partial,,,n/a,מורן החורש,33,partial,
001027-073567-01988-X,דימונה,הר מירון,6,,,exact,31.086514,35.038663,OK,31.086595,35.038492,"Meron St 6, Dimona, Israel",OK,31.086549,35.038589,"הר מירון, חכמי ישראל, דימונה, נפת באר שבע, מחוז הדרום, 8604712, ישראל",18.6,8.1,10.5,,,mismatch,הר מירון,,partial,,,n/a,,,mismatch,google_rev_at_govmap_mismatch;google_rev_at_osm_mismatch
001027-073567-01989-X,דימונה,העמל,5,,,none,,,OK,31.064838,35.016773,"Ha-Amal St 5, Dimona, Israel",OK,31.064876,35.018872,"העמל, אזור תעשייה קריית עמל, נווה גן, דימונה, נפת באר שבע, מחוז הדרום, 8604712, ישראל",,,200.3,,,n/a,,,n/a,,,mismatch,העמל,63,partial,govmap_missing;osm_rev_at_google_mismatch
001027-076480-00501-X,דימונה,שד יגאל אלון,501,,8603171,street,31.063433,35.035970,OK,31.063595,35.037756,"Sderot Yig'al Alon 501, Dimona, Israel",ZERO_RESULTS,,,,171.4,,,,,n/a,יגאל אלון,,partial,,,n/a,,,n/a,osm_fwd_ZERO_RESULTS
001027-076480-00501-א,דימונה,שד יגאל אלון,501,א,8603172,street,31.063433,35.035970,OK,31.063595,35.037756,"Sderot Yig'al Alon 501, Dimona, Israel",ZERO_RESULTS,,,,171.4,,,,,n/a,יגאל אלון,,partial,,,n/a,,,n/a,osm_fwd_ZERO_RESULTS
001027-076480-00501-ב,דימונה,שד יגאל אלון,501,ב,8603173,street,31.063433,35.035970,OK,31.063595,35.037756,"Sderot Yig'al Alon 501, Dimona, Israel",ZERO_RESULTS,,,,171.4,,,,,n/a,יגאל אלון,,partial,,,n/a,,,n/a,osm_fwd_ZERO_RESULTS
001027-074730-00567-X,דימונה,האשל,567,,8602517,street,31.066532,35.030096,OK,31.066657,35.029601,"HaEshel St, Dimona, Israel",OK,31.066610,35.029793,"האשל, שבעת המינים, נווה גן, דימונה, נפת באר שבע, מחוז הדרום, 8604712, ישראל",49.2,30.2,19.1,האשל,10,partial,האשל,,partial,,,n/a,האשל,206,partial,
001027-083222-00285-X,דימונה,המלך דוד,285,,8614301,street,31.069093,35.034799,OK,31.069122,35.034121,"David HaMelech St 285, Dimona, Israel",OK,31.069160,35.034058,"דוד המלך, שכונה לדוגמא, נווה גן, דימונה, נפת באר שבע, מחוז הדרום, 8604712, ישראל",64.8,71.1,7.3,דרך דוד בן גוריון,1,partial,בן גוריון,,mismatch,,,n/a,דרך דוד בן גוריון,293,partial,osm_rev_at_govmap_mismatch
001027-083222-00285-א,דימונה,המלך דוד,285,א,8614302,street,31.069093,35.034799,OK,31.069122,35.034121,"David HaMelech St 285, Dimona, Israel",OK,31.069160,35.034058,"דוד המלך, שכונה לדוגמא, נווה גן, דימונה, נפת באר שבע, מחוז הדרום, 8604712, ישראל",64.8,71.1,7.3,דרך דוד בן גוריון,1,partial,בן גוריון,,mismatch,,,n/a,דרך דוד בן גוריון,293,partial,osm_rev_at_govmap_mismatch
001027-083222-00285-ג,דימונה,המלך דוד,285,ג,8614304,street,31.069093,35.034799,OK,31.069122,35.034121,"David HaMelech St 285, Dimona, Israel",OK,31.069160,35.034058,"דוד המלך, שכונה לדוגמא, נווה גן, דימונה, נפת באר שבע, מחוז הדרום, 8604712, ישראל",64.8,71.1,7.3,דרך דוד בן גוריון,1,partial,בן גוריון,,mismatch,,,n/a,דרך דוד בן גוריון,293,partial,osm_rev_at_govmap_mismatch
001027-083222-00285-ד,דימונה,המלך דוד,285,ד,8614305,street,31.069093,35.034799,OK,31.069122,35.034121,"David HaMelech St 285, Dimona, Israel",OK,31.069160,35.034058,"דוד המלך, שכונה לדוגמא, נווה גן, דימונה, נפת באר שבע, מחוז הדרום, 8604712, ישראל",64.8,71.1,7.3,דרך דוד בן גוריון,1,partial,בן גוריון,,mismatch,,,n/a,דרך דוד בן גוריון,293,partial,osm_rev_at_govmap_mismatch
001027-083222-00285-ה,דימונה,המלך דוד,285,ה,8614306,street,31.069093,35.034799,OK,31.069122,35.034121,"David HaMelech St 285, Dimona, Israel",OK,31.069160,35.034058,"דוד המלך, שכונה לדוגמא, נווה גן, דימונה, נפת באר שבע, מחוז הדרום, 8604712, ישראל",64.8,71.1,7.3,דרך דוד בן גוריון,1,partial,בן גוריון,,mismatch,,,n/a,דרך דוד בן גוריון,293,partial,osm_rev_at_govmap_mismatch
001027-083222-00285-ו,דימונה,המלך דוד,285,ו,8614307,street,31.069093,35.034799,OK,31.069122,35.034121,"David HaMelech St 285, Dimona, Israel",OK,31.069160,35.034058,"דוד המלך, שכונה לדוגמא, נווה גן, דימונה, נפת באר שבע, מחוז הדרום, 8604712, ישראל",64.8,71.1,7.3,דרך דוד בן גוריון,1,partial,בן גוריון,,mismatch,,,n/a,דרך דוד בן גוריון,293,partial,osm_rev_at_govmap_mismatch
001027-073567-01993-X,דימונה,יגור,27,,,none,,,OK,31.075083,35.028831,"Yagur St 27, Dimona, Israel",OK,31.075075,35.029065,"יגור, נווה דוד, נווה גן, דימונה, נפת באר שבע, מחוז הדרום, 8604712, ישראל",,,22.3,,,n/a,,,n/a,יגור,,partial,מולדה,157,mismatch,govmap_missing;google_rev_at_osm_mismatch
001027-073567-01994-X,דימונה,תל אפק,23,,,exact,31.055214,35.034362,OK,31.055211,35.034324,"Tel Afek St 23, Dimona, Israel",OK,31.055892,35.034133,"תל אפק, ערבה, נווה גן, דימונה, נפת באר שבע, מחוז הדרום, 8604712, ישראל",3.6,78.2,77.6,תל אפק,30,partial,תל אפק,,partial,,,n/a,,,mismatch,google_rev_at_osm_mismatch
001027-073567-01995-X,דימונה,?,24,,,exact,31.068007,35.033661,OK,31.069419,35.033363,"Dimona, Israel",OK,32.056810,34.798740,"24, דימונה, תל־אביב–יפו, יד אליהו, תל־אביב–יפו, נפת תל אביב, מחוז תל אביב, 6767589, ישראל",159.2,111884.1,111725.0,שדרות הרצל,285,mismatch,שדרות הרצל,,mismatch,,,n/a,דימונה,24,mismatch,google_rev_at_govmap_mismatch;osm_rev_at_govmap_mismatch;google_rev_at_osm_mismatch
001027-073567-01995-X,דימונה,?,24,,,exact,31.068007,35.033661,OK,31.069419,35.033363,"Dimona, Israel",OK,32.056810,34.798740,"24, דימונה, תל־אביב–יפו, יד אליהו, תל־אביב–יפו, נפת תל אביב, מחוז תל אביב, 6767589, ישראל",159.2,111884.1,111725.0,שדרות הרצל,285,mismatch,שדרות הרצל,,mismatch,,,n/a,דימונה,24,mismatch,google_rev_at_govmap_mismatch;osm_rev_at_govmap_mismatch;google_rev_at_osm_mismatch
001027-073567-01995-X,דימונה,?,24,,,exact,31.068007,35.033661,OK,31.069419,35.033363,"Dimona, Israel",OK,32.056810,34.798740,"24, דימונה, תל־אביב–יפו, יד אליהו, תל־אביב–יפו, נפת תל אביב, מחוז תל אביב, 6767589, ישראל",159.2,111884.1,111725.0,שדרות הרצל,285,mismatch,שדרות הרצל,,mismatch,,,n/a,דימונה,24,mismatch,google_rev_at_govmap_mismatch;osm_rev_at_govmap_mismatch;google_rev_at_osm_mismatch
001027-085148-00132-X,דימונה,נתיב הצפורים,132,,8607502,none,,,OK,31.074288,35.036960,"Netiv Hatsiporim 132, Dimona, Israel",ZERO_RESULTS,,,,,,,,,n/a,,,n/a,הציפורים,,mismatch,,,n/a,govmap_missing;osm_fwd_ZERO_RESULTS;osm_rev_at_google_mismatch
001027-073567-01997-X,דימונה,עמוס,8,,,none,,,OK,31.079964,35.035548,"Amos St 8, Dimona, Israel",OK,31.079426,35.035703,"עמוס, נאות הללי, נווה גן, דימונה, נפת באר שבע, מחוז הדרום, 8604712, ישראל",,,61.4,,,n/a,,,n/a,ישעיה,,mismatch,עמוס,1,partial,govmap_missing;osm_rev_at_google_mismatch
001027-073567-01998-X,דימונה,שבזי שלום,18,,,exact,31.072998,35.041803,OK,31.073002,35.041754,"Shalom Shabazi St 18, Dimona, Israel",OK,31.071946,35.043415,"שלום שבזי, חכמי ישראל, דימונה, נפת באר שבע, מחוז הדרום, 8604712, ישראל",4.7,193.1,197.1,שלום שבזי,18,match,שלום שבזי,,partial,,,n/a,שלום שבזי,438,partial,
001027-073567-01999-X,דימונה,יואל,2,,,exact,31.078414,35.034881,OK,31.078535,35.035144,"Yoel St 2, Dimona, Israel",OK,31.078518,35.034756,"יואל, נאות הללי, נווה גן, דימונה, נפת באר שבע, מחוז הדרום, 8604712, ישראל",28.5,16.7,37.1,חגי,2,mismatch,חגי,,mismatch,,,n/a,חגי,2,mismatch,google_rev_at_govmap_mismatch;osm_rev_at_govmap_mismatch;google_rev_at_osm_mismatch
001027-073567-02000-X,דימונה,הר ארבל,7,,,exact,31.085210,35.038437,OK,31.085275,35.038097,"Arbel St 7, Dimona, Israel",OK,31.085483,35.039804,"הר ארבל, חכמי ישראל, דימונה, נפת באר שבע, מחוז הדרום, 8604712, ישראל",33.3,133.9,164.6,,,mismatch,הר ארבל,,partial,,,n/a,חרמון,2,mismatch,google_rev_at_govmap_mismatch;google_rev_at_osm_mismatch
001027-082052-00205-X,דימונה,בר כוכבא,205,,8604622,street,31.064706,35.036276,OK,31.063961,35.036714,"Bar Kochva St 205, Dimona, Israel",OK,31.064570,35.036260,"בר כוכבא, גיורא יוספטל, נווה גן, דימונה, נפת באר שבע, מחוז הדרום, 8604712, ישראל",92.6,15.2,80.3,בר כוכבא,208,partial,בר כוכבא,,partial,,,n/a,בר כוכבא,207,partial,
001027-082052-00205-א,דימונה,בר כוכבא,205,א,8604623,street,31.064706,35.036276,OK,31.063961,35.036714,"Bar Kochva St 205, Dimona, Israel",OK,31.064570,35.036260,"בר כוכבא, גיורא יוספטל, נווה גן, דימונה, נפת באר שבע, מחוז הדרום, 8604712, ישראל",92.6,15.2,80.3,בר כוכבא,208,partial,בר כוכבא,,partial,,,n/a,בר כוכבא,207,partial,
001027-082052-00205-ב,דימונה,בר כוכבא,205,ב,8604624,street,31.064706,35.036276,OK,31.063961,35.036714,"Bar Kochva St 205, Dimona, Israel",OK,31.064570,35.036260,"בר כוכבא, גיורא יוספטל, נווה גן, דימונה, נפת באר שבע, מחוז הדרום, 8604712, ישראל",92.6,15.2,80.3,בר כוכבא,208,partial,בר כוכבא,,partial,,,n/a,בר כוכבא,207,partial,
001027-082052-00205-ג,דימונה,בר כוכבא,205,ג,8604625,street,31.064706,35.036276,OK,31.063961,35.036714,"Bar Kochva St 205, Dimona, Israel",OK,31.064570,35.036260,"בר כוכבא, גיורא יוספטל, נווה גן, דימונה, נפת באר שבע, מחוז הדרום, 8604712, ישראל",92.6,15.2,80.3,בר כוכבא,208,partial,בר כוכבא,,partial,,,n/a,בר כוכבא,207,partial,
001027-082052-00205-ד,דימונה,בר כוכבא,205,ד,8604626,street,31.064706,35.036276,OK,31.063961,35.036714,"Bar Kochva St 205, Dimona, Israel",OK,31.064570,35.036260,"בר כוכבא, גיורא יוספטל, נווה גן, דימונה, נפת באר שבע, מחוז הדרום, 8604712, ישראל",92.6,15.2,80.3,בר כוכבא,208,partial,בר כוכבא,,partial,,,n/a,בר כוכבא,207,partial,
001027-073567-02002-X,דימונה,רזיאל דוד,24,,,exact,31.065402,35.025782,OK,31.065348,35.025351,"David Raziel St 24, Dimona, Israel",ZERO_RESULTS,,,,41.6,,,דוד רזיאל,22,partial,האילנות,12,mismatch,,,n/a,,,n/a,osm_fwd_ZERO_RESULTS;osm_rev_at_govmap_mismatch
001027-073567-02003-X,דימונה,לילך,18,,,exact,31.076077,35.034293,OK,31.076074,35.034229,"Lilach St 18, Dimona, Israel",OK,31.075801,35.034117,"לילך, נווה אביב, נווה גן, דימונה, נפת באר שבע, מחוז הדרום, 8604712, ישראל",6.2,35.0,32.1,לילך,18,match,לילך,,partial,,,n/a,לילך,14,partial,
001027-083571-01046-X,דימונה,שד בן גוריון,1046,,8613912,exact,31.074542,35.034437,OK,31.073933,35.034726,"דוד בן גוריון, Dimona, Israel",ZERO_RESULTS,,,,73.0,,,דרך דוד בן גוריון,1046,partial,בן גוריון,,partial,,,n/a,,,n/a,osm_fwd_ZERO_RESULTS
001027-083571-01046-א,דימונה,שד בן גוריון,1046,א,8613913,exact,31.074542,35.034437,OK,31.073933,35.034726,"דוד בן גוריון, Dimona, Israel",ZERO_RESULTS,,,,73.0,,,דרך דוד בן גוריון,1046,partial,בן גוריון,,partial,,,n/a,,,n/a,osm_fwd_ZERO_RESULTS
001027-083571-01046-ב,דימונה,שד בן גוריון,1046,ב,8613914,exact,31.074542,35.034437,OK,31.073933,35.034726,"דוד בן גוריון, Dimona, Israel",ZERO_RESULTS,,,,73.0,,,דרך דוד בן גוריון,1046,partial,בן גוריון,,partial,,,n/a,,,n/a,osm_fwd_ZERO_RESULTS
001027-083571-01046-ג,דימונה,שד בן גוריון,1046,ג,8613915,exact,31.074542,35.034437,OK,31.073933,35.034726,"דוד בן גוריון, Dimona, Israel",ZERO_RESULTS,,,,73.0,,,דרך דוד בן גוריון,1046,partial,בן גוריון,,partial,,,n/a,,,n/a,osm_fwd_ZERO_RESULTS
001027-083571-01046-ד,דימונה,שד בן גוריון,1046,ד,8613916,exact,31.074542,35.034437,OK,31.073933,35.034726,"דוד בן גוריון, Dimona, Israel",ZERO_RESULTS,,,,73.0,,,דרך דוד בן גוריון,1046,partial,בן גוריון,,partial,,,n/a,,,n/a,osm_fwd_ZERO_RESULTS
001027-083571-01046-ה,דימונה,שד בן גוריון,1046,ה,8613917,exact,31.074542,35.034437,OK,31.073933,35.034726,"דוד בן גוריון, Dimona, Israel",ZERO_RESULTS,,,,73.0,,,דרך דוד בן גוריון,1046,partial,בן גוריון,,partial,,,n/a,,,n/a,osm_fwd_ZERO_RESULTS
001027-083571-01046-ו,דימונה,שד בן גוריון,1046,ו,8613918,exact,31.074542,35.034437,OK,31.073933,35.034726,"דוד בן גוריון, Dimona, Israel",ZERO_RESULTS,,,,73.0,,,דרך דוד בן גוריון,1046,partial,בן גוריון,,partial,,,n/a,,,n/a,osm_fwd_ZERO_RESULTS
001027-073567-02005-X,דימונה,אשחר,1,,,exact,31.078135,35.042500,OK,31.078164,35.042368,"Esh'har St 1, Dimona, Israel",OK,31.078011,35.043457,"אשחר, נווה חורש, חכמי ישראל, דימונה, נפת באר שבע, מחוז הדרום, 8604712, ישראל",13.0,92.3,105.3,אשחר,3,partial,אשחר,,partial,,,n/a,אשחר,23,partial,
001027-075911-00306-X,דימונה,הרימון,306,,8602895,street,31.063893,35.026884,OK,31.063876,35.026863,"Ha-Rimon St, Dimona, Israel",OK,31.063935,35.026963,"הרימון, שבעת המינים, נווה גן, דימונה, נפת באר שבע, מחוז הדרום, 8604712, ישראל",2.7,8.9,11.6,הרימון,199,partial,הרימון,,partial,,,n/a,הרימון,199,partial,
001027-073567-02007-X,דימונה,הרמה,41,,,exact,31.068688,35.042280,OK,31.068689,35.042296,"Ha-Rama St 41, Dimona, Israel",OK,31.070092,35.040819,"הרמה, הגבעה, נווה גן, דימונה, נפת באר שבע, מחוז הדרום, 8604712, ישראל",1.5,209.0,209.9,הרמה,41,match,הרמה,,partial,,,n/a,הרמה,15,partial,
001027-073567-02008-X,דימונה,המעפיל,78,,,exact,31.070949,35.041220,OK,31.070941,35.041158,"HaMa'apil St 78, Dimona, Israel",OK,31.071913,35.033190,"המעפיל, הנצחון, נווה גן, דימונה, נפת באר שבע, מחוז הדרום, 8604712, ישראל",6.0,773.8,768.0,המעפיל,13,partial,המעפיל,,partial,,,n/a,טיילת הספורט,1056,mismatch,google_rev_at_osm_mismatch
001027-073567-02009-X,דימונה,קיסריה,18,,,none,,,OK,31.057192,35.038082,"Caesarea St 18, Dimona, Israel",OK,31.057386,35.037868,"קיסריה, ממשית, נווה גן, דימונה, נפת באר שבע, מחוז הדרום, 8604712, ישראל",,,29.6,,,n/a,,,n/a,תל פורן,,mismatch,קיסריה,11,partial,govmap_missing;osm_rev_at_google_mismatch
001027-073567-02010-X,דימונה,קדש,29,,,exact,31.058251,35.028740,OK,31.058256,35.028689,"Kadesh St 29, Dimona, Israel",OK,31.058632,35.029266,"קדש, ערבה, נווה גן, דימונה, נפת באר שבע, מחוז הדרום, 8604712, ישראל",4.9,65.6,69.1,קדש,34,partial,המכתש,,mismatch,,,n/a,קדש,12,partial,osm_rev_at_govmap_mismatch
001027-073567-02011-X,דימונה,תל פורן,5,,,exact,31.056775,35.037224,OK,31.056822,35.037136,"Tel Poran St 5, Dimona, Israel",OK,31.056708,35.037386,"תל פורן, ממשית, נווה גן, דימונה, נפת באר שבע, מחוז הדרום, 8604712, ישראל",9.9,17.2,27.0,תל פורן,5,match,תל פורן,,partial,,,n/a,תל פורן,7,partial,
001027-073567-02012-X,דימונה,בת חן,19,,,exact,31.075917,35.034022,OK,31.075849,35.034020,"Bat Khen St 19, Dimona, Israel",OK,31.075768,35.033082,"בת חן, נווה אביב, נווה גן, דימונה, נפת באר שבע, מחוז הדרום, 8604712, ישראל",7.6,91.2,89.9,לילך,16,mismatch,לילך,,mismatch,,,n/a,בת חן,10,partial,google_rev_at_govmap_mismatch;osm_rev_at_govmap_mismatch
001027-073567-02013-X,דימונה,ציפורן,36,,,exact,31.080840,35.040518,OK,31.080946,35.040462,"Tsiporen St 36, Dimona, Israel",OK,31.080857,35.039458,"ציפורן, נווה חורש, חכמי ישראל, דימונה, נפת באר שבע, מחוז הדרום, 8604712, ישראל",12.9,101.1,96.3,ציפורן,36,match,ציפורן,,partial,,,n/a,ציפורן,26,partial,
001027-073567-02014-X,דימונה,קלעת נמרוד,3,,,exact,31.054383,35.034405,OK,31.054420,35.034411,"Kal'at Nimrod St 3, Dimona, Israel",OK,31.054258,35.035285,"קלעת נמרוד, ממשית, דימונה, נפת באר שבע, מחוז הדרום, 8604712, ישראל",4.2,85.2,85.4,קלעת נמרוד,1,partial,קלעת נמרוד,,partial,,,n/a,קלעת נמרוד,25,partial,
001027-073567-02015-X,דימונה,הר גולן,9,,,exact,31.086167,35.033998,OK,31.086312,35.034192,"Golan St 9, Dimona, Israel",OK,31.086229,35.034568,"הר גולן, נווה גן, דימונה, נפת באר שבע, מחוז הדרום, 8604712, ישראל",24.6,54.8,37.0,הר הנגב,8,partial,הר גולן,,partial,,,n/a,,,mismatch,google_rev_at_osm_mismatch
001027-073567-02016-X,דימונה,"רחבת האצ""ל",12,,,none,,,OK,31.073039,35.027709,"Rahvat HaEtsel 12, Dimona, Israel",OK,31.073349,35.027262,"רחבת האצ""ל, נווה דוד, נווה גן, דימונה, נפת באר שבע, מחוז הדרום, 8604712, ישראל",,,54.8,,,n/a,,,n/a,,,mismatch,משעול החירות,6,mismatch,govmap_missing;osm_rev_at_google_mismatch;google_rev_at_osm_mismatch
001027-073567-02017-X,דימונה,ליבנה,16,,,exact,31.078093,35.041159,OK,31.078103,35.041115,"Livne St 16, Dimona, Israel",OK,31.079424,35.040947,"ליבנה, נווה חורש, חכמי ישראל, דימונה, נפת באר שבע, מחוז הדרום, 8604712, ישראל",4.3,149.0,147.4,ליבנה,14,partial,ליבנה,,partial,,,n/a,דפנה,36,mismatch,google_rev_at_osm_mismatch
001027-082996-00007-X,דימונה,המעפיל,7,,8605054,street,31.071904,35.036342,OK,31.071650,35.040389,"HaMa'apil St 7, Dimona, Israel",OK,31.071021,35.041333,"המעפיל, הגבעה, נווה גן, דימונה, נפת באר שבע, מחוז הדרום, 8604712, ישראל",387.2,486.2,113.9,המעפיל,238,partial,המעפיל,,partial,,,n/a,המעפיל,13,partial,
001027-073567-02019-X,דימונה,היונה,186,,,exact,31.072196,35.038206,OK,31.072186,35.038217,"Mish'ol HaYona 186, Dimona, Israel",ZERO_RESULTS,,,,1.5,,,משעול היונה,186,partial,השלווה,,mismatch,,,n/a,,,n/a,osm_fwd_ZERO_RESULTS;osm_rev_at_govmap_mismatch
001027-073567-02020-X,דימונה,הר תבור,5,,,exact,31.086399,35.039077,OK,31.086366,35.039198,"Tavor St, Dimona, Israel",OK,31.086322,35.039263,"הר תבור, חכמי ישראל, דימונה, נפת באר שבע, מחוז הדרום, 8604712, ישראל",12.2,19.7,7.9,,,mismatch,הר תבור,,partial,,,n/a,,,mismatch,google_rev_at_govmap_mismatch;google_rev_at_osm_mismatch
001027-079944-01091-X,דימונה,?,1091,,8602237,none,,,OK,31.069419,35.033363,"Dimona, Israel",OK,31.068661,35.036648,"דימונה, נפת באר שבע, מחוז הדרום, 8604712, ישראל",,,324.6,,,n/a,,,n/a,טיילת הספורט,,mismatch,שדרות הרצל,16,mismatch,govmap_missing;osm_rev_at_google_mismatch;google_rev_at_osm_mismatch
001027-079944-01091-א,דימונה,?,1091,א,8602238,none,,,OK,31.069419,35.033363,"Dimona, Israel",OK,31.068661,35.036648,"דימונה, נפת באר שבע, מחוז הדרום, 8604712, ישראל",,,324.6,,,n/a,,,n/a,טיילת הספורט,,mismatch,שדרות הרצל,16,mismatch,govmap_missing;osm_rev_at_google_mismatch;google_rev_at_osm_mismatch
001027-079944-01091-ב,דימונה,?,1091,ב,8602239,none,,,OK,31.069419,35.033363,"Dimona, Israel",OK,31.068661,35.036648,"דימונה, נפת באר שבע, מחוז הדרום, 8604712, ישראל",,,324.6,,,n/a,,,n/a,טיילת הספורט,,mismatch,שדרות הרצל,16,mismatch,govmap_missing;osm_rev_at_google_mismatch;google_rev_at_osm_mismatch
001027-079944-01091-ד,דימונה,?,1091,ד,8602241,none,,,OK,31.069419,35.033363,"Dimona, Israel",OK,31.068661,35.036648,"דימונה, נפת באר שבע, מחוז הדרום, 8604712, ישראל",,,324.6,,,n/a,,,n/a,טיילת הספורט,,mismatch,שדרות הרצל,16,mismatch,govmap_missing;osm_rev_at_google_mismatch;google_rev_at_osm_mismatch
001027-074730-00570-X,דימונה,האשל,570,,8602520,street,31.066532,35.030096,OK,31.066657,35.029601,"HaEshel St, Dimona, Israel",OK,31.066610,35.029793,"האשל, שבעת המינים, נווה גן, דימונה, נפת באר שבע, מחוז הדרום, 8604712, ישראל",49.2,30.2,19.1,האשל,10,partial,האשל,,partial,,,n/a,האשל,206,partial,
001027-073567-02023-X,דימונה,תל אפק,2,,,exact,31.056619,35.033995,OK,31.056868,35.034322,"Tel Afek St 2, Dimona, Israel",OK,31.055892,35.034133,"תל אפק, ערבה, נווה גן, דימונה, נפת באר שבע, מחוז הדרום, 8604712, ישראל",41.6,81.7,109.7,תל אפק,10,partial,תל אפק,,partial,,,n/a,,,mismatch,google_rev_at_osm_mismatch
001027-075069-00521-X,דימונה,ההדס,521,,8602837,street,31.064790,35.030048,OK,31.065009,35.029961,"HaHadas St, Dimona, Israel",OK,31.065160,35.030080,"ההדס, שבעת המינים, נווה גן, דימונה, נפת באר שבע, מחוז הדרום, 8604712, ישראל",25.7,41.2,20.2,ההדס,12,partial,ההדס,,partial,,,n/a,ההדס,21,partial,
001027-073567-02025-X,דימונה,שיזף,96,,,exact,31.082653,35.039917,OK,31.082616,35.039867,"Sheizaf St 96, Dimona, Israel",OK,31.080715,35.035438,"שיזף, נאות הללי, נווה גן, דימונה, נפת באר שבע, מחוז הדרום, 8604712, ישראל",6.3,478.4,472.3,שיזף,94,partial,שיזף,,partial,,,n/a,שיזף,1761,partial,
001027-073567-02026-X,דימונה,טיילת הספורט,24,,,exact,31.071220,35.033320,OK,31.070823,35.033424,"HaSport Promenade 24, Dimona, Israel",OK,31.073127,35.033157,"טיילת הספורט, נווה אביב, נווה גן, דימונה, נפת באר שבע, מחוז הדרום, 8604712, ישראל",45.1,212.0,256.7,טיילת הספורט,1058,partial,טיילת הספורט,,partial,,,n/a,רחבת יציאת אירופה,1102,mismatch,google_rev_at_osm_mismatch
001027-073567-02027-X,דימונה,?,33,,,exact,31.067243,35.035895,OK,31.069419,35.033363,"Dimona, Israel",OK,31.068661,35.036648,"דימונה, נפת באר שבע, מחוז הדרום, 8604712, ישראל",341.5,172.9,324.6,שדרות הרצל,232,mismatch,שדרות הרצל,,mismatch,,,n/a,שדרות הרצל,16,mismatch,google_rev_at_govmap_mismatch;osm_rev_at_govmap_mismatch;google_rev_at_osm_mismatch
001027-074211-00232-X,דימונה,התאנה,232,,8602710,street,31.064475,35.026879,OK,31.064692,35.028272,"HaTe'ena St 232, Dimona, Israel",OK,31.064491,35.026752,"התאנה, שבעת המינים, נווה גן, דימונה, נפת באר שבע, מחוז הדרום, 8604712, ישראל",135.1,12.3,146.8,התאנה,30,partial,התאנה,,partial,,,n/a,התאנה,25,partial,
001027-073822-00125-X,דימונה,?,125,,8601145,none,,,OK,31.069419,35.033363,"Dimona, Israel",OK,31.068661,35.036648,"דימונה, נפת באר שבע, מחוז הדרום, 8604712, ישראל",,,324.6,,,n/a,,,n/a,טיילת הספורט,,mismatch,שדרות הרצל,16,mismatch,govmap_missing;osm_rev_at_google_mismatch;google_rev_at_osm_mismatch
001027-073822-00125-א,דימונה,?,125,א,8601146,none,,,OK,31.069419,35.033363,"Dimona, Israel",OK,31.068661,35.036648,"דימונה, נפת באר שבע, מחוז הדרום, 8604712, ישראל",,,324.6,,,n/a,,,n/a,טיילת הספורט,,mismatch,שדרות הרצל,16,mismatch,govmap_missing;osm_rev_at_google_mismatch;google_rev_at_osm_mismatch
001027-073822-00125-ג,דימונה,?,125,ג,8601148,none,,,OK,31.069419,35.033363,"Dimona, Israel",OK,31.068661,35.036648,"דימונה, נפת באר שבע, מחוז הדרום, 8604712, ישראל",,,324.6,,,n/a,,,n/a,טיילת הספורט,,mismatch,שדרות הרצל,16,mismatch,govmap_missing;osm_rev_at_google_mismatch;google_rev_at_osm_mismatch
001027-084386-00125-X,דימונה,?,125,,8607449,none,,,OK,31.069419,35.033363,"Dimona, Israel",OK,31.068661,35.036648,"דימונה, נפת באר שבע, מחוז הדרום, 8604712, ישראל",,,324.6,,,n/a,,,n/a,טיילת הספורט,,mismatch,שדרות הרצל,16,mismatch,govmap_missing;osm_rev_at_google_mismatch;google_rev_at_osm_mismatch
001027-073567-02030-X,דימונה,אקליפטוס,13,,,exact,31.078057,35.042187,OK,31.078043,35.042121,"Ekaliptus St 13, Dimona, Israel",OK,31.078885,35.042295,"אקליפטוס, נווה חורש, חכמי ישראל, דימונה, נפת באר שבע, מחוז הדרום, 8604712, ישראל",6.5,92.4,94.8,אקליפטוס,94,partial,אקליפטוס,,partial,,,n/a,בשמת,2,mismatch,google_rev_at_osm_mismatch
001027-077042-00157-X,דימונה,מצדה,157,,8601224,street,31.061379,35.031181,OK,31.061391,35.031087,"Mesada St, Dimona, Israel",OK,31.060842,35.032399,"מצדה, ערבה, נווה גן, דימונה, נפת באר שבע, מחוז הדרום, 8604712, ישראל",9.1,130.6,139.2,מצדה,20,partial,מצדה,,partial,,,n/a,מצדה,38,partial,
001027-073567-02032-X,דימונה,כורזין,23,,,exact,31.054918,35.040332,OK,31.054946,35.040375,"Korazin St 23, Dimona, Israel",OK,31.055074,35.039466,"כורזין, ממשית, דימונה, נפת באר שבע, מחוז הדרום, 8604712, ישראל",5.2,84.4,87.9,כורזין,103,partial,כורזין,,partial,,,n/a,כורזין,120,partial,
001027-082292-00104-X,דימונה,כובשי אילת,104,,8603223,street,31.063645,35.039896,OK,31.062182,35.037604,"Kovshei Eilat St 104, Dimona, Israel",OK,31.064379,35.040286,"כובשי אילת, קהילת העבריים, נווה גן, דימונה, נפת באר שבע, מחוז הדרום, 8604712, ישראל",272.3,89.5,353.3,שדרות יגאל אלון,110,mismatch,כובשי אילת,,partial,,,n/a,,,mismatch,google_rev_at_govmap_mismatch;google_rev_at_osm_mismatch
001027-082292-00104-ד,דימונה,כובשי אילת,104,ד,8603227,street,31.063645,35.039896,OK,31.062182,35.037604,"Kovshei Eilat St 104, Dimona, Israel",OK,31.064379,35.040286,"כובשי אילת, קהילת העבריים, נווה גן, דימונה, נפת באר שבע, מחוז הדרום, 8604712, ישראל",272.3,89.5,353.3,שדרות יגאל אלון,110,mismatch,כובשי אילת,,partial,,,n/a,,,mismatch,google_rev_at_govmap_mismatch;google_rev_at_osm_mismatch
001027-082292-00104-ה,דימונה,כובשי אילת,104,ה,8603228,street,31.063645,35.039896,OK,31.062182,35.037604,"Kovshei Eilat St 104, Dimona, Israel",OK,31.064379,35.040286,"כובשי אילת, קהילת העבריים, נווה גן, דימונה, נפת באר שבע, מחוז הדרום, 8604712, ישראל",272.3,89.5,353.3,שדרות יגאל אלון,110,mismatch,כובשי אילת,,partial,,,n/a,,,mismatch,google_rev_at_govmap_mismatch;google_rev_at_osm_mismatch
001027-082292-00104-ו,דימונה,כובשי אילת,104,ו,8603229,street,31.063645,35.039896,OK,31.062182,35.037604,"Kovshei Eilat St 104, Dimona, Israel",OK,31.064379,35.040286,"כובשי אילת, קהילת העבריים, נווה גן, דימונה, נפת באר שבע, מחוז הדרום, 8604712, ישראל",272.3,89.5,353.3,שדרות יגאל אלון,110,mismatch,כובשי אילת,,partial,,,n/a,,,mismatch,google_rev_at_govmap_mismatch;google_rev_at_osm_mismatch
001027-082292-00104-ח,דימונה,כובשי אילת,104,ח,8603231,street,31.063645,35.039896,OK,31.062182,35.037604,"Kovshei Eilat St 104, Dimona, Israel",OK,31.064379,35.040286,"כובשי אילת, קהילת העבריים, נווה גן, דימונה, נפת באר שבע, מחוז הדרום, 8604712, ישראל",272.3,89.5,353.3,שדרות יגאל אלון,110,mismatch,כובשי אילת,,partial,,,n/a,,,mismatch,google_rev_at_govmap_mismatch;google_rev_at_osm_mismatch
001027-082292-00104-ט,דימונה,כובשי אילת,104,ט,8603232,street,31.063645,35.039896,OK,31.062182,35.037604,"Kovshei Eilat St 104, Dimona, Israel",OK,31.064379,35.040286,"כובשי אילת, קהילת העבריים, נווה גן, דימונה, נפת באר שבע, מחוז הדרום, 8604712, ישראל",272.3,89.5,353.3,שדרות יגאל אלון,110,mismatch,כובשי אילת,,partial,,,n/a,,,mismatch,google_rev_at_govmap_mismatch;google_rev_at_osm_mismatch
001027-082292-00104-י,דימונה,כובשי אילת,104,י,8603233,street,31.063645,35.039896,OK,31.062182,35.037604,"Kovshei Eilat St 104, Dimona, Israel",OK,31.064379,35.040286,"כובשי אילת, קהילת העבריים, נווה גן, דימונה, נפת באר שבע, מחוז הדרום, 8604712, ישראל",272.3,89.5,353.3,שדרות יגאל אלון,110,mismatch,כובשי אילת,,partial,,,n/a,,,mismatch,google_rev_at_govmap_mismatch;google_rev_at_osm_mismatch
001027-074211-00338-X,דימונה,התאנה,338,,8602727,street,31.064475,35.026879,OK,31.064692,35.028272,"HaTe'ena St 338, Dimona, Israel",OK,31.064491,35.026752,"התאנה, שבעת המינים, נווה גן, דימונה, נפת באר שבע, מחוז הדרום, 8604712, ישראל",135.1,12.3,146.8,התאנה,30,partial,התאנה,,partial,,,n/a,התאנה,25,partial,
001027-073567-02035-X,דימונה,הר כרמל,24,,,none,,,OK,31.085873,35.037211,"Carmel St 24, Dimona, Israel",OK,31.085597,35.038384,"הר כרמל, חכמי ישראל, דימונה, נפת באר שבע, מחוז הדרום, 8604712, ישראל",,,116.1,,,n/a,,,n/a,הר כרמל,,partial,,,mismatch,govmap_missing;google_rev_at_osm_mismatch
001027-073567-02036-X,דימונה,חצב,52,,,none,,,OK,31.078403,35.038426,"Khatsav St 52, Dimona, Israel",OK,31.077292,35.038835,"חצב, נאות הללי, נווה גן, דימונה, נפת באר שבע, מחוז הדרום, 8604712, ישראל",,,129.3,,,n/a,,,n/a,חצב,,partial,חצב,117,partial,govmap_missing
001027-073567-02037-X,דימונה,מבצע יואב,3,,,exact,31.073495,35.029914,OK,31.069419,35.033363,"Dimona, Israel",ZERO_RESULTS,,,,559.1,,,רחבת ההגנה,9,mismatch,ההגנה,,mismatch,,,n/a,,,n/a,osm_fwd_ZERO_RESULTS;google_rev_at_govmap_mismatch;osm_rev_at_govmap_mismatch
001027-073567-02038-X,דימונה,אשחר,2,,,exact,31.077843,35.042537,OK,31.077908,35.042413,"Esh'har St 2, Dimona, Israel",OK,31.078011,35.043457,"אשחר, נווה חורש, חכמי ישראל, דימונה, נפת באר שבע, מחוז הדרום, 8604712, ישראל",13.9,89.8,100.3,אשחר,4,partial,אשחר,,partial,,,n/a,אשחר,23,partial,
001027-077042-00148-X,דימונה,מצדה,148,,8601215,street,31.061379,35.031181,OK,31.061391,35.031087,"Mesada St, Dimona, Israel",OK,31.061408,35.030977,"מצדה, ערבה, נווה גן, דימונה, נפת באר שבע, מחוז הדרום, 8604712, ישראל",9.1,19.8,10.7,מצדה,20,partial,מצדה,,partial,,,n/a,מצדה,18,partial,
001027-073567-02040-X,דימונה,דרך הצנחנים,1073,,,none,,,OK,31.074284,35.030293,"HaTsanhanim St 1073, Dimona, Israel",ZERO_RESULTS,,,,,,,,,n/a,,,n/a,משעול רוגל,,mismatch,,,n/a,govmap_missing;osm_fwd_ZERO_RESULTS;osm_rev_at_google_mismatch
001027-073567-02041-X,דימונה,שטרן יאיר,4,,,none,,,OK,31.065888,35.024943,"Ya'ir Stern St 4, Dimona, Israel",OK,31.064984,35.025374,"יאיר שטרן, שבעת המינים, נווה גן, דימונה, נפת באר שבע, מחוז הדרום, 8604712, ישראל",,,108.3,,,n/a,,,n/a,,,mismatch,הגפן,40,mismatch,govmap_missing;osm_rev_at_google_mismatch;google_rev_at_osm_mismatch
001027-073567-02042-X,דימונה,ירמיה,1,,,exact,31.078028,35.035465,OK,31.078009,35.035407,"Yirmiya St 1, Dimona, Israel",OK,31.079286,35.035978,"ירמיה, נאות הללי, נווה גן, דימונה, נפת באר שבע, מחוז הדרום, 8604712, ישראל",5.9,147.7,151.7,ירמיה,1,match,ירמיה,,partial,,,n/a,עמוס,2,mismatch,google_rev_at_osm_mismatch
001027-073567-02043-X,דימונה,תל אפק,19,,,exact,31.055437,35.034314,OK,31.055470,35.034265,"Tel Afek St 19, Dimona, Israel",OK,31.055892,35.034133,"תל אפק, ערבה, נווה גן, דימונה, נפת באר שבע, מחוז הדרום, 8604712, ישראל",5.8,53.2,48.5,תל אפק,30,partial,תל אפק,,partial,,,n/a,,,mismatch,google_rev_at_osm_mismatch
001027-073567-02044-X,דימונה,גמלא,27,,,exact,31.056947,35.036442,OK,31.056978,35.036388,"Gamla St 27, Dimona, Israel",OK,31.058564,35.034384,"גמלא, ערבה, נווה גן, דימונה, נפת באר שבע, מחוז הדרום, 8604712, ישראל",6.2,266.0,259.8,קיסריה,1,mismatch,,,mismatch,,,n/a,,,mismatch,google_rev_at_govmap_mismatch;osm_rev_at_govmap_mismatch;google_rev_at_osm_mismatch
001027-073567-02045-X,דימונה,מבצע חורב,8,,,exact,31.073670,35.029257,OK,31.073819,35.029378,"Mivtsa Khorev St 8, Dimona, Israel",ZERO_RESULTS,,,,20.1,,,רחבת ההגנה,8,mismatch,"הפלמ""ח",,mismatch,,,n/a,,,n/a,osm_fwd_ZERO_RESULTS;google_rev_at_govmap_mismatch;osm_rev_at_govmap_mismatch
001027-079550-00550-X,דימונה,האורן,550,,8602931,street,31.065651,35.028785,OK,31.065945,35.029927,"HaOren St, Dimona, Israel",OK,31.066104,35.029244,"האורן, שבעת המינים, נווה גן, דימונה, נפת באר שבע, מחוז הדרום, 8604712, ישראל",113.8,66.7,67.6,הגפן,1,mismatch,האורן,,partial,,,n/a,האורן,13,partial,google_rev_at_govmap_mismatch
001027-073567-02047-X,דימונה,שד הנשיא,51,,,exact,31.062945,35.030596,OK,31.065204,35.031830,"Sderot HaNassi 51, Dimona, Israel",ZERO_RESULTS,,,,276.7,,,שדרות הנשיא,3,partial,שדרות אריאל שרון,,mismatch,,,n/a,,,n/a,osm_fwd_ZERO_RESULTS;osm_rev_at_govmap_mismatch
001027-073567-02048-X,דימונה,שיבטה,6,,,exact,31.055895,35.039373,OK,31.055512,35.038922,"Shivta St 6, Dimona, Israel",OK,31.056028,35.039349,"שיבטה, ממשית, נווה גן, דימונה, נפת באר שבע, מחוז הדרום, 8604712, ישראל",60.5,14.9,70.3,תל ערד,587,mismatch,שיבטה,,partial,,,n/a,שיבטה,184,partial,google_rev_at_govmap_mismatch
001027-073567-02049-X,דימונה,דוד אלעזר,1163,,,none,,,OK,31.073809,35.039707,"David Elazar St, Dimona, Israel",OK,31.073819,35.039614,"דוד אלעזר, חכמי ישראל, נווה גן, דימונה, נפת באר שבע, מחוז הדרום, 8604712, ישראל",,,9.0,,,n/a,,,n/a,דוד אלעזר,,partial,דוד אלעזר,172,partial,govmap_missing
001027-085985-00090-X,דימונה,דוד אלעזר,90,,8616216,street,31.073801,35.039678,OK,31.073842,35.040597,"David Elazar St 90, Dimona, Israel",OK,31.073819,35.039614,"דוד אלעזר, חכמי ישראל, נווה גן, דימונה, נפת באר שבע, מחוז הדרום, 8604712, ישראל",87.8,6.5,93.9,דוד אלעזר,172,partial,דוד אלעזר,,partial,,,n/a,דוד אלעזר,172,partial,
001027-073567-02051-X,דימונה,ליבנה,17,,,none,,,OK,31.079956,35.040891,"Livne St 17, Dimona, Israel",OK,31.079424,35.040947,"ליבנה, נווה חורש, חכמי ישראל, דימונה, נפת באר שבע, מחוז הדרום, 8604712, ישראל",,,59.2,,,n/a,,,n/a,ליבנה,,partial,דפנה,36,mismatch,govmap_missing;google_rev_at_osm_mismatch
001027-082052-00207-X,דימונה,בר כוכבא,207,,8604632,exact,31.064480,35.036534,OK,31.064469,35.036716,"Bar Kochva St 207, Dimona, Israel",OK,31.064570,35.036260,"בר כוכבא, גיורא יוספטל, נווה גן, דימונה, נפת באר שבע, מחוז הדרום, 8604712, ישראל",17.4,28.1,45.0,בר כוכבא,207,match,,,mismatch,,,n/a,בר כוכבא,207,match,osm_rev_at_govmap_mismatch
001027-082052-00207-א,דימונה,בר כוכבא,207,א,8604633,exact,31.064480,35.036534,OK,31.064469,35.036716,"Bar Kochva St 207, Dimona, Israel",OK,31.064570,35.036260,"בר כוכבא, גיורא יוספטל, נווה גן, דימונה, נפת באר שבע, מחוז הדרום, 8604712, ישראל",17.4,28.1,45.0,בר כוכבא,207,match,,,mismatch,,,n/a,בר כוכבא,207,match,osm_rev_at_govmap_mismatch
001027-082052-00207-ב,דימונה,בר כוכבא,207,ב,8604634,exact,31.064480,35.036534,OK,31.064469,35.036716,"Bar Kochva St 207, Dimona, Israel",OK,31.064570,35.036260,"בר כוכבא, גיורא יוספטל, נווה גן, דימונה, נפת באר שבע, מחוז הדרום, 8604712, ישראל",17.4,28.1,45.0,בר כוכבא,207,match,,,mismatch,,,n/a,בר כוכבא,207,match,osm_rev_at_govmap_mismatch
001027-082052-00207-ד,דימונה,בר כוכבא,207,ד,8604636,exact,31.064480,35.036534,OK,31.064469,35.036716,"Bar Kochva St 207, Dimona, Israel",OK,31.064570,35.036260,"בר כוכבא, גיורא יוספטל, נווה גן, דימונה, נפת באר שבע, מחוז הדרום, 8604712, ישראל",17.4,28.1,45.0,בר כוכבא,207,match,,,mismatch,,,n/a,בר כוכבא,207,match,osm_rev_at_govmap_mismatch
001027-073567-02053-X,דימונה,שד יגאל אלון,31,,,exact,31.063632,35.036342,OK,31.063107,35.033886,"Sderot Yig'al Alon 31, Dimona, Israel",ZERO_RESULTS,,,,241.6,,,יגאל אלון,31,match,,,mismatch,,,n/a,,,n/a,osm_fwd_ZERO_RESULTS;osm_rev_at_govmap_mismatch
001027-073567-02053-X,דימונה,שד יגאל אלון,31,,,exact,31.063632,35.036342,OK,31.063107,35.033886,"Sderot Yig'al Alon 31, Dimona, Israel",ZERO_RESULTS,,,,241.6,,,יגאל אלון,31,match,,,mismatch,,,n/a,,,n/a,osm_fwd_ZERO_RESULTS;osm_rev_at_govmap_mismatch
001027-073567-02053-X,דימונה,שד יגאל אלון,31,,,exact,31.063632,35.036342,OK,31.063107,35.033886,"Sderot Yig'al Alon 31, Dimona, Israel",ZERO_RESULTS,,,,241.6,,,יגאל אלון,31,match,,,mismatch,,,n/a,,,n/a,osm_fwd_ZERO_RESULTS;osm_rev_at_govmap_mismatch
001027-073567-02053-X,דימונה,שד יגאל אלון,31,,,exact,31.063632,35.036342,OK,31.063107,35.033886,"Sderot Yig'al Alon 31, Dimona, Israel",ZERO_RESULTS,,,,241.6,,,יגאל אלון,31,match,,,mismatch,,,n/a,,,n/a,osm_fwd_ZERO_RESULTS;osm_rev_at_govmap_mismatch
001027-073567-02053-X,דימונה,שד יגאל אלון,31,,,exact,31.063632,35.036342,OK,31.063107,35.033886,"Sderot Yig'al Alon 31, Dimona, Israel",ZERO_RESULTS,,,,241.6,,,יגאל אלון,31,match,,,mismatch,,,n/a,,,n/a,osm_fwd_ZERO_RESULTS;osm_rev_at_govmap_mismatch
001027-084626-00013-X,דימונה,עלית הנוער,13,,8605027,street,31.071020,35.030575,OK,31.070229,35.030623,"Aliyat Hano'ar St, Dimona, Israel",ZERO_RESULTS,,,,87.8,,,שדרות גולדה מאיר,1003,mismatch,יצחק צוקרמן,1012,mismatch,,,n/a,,,n/a,osm_fwd_ZERO_RESULTS;google_rev_at_govmap_mismatch;osm_rev_at_govmap_mismatch
001027-073567-02055-X,דימונה,שיזף,67,,,exact,31.081635,35.037716,OK,31.081658,35.037706,"Sheizaf St 67, Dimona, Israel",OK,31.080967,35.036214,"שיזף, נאות הללי, נווה גן, דימונה, נפת באר שבע, מחוז הדרום, 8604712, ישראל",2.7,161.3,161.7,שיזף,67,match,ציפורן,,mismatch,,,n/a,שיזף,156,partial,osm_rev_at_govmap_mismatch
001027-073567-02056-X,דימונה,חצב,12,,,exact,31.077384,35.038873,OK,31.077410,35.038795,"Khatsav St 12, Dimona, Israel",OK,31.077292,35.038835,"חצב, נאות הללי, נווה גן, דימונה, נפת באר שבע, מחוז הדרום, 8604712, ישראל",7.9,10.9,13.6,חצב,12,match,חצב,,partial,,,n/a,חצב,117,partial,
001027-073567-02057-X,דימונה,המעלה,33,,,exact,31.070650,35.042486,OK,31.072126,35.040254,"Ha-Ma'ale St 33, Dimona, Israel",OK,31.071954,35.041293,"המעלה, הגבעה, חכמי ישראל, דימונה, נפת באר שבע, מחוז הדרום, 8604712, ישראל",268.6,184.0,101.0,המעלה,251,partial,המעלה,,partial,,,n/a,המעלה,24,partial,
001027-073567-02058-X,דימונה,טופח,34,,,exact,31.081713,35.042474,OK,31.081693,35.042459,"Tofakh St 34, Dimona, Israel",OK,31.081167,35.041568,"טופח, נווה חורש, חכמי ישראל, דימונה, נפת באר שבע, מחוז הדרום, 8604712, ישראל",2.7,105.6,103.1,טופח,202,partial,סיגלון,,mismatch,,,n/a,שיזף,39,mismatch,osm_rev_at_govmap_mismatch;google_rev_at_osm_mismatch
001027-073567-02059-X,דימונה,המסגר,7,,,none,,,OK,31.064561,35.018119,"HaMasger St 7, Dimona, Israel",OK,31.064370,35.018441,"המסגר, אזור תעשייה קריית עמל, נווה גן, דימונה, נפת באר שבע, מחוז הדרום, 8604712, ישראל",,,37.4,,,n/a,,,n/a,המסגר,,partial,המסגר,62,partial,govmap_missing
001027-073567-02060-X,דימונה,משעול חירם,10,,,exact,31.073417,35.028737,OK,31.073767,35.028521,"Hiram St 10, Dimona, Israel",ZERO_RESULTS,,,,43.9,,,משעול רוגל,15,partial,ארז,,mismatch,,,n/a,,,n/a,osm_fwd_ZERO_RESULTS;osm_rev_at_govmap_mismatch
001027-073567-02061-X,דימונה,בבא סאלי,90,,,exact,31.060908,35.033930,OK,31.062001,35.036038,"Baba Sali St 90, Dimona, Israel",OK,31.060631,35.032487,"בבא סאלי, ערבה, נווה גן, דימונה, נפת באר שבע, מחוז הדרום, 8604712, ישראל",234.8,141.1,371.4,בבא סאלי,169,partial,עיינות,,mismatch,,,n/a,בבא סאלי,166,partial,osm_rev_at_govmap_mismatch
001027-081870-00215-X,דימונה,"מ""ג המעפילים",215,,8604702,street,31.065617,35.034592,OK,31.063913,35.034084,"מ""ג, HaMa'apil St 215, Dimona, 8604702, Israel",OK,31.065658,35.034543,"מ""ג המעפילים, גיורא יוספטל, נווה גן, דימונה, נפת באר שבע, מחוז הדרום, 8604712, ישראל",195.0,6.5,198.4,"מ""ד המעפילים",245,partial,"מ""ג המעפילים",,partial,,,n/a,"מ""ד המעפילים",245,partial,
001027-081870-00215-א,דימונה,"מ""ג המעפילים",215,א,8604703,street,31.065617,35.034592,OK,31.063913,35.034084,"מ""ג, HaMa'apil St 215, Dimona, 8604702, Israel",OK,31.065658,35.034543,"מ""ג המעפילים, גיורא יוספטל, נווה גן, דימונה, נפת באר שבע, מחוז הדרום, 8604712, ישראל",195.0,6.5,198.4,"מ""ד המעפילים",245,partial,"מ""ג המעפילים",,partial,,,n/a,"מ""ד המעפילים",245,partial,
001027-081870-00215-ב,דימונה,"מ""ג המעפילים",215,ב,8604704,street,31.065617,35.034592,OK,31.063913,35.034084,"מ""ג, HaMa'apil St 215, Dimona, 8604702, Israel",OK,31.065658,35.034543,"מ""ג המעפילים, גיורא יוספטל, נווה גן, דימונה, נפת באר שבע, מחוז הדרום, 8604712, ישראל",195.0,6.5,198.4,"מ""ד המעפילים",245,partial,"מ""ג המעפילים",,partial,,,n/a,"מ""ד המעפילים",245,partial,
001027-081870-00215-ד,דימונה,"מ""ג המעפילים",215,ד,8604706,street,31.065617,35.034592,OK,31.063913,35.034084,"מ""ג, HaMa'apil St 215, Dimona, 8604702, Israel",OK,31.065658,35.034543,"מ""ג המעפילים, גיורא יוספטל, נווה גן, דימונה, נפת באר שבע, מחוז הדרום, 8604712, ישראל",195.0,6.5,198.4,"מ""ד המעפילים",245,partial,"מ""ג המעפילים",,partial,,,n/a,"מ""ד המעפילים",245,partial,
001027-073567-02063-X,דימונה,הר ארבל,39,,,exact,31.086164,35.037566,OK,31.086303,35.037597,"Arbel St 39, Dimona, Israel",OK,31.085483,35.039804,"הר ארבל, חכמי ישראל, דימונה, נפת באר שבע, מחוז הדרום, 8604712, ישראל",15.7,226.5,229.4,,,mismatch,הר ארבל,,partial,,,n/a,חרמון,2,mismatch,google_rev_at_govmap_mismatch;google_rev_at_osm_mismatch
001027-073567-02064-X,דימונה,ציפורי,16,,,exact,31.055537,35.035909,OK,31.055635,35.036060,"Tsipori St 16, Dimona, Israel",OK,31.054218,35.038395,"ציפורי, ממשית, דימונה, נפת באר שבע, מחוז הדרום, 8604712, ישראל",18.1,278.8,272.7,ציפורי,17,partial,ציפורי,,partial,,,n/a,ציפורי,137,partial,
001027-078072-00066-X,דימונה,קדש,66,,8601639,street,31.058609,35.028935,OK,31.058271,35.027892,"Kadesh St 66, Dimona, Israel",OK,31.058632,35.029266,"קדש, ערבה, נווה גן, דימונה, נפת באר שבע, מחוז הדרום, 8604712, ישראל",106.3,31.8,137.2,קדש,20,partial,קדש,,partial,,,n/a,קדש,12,partial,
001027-073567-02066-X,דימונה,מילרוד אליעזר,12,,,exact,31.064806,35.040116,OK,31.064802,35.040083,"Eli'ezer Milrod St 12, Dimona, Israel",OK,31.065017,35.039996,"אליעזר מילרוד, קהילת העבריים, נווה גן, דימונה, נפת באר שבע, מחוז הדרום, 8604712, ישראל",3.1,26.1,25.2,אליעזר מילרוד,1620,partial,אליעזר מילרוד,,partial,,,n/a,עבדת,1,mismatch,google_rev_at_osm_mismatch
001027-073567-02067-X,דימונה,מולדה,29,,,none,,,OK,31.074613,35.028582,"Molada St 29, Dimona, Israel",OK,31.075288,35.030167,"מולדה, נווה דוד, נווה גן, דימונה, נפת באר שבע, מחוז הדרום, 8604712, ישראל",,,168.8,,,n/a,,,n/a,,,mismatch,יגור,11,mismatch,govmap_missing;osm_rev_at_google_mismatch;google_rev_at_osm_mismatch
001027-073567-02068-X,דימונה,חטיבת גבעתי,5,,,none,,,OK,31.075162,35.027329,"Khativat Giv'ati St, Dimona, Israel",OK,31.075176,35.027339,"חטיבת גבעתי, נווה דוד, נווה גן, דימונה, נפת באר שבע, מחוז הדרום, 8604712, ישראל",,,1.8,,,n/a,,,n/a,חטיבת גבעתי,,partial,חטיבת גבעתי,175,partial,govmap_missing
001027-073567-02069-X,דימונה,חצב,44,,,none,,,OK,31.078403,35.038426,"Khatsav St 44, Dimona, Israel",OK,31.077292,35.038835,"חצב, נאות הללי, נווה גן, דימונה, נפת באר שבע, מחוז הדרום, 8604712, ישראל",,,129.3,,,n/a,,,n/a,חצב,,partial,חצב,117,partial,govmap_missing
001027-073567-02070-X,דימונה,שיזף,158,,,exact,31.081126,35.036265,OK,31.081115,35.036200,"Sheizaf St 158, Dimona, Israel",OK,31.079787,35.043578,"שיזף, נווה חורש, חכמי ישראל, דימונה, נפת באר שבע, מחוז הדרום, 8604712, ישראל",6.3,713.5,719.3,שיזף,158,match,שיזף,,partial,,,n/a,,,mismatch,google_rev_at_osm_mismatch
001027-073567-02071-X,דימונה,מבצע ברוש,6,,,none,,,OK,31.072563,35.028346,"Mivtsa Brosh St 6, Dimona, Israel",OK,31.072363,35.028065,"מבצע ברוש, הנצחון, נווה גן, דימונה, נפת באר שבע, מחוז הדרום, 8604712, ישראל",,,34.8,,,n/a,,,n/a,מבצע ברוש,,partial,יצחק שדה,1019,mismatch,govmap_missing;google_rev_at_osm_mismatch
001027-084216-01620-X,דימונה,מילרוד אליעזר,1620,,8604515,street,31.065002,35.040027,OK,31.064792,35.040144,"Eli'ezer Milrod St 1620, Dimona, Israel",OK,31.065017,35.039996,"אליעזר מילרוד, קהילת העבריים, נווה גן, דימונה, נפת באר שבע, מחוז הדרום, 8604712, ישראל",25.7,3.4,28.6,עבדת,1,mismatch,אליעזר מילרוד,,partial,,,n/a,עבדת,1,mismatch,google_rev_at_govmap_mismatch;google_rev_at_osm_mismatch
001027-073567-02073-X,דימונה,בבא סאלי,102,,,exact,31.061171,35.034961,OK,31.061225,35.034912,"Baba Sali St 102, Dimona, Israel",OK,31.060631,35.032487,"בבא סאלי, ערבה, נווה גן, דימונה, נפת באר שבע, מחוז הדרום, 8604712, ישראל",7.6,243.6,240.6,בבא סאלי,181,partial,בבא סאלי,,partial,,,n/a,בבא סאלי,166,partial,
001027-078222-00141-X,דימונה,ניצנה,141,,8601338,street,31.060391,35.031586,OK,31.060655,35.031318,"Nitsana St, Dimona, Israel",OK,31.060342,35.032049,"בבא סאלי/ניצנה, בבא סאלי, ערבה, נווה גן, דימונה, נפת באר שבע, מחוז הדרום, 8604712, ישראל",38.8,44.6,77.9,ניצנה,4,partial,בבא סאלי,,mismatch,,,n/a,,,mismatch,osm_rev_at_govmap_mismatch;google_rev_at_osm_mismatch
001027-073822-00261-X,דימונה,?,261,,8601149,none,,,OK,31.069419,35.033363,"Dimona, Israel",OK,31.068661,35.036648,"דימונה, נפת באר שבע, מחוז הדרום, 8604712, ישראל",,,324.6,,,n/a,,,n/a,טיילת הספורט,,mismatch,שדרות הרצל,16,mismatch,govmap_missing;osm_rev_at_google_mismatch;google_rev_at_osm_mismatch
001027-073567-02076-X,דימונה,קיסריה,5,,,exact,31.057342,35.037070,OK,31.057353,35.036948,"Caesarea St 5, Dimona, Israel",OK,31.057386,35.037868,"קיסריה, ממשית, נווה גן, דימונה, נפת באר שבע, מחוז הדרום, 8604712, ישראל",11.7,76.4,87.9,קיסריה,5,match,קיסריה,,partial,,,n/a,קיסריה,11,partial,
001027-073567-02077-X,דימונה,חטיבת אלכסנדרוני,4084,,,none,,,OK,31.076087,35.030152,"Hativat Alexandroni St, Dimona, Israel",OK,31.076119,35.030122,"חטיבת אלכסנדרוני, נווה דוד, נווה גן, דימונה, נפת באר שבע, מחוז הדרום, 8604712, ישראל",,,4.5,,,n/a,,,n/a,חטיבת אלכסנדרוני,,partial,חטיבת אלכסנדרוני,86,partial,govmap_missing
001027-073567-02078-X,דימונה,יודפת,9,,,exact,31.055798,35.035536,OK,31.055855,35.035531,"Yodfat St 9, Dimona, Israel",OK,31.055625,35.035432,"יודפת, ממשית, דימונה, נפת באר שבע, מחוז הדרום, 8604712, ישראל",6.3,21.6,27.2,יודפת,11,partial,יודפת,,partial,,,n/a,יודפת,14,partial,
001027-073567-02079-X,דימונה,שדה יצחק,1018,,,none,,,OK,31.071901,35.027000,"Yitshak Sadeh St 1018, Dimona, Israel",OK,31.074198,35.026817,"יצחק שדה, נווה דוד, נווה גן, דימונה, נפת באר שבע, מחוז הדרום, 8604712, ישראל",,,255.3,,,n/a,,,n/a,יצחק שדה,,partial,,,mismatch,govmap_missing;google_rev_at_osm_mismatch
001027-073567-02080-X,דימונה,עין גדי,4,,,exact,31.058465,35.033864,OK,31.058400,35.033716,"Ein Gedi St 4, Dimona, Israel",OK,31.058314,35.033716,"עין גדי, ערבה, נווה גן, דימונה, נפת באר שבע, מחוז הדרום, 8604712, ישראל",15.9,21.9,9.5,,,mismatch,עין גדי,,partial,,,n/a,בית שערים,2,mismatch,google_rev_at_govmap_mismatch;google_rev_at_osm_mismatch
001027-073567-02081-X,דימונה,דוד אלעזר,524,,,none,,,OK,31.073809,35.039707,"David Elazar St, Dimona, Israel",OK,31.073819,35.039614,"דוד אלעזר, חכמי ישראל, נווה גן, דימונה, נפת באר שבע, מחוז הדרום, 8604712, ישראל",,,9.0,,,n/a,,,n/a,דוד אלעזר,,partial,דוד אלעזר,172,partial,govmap_missing
001027-075520-01004-X,דימונה,שד גולדה מאיר,1004,,8605814,street,31.074634,35.031562,OK,31.070720,35.031544,"Sderot Golda Me'ir 1004, Dimona, Israel",OK,31.068233,35.032140,"שד׳ גולדה מאיר/שד׳ הרצל, שדרות גולדה מאיר, הנצחון, נווה גן, דימונה, נפת באר שבע, מחוז הדרום, 8604712, ישראל",434.0,711.9,281.6,שדרות גולדה מאיר,1,partial,שדרות גולדה מאיר,,partial,,,n/a,,,mismatch,google_rev_at_osm_mismatch
001027-075520-01004-א,דימונה,שד גולדה מאיר,1004,א,8605815,street,31.074634,35.031562,OK,31.070720,35.031544,"Sderot Golda Me'ir 1004, Dimona, Israel",OK,31.068233,35.032140,"שד׳ גולדה מאיר/שד׳ הרצל, שדרות גולדה מאיר, הנצחון, נווה גן, דימונה, נפת באר שבע, מחוז הדרום, 8604712, ישראל",434.0,711.9,281.6,שדרות גולדה מאיר,1,partial,שדרות גולדה מאיר,,partial,,,n/a,,,mismatch,google_rev_at_osm_mismatch
001027-075520-01004-ג,דימונה,שד גולדה מאיר,1004,ג,8605817,street,31.074634,35.031562,OK,31.070720,35.031544,"Sderot Golda Me'ir 1004, Dimona, Israel",OK,31.068233,35.032140,"שד׳ גולדה מאיר/שד׳ הרצל, שדרות גולדה מאיר, הנצחון, נווה גן, דימונה, נפת באר שבע, מחוז הדרום, 8604712, ישראל",434.0,711.9,281.6,שדרות גולדה מאיר,1,partial,שדרות גולדה מאיר,,partial,,,n/a,,,mismatch,google_rev_at_osm_mismatch
001027-083633-01204-X,דימונה,דרך השלום,1204,,8617703,street,31.073322,35.036527,OK,31.072614,35.035254,"Derech HaShalom 1204, Dimona, Israel",ZERO_RESULTS,,,,144.6,,,דרך השלום,28,partial,נבטים,,mismatch,,,n/a,,,n/a,osm_fwd_ZERO_RESULTS;osm_rev_at_govmap_mismatch
001027-073567-02084-X,דימונה,מונפור,11,,,none,,,OK,31.055034,35.035927,"Monfor St 11, Dimona, Israel",OK,31.054811,35.035305,"מונפור, ממשית, דימונה, נפת באר שבע, מחוז הדרום, 8604712, ישראל",,,64.3,,,n/a,,,n/a,מונפור,,partial,,,mismatch,govmap_missing;google_rev_at_osm_mismatch
001027-073567-02085-X,דימונה,רחבת יונתן,12,,,none,,,OK,31.069419,35.033363,"Dimona, Israel",ZERO_RESULTS,,,,,,,,,n/a,,,n/a,טיילת הספורט,,mismatch,,,n/a,govmap_missing;osm_fwd_ZERO_RESULTS;osm_rev_at_google_mismatch
001027-073567-02086-X,דימונה,אקליפטוס,27,,,exact,31.078730,35.042131,OK,31.078762,35.042125,"Ekaliptus St 27, Dimona, Israel",OK,31.078885,35.042295,"אקליפטוס, נווה חורש, חכמי ישראל, דימונה, נפת באר שבע, מחוז הדרום, 8604712, ישראל",3.7,23.2,21.2,אקליפטוס,27,match,מורן החורש,,mismatch,,,n/a,בשמת,2,mismatch,osm_rev_at_govmap_mismatch;google_rev_at_osm_mismatch
001027-073567-02087-X,דימונה,מבצע ברוש,8,,,none,,,OK,31.072471,35.028377,"Mivtsa Brosh St 8, Dimona, Israel",OK,31.072363,35.028065,"מבצע ברוש, הנצחון, נווה גן, דימונה, נפת באר שבע, מחוז הדרום, 8604712, ישראל",,,32.0,,,n/a,,,n/a,מבצע ברוש,,partial,יצחק שדה,1019,mismatch,govmap_missing;google_rev_at_osm_mismatch
001027-080813-00081-א,דימונה,קציעות,81,א,8601811,street,31.061612,35.033568,OK,31.061428,35.033011,"Ktsi'ot St 81, Dimona, Israel",ZERO_RESULTS,,,,56.9,,,קציעות,10,partial,סביון,,mismatch,,,n/a,,,n/a,osm_fwd_ZERO_RESULTS;osm_rev_at_govmap_mismatch
001027-080813-00081-ב,דימונה,קציעות,81,ב,8601812,street,31.061612,35.033568,OK,31.061428,35.033011,"Ktsi'ot St 81, Dimona, Israel",ZERO_RESULTS,,,,56.9,,,קציעות,10,partial,סביון,,mismatch,,,n/a,,,n/a,osm_fwd_ZERO_RESULTS;osm_rev_at_govmap_mismatch
001027-080813-00081-ג,דימונה,קציעות,81,ג,8601813,street,31.061612,35.033568,OK,31.061428,35.033011,"Ktsi'ot St 81, Dimona, Israel",ZERO_RESULTS,,,,56.9,,,קציעות,10,partial,סביון,,mismatch,,,n/a,,,n/a,osm_fwd_ZERO_RESULTS;osm_rev_at_govmap_mismatch
001027-073567-02089-X,דימונה,הפסגה,14,,,exact,31.073080,35.040078,OK,31.069419,35.033363,"Dimona, Israel",OK,31.072372,35.041739,"הפסגה, הגבעה, חכמי ישראל, דימונה, נפת באר שבע, מחוז הדרום, 8604712, ישראל",758.6,176.9,863.9,הפיסגה,14,mismatch,הפסגה,,partial,,,n/a,המעלה,56,mismatch,google_rev_at_govmap_mismatch;google_rev_at_osm_mismatch
001027-081676-00751-X,דימונה,רקפת,751,,8603806,street,31.063081,35.032732,OK,31.062897,35.032743,"Rakefet St, Dimona, Israel",OK,31.062513,35.032720,"רקפת, ערבה, נווה גן, דימונה, נפת באר שבע, מחוז הדרום, 8604712, ישראל",20.3,62.9,42.7,רקפת,4,partial,רקפת,22,partial,,,n/a,שדרות יגאל אלון,751,mismatch,google_rev_at_osm_mismatch
001027-080737-00034-X,דימונה,רחבת אורון,34,,8610822,street,31.063830,35.030479,OK,31.063763,35.030924,"Oron St 34, Dimona, Israel",ZERO_RESULTS,,,,43.1,,,שדרות הנשיא,153,mismatch,אורון,,partial,,,n/a,,,n/a,osm_fwd_ZERO_RESULTS;google_rev_at_govmap_mismatch
001027-073567-02092-X,דימונה,יגור,35,,,none,,,OK,31.075292,35.028540,"Yagur St 35, Dimona, Israel",OK,31.075075,35.029065,"יגור, נווה דוד, נווה גן, דימונה, נפת באר שבע, מחוז הדרום, 8604712, ישראל",,,55.5,,,n/a,,,n/a,יגור,,partial,מולדה,157,mismatch,govmap_missing;google_rev_at_osm_mismatch
001027-073567-02093-X,דימונה,המסגר,9,,,none,,,OK,31.064561,35.018119,"HaMasger St 9, Dimona, Israel",OK,31.064370,35.018441,"המסגר, אזור תעשייה קריית עמל, נווה גן, דימונה, נפת באר שבע, מחוז הדרום, 8604712, ישראל",,,37.4,,,n/a,,,n/a,המסגר,,partial,המסגר,62,partial,govmap_missing
001027-079550-00540-X,דימונה,האורן,540,,8602923,street,31.065651,35.028785,OK,31.065945,35.029927,"HaOren St, Dimona, Israel",OK,31.066104,35.029244,"האורן, שבעת המינים, נווה גן, דימונה, נפת באר שבע, מחוז הדרום, 8604712, ישראל",113.8,66.7,67.6,הגפן,1,mismatch,האורן,,partial,,,n/a,האורן,13,partial,google_rev_at_govmap_mismatch
001027-080850-00234-X,דימונה,הרצל,234,,8604119,street,31.067532,35.030913,OK,31.069419,35.033363,"Dimona, Israel",OK,31.064267,35.021912,"שדרות הרצל, שבעת המינים, נווה גן, דימונה, נפת באר שבע, מחוז הדרום, 8604712, ישראל",313.8,932.3,1233.2,שדרות הרצל,61,partial,שדרות הרצל,,partial,,,n/a,,,mismatch,google_rev_at_osm_mismatch
001027-080850-00234-א,דימונה,הרצל,234,א,8604120,street,31.067532,35.030913,OK,31.069419,35.033363,"Dimona, Israel",OK,31.064267,35.021912,"שדרות הרצל, שבעת המינים, נווה גן, דימונה, נפת באר שבע, מחוז הדרום, 8604712, ישראל",313.8,932.3,1233.2,שדרות הרצל,61,partial,שדרות הרצל,,partial,,,n/a,,,mismatch,google_rev_at_osm_mismatch
001027-080850-00234-ב,דימונה,הרצל,234,ב,8604121,street,31.067532,35.030913,OK,31.069419,35.033363,"Dimona, Israel",OK,31.064267,35.021912,"שדרות הרצל, שבעת המינים, נווה גן, דימונה, נפת באר שבע, מחוז הדרום, 8604712, ישראל",313.8,932.3,1233.2,שדרות הרצל,61,partial,שדרות הרצל,,partial,,,n/a,,,mismatch,google_rev_at_osm_mismatch
001027-080850-00234-ג,דימונה,הרצל,234,ג,8604122,street,31.067532,35.030913,OK,31.069419,35.033363,"Dimona, Israel",OK,31.064267,35.021912,"שדרות הרצל, שבעת המינים, נווה גן, דימונה, נפת באר שבע, מחוז הדרום, 8604712, ישראל",313.8,932.3,1233.2,שדרות הרצל,61,partial,שדרות הרצל,,partial,,,n/a,,,mismatch,google_rev_at_osm_mismatch
001027-080850-00234-ד,דימונה,הרצל,234,ד,8604123,street,31.067532,35.030913,OK,31.069419,35.033363,"Dimona, Israel",OK,31.064267,35.021912,"שדרות הרצל, שבעת המינים, נווה גן, דימונה, נפת באר שבע, מחוז הדרום, 8604712, ישראל",313.8,932.3,1233.2,שדרות הרצל,61,partial,שדרות הרצל,,partial,,,n/a,,,mismatch,google_rev_at_osm_mismatch
001027-073567-02096-X,דימונה,כובשי אילת,103,,,exact,31.061857,35.037960,OK,31.061913,35.038458,"Kovshei Eilat St 103, Dimona, Israel",OK,31.062631,35.039225,"כובשי אילת, קהילת העבריים, נווה גן, דימונה, נפת באר שבע, מחוז הדרום, 8604712, ישראל",48.0,148.2,108.2,כובשי אילת,2,partial,כובשי אילת,,partial,,,n/a,,,mismatch,google_rev_at_osm_mismatch
001027-073567-02096-X,דימונה,כובשי אילת,103,,,exact,31.061857,35.037960,OK,31.061913,35.038458,"Kovshei Eilat St 103, Dimona, Israel",OK,31.062631,35.039225,"כובשי אילת, קהילת העבריים, נווה גן, דימונה, נפת באר שבע, מחוז הדרום, 8604712, ישראל",48.0,148.2,108.2,כובשי אילת,2,partial,כובשי אילת,,partial,,,n/a,,,mismatch,google_rev_at_osm_mismatch
001027-073567-02096-X,דימונה,כובשי אילת,103,,,exact,31.061857,35.037960,OK,31.061913,35.038458,"Kovshei Eilat St 103, Dimona, Israel",OK,31.062631,35.039225,"כובשי אילת, קהילת העבריים, נווה גן, דימונה, נפת באר שבע, מחוז הדרום, 8604712, ישראל",48.0,148.2,108.2,כובשי אילת,2,partial,כובשי אילת,,partial,,,n/a,,,mismatch,google_rev_at_osm_mismatch
001027-073567-02096-X,דימונה,כובשי אילת,103,,,exact,31.061857,35.037960,OK,31.061913,35.038458,"Kovshei Eilat St 103, Dimona, Israel",OK,31.062631,35.039225,"כובשי אילת, קהילת העבריים, נווה גן, דימונה, נפת באר שבע, מחוז הדרום, 8604712, ישראל",48.0,148.2,108.2,כובשי אילת,2,partial,כובשי אילת,,partial,,,n/a,,,mismatch,google_rev_at_osm_mismatch
001027-073567-02096-X,דימונה,כובשי אילת,103,,,exact,31.061857,35.037960,OK,31.061913,35.038458,"Kovshei Eilat St 103, Dimona, Israel",OK,31.062631,35.039225,"כובשי אילת, קהילת העבריים, נווה גן, דימונה, נפת באר שבע, מחוז הדרום, 8604712, ישראל",48.0,148.2,108.2,כובשי אילת,2,partial,כובשי אילת,,partial,,,n/a,,,mismatch,google_rev_at_osm_mismatch
001027-073567-02096-X,דימונה,כובשי אילת,103,,,exact,31.061857,35.037960,OK,31.061913,35.038458,"Kovshei Eilat St 103, Dimona, Israel",OK,31.062631,35.039225,"כובשי אילת, קהילת העבריים, נווה גן, דימונה, נפת באר שבע, מחוז הדרום, 8604712, ישראל",48.0,148.2,108.2,כובשי אילת,2,partial,כובשי אילת,,partial,,,n/a,,,mismatch,google_rev_at_osm_mismatch
001027-073567-02096-X,דימונה,כובשי אילת,103,,,exact,31.061857,35.037960,OK,31.061913,35.038458,"Kovshei Eilat St 103, Dimona, Israel",OK,31.062631,35.039225,"כובשי אילת, קהילת העבריים, נווה גן, דימונה, נפת באר שבע, מחוז הדרום, 8604712, ישראל",48.0,148.2,108.2,כובשי אילת,2,partial,כובשי אילת,,partial,,,n/a,,,mismatch,google_rev_at_osm_mismatch
001027-073567-02097-X,דימונה,טופח,29,,,exact,31.081681,35.041908,OK,31.081638,35.041870,"Tofakh St 29, Dimona, Israel",OK,31.081167,35.041568,"טופח, נווה חורש, חכמי ישראל, דימונה, נפת באר שבע, מחוז הדרום, 8604712, ישראל",6.0,65.6,59.7,טופח,212,partial,טופח,,partial,,,n/a,שיזף,39,mismatch,google_rev_at_osm_mismatch
001027-073567-02098-X,דימונה,משעול הרעות,14,,,none,,,OK,31.076079,35.036076,"Ha-Re'ut St, Dimona, Israel",ZERO_RESULTS,,,,,,,,,n/a,,,n/a,"רש""י",,mismatch,,,n/a,govmap_missing;osm_fwd_ZERO_RESULTS;osm_rev_at_google_mismatch
001027-073567-02099-X,דימונה,בבא סאלי,3,,,exact,31.060252,35.026705,OK,31.060257,35.026641,"Baba Sali St 3, Dimona, Israel",OK,31.060631,35.032487,"בבא סאלי, ערבה, נווה גן, דימונה, נפת באר שבע, מחוז הדרום, 8604712, ישראל",6.2,553.5,559.6,בבא סאלי,3,match,בבא סאלי,,partial,,,n/a,בבא סאלי,166,partial,
001027-073567-02100-X,דימונה,משעול התקוה,3,,,none,,,OK,31.076264,35.035959,"Ha-Tikva St, Dimona, Israel",ZERO_RESULTS,,,,,,,,,n/a,,,n/a,הרב אלנקוה,,mismatch,,,n/a,govmap_missing;osm_fwd_ZERO_RESULTS;osm_rev_at_google_mismatch
001027-073567-02101-X,דימונה,מבצר עכו,14,,,exact,31.055806,35.040346,OK,31.055944,35.040400,"Mivtsar Akko St 14, Dimona, Israel",OK,31.055947,35.040448,"מבצר עכו, ממשית, דימונה, נפת באר שבע, מחוז הדרום, 8604712, ישראל",16.2,18.4,4.5,מבצר עכו,51,partial,מבצר עכו,,partial,,,n/a,מבצר עכו,51,partial,
001027-073567-02102-X,דימונה,"רחבת הפלמ""ח",4,,,none,,,OK,31.072181,35.029227,"Rahvat HaPalmah 4, Dimona, Israel",ZERO_RESULTS,,,,,,,,,n/a,,,n/a,"הפלמ""ח",,partial,,,n/a,govmap_missing;osm_fwd_ZERO_RESULTS
001027-073567-02103-X,דימונה,שד בן גוריון,47,,,exact,31.070901,35.034407,OK,31.073891,35.034629,"דוד בן גוריון 47, Dimona, Israel",ZERO_RESULTS,,,,332.2,,,טיילת הספורט,1043,mismatch,בן גוריון,,partial,,,n/a,,,n/a,osm_fwd_ZERO_RESULTS;google_rev_at_govmap_mismatch
001027-073567-02104-X,דימונה,אקליפטוס,29,,,exact,31.078863,35.042141,OK,31.078853,35.042123,"Ekaliptus St 29, Dimona, Israel",OK,31.078885,35.042295,"אקליפטוס, נווה חורש, חכמי ישראל, דימונה, נפת באר שבע, מחוז הדרום, 8604712, ישראל",2.0,14.9,16.8,אקליפטוס,29,match,אקליפטוס,,partial,,,n/a,בשמת,2,mismatch,google_rev_at_osm_mismatch
001027-073567-02105-X,דימונה,דרך השלום,69,,,exact,31.073950,35.037691,OK,31.073961,35.037653,"Derech HaShalom 69, Dimona, Israel",ZERO_RESULTS,,,,3.9,,,דרך השלום,69,match,השלווה,,mismatch,,,n/a,,,n/a,osm_fwd_ZERO_RESULTS;osm_rev_at_govmap_mismatch
001027-073567-02106-X,דימונה,סחלבן החורש,62,,,exact,31.077126,35.042844,OK,31.077324,35.042933,"Sakhlevan ha-Khoresh St 62, Dimona, Israel",OK,31.077293,35.040937,"סחלבן החורש, נווה חורש, חכמי ישראל, דימונה, נפת באר שבע, מחוז הדרום, 8604712, ישראל",23.5,182.9,190.5,סחלבן החורש,530,partial,סחלבן החורש,,partial,,,n/a,סחלבן החורש,26,partial,
001027-073567-02107-X,דימונה,?,34,,,exact,31.067905,35.031571,OK,31.069419,35.033363,"Dimona, Israel",OK,31.068661,35.036648,"דימונה, נפת באר שבע, מחוז הדרום, 8604712, ישראל",239.6,491.8,324.6,רחבת הבנים,1086,mismatch,שדרות הרצל,,mismatch,,,n/a,שדרות הרצל,16,mismatch,google_rev_at_govmap_mismatch;osm_rev_at_govmap_mismatch;google_rev_at_osm_mismatch
001027-073567-02108-X,דימונה,יגור,41,,,none,,,OK,31.075200,35.028401,"Yagur St 41, Dimona, Israel",OK,31.075075,35.029065,"יגור, נווה דוד, נווה גן, דימונה, נפת באר שבע, מחוז הדרום, 8604712, ישראל",,,64.9,,,n/a,,,n/a,יגור,,partial,מולדה,157,mismatch,govmap_missing;google_rev_at_osm_mismatch
001027-082204-00276-א,דימונה,הסנהדרין,276,א,8604415,exact,31.064113,35.037978,OK,31.069419,35.033363,"Dimona, Israel",OK,31.064469,35.038259,"הסנהדרין, גיורא יוספטל, נווה גן, דימונה, נפת באר שבע, מחוז הדרום, 8604712, ישראל",735.0,47.7,720.9,רחבת סנהדרין,276,mismatch,הסנהדרין,,partial,,,n/a,רחבת סנהדרין,274,mismatch,google_rev_at_govmap_mismatch;google_rev_at_osm_mismatch
001027-082204-00276-ב,דימונה,הסנהדרין,276,ב,8604416,exact,31.064113,35.037978,OK,31.069419,35.033363,"Dimona, Israel",OK,31.064469,35.038259,"הסנהדרין, גיורא יוספטל, נווה גן, דימונה, נפת באר שבע, מחוז הדרום, 8604712, ישראל",735.0,47.7,720.9,רחבת סנהדרין,276,mismatch,הסנהדרין,,partial,,,n/a,רחבת סנהדרין,274,mismatch,google_rev_at_govmap_mismatch;google_rev_at_osm_mismatch
001027-082204-00276-ד,דימונה,הסנהדרין,276,ד,8604418,exact,31.064113,35.037978,OK,31.069419,35.033363,"Dimona, Israel",OK,31.064469,35.038259,"הסנהדרין, גיורא יוספטל, נווה גן, דימונה, נפת באר שבע, מחוז הדרום, 8604712, ישראל",735.0,47.7,720.9,רחבת סנהדרין,276,mismatch,הסנהדרין,,partial,,,n/a,רחבת סנהדרין,274,mismatch,google_rev_at_govmap_mismatch;google_rev_at_osm_mismatch
001027-073567-02110-X,דימונה,דפנה,3,,,none,,,OK,31.079821,35.039720,"Dafna St 3, Dimona, Israel",OK,31.079667,35.040288,"דפנה, נווה חורש, חכמי ישראל, דימונה, נפת באר שבע, מחוז הדרום, 8604712, ישראל",,,56.8,,,n/a,,,n/a,קטלב,,mismatch,דפנה,44,partial,govmap_missing;osm_rev_at_google_mismatch
001027-073567-02111-X,דימונה,שיזף,166,,,none,,,OK,31.080780,35.036090,"Sheizaf St 166, Dimona, Israel",OK,31.079787,35.043578,"שיזף, נווה חורש, חכמי ישראל, דימונה, נפת באר שבע, מחוז הדרום, 8604712, ישראל",,,723.0,,,n/a,,,n/a,שיזף,,partial,,,mismatch,govmap_missing;google_rev_at_osm_mismatch
001027-073567-02112-X,דימונה,הר כרמל,5,,,exact,31.085202,35.039322,OK,31.085359,35.039347,"Carmel St 5, Dimona, Israel",OK,31.085597,35.038384,"הר כרמל, חכמי ישראל, דימונה, נפת באר שבע, מחוז הדרום, 8604712, ישראל",17.6,99.6,95.6,,,mismatch,הר כרמל,,partial,,,n/a,,,mismatch,google_rev_at_govmap_mismatch;google_rev_at_osm_mismatch
001027-077164-00743-X,דימונה,הכלנית,743,,8603718,street,31.062077,35.031329,OK,31.061740,35.031327,"Kalanit St, Dimona, Israel",ZERO_RESULTS,,,,37.3,,,כלנית,9,mismatch,כלנית,,mismatch,,,n/a,,,n/a,osm_fwd_ZERO_RESULTS;google_rev_at_govmap_mismatch;osm_rev_at_govmap_mismatch
001027-073567-02114-X,דימונה,רחבת האשלג,23,,,exact,31.065331,35.029050,OK,31.065074,35.029358,"Rahvat HaAshlag 23, Dimona, Israel",ZERO_RESULTS,,,,41.0,,,רחבת האשלג,61,partial,האורן,,mismatch,,,n/a,,,n/a,osm_fwd_ZERO_RESULTS;osm_rev_at_govmap_mismatch
001027-078072-00059-X,דימונה,קדש,59,,8601636,street,31.058609,35.028935,OK,31.058185,35.027993,"Kadesh St 59, Dimona, Israel",OK,31.058632,35.029266,"קדש, ערבה, נווה גן, דימונה, נפת באר שבע, מחוז הדרום, 8604712, ישראל",101.4,31.8,131.3,קדש,20,partial,קדש,,partial,,,n/a,קדש,12,partial,
001027-073567-02116-X,דימונה,לילך,3,,,exact,31.075511,35.034049,OK,31.075619,35.034126,"Lilach St 3, Dimona, Israel",OK,31.075801,35.034117,"לילך, נווה אביב, נווה גן, דימונה, נפת באר שבע, מחוז הדרום, 8604712, ישראל",14.1,32.7,20.1,בת חן,18,mismatch,לילך,,partial,,,n/a,לילך,14,partial,google_rev_at_govmap_mismatch
001027-073567-02117-X,דימונה,חטיבת הראל,4081,,,none,,,OK,31.076385,35.028993,"Hativat Harel St, Dimona, Israel",OK,31.076081,35.029028,"חטיבת הראל, נווה דוד, נווה גן, דימונה, נפת באר שבע, מחוז הדרום, 8604712, ישראל",,,33.8,,,n/a,,,n/a,יצחק טבנקין,,mismatch,חטיבת הראל,4,partial,govmap_missing;osm_rev_at_google_mismatch
001027-073567-02118-X,דימונה,דוד אלעזר,574,,,none,,,OK,31.073809,35.039707,"David Elazar St, Dimona, Israel",OK,31.073819,35.039614,"דוד אלעזר, חכמי ישראל, נווה גן, דימונה, נפת באר שבע, מחוז הדרום, 8604712, ישראל",,,9.0,,,n/a,,,n/a,דוד אלעזר,,partial,דוד אלעזר,172,partial,govmap_missing
001027-073567-02119-X,דימונה,בית שערים,18,,,exact,31.056918,35.034062,OK,31.056924,35.034050,"Beit She'arim St 18, Dimona, Israel",OK,31.056498,35.035178,"בית שערים, ערבה, נווה גן, דימונה, נפת באר שבע, מחוז הדרום, 8604712, ישראל",1.3,116.2,117.6,בית שערים,18,match,בית שערים,,partial,,,n/a,בית שערים,21,partial,
001027-073567-02120-X,דימונה,גמלא,7,,,none,,,OK,31.057629,35.034788,"Gamla St 7, Dimona, Israel",OK,31.057241,35.039582,"גמלא, ממשית, נווה גן, דימונה, נפת באר שבע, מחוז הדרום, 8604712, ישראל",,,459.6,,,n/a,,,n/a,פקיעין,,mismatch,,,mismatch,govmap_missing;osm_rev_at_google_mismatch;google_rev_at_osm_mismatch
001027-073567-02121-X,דימונה,מבצע ברוש,22,,,none,,,OK,31.071733,35.028297,"Mivtsa Brosh St 22, Dimona, Israel",OK,31.072363,35.028065,"מבצע ברוש, הנצחון, נווה גן, דימונה, נפת באר שבע, מחוז הדרום, 8604712, ישראל",,,73.3,,,n/a,,,n/a,יצחק ורדימון,,mismatch,יצחק שדה,1019,mismatch,govmap_missing;osm_rev_at_google_mismatch;google_rev_at_osm_mismatch
001027-073567-02122-X,דימונה,שיזף,31,,,exact,31.080342,35.042655,OK,31.080365,35.042566,"Sheizaf St 31, Dimona, Israel",OK,31.079787,35.043578,"שיזף, נווה חורש, חכמי ישראל, דימונה, נפת באר שבע, מחוז הדרום, 8604712, ישראל",8.8,107.5,115.9,שיזף,266,partial,שיזף,,partial,,,n/a,,,mismatch,google_rev_at_osm_mismatch
001027-080850-00115-X,דימונה,הרצל,115,,8602120,street,31.067532,35.030913,OK,31.069419,35.033363,"Dimona, Israel",OK,31.067568,35.035925,"שדרות הרצל, גיורא יוספטל, נווה גן, דימונה, נפת באר שבע, מחוז הדרום, 8604712, ישראל",313.8,478.4,319.3,שדרות הרצל,61,partial,שדרות הרצל,,partial,,,n/a,שדרות הרצל,232,partial,
001027-073567-02124-X,דימונה,מרווה,3,,,exact,31.078678,35.038278,OK,31.078675,35.038235,"Marva St 3, Dimona, Israel",OK,31.078567,35.038780,"מרווה, נאות הללי, חכמי ישראל, דימונה, נפת באר שבע, מחוז הדרום, 8604712, ישראל",4.2,49.4,53.4,מרווה,3,match,חצב,,mismatch,,,n/a,מרווה,13,partial,osm_rev_at_govmap_mismatch
001027-073567-02125-X,דימונה,כורזין,15,,,exact,31.055048,35.039892,OK,31.055107,35.039825,"Korazin St 15, Dimona, Israel",OK,31.055074,35.039466,"כורזין, ממשית, דימונה, נפת באר שבע, מחוז הדרום, 8604712, ישראל",9.2,40.7,34.5,כורזין,99,partial,כורזין,,partial,,,n/a,כורזין,120,partial,
001027-082292-01613-X,דימונה,כובשי אילת,1613,,8603267,street,31.063645,35.039896,OK,31.063720,35.039881,"Kovshei Eilat St, Dimona, Israel",OK,31.064379,35.040286,"כובשי אילת, קהילת העבריים, נווה גן, דימונה, נפת באר שבע, מחוז הדרום, 8604712, ישראל",8.4,89.5,82.7,שדרות יגאל אלון,110,mismatch,כובשי אילת,,partial,,,n/a,,,mismatch,google_rev_at_govmap_mismatch;google_rev_at_osm_mismatch
001027-073567-02127-X,דימונה,שד הנשיא,264,,,none,,,OK,31.062012,35.027786,"Sderot HaNassi 264, Dimona, Israel",ZERO_RESULTS,,,,,,,,,n/a,,,n/a,שדרות אריאל שרון,,mismatch,,,n/a,govmap_missing;osm_fwd_ZERO_RESULTS;osm_rev_at_google_mismatch
001027-073567-02128-X,דימונה,תל אפק,7,,,exact,31.056073,35.034310,OK,31.056139,35.034244,"Tel Afek St 7, Dimona, Israel",OK,31.055892,35.034133,"תל אפק, ערבה, נווה גן, דימונה, נפת באר שבע, מחוז הדרום, 8604712, ישראל",9.6,26.2,29.3,,,mismatch,תל אפק,,partial,,,n/a,,,mismatch,google_rev_at_govmap_mismatch;google_rev_at_osm_mismatch
001027-073567-02129-X,דימונה,חצב,51,,,exact,31.077859,35.038172,OK,31.077856,35.038120,"Khatsav St 51, Dimona, Israel",OK,31.077292,35.038835,"חצב, נאות הללי, נווה גן, דימונה, נפת באר שבע, מחוז הדרום, 8604712, ישראל",5.0,89.2,92.6,חצב,51,match,חצב,,partial,,,n/a,חצב,117,partial,
001027-081870-00218-X,דימונה,"מ""ג המעפילים",218,,8604717,street,31.065617,35.034592,OK,31.072003,35.036225,"HaMa'apil St, Dimona, Israel",OK,31.065658,35.034543,"מ""ג המעפילים, גיורא יוספטל, נווה גן, דימונה, נפת באר שבע, מחוז הדרום, 8604712, ישראל",725.0,6.5,721.6,"מ""ד המעפילים",245,partial,"מ""ג המעפילים",,partial,,,n/a,"מ""ד המעפילים",245,partial,
001027-081870-00218-ב,דימונה,"מ""ג המעפילים",218,ב,8604719,street,31.065617,35.034592,OK,31.072003,35.036225,"HaMa'apil St, Dimona, Israel",OK,31.065658,35.034543,"מ""ג המעפילים, גיורא יוספטל, נווה גן, דימונה, נפת באר שבע, מחוז הדרום, 8604712, ישראל",725.0,6.5,721.6,"מ""ד המעפילים",245,partial,"מ""ג המעפילים",,partial,,,n/a,"מ""ד המעפילים",245,partial,
001027-081870-00218-ג,דימונה,"מ""ג המעפילים",218,ג,8604720,street,31.065617,35.034592,OK,31.072003,35.036225,"HaMa'apil St, Dimona, Israel",OK,31.065658,35.034543,"מ""ג המעפילים, גיורא יוספטל, נווה גן, דימונה, נפת באר שבע, מחוז הדרום, 8604712, ישראל",725.0,6.5,721.6,"מ""ד המעפילים",245,partial,"מ""ג המעפילים",,partial,,,n/a,"מ""ד המעפילים",245,partial,
001027-081870-00218-ד,דימונה,"מ""ג המעפילים",218,ד,8604721,street,31.065617,35.034592,OK,31.072003,35.036225,"HaMa'apil St, Dimona, Israel",OK,31.065658,35.034543,"מ""ג המעפילים, גיורא יוספטל, נווה גן, דימונה, נפת באר שבע, מחוז הדרום, 8604712, ישראל",725.0,6.5,721.6,"מ""ד המעפילים",245,partial,"מ""ג המעפילים",,partial,,,n/a,"מ""ד המעפילים",245,partial,
001027-079944-01095-א,דימונה,?,1095,א,8602267,none,,,OK,31.069419,35.033363,"Dimona, Israel",OK,31.068661,35.036648,"דימונה, נפת באר שבע, מחוז הדרום, 8604712, ישראל",,,324.6,,,n/a,,,n/a,טיילת הספורט,,mismatch,שדרות הרצל,16,mismatch,govmap_missing;osm_rev_at_google_mismatch;google_rev_at_osm_mismatch
001027-079944-01095-ב,דימונה,?,1095,ב,8602268,none,,,OK,31.069419,35.033363,"Dimona, Israel",OK,31.068661,35.036648,"דימונה, נפת באר שבע, מחוז הדרום, 8604712, ישראל",,,324.6,,,n/a,,,n/a,טיילת הספורט,,mismatch,שדרות הרצל,16,mismatch,govmap_missing;osm_rev_at_google_mismatch;google_rev_at_osm_mismatch
001027-079944-01095-ג,דימונה,?,1095,ג,8602269,none,,,OK,31.069419,35.033363,"Dimona, Israel",OK,31.068661,35.036648,"דימונה, נפת באר שבע, מחוז הדרום, 8604712, ישראל",,,324.6,,,n/a,,,n/a,טיילת הספורט,,mismatch,שדרות הרצל,16,mismatch,govmap_missing;osm_rev_at_google_mismatch;google_rev_at_osm_mismatch
001027-079944-01095-ד,דימונה,?,1095,ד,8602270,none,,,OK,31.069419,35.033363,"Dimona, Israel",OK,31.068661,35.036648,"דימונה, נפת באר שבע, מחוז הדרום, 8604712, ישראל",,,324.6,,,n/a,,,n/a,טיילת הספורט,,mismatch,שדרות הרצל,16,mismatch,govmap_missing;osm_rev_at_google_mismatch;google_rev_at_osm_mismatch
001027-079944-01095-ה,דימונה,?,1095,ה,8602271,none,,,OK,31.069419,35.033363,"Dimona, Israel",OK,31.068661,35.036648,"דימונה, נפת באר שבע, מחוז הדרום, 8604712, ישראל",,,324.6,,,n/a,,,n/a,טיילת הספורט,,mismatch,שדרות הרצל,16,mismatch,govmap_missing;osm_rev_at_google_mismatch;google_rev_at_osm_mismatch
001027-073567-02132-X,דימונה,"רחבת האצ""ל",14,,,none,,,OK,31.073038,35.027848,"Rahvat HaEtsel 14, Dimona, Israel",OK,31.073349,35.027262,"רחבת האצ""ל, נווה דוד, נווה גן, דימונה, נפת באר שבע, מחוז הדרום, 8604712, ישראל",,,65.7,,,n/a,,,n/a,,,mismatch,משעול החירות,6,mismatch,govmap_missing;osm_rev_at_google_mismatch;google_rev_at_osm_mismatch
001027-073567-02133-X,דימונה,סלא איירין,5,,,none,,,OK,31.075603,35.028512,"Airin Sela St 5, Dimona, Israel",ZERO_RESULTS,,,,,,,,,n/a,,,n/a,,,mismatch,,,n/a,govmap_missing;osm_fwd_ZERO_RESULTS;osm_rev_at_google_mismatch
001027-073567-02134-X,דימונה,חצב,1,,,exact,31.078385,35.039141,OK,31.078389,35.039137,"Khatsav St 1, Dimona, Israel",OK,31.077292,35.038835,"חצב, נאות הללי, נווה גן, דימונה, נפת באר שבע, מחוז הדרום, 8604712, ישראל",0.6,124.7,125.0,חצב,1,match,חצב,,partial,,,n/a,חצב,117,partial,
001027-073567-02135-X,דימונה,חרוב,32,,,none,,,OK,31.080359,35.042398,"Kharuv St 32, Dimona, Israel",OK,31.080296,35.042233,"חרוב, נווה חורש, חכמי ישראל, דימונה, נפת באר שבע, מחוז הדרום, 8604712, ישראל",,,17.3,,,n/a,,,n/a,חרוב,,partial,אקליפטוס,28,mismatch,govmap_missing;google_rev_at_osm_mismatch
001027-073567-02136-X,דימונה,יודפת,11,,,none,,,OK,31.055763,35.035534,"Yodfat St 11, Dimona, Israel",OK,31.055625,35.035432,"יודפת, ממשית, דימונה, נפת באר שבע, מחוז הדרום, 8604712, ישראל",,,18.2,,,n/a,,,n/a,יודפת,,partial,יודפת,14,partial,govmap_missing
001027-073567-02137-X,דימונה,?,84,,,exact,31.066095,35.039956,OK,31.069419,35.033363,"Dimona, Israel",OK,31.068661,35.036648,"דימונה, נפת באר שבע, מחוז הדרום, 8604712, ישראל",729.2,425.0,324.6,עבדת,1613,mismatch,שדרות יגאל אלון,,mismatch,,,n/a,שדרות הרצל,16,mismatch,google_rev_at_govmap_mismatch;osm_rev_at_govmap_mismatch;google_rev_at_osm_mismatch
001027-073567-02137-X,דימונה,?,84,,,exact,31.066095,35.039956,OK,31.069419,35.033363,"Dimona, Israel",OK,31.068661,35.036648,"דימונה, נפת באר שבע, מחוז הדרום, 8604712, ישראל",729.2,425.0,324.6,עבדת,1613,mismatch,שדרות יגאל אלון,,mismatch,,,n/a,שדרות הרצל,16,mismatch,google_rev_at_govmap_mismatch;osm_rev_at_govmap_mismatch;google_rev_at_osm_mismatch
001027-073567-02138-X,דימונה,המעפיל,75,,,exact,31.071030,35.041642,OK,31.070958,35.041419,"HaMa'apil St 75, Dimona, Israel",OK,31.071913,35.033190,"המעפיל, הנצחון, נווה גן, דימונה, נפת באר שבע, מחוז הדרום, 8604712, ישראל",22.8,812.5,792.4,המעפיל,18,partial,המעפיל,,partial,,,n/a,טיילת הספורט,1056,mismatch,google_rev_at_osm_mismatch
001027-074730-00555-X,דימונה,האשל,555,,8602505,street,31.066532,35.030096,OK,31.066657,35.029601,"HaEshel St, Dimona, Israel",OK,31.066610,35.029793,"האשל, שבעת המינים, נווה גן, דימונה, נפת באר שבע, מחוז הדרום, 8604712, ישראל",49.2,30.2,19.1,האשל,10,partial,האשל,,partial,,,n/a,האשל,206,partial,
001027-073567-02140-X,דימונה,גמלא,6,,,exact,31.057765,35.034400,OK,31.057908,35.034246,"Gamla St 6, Dimona, Israel",OK,31.058564,35.034384,"גמלא, ערבה, נווה גן, דימונה, נפת באר שבע, מחוז הדרום, 8604712, ישראל",21.6,88.6,73.9,גמלא,8,partial,גמלא,,partial,,,n/a,,,mismatch,google_rev_at_osm_mismatch
001027-075911-00340-X,דימונה,הרימון,340,,8610522,street,31.063893,35.026884,OK,31.063876,35.026863,"Ha-Rimon St, Dimona, Israel",OK,31.063935,35.026963,"הרימון, שבעת המינים, נווה גן, דימונה, נפת באר שבע, מחוז הדרום, 8604712, ישראל",2.7,8.9,11.6,הרימון,199,partial,הרימון,,partial,,,n/a,הרימון,199,partial,
001027-073567-02142-X,דימונה,כליל החורש,47,,,exact,31.079553,35.041417,OK,31.079537,35.041414,"Klil Hahoresh St 47, Dimona, Israel",OK,31.077470,35.041650,"כליל החורש, נווה חורש, חכמי ישראל, דימונה, נפת באר שבע, מחוז הדרום, 8604712, ישראל",1.8,232.1,230.3,כליל החורש,47,match,כליל החורש,,partial,,,n/a,סחלבן החורש,27,partial,
001027-073567-02143-X,דימונה,סחלבן החורש,63,,,exact,31.077605,35.043924,OK,31.077528,35.043946,"Sakhlevan ha-Khoresh St 63, Dimona, Israel",OK,31.077462,35.041925,"סחלבן החורש, נווה חורש, חכמי ישראל, דימונה, נפת באר שבע, מחוז הדרום, 8604712, ישראל",8.8,191.4,193.0,סחלבן החורש,61,partial,סחלבן החורש,,partial,,,n/a,סחלבן החורש,29,partial,
001027-073567-02144-X,דימונה,חצב,14,,,exact,31.077414,35.038498,OK,31.077374,35.038467,"Khatsav St 14, Dimona, Israel",OK,31.077292,35.038835,"חצב, נאות הללי, נווה גן, דימונה, נפת באר שבע, מחוז הדרום, 8604712, ישראל",5.3,34.9,36.3,חצב,41,partial,חצב,,partial,,,n/a,חצב,117,partial,
001027-083633-01212-X,דימונה,דרך השלום,1212,,8617706,street,31.073322,35.036527,OK,31.073747,35.036893,"Derech HaShalom 1212, Dimona, Israel",ZERO_RESULTS,,,,58.7,,,דרך השלום,28,partial,נבטים,,mismatch,,,n/a,,,n/a,osm_fwd_ZERO_RESULTS;osm_rev_at_govmap_mismatch
001027-073567-02146-X,דימונה,שד בן גוריון,33,,,exact,31.070270,35.034408,OK,31.073891,35.034629,"דוד בן גוריון 33, Dimona, Israel",ZERO_RESULTS,,,,402.0,,,טיילת הספורט,1042,mismatch,בן גוריון,,partial,,,n/a,,,n/a,osm_fwd_ZERO_RESULTS;google_rev_at_govmap_mismatch
001027-073567-02147-X,דימונה,בבא סאלי,13,,,exact,31.059853,35.027394,OK,31.059959,35.027258,"Baba Sali St 13, Dimona, Israel",OK,31.060089,35.031724,"בבא סאלי, ערבה, נווה גן, דימונה, נפת באר שבע, מחוז הדרום, 8604712, ישראל",17.5,414.1,426.6,בבא סאלי,15,partial,בבא סאלי,,partial,,,n/a,בבא סאלי,177,partial,
001027-073567-02148-X,דימונה,המעפיל,59,,,exact,31.072065,35.039885,OK,31.072087,35.039806,"HaMa'apil St 59, Dimona, Israel",OK,31.071021,35.041333,"המעפיל, הגבעה, נווה גן, דימונה, נפת באר שבע, מחוז הדרום, 8604712, ישראל",7.9,180.2,187.6,הפיסגה,35,mismatch,המעפיל,,partial,,,n/a,המעפיל,13,partial,google_rev_at_govmap_mismatch
001027-073567-02149-X,דימונה,המעפיל,90,,,exact,31.069672,35.042080,OK,31.069668,35.041989,"HaMa'apil St 90, Dimona, Israel",OK,31.071971,35.033195,"המעפיל, הנצחון, נווה גן, דימונה, נפת באר שבע, מחוז הדרום, 8604712, ישראל",8.7,885.4,877.3,המעפיל,393,partial,המעפיל,,partial,,,n/a,טיילת הספורט,1056,mismatch,google_rev_at_osm_mismatch
001027-083058-01060-א,דימונה,טיילת הספורט,1060,א,8617950,street,31.071267,35.033164,OK,31.070685,35.033446,"HaSport Promenade 1060, Dimona, Israel",OK,31.069575,35.033135,"טיילת הספורט, נווה אביב, נווה גן, דימונה, נפת באר שבע, מחוז הדרום, 8604712, ישראל",69.9,187.7,126.7,טיילת הספורט,1058,partial,טיילת הספורט,,partial,,,n/a,השקמה,,mismatch,google_rev_at_osm_mismatch
001027-083058-01060-ב,דימונה,טיילת הספורט,1060,ב,8617951,street,31.071267,35.033164,OK,31.070685,35.033446,"HaSport Promenade 1060, Dimona, Israel",OK,31.069575,35.033135,"טיילת הספורט, נווה אביב, נווה גן, דימונה, נפת באר שבע, מחוז הדרום, 8604712, ישראל",69.9,187.7,126.7,טיילת הספורט,1058,partial,טיילת הספורט,,partial,,,n/a,השקמה,,mismatch,google_rev_at_osm_mismatch
001027-083058-01060-ג,דימונה,טיילת הספורט,1060,ג,8617952,street,31.071267,35.033164,OK,31.070685,35.033446,"HaSport Promenade 1060, Dimona, Israel",OK,31.069575,35.033135,"טיילת הספורט, נווה אביב, נווה גן, דימונה, נפת באר שבע, מחוז הדרום, 8604712, ישראל",69.9,187.7,126.7,טיילת הספורט,1058,partial,טיילת הספורט,,partial,,,n/a,השקמה,,mismatch,google_rev_at_osm_mismatch
001027-083058-01060-ד,דימונה,טיילת הספורט,1060,ד,8617953,street,31.071267,35.033164,OK,31.070685,35.033446,"HaSport Promenade 1060, Dimona, Israel",OK,31.069575,35.033135,"טיילת הספורט, נווה אביב, נווה גן, דימונה, נפת באר שבע, מחוז הדרום, 8604712, ישראל",69.9,187.7,126.7,טיילת הספורט,1058,partial,טיילת הספורט,,partial,,,n/a,השקמה,,mismatch,google_rev_at_osm_mismatch
001027-073567-02151-X,דימונה,סחלבן החורש,23,,,exact,31.077577,35.040825,OK,31.077532,35.040762,"Sakhlevan ha-Khoresh St 23, Dimona, Israel",OK,31.077293,35.040937,"סחלבן החורש, נווה חורש, חכמי ישראל, דימונה, נפת באר שבע, מחוז הדרום, 8604712, ישראל",7.8,33.2,31.3,ליבנה,1,mismatch,ליבנה,,mismatch,,,n/a,סחלבן החורש,26,partial,google_rev_at_govmap_mismatch;osm_rev_at_govmap_mismatch
001027-073567-02152-X,דימונה,שיקמה,25,,,exact,31.081896,35.040292,OK,31.081915,35.040229,"Shikma St 25, Dimona, Israel",ZERO_RESULTS,,,,6.3,,,שיקמה,25,match,שקמה,,mismatch,,,n/a,,,n/a,osm_fwd_ZERO_RESULTS;osm_rev_at_govmap_mismatch
001027-073567-02153-X,דימונה,שיזף,88,,,exact,31.082613,35.040210,OK,31.082581,35.040147,"Sheizaf St 88, Dimona, Israel",OK,31.079787,35.043578,"שיזף, נווה חורש, חכמי ישראל, דימונה, נפת באר שבע, מחוז הדרום, 8604712, ישראל",7.0,448.8,450.7,שיזף,86,partial,שיזף,,partial,,,n/a,,,mismatch,google_rev_at_osm_mismatch
001027-073567-02154-X,דימונה,מורן החורש,126,,,none,,,OK,31.078791,35.042933,"Moran ha-Khoresh St 126, Dimona, Israel",OK,31.078588,35.042710,"מורן החורש, נווה חורש, חכמי ישראל, דימונה, נפת באר שבע, מחוז הדרום, 8604712, ישראל",,,31.0,,,n/a,,,n/a,מורן החורש,,partial,מורן החורש,33,partial,govmap_missing
001027-073567-02155-X,דימונה,ציפורן,20,,,exact,31.080728,35.038964,OK,31.080707,35.038883,"Tsiporen St 20, Dimona, Israel",OK,31.080857,35.039458,"ציפורן, נווה חורש, חכמי ישראל, דימונה, נפת באר שבע, מחוז הדרום, 8604712, ישראל",8.1,49.3,57.3,ציפורן,20,match,ציפורן,,partial,,,n/a,ציפורן,26,partial,
001027-083633-00139-X,דימונה,דרך השלום,139,,8607705,street,31.073322,35.036527,OK,31.074037,35.037424,"Derech HaShalom 139, Dimona, Israel",ZERO_RESULTS,,,,116.7,,,דרך השלום,28,partial,נבטים,,mismatch,,,n/a,,,n/a,osm_fwd_ZERO_RESULTS;osm_rev_at_govmap_mismatch
001027-073567-02157-X,דימונה,קטלב,43,,,exact,31.079401,35.039487,OK,31.079374,35.039431,"Ktalav St 43, Dimona, Israel",OK,31.078015,35.039631,"קטלב, נווה חורש, חכמי ישראל, דימונה, נפת באר שבע, מחוז הדרום, 8604712, ישראל",6.1,154.3,151.9,קטלב,246,partial,קטלב,,partial,,,n/a,קטלב,253,partial,
001027-073567-02158-X,דימונה,שיזף,56,,,exact,31.081849,35.041487,OK,31.081789,35.041522,"Sheizaf St 56, Dimona, Israel",OK,31.080967,35.036214,"שיזף, נאות הללי, נווה גן, דימונה, נפת באר שבע, מחוז הדרום, 8604712, ישראל",7.4,512.6,514.7,שיזף,60,partial,שיזף,,partial,,,n/a,שיזף,156,partial,
001027-074730-00557-X,דימונה,האשל,557,,8602507,street,31.066532,35.030096,OK,31.066657,35.029601,"HaEshel St, Dimona, Israel",OK,31.066610,35.029793,"האשל, שבעת המינים, נווה גן, דימונה, נפת באר שבע, מחוז הדרום, 8604712, ישראל",49.2,30.2,19.1,האשל,10,partial,האשל,,partial,,,n/a,האשל,206,partial,
001027-073567-02160-X,דימונה,ברקן,19,,,exact,31.079282,35.040635,OK,31.079258,35.040607,"Barkan St 19, Dimona, Israel",OK,31.079158,35.040286,"ברקן, נווה חורש, חכמי ישראל, דימונה, נפת באר שבע, מחוז הדרום, 8604712, ישראל",3.8,36.0,32.6,ברקן,35,partial,ברקן,,partial,,,n/a,ברקן,13,partial,
001027-073567-02161-X,דימונה,ליבנה,28,,,exact,31.078767,35.041168,OK,31.078778,35.041164,"Livne St 28, Dimona, Israel",OK,31.079424,35.040947,"ליבנה, נווה חורש, חכמי ישראל, דימונה, נפת באר שבע, מחוז הדרום, 8604712, ישראל",1.3,75.9,74.6,ליבנה,28,match,מורן החורש,,mismatch,,,n/a,דפנה,36,mismatch,osm_rev_at_govmap_mismatch;google_rev_at_osm_mismatch
001027-073567-02162-X,דימונה,ציפורי,7,,,exact,31.056319,35.036378,OK,31.056335,35.036151,"Tsipori St 7, Dimona, Israel",OK,31.054218,35.038395,"ציפורי, ממשית, דימונה, נפת באר שבע, מחוז הדרום, 8604712, ישראל",21.7,302.2,317.7,חמת גדר,4,mismatch,ציפורי,,partial,,,n/a,ציפורי,137,partial,google_rev_at_govmap_mismatch
001027-073567-02163-X,דימונה,מבצע ברוש,1,,,none,,,OK,31.072629,35.028002,"Mivtsa Brosh St 1, Dimona, Israel",OK,31.072363,35.028065,"מבצע ברוש, הנצחון, נווה גן, דימונה, נפת באר שבע, מחוז הדרום, 8604712, ישראל",,,30.1,,,n/a,,,n/a,מבצע ברוש,,partial,יצחק שדה,1019,mismatch,govmap_missing;google_rev_at_osm_mismatch
001027-073567-02164-X,דימונה,הרצל,117,,,exact,31.066430,35.027278,OK,31.069419,35.033363,"Dimona, Israel",OK,31.066638,35.025756,"שדרות הרצל, שבעת המינים, נווה גן, דימונה, נפת באר שבע, מחוז הדרום, 8604712, ישראל",668.7,147.1,788.8,שדרות הרצל,117,match,,,mismatch,,,n/a,,,mismatch,osm_rev_at_govmap_mismatch;google_rev_at_osm_mismatch
