id,city,street,house_number,entrance,zip,govmap_status,govmap_lat,govmap_lon,google_fwd_status,google_fwd_lat,google_fwd_lon,google_fwd_full,osm_fwd_status,osm_fwd_lat,osm_fwd_lon,osm_fwd_full,dist_govmap_google_m,dist_govmap_osm_m,dist_google_osm_m,google_rev_at_govmap_street,google_rev_at_govmap_house,google_rev_at_govmap_match,osm_rev_at_govmap_street,osm_rev_at_govmap_house,osm_rev_at_govmap_match,osm_rev_at_google_street,osm_rev_at_google_house,osm_rev_at_google_match,google_rev_at_osm_street,google_rev_at_osm_house,google_rev_at_osm_match,flags
001027-073567-00000-X,דימונה,אבן גבירול,26,,,street,31.062559,35.026641,OK,31.074702,35.043410,"Shlomo Ibn Gabirol St 26, Dimona, Israel",OK,31.075855,35.043678,"אבן גבירול, חכמי ישראל, דימונה, נפת באר שבע, מחוז הדרום, 8604712, ישראל",2091.5,2194.9,130.4,הנרי מלכה,24,mismatch,הנרי מלכה,,mismatch,,,n/a,,,mismatch,google_rev_at_govmap_mismatch;osm_rev_at_govmap_mismatch;google_rev_at_osm_mismatch
001027-073567-00001-X,דימונה,אבן גבירול,20,,,exact,31.075257,35.043673,OK,31.075263,35.043561,"Shlomo Ibn Gabirol St 20, Dimona, Israel",OK,31.075855,35.043678,"אבן גבירול, חכמי ישראל, דימונה, נפת באר שבע, מחוז הדרום, 8604712, ישראל",10.7,66.3,66.6,שלמה אבן גבירול,20,partial,אבן גבירול,,partial,,,n/a,,,mismatch,google_rev_at_osm_mismatch
001027-073567-00002-X,דימונה,אבן גבירול,21,,,exact,31.076449,35.043592,OK,31.076437,35.043525,"Shlomo Ibn Gabirol St 21, Dimona, Israel",OK,31.075855,35.043678,"אבן גבירול, חכמי ישראל, דימונה, נפת באר שבע, מחוז הדרום, 8604712, ישראל",6.6,66.4,66.2,שלמה אבן גבירול,21,partial,הרב אלנקוה,,mismatch,,,n/a,,,mismatch,osm_rev_at_govmap_mismatch;google_rev_at_osm_mismatch
001027-073567-00003-X,דימונה,אבן גבירול,33,,,exact,31.075668,35.044228,OK,31.075855,35.043668,"Shlomo Ibn Gabirol St 33, Dimona, Israel",OK,31.075855,35.043678,"אבן גבירול, חכמי ישראל, דימונה, נפת באר שבע, מחוז הדרום, 8604712, ישראל",57.3,56.4,1.0,שלמה אבן גבירול,454,partial,יצחק שמיר,,mismatch,,,n/a,,,mismatch,osm_rev_at_govmap_mismatch;google_rev_at_osm_mismatch
001027-073567-00004-X,דימונה,אבן גבירול,17,,,exact,31.076466,35.043245,OK,31.076462,35.043227,"Shlomo Ibn Gabirol St 17, Dimona, Israel",OK,31.075855,35.043678,"אבן גבירול, חכמי ישראל, דימונה, נפת באר שבע, מחוז הדרום, 8604712, ישראל",1.7,79.4,79.9,שלמה אבן גבירול,17,partial,אבן גבירול,,partial,,,n/a,,,mismatch,google_rev_at_osm_mismatch
001027-073567-00005-X,דימונה,אבן גבירול,18,,,exact,31.075330,35.043479,OK,31.075362,35.043408,"Shlomo Ibn Gabirol St 18, Dimona, Israel",OK,31.075855,35.043678,"אבן גבירול, חכמי ישראל, דימונה, נפת באר שבע, מחוז הדרום, 8604712, ישראל",7.7,61.2,60.4,שלמה אבן גבירול,18,partial,אבן גבירול,,partial,,,n/a,,,mismatch,google_rev_at_osm_mismatch
001027-073567-00006-X,דימונה,אבן גבירול,36,,,exact,31.073928,35.043668,OK,31.073946,35.043592,"Shlomo Ibn Gabirol St 36, Dimona, Israel",OK,31.075855,35.043678,"אבן גבירול, חכמי ישראל, דימונה, נפת באר שבע, מחוז הדרום, 8604712, ישראל",7.6,213.6,211.8,שלמה אבן גבירול,36,partial,אלחריזי,,mismatch,,,n/a,,,mismatch,osm_rev_at_govmap_mismatch;google_rev_at_osm_mismatch
001027-073567-00007-X,דימונה,אבן גבירול,9,,,exact,31.076294,35.042389,OK,31.076304,35.042361,"Shlomo Ibn Gabirol St 9, Dimona, Israel",OK,31.075855,35.043678,"אבן גבירול, חכמי ישראל, דימונה, נפת באר שבע, מחוז הדרום, 8604712, ישראל",2.9,132.4,135.2,שלמה אבן גבירול,9,partial,אבן גבירול,,partial,,,n/a,,,mismatch,google_rev_at_osm_mismatch
001027-073567-00008-X,דימונה,אבן גבירול,29,,,exact,31.076118,35.044273,OK,31.076040,35.043458,"Shlomo Ibn Gabirol St 29, Dimona, Israel",OK,31.075855,35.043678,"אבן גבירול, חכמי ישראל, דימונה, נפת באר שבע, מחוז הדרום, 8604712, ישראל",78.3,63.8,29.4,שלמה אבן גבירול,914,partial,יצחק שמיר,,mismatch,,,n/a,,,mismatch,osm_rev_at_govmap_mismatch;google_rev_at_osm_mismatch
001027-073567-00009-X,דימונה,אבן גבירול,28,,,exact,31.074601,35.043680,OK,31.074619,35.043568,"Shlomo Ibn Gabirol St 28, Dimona, Israel",OK,31.075855,35.043678,"אבן גבירול, חכמי ישראל, דימונה, נפת באר שבע, מחוז הדרום, 8604712, ישראל",10.9,139.0,137.4,שלמה אבן גבירול,28,partial,אבן גבירול,,partial,,,n/a,,,mismatch,google_rev_at_osm_mismatch
001027-073567-00010-X,דימונה,אבן גבירול,14,,,exact,31.075675,35.043496,OK,31.075669,35.043488,"Shlomo Ibn Gabirol St 14, Dimona, Israel",OK,31.075855,35.043678,"אבן גבירול, חכמי ישראל, דימונה, נפת באר שבע, מחוז הדרום, 8604712, ישראל",1.0,26.5,27.5,שלמה אבן גבירול,14,partial,אבן גבירול,,partial,,,n/a,,,mismatch,google_rev_at_osm_mismatch
001027-073567-00011-X,דימונה,אבן גבירול,35,,,exact,31.075526,35.044302,OK,31.075495,35.044218,"Shlomo Ibn Gabirol St 35, Dimona, Israel",OK,31.075855,35.043678,"אבן גבירול, חכמי ישראל, דימונה, נפת באר שבע, מחוז הדרום, 8604712, ישראל",8.7,69.8,65.2,שלמה אבן גבירול,35,partial,יצחק שמיר,,mismatch,,,n/a,,,mismatch,osm_rev_at_govmap_mismatch;google_rev_at_osm_mismatch
001027-073567-00012-X,דימונה,אבן גבירול,22,,,exact,31.074982,35.043479,OK,31.074971,35.043404,"Shlomo Ibn Gabirol St 22, Dimona, Israel",OK,31.075855,35.043678,"אבן גבירול, חכמי ישראל, דימונה, נפת באר שבע, מחוז הדרום, 8604712, ישראל",7.2,98.6,101.4,שלמה אבן גבירול,22,partial,אבן גבירול,,partial,,,n/a,,,mismatch,google_rev_at_osm_mismatch
001027-073567-00013-X,דימונה,אבן גבירול,51,,,exact,31.073964,35.044221,OK,31.073951,35.044193,"Shlomo Ibn Gabirol St 51, Dimona, Israel",OK,31.075855,35.043678,"אבן גבירול, חכמי ישראל, דימונה, נפת באר שבע, מחוז הדרום, 8604712, ישראל",3.1,216.0,216.7,שלמה אבן גבירול,51,partial,אלחריזי,,mismatch,,,n/a,,,mismatch,osm_rev_at_govmap_mismatch;google_rev_at_osm_mismatch
001027-073567-00014-X,דימונה,אבן גבירול,19,,,exact,31.076303,35.043308,OK,31.076292,35.043268,"Shlomo Ibn Gabirol St 19, Dimona, Israel",OK,31.075855,35.043678,"אבן גבירול, חכמי ישראל, דימונה, נפת באר שבע, מחוז הדרום, 8604712, ישראל",4.0,61.0,62.3,שלמה אבן גבירול,19,partial,אבן גבירול,,partial,,,n/a,,,mismatch,google_rev_at_osm_mismatch
001027-073567-00015-X,דימונה,אבן גבירול,4,,,exact,31.075841,35.042141,OK,31.075817,35.042066,"Shlomo Ibn Gabirol St 4, Dimona, Israel",OK,31.075855,35.043678,"אבן גבירול, חכמי ישראל, דימונה, נפת באר שבע, מחוז הדרום, 8604712, ישראל",7.7,146.7,153.9,שלמה אבן גבירול,459,partial,אבן גבירול,,partial,,,n/a,,,mismatch,google_rev_at_osm_mismatch
001027-073567-00016-X,דימונה,אבן גבירול,16,,,exact,31.075498,35.043403,OK,31.075513,35.043356,"Shlomo Ibn Gabirol St 16, Dimona, Israel",OK,31.075855,35.043678,"אבן גבירול, חכמי ישראל, דימונה, נפת באר שבע, מחוז הדרום, 8604712, ישראל",4.8,47.5,48.8,שלמה אבן גבירול,16,partial,אבן גבירול,,partial,,,n/a,,,mismatch,google_rev_at_osm_mismatch
001027-073567-00017-X,דימונה,אבן גבירול,24,,,exact,31.074819,35.043415,OK,31.074844,35.043359,"Shlomo Ibn Gabirol St 24, Dimona, Israel",OK,31.075855,35.043678,"אבן גבירול, חכמי ישראל, דימונה, נפת באר שבע, מחוז הדרום, 8604712, ישראל",6.1,117.6,116.1,שלמה אבן גבירול,451,partial,אבן גבירול,,partial,,,n/a,,,mismatch,google_rev_at_osm_mismatch
001027-073567-00018-X,דימונה,אבן גבירול,43,,,exact,31.074735,35.044240,OK,31.074732,35.044188,"Shlomo Ibn Gabirol St 43, Dimona, Israel",OK,31.075855,35.043678,"אבן גבירול, חכמי ישראל, דימונה, נפת באר שבע, מחוז הדרום, 8604712, ישראל",5.0,135.2,133.6,שלמה אבן גבירול,43,partial,אבן גבירול,,partial,,,n/a,,,mismatch,google_rev_at_osm_mismatch
001027-073567-00019-X,דימונה,אבן גבירול,47,,,exact,31.074275,35.044315,OK,31.074329,35.044313,"Shlomo Ibn Gabirol St 47, Dimona, Israel",OK,31.075855,35.043678,"אבן גבירול, חכמי ישראל, דימונה, נפת באר שבע, מחוז הדרום, 8604712, ישראל",6.1,185.4,179.6,שלמה אבן גבירול,47,partial,יצחק שמיר,,mismatch,,,n/a,,,mismatch,osm_rev_at_govmap_mismatch;google_rev_at_osm_mismatch
001027-073567-00020-X,דימונה,אבן גבירול,1,,,exact,31.076291,35.041877,OK,31.076143,35.041679,"Shlomo Ibn Gabirol St 1, Dimona, Israel",OK,31.075855,35.043678,"אבן גבירול, חכמי ישראל, דימונה, נפת באר שבע, מחוז הדרום, 8604712, ישראל",25.0,178.6,193.5,אלחריזי,1,mismatch,אבן גבירול,,partial,,,n/a,,,mismatch,google_rev_at_govmap_mismatch;google_rev_at_osm_mismatch
001027-073567-00021-X,דימונה,אבן גבירול,15,,,exact,31.076531,35.043053,OK,31.076535,35.043016,"Shlomo Ibn Gabirol St 15, Dimona, Israel",OK,31.075855,35.043678,"אבן גבירול, חכמי ישראל, דימונה, נפת באר שבע, מחוז הדרום, 8604712, ישראל",3.5,95.8,98.4,שלמה אבן גבירול,15,partial,הרב אלנקוה,,mismatch,,,n/a,,,mismatch,osm_rev_at_govmap_mismatch;google_rev_at_osm_mismatch
001027-073567-00022-X,דימונה,אבן גבירול,2,,,exact,31.075877,35.041985,OK,31.075839,35.041922,"Shlomo Ibn Gabirol St 2, Dimona, Israel",OK,31.075855,35.043678,"אבן גבירול, חכמי ישראל, דימונה, נפת באר שבע, מחוז הדרום, 8604712, ישראל",7.3,161.6,167.7,אלחריזי,3,mismatch,אבן גבירול,,partial,,,n/a,,,mismatch,google_rev_at_govmap_mismatch;google_rev_at_osm_mismatch
001027-073567-00023-X,דימונה,אבן גבירול,30,,,exact,31.074310,35.043478,OK,31.074334,35.043445,"Shlomo Ibn Gabirol St 30, Dimona, Israel",OK,31.075855,35.043678,"אבן גבירול, חכמי ישראל, דימונה, נפת באר שבע, מחוז הדרום, 8604712, ישראל",4.2,172.4,170.1,שלמה אבן גבירול,30,partial,אבן גבירול,,partial,,,n/a,,,mismatch,google_rev_at_osm_mismatch
001027-073567-00024-X,דימונה,אבן גבירול,45,,,exact,31.074424,35.044246,OK,31.074423,35.044212,"Shlomo Ibn Gabirol St 45, Dimona, Israel",OK,31.075855,35.043678,"אבן גבירול, חכמי ישראל, דימונה, נפת באר שבע, מחוז הדרום, 8604712, ישראל",3.2,167.6,166.8,שלמה אבן גבירול,45,partial,יצחק שמיר,,mismatch,,,n/a,,,mismatch,osm_rev_at_govmap_mismatch;google_rev_at_osm_mismatch
001027-073567-00025-X,דימונה,אבן גבירול,5,,,exact,31.076529,35.042124,OK,31.076539,35.042113,"Shlomo Ibn Gabirol St 5, Dimona, Israel",OK,31.075855,35.043678,"אבן גבירול, חכמי ישראל, דימונה, נפת באר שבע, מחוז הדרום, 8604712, ישראל",1.6,166.1,167.6,שלמה אבן גבירול,5,partial,הרב אלנקוה,,mismatch,,,n/a,,,mismatch,osm_rev_at_govmap_mismatch;google_rev_at_osm_mismatch
001027-073567-00026-X,דימונה,אבן גבירול,11,,,exact,31.076297,35.042793,OK,31.076335,35.042779,"Shlomo Ibn Gabirol St 11, Dimona, Israel",OK,31.075855,35.043678,"אבן גבירול, חכמי ישראל, דימונה, נפת באר שבע, מחוז הדרום, 8604712, ישראל",4.5,97.7,101.0,שלמה אבן גבירול,11,partial,אבן גבירול,,partial,,,n/a,,,mismatch,google_rev_at_osm_mismatch
001027-073567-00027-X,דימונה,אבן גבירול,31,,,exact,31.075962,35.044195,OK,31.075947,35.044137,"Shlomo Ibn Gabirol St 31, Dimona, Israel",OK,31.075855,35.043678,"אבן גבירול, חכמי ישראל, דימונה, נפת באר שבע, מחוז הדרום, 8604712, ישראל",5.8,50.7,44.9,שלמה אבן גבירול,31,partial,יצחק שמיר,,mismatch,,,n/a,,,mismatch,osm_rev_at_govmap_mismatch;google_rev_at_osm_mismatch
001027-073567-00028-X,דימונה,אבן גבירול,7,,,exact,31.076465,35.042312,OK,31.076465,35.042305,"Shlomo Ibn Gabirol St 7, Dimona, Israel",OK,31.075855,35.043678,"אבן גבירול, חכמי ישראל, דימונה, נפת באר שבע, מחוז הדרום, 8604712, ישראל",0.7,146.9,147.5,שלמה אבן גבירול,7,partial,אבן גבירול,,partial,,,n/a,,,mismatch,google_rev_at_osm_mismatch
001027-073567-00029-X,דימונה,אבן גבירול,34,,,exact,31.073991,35.043486,OK,31.074022,35.043404,"Shlomo Ibn Gabirol St 34, Dimona, Israel",OK,31.075855,35.043678,"אבן גבירול, חכמי ישראל, דימונה, נפת באר שבע, מחוז הדרום, 8604712, ישראל",8.6,207.4,204.9,שלמה אבן גבירול,34,partial,אלחריזי,,mismatch,,,n/a,,,mismatch,osm_rev_at_govmap_mismatch;google_rev_at_osm_mismatch
001027-073567-00030-X,דימונה,אבן גבירול,23,,,exact,31.076536,35.043765,OK,31.076161,35.043039,"Shlomo Ibn Gabirol St 23, Dimona, Israel",OK,31.075855,35.043678,"אבן גבירול, חכמי ישראל, דימונה, נפת באר שבע, מחוז הדרום, 8604712, ישראל",80.9,76.0,69.8,שלמה אבן גבירול,455,partial,הרב אלנקוה,,mismatch,,,n/a,,,mismatch,osm_rev_at_govmap_mismatch;google_rev_at_osm_mismatch
001027-073567-00031-X,דימונה,אבן גבירול,10,,,exact,31.075839,35.043071,OK,31.076161,35.043039,"Shlomo Ibn Gabirol St 10, Dimona, Israel",OK,31.075855,35.043678,"אבן גבירול, חכמי ישראל, דימונה, נפת באר שבע, מחוז הדרום, 8604712, ישראל",35.8,58.0,69.8,שלמה אבן גבירול,458,partial,אבן גבירול,,partial,,,n/a,,,mismatch,google_rev_at_osm_mismatch
001027-073567-00032-X,דימונה,אבן גבירול,8,,,exact,31.075898,35.042870,OK,31.075880,35.042828,"Shlomo Ibn Gabirol St 8, Dimona, Israel",OK,31.075855,35.043678,"אבן גבירול, חכמי ישראל, דימונה, נפת באר שבע, מחוז הדרום, 8604712, ישראל",4.5,77.3,81.2,שלמה אבן גבירול,8,partial,אבן גבירול,,partial,,,n/a,,,mismatch,google_rev_at_osm_mismatch
001027-073567-00033-X,דימונה,אבן גבירול,25,,,exact,31.076463,35.043948,OK,31.076430,35.043343,"Shlomo Ibn Gabirol St 25, Dimona, Israel",OK,31.075855,35.043678,"אבן גבירול, חכמי ישראל, דימונה, נפת באר שבע, מחוז הדרום, 8604712, ישראל",57.9,72.1,71.4,שלמה אבן גבירול,455,partial,הרב אלנקוה,,mismatch,,,n/a,,,mismatch,osm_rev_at_govmap_mismatch;google_rev_at_osm_mismatch
001027-073567-00034-X,דימונה,אבן גבירול,3,,,exact,31.076452,35.041945,OK,31.076473,35.041944,"Shlomo Ibn Gabirol St 3, Dimona, Israel",OK,31.075855,35.043678,"אבן גבירול, חכמי ישראל, דימונה, נפת באר שבע, מחוז הדרום, 8604712, ישראל",2.4,178.2,179.2,שלמה אבן גבירול,3,partial,אבן גבירול,,partial,,,n/a,,,mismatch,google_rev_at_osm_mismatch
001027-073567-00035-X,דימונה,אבן גבירול,37,,,exact,31.075364,35.044219,OK,31.075391,35.043863,"Shlomo Ibn Gabirol St 37, Dimona, Israel",OK,31.075855,35.043678,"אבן גבירול, חכמי ישראל, דימונה, נפת באר שבע, מחוז הדרום, 8604712, ישראל",34.1,75.0,54.4,שלמה אבן גבירול,35,partial,יצחק שמיר,,mismatch,,,n/a,,,mismatch,osm_rev_at_govmap_mismatch;google_rev_at_osm_mismatch
001027-073567-00036-X,דימונה,אבן גבירול,6,,,exact,31.075901,35.042333,OK,31.075882,35.042323,"Shlomo Ibn Gabirol St 6, Dimona, 8618106, Israel",OK,31.075855,35.043678,"אבן גבירול, חכמי ישראל, דימונה, נפת באר שבע, מחוז הדרום, 8604712, ישראל",2.3,128.5,129.4,שלמה אבן גבירול,6,partial,אבן גבירול,,partial,,,n/a,,,mismatch,google_rev_at_osm_mismatch
001027-073567-00037-X,דימונה,אבן גבירול,41,,,exact,31.074897,35.044306,OK,31.074890,35.044279,"Shlomo Ibn Gabirol St 41, Dimona, Israel",OK,31.075855,35.043678,"אבן גבירול, חכמי ישראל, דימונה, נפת באר שבע, מחוז הדרום, 8604712, ישראל",2.7,121.9,121.3,שלמה אבן גבירול,41,partial,יצחק שמיר,,mismatch,,,n/a,,,mismatch,osm_rev_at_govmap_mismatch;google_rev_at_osm_mismatch
001027-073567-00038-X,דימונה,אבן גבירול,13,,,exact,31.076479,35.042905,OK,31.076485,35.042841,"Shlomo Ibn Gabirol St 13, Dimona, Israel",OK,31.075855,35.043678,"אבן גבירול, חכמי ישראל, דימונה, נפת באר שבע, מחוז הדרום, 8604712, ישראל",6.2,101.2,106.2,שלמה אבן גבירול,13,partial,אבן גבירול,,partial,,,n/a,,,mismatch,google_rev_at_osm_mismatch
001027-073567-00039-X,דימונה,אבן גבירול,12,,,exact,31.075899,35.043278,OK,31.076161,35.043039,"Shlomo Ibn Gabirol St 12, Dimona, Israel",OK,31.075855,35.043678,"אבן גבירול, חכמי ישראל, דימונה, נפת באר שבע, מחוז הדרום, 8604712, ישראל",36.9,38.5,69.8,שלמה אבן גבירול,458,partial,אבן גבירול,,partial,,,n/a,,,mismatch,google_rev_at_osm_mismatch
001027-073567-00040-X,דימונה,אבן גבירול,32,,,exact,31.074152,35.043418,OK,31.074194,35.043332,"Shlomo Ibn Gabirol St 32, Dimona, Israel",OK,31.075855,35.043678,"אבן גבירול, חכמי ישראל, דימונה, נפת באר שבע, מחוז הדרום, 8604712, ישראל",9.4,190.4,187.1,שלמה אבן גבירול,449,partial,אלחריזי,,mismatch,,,n/a,,,mismatch,osm_rev_at_govmap_mismatch;google_rev_at_osm_mismatch
001027-073567-00041-X,דימונה,אבן עזרא,5,,,exact,31.073286,35.043185,OK,31.073528,35.043166,"Ibn Ezra St 5, Dimona, Israel",OK,31.073152,35.042923,"אבן עזרא, חכמי ישראל, דימונה, נפת באר שבע, מחוז הדרום, 8604712, ישראל",26.8,29.1,47.7,אבן עזרא,440,partial,אבן עזרא,,partial,,,n/a,אבן עזרא,442,partial,
001027-073567-00042-X,דימונה,אבן עזרא,4,,,exact,31.073398,35.042705,OK,31.073453,35.042704,"Ibn Ezra St 4, Dimona, Israel",OK,31.073152,35.042923,"אבן עזרא, חכמי ישראל, דימונה, נפת באר שבע, מחוז הדרום, 8604712, ישראל",6.1,34.3,39.3,אבן עזרא,2,partial,אבן עזרא,,partial,,,n/a,אבן עזרא,442,partial,
001027-073567-00043-X,דימונה,אבן עזרא,19,,,exact,31.072296,35.043161,OK,31.072300,35.043148,"Ibn Ezra St 19, Dimona, Israel",OK,31.073152,35.042923,"אבן עזרא, חכמי ישראל, דימונה, נפת באר שבע, מחוז הדרום, 8604712, ישראל",1.4,97.6,96.9,אבן עזרא,19,match,שלום שבזי,,mismatch,,,n/a,אבן עזרא,442,partial,osm_rev_at_govmap_mismatch
001027-073567-00044-X,דימונה,אבן עזרא,2,,,exact,31.073516,35.042741,OK,31.073524,35.042714,"Ibn Ezra St 2, Dimona, Israel",OK,31.073152,35.042923,"אבן עזרא, חכמי ישראל, דימונה, נפת באר שבע, מחוז הדרום, 8604712, ישראל",2.8,43.9,45.8,אבן עזרא,2,match,אבן עזרא,,partial,,,n/a,אבן עזרא,442,partial,
001027-073567-00045-X,דימונה,אבן עזרא,13,,,exact,31.072678,35.043184,OK,31.072693,35.043154,"Ibn Ezra St 13, Dimona, Israel",OK,31.073152,35.042923,"אבן עזרא, חכמי ישראל, דימונה, נפת באר שבע, מחוז הדרום, 8604712, ישראל",3.3,58.2,55.5,אבן עזרא,13,match,אבן עזרא,,partial,,,n/a,אבן עזרא,442,partial,
001027-073567-00046-X,דימונה,אבן עזרא,8,,,exact,31.073112,35.042725,OK,31.073109,35.042706,"Ibn Ezra St 8, Dimona, Israel",OK,31.073152,35.042923,"אבן עזרא, חכמי ישראל, דימונה, נפת באר שבע, מחוז הדרום, 8604712, ישראל",1.9,19.3,21.2,אבן עזרא,8,match,אבן עזרא,,partial,,,n/a,אבן עזרא,442,partial,
001027-073567-00047-X,דימונה,אבן עזרא,1,,,exact,31.073556,35.043181,OK,31.073835,35.043035,"Ibn Ezra St 1, Dimona, Israel",OK,31.073152,35.042923,"אבן עזרא, חכמי ישראל, דימונה, נפת באר שבע, מחוז הדרום, 8604712, ישראל",34.0,51.1,76.5,אבן עזרא,3,partial,אבן עזרא,,partial,,,n/a,אבן עזרא,442,partial,
001027-073567-00048-X,דימונה,אבן עזרא,10,,,exact,31.072985,35.042751,OK,31.072975,35.042698,"Ibn Ezra St 10, Dimona, Israel",OK,31.073152,35.042923,"אבן עזרא, חכמי ישראל, דימונה, נפת באר שבע, מחוז הדרום, 8604712, ישראל",5.1,24.8,29.1,אבן עזרא,10,match,אבן עזרא,,partial,,,n/a,אבן עזרא,442,partial,
001027-073567-00049-X,דימונה,אבן עזרא,3,,,exact,31.073431,35.043169,OK,31.073426,35.043145,"Ibn Ezra St 3, Dimona, Israel",OK,31.073152,35.042923,"אבן עזרא, חכמי ישראל, דימונה, נפת באר שבע, מחוז הדרום, 8604712, ישראל",2.4,38.9,37.1,אבן עזרא,3,match,אבן עזרא,,partial,,,n/a,אבן עזרא,442,partial,
001027-073567-00050-X,דימונה,אבן עזרא,7,,,exact,31.073176,35.043170,OK,31.073152,35.043132,"Ibn Ezra St 7, Dimona, Israel",OK,31.073152,35.042923,"אבן עזרא, חכמי ישראל, דימונה, נפת באר שבע, מחוז הדרום, 8604712, ישראל",4.5,23.8,20.0,אבן עזרא,7,match,אבן עזרא,,partial,,,n/a,אבן עזרא,442,partial,
001027-073567-00051-X,דימונה,אבן עזרא,9,,,exact,31.073030,35.043182,OK,31.073014,35.043137,"Ibn Ezra St 9, Dimona, Israel",OK,31.073152,35.042923,"אבן עזרא, חכמי ישראל, דימונה, נפת באר שבע, מחוז הדרום, 8604712, ישראל",4.7,28.2,25.5,אבן עזרא,9,match,אבן עזרא,,partial,,,n/a,אבן עזרא,442,partial,
001027-073567-00052-X,דימונה,אדר,4,,,exact,31.077827,35.039903,OK,31.077823,35.039908,"Adar St 4, Dimona, Israel",OK,31.078007,35.040281,"אדר, נווה חורש, חכמי ישראל, דימונה, נפת באר שבע, מחוז הדרום, 8604712, ישראל",0.6,41.2,41.0,אדר,4,match,אדר,,partial,,,n/a,צבעוני,12,mismatch,google_rev_at_osm_mismatch
001027-073567-00053-X,דימונה,אדר,21,,,exact,31.078140,35.040833,OK,31.078111,35.040784,"Adar St 21, Dimona, Israel",OK,31.078007,35.040281,"אדר, נווה חורש, חכמי ישראל, דימונה, נפת באר שבע, מחוז הדרום, 8604712, ישראל",5.7,54.7,49.4,אדר,21,match,ליבנה,,mismatch,,,n/a,צבעוני,12,mismatch,osm_rev_at_govmap_mismatch;google_rev_at_osm_mismatch
001027-073567-00054-X,דימונה,אדר,17,,,exact,31.078153,35.040630,OK,31.078150,35.040611,"Adar St 17, Dimona, Israel",OK,31.078007,35.040281,"אדר, נווה חורש, חכמי ישראל, דימונה, נפת באר שבע, מחוז הדרום, 8604712, ישראל",1.9,37.1,35.3,אדר,17,match,אדר,,partial,,,n/a,צבעוני,12,mismatch,google_rev_at_osm_mismatch
001027-073567-00055-X,דימונה,אדר,12,,,exact,31.077826,35.040284,OK,31.077849,35.040312,"Adar St 12, Dimona, Israel",OK,31.078007,35.040281,"אדר, נווה חורש, חכמי ישראל, דימונה, נפת באר שבע, מחוז הדרום, 8604712, ישראל",3.7,20.0,17.7,אדר,10,partial,אדר,,partial,,,n/a,צבעוני,12,mismatch,google_rev_at_osm_mismatch
001027-073567-00056-X,דימונה,אדר,16,,,exact,31.077816,35.040472,OK,31.077814,35.040484,"Adar St 16, Dimona, Israel",OK,31.078007,35.040281,"אדר, נווה חורש, חכמי ישראל, דימונה, נפת באר שבע, מחוז הדרום, 8604712, ישראל",1.2,27.9,28.8,אדר,16,match,אדר,,partial,,,n/a,צבעוני,12,mismatch,google_rev_at_osm_mismatch
001027-073567-00057-X,דימונה,אורון,6,,,exact,31.063693,35.030593,OK,31.063687,35.030533,"Oron St 6, Dimona, Israel",OK,31.063820,35.030151,"אורון, ערבה, נווה גן, דימונה, נפת באר שבע, מחוז הדרום, 8604712, ישראל",5.7,44.5,39.3,אורון,8,partial,אורון,,partial,,,n/a,שדרות הנשיא,122,mismatch,google_rev_at_osm_mismatch
001027-073567-00058-X,דימונה,אורון,5,,,exact,31.064072,35.030493,OK,31.064076,35.030463,"Oron St 5, Dimona, Israel",OK,31.063820,35.030151,"אורון, ערבה, נווה גן, דימונה, נפת באר שבע, מחוז הדרום, 8604712, ישראל",2.8,43.0,41.2,אורון,5,match,אורון,,partial,,,n/a,שדרות הנשיא,122,mismatch,google_rev_at_osm_mismatch
001027-073567-00059-X,דימונה,אורון,11,,,exact,31.064033,35.031157,OK,31.064076,35.031102,"Oron St 11, Dimona, Israel",OK,31.063820,35.030151,"אורון, ערבה, נווה גן, דימונה, נפת באר שבע, מחוז הדרום, 8604712, ישראל",7.1,98.9,95.1,אורון,11,match,השיטה,,mismatch,,,n/a,שדרות הנשיא,122,mismatch,osm_rev_at_govmap_mismatch;google_rev_at_osm_mismatch
001027-073567-00060-X,דימונה,אורון,4,,,exact,31.063714,35.030445,OK,31.063690,35.030334,"Oron St 4, Dimona, Israel",OK,31.063820,35.030151,"אורון, ערבה, נווה גן, דימונה, נפת באר שבע, מחוז הדרום, 8604712, ישראל",10.9,30.5,22.7,שדרות הנשיא,153,mismatch,אורון,,partial,,,n/a,שדרות הנשיא,122,mismatch,google_rev_at_govmap_mismatch;google_rev_at_osm_mismatch
001027-073567-00061-X,דימונה,אזוב,10,,,exact,31.077816,35.044495,OK,31.077789,35.044571,"Ezov St 10, Dimona, Israel",OK,31.077575,35.044210,"אזוב, נווה חורש, חכמי ישראל, דימונה, נפת באר שבע, מחוז הדרום, 8604712, ישראל",7.8,38.1,41.8,אזוב,12,partial,אשחר,,mismatch,,,n/a,אזוב,277,partial,osm_rev_at_govmap_mismatch
001027-073567-00062-X,דימונה,אזוב,4,,,exact,31.077528,35.044518,OK,31.077623,35.044518,"Ezov St 4, Dimona, Israel",OK,31.077575,35.044210,"אזוב, נווה חורש, חכמי ישראל, דימונה, נפת באר שבע, מחוז הדרום, 8604712, ישראל",10.5,29.9,29.9,אזוב,277,partial,אזוב,,partial,,,n/a,אזוב,277,partial,
001027-073567-00063-X,דימונה,אזוב,6,,,exact,31.077627,35.044493,OK,31.077652,35.044518,"Ezov St 6, Dimona, Israel",OK,31.077575,35.044210,"אזוב, נווה חורש, חכמי ישראל, דימונה, נפת באר שבע, מחוז הדרום, 8604712, ישראל",3.7,27.7,30.7,אזוב,4,partial,אזוב,,partial,,,n/a,אזוב,277,partial,
001027-073567-00064-X,דימונה,אלחריזי,9,,,exact,31.074443,35.042839,OK,31.074458,35.042926,"Elkharizi St 9, Dimona, Israel",OK,31.075960,35.041582,"אלחריזי, חכמי ישראל, דימונה, נפת באר שבע, מחוז הדרום, 8604712, ישראל",8.5,206.6,210.2,אלחריזי,9,match,אלחריזי,,partial,,,n/a,יהודה הלוי,23,mismatch,google_rev_at_osm_mismatch
001027-073567-00065-X,דימונה,אלחריזי,5,,,exact,31.075280,35.042158,OK,31.075305,35.042196,"Elkharizi St 5, Dimona, Israel",OK,31.073717,35.043632,"אלחריזי, חכמי ישראל, דימונה, נפת באר שבע, מחוז הדרום, 8604712, ישראל",4.5,223.2,223.2,אלחריזי,5,match,אלחריזי,,partial,,,n/a,שלמה אבן גבירול,36,mismatch,google_rev_at_osm_mismatch
001027-073567-00066-X,דימונה,אלחריזי,7,,,exact,31.074877,35.042489,OK,31.074865,35.042461,"Elkharizi St 7, Dimona, Israel",OK,31.074747,35.042257,"אלחריזי, חכמי ישראל, דימונה, נפת באר שבע, מחוז הדרום, 8604712, ישראל",3.0,26.4,23.5,אלחריזי,7,match,אלחריזי,,partial,,,n/a,שלמה אבן גבירול,463,mismatch,google_rev_at_osm_mismatch
001027-073567-00067-X,דימונה,אלחריזי,14,,,exact,31.074224,35.042366,OK,31.074224,35.042310,"Elkharizi St 14, Dimona, Israel",OK,31.074747,35.042257,"אלחריזי, חכמי ישראל, דימונה, נפת באר שבע, מחוז הדרום, 8604712, ישראל",5.3,58.9,58.2,אלחריזי,441,partial,אלחריזי,,partial,,,n/a,שלמה אבן גבירול,463,mismatch,google_rev_at_osm_mismatch
001027-073567-00068-X,דימונה,אלחריזי,22,,,exact,31.073813,35.042784,OK,31.074701,35.042079,"Elkharizi St 22, Dimona, Israel",OK,31.073849,35.043254,"אלחריזי, חכמי ישראל, דימונה, נפת באר שבע, מחוז הדרום, 8604712, ישראל",119.3,45.1,146.6,אלחריזי,20,partial,אבן עזרא,,mismatch,,,n/a,שלמה אבן גבירול,34,mismatch,osm_rev_at_govmap_mismatch;google_rev_at_osm_mismatch
001027-073567-00069-X,דימונה,אמנון ותמר,11,,,exact,31.075683,35.031942,OK,31.075679,35.031816,"Amnon veTamar St 11, Dimona, Israel",OK,31.075772,35.032047,"אמנון ותמר, נווה אביב, נווה גן, דימונה, נפת באר שבע, מחוז הדרום, 8604712, ישראל",12.0,14.1,24.4,אמנון ותמר,11,match,אמנון ותמר,,partial,,,n/a,בת חן,2,mismatch,google_rev_at_osm_mismatch
001027-073567-00070-X,דימונה,אמנון ותמר,9,,,exact,31.075550,35.031888,OK,31.075551,35.031818,"Amnon veTamar St 9, Dimona, Israel",OK,31.075772,35.032047,"אמנון ותמר, נווה אביב, נווה גן, דימונה, נפת באר שבע, מחוז הדרום, 8604712, ישראל",6.6,29.0,32.9,אמנון ותמר,9,match,אמנון ותמר,,partial,,,n/a,בת חן,2,mismatch,google_rev_at_osm_mismatch
001027-073567-00071-X,דימונה,אמנון ותמר,3,,,exact,31.075179,35.031923,OK,31.075186,35.031831,"Amnon veTamar St 3, Dimona, Israel",OK,31.075772,35.032047,"אמנון ותמר, נווה אביב, נווה גן, דימונה, נפת באר שבע, מחוז הדרום, 8604712, ישראל",8.8,66.8,68.2,אמנון ותמר,3,match,אמנון ותמר,,partial,,,n/a,בת חן,2,mismatch,google_rev_at_osm_mismatch
001027-073567-00072-X,דימונה,אמנון ותמר,19,,,exact,31.076240,35.031867,OK,31.076246,35.031764,"Amnon veTamar St 19, Dimona, Israel",OK,31.075772,35.032047,"אמנון ותמר, נווה אביב, נווה גן, דימונה, נפת באר שבע, מחוז הדרום, 8604712, ישראל",9.8,54.6,59.1,אמנון ותמר,19,match,אמנון ותמר,,partial,,,n/a,בת חן,2,mismatch,google_rev_at_osm_mismatch
001027-073567-00073-X,דימונה,אסף,1019,,,exact,31.072280,35.027991,OK,31.073045,35.028698,"Asaf St, Dimona, Israel",OK,31.073012,35.028590,"אסף, הנצחון, נווה גן, דימונה, נפת באר שבע, מחוז הדרום, 8604712, ישראל",108.3,99.2,10.9,יצחק ורדימון,1019,mismatch,מבצע ברוש,,mismatch,,,n/a,משעול רוגל,15,mismatch,google_rev_at_govmap_mismatch;osm_rev_at_govmap_mismatch;google_rev_at_osm_mismatch
001027-073567-00074-X,דימונה,אסף,3,,,exact,31.073074,35.028384,OK,31.073043,35.028308,"Asaf St 3, Dimona, Israel",OK,31.073012,35.028590,"אסף, הנצחון, נווה גן, דימונה, נפת באר שבע, מחוז הדרום, 8604712, ישראל",8.0,20.8,27.1,אסף,24,partial,אסף,,partial,,,n/a,משעול רוגל,15,mismatch,google_rev_at_osm_mismatch
001027-073567-00075-X,דימונה,אסף,18,,,exact,31.072567,35.028505,OK,31.072137,35.028500,"Asaf St 18, Dimona, Israel",OK,31.073012,35.028590,"אסף, הנצחון, נווה גן, דימונה, נפת באר שבע, מחוז הדרום, 8604712, ישראל",47.7,50.0,97.4,יצחק ורדימון,1018,mismatch,אסף,,partial,,,n/a,משעול רוגל,15,mismatch,google_rev_at_govmap_mismatch;google_rev_at_osm_mismatch
001027-073567-00076-X,דימונה,אקליפטוס,11,,,none,,,OK,31.077965,35.042118,"Ekaliptus St 11, Dimona, Israel",OK,31.078885,35.042295,"אקליפטוס, נווה חורש, חכמי ישראל, דימונה, נפת באר שבע, מחוז הדרום, 8604712, ישראל",,,103.4,,,n/a,,,n/a,אקליפטוס,,partial,בשמת,2,mismatch,govmap_missing;google_rev_at_osm_mismatch
001027-073567-00077-X,דימונה,אקליפטוס,55,,,none,,,OK,31.079945,35.042118,"Ekaliptus St 55, Dimona, Israel",OK,31.078885,35.042295,"אקליפטוס, נווה חורש, חכמי ישראל, דימונה, נפת באר שבע, מחוז הדרום, 8604712, ישראל",,,118.8,,,n/a,,,n/a,אקליפטוס,,partial,בשמת,2,mismatch,govmap_missing;google_rev_at_osm_mismatch
001027-073567-00078-X,דימונה,אקליפטוס,57,,,none,,,OK,31.080055,35.042122,"Ekaliptus St 57, Dimona, Israel",OK,31.078885,35.042295,"אקליפטוס, נווה חורש, חכמי ישראל, דימונה, נפת באר שבע, מחוז הדרום, 8604712, ישראל",,,130.8,,,n/a,,,n/a,אקליפטוס,,partial,בשמת,2,mismatch,govmap_missing;google_rev_at_osm_mismatch
001027-073567-00079-X,דימונה,אקליפטוס,31,,,none,,,OK,31.078929,35.042125,"Ekaliptus St 31, Dimona, Israel",OK,31.078885,35.042295,"אקליפטוס, נווה חורש, חכמי ישראל, דימונה, נפת באר שבע, מחוז הדרום, 8604712, ישראל",,,17.0,,,n/a,,,n/a,אקליפטוס,,partial,בשמת,2,mismatch,govmap_missing;google_rev_at_osm_mismatch
001027-073567-00080-X,דימונה,אקליפטוס,9,,,none,,,OK,31.077891,35.042117,"Ekaliptus St 9, Dimona, Israel",OK,31.078885,35.042295,"אקליפטוס, נווה חורש, חכמי ישראל, דימונה, נפת באר שבע, מחוז הדרום, 8604712, ישראל",,,111.5,,,n/a,,,n/a,אקליפטוס,,partial,בשמת,2,mismatch,govmap_missing;google_rev_at_osm_mismatch
001027-073567-00081-X,דימונה,אקליפטוס,20,,,none,,,OK,31.079946,35.042676,"Ekaliptus St 20, Dimona, Israel",OK,31.078885,35.042295,"אקליפטוס, נווה חורש, חכמי ישראל, דימונה, נפת באר שבע, מחוז הדרום, 8604712, ישראל",,,123.2,,,n/a,,,n/a,דולב,,mismatch,בשמת,2,mismatch,govmap_missing;osm_rev_at_google_mismatch;google_rev_at_osm_mismatch
001027-073567-00082-X,דימונה,אקליפטוס,1,,,none,,,OK,31.077551,35.042119,"Ekaliptus St 1, Dimona, Israel",OK,31.078885,35.042295,"אקליפטוס, נווה חורש, חכמי ישראל, דימונה, נפת באר שבע, מחוז הדרום, 8604712, ישראל",,,148.8,,,n/a,,,n/a,סחלבן החורש,,mismatch,בשמת,2,mismatch,govmap_missing;osm_rev_at_google_mismatch;google_rev_at_osm_mismatch
001027-073567-00083-X,דימונה,אקליפטוס,22,,,none,,,OK,31.080025,35.042619,"Ekaliptus St 22, Dimona, Israel",OK,31.078885,35.042295,"אקליפטוס, נווה חורש, חכמי ישראל, דימונה, נפת באר שבע, מחוז הדרום, 8604712, ישראל",,,130.1,,,n/a,,,n/a,דולב,,mismatch,בשמת,2,mismatch,govmap_missing;osm_rev_at_google_mismatch;google_rev_at_osm_mismatch
001027-073567-00084-X,דימונה,אקליפטוס,51,,,none,,,OK,31.079787,35.042122,"Ekaliptus St 51, Dimona, Israel",OK,31.078885,35.042295,"אקליפטוס, נווה חורש, חכמי ישראל, דימונה, נפת באר שבע, מחוז הדרום, 8604712, ישראל",,,101.4,,,n/a,,,n/a,אקליפטוס,,partial,בשמת,2,mismatch,govmap_missing;google_rev_at_osm_mismatch
001027-073567-00085-X,דימונה,אקליפטוס,7,,,none,,,OK,31.077803,35.042121,"Ekaliptus St 7, Dimona, Israel",OK,31.078885,35.042295,"אקליפטוס, נווה חורש, חכמי ישראל, דימונה, נפת באר שבע, מחוז הדרום, 8604712, ישראל",,,121.1,,,n/a,,,n/a,אקליפטוס,,partial,בשמת,2,mismatch,govmap_missing;google_rev_at_osm_mismatch
001027-073567-00086-X,דימונה,אקליפטוס,21,,,none,,,OK,31.078380,35.042129,"Ekaliptus St 21, Dimona, Israel",OK,31.078885,35.042295,"אקליפטוס, נווה חורש, חכמי ישראל, דימונה, נפת באר שבע, מחוז הדרום, 8604712, ישראל",,,58.2,,,n/a,,,n/a,אקליפטוס,,partial,בשמת,2,mismatch,govmap_missing;google_rev_at_osm_mismatch
001027-073567-00087-X,דימונה,אקליפטוס,25,,,none,,,OK,31.078685,35.042125,"Ekaliptus St 25, Dimona, Israel",OK,31.078885,35.042295,"אקליפטוס, נווה חורש, חכמי ישראל, דימונה, נפת באר שבע, מחוז הדרום, 8604712, ישראל",,,27.5,,,n/a,,,n/a,מורן החורש,,mismatch,בשמת,2,mismatch,govmap_missing;osm_rev_at_google_mismatch;google_rev_at_osm_mismatch
001027-073567-00088-X,דימונה,אשחר,5,,,exact,31.078140,35.042668,OK,31.078159,35.042588,"Esh'har St 5, Dimona, Israel",OK,31.078011,35.043457,"אשחר, נווה חורש, חכמי ישראל, דימונה, נפת באר שבע, מחוז הדרום, 8604712, ישראל",7.9,76.6,84.5,אשחר,7,partial,אשחר,,partial,,,n/a,אשחר,23,partial,
001027-073567-00089-X,דימונה,אשחר,23,,,exact,31.078140,35.043522,OK,31.078068,35.043530,"Esh'har St 23, Dimona, Israel",OK,31.078011,35.043457,"אשחר, נווה חורש, חכמי ישראל, דימונה, נפת באר שבע, מחוז הדרום, 8604712, ישראל",8.0,15.6,9.4,אשחר,23,match,אשחר,,partial,,,n/a,אשחר,23,match,
001027-073567-00090-X,דימונה,אשחר,25,,,exact,31.078111,35.043712,OK,31.078125,35.043627,"Esh'har St 25, Dimona, Israel",OK,31.078011,35.043457,"אשחר, נווה חורש, חכמי ישראל, דימונה, נפת באר שבע, מחוז הדרום, 8604712, ישראל",8.3,26.7,20.6,אשחר,25,match,אשחר,,partial,,,n/a,אשחר,23,partial,
001027-073567-00091-X,דימונה,אשחר,17,,,exact,31.078131,35.043317,OK,31.078139,35.043187,"Esh'har St 17, Dimona, Israel",OK,31.078011,35.043457,"אשחר, נווה חורש, חכמי ישראל, דימונה, נפת באר שבע, מחוז הדרום, 8604712, ישראל",12.4,18.9,29.4,אשחר,19,partial,אשחר,,partial,,,n/a,אשחר,23,partial,
001027-073567-00092-X,דימונה,אשחר,20,,,exact,31.077888,35.043492,OK,31.077908,35.043406,"Esh'har St 20, Dimona, Israel",OK,31.078011,35.043457,"אשחר, נווה חורש, חכמי ישראל, דימונה, נפת באר שבע, מחוז הדרום, 8604712, ישראל",8.5,14.0,12.4,אשחר,22,partial,אשחר,,partial,,,n/a,אשחר,23,partial,
001027-073567-00093-X,דימונה,אשחר,13,,,exact,31.078156,35.043084,OK,31.078153,35.042964,"Esh'har St 13, Dimona, Israel",OK,31.078011,35.043457,"אשחר, נווה חורש, חכמי ישראל, דימונה, נפת באר שבע, מחוז הדרום, 8604712, ישראל",11.4,39.1,49.6,אשחר,120,partial,אשחר,,partial,,,n/a,אשחר,23,partial,
001027-073567-00094-X,דימונה,אשחר,6,,,exact,31.077850,35.042758,OK,31.077840,35.042696,"Esh'har St 6, Dimona, Israel",OK,31.078011,35.043457,"אשחר, נווה חורש, חכמי ישראל, דימונה, נפת באר שבע, מחוז הדרום, 8604712, ישראל",6.0,69.0,75.0,אשחר,157,partial,אשחר,,partial,,,n/a,אשחר,23,partial,
001027-073567-00095-X,דימונה,אשחר,28,,,exact,31.077841,35.043875,OK,31.077906,35.043789,"Esh'har St 28, Dimona, Israel",OK,31.078011,35.043457,"אשחר, נווה חורש, חכמי ישראל, דימונה, נפת באר שבע, מחוז הדרום, 8604712, ישראל",10.9,44.1,33.8,אשחר,30,partial,אשחר,,partial,,,n/a,אשחר,23,partial,
001027-073567-00096-X,דימונה,אשחר,16,,,exact,31.077857,35.043291,OK,31.077909,35.043205,"Esh'har St 16, Dimona, Israel",OK,31.078011,35.043457,"אשחר, נווה חורש, חכמי ישראל, דימונה, נפת באר שבע, מחוז הדרום, 8604712, ישראל",10.0,23.3,26.6,אשחר,18,partial,אשחר,,partial,,,n/a,אשחר,23,partial,
001027-073567-00097-X,דימונה,אשחר,3,,,exact,31.078137,35.042532,OK,31.078104,35.042493,"Esh'har St 3, Dimona, Israel",OK,31.078011,35.043457,"אשחר, נווה חורש, חכמי ישראל, דימונה, נפת באר שבע, מחוז הדרום, 8604712, ישראל",5.2,89.3,92.6,אשחר,3,match,אשחר,,partial,,,n/a,אשחר,23,partial,
001027-073567-00098-X,דימונה,אשחר,24,,,exact,31.077853,35.043679,OK,31.077906,35.043592,"Esh'har St 24, Dimona, Israel",OK,31.078011,35.043457,"אשחר, נווה חורש, חכמי ישראל, דימונה, נפת באר שבע, מחוז הדרום, 8604712, ישראל",10.2,27.5,17.4,אשחר,26,partial,אשחר,,partial,,,n/a,אשחר,23,partial,
001027-073567-00099-X,דימונה,אשחר,26,,,exact,31.077816,35.043750,OK,31.077825,35.043681,"Esh'har St 26, Dimona, Israel",OK,31.078011,35.043457,"אשחר, נווה חורש, חכמי ישראל, דימונה, נפת באר שבע, מחוז הדרום, 8604712, ישראל",6.6,35.3,29.7,אשחר,152,partial,אשחר,,partial,,,n/a,אשחר,23,partial,
001027-073567-00100-X,דימונה,אשחר,31,,,exact,31.078167,35.044073,OK,31.078149,35.044280,"Esh'har St 31, Dimona, Israel",OK,31.078011,35.043457,"אשחר, נווה חורש, חכמי ישראל, דימונה, נפת באר שבע, מחוז הדרום, 8604712, ישראל",19.8,61.3,80.0,אשחר,271,partial,אשחר,,partial,,,n/a,אשחר,23,partial,
001027-073567-00101-X,דימונה,בבא סאלי,53,,,exact,31.059734,35.030514,OK,31.059569,35.030615,"Baba Sali St 53, Dimona, Israel",OK,31.061361,35.034884,"בבא סאלי, ערבה, נווה גן, דימונה, נפת באר שבע, מחוז הדרום, 8604712, ישראל",20.6,454.5,453.3,נווה מדבר,182,mismatch,בבא סאלי,,partial,,,n/a,בבא סאלי,79,partial,google_rev_at_govmap_mismatch
001027-073567-00102-X,דימונה,בבא סאלי,79,,,exact,31.061538,35.035088,OK,31.061468,35.034892,"Baba Sali St 79, Dimona, Israel",OK,31.061361,35.034884,"בבא סאלי, ערבה, נווה גן, דימונה, נפת באר שבע, מחוז הדרום, 8604712, ישראל",20.2,27.6,11.9,בבא סאלי,137,partial,בבא סאלי,,partial,,,n/a,בבא סאלי,79,match,
001027-073567-00102-X,דימונה,בבא סאלי,79,,,exact,31.061538,35.035088,OK,31.061468,35.034892,"Baba Sali St 79, Dimona, Israel",OK,31.061361,35.034884,"בבא סאלי, ערבה, נווה גן, דימונה, נפת באר שבע, מחוז הדרום, 8604712, ישראל",20.2,27.6,11.9,בבא סאלי,137,partial,בבא סאלי,,partial,,,n/a,בבא סאלי,79,match,
001027-077659-00074-X,דימונה,בבא סאלי,74,,8601734,exact,31.060231,35.032504,OK,31.061590,35.036288,"Baba Sali St 74, Dimona, Israel",OK,31.060089,35.031724,"בבא סאלי, ערבה, נווה גן, דימונה, נפת באר שבע, מחוז הדרום, 8604712, ישראל",391.4,76.1,466.3,בבא סאלי,165,partial,בבא סאלי,,partial,,,n/a,בבא סאלי,177,partial,
001027-077659-00074-א,דימונה,בבא סאלי,74,א,8601735,exact,31.060231,35.032504,OK,31.061590,35.036288,"Baba Sali St 74, Dimona, Israel",OK,31.060089,35.031724,"בבא סאלי, ערבה, נווה גן, דימונה, נפת באר שבע, מחוז הדרום, 8604712, ישראל",391.4,76.1,466.3,בבא סאלי,165,partial,בבא סאלי,,partial,,,n/a,בבא סאלי,177,partial,
001027-077659-00074-ב,דימונה,בבא סאלי,74,ב,8601736,exact,31.060231,35.032504,OK,31.061590,35.036288,"Baba Sali St 74, Dimona, Israel",OK,31.060089,35.031724,"בבא סאלי, ערבה, נווה גן, דימונה, נפת באר שבע, מחוז הדרום, 8604712, ישראל",391.4,76.1,466.3,בבא סאלי,165,partial,בבא סאלי,,partial,,,n/a,בבא סאלי,177,partial,
001027-073567-00104-X,דימונה,בבא סאלי,113,,,exact,31.061987,35.036000,OK,31.062005,35.036106,"Baba Sali St 113, Dimona, Israel",OK,31.060089,35.031724,"בבא סאלי, ערבה, נווה גן, דימונה, נפת באר שבע, מחוז הדרום, 8604712, ישראל",10.3,459.2,469.1,בבא סאלי,90,partial,בבא סאלי,,partial,,,n/a,בבא סאלי,177,partial,
001027-073567-00105-X,דימונה,בבא סאלי,121,,,exact,31.062123,35.036545,OK,31.062178,35.036474,"Baba Sali St 121, Dimona, Israel",OK,31.060744,35.032688,"בבא סאלי, ערבה, נווה גן, דימונה, נפת באר שבע, מחוז הדרום, 8604712, ישראל",9.2,398.7,394.8,בבא סאלי,121,match,בבא סאלי,,partial,,,n/a,קציעות,37,mismatch,google_rev_at_osm_mismatch
001027-073567-00106-X,דימונה,בבא סאלי,25,,,exact,31.059817,35.028367,OK,31.059876,35.028340,"Baba Sali St 25, Dimona, Israel",OK,31.061361,35.034884,"בבא סאלי, ערבה, נווה גן, דימונה, נפת באר שבע, מחוז הדרום, 8604712, ישראל",7.1,645.2,646.0,בבא סאלי,25,match,בבא סאלי,,partial,,,n/a,בבא סאלי,79,partial,
001027-073567-00107-X,דימונה,בבא סאלי,126,,,exact,31.062739,35.036879,OK,31.063050,35.036745,"Baba Sali St 126, Dimona, Israel",OK,31.060744,35.032688,"בבא סאלי, ערבה, נווה גן, דימונה, נפת באר שבע, מחוז הדרום, 8604712, ישראל",36.8,457.2,464.1,בבא סאלי,105,partial,בבא סאלי,,partial,,,n/a,קציעות,37,mismatch,google_rev_at_osm_mismatch
001027-077659-00070-X,דימונה,בבא סאלי,70,,8601719,exact,31.060984,35.034211,OK,31.061113,35.034504,"Baba Sali St 70, Dimona, Israel",OK,31.060744,35.032688,"בבא סאלי, ערבה, נווה גן, דימונה, נפת באר שבע, מחוז הדרום, 8604712, ישראל",31.5,147.8,178.2,בבא סאלי,96,partial,תל לכיש,,mismatch,,,n/a,קציעות,37,mismatch,osm_rev_at_govmap_mismatch;google_rev_at_osm_mismatch
001027-077659-00031-X,דימונה,בבא סאלי,31,,8601031,exact,31.059753,35.028849,OK,31.059772,35.028727,"Baba Sali St 31, Dimona, Israel",OK,31.060744,35.032688,"בבא סאלי, ערבה, נווה גן, דימונה, נפת באר שבע, מחוז הדרום, 8604712, ישראל",11.8,382.5,393.1,בבא סאלי,33,partial,בבא סאלי,,partial,,,n/a,קציעות,37,mismatch,google_rev_at_osm_mismatch
001027-073567-00110-X,דימונה,בבא סאלי,72,,,exact,31.060120,35.032162,OK,31.061448,35.035847,"Baba Sali St 72, Dimona, Israel",OK,31.060744,35.032688,"בבא סאלי, ערבה, נווה גן, דימונה, נפת באר שבע, מחוז הדרום, 8604712, ישראל",381.3,85.5,311.5,בבא סאלי,64,partial,היורה,,mismatch,,,n/a,קציעות,37,mismatch,osm_rev_at_govmap_mismatch;google_rev_at_osm_mismatch
001027-073567-00110-X,דימונה,בבא סאלי,72,,,exact,31.060120,35.032162,OK,31.061448,35.035847,"Baba Sali St 72, Dimona, Israel",OK,31.060744,35.032688,"בבא סאלי, ערבה, נווה גן, דימונה, נפת באר שבע, מחוז הדרום, 8604712, ישראל",381.3,85.5,311.5,בבא סאלי,64,partial,היורה,,mismatch,,,n/a,קציעות,37,mismatch,osm_rev_at_govmap_mismatch;google_rev_at_osm_mismatch
001027-073567-00110-X,דימונה,בבא סאלי,72,,,exact,31.060120,35.032162,OK,31.061448,35.035847,"Baba Sali St 72, Dimona, Israel",OK,31.060744,35.032688,"בבא סאלי, ערבה, נווה גן, דימונה, נפת באר שבע, מחוז הדרום, 8604712, ישראל",381.3,85.5,311.5,בבא סאלי,64,partial,היורה,,mismatch,,,n/a,קציעות,37,mismatch,osm_rev_at_govmap_mismatch;google_rev_at_osm_mismatch
001027-073567-00111-X,דימונה,בבא סאלי,49,,,exact,31.059726,35.030230,OK,31.059649,35.030284,"Baba Sali St 49, Dimona, Israel",OK,31.061361,35.034884,"בבא סאלי, ערבה, נווה גן, דימונה, נפת באר שבע, מחוז הדרום, 8604712, ישראל",10.0,479.8,478.4,בבא סאלי,49,match,בבא סאלי,,partial,,,n/a,בבא סאלי,79,partial,
001027-077659-00078-X,דימונה,בבא סאלי,78,,8601748,exact,31.060321,35.032764,OK,31.061454,35.034725,"Baba Sali St 78, Dimona, Israel",OK,31.061361,35.034884,"בבא סאלי, ערבה, נווה גן, דימונה, נפת באר שבע, מחוז הדרום, 8604712, ישראל",225.4,233.0,18.4,בבא סאלי,166,partial,היורה,,mismatch,,,n/a,בבא סאלי,79,partial,osm_rev_at_govmap_mismatch
001027-077659-00078-א,דימונה,בבא סאלי,78,א,8601749,exact,31.060321,35.032764,OK,31.061454,35.034725,"Baba Sali St 78, Dimona, Israel",OK,31.061361,35.034884,"בבא סאלי, ערבה, נווה גן, דימונה, נפת באר שבע, מחוז הדרום, 8604712, ישראל",225.4,233.0,18.4,בבא סאלי,166,partial,היורה,,mismatch,,,n/a,בבא סאלי,79,partial,osm_rev_at_govmap_mismatch
001027-077659-00078-ב,דימונה,בבא סאלי,78,ב,8601750,exact,31.060321,35.032764,OK,31.061454,35.034725,"Baba Sali St 78, Dimona, Israel",OK,31.061361,35.034884,"בבא סאלי, ערבה, נווה גן, דימונה, נפת באר שבע, מחוז הדרום, 8604712, ישראל",225.4,233.0,18.4,בבא סאלי,166,partial,היורה,,mismatch,,,n/a,בבא סאלי,79,partial,osm_rev_at_govmap_mismatch
001027-077659-00078-ג,דימונה,בבא סאלי,78,ג,8601751,exact,31.060321,35.032764,OK,31.061454,35.034725,"Baba Sali St 78, Dimona, Israel",OK,31.061361,35.034884,"בבא סאלי, ערבה, נווה גן, דימונה, נפת באר שבע, מחוז הדרום, 8604712, ישראל",225.4,233.0,18.4,בבא סאלי,166,partial,היורה,,mismatch,,,n/a,בבא סאלי,79,partial,osm_rev_at_govmap_mismatch
001027-073567-00113-X,דימונה,בבא סאלי,20,,,exact,31.059232,35.028301,OK,31.059223,35.028238,"Baba Sali St 20, Dimona, Israel",OK,31.060089,35.031724,"בבא סאלי, ערבה, נווה גן, דימונה, נפת באר שבע, מחוז הדרום, 8604712, ישראל",6.1,340.3,346.3,בבא סאלי,20,match,בבא סאלי,,partial,,,n/a,בבא סאלי,177,partial,
001027-073567-00114-X,דימונה,בבא סאלי,12,,,exact,31.059144,35.027799,OK,31.059159,35.027694,"Baba Sali St 12, Dimona, Israel",OK,31.061361,35.034884,"בבא סאלי, ערבה, נווה גן, דימונה, נפת באר שבע, מחוז הדרום, 8604712, ישראל",10.2,719.5,728.5,בבא סאלי,12,match,המכתש,,mismatch,,,n/a,בבא סאלי,79,partial,osm_rev_at_govmap_mismatch
001027-073567-00115-X,דימונה,בבא סאלי,54,,,exact,31.059456,35.030774,OK,31.059415,35.030694,"Baba Sali St 54, Dimona, Israel",OK,31.060089,35.031724,"בבא סאלי, ערבה, נווה גן, דימונה, נפת באר שבע, מחוז הדרום, 8604712, ישראל",8.9,114.7,123.5,בבא סאלי,54,match,,,mismatch,,,n/a,בבא סאלי,177,partial,osm_rev_at_govmap_mismatch
001027-073567-00116-X,דימונה,בבא סאלי,76,,,exact,31.060271,35.032599,OK,31.061150,35.033220,"Baba Sali St 76, Dimona, Israel",OK,31.060744,35.032688,"בבא סאלי, ערבה, נווה גן, דימונה, נפת באר שבע, מחוז הדרום, 8604712, ישראל",114.1,53.1,67.9,בבא סאלי,165,partial,בבא סאלי,,partial,,,n/a,קציעות,37,mismatch,google_rev_at_osm_mismatch
001027-073567-00116-X,דימונה,בבא סאלי,76,,,exact,31.060271,35.032599,OK,31.061150,35.033220,"Baba Sali St 76, Dimona, Israel",OK,31.060744,35.032688,"בבא סאלי, ערבה, נווה גן, דימונה, נפת באר שבע, מחוז הדרום, 8604712, ישראל",114.1,53.1,67.9,בבא סאלי,165,partial,בבא סאלי,,partial,,,n/a,קציעות,37,mismatch,google_rev_at_osm_mismatch
001027-077659-00066-X,דימונה,בבא סאלי,66,,8601709,exact,31.060352,35.032857,OK,31.060380,35.032867,"Baba Sali St 66, Dimona, 86000, Israel",OK,31.060744,35.032688,"בבא סאלי, ערבה, נווה גן, דימונה, נפת באר שבע, מחוז הדרום, 8604712, ישראל",3.2,46.4,43.8,בבא סאלי,66,match,היורה,,mismatch,,,n/a,קציעות,37,mismatch,osm_rev_at_govmap_mismatch;google_rev_at_osm_mismatch
001027-077659-00066-א,דימונה,בבא סאלי,66,א,8601710,exact,31.060352,35.032857,OK,31.060380,35.032867,"Baba Sali St 66, Dimona, 86000, Israel",OK,31.060744,35.032688,"בבא סאלי, ערבה, נווה גן, דימונה, נפת באר שבע, מחוז הדרום, 8604712, ישראל",3.2,46.4,43.8,בבא סאלי,66,match,היורה,,mismatch,,,n/a,קציעות,37,mismatch,osm_rev_at_govmap_mismatch;google_rev_at_osm_mismatch
001027-077659-00071-X,דימונה,בבא סאלי,71,,8601723,exact,31.061137,35.034913,OK,31.061089,35.034582,"Baba Sali St 71, Dimona, Israel",OK,31.060631,35.032487,"בבא סאלי, ערבה, נווה גן, דימונה, נפת באר שבע, מחוז הדרום, 8604712, ישראל",32.0,238.2,206.3,בבא סאלי,181,partial,בבא סאלי,,partial,,,n/a,בבא סאלי,166,partial,
001027-077659-00071-א,דימונה,בבא סאלי,71,א,8601724,exact,31.061137,35.034913,OK,31.061089,35.034582,"Baba Sali St 71, Dimona, Israel",OK,31.060631,35.032487,"בבא סאלי, ערבה, נווה גן, דימונה, נפת באר שבע, מחוז הדרום, 8604712, ישראל",32.0,238.2,206.3,בבא סאלי,181,partial,בבא סאלי,,partial,,,n/a,בבא סאלי,166,partial,
001027-077659-00071-ב,דימונה,בבא סאלי,71,ב,8601725,exact,31.061137,35.034913,OK,31.061089,35.034582,"Baba Sali St 71, Dimona, Israel",OK,31.060631,35.032487,"בבא סאלי, ערבה, נווה גן, דימונה, נפת באר שבע, מחוז הדרום, 8604712, ישראל",32.0,238.2,206.3,בבא סאלי,181,partial,בבא סאלי,,partial,,,n/a,בבא סאלי,166,partial,
001027-077659-00071-ג,דימונה,בבא סאלי,71,ג,8601726,exact,31.061137,35.034913,OK,31.061089,35.034582,"Baba Sali St 71, Dimona, Israel",OK,31.060631,35.032487,"בבא סאלי, ערבה, נווה גן, דימונה, נפת באר שבע, מחוז הדרום, 8604712, ישראל",32.0,238.2,206.3,בבא סאלי,181,partial,בבא סאלי,,partial,,,n/a,בבא סאלי,166,partial,
001027-077659-00077-X,דימונה,בבא סאלי,77,,8601744,exact,31.061229,35.033648,OK,31.061225,35.033751,"Baba Sali St 77, Dimona, Israel",OK,31.061361,35.034884,"בבא סאלי, ערבה, נווה גן, דימונה, נפת באר שבע, מחוז הדרום, 8604712, ישראל",9.8,118.9,109.2,בבא סאלי,77,match,בבא סאלי,,partial,,,n/a,בבא סאלי,79,partial,
001027-077659-00077-א,דימונה,בבא סאלי,77,א,8601745,exact,31.061229,35.033648,OK,31.061225,35.033751,"Baba Sali St 77, Dimona, Israel",OK,31.061361,35.034884,"בבא סאלי, ערבה, נווה גן, דימונה, נפת באר שבע, מחוז הדרום, 8604712, ישראל",9.8,118.9,109.2,בבא סאלי,77,match,בבא סאלי,,partial,,,n/a,בבא סאלי,79,partial,
001027-077659-00077-ב,דימונה,בבא סאלי,77,ב,8601746,exact,31.061229,35.033648,OK,31.061225,35.033751,"Baba Sali St 77, Dimona, Israel",OK,31.061361,35.034884,"בבא סאלי, ערבה, נווה גן, דימונה, נפת באר שבע, מחוז הדרום, 8604712, ישראל",9.8,118.9,109.2,בבא סאלי,77,match,בבא סאלי,,partial,,,n/a,בבא סאלי,79,partial,
001027-077659-00077-ג,דימונה,בבא סאלי,77,ג,8601747,exact,31.061229,35.033648,OK,31.061225,35.033751,"Baba Sali St 77, Dimona, Israel",OK,31.061361,35.034884,"בבא סאלי, ערבה, נווה גן, דימונה, נפת באר שבע, מחוז הדרום, 8604712, ישראל",9.8,118.9,109.2,בבא סאלי,77,match,בבא סאלי,,partial,,,n/a,בבא סאלי,79,partial,
001027-073567-00120-X,דימונה,בבא סאלי,60,,,exact,31.059781,35.031572,OK,31.059331,35.030358,"Baba Sali St 60, Dimona, Israel",OK,31.060744,35.032688,"בבא סאלי, ערבה, נווה גן, דימונה, נפת באר שבע, מחוז הדרום, 8604712, ישראל",126.2,150.8,272.1,בבא סאלי,41,partial,בבא סאלי,,partial,,,n/a,קציעות,37,mismatch,google_rev_at_osm_mismatch
001027-073567-00121-X,דימונה,בבא סאלי,1,,,exact,31.060237,35.026618,OK,31.060301,35.026545,"Baba Sali St 1, Dimona, Israel",OK,31.061361,35.034884,"בבא סאלי, ערבה, נווה גן, דימונה, נפת באר שבע, מחוז הדרום, 8604712, ישראל",9.9,798.8,804.6,בבא סאלי,3,partial,בבא סאלי,,partial,,,n/a,בבא סאלי,79,partial,
001027-073567-00122-X,דימונה,בבא סאלי,7,,,exact,31.060112,35.026919,OK,31.060051,35.026959,"Baba Sali St 7, Dimona, Israel",OK,31.060744,35.032688,"בבא סאלי, ערבה, נווה גן, דימונה, נפת באר שבע, מחוז הדרום, 8604712, ישראל",7.8,555.1,552.2,בבא סאלי,7,match,נוה מדבר,,mismatch,,,n/a,קציעות,37,mismatch,osm_rev_at_govmap_mismatch;google_rev_at_osm_mismatch
001027-077659-00021-X,דימונה,בבא סאלי,21,,8601021,exact,31.059656,35.027912,OK,31.059794,35.027934,"Baba Sali St 21, Dimona, Israel",OK,31.060089,35.031724,"בבא סאלי, ערבה, נווה גן, דימונה, נפת באר שבע, מחוז הדרום, 8604712, ישראל",15.5,367.0,363.3,בבא סאלי,21,match,בבא סאלי,,partial,,,n/a,בבא סאלי,177,partial,
001027-073567-00124-X,דימונה,בבא סאלי,56,,,exact,31.059581,35.031252,OK,31.059329,35.030345,"Baba Sali St 56, Dimona, Israel",OK,31.060744,35.032688,"בבא סאלי, ערבה, נווה גן, דימונה, נפת באר שבע, מחוז הדרום, 8604712, ישראל",90.9,188.2,273.1,בבא סאלי,43,partial,בבא סאלי,,partial,,,n/a,קציעות,37,mismatch,google_rev_at_osm_mismatch
001027-077659-00069-X,דימונה,בבא סאלי,69,,8601716,exact,31.060871,35.033875,OK,31.060962,35.034029,"Baba Sali St 69, Dimona, Israel",OK,31.061361,35.034884,"בבא סאלי, ערבה, נווה גן, דימונה, נפת באר שבע, מחוז הדרום, 8604712, ישראל",17.8,110.6,92.9,בבא סאלי,169,partial,תל לכיש,,mismatch,,,n/a,בבא סאלי,79,partial,osm_rev_at_govmap_mismatch
001027-077659-00069-א,דימונה,בבא סאלי,69,א,8601717,exact,31.060871,35.033875,OK,31.060962,35.034029,"Baba Sali St 69, Dimona, Israel",OK,31.061361,35.034884,"בבא סאלי, ערבה, נווה גן, דימונה, נפת באר שבע, מחוז הדרום, 8604712, ישראל",17.8,110.6,92.9,בבא סאלי,169,partial,תל לכיש,,mismatch,,,n/a,בבא סאלי,79,partial,osm_rev_at_govmap_mismatch
001027-077659-00069-ב,דימונה,בבא סאלי,69,ב,8601718,exact,31.060871,35.033875,OK,31.060962,35.034029,"Baba Sali St 69, Dimona, Israel",OK,31.061361,35.034884,"בבא סאלי, ערבה, נווה גן, דימונה, נפת באר שבע, מחוז הדרום, 8604712, ישראל",17.8,110.6,92.9,בבא סאלי,169,partial,תל לכיש,,mismatch,,,n/a,בבא סאלי,79,partial,osm_rev_at_govmap_mismatch
001027-073567-00126-X,דימונה,בבא סאלי,52,,,exact,31.059167,35.030656,OK,31.059144,35.030662,"Baba Sali St 52, Dimona, Israel",OK,31.061361,35.034884,"בבא סאלי, ערבה, נווה גן, דימונה, נפת באר שבע, מחוז הדרום, 8604712, ישראל",2.6,471.2,472.1,בבא סאלי,52,match,,,mismatch,,,n/a,בבא סאלי,79,partial,osm_rev_at_govmap_mismatch
001027-073567-00127-X,דימונה,בבא סאלי,35,,,exact,31.059684,35.029007,OK,31.059699,35.028947,"Baba Sali St 35, Dimona, Israel",OK,31.060744,35.032688,"בבא סאלי, ערבה, נווה גן, דימונה, נפת באר שבע, מחוז הדרום, 8604712, ישראל",6.0,370.4,375.4,בבא סאלי,35,match,בבא סאלי,,partial,,,n/a,קציעות,37,mismatch,google_rev_at_osm_mismatch
001027-073567-00128-X,דימונה,בבא סאלי,58,,,exact,31.059483,35.031577,OK,31.059705,35.031080,"Baba Sali St 58, Dimona, Israel",OK,31.060631,35.032487,"בבא סאלי, ערבה, נווה גן, דימונה, נפת באר שבע, מחוז הדרום, 8604712, ישראל",53.4,154.1,169.1,בבא סאלי,141,partial,ירושלים,,mismatch,,,n/a,בבא סאלי,166,partial,osm_rev_at_govmap_mismatch
001027-073567-00129-X,דימונה,בבא סאלי,73,,,exact,31.060995,35.032681,OK,31.061565,35.036058,"Baba Sali St 73, Dimona, Israel",OK,31.061361,35.034884,"בבא סאלי, ערבה, נווה גן, דימונה, נפת באר שבע, מחוז הדרום, 8604712, ישראל",328.5,214.2,114.3,קציעות,37,mismatch,סביון,,mismatch,,,n/a,בבא סאלי,79,partial,google_rev_at_govmap_mismatch;osm_rev_at_govmap_mismatch
001027-073567-00130-X,דימונה,בבא סאלי,5,,,exact,31.060135,35.026808,OK,31.060188,35.026770,"Baba Sali St 5, Dimona, Israel",OK,31.060744,35.032688,"בבא סאלי, ערבה, נווה גן, דימונה, נפת באר שבע, מחוז הדרום, 8604712, ישראל",6.9,565.2,568.2,בבא סאלי,5,match,בבא סאלי,,partial,,,n/a,קציעות,37,mismatch,google_rev_at_osm_mismatch
001027-073567-00131-X,דימונה,בית שערים,21,,,exact,31.056597,35.035332,OK,31.056328,35.035211,"Beit She'arim St 21, Dimona, Israel",OK,31.056498,35.035178,"בית שערים, ערבה, נווה גן, דימונה, נפת באר שבע, מחוז הדרום, 8604712, ישראל",32.0,18.4,19.0,בית שערים,30,partial,בית שערים,,partial,,,n/a,בית שערים,21,match,
001027-073567-00132-X,דימונה,בית שערים,16,,,exact,31.056772,35.033941,OK,31.057083,35.033804,"Beit She'arim St 16, Dimona, Israel",OK,31.056498,35.035178,"בית שערים, ערבה, נווה גן, דימונה, נפת באר שבע, מחוז הדרום, 8604712, ישראל",36.9,121.8,146.3,בית שערים,18,partial,תל אפק,,mismatch,,,n/a,בית שערים,21,partial,osm_rev_at_govmap_mismatch
001027-073567-00133-X,דימונה,בית שערים,29,,,exact,31.056472,35.035768,OK,31.056502,35.035817,"Beit She'arim St 29, Dimona, Israel",OK,31.056498,35.035178,"בית שערים, ערבה, נווה גן, דימונה, נפת באר שבע, מחוז הדרום, 8604712, ישראל",5.8,56.4,61.0,בית שערים,34,partial,בית שערים,,partial,,,n/a,בית שערים,21,partial,
001027-073567-00134-X,דימונה,בית שערים,20,,,exact,31.056637,35.034429,OK,31.056670,35.034298,"Beit She'arim St 20, Dimona, Israel",OK,31.056498,35.035178,"בית שערים, ערבה, נווה גן, דימונה, נפת באר שבע, מחוז הדרום, 8604712, ישראל",13.0,73.1,86.1,בית שערים,22,partial,בית שערים,,partial,,,n/a,בית שערים,21,partial,
001027-073567-00135-X,דימונה,בן גוריון,1101,,,exact,31.074383,35.034763,OK,31.073933,35.034726,"דוד בן גוריון, Dimona, Israel",OK,31.072668,35.034566,"בן גוריון, שכונה לדוגמא, נווה גן, דימונה, נפת באר שבע, מחוז הדרום, 8604712, ישראל",50.1,191.0,141.0,דרך דוד בן גוריון,101,partial,בן גוריון,,partial,,,n/a,דרך השלום,12,mismatch,google_rev_at_osm_mismatch
001027-073567-00136-X,דימונה,בן גוריון,1203,,,none,,,OK,31.073933,35.034726,"דוד בן גוריון, Dimona, Israel",OK,31.072926,35.035007,"1203, בן גוריון, שכונה לדוגמא, נווה גן, דימונה, נפת באר שבע, מחוז הדרום, 8604712, ישראל",,,114.9,,,n/a,,,n/a,,,mismatch,המעפיל,1203,mismatch,govmap_missing;osm_rev_at_google_mismatch;google_rev_at_osm_mismatch
001027-073567-00137-X,דימונה,בן גוריון,102,,,exact,31.074197,35.034860,OK,31.073891,35.034629,"דוד בן גוריון 102, Dimona, Israel",OK,31.071284,35.034517,"בן גוריון, שכונה לדוגמא, נווה גן, דימונה, נפת באר שבע, מחוז הדרום, 8604712, ישראל",40.5,324.6,289.2,דרך דוד בן גוריון,102,partial,,,mismatch,,,n/a,דרך דוד בן גוריון,1044,partial,osm_rev_at_govmap_mismatch
001027-073567-00138-X,דימונה,בן גוריון,1065,,,none,,,OK,31.073933,35.034726,"דוד בן גוריון, Dimona, Israel",OK,31.068527,35.034595,"בן גוריון, גיורא יוספטל, נווה גן, דימונה, נפת באר שבע, מחוז הדרום, 8604712, ישראל",,,599.5,,,n/a,,,n/a,,,mismatch,,,mismatch,govmap_missing;osm_rev_at_google_mismatch;google_rev_at_osm_mismatch
001027-073567-00139-X,דימונה,בן גוריון,55,,,exact,31.071270,35.034384,OK,31.073891,35.034629,"דוד בן גוריון 55, Dimona, Israel",OK,31.071284,35.034517,"בן גוריון, שכונה לדוגמא, נווה גן, דימונה, נפת באר שבע, מחוז הדרום, 8604712, ישראל",291.5,12.8,289.2,דרך דוד בן גוריון,1044,partial,בן גוריון,,partial,,,n/a,דרך דוד בן גוריון,1044,partial,
001027-073567-00140-X,דימונה,בן גוריון,5,,,exact,31.068454,35.034413,OK,31.073891,35.034629,"דוד בן גוריון 5, Dimona, Israel",OK,31.068527,35.034595,"בן גוריון, גיורא יוספטל, נווה גן, דימונה, נפת באר שבע, מחוז הדרום, 8604712, ישראל",603.2,19.2,594.7,דרך דוד בן גוריון,284,partial,בן גוריון,,partial,,,n/a,,,mismatch,google_rev_at_osm_mismatch
001027-073567-00141-X,דימונה,בן גוריון,67,,,exact,31.072503,35.034193,OK,31.073891,35.034629,"דוד בן גוריון 67, Dimona, Israel",OK,31.072668,35.034566,"בן גוריון, שכונה לדוגמא, נווה גן, דימונה, נפת באר שבע, מחוז הדרום, 8604712, ישראל",159.4,40.0,135.7,דרך דוד בן גוריון,1065,partial,אקסודוס,1067,mismatch,,,n/a,דרך השלום,12,mismatch,osm_rev_at_govmap_mismatch;google_rev_at_osm_mismatch
001027-073567-00142-X,דימונה,בן גוריון,1064,,,none,,,OK,31.073933,35.034726,"דוד בן גוריון, Dimona, Israel",OK,31.072990,35.034395,"1064, בן גוריון, נווה אביב, נווה גן, דימונה, נפת באר שבע, מחוז הדרום, 8604712, ישראל",,,109.2,,,n/a,,,n/a,,,mismatch,דרך דוד בן גוריון,1064,partial,govmap_missing;osm_rev_at_google_mismatch
001027-073567-00143-X,דימונה,בן גוריון,17,,,exact,31.069266,35.034353,OK,31.073891,35.034629,"דוד בן גוריון 17, Dimona, Israel",OK,31.072668,35.034566,"בן גוריון, שכונה לדוגמא, נווה גן, דימונה, נפת באר שבע, מחוז הדרום, 8604712, ישראל",513.5,377.8,135.7,דוד המלך,293,mismatch,דוד המלך,,mismatch,,,n/a,דרך השלום,12,mismatch,google_rev_at_govmap_mismatch;osm_rev_at_govmap_mismatch;google_rev_at_osm_mismatch
001027-073567-00144-X,דימונה,בן גוריון,1318,,,exact,31.076158,35.034736,OK,31.073933,35.034726,"דוד בן גוריון, Dimona, Israel",OK,31.074066,35.034569,"בן גוריון, נווה אביב, נווה גן, דימונה, נפת באר שבע, מחוז הדרום, 8604712, ישראל",246.8,232.5,21.0,גדולי ישראל,1318,mismatch,אבחצירה,,mismatch,,,n/a,דרך השלום,1102,mismatch,google_rev_at_govmap_mismatch;osm_rev_at_govmap_mismatch;google_rev_at_osm_mismatch
001027-073567-00145-X,דימונה,בן גוריון,3,,,exact,31.068266,35.034384,OK,31.073891,35.034629,"דוד בן גוריון 3, Dimona, Israel",OK,31.074066,35.034569,"בן גוריון, נווה אביב, נווה גן, דימונה, נפת באר שבע, מחוז הדרום, 8604712, ישראל",624.1,643.4,20.3,דרך דוד בן גוריון,1,partial,בן גוריון,,partial,,,n/a,דרך השלום,1102,mismatch,google_rev_at_osm_mismatch
001027-073567-00146-X,דימונה,בן גוריון,39,,,exact,31.070723,35.034408,OK,31.073891,35.034629,"דוד בן גוריון 39, Dimona, Israel",OK,31.071284,35.034517,"בן גוריון, שכונה לדוגמא, נווה גן, דימונה, נפת באר שבע, מחוז הדרום, 8604712, ישראל",351.9,63.1,289.2,דרך דוד בן גוריון,1043,partial,,,mismatch,,,n/a,דרך דוד בן גוריון,1044,partial,osm_rev_at_govmap_mismatch
001027-073567-00147-X,דימונה,בן גוריון,1,,,exact,31.068037,35.034330,OK,31.073891,35.034629,"דוד בן גוריון 1, Dimona, Israel",OK,31.068527,35.034595,"בן גוריון, גיורא יוספטל, נווה גן, דימונה, נפת באר שבע, מחוז הדרום, 8604712, ישראל",649.7,60.0,594.7,דרך דוד בן גוריון,1,partial,שדרות הרצל,,mismatch,,,n/a,,,mismatch,osm_rev_at_govmap_mismatch;google_rev_at_osm_mismatch
001027-073567-00148-X,דימונה,בן גוריון,66,,,exact,31.072804,35.034179,OK,31.073891,35.034629,"דוד בן גוריון 66, Dimona, Israel",OK,31.068527,35.034595,"בן גוריון, גיורא יוספטל, נווה גן, דימונה, נפת באר שבע, מחוז הדרום, 8604712, ישראל",127.9,475.9,594.7,דרך דוד בן גוריון,1066,partial,אקסודוס,1067,mismatch,,,n/a,,,mismatch,osm_rev_at_govmap_mismatch;google_rev_at_osm_mismatch
001027-073567-00149-X,דימונה,בן גוריון,87,,,exact,31.073839,35.034399,OK,31.073892,35.034353,"דוד בן גוריון 87, Dimona, Israel",OK,31.068527,35.034595,"בן גוריון, גיורא יוספטל, נווה גן, דימונה, נפת באר שבע, מחוז הדרום, 8604712, ישראל",7.4,589.2,595.3,דוד בן גוריון,87,partial,בן גוריון,,partial,,,n/a,,,mismatch,google_rev_at_osm_mismatch
001027-073567-00150-X,דימונה,בן גוריון,19,,,exact,31.069476,35.034419,OK,31.073891,35.034629,"דוד בן גוריון 19, Dimona, Israel",OK,31.071284,35.034517,"בן גוריון, שכונה לדוגמא, נווה גן, דימונה, נפת באר שבע, מחוז הדרום, 8604712, ישראל",489.9,200.7,289.2,דוד המלך,293,mismatch,בן גוריון,,partial,,,n/a,דרך דוד בן גוריון,1044,partial,google_rev_at_govmap_mismatch
001027-073567-00151-X,דימונה,בן גוריון,81,,,exact,31.073412,35.034383,OK,31.073891,35.034629,"דוד בן גוריון 81, Dimona, Israel",OK,31.072668,35.034566,"בן גוריון, שכונה לדוגמא, נווה גן, דימונה, נפת באר שבע, מחוז הדרום, 8604712, ישראל",58.1,84.2,135.7,דרך דוד בן גוריון,1045,partial,בן גוריון,,partial,,,n/a,דרך השלום,12,mismatch,google_rev_at_osm_mismatch
001027-073567-00152-X,דימונה,בן גוריון,29,,,exact,31.070091,35.034412,OK,31.073891,35.034629,"דוד בן גוריון 29, Dimona, Israel",OK,31.068527,35.034595,"בן גוריון, גיורא יוספטל, נווה גן, דימונה, נפת באר שבע, מחוז הדרום, 8604712, ישראל",421.9,174.2,594.7,דרך דוד בן גוריון,1042,partial,בן גוריון,,partial,,,n/a,,,mismatch,google_rev_at_osm_mismatch
001027-073567-00153-X,דימונה,בן גוריון,91,,,exact,31.074061,35.034402,OK,31.074099,35.034340,"דוד בן גוריון 91, Dimona, Israel",OK,31.074066,35.034569,"בן גוריון, נווה אביב, נווה גן, דימונה, נפת באר שבע, מחוז הדרום, 8604712, ישראל",7.2,16.0,22.2,דוד בן גוריון,91,partial,בן גוריון,,partial,,,n/a,דרך השלום,1102,mismatch,google_rev_at_osm_mismatch
001027-073567-00154-X,דימונה,בן גוריון,91,,,exact,31.074061,35.034402,OK,31.074099,35.034340,"דוד בן גוריון 91, Dimona, Israel",OK,31.074066,35.034569,"בן גוריון, נווה אביב, נווה גן, דימונה, נפת באר שבע, מחוז הדרום, 8604712, ישראל",7.2,16.0,22.2,דוד בן גוריון,91,partial,בן גוריון,,partial,,,n/a,דרך השלום,1102,mismatch,google_rev_at_osm_mismatch
001027-073567-00155-X,דימונה,בן גוריון,89,,,exact,31.073956,35.034375,OK,31.073993,35.034351,"דוד בן גוריון 89, Dimona, Israel",OK,31.075849,35.034495,"בן גוריון, נווה אביב, נווה גן, דימונה, נפת באר שבע, מחוז הדרום, 8604712, ישראל",4.7,210.2,206.2,דוד בן גוריון,89,partial,בן גוריון,,partial,,,n/a,לילך,14,mismatch,google_rev_at_osm_mismatch
001027-073567-00156-X,דימונה,בר כוכבא,3,,,exact,31.064749,35.036490,OK,31.064696,35.036284,"Bar Kochva St 3, Dimona, Israel",OK,31.064570,35.036260,"בר כוכבא, גיורא יוספטל, נווה גן, דימונה, נפת באר שבע, מחוז הדרום, 8604712, ישראל",20.5,29.6,14.1,בר כוכבא,208,partial,,,mismatch,,,n/a,בר כוכבא,207,partial,osm_rev_at_govmap_mismatch
001027-073567-00157-X,דימונה,בר כוכבא,4,,,exact,31.064912,35.036168,OK,31.064924,35.035813,"Bar Kochva St 4, Dimona, Israel",OK,31.064570,35.036260,"בר כוכבא, גיורא יוספטל, נווה גן, דימונה, נפת באר שבע, מחוז הדרום, 8604712, ישראל",33.9,38.9,57.9,בר כוכבא,208,partial,,,mismatch,,,n/a,בר כוכבא,207,partial,osm_rev_at_govmap_mismatch
001027-073567-00158-X,דימונה,בר כוכבא,1,,,exact,31.065118,35.036491,OK,31.064436,35.035554,"Bar Kochva St 212/1, Dimona, Israel",OK,31.064570,35.036260,"בר כוכבא, גיורא יוספטל, נווה גן, דימונה, נפת באר שבע, מחוז הדרום, 8604712, ישראל",117.1,64.6,69.0,עזרא ונחמיה,244,mismatch,,,mismatch,,,n/a,בר כוכבא,207,partial,google_rev_at_govmap_mismatch;osm_rev_at_govmap_mismatch
001027-073567-00159-X,דימונה,בר כוכבא,2,,,exact,31.065152,35.036118,OK,31.065173,35.035445,"Bar Kochva St 2, Dimona, Israel",OK,31.064570,35.036260,"בר כוכבא, גיורא יוספטל, נווה גן, דימונה, נפת באר שבע, מחוז הדרום, 8604712, ישראל",64.2,65.8,102.5,בר כוכבא,214,partial,,,mismatch,,,n/a,בר כוכבא,207,partial,osm_rev_at_govmap_mismatch
001027-073567-00160-X,דימונה,בר כוכבא,5,,,exact,31.064486,35.036485,OK,31.064456,35.036716,"Bar Kochva St 5, Dimona, Israel",OK,31.064570,35.036260,"בר כוכבא, גיורא יוספטל, נווה גן, דימונה, נפת באר שבע, מחוז הדרום, 8604712, ישראל",22.3,23.4,45.4,בר כוכבא,207,partial,,,mismatch,,,n/a,בר כוכבא,207,partial,osm_rev_at_govmap_mismatch
001027-073567-00161-X,דימונה,בר כוכבא,7,,,exact,31.064239,35.036499,OK,31.064200,35.036298,"Bar Kochva St 7, Dimona, Israel",OK,31.064570,35.036260,"בר כוכבא, גיורא יוספטל, נווה גן, דימונה, נפת באר שבע, מחוז הדרום, 8604712, ישראל",19.7,43.3,41.3,בר כוכבא,206,partial,,,mismatch,,,n/a,בר כוכבא,207,partial,osm_rev_at_govmap_mismatch
001027-073567-00162-X,דימונה,בר כוכבא,10,,,exact,31.064148,35.036126,OK,31.064200,35.036298,"Bar Kochva St 10, Dimona, Israel",OK,31.064570,35.036260,"בר כוכבא, גיורא יוספטל, נווה גן, דימונה, נפת באר שבע, מחוז הדרום, 8604712, ישראל",17.3,48.5,41.3,בר כוכבא,206,partial,,,mismatch,,,n/a,בר כוכבא,207,partial,osm_rev_at_govmap_mismatch
001027-073567-00163-X,דימונה,בר כוכבא,9,,,exact,31.063984,35.036545,OK,31.063955,35.036714,"Bar Kochva St 9, Dimona, Israel",OK,31.064570,35.036260,"בר כוכבא, גיורא יוספטל, נווה גן, דימונה, נפת באר שבע, מחוז הדרום, 8604712, ישראל",16.4,70.5,80.9,בר כוכבא,205,partial,,,mismatch,,,n/a,בר כוכבא,207,partial,osm_rev_at_govmap_mismatch
001027-073567-00164-X,דימונה,בר כוכבא,6,,,exact,31.064649,35.036136,OK,31.064696,35.036284,"Bar Kochva St 6, Dimona, Israel",OK,31.064570,35.036260,"בר כוכבא, גיורא יוספטל, נווה גן, דימונה, נפת באר שבע, מחוז הדרום, 8604712, ישראל",15.0,14.7,14.1,בר כוכבא,208,partial,,,mismatch,,,n/a,בר כוכבא,207,partial,osm_rev_at_govmap_mismatch
001027-073567-00165-X,דימונה,ברקן,23,,,exact,31.079294,35.040798,OK,31.079256,35.040803,"Barkan St 23, Dimona, Israel",OK,31.079158,35.040286,"ברקן, נווה חורש, חכמי ישראל, דימונה, נפת באר שבע, מחוז הדרום, 8604712, ישראל",4.3,51.1,50.5,ברקן,23,match,ברקן,,partial,,,n/a,ברקן,13,partial,
001027-073567-00166-X,דימונה,ברקן,15,,,exact,31.079278,35.040451,OK,31.079251,35.040403,"Barkan St 15, Dimona, Israel",OK,31.079158,35.040286,"ברקן, נווה חורש, חכמי ישראל, דימונה, נפת באר שבע, מחוז הדרום, 8604712, ישראל",5.5,20.6,15.2,ברקן,34,partial,ברקן,,partial,,,n/a,ברקן,13,partial,
001027-073567-00167-X,דימונה,ברקן,7,,,exact,31.079270,35.040070,OK,31.079261,35.040047,"Barkan St 7, Dimona, Israel",OK,31.079158,35.040286,"ברקן, נווה חורש, חכמי ישראל, דימונה, נפת באר שבע, מחוז הדרום, 8604712, ישראל",2.4,24.1,25.5,ברקן,7,match,ברקן,,partial,,,n/a,ברקן,13,partial,
001027-073567-00168-X,דימונה,ברקן,2,,,exact,31.078983,35.039842,OK,31.078973,35.039754,"Barkan St 2, Dimona, Israel",OK,31.079158,35.040286,"ברקן, נווה חורש, חכמי ישראל, דימונה, נפת באר שבע, מחוז הדרום, 8604712, ישראל",8.5,46.6,54.7,ברקן,4,partial,ברקן,,partial,,,n/a,ברקן,13,partial,
001027-073567-00169-X,דימונה,בשמת,13,,,exact,31.079274,35.043050,OK,31.079267,35.042973,"Bosmat St 13, Dimona, Israel",OK,31.079159,35.043067,"בשמת, נווה חורש, חכמי ישראל, דימונה, נפת באר שבע, מחוז הדרום, 8604712, ישראל",7.4,12.9,15.0,בשמת,15,partial,בשמת,,partial,,,n/a,בשמת,16,partial,
001027-073567-00170-X,דימונה,בשמת,22,,,exact,31.078998,35.043494,OK,31.079014,35.043446,"Bosmat St 22, Dimona, Israel",OK,31.079159,35.043067,"בשמת, נווה חורש, חכמי ישראל, דימונה, נפת באר שבע, מחוז הדרום, 8604712, ישראל",4.9,44.5,39.6,בשמת,24,partial,בשמת,,partial,,,n/a,בשמת,16,partial,
001027-073567-00171-X,דימונה,בשמת,16,,,exact,31.078959,35.043115,OK,31.079085,35.043151,"Bosmat St 16, Dimona, Israel",OK,31.079159,35.043067,"בשמת, נווה חורש, חכמי ישראל, דימונה, נפת באר שבע, מחוז הדרום, 8604712, ישראל",14.4,22.6,11.4,הברוש,133,mismatch,בשמת,,partial,,,n/a,בשמת,16,match,google_rev_at_govmap_mismatch
001027-073567-00172-X,דימונה,בשמת,8,,,exact,31.078955,35.042730,OK,31.078976,35.042683,"Bosmat St 8, Dimona, Israel",OK,31.079159,35.043067,"בשמת, נווה חורש, חכמי ישראל, דימונה, נפת באר שבע, מחוז הדרום, 8604712, ישראל",5.1,39.3,41.9,הברוש,131,mismatch,בשמת,,partial,,,n/a,בשמת,16,partial,google_rev_at_govmap_mismatch
001027-073567-00173-X,דימונה,בשמת,7,,,exact,31.079239,35.042718,OK,31.079272,35.042664,"Bosmat St 7, Dimona, Israel",OK,31.079159,35.043067,"בשמת, נווה חורש, חכמי ישראל, דימונה, נפת באר שבע, מחוז הדרום, 8604712, ישראל",6.3,34.5,40.5,בשמת,7,match,בשמת,,partial,,,n/a,בשמת,16,partial,
001027-073567-00174-X,דימונה,בשמת,17,,,exact,31.079274,35.043317,OK,31.079263,35.043198,"Bosmat St 17, Dimona, Israel",OK,31.079159,35.043067,"בשמת, נווה חורש, חכמי ישראל, דימונה, נפת באר שבע, מחוז הדרום, 8604712, ישראל",11.4,27.0,17.0,בשמת,19,partial,בשמת,,partial,,,n/a,בשמת,16,partial,
001027-073567-00175-X,דימונה,בשמת,4,,,exact,31.078980,35.042541,OK,31.078985,35.042487,"Bosmat St 4, Dimona, Israel",OK,31.079159,35.043067,"בשמת, נווה חורש, חכמי ישראל, דימונה, נפת באר שבע, מחוז הדרום, 8604712, ישראל",5.1,54.0,58.6,הברוש,130,mismatch,בשמת,,partial,,,n/a,בשמת,16,partial,google_rev_at_govmap_mismatch
001027-073567-00176-X,דימונה,בשמת,26,,,exact,31.079001,35.043667,OK,31.078974,35.043610,"Bosmat St 26, Dimona, Israel",OK,31.079159,35.043067,"בשמת, נווה חורש, חכמי ישראל, דימונה, נפת באר שבע, מחוז הדרום, 8604712, ישראל",6.2,59.8,55.7,בשמת,28,partial,בשמת,,partial,,,n/a,בשמת,16,partial,
001027-073567-00177-X,דימונה,בשמת,18,,,exact,31.079018,35.043313,OK,31.078982,35.043209,"Bosmat St 18, Dimona, Israel",OK,31.079159,35.043067,"בשמת, נווה חורש, חכמי ישראל, דימונה, נפת באר שבע, מחוז הדרום, 8604712, ישראל",10.7,28.2,23.8,בשמת,20,partial,בשמת,,partial,,,n/a,בשמת,16,partial,
001027-073567-00178-X,דימונה,בשמת,6,,,exact,31.078968,35.042651,OK,31.078978,35.042597,"Bosmat St 6, Dimona, Israel",OK,31.079159,35.043067,"בשמת, נווה חורש, חכמי ישראל, דימונה, נפת באר שבע, מחוז הדרום, 8604712, ישראל",5.3,45.0,49.1,בשמת,8,partial,בשמת,,partial,,,n/a,בשמת,16,partial,
001027-073567-00179-X,דימונה,בשמת,5,,,exact,31.079271,35.042684,OK,31.079281,35.042584,"Bosmat St 5, Dimona, Israel",OK,31.079159,35.043067,"בשמת, נווה חורש, חכמי ישראל, דימונה, נפת באר שבע, מחוז הדרום, 8604712, ישראל",9.6,38.6,48.0,בשמת,7,partial,בשמת,,partial,,,n/a,בשמת,16,partial,
001027-073567-00180-X,דימונה,בשמת,21,,,exact,31.079278,35.043502,OK,31.079251,35.043402,"Bosmat St 21, Dimona, Israel",OK,31.079159,35.043067,"בשמת, נווה חורש, חכמי ישראל, דימונה, נפת באר שבע, מחוז הדרום, 8604712, ישראל",10.0,43.6,33.6,הברוש,144,mismatch,בשמת,,partial,,,n/a,בשמת,16,partial,google_rev_at_govmap_mismatch
001027-073567-00181-X,דימונה,בת חן,2,,,exact,31.075634,35.032174,OK,31.075586,35.032073,"Bat Khen St 2, Dimona, Israel",OK,31.075768,35.033082,"בת חן, נווה אביב, נווה גן, דימונה, נפת באר שבע, מחוז הדרום, 8604712, ישראל",11.0,88.0,98.4,בת חן,2,match,אמנון ותמר,,mismatch,,,n/a,בת חן,10,partial,osm_rev_at_govmap_mismatch
001027-073567-00182-X,דימונה,בת חן,14,,,exact,31.075610,35.033667,OK,31.075585,35.033575,"Bat Khen St 14, Dimona, Israel",OK,31.075768,35.033082,"בת חן, נווה אביב, נווה גן, דימונה, נפת באר שבע, מחוז הדרום, 8604712, ישראל",9.2,58.5,51.2,בת חן,14,match,בת חן,,partial,,,n/a,בת חן,10,partial,
001027-073567-00183-X,דימונה,בת חן,15,,,exact,31.075886,35.033624,OK,31.075809,35.033644,"Bat Khen St 15, Dimona, Israel",OK,31.075768,35.033082,"בת חן, נווה אביב, נווה גן, דימונה, נפת באר שבע, מחוז הדרום, 8604712, ישראל",8.7,53.4,53.8,בת חן,15,match,בת חן,,partial,,,n/a,בת חן,10,partial,
001027-073567-00184-X,דימונה,בת חן,7,,,exact,31.075874,35.032646,OK,31.075818,35.032636,"Bat Khen St 7, Dimona, Israel",OK,31.075768,35.033082,"בת חן, נווה אביב, נווה גן, דימונה, נפת באר שבע, מחוז הדרום, 8604712, ישראל",6.2,43.2,42.9,בת חן,7,match,בת חן,,partial,,,n/a,בת חן,10,partial,
001027-073567-00185-X,דימונה,גדולי התורה,20,,,exact,31.075621,35.037038,OK,31.075579,35.035637,"Gdolei Yisra'el St, Dimona, Israel",ZERO_RESULTS,,,,133.8,,,מרחבים,1320,mismatch,הרב טייב,1320,mismatch,,,n/a,,,n/a,osm_fwd_ZERO_RESULTS;google_rev_at_govmap_mismatch;osm_rev_at_govmap_mismatch
001027-073567-00186-X,דימונה,גדולי התורה,14,,,exact,31.075589,35.036574,OK,31.075579,35.035637,"Gdolei Yisra'el St, Dimona, Israel",ZERO_RESULTS,,,,89.5,,,מרחבים,16,mismatch,הרב טייב,,mismatch,,,n/a,,,n/a,osm_fwd_ZERO_RESULTS;google_rev_at_govmap_mismatch;osm_rev_at_govmap_mismatch
001027-073567-00187-X,דימונה,גדולי התורה,7,,,exact,31.075669,35.035311,OK,31.075579,35.035637,"Gdolei Yisra'el St, Dimona, Israel",ZERO_RESULTS,,,,32.7,,,מרחבים,1307,mismatch,מרחבים,,mismatch,,,n/a,,,n/a,osm_fwd_ZERO_RESULTS;google_rev_at_govmap_mismatch;osm_rev_at_govmap_mismatch
001027-073567-00188-X,דימונה,גדולי התורה,1308,,,exact,31.075652,35.036199,OK,31.075579,35.035637,"Gdolei Yisra'el St, Dimona, Israel",ZERO_RESULTS,,,,54.2,,,מרחבים,16,mismatch,הרב טייב,,mismatch,,,n/a,,,n/a,osm_fwd_ZERO_RESULTS;google_rev_at_govmap_mismatch;osm_rev_at_govmap_mismatch
001027-073567-00189-X,דימונה,גולדה מאיר,3,,,exact,31.070909,35.030742,OK,31.073576,35.031781,"Sderot Golda Me'ir 3, Dimona, Israel",OK,31.073353,35.031739,"שדרות גולדה מאיר, נווה אביב, נווה גן, דימונה, נפת באר שבע, מחוז הדרום, 8604712, ישראל",311.9,287.2,25.1,עליית הנוער,1003,mismatch,צביה לובטקין,1001,mismatch,,,n/a,שדרות גולדה מאיר,1034,partial,google_rev_at_govmap_mismatch;osm_rev_at_govmap_mismatch
001027-073567-00190-X,דימונה,גולדה מאיר,5,,,exact,31.071019,35.031537,OK,31.073576,35.031781,"Sderot Golda Me'ir 5, Dimona, Israel",OK,31.073353,35.031739,"שדרות גולדה מאיר, נווה אביב, נווה גן, דימונה, נפת באר שבע, מחוז הדרום, 8604712, ישראל",284.5,259.5,25.1,רחבת צביה לובטקין,1005,mismatch,שדרות גולדה מאיר,,partial,,,n/a,שדרות גולדה מאיר,1034,partial,google_rev_at_govmap_mismatch
001027-073567-00191-X,דימונה,גולדה מאיר,1034,,,exact,31.073668,35.031439,OK,31.072983,35.031358,"Sderot Golda Me'ir 1034, Dimona, Israel",OK,31.073353,35.031739,"שדרות גולדה מאיר, נווה אביב, נווה גן, דימונה, נפת באר שבע, מחוז הדרום, 8604712, ישראל",76.3,45.2,54.8,שדרות גולדה מאיר,34,partial,ההגנה,,mismatch,,,n/a,שדרות גולדה מאיר,1034,match,osm_rev_at_govmap_mismatch
001027-073567-00192-X,דימונה,גולדה מאיר,2,,,exact,31.070453,35.031132,OK,31.073576,35.031781,"Sderot Golda Me'ir 2, Dimona, Israel",OK,31.079499,35.031156,"שדרות גולדה מאיר, נאות הללי, נווה גן, דימונה, נפת באר שבע, מחוז הדרום, 8604712, ישראל",351.8,1002.9,659.4,שדרות גולדה מאיר,1002,partial,צביה לובטקין,1001,mismatch,,,n/a,,,mismatch,osm_rev_at_govmap_mismatch;google_rev_at_osm_mismatch
001027-073567-00193-X,דימונה,גולדה מאיר,4,,,exact,31.070646,35.031594,OK,31.073576,35.031781,"Sderot Golda Me'ir 4, Dimona, Israel",OK,31.079499,35.031156,"שדרות גולדה מאיר, נאות הללי, נווה גן, דימונה, נפת באר שבע, מחוז הדרום, 8604712, ישראל",325.4,982.5,659.4,שדרות גולדה מאיר,1004,partial,צביה לובטקין,1001,mismatch,,,n/a,,,mismatch,osm_rev_at_govmap_mismatch;google_rev_at_osm_mismatch
001027-073567-00194-X,דימונה,גמלא,68,,,exact,31.056744,35.039401,OK,31.056692,35.039066,"Gamla St 68, Dimona, Israel",OK,31.057241,35.039582,"גמלא, ממשית, נווה גן, דימונה, נפת באר שבע, מחוז הדרום, 8604712, ישראל",32.5,57.8,78.3,שיבטה,193,mismatch,תל חמה,,mismatch,,,n/a,,,mismatch,google_rev_at_govmap_mismatch;osm_rev_at_govmap_mismatch;google_rev_at_osm_mismatch
001027-073567-00195-X,דימונה,גמלא,16,,,exact,31.057086,35.034802,OK,31.057067,35.034728,"Gamla St 16, Dimona, Israel",OK,31.056617,35.036625,"גמלא, ממשית, נווה גן, דימונה, נפת באר שבע, מחוז הדרום, 8604712, ישראל",7.4,181.6,187.9,גמלא,16,match,גמלא,,partial,,,n/a,קיסריה,2,mismatch,google_rev_at_osm_mismatch
001027-073567-00196-X,דימונה,גמלא,30,,,exact,31.056729,35.036143,OK,31.056781,35.035821,"Gamla St 30, Dimona, Israel",OK,31.058564,35.034384,"גמלא, ערבה, נווה גן, דימונה, נפת באר שבע, מחוז הדרום, 8604712, ישראל",31.2,263.8,240.6,גמלא,36,partial,גמלא,,partial,,,n/a,,,mismatch,google_rev_at_osm_mismatch
001027-073567-00197-X,דימונה,גמלא,54,,,exact,31.056122,35.038944,OK,31.056199,35.038906,"Gamla St 54, Dimona, Israel",OK,31.058564,35.034384,"גמלא, ערבה, נווה גן, דימונה, נפת באר שבע, מחוז הדרום, 8604712, ישראל",9.2,512.6,505.0,גמלא,54,match,גמלא,,partial,,,n/a,,,mismatch,google_rev_at_osm_mismatch
001027-073567-00198-X,דימונה,דבורה הנביאה,6,,,exact,31.077744,35.035552,OK,31.077704,35.035494,"Dvora ha-Nevi'a St 6, Dimona, Israel",OK,31.077838,35.035309,"דבורה הנביאה, נאות הללי, נווה גן, דימונה, נפת באר שבע, מחוז הדרום, 8604712, ישראל",7.1,25.3,23.0,דבורה הנביאה,6,match,דבורה הנביאה,,partial,,,n/a,דבורה הנביאה,4,partial,
001027-073567-00199-X,דימונה,דבורה הנביאה,20,,,exact,31.077701,35.036645,OK,31.077702,35.036589,"Dvora ha-Nevi'a St 20, Dimona, Israel",OK,31.077838,35.035309,"דבורה הנביאה, נאות הללי, נווה גן, דימונה, נפת באר שבע, מחוז הדרום, 8604712, ישראל",5.4,128.4,123.0,דבורה הנביאה,20,match,ירמיה,,mismatch,,,n/a,דבורה הנביאה,4,partial,osm_rev_at_govmap_mismatch
001027-073567-00200-X,דימונה,דבורה הנביאה,18,,,exact,31.077754,35.036449,OK,31.077692,35.036414,"Dvora ha-Nevi'a St 18, Dimona, Israel",OK,31.077838,35.035309,"דבורה הנביאה, נאות הללי, נווה גן, דימונה, נפת באר שבע, מחוז הדרום, 8604712, ישראל",7.6,109.1,106.6,דבורה הנביאה,18,match,דבורה הנביאה,,partial,,,n/a,דבורה הנביאה,4,partial,
001027-073567-00201-X,דימונה,דבורה הנביאה,1,,,exact,31.078000,35.035177,OK,31.078010,35.035150,"Dvora ha-Nevi'a St 1, Dimona, Israel",OK,31.077838,35.035309,"דבורה הנביאה, נאות הללי, נווה גן, דימונה, נפת באר שבע, מחוז הדרום, 8604712, ישראל",2.8,22.0,24.4,חגי,5,mismatch,דבורה הנביאה,,partial,,,n/a,דבורה הנביאה,4,partial,google_rev_at_govmap_mismatch
001027-073567-00202-X,דימונה,דוגית,31,,,exact,31.069577,35.038975,OK,31.069616,35.038843,"Dugit St 31, Dimona, Israel",OK,31.069171,35.040115,"דוגית, קהילת העבריים, נווה גן, דימונה, נפת באר שבע, מחוז הדרום, 8604712, ישראל",13.4,117.7,131.1,דוגית,31,match,בר לב,,mismatch,,,n/a,דוגית,22,partial,osm_rev_at_govmap_mismatch
001027-073567-00203-X,דימונה,דוגית,10,,,exact,31.069058,35.041293,OK,31.069227,35.041139,"Dugit St 10, Dimona, Israel",OK,31.069171,35.040115,"דוגית, קהילת העבריים, נווה גן, דימונה, נפת באר שבע, מחוז הדרום, 8604712, ישראל",23.8,113.1,97.9,דוגית,8,partial,דוגית,,partial,,,n/a,דוגית,22,partial,
001027-073567-00204-X,דימונה,דוגית,37,,,exact,31.069934,35.038967,OK,31.069894,35.038735,"Dugit St 37, Dimona, Israel",OK,31.069171,35.040115,"דוגית, קהילת העבריים, נווה גן, דימונה, נפת באר שבע, מחוז הדרום, 8604712, ישראל",22.6,138.4,154.2,דוגית,41,partial,דוגית,,partial,,,n/a,דוגית,22,partial,
001027-073567-00205-X,דימונה,דוגית,6,,,exact,31.068849,35.041543,OK,31.068852,35.041499,"Dugit St 6, Dimona, Israel",OK,31.069171,35.040115,"דוגית, קהילת העבריים, נווה גן, דימונה, נפת באר שבע, מחוז הדרום, 8604712, ישראל",4.2,140.9,136.7,דוגית,6,match,דוגית,,partial,,,n/a,דוגית,22,partial,
001027-073567-00206-X,דימונה,דוגית,43,,,exact,31.070125,35.039092,OK,31.070130,35.038950,"Dugit St 43, Dimona, Israel",OK,31.069171,35.040115,"דוגית, קהילת העבריים, נווה גן, דימונה, נפת באר שבע, מחוז הדרום, 8604712, ישראל",13.5,144.0,153.9,דוגית,43,match,דוגית,,partial,,,n/a,דוגית,22,partial,
001027-073567-00207-X,דימונה,דוגית,17,,,exact,31.069068,35.039917,OK,31.068779,35.039798,"Dugit St 17, Dimona, Israel",OK,31.069171,35.040115,"דוגית, קהילת העבריים, נווה גן, דימונה, נפת באר שבע, מחוז הדרום, 8604712, ישראל",34.0,22.1,53.0,דוגית,15,partial,דוגית,,partial,,,n/a,דוגית,22,partial,
001027-073567-00208-X,דימונה,דוגית,29,,,exact,31.069346,35.039147,OK,31.069423,35.038961,"Dugit St 29, Dimona, Israel",OK,31.069171,35.040115,"דוגית, קהילת העבריים, נווה גן, דימונה, נפת באר שבע, מחוז הדרום, 8604712, ישראל",19.7,94.4,113.7,דוגית,23,partial,בר לב,,mismatch,,,n/a,דוגית,22,partial,osm_rev_at_govmap_mismatch
001027-073567-00209-X,דימונה,דוגית,21,,,exact,31.068766,35.039674,OK,31.068970,35.039420,"Dugit St 21, Dimona, Israel",OK,31.069171,35.040115,"דוגית, קהילת העבריים, נווה גן, דימונה, נפת באר שבע, מחוז הדרום, 8604712, ישראל",33.2,61.6,70.0,דוגית,19,partial,,,mismatch,,,n/a,דוגית,22,partial,osm_rev_at_govmap_mismatch
001027-073567-00210-X,דימונה,דוגית,41,,,exact,31.069969,35.039133,OK,31.069958,35.038969,"Dugit St 41, Dimona, Israel",OK,31.069171,35.040115,"דוגית, קהילת העבריים, נווה גן, דימונה, נפת באר שבע, מחוז הדרום, 8604712, ישראל",15.7,129.0,139.9,דוגית,41,match,דוגית,,partial,,,n/a,דוגית,22,partial,
001027-073567-00211-X,דימונה,דוגית,25,,,exact,31.069195,35.039657,OK,31.069163,35.039583,"Dugit St 25, Dimona, Israel",OK,31.070502,35.039129,"דוגית, הגבעה, נווה גן, דימונה, נפת באר שבע, מחוז הדרום, 8604712, ישראל",7.9,153.4,154.7,דוגית,25,match,דוגית,,partial,,,n/a,דוגית,47,partial,
001027-073567-00212-X,דימונה,דוגית,15,,,exact,31.068935,35.040128,OK,31.069028,35.039857,"Dugit St 15, Dimona, Israel",OK,31.069171,35.040115,"דוגית, קהילת העבריים, נווה גן, דימונה, נפת באר שבע, מחוז הדרום, 8604712, ישראל",27.9,26.2,29.3,דוגית,13,partial,דוגית,,partial,,,n/a,דוגית,22,partial,
001027-073567-00213-X,דימונה,דוגית,33,,,exact,31.069566,35.039343,OK,31.069531,35.039199,"Dugit St 33, Dimona, Israel",OK,31.069171,35.040115,"דוגית, קהילת העבריים, נווה גן, דימונה, נפת באר שבע, מחוז הדרום, 8604712, ישראל",14.3,85.7,96.1,דוגית,33,match,דוגית,,partial,,,n/a,דוגית,22,partial,
001027-073567-00214-X,דימונה,דוגית,20,,,exact,31.069298,35.040287,OK,31.069277,35.040335,"Dugit St 20, Dimona, Israel",OK,31.069171,35.040115,"דוגית, קהילת העבריים, נווה גן, דימונה, נפת באר שבע, מחוז הדרום, 8604712, ישראל",5.1,21.6,24.0,דוגית,20,match,דוגית,,partial,,,n/a,דוגית,22,partial,
001027-073567-00215-X,דימונה,דוגית,47,,,exact,31.070463,35.038833,OK,31.070447,35.038727,"Dugit St 47, Dimona, Israel",OK,31.069171,35.040115,"דוגית, קהילת העבריים, נווה גן, דימונה, נפת באר שבע, מחוז הדרום, 8604712, ישראל",10.3,188.4,193.8,דוגית,47,match,גדיד,,mismatch,,,n/a,דוגית,22,partial,osm_rev_at_govmap_mismatch
001027-073567-00216-X,דימונה,דוגית,35,,,exact,31.069693,35.039237,OK,31.069689,35.039081,"Dugit St 35, Dimona, Israel",OK,31.070502,35.039129,"דוגית, הגבעה, נווה גן, דימונה, נפת באר שבע, מחוז הדרום, 8604712, ישראל",14.9,90.3,90.3,דוגית,35,match,דוגית,,partial,,,n/a,דוגית,47,partial,
001027-073567-00217-X,דימונה,דוגית,8,,,exact,31.068939,35.041423,OK,31.068967,35.041387,"Dugit St 8, Dimona, Israel",OK,31.069171,35.040115,"דוגית, קהילת העבריים, נווה גן, דימונה, נפת באר שבע, מחוז הדרום, 8604712, ישראל",4.7,127.5,123.5,דוגית,8,match,דוגית,,partial,,,n/a,דוגית,22,partial,
001027-073567-00218-X,דימונה,דוד אלעזר,6,,,exact,31.073621,35.039360,OK,31.073629,35.039290,"David Elazar St 6, Dimona, Israel",OK,31.073819,35.039614,"דוד אלעזר, חכמי ישראל, נווה גן, דימונה, נפת באר שבע, מחוז הדרום, 8604712, ישראל",6.8,32.7,37.4,דוד אלעזר,163,partial,דוד אלעזר,,partial,,,n/a,דוד אלעזר,172,partial,
001027-073567-00219-X,דימונה,דוד אלעזר,2,,,exact,31.073630,35.038965,OK,31.073622,35.038872,"David Elazar St 2, Dimona, Israel",OK,31.073819,35.039614,"דוד אלעזר, חכמי ישראל, נווה גן, דימונה, נפת באר שבע, מחוז הדרום, 8604712, ישראל",8.9,65.3,74.1,דוד אלעזר,160,partial,אברהם עופר,,mismatch,,,n/a,דוד אלעזר,172,partial,osm_rev_at_govmap_mismatch
001027-073567-00220-X,דימונה,דוד אלעזר,1,,,exact,31.073877,35.038935,OK,31.073873,35.038978,"David Elazar St 1, Dimona, Israel",OK,31.073819,35.039614,"דוד אלעזר, חכמי ישראל, נווה גן, דימונה, נפת באר שבע, מחוז הדרום, 8604712, ישראל",4.1,65.1,61.0,דוד אלעזר,1,match,דוד אלעזר,,partial,,,n/a,דוד אלעזר,172,partial,
001027-073567-00221-X,דימונה,דוד אלעזר,11,,,exact,31.073986,35.039824,OK,31.073811,35.039734,"David Elazar St 11, Dimona, Israel",OK,31.073819,35.039614,"דוד אלעזר, חכמי ישראל, נווה גן, דימונה, נפת באר שבע, מחוז הדרום, 8604712, ישראל",21.2,27.3,11.5,דוד אלעזר,173,partial,דוד אלעזר,,partial,,,n/a,דוד אלעזר,172,partial,
001027-073567-00222-X,דימונה,דוד אלעזר,4,,,exact,31.073643,35.039270,OK,31.073638,35.039105,"David Elazar St 4, Dimona, Israel",OK,31.073819,35.039614,"דוד אלעזר, חכמי ישראל, נווה גן, דימונה, נפת באר שבע, מחוז הדרום, 8604712, ישראל",15.8,38.1,52.5,דוד אלעזר,6,partial,דוד אלעזר,,partial,,,n/a,דוד אלעזר,172,partial,
001027-073567-00223-X,דימונה,דוד אלעזר,166,,,exact,31.073672,35.040291,OK,31.073682,35.040262,"David Elazar St 166, Dimona, Israel",OK,31.073819,35.039614,"דוד אלעזר, חכמי ישראל, נווה גן, דימונה, נפת באר שבע, מחוז הדרום, 8604712, ישראל",3.0,66.7,63.7,דוד אלעזר,166,match,דוד אלעזר,,partial,,,n/a,דוד אלעזר,172,partial,
001027-073567-00224-X,דימונה,דוכיפת,12,,,exact,31.073961,35.036006,OK,31.073975,35.035949,"Mish'ol Duhifat 12, Dimona, Israel",OK,31.074273,35.035883,"דוכיפת, שכונה לדוגמא, נווה גן, דימונה, נפת באר שבע, מחוז הדרום, 8604712, ישראל",5.7,36.5,33.6,משעול דוכיפת,12,partial,דוכיפת,,partial,,,n/a,משעול דוכיפת,3,partial,
001027-073567-00225-X,דימונה,דוכיפת,1,,,exact,31.074601,35.035867,OK,31.074597,35.035788,"Mish'ol Duhifat 1, Dimona, Israel",OK,31.074273,35.035883,"דוכיפת, שכונה לדוגמא, נווה גן, דימונה, נפת באר שבע, מחוז הדרום, 8604712, ישראל",7.6,36.4,37.0,מרחבים,185,mismatch,דוכיפת,,partial,,,n/a,משעול דוכיפת,3,partial,google_rev_at_govmap_mismatch
001027-073567-00226-X,דימונה,דוכיפת,10,,,exact,31.074093,35.035921,OK,31.074108,35.035822,"Mish'ol Duhifat 10, Dimona, Israel",OK,31.074273,35.035883,"דוכיפת, שכונה לדוגמא, נווה גן, דימונה, נפת באר שבע, מחוז הדרום, 8604712, ישראל",9.6,20.3,19.2,משעול דוכיפת,10,partial,דוכיפת,,partial,,,n/a,משעול דוכיפת,3,partial,
001027-073567-00227-X,דימונה,דוכיפת,127,,,exact,31.073671,35.036431,OK,31.074242,35.036185,"Mish'ol Duhifat 127, Dimona, Israel",OK,31.074273,35.035883,"דוכיפת, שכונה לדוגמא, נווה גן, דימונה, נפת באר שבע, מחוז הדרום, 8604712, ישראל",67.6,84.9,29.0,דרך השלום,907,mismatch,נטעים,,mismatch,,,n/a,משעול דוכיפת,3,partial,google_rev_at_govmap_mismatch;osm_rev_at_govmap_mismatch
001027-073567-00228-X,דימונה,דוכיפת,7,,,exact,31.074074,35.036126,OK,31.074069,35.036139,"Mish'ol Duhifat 7, Dimona, Israel",OK,31.074273,35.035883,"דוכיפת, שכונה לדוגמא, נווה גן, דימונה, נפת באר שבע, מחוז הדרום, 8604712, ישראל",1.4,32.0,33.3,משעול דוכיפת,7,partial,דוכיפת,,partial,,,n/a,משעול דוכיפת,3,partial,
001027-073567-00229-X,דימונה,דוכיפת,3,,,exact,31.074374,35.035925,OK,31.074370,35.035884,"Mish'ol Duhifat 3, Dimona, Israel",OK,31.074273,35.035883,"דוכיפת, שכונה לדוגמא, נווה גן, דימונה, נפת באר שבע, מחוז הדרום, 8604712, ישראל",3.9,11.9,10.8,משעול דוכיפת,3,partial,דוכיפת,,partial,,,n/a,משעול דוכיפת,3,partial,
001027-073567-00230-X,דימונה,דוכיפת,9,,,exact,31.073923,35.036238,OK,31.073908,35.036241,"Mish'ol Duhifat 9, Dimona, Israel",OK,31.074273,35.035883,"דוכיפת, שכונה לדוגמא, נווה גן, דימונה, נפת באר שבע, מחוז הדרום, 8604712, ישראל",1.7,51.5,53.0,משעול דוכיפת,9,partial,דוכיפת,,partial,,,n/a,משעול דוכיפת,3,partial,
001027-073567-00231-X,דימונה,דוכיפת,5,,,exact,31.074224,35.036056,OK,31.074216,35.036018,"Mish'ol Duhifat 5, Dimona, Israel",OK,31.074273,35.035883,"דוכיפת, שכונה לדוגמא, נווה גן, דימונה, נפת באר שבע, מחוז הדרום, 8604712, ישראל",3.7,17.4,14.4,משעול דוכיפת,5,partial,דוכיפת,,partial,,,n/a,משעול דוכיפת,3,partial,
001027-073567-00232-X,דימונה,דוכיפת,8,,,exact,31.074275,35.035790,OK,31.074303,35.035745,"Mish'ol Duhifat 8, Dimona, Israel",OK,31.074273,35.035883,"דוכיפת, שכונה לדוגמא, נווה גן, דימונה, נפת באר שבע, מחוז הדרום, 8604712, ישראל",5.2,8.9,13.6,משעול דוכיפת,8,partial,דוכיפת,,partial,,,n/a,משעול דוכיפת,3,partial,
001027-073567-00233-X,דימונה,דוכיפת,2,,,exact,31.074505,35.035497,OK,31.074548,35.035533,"Mish'ol Duhifat 2, Dimona, Israel",OK,31.074273,35.035883,"דוכיפת, שכונה לדוגמא, נווה גן, דימונה, נפת באר שבע, מחוז הדרום, 8604712, ישראל",5.9,44.9,45.2,משעול דוכיפת,2,partial,דוכיפת,,partial,,,n/a,משעול דוכיפת,3,partial,
001027-073567-00234-X,דימונה,דוכיפת,14,,,exact,31.073819,35.036101,OK,31.073805,35.036040,"Mish'ol Duhifat 14, Dimona, Israel",OK,31.074273,35.035883,"דוכיפת, שכונה לדוגמא, נווה גן, דימונה, נפת באר שבע, מחוז הדרום, 8604712, ישראל",6.0,54.5,54.0,משעול דוכיפת,14,partial,דוכיפת,,partial,,,n/a,משעול דוכיפת,3,partial,
001027-073567-00235-X,דימונה,דולב,4,,,exact,31.079527,35.042543,OK,31.079511,35.042479,"Dolev St 4, Dimona, Israel",OK,31.079878,35.042512,"דולב, נווה חורש, חכמי ישראל, דימונה, נפת באר שבע, מחוז הדרום, 8604712, ישראל",6.3,39.0,40.8,דולב,142,partial,דולב,,partial,,,n/a,אקליפטוס,20,mismatch,google_rev_at_osm_mismatch
001027-073567-00236-X,דימונה,דולב,8,,,exact,31.079511,35.042731,OK,31.079504,35.042670,"Dolev St 8, Dimona, Israel",OK,31.080046,35.043865,"דולב, נווה חורש, חכמי ישראל, דימונה, נפת באר שבע, מחוז הדרום, 8604712, ישראל",5.8,123.4,128.9,דולב,141,partial,דולב,,partial,,,n/a,דולב,168,partial,
001027-073567-00237-X,דימונה,דולב,17,,,exact,31.080314,35.043982,OK,31.080249,35.043854,"Dolev St 17, Dimona, Israel",OK,31.080046,35.043865,"דולב, נווה חורש, חכמי ישראל, דימונה, נפת באר שבע, מחוז הדרום, 8604712, ישראל",14.2,31.8,22.6,דולב,19,partial,דולב,,partial,,,n/a,דולב,168,partial,
001027-073567-00238-X,דימונה,דולב,22,,,exact,31.079507,35.043460,OK,31.079515,35.043413,"Dolev St 22, Dimona, Israel",OK,31.080046,35.043865,"דולב, נווה חורש, חכמי ישראל, דימונה, נפת באר שבע, מחוז הדרום, 8604712, ישראל",4.6,71.1,72.9,דולב,24,partial,דולב,,partial,,,n/a,דולב,168,partial,
001027-073567-00239-X,דימונה,דולב,13,,,exact,31.080158,35.043847,OK,31.080146,35.043736,"Dolev St 13, Dimona, Israel",OK,31.079878,35.042512,"דולב, נווה חורש, חכמי ישראל, דימונה, נפת באר שבע, מחוז הדרום, 8604712, ישראל",10.6,131.1,120.5,דולב,168,partial,דולב,,partial,,,n/a,אקליפטוס,20,mismatch,google_rev_at_osm_mismatch
001027-073567-00240-X,דימונה,דולב,18,,,exact,31.079544,35.043266,OK,31.079515,35.043201,"Dolev St 18, Dimona, Israel",OK,31.080046,35.043865,"דולב, נווה חורש, חכמי ישראל, דימונה, נפת באר שבע, מחוז הדרום, 8604712, ישראל",6.9,79.8,86.4,דולב,20,partial,דולב,,partial,,,n/a,דולב,168,partial,
001027-073567-00241-X,דימונה,דולב,9,,,exact,31.080070,35.043714,OK,31.080054,35.043642,"Dolev St 9, Dimona, Israel",OK,31.080046,35.043865,"דולב, נווה חורש, חכמי ישראל, דימונה, נפת באר שבע, מחוז הדרום, 8604712, ישראל",7.1,14.7,21.3,דולב,167,partial,דולב,,partial,,,n/a,דולב,168,partial,
001027-073567-00242-X,דימונה,דולב,7,,,exact,31.080004,35.043616,OK,31.079996,35.043588,"Dolev St 7, Dimona, Israel",OK,31.080046,35.043865,"דולב, נווה חורש, חכמי ישראל, דימונה, נפת באר שבע, מחוז הדרום, 8604712, ישראל",2.8,24.2,27.0,דולב,7,match,דולב,,partial,,,n/a,דולב,168,partial,
001027-073567-00243-X,דימונה,דיין משה,72,,,exact,31.075040,35.040000,OK,31.075071,35.039936,"Moshe Dayan St 72, Dimona, Israel",OK,31.074867,35.040348,"משה דיין, חכמי ישראל, דימונה, נפת באר שבע, מחוז הדרום, 8604712, ישראל",7.0,38.4,45.4,משה דיין,72,match,מרחבים,179,mismatch,,,n/a,משה דיין,74,partial,osm_rev_at_govmap_mismatch
001027-073567-00244-X,דימונה,דיין משה,76,,,exact,31.075425,35.040690,OK,31.075201,35.040649,"Moshe Dayan St 76, Dimona, Israel",OK,31.074867,35.040348,"משה דיין, חכמי ישראל, דימונה, נפת באר שבע, מחוז הדרום, 8604712, ישראל",25.1,69.9,46.9,משה דיין,78,partial,יהודה הלוי,,mismatch,,,n/a,משה דיין,74,partial,osm_rev_at_govmap_mismatch
001027-073567-00245-X,דימונה,דיין משה,177,,,exact,31.074773,35.040516,OK,31.074753,35.040634,"Moshe Dayan St 177, Dimona, Israel",OK,31.074867,35.040348,"משה דיין, חכמי ישראל, דימונה, נפת באר שבע, מחוז הדרום, 8604712, ישראל",11.4,19.1,30.1,מרחבים,1177,mismatch,משה דיין,,partial,,,n/a,משה דיין,74,partial,google_rev_at_govmap_mismatch
001027-073567-00246-X,דימונה,דפנה,23,,,exact,31.079835,35.040578,OK,31.079732,35.040530,"Dafna St 23, Dimona, Israel",OK,31.079667,35.040288,"דפנה, נווה חורש, חכמי ישראל, דימונה, נפת באר שבע, מחוז הדרום, 8604712, ישראל",12.3,33.4,24.2,דפנה,46,partial,דפנה,,partial,,,n/a,דפנה,44,partial,
001027-073567-00247-X,דימונה,דפנה,8,,,exact,31.079501,35.040089,OK,31.079661,35.040069,"Dafna St 8, Dimona, Israel",OK,31.079667,35.040288,"דפנה, נווה חורש, חכמי ישראל, דימונה, נפת באר שבע, מחוז הדרום, 8604712, ישראל",17.8,26.5,21.0,דפנה,38,partial,דפנה,,partial,,,n/a,דפנה,44,partial,
001027-073567-00248-X,דימונה,דפנה,15,,,exact,31.079842,35.040200,OK,31.079822,35.040133,"Dafna St 15, Dimona, Israel",OK,31.079667,35.040288,"דפנה, נווה חורש, חכמי ישראל, דימונה, נפת באר שבע, מחוז הדרום, 8604712, ישראל",6.8,21.1,22.7,דפנה,44,partial,דפנה,,partial,,,n/a,דפנה,44,partial,
001027-073567-00249-X,דימונה,דפנה,11,,,exact,31.079820,35.040029,OK,31.079826,35.039928,"Dafna St 11, Dimona, Israel",OK,31.079667,35.040288,"דפנה, נווה חורש, חכמי ישראל, דימונה, נפת באר שבע, מחוז הדרום, 8604712, ישראל",9.7,30.0,38.6,דפנה,43,partial,דפנה,,partial,,,n/a,דפנה,44,partial,
001027-073567-00250-X,דימונה,דפנה,2,,,exact,31.079525,35.039838,OK,31.079659,35.039697,"Dafna St 2, Dimona, Israel",OK,31.079667,35.040288,"דפנה, נווה חורש, חכמי ישראל, דימונה, נפת באר שבע, מחוז הדרום, 8604712, ישראל",20.0,45.8,56.4,דפנה,4,partial,קטלב,,mismatch,,,n/a,דפנה,44,partial,osm_rev_at_govmap_mismatch
001027-073567-00251-X,דימונה,דפנה,18,,,exact,31.079541,35.040609,OK,31.079656,35.040582,"Dafna St 18, Dimona, Israel",OK,31.079667,35.040288,"דפנה, נווה חורש, חכמי ישראל, דימונה, נפת באר שבע, מחוז הדרום, 8604712, ישראל",13.0,33.7,28.1,דפנה,41,partial,דפנה,,partial,,,n/a,דפנה,44,partial,
001027-073567-00252-X,דימונה,האורן,15,,,exact,31.065989,35.029202,OK,31.066004,35.029147,"HaOren St 15, Dimona, Israel",OK,31.066104,35.029244,"האורן, שבעת המינים, נווה גן, דימונה, נפת באר שבע, מחוז הדרום, 8604712, ישראל",5.5,13.4,14.5,האורן,15,match,האורן,,partial,,,n/a,האורן,13,partial,
001027-073567-00253-X,דימונה,האורן,6,,,exact,31.066111,35.029941,OK,31.066071,35.029939,"HaOren St 6, Dimona, Israel",OK,31.066104,35.029244,"האורן, שבעת המינים, נווה גן, דימונה, נפת באר שבע, מחוז הדרום, 8604712, ישראל",4.4,66.5,66.4,האורן,216,partial,האורן,,partial,,,n/a,האורן,13,partial,
001027-073567-00254-X,דימונה,האורן,7,,,exact,31.065820,35.029765,OK,31.065849,35.029723,"HaOren St 7, Dimona, Israel",OK,31.066104,35.029244,"האורן, שבעת המינים, נווה גן, דימונה, נפת באר שבע, מחוז הדרום, 8604712, ישראל",5.2,58.9,53.7,האורן,7,match,האורן,,partial,,,n/a,האורן,13,partial,
001027-073567-00255-X,דימונה,האיריס,2,,,exact,31.063012,35.031531,OK,31.062975,35.031310,"Iris St 2, Dimona, Israel",ZERO_RESULTS,,,,21.5,,,שדרות הנשיא,12,mismatch,שדרות אריאל שרון,,mismatch,,,n/a,,,n/a,osm_fwd_ZERO_RESULTS;google_rev_at_govmap_mismatch;osm_rev_at_govmap_mismatch
001027-073567-00256-X,דימונה,האיריס,6,,,exact,31.063027,35.032352,OK,31.062902,35.032120,"Iris St 6, Dimona, Israel",ZERO_RESULTS,,,,26.1,,,שדרות הנשיא,14,mismatch,נרקיס,,mismatch,,,n/a,,,n/a,osm_fwd_ZERO_RESULTS;google_rev_at_govmap_mismatch;osm_rev_at_govmap_mismatch
001027-073567-00257-X,דימונה,האיריס,4,,,exact,31.063018,35.031754,OK,31.062930,35.031703,"Iris St 4, Dimona, Israel",ZERO_RESULTS,,,,11.0,,,איריס,13,mismatch,נרקיס,,mismatch,,,n/a,,,n/a,osm_fwd_ZERO_RESULTS;google_rev_at_govmap_mismatch;osm_rev_at_govmap_mismatch
001027-073567-00258-X,דימונה,האלון,6,,,exact,31.066480,35.031452,OK,31.066556,35.030980,"HaAlon St 6, Dimona, Israel",OK,31.066587,35.031228,"האלון, שבעת המינים, נווה גן, דימונה, נפת באר שבע, מחוז הדרום, 8604712, ישראל",45.9,24.5,23.9,שדרות הנשיא,104,mismatch,האלון,,partial,,,n/a,האלון,56,partial,google_rev_at_govmap_mismatch
001027-073567-00259-X,דימונה,האלון,16,,,exact,31.067005,35.031460,OK,31.066867,35.030809,"HaAlon St 16, Dimona, Israel",OK,31.066587,35.031228,"האלון, שבעת המינים, נווה גן, דימונה, נפת באר שבע, מחוז הדרום, 8604712, ישראל",64.0,51.4,50.7,שדרות הנשיא,198,mismatch,האלון,,partial,,,n/a,האלון,56,partial,google_rev_at_govmap_mismatch
001027-073567-00260-X,דימונה,האלון,24,,,exact,31.066943,35.030678,OK,31.066885,35.030596,"HaAlon St 24, Dimona, Israel",OK,31.066587,35.031228,"האלון, שבעת המינים, נווה גן, דימונה, נפת באר שבע, מחוז הדרום, 8604712, ישראל",10.1,65.7,68.8,שדרות הרצל,199,mismatch,האלון,,partial,,,n/a,האלון,56,partial,google_rev_at_govmap_mismatch
001027-073567-00261-X,דימונה,האלון,2,,,exact,31.066208,35.031417,OK,31.066143,35.030968,"HaAlon St 2, Dimona, Israel",OK,31.066587,35.031228,"האלון, שבעת המינים, נווה גן, דימונה, נפת באר שבע, מחוז הדרום, 8604712, ישראל",43.5,45.7,55.1,שדרות הרצל,106,mismatch,האלון,,partial,,,n/a,האלון,56,partial,google_rev_at_govmap_mismatch
001027-073567-00262-X,דימונה,האלון,18,,,street,31.062559,35.026641,OK,31.066872,35.030756,"HaAlon St 18, Dimona, Israel",OK,31.066587,35.031228,"האלון, שבעת המינים, נווה גן, דימונה, נפת באר שבע, מחוז הדרום, 8604712, ישראל",618.8,625.4,55.1,הנרי מלכה,24,mismatch,הנרי מלכה,,mismatch,,,n/a,האלון,56,partial,google_rev_at_govmap_mismatch;osm_rev_at_govmap_mismatch
001027-073567-00263-X,דימונה,האשל,2,,,exact,31.066563,35.030547,OK,31.066469,35.030442,"HaEshel St 2, Dimona, Israel",OK,31.066610,35.029793,"האשל, שבעת המינים, נווה גן, דימונה, נפת באר שבע, מחוז הדרום, 8604712, ישראל",14.5,72.2,63.9,האשל,6,partial,ההדס,,mismatch,,,n/a,האשל,206,partial,osm_rev_at_govmap_mismatch
001027-073567-00264-X,דימונה,האשל,9,,,exact,31.066443,35.029818,OK,31.066471,35.029767,"HaEshel St 9, Dimona, Israel",OK,31.066610,35.029793,"האשל, שבעת המינים, נווה גן, דימונה, נפת באר שבע, מחוז הדרום, 8604712, ישראל",5.8,18.6,15.6,האורן,212,mismatch,האשל,,partial,,,n/a,האשל,206,partial,google_rev_at_govmap_mismatch
001027-073567-00265-X,דימונה,האשל,12,,,exact,31.062208,35.027543,OK,31.066687,35.030067,"HaEshel St 12, Dimona, Israel",OK,31.066610,35.029793,"האשל, שבעת המינים, נווה גן, דימונה, נפת באר שבע, מחוז הדרום, 8604712, ישראל",551.9,533.2,27.5,הנרי מלכה,4,mismatch,הנרי מלכה,,mismatch,,,n/a,האשל,206,partial,google_rev_at_govmap_mismatch;osm_rev_at_govmap_mismatch
001027-073567-00266-X,דימונה,האשלג,12,,,exact,31.062431,35.027471,OK,31.069419,35.033363,"Dimona, Israel",ZERO_RESULTS,,,,957.4,,,הנרי מלכה,6,mismatch,הנרי מלכה,,mismatch,,,n/a,,,n/a,osm_fwd_ZERO_RESULTS;google_rev_at_govmap_mismatch;osm_rev_at_govmap_mismatch
001027-073567-00267-X,דימונה,האשלג,4,,,exact,31.062668,35.027452,OK,31.069419,35.033363,"Dimona, Israel",ZERO_RESULTS,,,,937.4,,,הנרי מלכה,8,mismatch,הנרי מלכה,,mismatch,,,n/a,,,n/a,osm_fwd_ZERO_RESULTS;google_rev_at_govmap_mismatch;osm_rev_at_govmap_mismatch
001027-073567-00268-X,דימונה,האשלג,23,,,street,31.062559,35.026641,OK,31.831103,34.678144,"Ha-Ashlag St 23, Ashdod, Israel",ZERO_RESULTS,,,,91424.8,,,הנרי מלכה,24,mismatch,הנרי מלכה,,mismatch,,,n/a,,,n/a,osm_fwd_ZERO_RESULTS;google_rev_at_govmap_mismatch;osm_rev_at_govmap_mismatch
001027-073567-00269-X,דימונה,האשלג,27,,,street,31.062559,35.026641,OK,31.830921,34.679128,"Ha-Ashlag St 27, Ashdod, 7714002, Israel",ZERO_RESULTS,,,,91372.1,,,הנרי מלכה,24,mismatch,הנרי מלכה,,mismatch,,,n/a,,,n/a,osm_fwd_ZERO_RESULTS;google_rev_at_govmap_mismatch;osm_rev_at_govmap_mismatch
001027-073567-00270-X,דימונה,האשלג,8,,,exact,31.065374,35.029591,OK,31.069419,35.033363,"Dimona, Israel",ZERO_RESULTS,,,,575.2,,,ההדס,23,mismatch,,,mismatch,,,n/a,,,n/a,osm_fwd_ZERO_RESULTS;google_rev_at_govmap_mismatch;osm_rev_at_govmap_mismatch
001027-073567-00271-X,דימונה,האשלג,19,,,exact,31.065155,35.029105,OK,31.830744,34.677315,"Ha-Ashlag St 19, Ashdod, Israel",ZERO_RESULTS,,,,91233.7,,,רחבת האשלג,61,partial,,,mismatch,,,n/a,,,n/a,osm_fwd_ZERO_RESULTS;osm_rev_at_govmap_mismatch
001027-073567-00272-X,דימונה,האשלג,11,,,exact,31.064706,35.029562,OK,31.069419,35.033363,"Dimona, Israel",ZERO_RESULTS,,,,636.1,,,רחבת האשלג,63,partial,,,mismatch,,,n/a,,,n/a,osm_fwd_ZERO_RESULTS;osm_rev_at_govmap_mismatch
001027-073567-00273-X,דימונה,הגיא,14,,,exact,31.070769,35.040959,OK,31.070511,35.040996,"Hagai St 14, Dimona, Israel",OK,31.070600,35.040904,"הגיא, הגבעה, חכמי ישראל, דימונה, נפת באר שבע, מחוז הדרום, 8604712, ישראל",28.9,19.5,13.3,הגיא,105,partial,הגיא,,partial,,,n/a,הגיא,338,partial,
001027-073567-00274-X,דימונה,הגפן,5,,,exact,31.065204,35.028230,OK,31.065025,35.027189,"HaGefen St 5, Dimona, Israel",OK,31.064918,35.025862,"הגפן, שבעת המינים, נווה גן, דימונה, נפת באר שבע, מחוז הדרום, 8604712, ישראל",101.3,228.2,127.2,הגפן,3,partial,הגפן,,partial,,,n/a,הגפן,34,partial,
001027-073567-00275-X,דימונה,הגפן,3,,,exact,31.065205,35.028475,OK,31.065206,35.028412,"HaGefen St 3, Dimona, Israel",OK,31.064918,35.025862,"הגפן, שבעת המינים, נווה גן, דימונה, נפת באר שבע, מחוז הדרום, 8604712, ישראל",6.1,251.4,245.4,הגפן,3,match,הגפן,,partial,,,n/a,הגפן,34,partial,
001027-073567-00276-X,דימונה,הגפן,24,,,exact,31.065224,35.026588,OK,31.065184,35.026544,"HaGefen St 24, Dimona, Israel",OK,31.064918,35.025862,"הגפן, שבעת המינים, נווה גן, דימונה, נפת באר שבע, מחוז הדרום, 8604712, ישראל",6.1,77.1,71.4,הגפן,24,match,הגפן,,partial,,,n/a,הגפן,34,partial,
001027-073567-00277-X,דימונה,הגפן,28,,,exact,31.065172,35.026371,OK,31.065142,35.026276,"HaGefen St 28, Dimona, Israel",OK,31.064918,35.025862,"הגפן, שבעת המינים, נווה גן, דימונה, נפת באר שבע, מחוז הדרום, 8604712, ישראל",9.7,56.1,46.6,הגפן,26,partial,הגפן,,partial,,,n/a,הגפן,34,partial,
001027-073567-00278-X,דימונה,הגפן,43,,,exact,31.064462,35.024986,OK,31.064423,35.024954,"HaGefen St 43, Dimona, Israel",OK,31.064918,35.025862,"הגפן, שבעת המינים, נווה גן, דימונה, נפת באר שבע, מחוז הדרום, 8604712, ישראל",5.3,97.7,102.6,הגפן,43,match,,,mismatch,,,n/a,הגפן,34,partial,osm_rev_at_govmap_mismatch
001027-073567-00279-X,דימונה,הגפן,51,,,exact,31.064168,35.024367,OK,31.064128,35.024287,"HaGefen St 51, Dimona, Israel",OK,31.064918,35.025862,"הגפן, שבעת המינים, נווה גן, דימונה, נפת באר שבע, מחוז הדרום, 8604712, ישראל",8.8,165.2,174.0,הגפן,290,partial,הגפן,,partial,,,n/a,הגפן,34,partial,
001027-073567-00280-X,דימונה,הגפן,49,,,exact,31.064221,35.024533,OK,31.064197,35.024456,"HaGefen St 49, Dimona, Israel",OK,31.064918,35.025862,"הגפן, שבעת המינים, נווה גן, דימונה, נפת באר שבע, מחוז הדרום, 8604712, ישראל",7.8,148.6,156.2,הגפן,291,partial,הגפן,,partial,,,n/a,הגפן,34,partial,
001027-073567-00281-X,דימונה,הגפן,25,,,exact,31.064905,35.026427,OK,31.064852,35.026349,"HaGefen St 25, Dimona, Israel",OK,31.064918,35.025862,"הגפן, שבעת המינים, נווה גן, דימונה, נפת באר שבע, מחוז הדרום, 8604712, ישראל",9.5,54.0,47.0,הגפן,23,partial,הגפן,,partial,,,n/a,הגפן,34,partial,
001027-073567-00282-X,דימונה,הגפן,45,,,exact,31.064388,35.024826,OK,31.064386,35.024898,"HaGefen St 45, Dimona, Israel",OK,31.064918,35.025862,"הגפן, שבעת המינים, נווה גן, דימונה, נפת באר שבע, מחוז הדרום, 8604712, ישראל",6.8,115.0,109.4,הגפן,45,match,הגפן,,partial,,,n/a,הגפן,34,partial,
001027-073567-00283-X,דימונה,הגפן,31,,,exact,31.064793,35.025963,OK,31.064793,35.025953,"HaGefen St 31, Dimona, Israel",OK,31.064918,35.025862,"הגפן, שבעת המינים, נווה גן, דימונה, נפת באר שבע, מחוז הדרום, 8604712, ישראל",0.9,16.9,16.4,הגפן,31,match,הגפן,,partial,,,n/a,הגפן,34,partial,
001027-073567-00284-X,דימונה,הגפן,15,,,exact,31.065048,35.027217,OK,31.065009,35.027167,"HaGefen St 15, Dimona, Israel",OK,31.064918,35.025862,"הגפן, שבעת המינים, נווה גן, דימונה, נפת באר שבע, מחוז הדרום, 8604712, ישראל",6.4,130.1,124.9,הגפן,5,partial,הגפן,,partial,,,n/a,הגפן,34,partial,
001027-073567-00285-X,דימונה,הגפן,33,,,exact,31.064659,35.025936,OK,31.064741,35.025785,"HaGefen St 33, Dimona, Israel",OK,31.064918,35.025862,"הגפן, שבעת המינים, נווה גן, דימונה, נפת באר שבע, מחוז הדרום, 8604712, ישראל",17.0,29.6,21.0,הגפן,31,partial,הגפן,,partial,,,n/a,הגפן,34,partial,
001027-073567-00286-X,דימונה,הגפן,35,,,exact,31.064716,35.025638,OK,31.064679,35.025622,"HaGefen St 35, Dimona, Israel",OK,31.064918,35.025862,"הגפן, שבעת המינים, נווה גן, דימונה, נפת באר שבע, מחוז הדרום, 8604712, ישראל",4.3,31.0,35.1,הגפן,35,match,הגפן,,partial,,,n/a,הגפן,34,partial,
001027-073567-00287-X,דימונה,הגפן,21,,,exact,31.065008,35.026924,OK,31.064954,35.026728,"HaGefen St 21, Dimona, Israel",OK,31.064918,35.025862,"הגפן, שבעת המינים, נווה גן, דימונה, נפת באר שבע, מחוז הדרום, 8604712, ישראל",19.7,101.9,82.8,הגפן,19,partial,הגפן,,partial,,,n/a,הגפן,34,partial,
001027-073567-00288-X,דימונה,הדרור,13,,,exact,31.073262,35.037583,OK,31.073197,35.037500,"Mish'ol HaDror 13, Dimona, Israel",OK,31.072505,35.037603,"הדרור, שכונה לדוגמא, נווה גן, דימונה, נפת באר שבע, מחוז הדרום, 8604712, ישראל",10.7,83.9,77.3,משעול הדרור,11,partial,הדרור,,partial,,,n/a,משעול היונה,17,mismatch,google_rev_at_osm_mismatch
001027-073567-00289-X,דימונה,הדרור,14,,,exact,31.073295,35.037507,OK,31.073333,35.037399,"Mish'ol HaDror 14, Dimona, Israel",OK,31.072505,35.037603,"הדרור, שכונה לדוגמא, נווה גן, דימונה, נפת באר שבע, מחוז הדרום, 8604712, ישראל",11.1,88.1,93.8,משעול הדרור,146,partial,הדרור,,partial,,,n/a,משעול היונה,17,mismatch,google_rev_at_osm_mismatch
001027-073567-00290-X,דימונה,הדרור,1,,,exact,31.073478,35.038079,OK,31.073468,35.038034,"Mish'ol HaDror 1, Dimona, Israel",OK,31.072505,35.037603,"הדרור, שכונה לדוגמא, נווה גן, דימונה, נפת באר שבע, מחוז הדרום, 8604712, ישראל",4.5,117.1,114.4,משעול הדרור,1,partial,השלווה,,mismatch,,,n/a,משעול היונה,17,mismatch,osm_rev_at_govmap_mismatch;google_rev_at_osm_mismatch
001027-073567-00291-X,דימונה,ההגנה,2,,,exact,31.073259,35.030033,OK,31.073169,35.030295,"Ha-Hagana St 2, Dimona, Israel",OK,31.073224,35.030778,"ההגנה, הנצחון, נווה גן, דימונה, נפת באר שבע, מחוז הדרום, 8604712, ישראל",26.9,71.2,46.5,רחבת ההגנה,6,partial,ההגנה,,partial,,,n/a,רחבת ההגנה,775,partial,
001027-073567-00292-X,דימונה,ההגנה,8,,,exact,31.073211,35.029738,OK,31.073166,35.030198,"Ha-Hagana St 8, Dimona, Israel",OK,31.073224,35.030778,"ההגנה, הנצחון, נווה גן, דימונה, נפת באר שבע, מחוז הדרום, 8604712, ישראל",44.2,99.3,55.8,רחבת ההגנה,9,partial,"הפלמ""ח",,mismatch,,,n/a,רחבת ההגנה,775,partial,osm_rev_at_govmap_mismatch
001027-073567-00293-X,דימונה,ההגנה,28,,,exact,31.073602,35.030015,OK,31.073104,35.029395,"Ha-Hagana St 28, Dimona, Israel",OK,31.073224,35.030778,"ההגנה, הנצחון, נווה גן, דימונה, נפת באר שבע, מחוז הדרום, 8604712, ישראל",81.0,84.0,132.7,רחבת ההגנה,9,partial,ההגנה,,partial,,,n/a,רחבת ההגנה,775,partial,
001027-073567-00294-X,דימונה,ההדס,19,,,exact,31.065198,35.029929,OK,31.065772,35.031462,"HaHadas St 19, Dimona, Israel",OK,31.065160,35.030080,"ההדס, שבעת המינים, נווה גן, דימונה, נפת באר שבע, מחוז הדרום, 8604712, ישראל",159.6,15.0,148.3,ההדס,21,partial,ההדס,,partial,,,n/a,ההדס,21,partial,
001027-073567-00295-X,דימונה,ההדס,23,,,exact,31.065379,35.030076,OK,31.065374,35.029919,"HaHadas St 23, Dimona, Israel",OK,31.065160,35.030080,"ההדס, שבעת המינים, נווה גן, דימונה, נפת באר שבע, מחוז הדרום, 8604712, ישראל",15.0,24.2,28.2,ההדס,23,match,ההדס,,partial,,,n/a,ההדס,21,partial,
001027-073567-00296-X,דימונה,ההדס,11,,,exact,31.064557,35.029804,OK,31.064547,35.029807,"HaHadas St 11, Dimona, Israel",OK,31.065160,35.030080,"ההדס, שבעת המינים, נווה גן, דימונה, נפת באר שבע, מחוז הדרום, 8604712, ישראל",1.1,71.9,72.8,ההדס,11,match,,,mismatch,,,n/a,ההדס,21,partial,osm_rev_at_govmap_mismatch
001027-073567-00297-X,דימונה,הזית,261,,,none,,,OK,31.062027,35.026183,"HaZayit St 261, Dimona, 86000, Israel",OK,31.062819,35.025553,"הזית, שבעת המינים, נווה גן, דימונה, נפת באר שבע, מחוז הדרום, 8604712, ישראל",,,106.5,,,n/a,,,n/a,הזית,,partial,הזית,13,partial,govmap_missing
001027-073567-00298-X,דימונה,הזית,123,,,none,,,OK,31.061926,35.025592,"HaZayit St 123, Dimona, Israel",OK,31.062819,35.025553,"הזית, שבעת המינים, נווה גן, דימונה, נפת באר שבע, מחוז הדרום, 8604712, ישראל",,,99.1,,,n/a,,,n/a,הזית,,partial,הזית,13,partial,govmap_missing
001027-073567-00299-X,דימונה,הזית,33,,,street,31.063849,35.024965,OK,31.064048,35.024933,"HaZayit St 33, Dimona, Israel",OK,31.062819,35.025553,"הזית, שבעת המינים, נווה גן, דימונה, נפת באר שבע, מחוז הדרום, 8604712, ישראל",22.2,127.3,148.5,הזית,29,partial,הזית,,partial,,,n/a,הזית,13,partial,
001027-073567-00300-X,דימונה,הזמיר,135,,,exact,31.074208,35.037384,OK,31.074242,35.037365,"Mish'ol HaZamir 135, Dimona, Israel",OK,31.074172,35.038394,"השלווה/משעול הזמיר, השלווה, הגבעה, נווה גן, דימונה, נפת באר שבע, מחוז הדרום, 8604712, ישראל",4.2,96.5,98.5,משעול הזמיר,135,partial,הציפורים,,mismatch,,,n/a,,,mismatch,osm_rev_at_govmap_mismatch;google_rev_at_osm_mismatch
001027-073567-00301-X,דימונה,הזמיר,13,,,exact,31.074180,35.037473,OK,31.074276,35.037877,"Mish'ol HaZamir 13, Dimona, Israel",ZERO_RESULTS,,,,40.0,,,משעול הזמיר,135,partial,השלווה,,mismatch,,,n/a,,,n/a,osm_fwd_ZERO_RESULTS;osm_rev_at_govmap_mismatch
001027-073567-00302-X,דימונה,הזמיר,7,,,exact,31.074364,35.037905,OK,31.074378,35.038094,"Mish'ol HaZamir 7, Dimona, Israel",ZERO_RESULTS,,,,18.1,,,השלווה,142,mismatch,השלווה,,mismatch,,,n/a,,,n/a,osm_fwd_ZERO_RESULTS;google_rev_at_govmap_mismatch;osm_rev_at_govmap_mismatch
001027-073567-00303-X,דימונה,הזמיר,5,,,exact,31.074439,35.037987,OK,31.074577,35.038170,"Mish'ol HaZamir 5, Dimona, Israel",ZERO_RESULTS,,,,23.2,,,משעול הזמיר,142,partial,מרחבים,,mismatch,,,n/a,,,n/a,osm_fwd_ZERO_RESULTS;osm_rev_at_govmap_mismatch
001027-073567-00304-X,דימונה,הזמיר,23,,,exact,31.073932,35.037155,OK,31.074129,35.037281,"Mish'ol HaZamir 23, Dimona, Israel",ZERO_RESULTS,,,,25.0,,,דרך השלום,138,mismatch,דוכיפת,,mismatch,,,n/a,,,n/a,osm_fwd_ZERO_RESULTS;google_rev_at_govmap_mismatch;osm_rev_at_govmap_mismatch
001027-082334-00237-X,דימונה,החשמונאים,237,,8604150,exact,31.066081,35.037999,OK,31.066077,35.037745,"Hashmona'im St 237, Dimona, Israel",OK,31.066542,35.038251,"החשמונאים, גיורא יוספטל, נווה גן, דימונה, נפת באר שבע, מחוז הדרום, 8604712, ישראל",24.3,56.5,70.7,מכבים,237,mismatch,החשמונאים,,partial,,,n/a,שדרות הרצל,235,mismatch,google_rev_at_govmap_mismatch;google_rev_at_osm_mismatch
001027-082334-00237-א,דימונה,החשמונאים,237,א,8604151,exact,31.066081,35.037999,OK,31.066077,35.037745,"Hashmona'im St 237, Dimona, Israel",OK,31.066542,35.038251,"החשמונאים, גיורא יוספטל, נווה גן, דימונה, נפת באר שבע, מחוז הדרום, 8604712, ישראל",24.3,56.5,70.7,מכבים,237,mismatch,החשמונאים,,partial,,,n/a,שדרות הרצל,235,mismatch,google_rev_at_govmap_mismatch;google_rev_at_osm_mismatch
001027-082334-00237-ב,דימונה,החשמונאים,237,ב,8604152,exact,31.066081,35.037999,OK,31.066077,35.037745,"Hashmona'im St 237, Dimona, Israel",OK,31.066542,35.038251,"החשמונאים, גיורא יוספטל, נווה גן, דימונה, נפת באר שבע, מחוז הדרום, 8604712, ישראל",24.3,56.5,70.7,מכבים,237,mismatch,החשמונאים,,partial,,,n/a,שדרות הרצל,235,mismatch,google_rev_at_govmap_mismatch;google_rev_at_osm_mismatch
001027-082334-00237-ג,דימונה,החשמונאים,237,ג,8604153,exact,31.066081,35.037999,OK,31.066077,35.037745,"Hashmona'im St 237, Dimona, Israel",OK,31.066542,35.038251,"החשמונאים, גיורא יוספטל, נווה גן, דימונה, נפת באר שבע, מחוז הדרום, 8604712, ישראל",24.3,56.5,70.7,מכבים,237,mismatch,החשמונאים,,partial,,,n/a,שדרות הרצל,235,mismatch,google_rev_at_govmap_mismatch;google_rev_at_osm_mismatch
001027-073567-00306-X,דימונה,החשמונאים,6,,,exact,31.066308,35.038033,OK,31.066554,35.038202,"Hashmona'im St 6, Dimona, Israel",OK,31.066542,35.038251,"החשמונאים, גיורא יוספטל, נווה גן, דימונה, נפת באר שבע, מחוז הדרום, 8604712, ישראל",31.7,33.3,4.9,חשמונאים,236,mismatch,החשמונאים,,partial,,,n/a,שדרות הרצל,235,mismatch,google_rev_at_govmap_mismatch;google_rev_at_osm_mismatch
001027-082334-00236-X,דימונה,החשמונאים,236,,8604145,exact,31.066312,35.038010,OK,31.066360,35.038077,"Hashmona'im St 236, Dimona, Israel",OK,31.066542,35.038251,"החשמונאים, גיורא יוספטל, נווה גן, דימונה, נפת באר שבע, מחוז הדרום, 8604712, ישראל",8.3,34.4,26.2,חשמונאים,236,mismatch,החשמונאים,,partial,,,n/a,שדרות הרצל,235,mismatch,google_rev_at_govmap_mismatch;google_rev_at_osm_mismatch
001027-082334-00236-א,דימונה,החשמונאים,236,א,8604146,exact,31.066312,35.038010,OK,31.066360,35.038077,"Hashmona'im St 236, Dimona, Israel",OK,31.066542,35.038251,"החשמונאים, גיורא יוספטל, נווה גן, דימונה, נפת באר שבע, מחוז הדרום, 8604712, ישראל",8.3,34.4,26.2,חשמונאים,236,mismatch,החשמונאים,,partial,,,n/a,שדרות הרצל,235,mismatch,google_rev_at_govmap_mismatch;google_rev_at_osm_mismatch
001027-082334-00236-ב,דימונה,החשמונאים,236,ב,8604147,exact,31.066312,35.038010,OK,31.066360,35.038077,"Hashmona'im St 236, Dimona, Israel",OK,31.066542,35.038251,"החשמונאים, גיורא יוספטל, נווה גן, דימונה, נפת באר שבע, מחוז הדרום, 8604712, ישראל",8.3,34.4,26.2,חשמונאים,236,mismatch,החשמונאים,,partial,,,n/a,שדרות הרצל,235,mismatch,google_rev_at_govmap_mismatch;google_rev_at_osm_mismatch
001027-082334-00236-ג,דימונה,החשמונאים,236,ג,8604148,exact,31.066312,35.038010,OK,31.066360,35.038077,"Hashmona'im St 236, Dimona, Israel",OK,31.066542,35.038251,"החשמונאים, גיורא יוספטל, נווה גן, דימונה, נפת באר שבע, מחוז הדרום, 8604712, ישראל",8.3,34.4,26.2,חשמונאים,236,mismatch,החשמונאים,,partial,,,n/a,שדרות הרצל,235,mismatch,google_rev_at_govmap_mismatch;google_rev_at_osm_mismatch
001027-082334-00236-ד,דימונה,החשמונאים,236,ד,8604149,exact,31.066312,35.038010,OK,31.066360,35.038077,"Hashmona'im St 236, Dimona, Israel",OK,31.066542,35.038251,"החשמונאים, גיורא יוספטל, נווה גן, דימונה, נפת באר שבע, מחוז הדרום, 8604712, ישראל",8.3,34.4,26.2,חשמונאים,236,mismatch,החשמונאים,,partial,,,n/a,שדרות הרצל,235,mismatch,google_rev_at_govmap_mismatch;google_rev_at_osm_mismatch
001027-073567-00308-X,דימונה,החשמונאים,2,,,exact,31.066723,35.037979,OK,31.066823,35.038212,"Hashmona'im St 2, Dimona, Israel",OK,31.066542,35.038251,"החשמונאים, גיורא יוספטל, נווה גן, דימונה, נפת באר שבע, מחוז הדרום, 8604712, ישראל",24.8,32.8,31.3,שדרות הרצל,235,mismatch,שדרות הרצל,,mismatch,,,n/a,שדרות הרצל,235,mismatch,google_rev_at_govmap_mismatch;osm_rev_at_govmap_mismatch;google_rev_at_osm_mismatch
001027-073567-00309-X,דימונה,החשמונאים,258,,,exact,31.065911,35.038238,OK,31.065893,35.038102,"Hashmona'im St 258, Dimona, Israel",OK,31.066542,35.038251,"החשמונאים, גיורא יוספטל, נווה גן, דימונה, נפת באר שבע, מחוז הדרום, 8604712, ישראל",13.2,70.0,73.4,מתתיהו הכהן,258,mismatch,,,mismatch,,,n/a,שדרות הרצל,235,mismatch,google_rev_at_govmap_mismatch;osm_rev_at_govmap_mismatch;google_rev_at_osm_mismatch
001027-082334-00235-X,דימונה,החשמונאים,235,,8604140,exact,31.066556,35.038001,OK,31.066553,35.037737,"Hashmona'im St 235, Dimona, Israel",OK,31.066542,35.038251,"החשמונאים, גיורא יוספטל, נווה גן, דימונה, נפת באר שבע, מחוז הדרום, 8604712, ישראל",25.2,23.9,49.1,שדרות הרצל,235,mismatch,החשמונאים,,partial,,,n/a,שדרות הרצל,235,mismatch,google_rev_at_govmap_mismatch;google_rev_at_osm_mismatch
001027-082334-00235-ג,דימונה,החשמונאים,235,ג,8604143,exact,31.066556,35.038001,OK,31.066553,35.037737,"Hashmona'im St 235, Dimona, Israel",OK,31.066542,35.038251,"החשמונאים, גיורא יוספטל, נווה גן, דימונה, נפת באר שבע, מחוז הדרום, 8604712, ישראל",25.2,23.9,49.1,שדרות הרצל,235,mismatch,החשמונאים,,partial,,,n/a,שדרות הרצל,235,mismatch,google_rev_at_govmap_mismatch;google_rev_at_osm_mismatch
001027-082334-00235-ד,דימונה,החשמונאים,235,ד,8604144,exact,31.066556,35.038001,OK,31.066553,35.037737,"Hashmona'im St 235, Dimona, Israel",OK,31.066542,35.038251,"החשמונאים, גיורא יוספטל, נווה גן, דימונה, נפת באר שבע, מחוז הדרום, 8604712, ישראל",25.2,23.9,49.1,שדרות הרצל,235,mismatch,החשמונאים,,partial,,,n/a,שדרות הרצל,235,mismatch,google_rev_at_govmap_mismatch;google_rev_at_osm_mismatch
001027-073567-00311-X,דימונה,היונה,156,,,exact,31.072403,35.038104,OK,31.072361,35.038094,"Mish'ol HaYona 156, Dimona, Israel",ZERO_RESULTS,,,,4.8,,,השלווה,156,mismatch,השלווה,,mismatch,,,n/a,,,n/a,osm_fwd_ZERO_RESULTS;google_rev_at_govmap_mismatch;osm_rev_at_govmap_mismatch
001027-073567-00312-X,דימונה,היונה,3,,,exact,31.073053,35.038233,OK,31.073009,35.038076,"Mish'ol HaYona 3, Dimona, Israel",ZERO_RESULTS,,,,15.8,,,משעול היונה,5,partial,השלווה,,mismatch,,,n/a,,,n/a,osm_fwd_ZERO_RESULTS;osm_rev_at_govmap_mismatch
001027-073567-00313-X,דימונה,היונה,8,,,exact,31.073172,35.038106,OK,31.073141,35.037904,"Mish'ol HaYona 8, Dimona, Israel",ZERO_RESULTS,,,,19.6,,,השלווה,151,mismatch,השלווה,,mismatch,,,n/a,,,n/a,osm_fwd_ZERO_RESULTS;google_rev_at_govmap_mismatch;osm_rev_at_govmap_mismatch
001027-073567-00314-X,דימונה,היונה,59,,,exact,31.072295,35.037910,OK,31.072898,35.038083,"Mish'ol HaYona 59, Dimona, Israel",ZERO_RESULTS,,,,68.9,,,משעול היונה,156,partial,המעפיל,,mismatch,,,n/a,,,n/a,osm_fwd_ZERO_RESULTS;osm_rev_at_govmap_mismatch
001027-073567-00315-X,דימונה,היונה,16,,,exact,31.072989,35.037582,OK,31.072970,35.037558,"Mish'ol HaYona 16, Dimona, Israel",ZERO_RESULTS,,,,3.1,,,משעול היונה,16,partial,הדרור,,mismatch,,,n/a,,,n/a,osm_fwd_ZERO_RESULTS;osm_rev_at_govmap_mismatch
001027-073567-00316-X,דימונה,היורה,38,,,exact,31.060526,35.033201,OK,31.060572,35.033139,"Ha-Yore St 38, Dimona, Israel",OK,31.059906,35.032817,"היורה, ערבה, נווה גן, דימונה, נפת באר שבע, מחוז הדרום, 8604712, ישראל",7.8,78.0,80.0,בבא סאלי,167,mismatch,היורה,,partial,,,n/a,היורה,13,partial,google_rev_at_govmap_mismatch
001027-073567-00317-X,דימונה,היורה,17,,,exact,31.060062,35.033095,OK,31.060095,35.033044,"Ha-Yore St 17, Dimona, Israel",OK,31.059906,35.032817,"היורה, ערבה, נווה גן, דימונה, נפת באר שבע, מחוז הדרום, 8604712, ישראל",6.1,31.7,30.2,בבא סאלי,173,mismatch,היורה,,partial,,,n/a,היורה,13,partial,google_rev_at_govmap_mismatch
001027-073567-00318-X,דימונה,הכלנית,36,,,exact,31.061873,35.032262,OK,31.061875,35.032183,"Kalanit St 36, Dimona, Israel",ZERO_RESULTS,,,,7.5,,,כלנית,38,mismatch,כלנית,25,mismatch,,,n/a,,,n/a,osm_fwd_ZERO_RESULTS;google_rev_at_govmap_mismatch;osm_rev_at_govmap_mismatch
001027-073567-00319-X,דימונה,הכלנית,23,,,exact,31.062196,35.032213,OK,31.062288,35.032147,"Kalanit St 23, Dimona, Israel",ZERO_RESULTS,,,,12.0,,,נרקיס,27,mismatch,כלנית,25,mismatch,,,n/a,,,n/a,osm_fwd_ZERO_RESULTS;google_rev_at_govmap_mismatch;osm_rev_at_govmap_mismatch
001027-073567-00320-X,דימונה,הכלנית,14,,,exact,31.061877,35.030348,OK,31.062136,35.030763,"Kalanit St 14, Dimona, Israel",ZERO_RESULTS,,,,48.9,,,שדרות הנשיא,21,mismatch,כלנית,,mismatch,,,n/a,,,n/a,osm_fwd_ZERO_RESULTS;google_rev_at_govmap_mismatch;osm_rev_at_govmap_mismatch
001027-073567-00321-X,דימונה,הכלנית,38,,,exact,31.061912,35.032344,OK,31.061866,35.032295,"Kalanit St 38, Dimona, Israel",ZERO_RESULTS,,,,6.9,,,כלנית,38,mismatch,כלנית,25,mismatch,,,n/a,,,n/a,osm_fwd_ZERO_RESULTS;google_rev_at_govmap_mismatch;osm_rev_at_govmap_mismatch
001027-073567-00322-X,דימונה,הכלנית,11,,,exact,31.062136,35.031481,OK,31.062179,35.031421,"Kalanit St 11, Dimona, Israel",ZERO_RESULTS,,,,7.5,,,כלנית,11,mismatch,כלנית,25,mismatch,,,n/a,,,n/a,osm_fwd_ZERO_RESULTS;google_rev_at_govmap_mismatch;osm_rev_at_govmap_mismatch
001027-073567-00323-X,דימונה,הכלנית,42,,,exact,31.061914,35.032621,OK,31.061874,35.032544,"Kalanit St 42, Dimona, Israel",ZERO_RESULTS,,,,8.6,,,כלנית,42,mismatch,כלנית,25,mismatch,,,n/a,,,n/a,osm_fwd_ZERO_RESULTS;google_rev_at_govmap_mismatch;osm_rev_at_govmap_mismatch
001027-073567-00324-X,דימונה,הכלנית,27,,,exact,31.062233,35.032477,OK,31.062280,35.032408,"Kalanit St 27, Dimona, Israel",ZERO_RESULTS,,,,8.3,,,נרקיס,28,mismatch,כלנית,25,mismatch,,,n/a,,,n/a,osm_fwd_ZERO_RESULTS;google_rev_at_govmap_mismatch;osm_rev_at_govmap_mismatch
001027-073567-00325-X,דימונה,הכלנית,19,,,exact,31.062184,35.031963,OK,31.062182,35.031909,"Kalanit St 19, Dimona, Israel",ZERO_RESULTS,,,,5.1,,,כלנית,19,mismatch,כלנית,25,mismatch,,,n/a,,,n/a,osm_fwd_ZERO_RESULTS;google_rev_at_govmap_mismatch;osm_rev_at_govmap_mismatch
001027-073567-00326-X,דימונה,הכלנית,22,,,exact,31.061833,35.030952,OK,31.061509,35.032105,"Kalanit St 22, Dimona, Israel",ZERO_RESULTS,,,,115.7,,,כלנית,24,mismatch,כלנית,,mismatch,,,n/a,,,n/a,osm_fwd_ZERO_RESULTS;google_rev_at_govmap_mismatch;osm_rev_at_govmap_mismatch
001027-073567-00327-X,דימונה,הכלנית,25,,,exact,31.062198,35.032334,OK,31.062282,35.032276,"Kalanit St 25, Dimona, Israel",ZERO_RESULTS,,,,10.9,,,כלנית,25,mismatch,כלנית,25,mismatch,,,n/a,,,n/a,osm_fwd_ZERO_RESULTS;google_rev_at_govmap_mismatch;osm_rev_at_govmap_mismatch
001027-073567-00328-X,דימונה,"הלח""י",2,,,exact,31.072155,35.031039,OK,31.069419,35.033363,"Dimona, Israel",OK,31.072316,35.030891,"רחבת הלח""י, הנצחון, נווה גן, דימונה, נפת באר שבע, מחוז הדרום, 8604712, ישראל",375.8,22.8,398.6,רחבת ההגנה,1012,mismatch,"רחבת הלח""י",,partial,,,n/a,"רחבת הלח""י",1034,partial,google_rev_at_govmap_mismatch
001027-073567-00329-X,דימונה,"הלח""י",1,,,exact,31.072202,35.030818,OK,31.069419,35.033363,"Dimona, Israel",OK,31.072316,35.030891,"רחבת הלח""י, הנצחון, נווה גן, דימונה, נפת באר שבע, מחוז הדרום, 8604712, ישראל",392.7,14.5,398.6,רחבת ההגנה,1012,mismatch,"רחבת הלח""י",,partial,,,n/a,"רחבת הלח""י",1034,partial,google_rev_at_govmap_mismatch
001027-081924-00247-X,דימונה,המכבים,247,,8604124,exact,31.066039,35.036900,OK,31.065850,35.036914,"Maccabim St 247, Dimona, Israel",OK,31.066241,35.037137,"המכבים, גיורא יוספטל, נווה גן, דימונה, נפת באר שבע, מחוז הדרום, 8604712, ישראל",21.0,31.8,48.3,מכבים,247,mismatch,עזרא ונחמיה,,mismatch,,,n/a,מכבים,248,mismatch,google_rev_at_govmap_mismatch;osm_rev_at_govmap_mismatch;google_rev_at_osm_mismatch
001027-081924-00247-א,דימונה,המכבים,247,א,8604125,exact,31.066039,35.036900,OK,31.065850,35.036914,"Maccabim St 247, Dimona, Israel",OK,31.066241,35.037137,"המכבים, גיורא יוספטל, נווה גן, דימונה, נפת באר שבע, מחוז הדרום, 8604712, ישראל",21.0,31.8,48.3,מכבים,247,mismatch,עזרא ונחמיה,,mismatch,,,n/a,מכבים,248,mismatch,google_rev_at_govmap_mismatch;osm_rev_at_govmap_mismatch;google_rev_at_osm_mismatch
001027-081924-00247-ב,דימונה,המכבים,247,ב,8604126,exact,31.066039,35.036900,OK,31.065850,35.036914,"Maccabim St 247, Dimona, Israel",OK,31.066241,35.037137,"המכבים, גיורא יוספטל, נווה גן, דימונה, נפת באר שבע, מחוז הדרום, 8604712, ישראל",21.0,31.8,48.3,מכבים,247,mismatch,עזרא ונחמיה,,mismatch,,,n/a,מכבים,248,mismatch,google_rev_at_govmap_mismatch;osm_rev_at_govmap_mismatch;google_rev_at_osm_mismatch
001027-081924-00247-ג,דימונה,המכבים,247,ג,8604127,exact,31.066039,35.036900,OK,31.065850,35.036914,"Maccabim St 247, Dimona, Israel",OK,31.066241,35.037137,"המכבים, גיורא יוספטל, נווה גן, דימונה, נפת באר שבע, מחוז הדרום, 8604712, ישראל",21.0,31.8,48.3,מכבים,247,mismatch,עזרא ונחמיה,,mismatch,,,n/a,מכבים,248,mismatch,google_rev_at_govmap_mismatch;osm_rev_at_govmap_mismatch;google_rev_at_osm_mismatch
001027-081924-00247-ד,דימונה,המכבים,247,ד,8604128,exact,31.066039,35.036900,OK,31.065850,35.036914,"Maccabim St 247, Dimona, Israel",OK,31.066241,35.037137,"המכבים, גיורא יוספטל, נווה גן, דימונה, נפת באר שבע, מחוז הדרום, 8604712, ישראל",21.0,31.8,48.3,מכבים,247,mismatch,עזרא ונחמיה,,mismatch,,,n/a,מכבים,248,mismatch,google_rev_at_govmap_mismatch;osm_rev_at_govmap_mismatch;google_rev_at_osm_mismatch
001027-081924-00247-ו,דימונה,המכבים,247,ו,8604130,exact,31.066039,35.036900,OK,31.065850,35.036914,"Maccabim St 247, Dimona, Israel",OK,31.066241,35.037137,"המכבים, גיורא יוספטל, נווה גן, דימונה, נפת באר שבע, מחוז הדרום, 8604712, ישראל",21.0,31.8,48.3,מכבים,247,mismatch,עזרא ונחמיה,,mismatch,,,n/a,מכבים,248,mismatch,google_rev_at_govmap_mismatch;osm_rev_at_govmap_mismatch;google_rev_at_osm_mismatch
001027-081924-00247-ז,דימונה,המכבים,247,ז,8604131,exact,31.066039,35.036900,OK,31.065850,35.036914,"Maccabim St 247, Dimona, Israel",OK,31.066241,35.037137,"המכבים, גיורא יוספטל, נווה גן, דימונה, נפת באר שבע, מחוז הדרום, 8604712, ישראל",21.0,31.8,48.3,מכבים,247,mismatch,עזרא ונחמיה,,mismatch,,,n/a,מכבים,248,mismatch,google_rev_at_govmap_mismatch;osm_rev_at_govmap_mismatch;google_rev_at_osm_mismatch
001027-081924-00248-X,דימונה,המכבים,248,,8604132,exact,31.065959,35.037271,OK,31.066204,35.037264,"Maccabim St 248, Dimona, Israel",OK,31.066241,35.037137,"המכבים, גיורא יוספטל, נווה גן, דימונה, נפת באר שבע, מחוז הדרום, 8604712, ישראל",27.2,33.8,12.8,מתתיהו הכהן,248,mismatch,עזרא ונחמיה,,mismatch,,,n/a,מכבים,248,mismatch,google_rev_at_govmap_mismatch;osm_rev_at_govmap_mismatch;google_rev_at_osm_mismatch
001027-081924-00248-א,דימונה,המכבים,248,א,8604133,exact,31.065959,35.037271,OK,31.066204,35.037264,"Maccabim St 248, Dimona, Israel",OK,31.066241,35.037137,"המכבים, גיורא יוספטל, נווה גן, דימונה, נפת באר שבע, מחוז הדרום, 8604712, ישראל",27.2,33.8,12.8,מתתיהו הכהן,248,mismatch,עזרא ונחמיה,,mismatch,,,n/a,מכבים,248,mismatch,google_rev_at_govmap_mismatch;osm_rev_at_govmap_mismatch;google_rev_at_osm_mismatch
001027-081924-00248-ב,דימונה,המכבים,248,ב,8604134,exact,31.065959,35.037271,OK,31.066204,35.037264,"Maccabim St 248, Dimona, Israel",OK,31.066241,35.037137,"המכבים, גיורא יוספטל, נווה גן, דימונה, נפת באר שבע, מחוז הדרום, 8604712, ישראל",27.2,33.8,12.8,מתתיהו הכהן,248,mismatch,עזרא ונחמיה,,mismatch,,,n/a,מכבים,248,mismatch,google_rev_at_govmap_mismatch;osm_rev_at_govmap_mismatch;google_rev_at_osm_mismatch
001027-081924-00248-ג,דימונה,המכבים,248,ג,8604135,exact,31.065959,35.037271,OK,31.066204,35.037264,"Maccabim St 248, Dimona, Israel",OK,31.066241,35.037137,"המכבים, גיורא יוספטל, נווה גן, דימונה, נפת באר שבע, מחוז הדרום, 8604712, ישראל",27.2,33.8,12.8,מתתיהו הכהן,248,mismatch,עזרא ונחמיה,,mismatch,,,n/a,מכבים,248,mismatch,google_rev_at_govmap_mismatch;osm_rev_at_govmap_mismatch;google_rev_at_osm_mismatch
001027-081924-00248-ד,דימונה,המכבים,248,ד,8604136,exact,31.065959,35.037271,OK,31.066204,35.037264,"Maccabim St 248, Dimona, Israel",OK,31.066241,35.037137,"המכבים, גיורא יוספטל, נווה גן, דימונה, נפת באר שבע, מחוז הדרום, 8604712, ישראל",27.2,33.8,12.8,מתתיהו הכהן,248,mismatch,עזרא ונחמיה,,mismatch,,,n/a,מכבים,248,mismatch,google_rev_at_govmap_mismatch;osm_rev_at_govmap_mismatch;google_rev_at_osm_mismatch
001027-081924-00248-ה,דימונה,המכבים,248,ה,8604137,exact,31.065959,35.037271,OK,31.066204,35.037264,"Maccabim St 248, Dimona, Israel",OK,31.066241,35.037137,"המכבים, גיורא יוספטל, נווה גן, דימונה, נפת באר שבע, מחוז הדרום, 8604712, ישראל",27.2,33.8,12.8,מתתיהו הכהן,248,mismatch,עזרא ונחמיה,,mismatch,,,n/a,מכבים,248,mismatch,google_rev_at_govmap_mismatch;osm_rev_at_govmap_mismatch;google_rev_at_osm_mismatch
001027-081924-00248-ז,דימונה,המכבים,248,ז,8604139,exact,31.065959,35.037271,OK,31.066204,35.037264,"Maccabim St 248, Dimona, Israel",OK,31.066241,35.037137,"המכבים, גיורא יוספטל, נווה גן, דימונה, נפת באר שבע, מחוז הדרום, 8604712, ישראל",27.2,33.8,12.8,מתתיהו הכהן,248,mismatch,עזרא ונחמיה,,mismatch,,,n/a,מכבים,248,mismatch,google_rev_at_govmap_mismatch;osm_rev_at_govmap_mismatch;google_rev_at_osm_mismatch
001027-073567-00332-X,דימונה,המכבים,246,,,none,,,OK,31.066676,35.036853,"Maccabim St 246, Dimona, Israel",OK,31.066241,35.037137,"המכבים, גיורא יוספטל, נווה גן, דימונה, נפת באר שבע, מחוז הדרום, 8604712, ישראל",,,55.3,,,n/a,,,n/a,עזרא ונחמיה,,mismatch,מכבים,248,mismatch,govmap_missing;osm_rev_at_google_mismatch;google_rev_at_osm_mismatch
001027-073567-00333-X,דימונה,המכתש,26,,,exact,31.058311,35.027575,OK,31.058303,35.027510,"HaMachtesh St 26, Dimona, Israel",OK,31.058935,35.027198,"המכתש, ערבה, נווה גן, דימונה, נפת באר שבע, מחוז הדרום, 8604712, ישראל",6.3,77.9,76.1,המכתש,26,match,המכתש,,partial,,,n/a,המכתש,14,partial,
001027-073567-00334-X,דימונה,המכתש,15,,,exact,31.058055,35.028322,OK,31.059210,35.028558,"HaMachtesh St 15, Dimona, Israel",OK,31.058935,35.027198,"המכתש, ערבה, נווה גן, דימונה, נפת באר שבע, מחוז הדרום, 8604712, ישראל",130.0,145.0,133.4,המכתש,36,partial,המכתש,,partial,,,n/a,המכתש,14,partial,
001027-073567-00335-X,דימונה,המכתש,34,,,exact,31.057927,35.027862,OK,31.057908,35.027852,"HaMachtesh St 34, Dimona, Israel",OK,31.058935,35.027198,"המכתש, ערבה, נווה גן, דימונה, נפת באר שבע, מחוז הדרום, 8604712, ישראל",2.4,128.4,129.8,המכתש,34,match,המכתש,,partial,,,n/a,המכתש,14,partial,
001027-073567-00336-X,דימונה,המכתש,21,,,exact,31.057889,35.028437,OK,31.058595,35.028811,"HaMachtesh St 21, Dimona, Israel",OK,31.058935,35.027198,"המכתש, ערבה, נווה גן, דימונה, נפת באר שבע, מחוז הדרום, 8604712, ישראל",86.0,165.6,158.6,המכתש,35,partial,המכתש,,partial,,,n/a,המכתש,14,partial,
001027-073567-00337-X,דימונה,המכתש,11,,,exact,31.058435,35.027723,OK,31.058440,35.027709,"HaMachtesh St 11, Dimona, Israel",OK,31.058935,35.027198,"המכתש, ערבה, נווה גן, דימונה, נפת באר שבע, מחוז הדרום, 8604712, ישראל",1.5,74.7,73.4,המכתש,11,match,המכתש,,partial,,,n/a,המכתש,14,partial,
001027-073567-00338-X,דימונה,המכתש,32,,,exact,31.057997,35.027781,OK,31.058018,35.027752,"HaMachtesh St 32, Dimona, Israel",OK,31.058935,35.027198,"המכתש, ערבה, נווה גן, דימונה, נפת באר שבע, מחוז הדרום, 8604712, ישראל",3.6,117.9,114.6,המכתש,32,match,המכתש,,partial,,,n/a,המכתש,14,partial,
